-0.9552992895179929 -0.8944638439412759 -0.9208769748116976 -0.37549421057753 -0.37549421057753 -0.3496649284218384 -0.30897482909888896 -0.30897482909888896 -0.30897482909888896 -0.30897482909888896 -0.30897482909888896 -0.30897482909888896 -0.30897482909888896 -0.30897482909888896 -0.37549421057753 -0.37549421057753 -0.37549421057753 -0.37549421057753 -0.37549421057753 -0.37549421057753 -0.37549421057753 -0.37549421057753 -0.37549421057753 -0.37549421057753 -0.37549421057753 -0.37549421057753 -0.37549421057753 -0.5005755552017193 -0.37549421057753 -0.37549421057753 -0.37549421057753 -0.3525639817954666 -0.3496649284218384 -0.37549421057753 -0.43060689229585053 -0.37549421057753 -0.37549421057753 -0.40953441448426087 -0.37549421057753 -0.37549421057753 -0.37549421057753 -0.37549421057753 -0.37549421057753 -0.3882125381967552 -0.2227904376850139 -0.37372239648288885 -0.2218189456189699 -0.37372239648288885 -0.3710109682844346 -0.2227904376850139 -0.2218189456189699 -0.30897482909888896 -0.2227904376850139 -0.2227904376850139 -0.2218189456189699 -0.2218189456189699 -0.2110487279104331 -0.2110487279104331 -0.24899885862399332 -0.2227904376850139 -0.2218189456189699 -0.3067879884059045 -0.30843548053373016 -0.2227904376850139 -0.27763172978924355 -0.27763172978924355 -0.2227904376850139 -0.2218189456189699 -0.27059776400599217 -0.25510801226391805 -0.11488510854937604 -0.2392236796679184 -0.22528703886368956 -0.16772262345169592 -0.17009340280826366 -0.16344567863545403 -0.16344567863545403 -0.13642057840558366 -0.1398543477810974 -0.1312501554435824 -0.1312501554435824 -0.1312501554435824 -0.1312454863055193 -0.1293998392943914 -0.11285512384850732 -0.1177798987886289 -0.11676128308944539 -0.1167768667529405 -0.10721836682096643 -0.10199537893281267 -0.10609732429418989 -0.09239992882480158 -0.028668262276330708 -0.029555878357564007
-0.8944638439412759 -0.9274336157115185 -0.8944638439412759 -0.37549421057753 -0.37549421057753 -0.3496649284218384 -0.30897482909888896 -0.30897482909888896 -0.30897482909888896 -0.30897482909888896 -0.30897482909888896 -0.30897482909888896 -0.30897482909888896 -0.30897482909888896 -0.37549421057753 -0.37549421057753 -0.37549421057753 -0.37549421057753 -0.37549421057753 -0.37549421057753 -0.37549421057753 -0.37549421057753 -0.37549421057753 -0.37549421057753 -0.37549421057753 -0.37549421057753 -0.37549421057753 -0.5005755552017193 -0.37549421057753 -0.37549421057753 -0.37549421057753 -0.3525639817954666 -0.3496649284218384 -0.37549421057753 -0.43060689229585053 -0.37549421057753 -0.37549421057753 -0.40953441448426087 -0.37549421057753 -0.37549421057753 -0.37549421057753 -0.37549421057753 -0.37549421057753 -0.3882125381967552 -0.2227904376850139 -0.37372239648288885 -0.2218189456189699 -0.37372239648288885 -0.3710109682844346 -0.2227904376850139 -0.2218189456189699 -0.30897482909888896 -0.2227904376850139 -0.2227904376850139 -0.2218189456189699 -0.2218189456189699 -0.2110487279104331 -0.2110487279104331 -0.24899885862399332 -0.2227904376850139 -0.2218189456189699 -0.3067879884059045 -0.30843548053373016 -0.2227904376850139 -0.27763172978924355 -0.27763172978924355 -0.2227904376850139 -0.2218189456189699 -0.27059776400599217 -0.25510801226391805 -0.11488510854937604 -0.2392236796679184 -0.22528703886368956 -0.16772262345169592 -0.17009340280826366 -0.16344567863545403 -0.16344567863545403 -0.13642057840558366 -0.1398543477810974 -0.1312501554435824 -0.1312501554435824 -0.1312501554435824 -0.1312454863055193 -0.1293998392943914 -0.11285512384850732 -0.1177798987886289 -0.11676128308944539 -0.1167768667529405 -0.10721836682096643 -0.10199537893281267 -0.10609732429418989 -0.09239992882480158 -0.028668262276330708 -0.029555878357564007
-0.9208769748116976 -0.8944638439412759 -0.9239619944552155 -0.37549421057753 -0.37549421057753 -0.3496649284218384 -0.30897482909888896 -0.30897482909888896 -0.30897482909888896 -0.30897482909888896 -0.30897482909888896 -0.30897482909888896 -0.30897482909888896 -0.30897482909888896 -0.37549421057753 -0.37549421057753 -0.37549421057753 -0.37549421057753 -0.37549421057753 -0.37549421057753 -0.37549421057753 -0.37549421057753 -0.37549421057753 -0.37549421057753 -0.37549421057753 -0.37549421057753 -0.37549421057753 -0.5005755552017193 -0.37549421057753 -0.37549421057753 -0.37549421057753 -0.3525639817954666 -0.3496649284218384 -0.37549421057753 -0.43060689229585053 -0.37549421057753 -0.37549421057753 -0.40953441448426087 -0.37549421057753 -0.37549421057753 -0.37549421057753 -0.37549421057753 -0.37549421057753 -0.3882125381967552 -0.2227904376850139 -0.37372239648288885 -0.2218189456189699 -0.37372239648288885 -0.3710109682844346 -0.2227904376850139 -0.2218189456189699 -0.30897482909888896 -0.2227904376850139 -0.2227904376850139 -0.2218189456189699 -0.2218189456189699 -0.2110487279104331 -0.2110487279104331 -0.24899885862399332 -0.2227904376850139 -0.2218189456189699 -0.3067879884059045 -0.30843548053373016 -0.2227904376850139 -0.27763172978924355 -0.27763172978924355 -0.2227904376850139 -0.2218189456189699 -0.27059776400599217 -0.25510801226391805 -0.11488510854937604 -0.2392236796679184 -0.22528703886368956 -0.16772262345169592 -0.17009340280826366 -0.16344567863545403 -0.16344567863545403 -0.13642057840558366 -0.1398543477810974 -0.1312501554435824 -0.1312501554435824 -0.1312501554435824 -0.1312454863055193 -0.1293998392943914 -0.11285512384850732 -0.1177798987886289 -0.11676128308944539 -0.1167768667529405 -0.10721836682096643 -0.10199537893281267 -0.10609732429418989 -0.09239992882480158 -0.028668262276330708 -0.029555878357564007
-0.37549421057753 -0.37549421057753 -0.37549421057753 -0.7932141110532245 -0.7518552229457458 -0.3496649284218384 -0.30897482909888896 -0.30897482909888896 -0.30897482909888896 -0.30897482909888896 -0.30897482909888896 -0.30897482909888896 -0.30897482909888896 -0.30897482909888896 -0.6174231114648278 -0.586606713428565 -0.39611957579623713 -0.4813638309162791 -0.4813638309162791 -0.47367998877292994 -0.4875167672475906 -0.4875167672475906 -0.4813638309162791 -0.4813638309162791 -0.4813638309162791 -0.4813638309162791 -0.4813638309162791 -0.37549421057753 -0.39611957579623713 -0.39611957579623713 -0.4889687719851215 -0.3525639817954666 -0.3496649284218384 -0.4021000983989584 -0.37549421057753 -0.42910390701954004 -0.4021000983989584 -0.37549421057753 -0.40318134633137653 -0.39611957579623713 -0.39611957579623713 -0.39611957579623713 -0.3849799277007823 -0.37549421057753 -0.2227904376850139 -0.37372239648288885 -0.2218189456189699 -0.37372239648288885 -0.3710109682844346 -0.2227904376850139 -0.2218189456189699 -0.30897482909888896 -0.2227904376850139 -0.2227904376850139 -0.2218189456189699 -0.2218189456189699 -0.2110487279104331 -0.2110487279104331 -0.24899885862399332 -0.2227904376850139 -0.2218189456189699 -0.3067879884059045 -0.30843548053373016 -0.2227904376850139 -0.27763172978924355 -0.27763172978924355 -0.2227904376850139 -0.2218189456189699 -0.27059776400599217 -0.25510801226391805 -0.11488510854937604 -0.2392236796679184 -0.22528703886368956 -0.16772262345169592 -0.17009340280826366 -0.16344567863545403 -0.16344567863545403 -0.13642057840558366 -0.1398543477810974 -0.1312501554435824 -0.1312501554435824 -0.1312501554435824 -0.1312454863055193 -0.1293998392943914 -0.11285512384850732 -0.1177798987886289 -0.11676128308944539 -0.1167768667529405 -0.10721836682096643 -0.10199537893281267 -0.10609732429418989 -0.09239992882480158 -0.028668262276330708 -0.029555878357564007
-0.37549421057753 -0.37549421057753 -0.37549421057753 -0.7518552229457458 -0.7795718131021785 -0.3496649284218384 -0.30897482909888896 -0.30897482909888896 -0.30897482909888896 -0.30897482909888896 -0.30897482909888896 -0.30897482909888896 -0.30897482909888896 -0.30897482909888896 -0.6174231114648278 -0.586606713428565 -0.39611957579623713 -0.4813638309162791 -0.4813638309162791 -0.47367998877292994 -0.4875167672475906 -0.4875167672475906 -0.4813638309162791 -0.4813638309162791 -0.4813638309162791 -0.4813638309162791 -0.4813638309162791 -0.37549421057753 -0.39611957579623713 -0.39611957579623713 -0.4889687719851215 -0.3525639817954666 -0.3496649284218384 -0.4021000983989584 -0.37549421057753 -0.42910390701954004 -0.4021000983989584 -0.37549421057753 -0.40318134633137653 -0.39611957579623713 -0.39611957579623713 -0.39611957579623713 -0.3849799277007823 -0.37549421057753 -0.2227904376850139 -0.37372239648288885 -0.2218189456189699 -0.37372239648288885 -0.3710109682844346 -0.2227904376850139 -0.2218189456189699 -0.30897482909888896 -0.2227904376850139 -0.2227904376850139 -0.2218189456189699 -0.2218189456189699 -0.2110487279104331 -0.2110487279104331 -0.24899885862399332 -0.2227904376850139 -0.2218189456189699 -0.3067879884059045 -0.30843548053373016 -0.2227904376850139 -0.27763172978924355 -0.27763172978924355 -0.2227904376850139 -0.2218189456189699 -0.27059776400599217 -0.25510801226391805 -0.11488510854937604 -0.2392236796679184 -0.22528703886368956 -0.16772262345169592 -0.17009340280826366 -0.16344567863545403 -0.16344567863545403 -0.13642057840558366 -0.1398543477810974 -0.1312501554435824 -0.1312501554435824 -0.1312501554435824 -0.1312454863055193 -0.1293998392943914 -0.11285512384850732 -0.1177798987886289 -0.11676128308944539 -0.1167768667529405 -0.10721836682096643 -0.10199537893281267 -0.10609732429418989 -0.09239992882480158 -0.028668262276330708 -0.029555878357564007
-0.3496649284218384 -0.3496649284218384 -0.3496649284218384 -0.3496649284218384 -0.3496649284218384 -0.7301080565891456 -0.30897482909888896 -0.30897482909888896 -0.30897482909888896 -0.30897482909888896 -0.30897482909888896 -0.30897482909888896 -0.30897482909888896 -0.30897482909888896 -0.3496649284218384 -0.3496649284218384 -0.3496649284218384 -0.3496649284218384 -0.3496649284218384 -0.3496649284218384 -0.3496649284218384 -0.3496649284218384 -0.3496649284218384 -0.3496649284218384 -0.3496649284218384 -0.3496649284218384 -0.3496649284218384 -0.3496649284218384 -0.3496649284218384 -0.3496649284218384 -0.3496649284218384 -0.3496649284218384 -0.4212713173003296 -0.3496649284218384 -0.3496649284218384 -0.3496649284218384 -0.3496649284218384 -0.3496649284218384 -0.3496649284218384 -0.3496649284218384 -0.3496649284218384 -0.3496649284218384 -0.3496649284218384 -0.3496649284218384 -0.2227904376850139 -0.3496649284218384 -0.2218189456189699 -0.3496649284218384 -0.3496649284218384 -0.2227904376850139 -0.2218189456189699 -0.30897482909888896 -0.2227904376850139 -0.2227904376850139 -0.2218189456189699 -0.2218189456189699 -0.2110487279104331 -0.2110487279104331 -0.24899885862399332 -0.2227904376850139 -0.2218189456189699 -0.3067879884059045 -0.30843548053373016 -0.2227904376850139 -0.27763172978924355 -0.27763172978924355 -0.2227904376850139 -0.2218189456189699 -0.27059776400599217 -0.25510801226391805 -0.11488510854937604 -0.2392236796679184 -0.22528703886368956 -0.16772262345169592 -0.17009340280826366 -0.16344567863545403 -0.16344567863545403 -0.13642057840558366 -0.1398543477810974 -0.1312501554435824 -0.1312501554435824 -0.1312501554435824 -0.1312454863055193 -0.1293998392943914 -0.11285512384850732 -0.1177798987886289 -0.11676128308944539 -0.1167768667529405 -0.10721836682096643 -0.10199537893281267 -0.10609732429418989 -0.09239992882480158 -0.028668262276330708 -0.029555878357564007
-0.30897482909888896 -0.30897482909888896 -0.30897482909888896 -0.30897482909888896 -0.30897482909888896 -0.30897482909888896 -0.7008603827148948 -0.6663451882868208 -0.668475121847556 -0.6663451882868208 -0.6341150021670152 -0.6144990705313582 -0.6341150021670152 -0.6144990705313582 -0.30897482909888896 -0.30897482909888896 -0.30897482909888896 -0.30897482909888896 -0.30897482909888896 -0.30897482909888896 -0.30897482909888896 -0.30897482909888896 -0.30897482909888896 -0.30897482909888896 -0.30897482909888896 -0.30897482909888896 -0.30897482909888896 -0.30897482909888896 -0.30897482909888896 -0.30897482909888896 -0.30897482909888896 -0.30897482909888896 -0.30897482909888896 -0.30897482909888896 -0.30897482909888896 -0.30897482909888896 -0.30897482909888896 -0.30897482909888896 -0.30897482909888896 -0.30897482909888896 -0.30897482909888896 -0.30897482909888896 -0.30897482909888896 -0.30897482909888896 -0.2227904376850139 -0.30897482909888896 -0.2218189456189699 -0.30897482909888896 -0.30897482909888896 -0.2227904376850139 -0.2218189456189699 -0.34412438970452974 -0.2227904376850139 -0.2227904376850139 -0.2218189456189699 -0.2218189456189699 -0.2110487279104331 -0.2110487279104331 -0.24899885862399332 -0.2227904376850139 -0.2218189456189699 -0.3067879884059045 -0.30843548053373016 -0.2227904376850139 -0.27763172978924355 -0.27763172978924355 -0.2227904376850139 -0.2218189456189699 -0.27059776400599217 -0.25510801226391805 -0.11488510854937604 -0.2392236796679184 -0.22528703886368956 -0.16772262345169592 -0.17009340280826366 -0.16344567863545403 -0.16344567863545403 -0.13642057840558366 -0.1398543477810974 -0.1312501554435824 -0.1312501554435824 -0.1312501554435824 -0.1312454863055193 -0.1293998392943914 -0.11285512384850732 -0.1177798987886289 -0.11676128308944539 -0.1167768667529405 -0.10721836682096643 -0.10199537893281267 -0.10609732429418989 -0.09239992882480158 -0.028668262276330708 -0.029555878357564007
-0.30897482909888896 -0.30897482909888896 -0.30897482909888896 -0.30897482909888896 -0.30897482909888896 -0.30897482909888896 -0.6663451882868208 -0.6908049677373825 -0.6663451882868208 -0.6786889166513386 -0.6341150021670152 -0.6144990705313582 -0.6341150021670152 -0.6144990705313582 -0.30897482909888896 -0.30897482909888896 -0.30897482909888896 -0.30897482909888896 -0.30897482909888896 -0.30897482909888896 -0.30897482909888896 -0.30897482909888896 -0.30897482909888896 -0.30897482909888896 -0.30897482909888896 -0.30897482909888896 -0.30897482909888896 -0.30897482909888896 -0.30897482909888896 -0.30897482909888896 -0.30897482909888896 -0.30897482909888896 -0.30897482909888896 -0.30897482909888896 -0.30897482909888896 -0.30897482909888896 -0.30897482909888896 -0.30897482909888896 -0.30897482909888896 -0.30897482909888896 -0.30897482909888896 -0.30897482909888896 -0.30897482909888896 -0.30897482909888896 -0.2227904376850139 -0.30897482909888896 -0.2218189456189699 -0.30897482909888896 -0.30897482909888896 -0.2227904376850139 -0.2218189456189699 -0.34412438970452974 -0.2227904376850139 -0.2227904376850139 -0.2218189456189699 -0.2218189456189699 -0.2110487279104331 -0.2110487279104331 -0.24899885862399332 -0.2227904376850139 -0.2218189456189699 -0.3067879884059045 -0.30843548053373016 -0.2227904376850139 -0.27763172978924355 -0.27763172978924355 -0.2227904376850139 -0.2218189456189699 -0.27059776400599217 -0.25510801226391805 -0.11488510854937604 -0.2392236796679184 -0.22528703886368956 -0.16772262345169592 -0.17009340280826366 -0.16344567863545403 -0.16344567863545403 -0.13642057840558366 -0.1398543477810974 -0.1312501554435824 -0.1312501554435824 -0.1312501554435824 -0.1312454863055193 -0.1293998392943914 -0.11285512384850732 -0.1177798987886289 -0.11676128308944539 -0.1167768667529405 -0.10721836682096643 -0.10199537893281267 -0.10609732429418989 -0.09239992882480158 -0.028668262276330708 -0.029555878357564007
-0.30897482909888896 -0.30897482909888896 -0.30897482909888896 -0.30897482909888896 -0.30897482909888896 -0.30897482909888896 -0.668475121847556 -0.6663451882868208 -0.6847891555495497 -0.6663451882868208 -0.6341150021670152 -0.6144990705313582 -0.6341150021670152 -0.6144990705313582 -0.30897482909888896 -0.30897482909888896 -0.30897482909888896 -0.30897482909888896 -0.30897482909888896 -0.30897482909888896 -0.30897482909888896 -0.30897482909888896 -0.30897482909888896 -0.30897482909888896 -0.30897482909888896 -0.30897482909888896 -0.30897482909888896 -0.30897482909888896 -0.30897482909888896 -0.30897482909888896 -0.30897482909888896 -0.30897482909888896 -0.30897482909888896 -0.30897482909888896 -0.30897482909888896 -0.30897482909888896 -0.30897482909888896 -0.30897482909888896 -0.30897482909888896 -0.30897482909888896 -0.30897482909888896 -0.30897482909888896 -0.30897482909888896 -0.30897482909888896 -0.2227904376850139 -0.30897482909888896 -0.2218189456189699 -0.30897482909888896 -0.30897482909888896 -0.2227904376850139 -0.2218189456189699 -0.34412438970452974 -0.2227904376850139 -0.2227904376850139 -0.2218189456189699 -0.2218189456189699 -0.2110487279104331 -0.2110487279104331 -0.24899885862399332 -0.2227904376850139 -0.2218189456189699 -0.3067879884059045 -0.30843548053373016 -0.2227904376850139 -0.27763172978924355 -0.27763172978924355 -0.2227904376850139 -0.2218189456189699 -0.27059776400599217 -0.25510801226391805 -0.11488510854937604 -0.2392236796679184 -0.22528703886368956 -0.16772262345169592 -0.17009340280826366 -0.16344567863545403 -0.16344567863545403 -0.13642057840558366 -0.1398543477810974 -0.1312501554435824 -0.1312501554435824 -0.1312501554435824 -0.1312454863055193 -0.1293998392943914 -0.11285512384850732 -0.1177798987886289 -0.11676128308944539 -0.1167768667529405 -0.10721836682096643 -0.10199537893281267 -0.10609732429418989 -0.09239992882480158 -0.028668262276330708 -0.029555878357564007
-0.30897482909888896 -0.30897482909888896 -0.30897482909888896 -0.30897482909888896 -0.30897482909888896 -0.30897482909888896 -0.6663451882868208 -0.6786889166513386 -0.6663451882868208 -0.6843699898692703 -0.6341150021670152 -0.6144990705313582 -0.6341150021670152 -0.6144990705313582 -0.30897482909888896 -0.30897482909888896 -0.30897482909888896 -0.30897482909888896 -0.30897482909888896 -0.30897482909888896 -0.30897482909888896 -0.30897482909888896 -0.30897482909888896 -0.30897482909888896 -0.30897482909888896 -0.30897482909888896 -0.30897482909888896 -0.30897482909888896 -0.30897482909888896 -0.30897482909888896 -0.30897482909888896 -0.30897482909888896 -0.30897482909888896 -0.30897482909888896 -0.30897482909888896 -0.30897482909888896 -0.30897482909888896 -0.30897482909888896 -0.30897482909888896 -0.30897482909888896 -0.30897482909888896 -0.30897482909888896 -0.30897482909888896 -0.30897482909888896 -0.2227904376850139 -0.30897482909888896 -0.2218189456189699 -0.30897482909888896 -0.30897482909888896 -0.2227904376850139 -0.2218189456189699 -0.34412438970452974 -0.2227904376850139 -0.2227904376850139 -0.2218189456189699 -0.2218189456189699 -0.2110487279104331 -0.2110487279104331 -0.24899885862399332 -0.2227904376850139 -0.2218189456189699 -0.3067879884059045 -0.30843548053373016 -0.2227904376850139 -0.27763172978924355 -0.27763172978924355 -0.2227904376850139 -0.2218189456189699 -0.27059776400599217 -0.25510801226391805 -0.11488510854937604 -0.2392236796679184 -0.22528703886368956 -0.16772262345169592 -0.17009340280826366 -0.16344567863545403 -0.16344567863545403 -0.13642057840558366 -0.1398543477810974 -0.1312501554435824 -0.1312501554435824 -0.1312501554435824 -0.1312454863055193 -0.1293998392943914 -0.11285512384850732 -0.1177798987886289 -0.11676128308944539 -0.1167768667529405 -0.10721836682096643 -0.10199537893281267 -0.10609732429418989 -0.09239992882480158 -0.028668262276330708 -0.029555878357564007
-0.30897482909888896 -0.30897482909888896 -0.30897482909888896 -0.30897482909888896 -0.30897482909888896 -0.30897482909888896 -0.6341150021670152 -0.6341150021670152 -0.6341150021670152 -0.6341150021670152 -0.672916737957179 -0.6144990705313582 -0.6424375132360401 -0.6144990705313582 -0.30897482909888896 -0.30897482909888896 -0.30897482909888896 -0.30897482909888896 -0.30897482909888896 -0.30897482909888896 -0.30897482909888896 -0.30897482909888896 -0.30897482909888896 -0.30897482909888896 -0.30897482909888896 -0.30897482909888896 -0.30897482909888896 -0.30897482909888896 -0.30897482909888896 -0.30897482909888896 -0.30897482909888896 -0.30897482909888896 -0.30897482909888896 -0.30897482909888896 -0.30897482909888896 -0.30897482909888896 -0.30897482909888896 -0.30897482909888896 -0.30897482909888896 -0.30897482909888896 -0.30897482909888896 -0.30897482909888896 -0.30897482909888896 -0.30897482909888896 -0.2227904376850139 -0.30897482909888896 -0.2218189456189699 -0.30897482909888896 -0.30897482909888896 -0.2227904376850139 -0.2218189456189699 -0.34412438970452974 -0.2227904376850139 -0.2227904376850139 -0.2218189456189699 -0.2218189456189699 -0.2110487279104331 -0.2110487279104331 -0.24899885862399332 -0.2227904376850139 -0.2218189456189699 -0.3067879884059045 -0.30843548053373016 -0.2227904376850139 -0.27763172978924355 -0.27763172978924355 -0.2227904376850139 -0.2218189456189699 -0.27059776400599217 -0.25510801226391805 -0.11488510854937604 -0.2392236796679184 -0.22528703886368956 -0.16772262345169592 -0.17009340280826366 -0.16344567863545403 -0.16344567863545403 -0.13642057840558366 -0.1398543477810974 -0.1312501554435824 -0.1312501554435824 -0.1312501554435824 -0.1312454863055193 -0.1293998392943914 -0.11285512384850732 -0.1177798987886289 -0.11676128308944539 -0.1167768667529405 -0.10721836682096643 -0.10199537893281267 -0.10609732429418989 -0.09239992882480158 -0.028668262276330708 -0.029555878357564007
-0.30897482909888896 -0.30897482909888896 -0.30897482909888896 -0.30897482909888896 -0.30897482909888896 -0.30897482909888896 -0.6144990705313582 -0.6144990705313582 -0.6144990705313582 -0.6144990705313582 -0.6144990705313582 -0.6630997696183014 -0.6144990705313582 -0.618613558435758 -0.30897482909888896 -0.30897482909888896 -0.30897482909888896 -0.30897482909888896 -0.30897482909888896 -0.30897482909888896 -0.30897482909888896 -0.30897482909888896 -0.30897482909888896 -0.30897482909888896 -0.30897482909888896 -0.30897482909888896 -0.30897482909888896 -0.30897482909888896 -0.30897482909888896 -0.30897482909888896 -0.30897482909888896 -0.30897482909888896 -0.30897482909888896 -0.30897482909888896 -0.30897482909888896 -0.30897482909888896 -0.30897482909888896 -0.30897482909888896 -0.30897482909888896 -0.30897482909888896 -0.30897482909888896 -0.30897482909888896 -0.30897482909888896 -0.30897482909888896 -0.2227904376850139 -0.30897482909888896 -0.2218189456189699 -0.30897482909888896 -0.30897482909888896 -0.2227904376850139 -0.2218189456189699 -0.34412438970452974 -0.2227904376850139 -0.2227904376850139 -0.2218189456189699 -0.2218189456189699 -0.2110487279104331 -0.2110487279104331 -0.24899885862399332 -0.2227904376850139 -0.2218189456189699 -0.3067879884059045 -0.30843548053373016 -0.2227904376850139 -0.27763172978924355 -0.27763172978924355 -0.2227904376850139 -0.2218189456189699 -0.27059776400599217 -0.25510801226391805 -0.11488510854937604 -0.2392236796679184 -0.22528703886368956 -0.16772262345169592 -0.17009340280826366 -0.16344567863545403 -0.16344567863545403 -0.13642057840558366 -0.1398543477810974 -0.1312501554435824 -0.1312501554435824 -0.1312501554435824 -0.1312454863055193 -0.1293998392943914 -0.11285512384850732 -0.1177798987886289 -0.11676128308944539 -0.1167768667529405 -0.10721836682096643 -0.10199537893281267 -0.10609732429418989 -0.09239992882480158 -0.028668262276330708 -0.029555878357564007
-0.30897482909888896 -0.30897482909888896 -0.30897482909888896 -0.30897482909888896 -0.30897482909888896 -0.30897482909888896 -0.6341150021670152 -0.6341150021670152 -0.6341150021670152 -0.6341150021670152 -0.6424375132360401 -0.6144990705313582 -0.6576762165603001 -0.6144990705313582 -0.30897482909888896 -0.30897482909888896 -0.30897482909888896 -0.30897482909888896 -0.30897482909888896 -0.30897482909888896 -0.30897482909888896 -0.30897482909888896 -0.30897482909888896 -0.30897482909888896 -0.30897482909888896 -0.30897482909888896 -0.30897482909888896 -0.30897482909888896 -0.30897482909888896 -0.30897482909888896 -0.30897482909888896 -0.30897482909888896 -0.30897482909888896 -0.30897482909888896 -0.30897482909888896 -0.30897482909888896 -0.30897482909888896 -0.30897482909888896 -0.30897482909888896 -0.30897482909888896 -0.30897482909888896 -0.30897482909888896 -0.30897482909888896 -0.30897482909888896 -0.2227904376850139 -0.30897482909888896 -0.2218189456189699 -0.30897482909888896 -0.30897482909888896 -0.2227904376850139 -0.2218189456189699 -0.34412438970452974 -0.2227904376850139 -0.2227904376850139 -0.2218189456189699 -0.2218189456189699 -0.2110487279104331 -0.2110487279104331 -0.24899885862399332 -0.2227904376850139 -0.2218189456189699 -0.3067879884059045 -0.30843548053373016 -0.2227904376850139 -0.27763172978924355 -0.27763172978924355 -0.2227904376850139 -0.2218189456189699 -0.27059776400599217 -0.25510801226391805 -0.11488510854937604 -0.2392236796679184 -0.22528703886368956 -0.16772262345169592 -0.17009340280826366 -0.16344567863545403 -0.16344567863545403 -0.13642057840558366 -0.1398543477810974 -0.1312501554435824 -0.1312501554435824 -0.1312501554435824 -0.1312454863055193 -0.1293998392943914 -0.11285512384850732 -0.1177798987886289 -0.11676128308944539 -0.1167768667529405 -0.10721836682096643 -0.10199537893281267 -0.10609732429418989 -0.09239992882480158 -0.028668262276330708 -0.029555878357564007
-0.30897482909888896 -0.30897482909888896 -0.30897482909888896 -0.30897482909888896 -0.30897482909888896 -0.30897482909888896 -0.6144990705313582 -0.6144990705313582 -0.6144990705313582 -0.6144990705313582 -0.6144990705313582 -0.618613558435758 -0.6144990705313582 -0.6450586427037108 -0.30897482909888896 -0.30897482909888896 -0.30897482909888896 -0.30897482909888896 -0.30897482909888896 -0.30897482909888896 -0.30897482909888896 -0.30897482909888896 -0.30897482909888896 -0.30897482909888896 -0.30897482909888896 -0.30897482909888896 -0.30897482909888896 -0.30897482909888896 -0.30897482909888896 -0.30897482909888896 -0.30897482909888896 -0.30897482909888896 -0.30897482909888896 -0.30897482909888896 -0.30897482909888896 -0.30897482909888896 -0.30897482909888896 -0.30897482909888896 -0.30897482909888896 -0.30897482909888896 -0.30897482909888896 -0.30897482909888896 -0.30897482909888896 -0.30897482909888896 -0.2227904376850139 -0.30897482909888896 -0.2218189456189699 -0.30897482909888896 -0.30897482909888896 -0.2227904376850139 -0.2218189456189699 -0.34412438970452974 -0.2227904376850139 -0.2227904376850139 -0.2218189456189699 -0.2218189456189699 -0.2110487279104331 -0.2110487279104331 -0.24899885862399332 -0.2227904376850139 -0.2218189456189699 -0.3067879884059045 -0.30843548053373016 -0.2227904376850139 -0.27763172978924355 -0.27763172978924355 -0.2227904376850139 -0.2218189456189699 -0.27059776400599217 -0.25510801226391805 -0.11488510854937604 -0.2392236796679184 -0.22528703886368956 -0.16772262345169592 -0.17009340280826366 -0.16344567863545403 -0.16344567863545403 -0.13642057840558366 -0.1398543477810974 -0.1312501554435824 -0.1312501554435824 -0.1312501554435824 -0.1312454863055193 -0.1293998392943914 -0.11285512384850732 -0.1177798987886289 -0.11676128308944539 -0.1167768667529405 -0.10721836682096643 -0.10199537893281267 -0.10609732429418989 -0.09239992882480158 -0.028668262276330708 -0.029555878357564007
-0.37549421057753 -0.37549421057753 -0.37549421057753 -0.6174231114648278 -0.6174231114648278 -0.3496649284218384 -0.30897482909888896 -0.30897482909888896 -0.30897482909888896 -0.30897482909888896 -0.30897482909888896 -0.30897482909888896 -0.30897482909888896 -0.30897482909888896 -0.6325089028013334 -0.586606713428565 -0.39611957579623713 -0.4813638309162791 -0.4813638309162791 -0.47367998877292994 -0.4875167672475906 -0.4875167672475906 -0.4813638309162791 -0.4813638309162791 -0.4813638309162791 -0.4813638309162791 -0.4813638309162791 -0.37549421057753 -0.39611957579623713 -0.39611957579623713 -0.4889687719851215 -0.3525639817954666 -0.3496649284218384 -0.4021000983989584 -0.37549421057753 -0.42910390701954004 -0.4021000983989584 -0.37549421057753 -0.40318134633137653 -0.39611957579623713 -0.39611957579623713 -0.39611957579623713 -0.3849799277007823 -0.37549421057753 -0.2227904376850139 -0.37372239648288885 -0.2218189456189699 -0.37372239648288885 -0.3710109682844346 -0.2227904376850139 -0.2218189456189699 -0.30897482909888896 -0.2227904376850139 -0.2227904376850139 -0.2218189456189699 -0.2218189456189699 -0.2110487279104331 -0.2110487279104331 -0.24899885862399332 -0.2227904376850139 -0.2218189456189699 -0.3067879884059045 -0.30843548053373016 -0.2227904376850139 -0.27763172978924355 -0.27763172978924355 -0.2227904376850139 -0.2218189456189699 -0.27059776400599217 -0.25510801226391805 -0.11488510854937604 -0.2392236796679184 -0.22528703886368956 -0.16772262345169592 -0.17009340280826366 -0.16344567863545403 -0.16344567863545403 -0.13642057840558366 -0.1398543477810974 -0.1312501554435824 -0.1312501554435824 -0.1312501554435824 -0.1312454863055193 -0.1293998392943914 -0.11285512384850732 -0.1177798987886289 -0.11676128308944539 -0.1167768667529405 -0.10721836682096643 -0.10199537893281267 -0.10609732429418989 -0.09239992882480158 -0.028668262276330708 -0.029555878357564007
-0.37549421057753 -0.37549421057753 -0.37549421057753 -0.586606713428565 -0.586606713428565 -0.3496649284218384 -0.30897482909888896 -0.30897482909888896 -0.30897482909888896 -0.30897482909888896 -0.30897482909888896 -0.30897482909888896 -0.30897482909888896 -0.30897482909888896 -0.586606713428565 -0.606272561976641 -0.39611957579623713 -0.4813638309162791 -0.4813638309162791 -0.47367998877292994 -0.4875167672475906 -0.4875167672475906 -0.4813638309162791 -0.4813638309162791 -0.4813638309162791 -0.4813638309162791 -0.4813638309162791 -0.37549421057753 -0.39611957579623713 -0.39611957579623713 -0.4889687719851215 -0.3525639817954666 -0.3496649284218384 -0.4021000983989584 -0.37549421057753 -0.42910390701954004 -0.4021000983989584 -0.37549421057753 -0.40318134633137653 -0.39611957579623713 -0.39611957579623713 -0.39611957579623713 -0.3849799277007823 -0.37549421057753 -0.2227904376850139 -0.37372239648288885 -0.2218189456189699 -0.37372239648288885 -0.3710109682844346 -0.2227904376850139 -0.2218189456189699 -0.30897482909888896 -0.2227904376850139 -0.2227904376850139 -0.2218189456189699 -0.2218189456189699 -0.2110487279104331 -0.2110487279104331 -0.24899885862399332 -0.2227904376850139 -0.2218189456189699 -0.3067879884059045 -0.30843548053373016 -0.2227904376850139 -0.27763172978924355 -0.27763172978924355 -0.2227904376850139 -0.2218189456189699 -0.27059776400599217 -0.25510801226391805 -0.11488510854937604 -0.2392236796679184 -0.22528703886368956 -0.16772262345169592 -0.17009340280826366 -0.16344567863545403 -0.16344567863545403 -0.13642057840558366 -0.1398543477810974 -0.1312501554435824 -0.1312501554435824 -0.1312501554435824 -0.1312454863055193 -0.1293998392943914 -0.11285512384850732 -0.1177798987886289 -0.11676128308944539 -0.1167768667529405 -0.10721836682096643 -0.10199537893281267 -0.10609732429418989 -0.09239992882480158 -0.028668262276330708 -0.029555878357564007
-0.37549421057753 -0.37549421057753 -0.37549421057753 -0.39611957579623713 -0.39611957579623713 -0.3496649284218384 -0.30897482909888896 -0.30897482909888896 -0.30897482909888896 -0.30897482909888896 -0.30897482909888896 -0.30897482909888896 -0.30897482909888896 -0.30897482909888896 -0.39611957579623713 -0.39611957579623713 -0.5957047250445355 -0.39611957579623713 -0.39611957579623713 -0.39611957579623713 -0.39611957579623713 -0.39611957579623713 -0.39611957579623713 -0.39611957579623713 -0.39611957579623713 -0.39611957579623713 -0.39611957579623713 -0.37549421057753 -0.39871915560138627 -0.49590136715810823 -0.39611957579623713 -0.3525639817954666 -0.3496649284218384 -0.39611957579623713 -0.37549421057753 -0.39611957579623713 -0.39611957579623713 -0.37549421057753 -0.39611957579623713 -0.39871915560138627 -0.3978497973211428 -0.39630889194007524 -0.3849799277007823 -0.37549421057753 -0.2227904376850139 -0.37372239648288885 -0.2218189456189699 -0.37372239648288885 -0.3710109682844346 -0.2227904376850139 -0.2218189456189699 -0.30897482909888896 -0.2227904376850139 -0.2227904376850139 -0.2218189456189699 -0.2218189456189699 -0.2110487279104331 -0.2110487279104331 -0.24899885862399332 -0.2227904376850139 -0.2218189456189699 -0.3067879884059045 -0.30843548053373016 -0.2227904376850139 -0.27763172978924355 -0.27763172978924355 -0.2227904376850139 -0.2218189456189699 -0.27059776400599217 -0.25510801226391805 -0.11488510854937604 -0.2392236796679184 -0.22528703886368956 -0.16772262345169592 -0.17009340280826366 -0.16344567863545403 -0.16344567863545403 -0.13642057840558366 -0.1398543477810974 -0.1312501554435824 -0.1312501554435824 -0.1312501554435824 -0.1312454863055193 -0.1293998392943914 -0.11285512384850732 -0.1177798987886289 -0.11676128308944539 -0.1167768667529405 -0.10721836682096643 -0.10199537893281267 -0.10609732429418989 -0.09239992882480158 -0.028668262276330708 -0.029555878357564007
-0.37549421057753 -0.37549421057753 -0.37549421057753 -0.4813638309162791 -0.4813638309162791 -0.3496649284218384 -0.30897482909888896 -0.30897482909888896 -0.30897482909888896 -0.30897482909888896 -0.30897482909888896 -0.30897482909888896 -0.30897482909888896 -0.30897482909888896 -0.4813638309162791 -0.4813638309162791 -0.39611957579623713 -0.5773305168397698 -0.5766119577690787 -0.47367998877292994 -0.4813638309162791 -0.4813638309162791 -0.5262141491720254 -0.5251048183730701 -0.5211492220739868 -0.5176882497916825 -0.5180628733688324 -0.37549421057753 -0.39611957579623713 -0.39611957579623713 -0.4813638309162791 -0.3525639817954666 -0.3496649284218384 -0.4021000983989584 -0.37549421057753 -0.42910390701954004 -0.4021000983989584 -0.37549421057753 -0.40318134633137653 -0.39611957579623713 -0.39611957579623713 -0.39611957579623713 -0.3849799277007823 -0.37549421057753 -0.2227904376850139 -0.37372239648288885 -0.2218189456189699 -0.37372239648288885 -0.3710109682844346 -0.2227904376850139 -0.2218189456189699 -0.30897482909888896 -0.2227904376850139 -0.2227904376850139 -0.2218189456189699 -0.2218189456189699 -0.2110487279104331 -0.2110487279104331 -0.24899885862399332 -0.2227904376850139 -0.2218189456189699 -0.3067879884059045 -0.30843548053373016 -0.2227904376850139 -0.27763172978924355 -0.27763172978924355 -0.2227904376850139 -0.2218189456189699 -0.27059776400599217 -0.25510801226391805 -0.11488510854937604 -0.2392236796679184 -0.22528703886368956 -0.16772262345169592 -0.17009340280826366 -0.16344567863545403 -0.16344567863545403 -0.13642057840558366 -0.1398543477810974 -0.1312501554435824 -0.1312501554435824 -0.1312501554435824 -0.1312454863055193 -0.1293998392943914 -0.11285512384850732 -0.1177798987886289 -0.11676128308944539 -0.1167768667529405 -0.10721836682096643 -0.10199537893281267 -0.10609732429418989 -0.09239992882480158 -0.028668262276330708 -0.029555878357564007
-0.37549421057753 -0.37549421057753 -0.37549421057753 -0.4813638309162791 -0.4813638309162791 -0.3496649284218384 -0.30897482909888896 -0.30897482909888896 -0.30897482909888896 -0.30897482909888896 -0.30897482909888896 -0.30897482909888896 -0.30897482909888896 -0.30897482909888896 -0.4813638309162791 -0.4813638309162791 -0.39611957579623713 -0.5766119577690787 -0.5766414464884063 -0.47367998877292994 -0.4813638309162791 -0.4813638309162791 -0.5262141491720254 -0.5251048183730701 -0.5211492220739868 -0.5176882497916825 -0.5180628733688324 -0.37549421057753 -0.39611957579623713 -0.39611957579623713 -0.4813638309162791 -0.3525639817954666 -0.3496649284218384 -0.4021000983989584 -0.37549421057753 -0.42910390701954004 -0.4021000983989584 -0.37549421057753 -0.40318134633137653 -0.39611957579623713 -0.39611957579623713 -0.39611957579623713 -0.3849799277007823 -0.37549421057753 -0.2227904376850139 -0.37372239648288885 -0.2218189456189699 -0.37372239648288885 -0.3710109682844346 -0.2227904376850139 -0.2218189456189699 -0.30897482909888896 -0.2227904376850139 -0.2227904376850139 -0.2218189456189699 -0.2218189456189699 -0.2110487279104331 -0.2110487279104331 -0.24899885862399332 -0.2227904376850139 -0.2218189456189699 -0.3067879884059045 -0.30843548053373016 -0.2227904376850139 -0.27763172978924355 -0.27763172978924355 -0.2227904376850139 -0.2218189456189699 -0.27059776400599217 -0.25510801226391805 -0.11488510854937604 -0.2392236796679184 -0.22528703886368956 -0.16772262345169592 -0.17009340280826366 -0.16344567863545403 -0.16344567863545403 -0.13642057840558366 -0.1398543477810974 -0.1312501554435824 -0.1312501554435824 -0.1312501554435824 -0.1312454863055193 -0.1293998392943914 -0.11285512384850732 -0.1177798987886289 -0.11676128308944539 -0.1167768667529405 -0.10721836682096643 -0.10199537893281267 -0.10609732429418989 -0.09239992882480158 -0.028668262276330708 -0.029555878357564007
-0.37549421057753 -0.37549421057753 -0.37549421057753 -0.47367998877292994 -0.47367998877292994 -0.3496649284218384 -0.30897482909888896 -0.30897482909888896 -0.30897482909888896 -0.30897482909888896 -0.30897482909888896 -0.30897482909888896 -0.30897482909888896 -0.30897482909888896 -0.47367998877292994 -0.47367998877292994 -0.39611957579623713 -0.47367998877292994 -0.47367998877292994 -0.5742974077387021 -0.47367998877292994 -0.47367998877292994 -0.47367998877292994 -0.47367998877292994 -0.47367998877292994 -0.47367998877292994 -0.47367998877292994 -0.37549421057753 -0.39611957579623713 -0.39611957579623713 -0.47367998877292994 -0.3525639817954666 -0.3496649284218384 -0.4021000983989584 -0.37549421057753 -0.42910390701954004 -0.4021000983989584 -0.37549421057753 -0.40318134633137653 -0.39611957579623713 -0.39611957579623713 -0.39611957579623713 -0.3849799277007823 -0.37549421057753 -0.2227904376850139 -0.37372239648288885 -0.2218189456189699 -0.37372239648288885 -0.3710109682844346 -0.2227904376850139 -0.2218189456189699 -0.30897482909888896 -0.2227904376850139 -0.2227904376850139 -0.2218189456189699 -0.2218189456189699 -0.2110487279104331 -0.2110487279104331 -0.24899885862399332 -0.2227904376850139 -0.2218189456189699 -0.3067879884059045 -0.30843548053373016 -0.2227904376850139 -0.27763172978924355 -0.27763172978924355 -0.2227904376850139 -0.2218189456189699 -0.27059776400599217 -0.25510801226391805 -0.11488510854937604 -0.2392236796679184 -0.22528703886368956 -0.16772262345169592 -0.17009340280826366 -0.16344567863545403 -0.16344567863545403 -0.13642057840558366 -0.1398543477810974 -0.1312501554435824 -0.1312501554435824 -0.1312501554435824 -0.1312454863055193 -0.1293998392943914 -0.11285512384850732 -0.1177798987886289 -0.11676128308944539 -0.1167768667529405 -0.10721836682096643 -0.10199537893281267 -0.10609732429418989 -0.09239992882480158 -0.028668262276330708 -0.029555878357564007
-0.37549421057753 -0.37549421057753 -0.37549421057753 -0.4875167672475906 -0.4875167672475906 -0.3496649284218384 -0.30897482909888896 -0.30897482909888896 -0.30897482909888896 -0.30897482909888896 -0.30897482909888896 -0.30897482909888896 -0.30897482909888896 -0.30897482909888896 -0.4875167672475906 -0.4875167672475906 -0.39611957579623713 -0.4813638309162791 -0.4813638309162791 -0.47367998877292994 -0.5282954142073281 -0.5276198206408533 -0.4813638309162791 -0.4813638309162791 -0.4813638309162791 -0.4813638309162791 -0.4813638309162791 -0.37549421057753 -0.39611957579623713 -0.39611957579623713 -0.4875167672475906 -0.3525639817954666 -0.3496649284218384 -0.4021000983989584 -0.37549421057753 -0.42910390701954004 -0.4021000983989584 -0.37549421057753 -0.40318134633137653 -0.39611957579623713 -0.39611957579623713 -0.39611957579623713 -0.3849799277007823 -0.37549421057753 -0.2227904376850139 -0.37372239648288885 -0.2218189456189699 -0.37372239648288885 -0.3710109682844346 -0.2227904376850139 -0.2218189456189699 -0.30897482909888896 -0.2227904376850139 -0.2227904376850139 -0.2218189456189699 -0.2218189456189699 -0.2110487279104331 -0.2110487279104331 -0.24899885862399332 -0.2227904376850139 -0.2218189456189699 -0.3067879884059045 -0.30843548053373016 -0.2227904376850139 -0.27763172978924355 -0.27763172978924355 -0.2227904376850139 -0.2218189456189699 -0.27059776400599217 -0.25510801226391805 -0.11488510854937604 -0.2392236796679184 -0.22528703886368956 -0.16772262345169592 -0.17009340280826366 -0.16344567863545403 -0.16344567863545403 -0.13642057840558366 -0.1398543477810974 -0.1312501554435824 -0.1312501554435824 -0.1312501554435824 -0.1312454863055193 -0.1293998392943914 -0.11285512384850732 -0.1177798987886289 -0.11676128308944539 -0.1167768667529405 -0.10721836682096643 -0.10199537893281267 -0.10609732429418989 -0.09239992882480158 -0.028668262276330708 -0.029555878357564007
-0.37549421057753 -0.37549421057753 -0.37549421057753 -0.4875167672475906 -0.4875167672475906 -0.3496649284218384 -0.30897482909888896 -0.30897482909888896 -0.30897482909888896 -0.30897482909888896 -0.30897482909888896 -0.30897482909888896 -0.30897482909888896 -0.30897482909888896 -0.4875167672475906 -0.4875167672475906 -0.39611957579623713 -0.4813638309162791 -0.4813638309162791 -0.47367998877292994 -0.5276198206408533 -0.5281409415310303 -0.4813638309162791 -0.4813638309162791 -0.4813638309162791 -0.4813638309162791 -0.4813638309162791 -0.37549421057753 -0.39611957579623713 -0.39611957579623713 -0.4875167672475906 -0.3525639817954666 -0.3496649284218384 -0.4021000983989584 -0.37549421057753 -0.42910390701954004 -0.4021000983989584 -0.37549421057753 -0.40318134633137653 -0.39611957579623713 -0.39611957579623713 -0.39611957579623713 -0.3849799277007823 -0.37549421057753 -0.2227904376850139 -0.37372239648288885 -0.2218189456189699 -0.37372239648288885 -0.3710109682844346 -0.2227904376850139 -0.2218189456189699 -0.30897482909888896 -0.2227904376850139 -0.2227904376850139 -0.2218189456189699 -0.2218189456189699 -0.2110487279104331 -0.2110487279104331 -0.24899885862399332 -0.2227904376850139 -0.2218189456189699 -0.3067879884059045 -0.30843548053373016 -0.2227904376850139 -0.27763172978924355 -0.27763172978924355 -0.2227904376850139 -0.2218189456189699 -0.27059776400599217 -0.25510801226391805 -0.11488510854937604 -0.2392236796679184 -0.22528703886368956 -0.16772262345169592 -0.17009340280826366 -0.16344567863545403 -0.16344567863545403 -0.13642057840558366 -0.1398543477810974 -0.1312501554435824 -0.1312501554435824 -0.1312501554435824 -0.1312454863055193 -0.1293998392943914 -0.11285512384850732 -0.1177798987886289 -0.11676128308944539 -0.1167768667529405 -0.10721836682096643 -0.10199537893281267 -0.10609732429418989 -0.09239992882480158 -0.028668262276330708 -0.029555878357564007
-0.37549421057753 -0.37549421057753 -0.37549421057753 -0.4813638309162791 -0.4813638309162791 -0.3496649284218384 -0.30897482909888896 -0.30897482909888896 -0.30897482909888896 -0.30897482909888896 -0.30897482909888896 -0.30897482909888896 -0.30897482909888896 -0.30897482909888896 -0.4813638309162791 -0.4813638309162791 -0.39611957579623713 -0.5262141491720254 -0.5262141491720254 -0.47367998877292994 -0.4813638309162791 -0.4813638309162791 -0.5272832624882969 -0.5251048183730701 -0.5211492220739868 -0.5176882497916825 -0.5180628733688324 -0.37549421057753 -0.39611957579623713 -0.39611957579623713 -0.4813638309162791 -0.3525639817954666 -0.3496649284218384 -0.4021000983989584 -0.37549421057753 -0.42910390701954004 -0.4021000983989584 -0.37549421057753 -0.40318134633137653 -0.39611957579623713 -0.39611957579623713 -0.39611957579623713 -0.3849799277007823 -0.37549421057753 -0.2227904376850139 -0.37372239648288885 -0.2218189456189699 -0.37372239648288885 -0.3710109682844346 -0.2227904376850139 -0.2218189456189699 -0.30897482909888896 -0.2227904376850139 -0.2227904376850139 -0.2218189456189699 -0.2218189456189699 -0.2110487279104331 -0.2110487279104331 -0.24899885862399332 -0.2227904376850139 -0.2218189456189699 -0.3067879884059045 -0.30843548053373016 -0.2227904376850139 -0.27763172978924355 -0.27763172978924355 -0.2227904376850139 -0.2218189456189699 -0.27059776400599217 -0.25510801226391805 -0.11488510854937604 -0.2392236796679184 -0.22528703886368956 -0.16772262345169592 -0.17009340280826366 -0.16344567863545403 -0.16344567863545403 -0.13642057840558366 -0.1398543477810974 -0.1312501554435824 -0.1312501554435824 -0.1312501554435824 -0.1312454863055193 -0.1293998392943914 -0.11285512384850732 -0.1177798987886289 -0.11676128308944539 -0.1167768667529405 -0.10721836682096643 -0.10199537893281267 -0.10609732429418989 -0.09239992882480158 -0.028668262276330708 -0.029555878357564007
-0.37549421057753 -0.37549421057753 -0.37549421057753 -0.4813638309162791 -0.4813638309162791 -0.3496649284218384 -0.30897482909888896 -0.30897482909888896 -0.30897482909888896 -0.30897482909888896 -0.30897482909888896 -0.30897482909888896 -0.30897482909888896 -0.30897482909888896 -0.4813638309162791 -0.4813638309162791 -0.39611957579623713 -0.5251048183730701 -0.5251048183730701 -0.47367998877292994 -0.4813638309162791 -0.4813638309162791 -0.5251048183730701 -0.5261459322490366 -0.5211492220739868 -0.5176882497916825 -0.5180628733688324 -0.37549421057753 -0.39611957579623713 -0.39611957579623713 -0.4813638309162791 -0.3525639817954666 -0.3496649284218384 -0.4021000983989584 -0.37549421057753 -0.42910390701954004 -0.4021000983989584 -0.37549421057753 -0.40318134633137653 -0.39611957579623713 -0.39611957579623713 -0.39611957579623713 -0.3849799277007823 -0.37549421057753 -0.2227904376850139 -0.37372239648288885 -0.2218189456189699 -0.37372239648288885 -0.3710109682844346 -0.2227904376850139 -0.2218189456189699 -0.30897482909888896 -0.2227904376850139 -0.2227904376850139 -0.2218189456189699 -0.2218189456189699 -0.2110487279104331 -0.2110487279104331 -0.24899885862399332 -0.2227904376850139 -0.2218189456189699 -0.3067879884059045 -0.30843548053373016 -0.2227904376850139 -0.27763172978924355 -0.27763172978924355 -0.2227904376850139 -0.2218189456189699 -0.27059776400599217 -0.25510801226391805 -0.11488510854937604 -0.2392236796679184 -0.22528703886368956 -0.16772262345169592 -0.17009340280826366 -0.16344567863545403 -0.16344567863545403 -0.13642057840558366 -0.1398543477810974 -0.1312501554435824 -0.1312501554435824 -0.1312501554435824 -0.1312454863055193 -0.1293998392943914 -0.11285512384850732 -0.1177798987886289 -0.11676128308944539 -0.1167768667529405 -0.10721836682096643 -0.10199537893281267 -0.10609732429418989 -0.09239992882480158 -0.028668262276330708 -0.029555878357564007
-0.37549421057753 -0.37549421057753 -0.37549421057753 -0.4813638309162791 -0.4813638309162791 -0.3496649284218384 -0.30897482909888896 -0.30897482909888896 -0.30897482909888896 -0.30897482909888896 -0.30897482909888896 -0.30897482909888896 -0.30897482909888896 -0.30897482909888896 -0.4813638309162791 -0.4813638309162791 -0.39611957579623713 -0.5211492220739868 -0.5211492220739868 -0.47367998877292994 -0.4813638309162791 -0.4813638309162791 -0.5211492220739868 -0.5211492220739868 -0.5222175699750596 -0.5176882497916825 -0.5180628733688324 -0.37549421057753 -0.39611957579623713 -0.39611957579623713 -0.4813638309162791 -0.3525639817954666 -0.3496649284218384 -0.4021000983989584 -0.37549421057753 -0.42910390701954004 -0.4021000983989584 -0.37549421057753 -0.40318134633137653 -0.39611957579623713 -0.39611957579623713 -0.39611957579623713 -0.3849799277007823 -0.37549421057753 -0.2227904376850139 -0.37372239648288885 -0.2218189456189699 -0.37372239648288885 -0.3710109682844346 -0.2227904376850139 -0.2218189456189699 -0.30897482909888896 -0.2227904376850139 -0.2227904376850139 -0.2218189456189699 -0.2218189456189699 -0.2110487279104331 -0.2110487279104331 -0.24899885862399332 -0.2227904376850139 -0.2218189456189699 -0.3067879884059045 -0.30843548053373016 -0.2227904376850139 -0.27763172978924355 -0.27763172978924355 -0.2227904376850139 -0.2218189456189699 -0.27059776400599217 -0.25510801226391805 -0.11488510854937604 -0.2392236796679184 -0.22528703886368956 -0.16772262345169592 -0.17009340280826366 -0.16344567863545403 -0.16344567863545403 -0.13642057840558366 -0.1398543477810974 -0.1312501554435824 -0.1312501554435824 -0.1312501554435824 -0.1312454863055193 -0.1293998392943914 -0.11285512384850732 -0.1177798987886289 -0.11676128308944539 -0.1167768667529405 -0.10721836682096643 -0.10199537893281267 -0.10609732429418989 -0.09239992882480158 -0.028668262276330708 -0.029555878357564007
-0.37549421057753 -0.37549421057753 -0.37549421057753 -0.4813638309162791 -0.4813638309162791 -0.3496649284218384 -0.30897482909888896 -0.30897482909888896 -0.30897482909888896 -0.30897482909888896 -0.30897482909888896 -0.30897482909888896 -0.30897482909888896 -0.30897482909888896 -0.4813638309162791 -0.4813638309162791 -0.39611957579623713 -0.5176882497916825 -0.5176882497916825 -0.47367998877292994 -0.4813638309162791 -0.4813638309162791 -0.5176882497916825 -0.5176882497916825 -0.5176882497916825 -0.521049635151085 -0.5176882497916825 -0.37549421057753 -0.39611957579623713 -0.39611957579623713 -0.4813638309162791 -0.3525639817954666 -0.3496649284218384 -0.4021000983989584 -0.37549421057753 -0.42910390701954004 -0.4021000983989584 -0.37549421057753 -0.40318134633137653 -0.39611957579623713 -0.39611957579623713 -0.39611957579623713 -0.3849799277007823 -0.37549421057753 -0.2227904376850139 -0.37372239648288885 -0.2218189456189699 -0.37372239648288885 -0.3710109682844346 -0.2227904376850139 -0.2218189456189699 -0.30897482909888896 -0.2227904376850139 -0.2227904376850139 -0.2218189456189699 -0.2218189456189699 -0.2110487279104331 -0.2110487279104331 -0.24899885862399332 -0.2227904376850139 -0.2218189456189699 -0.3067879884059045 -0.30843548053373016 -0.2227904376850139 -0.27763172978924355 -0.27763172978924355 -0.2227904376850139 -0.2218189456189699 -0.27059776400599217 -0.25510801226391805 -0.11488510854937604 -0.2392236796679184 -0.22528703886368956 -0.16772262345169592 -0.17009340280826366 -0.16344567863545403 -0.16344567863545403 -0.13642057840558366 -0.1398543477810974 -0.1312501554435824 -0.1312501554435824 -0.1312501554435824 -0.1312454863055193 -0.1293998392943914 -0.11285512384850732 -0.1177798987886289 -0.11676128308944539 -0.1167768667529405 -0.10721836682096643 -0.10199537893281267 -0.10609732429418989 -0.09239992882480158 -0.028668262276330708 -0.029555878357564007
-0.37549421057753 -0.37549421057753 -0.37549421057753 -0.4813638309162791 -0.4813638309162791 -0.3496649284218384 -0.30897482909888896 -0.30897482909888896 -0.30897482909888896 -0.30897482909888896 -0.30897482909888896 -0.30897482909888896 -0.30897482909888896 -0.30897482909888896 -0.4813638309162791 -0.4813638309162791 -0.39611957579623713 -0.5180628733688324 -0.5180628733688324 -0.47367998877292994 -0.4813638309162791 -0.4813638309162791 -0.5180628733688324 -0.5180628733688324 -0.5180628733688324 -0.5176882497916825 -0.5199222303519887 -0.37549421057753 -0.39611957579623713 -0.39611957579623713 -0.4813638309162791 -0.3525639817954666 -0.3496649284218384 -0.4021000983989584 -0.37549421057753 -0.42910390701954004 -0.4021000983989584 -0.37549421057753 -0.40318134633137653 -0.39611957579623713 -0.39611957579623713 -0.39611957579623713 -0.3849799277007823 -0.37549421057753 -0.2227904376850139 -0.37372239648288885 -0.2218189456189699 -0.37372239648288885 -0.3710109682844346 -0.2227904376850139 -0.2218189456189699 -0.30897482909888896 -0.2227904376850139 -0.2227904376850139 -0.2218189456189699 -0.2218189456189699 -0.2110487279104331 -0.2110487279104331 -0.24899885862399332 -0.2227904376850139 -0.2218189456189699 -0.3067879884059045 -0.30843548053373016 -0.2227904376850139 -0.27763172978924355 -0.27763172978924355 -0.2227904376850139 -0.2218189456189699 -0.27059776400599217 -0.25510801226391805 -0.11488510854937604 -0.2392236796679184 -0.22528703886368956 -0.16772262345169592 -0.17009340280826366 -0.16344567863545403 -0.16344567863545403 -0.13642057840558366 -0.1398543477810974 -0.1312501554435824 -0.1312501554435824 -0.1312501554435824 -0.1312454863055193 -0.1293998392943914 -0.11285512384850732 -0.1177798987886289 -0.11676128308944539 -0.1167768667529405 -0.10721836682096643 -0.10199537893281267 -0.10609732429418989 -0.09239992882480158 -0.028668262276330708 -0.029555878357564007
-0.5005755552017193 -0.5005755552017193 -0.5005755552017193 -0.37549421057753 -0.37549421057753 -0.3496649284218384 -0.30897482909888896 -0.30897482909888896 -0.30897482909888896 -0.30897482909888896 -0.30897482909888896 -0.30897482909888896 -0.30897482909888896 -0.30897482909888896 -0.37549421057753 -0.37549421057753 -0.37549421057753 -0.37549421057753 -0.37549421057753 -0.37549421057753 -0.37549421057753 -0.37549421057753 -0.37549421057753 -0.37549421057753 -0.37549421057753 -0.37549421057753 -0.37549421057753 -0.5062736878204624 -0.37549421057753 -0.37549421057753 -0.37549421057753 -0.3525639817954666 -0.3496649284218384 -0.37549421057753 -0.43060689229585053 -0.37549421057753 -0.37549421057753 -0.40953441448426087 -0.37549421057753 -0.37549421057753 -0.37549421057753 -0.37549421057753 -0.37549421057753 -0.3882125381967552 -0.2227904376850139 -0.37372239648288885 -0.2218189456189699 -0.37372239648288885 -0.3710109682844346 -0.2227904376850139 -0.2218189456189699 -0.30897482909888896 -0.2227904376850139 -0.2227904376850139 -0.2218189456189699 -0.2218189456189699 -0.2110487279104331 -0.2110487279104331 -0.24899885862399332 -0.2227904376850139 -0.2218189456189699 -0.3067879884059045 -0.30843548053373016 -0.2227904376850139 -0.27763172978924355 -0.27763172978924355 -0.2227904376850139 -0.2218189456189699 -0.27059776400599217 -0.25510801226391805 -0.11488510854937604 -0.2392236796679184 -0.22528703886368956 -0.16772262345169592 -0.17009340280826366 -0.16344567863545403 -0.16344567863545403 -0.13642057840558366 -0.1398543477810974 -0.1312501554435824 -0.1312501554435824 -0.1312501554435824 -0.1312454863055193 -0.1293998392943914 -0.11285512384850732 -0.1177798987886289 -0.11676128308944539 -0.1167768667529405 -0.10721836682096643 -0.10199537893281267 -0.10609732429418989 -0.09239992882480158 -0.028668262276330708 -0.029555878357564007
-0.37549421057753 -0.37549421057753 -0.37549421057753 -0.39611957579623713 -0.39611957579623713 -0.3496649284218384 -0.30897482909888896 -0.30897482909888896 -0.30897482909888896 -0.30897482909888896 -0.30897482909888896 -0.30897482909888896 -0.30897482909888896 -0.30897482909888896 -0.39611957579623713 -0.39611957579623713 -0.39871915560138627 -0.39611957579623713 -0.39611957579623713 -0.39611957579623713 -0.39611957579623713 -0.39611957579623713 -0.39611957579623713 -0.39611957579623713 -0.39611957579623713 -0.39611957579623713 -0.39611957579623713 -0.37549421057753 -0.5015744278376337 -0.39871915560138627 -0.39611957579623713 -0.3525639817954666 -0.3496649284218384 -0.39611957579623713 -0.37549421057753 -0.39611957579623713 -0.39611957579623713 -0.37549421057753 -0.39611957579623713 -0.4002769968669388 -0.3978497973211428 -0.39630889194007524 -0.3849799277007823 -0.37549421057753 -0.2227904376850139 -0.37372239648288885 -0.2218189456189699 -0.37372239648288885 -0.3710109682844346 -0.2227904376850139 -0.2218189456189699 -0.30897482909888896 -0.2227904376850139 -0.2227904376850139 -0.2218189456189699 -0.2218189456189699 -0.2110487279104331 -0.2110487279104331 -0.24899885862399332 -0.2227904376850139 -0.2218189456189699 -0.3067879884059045 -0.30843548053373016 -0.2227904376850139 -0.27763172978924355 -0.27763172978924355 -0.2227904376850139 -0.2218189456189699 -0.27059776400599217 -0.25510801226391805 -0.11488510854937604 -0.2392236796679184 -0.22528703886368956 -0.16772262345169592 -0.17009340280826366 -0.16344567863545403 -0.16344567863545403 -0.13642057840558366 -0.1398543477810974 -0.1312501554435824 -0.1312501554435824 -0.1312501554435824 -0.1312454863055193 -0.1293998392943914 -0.11285512384850732 -0.1177798987886289 -0.11676128308944539 -0.1167768667529405 -0.10721836682096643 -0.10199537893281267 -0.10609732429418989 -0.09239992882480158 -0.028668262276330708 -0.029555878357564007
-0.37549421057753 -0.37549421057753 -0.37549421057753 -0.39611957579623713 -0.39611957579623713 -0.3496649284218384 -0.30897482909888896 -0.30897482909888896 -0.30897482909888896 -0.30897482909888896 -0.30897482909888896 -0.30897482909888896 -0.30897482909888896 -0.30897482909888896 -0.39611957579623713 -0.39611957579623713 -0.49590136715810823 -0.39611957579623713 -0.39611957579623713 -0.39611957579623713 -0.39611957579623713 -0.39611957579623713 -0.39611957579623713 -0.39611957579623713 -0.39611957579623713 -0.39611957579623713 -0.39611957579623713 -0.37549421057753 -0.39871915560138627 -0.4974111060769119 -0.39611957579623713 -0.3525639817954666 -0.3496649284218384 -0.39611957579623713 -0.37549421057753 -0.39611957579623713 -0.39611957579623713 -0.37549421057753 -0.39611957579623713 -0.39871915560138627 -0.3978497973211428 -0.39630889194007524 -0.3849799277007823 -0.37549421057753 -0.2227904376850139 -0.37372239648288885 -0.2218189456189699 -0.37372239648288885 -0.3710109682844346 -0.2227904376850139 -0.2218189456189699 -0.30897482909888896 -0.2227904376850139 -0.2227904376850139 -0.2218189456189699 -0.2218189456189699 -0.2110487279104331 -0.2110487279104331 -0.24899885862399332 -0.2227904376850139 -0.2218189456189699 -0.3067879884059045 -0.30843548053373016 -0.2227904376850139 -0.27763172978924355 -0.27763172978924355 -0.2227904376850139 -0.2218189456189699 -0.27059776400599217 -0.25510801226391805 -0.11488510854937604 -0.2392236796679184 -0.22528703886368956 -0.16772262345169592 -0.17009340280826366 -0.16344567863545403 -0.16344567863545403 -0.13642057840558366 -0.1398543477810974 -0.1312501554435824 -0.1312501554435824 -0.1312501554435824 -0.1312454863055193 -0.1293998392943914 -0.11285512384850732 -0.1177798987886289 -0.11676128308944539 -0.1167768667529405 -0.10721836682096643 -0.10199537893281267 -0.10609732429418989 -0.09239992882480158 -0.028668262276330708 -0.029555878357564007
-0.37549421057753 -0.37549421057753 -0.37549421057753 -0.4889687719851215 -0.4889687719851215 -0.3496649284218384 -0.30897482909888896 -0.30897482909888896 -0.30897482909888896 -0.30897482909888896 -0.30897482909888896 -0.30897482909888896 -0.30897482909888896 -0.30897482909888896 -0.4889687719851215 -0.4889687719851215 -0.39611957579623713 -0.4813638309162791 -0.4813638309162791 -0.47367998877292994 -0.4875167672475906 -0.4875167672475906 -0.4813638309162791 -0.4813638309162791 -0.4813638309162791 -0.4813638309162791 -0.4813638309162791 -0.37549421057753 -0.39611957579623713 -0.39611957579623713 -0.49092978818377897 -0.3525639817954666 -0.3496649284218384 -0.4021000983989584 -0.37549421057753 -0.42910390701954004 -0.4021000983989584 -0.37549421057753 -0.40318134633137653 -0.39611957579623713 -0.39611957579623713 -0.39611957579623713 -0.3849799277007823 -0.37549421057753 -0.2227904376850139 -0.37372239648288885 -0.2218189456189699 -0.37372239648288885 -0.3710109682844346 -0.2227904376850139 -0.2218189456189699 -0.30897482909888896 -0.2227904376850139 -0.2227904376850139 -0.2218189456189699 -0.2218189456189699 -0.2110487279104331 -0.2110487279104331 -0.24899885862399332 -0.2227904376850139 -0.2218189456189699 -0.3067879884059045 -0.30843548053373016 -0.2227904376850139 -0.27763172978924355 -0.27763172978924355 -0.2227904376850139 -0.2218189456189699 -0.27059776400599217 -0.25510801226391805 -0.11488510854937604 -0.2392236796679184 -0.22528703886368956 -0.16772262345169592 -0.17009340280826366 -0.16344567863545403 -0.16344567863545403 -0.13642057840558366 -0.1398543477810974 -0.1312501554435824 -0.1312501554435824 -0.1312501554435824 -0.1312454863055193 -0.1293998392943914 -0.11285512384850732 -0.1177798987886289 -0.11676128308944539 -0.1167768667529405 -0.10721836682096643 -0.10199537893281267 -0.10609732429418989 -0.09239992882480158 -0.028668262276330708 -0.029555878357564007
-0.3525639817954666 -0.3525639817954666 -0.3525639817954666 -0.3525639817954666 -0.3525639817954666 -0.3496649284218384 -0.30897482909888896 -0.30897482909888896 -0.30897482909888896 -0.30897482909888896 -0.30897482909888896 -0.30897482909888896 -0.30897482909888896 -0.30897482909888896 -0.3525639817954666 -0.3525639817954666 -0.3525639817954666 -0.3525639817954666 -0.3525639817954666 -0.3525639817954666 -0.3525639817954666 -0.3525639817954666 -0.3525639817954666 -0.3525639817954666 -0.3525639817954666 -0.3525639817954666 -0.3525639817954666 -0.3525639817954666 -0.3525639817954666 -0.3525639817954666 -0.3525639817954666 -0.47974296655392057 -0.3496649284218384 -0.3525639817954666 -0.3525639817954666 -0.3525639817954666 -0.3525639817954666 -0.3525639817954666 -0.3525639817954666 -0.3525639817954666 -0.3525639817954666 -0.3525639817954666 -0.3525639817954666 -0.3525639817954666 -0.2227904376850139 -0.3525639817954666 -0.2218189456189699 -0.3525639817954666 -0.3525639817954666 -0.2227904376850139 -0.2218189456189699 -0.30897482909888896 -0.2227904376850139 -0.2227904376850139 -0.2218189456189699 -0.2218189456189699 -0.2110487279104331 -0.2110487279104331 -0.24899885862399332 -0.2227904376850139 -0.2218189456189699 -0.3067879884059045 -0.30843548053373016 -0.2227904376850139 -0.27763172978924355 -0.27763172978924355 -0.2227904376850139 -0.2218189456189699 -0.27059776400599217 -0.25510801226391805 -0.11488510854937604 -0.2392236796679184 -0.22528703886368956 -0.16772262345169592 -0.17009340280826366 -0.16344567863545403 -0.16344567863545403 -0.13642057840558366 -0.1398543477810974 -0.1312501554435824 -0.1312501554435824 -0.1312501554435824 -0.1312454863055193 -0.1293998392943914 -0.11285512384850732 -0.1177798987886289 -0.11676128308944539 -0.1167768667529405 -0.10721836682096643 -0.10199537893281267 -0.10609732429418989 -0.09239992882480158 -0.028668262276330708 -0.029555878357564007
-0.3496649284218384 -0.3496649284218384 -0.3496649284218384 -0.3496649284218384 -0.3496649284218384 -0.4212713173003296 -0.30897482909888896 -0.30897482909888896 -0.30897482909888896 -0.30897482909888896 -0.30897482909888896 -0.30897482909888896 -0.30897482909888896 -0.30897482909888896 -0.3496649284218384 -0.3496649284218384 -0.3496649284218384 -0.3496649284218384 -0.3496649284218384 -0.3496649284218384 -0.3496649284218384 -0.3496649284218384 -0.3496649284218384 -0.3496649284218384 -0.3496649284218384 -0.3496649284218384 -0.3496649284218384 -0.3496649284218384 -0.3496649284218384 -0.3496649284218384 -0.3496649284218384 -0.3496649284218384 -0.4734448347757798 -0.3496649284218384 -0.3496649284218384 -0.3496649284218384 -0.3496649284218384 -0.3496649284218384 -0.3496649284218384 -0.3496649284218384 -0.3496649284218384 -0.3496649284218384 -0.3496649284218384 -0.3496649284218384 -0.2227904376850139 -0.3496649284218384 -0.2218189456189699 -0.3496649284218384 -0.3496649284218384 -0.2227904376850139 -0.2218189456189699 -0.30897482909888896 -0.2227904376850139 -0.2227904376850139 -0.2218189456189699 -0.2218189456189699 -0.2110487279104331 -0.2110487279104331 -0.24899885862399332 -0.2227904376850139 -0.2218189456189699 -0.3067879884059045 -0.30843548053373016 -0.2227904376850139 -0.27763172978924355 -0.27763172978924355 -0.2227904376850139 -0.2218189456189699 -0.27059776400599217 -0.25510801226391805 -0.11488510854937604 -0.2392236796679184 -0.22528703886368956 -0.16772262345169592 -0.17009340280826366 -0.16344567863545403 -0.16344567863545403 -0.13642057840558366 -0.1398543477810974 -0.1312501554435824 -0.1312501554435824 -0.1312501554435824 -0.1312454863055193 -0.1293998392943914 -0.11285512384850732 -0.1177798987886289 -0.11676128308944539 -0.1167768667529405 -0.10721836682096643 -0.10199537893281267 -0.10609732429418989 -0.09239992882480158 -0.028668262276330708 -0.029555878357564007
-0.37549421057753 -0.37549421057753 -0.37549421057753 -0.4021000983989584 -0.4021000983989584 -0.3496649284218384 -0.30897482909888896 -0.30897482909888896 -0.30897482909888896 -0.30897482909888896 -0.30897482909888896 -0.30897482909888896 -0.30897482909888896 -0.30897482909888896 -0.4021000983989584 -0.4021000983989584 -0.39611957579623713 -0.4021000983989584 -0.4021000983989584 -0.4021000983989584 -0.4021000983989584 -0.4021000983989584 -0.4021000983989584 -0.4021000983989584 -0.4021000983989584 -0.4021000983989584 -0.4021000983989584 -0.37549421057753 -0.39611957579623713 -0.39611957579623713 -0.4021000983989584 -0.3525639817954666 -0.3496649284218384 -0.44944150232213287 -0.37549421057753 -0.4021000983989584 -0.41469930138579464 -0.37549421057753 -0.4021000983989584 -0.39611957579623713 -0.39611957579623713 -0.39611957579623713 -0.3849799277007823 -0.37549421057753 -0.2227904376850139 -0.37372239648288885 -0.2218189456189699 -0.37372239648288885 -0.3710109682844346 -0.2227904376850139 -0.2218189456189699 -0.30897482909888896 -0.2227904376850139 -0.2227904376850139 -0.2218189456189699 -0.2218189456189699 -0.2110487279104331 -0.2110487279104331 -0.24899885862399332 -0.2227904376850139 -0.2218189456189699 -0.3067879884059045 -0.30843548053373016 -0.2227904376850139 -0.27763172978924355 -0.27763172978924355 -0.2227904376850139 -0.2218189456189699 -0.27059776400599217 -0.25510801226391805 -0.11488510854937604 -0.2392236796679184 -0.22528703886368956 -0.16772262345169592 -0.17009340280826366 -0.16344567863545403 -0.16344567863545403 -0.13642057840558366 -0.1398543477810974 -0.1312501554435824 -0.1312501554435824 -0.1312501554435824 -0.1312454863055193 -0.1293998392943914 -0.11285512384850732 -0.1177798987886289 -0.11676128308944539 -0.1167768667529405 -0.10721836682096643 -0.10199537893281267 -0.10609732429418989 -0.09239992882480158 -0.028668262276330708 -0.029555878357564007
-0.43060689229585053 -0.43060689229585053 -0.43060689229585053 -0.37549421057753 -0.37549421057753 -0.3496649284218384 -0.30897482909888896 -0.30897482909888896 -0.30897482909888896 -0.30897482909888896 -0.30897482909888896 -0.30897482909888896 -0.30897482909888896 -0.30897482909888896 -0.37549421057753 -0.37549421057753 -0.37549421057753 -0.37549421057753 -0.37549421057753 -0.37549421057753 -0.37549421057753 -0.37549421057753 -0.37549421057753 -0.37549421057753 -0.37549421057753 -0.37549421057753 -0.37549421057753 -0.43060689229585053 -0.37549421057753 -0.37549421057753 -0.37549421057753 -0.3525639817954666 -0.3496649284218384 -0.37549421057753 -0.4306641005045783 -0.37549421057753 -0.37549421057753 -0.40953441448426087 -0.37549421057753 -0.37549421057753 -0.37549421057753 -0.37549421057753 -0.37549421057753 -0.3882125381967552 -0.2227904376850139 -0.37372239648288885 -0.2218189456189699 -0.37372239648288885 -0.3710109682844346 -0.2227904376850139 -0.2218189456189699 -0.30897482909888896 -0.2227904376850139 -0.2227904376850139 -0.2218189456189699 -0.2218189456189699 -0.2110487279104331 -0.2110487279104331 -0.24899885862399332 -0.2227904376850139 -0.2218189456189699 -0.3067879884059045 -0.30843548053373016 -0.2227904376850139 -0.27763172978924355 -0.27763172978924355 -0.2227904376850139 -0.2218189456189699 -0.27059776400599217 -0.25510801226391805 -0.11488510854937604 -0.2392236796679184 -0.22528703886368956 -0.16772262345169592 -0.17009340280826366 -0.16344567863545403 -0.16344567863545403 -0.13642057840558366 -0.1398543477810974 -0.1312501554435824 -0.1312501554435824 -0.1312501554435824 -0.1312454863055193 -0.1293998392943914 -0.11285512384850732 -0.1177798987886289 -0.11676128308944539 -0.1167768667529405 -0.10721836682096643 -0.10199537893281267 -0.10609732429418989 -0.09239992882480158 -0.028668262276330708 -0.029555878357564007
-0.37549421057753 -0.37549421057753 -0.37549421057753 -0.42910390701954004 -0.42910390701954004 -0.3496649284218384 -0.30897482909888896 -0.30897482909888896 -0.30897482909888896 -0.30897482909888896 -0.30897482909888896 -0.30897482909888896 -0.30897482909888896 -0.30897482909888896 -0.42910390701954004 -0.42910390701954004 -0.39611957579623713 -0.42910390701954004 -0.42910390701954004 -0.42910390701954004 -0.42910390701954004 -0.42910390701954004 -0.42910390701954004 -0.42910390701954004 -0.42910390701954004 -0.42910390701954004 -0.42910390701954004 -0.37549421057753 -0.39611957579623713 -0.39611957579623713 -0.42910390701954004 -0.3525639817954666 -0.3496649284218384 -0.4021000983989584 -0.37549421057753 -0.4301261631415177 -0.4021000983989584 -0.37549421057753 -0.40318134633137653 -0.39611957579623713 -0.39611957579623713 -0.39611957579623713 -0.3849799277007823 -0.37549421057753 -0.2227904376850139 -0.37372239648288885 -0.2218189456189699 -0.37372239648288885 -0.3710109682844346 -0.2227904376850139 -0.2218189456189699 -0.30897482909888896 -0.2227904376850139 -0.2227904376850139 -0.2218189456189699 -0.2218189456189699 -0.2110487279104331 -0.2110487279104331 -0.24899885862399332 -0.2227904376850139 -0.2218189456189699 -0.3067879884059045 -0.30843548053373016 -0.2227904376850139 -0.27763172978924355 -0.27763172978924355 -0.2227904376850139 -0.2218189456189699 -0.27059776400599217 -0.25510801226391805 -0.11488510854937604 -0.2392236796679184 -0.22528703886368956 -0.16772262345169592 -0.17009340280826366 -0.16344567863545403 -0.16344567863545403 -0.13642057840558366 -0.1398543477810974 -0.1312501554435824 -0.1312501554435824 -0.1312501554435824 -0.1312454863055193 -0.1293998392943914 -0.11285512384850732 -0.1177798987886289 -0.11676128308944539 -0.1167768667529405 -0.10721836682096643 -0.10199537893281267 -0.10609732429418989 -0.09239992882480158 -0.028668262276330708 -0.029555878357564007
-0.37549421057753 -0.37549421057753 -0.37549421057753 -0.4021000983989584 -0.4021000983989584 -0.3496649284218384 -0.30897482909888896 -0.30897482909888896 -0.30897482909888896 -0.30897482909888896 -0.30897482909888896 -0.30897482909888896 -0.30897482909888896 -0.30897482909888896 -0.4021000983989584 -0.4021000983989584 -0.39611957579623713 -0.4021000983989584 -0.4021000983989584 -0.4021000983989584 -0.4021000983989584 -0.4021000983989584 -0.4021000983989584 -0.4021000983989584 -0.4021000983989584 -0.4021000983989584 -0.4021000983989584 -0.37549421057753 -0.39611957579623713 -0.39611957579623713 -0.4021000983989584 -0.3525639817954666 -0.3496649284218384 -0.41469930138579464 -0.37549421057753 -0.4021000983989584 -0.4151119620364436 -0.37549421057753 -0.4021000983989584 -0.39611957579623713 -0.39611957579623713 -0.39611957579623713 -0.3849799277007823 -0.37549421057753 -0.2227904376850139 -0.37372239648288885 -0.2218189456189699 -0.37372239648288885 -0.3710109682844346 -0.2227904376850139 -0.2218189456189699 -0.30897482909888896 -0.2227904376850139 -0.2227904376850139 -0.2218189456189699 -0.2218189456189699 -0.2110487279104331 -0.2110487279104331 -0.24899885862399332 -0.2227904376850139 -0.2218189456189699 -0.3067879884059045 -0.30843548053373016 -0.2227904376850139 -0.27763172978924355 -0.27763172978924355 -0.2227904376850139 -0.2218189456189699 -0.27059776400599217 -0.25510801226391805 -0.11488510854937604 -0.2392236796679184 -0.22528703886368956 -0.16772262345169592 -0.17009340280826366 -0.16344567863545403 -0.16344567863545403 -0.13642057840558366 -0.1398543477810974 -0.1312501554435824 -0.1312501554435824 -0.1312501554435824 -0.1312454863055193 -0.1293998392943914 -0.11285512384850732 -0.1177798987886289 -0.11676128308944539 -0.1167768667529405 -0.10721836682096643 -0.10199537893281267 -0.10609732429418989 -0.09239992882480158 -0.028668262276330708 -0.029555878357564007
-0.40953441448426087 -0.40953441448426087 -0.40953441448426087 -0.37549421057753 -0.37549421057753 -0.3496649284218384 -0.30897482909888896 -0.30897482909888896 -0.30897482909888896 -0.30897482909888896 -0.30897482909888896 -0.30897482909888896 -0.30897482909888896 -0.30897482909888896 -0.37549421057753 -0.37549421057753 -0.37549421057753 -0.37549421057753 -0.37549421057753 -0.37549421057753 -0.37549421057753 -0.37549421057753 -0.37549421057753 -0.37549421057753 -0.37549421057753 -0.37549421057753 -0.37549421057753 -0.40953441448426087 -0.37549421057753 -0.37549421057753 -0.37549421057753 -0.3525639817954666 -0.3496649284218384 -0.37549421057753 -0.40953441448426087 -0.37549421057753 -0.37549421057753 -0.41066111296348157 -0.37549421057753 -0.37549421057753 -0.37549421057753 -0.37549421057753 -0.37549421057753 -0.3882125381967552 -0.2227904376850139 -0.37372239648288885 -0.2218189456189699 -0.37372239648288885 -0.3710109682844346 -0.2227904376850139 -0.2218189456189699 -0.30897482909888896 -0.2227904376850139 -0.2227904376850139 -0.2218189456189699 -0.2218189456189699 -0.2110487279104331 -0.2110487279104331 -0.24899885862399332 -0.2227904376850139 -0.2218189456189699 -0.3067879884059045 -0.30843548053373016 -0.2227904376850139 -0.27763172978924355 -0.27763172978924355 -0.2227904376850139 -0.2218189456189699 -0.27059776400599217 -0.25510801226391805 -0.11488510854937604 -0.2392236796679184 -0.22528703886368956 -0.16772262345169592 -0.17009340280826366 -0.16344567863545403 -0.16344567863545403 -0.13642057840558366 -0.1398543477810974 -0.1312501554435824 -0.1312501554435824 -0.1312501554435824 -0.1312454863055193 -0.1293998392943914 -0.11285512384850732 -0.1177798987886289 -0.11676128308944539 -0.1167768667529405 -0.10721836682096643 -0.10199537893281267 -0.10609732429418989 -0.09239992882480158 -0.028668262276330708 -0.029555878357564007
-0.37549421057753 -0.37549421057753 -0.37549421057753 -0.40318134633137653 -0.40318134633137653 -0.3496649284218384 -0.30897482909888896 -0.30897482909888896 -0.30897482909888896 -0.30897482909888896 -0.30897482909888896 -0.30897482909888896 -0.30897482909888896 -0.30897482909888896 -0.40318134633137653 -0.40318134633137653 -0.39611957579623713 -0.40318134633137653 -0.40318134633137653 -0.40318134633137653 -0.40318134633137653 -0.40318134633137653 -0.40318134633137653 -0.40318134633137653 -0.40318134633137653 -0.40318134633137653 -0.40318134633137653 -0.37549421057753 -0.39611957579623713 -0.39611957579623713 -0.40318134633137653 -0.3525639817954666 -0.3496649284218384 -0.4021000983989584 -0.37549421057753 -0.40318134633137653 -0.4021000983989584 -0.37549421057753 -0.40341078347753834 -0.39611957579623713 -0.39611957579623713 -0.39611957579623713 -0.3849799277007823 -0.37549421057753 -0.2227904376850139 -0.37372239648288885 -0.2218189456189699 -0.37372239648288885 -0.3710109682844346 -0.2227904376850139 -0.2218189456189699 -0.30897482909888896 -0.2227904376850139 -0.2227904376850139 -0.2218189456189699 -0.2218189456189699 -0.2110487279104331 -0.2110487279104331 -0.24899885862399332 -0.2227904376850139 -0.2218189456189699 -0.3067879884059045 -0.30843548053373016 -0.2227904376850139 -0.27763172978924355 -0.27763172978924355 -0.2227904376850139 -0.2218189456189699 -0.27059776400599217 -0.25510801226391805 -0.11488510854937604 -0.2392236796679184 -0.22528703886368956 -0.16772262345169592 -0.17009340280826366 -0.16344567863545403 -0.16344567863545403 -0.13642057840558366 -0.1398543477810974 -0.1312501554435824 -0.1312501554435824 -0.1312501554435824 -0.1312454863055193 -0.1293998392943914 -0.11285512384850732 -0.1177798987886289 -0.11676128308944539 -0.1167768667529405 -0.10721836682096643 -0.10199537893281267 -0.10609732429418989 -0.09239992882480158 -0.028668262276330708 -0.029555878357564007
-0.37549421057753 -0.37549421057753 -0.37549421057753 -0.39611957579623713 -0.39611957579623713 -0.3496649284218384 -0.30897482909888896 -0.30897482909888896 -0.30897482909888896 -0.30897482909888896 -0.30897482909888896 -0.30897482909888896 -0.30897482909888896 -0.30897482909888896 -0.39611957579623713 -0.39611957579623713 -0.39871915560138627 -0.39611957579623713 -0.39611957579623713 -0.39611957579623713 -0.39611957579623713 -0.39611957579623713 -0.39611957579623713 -0.39611957579623713 -0.39611957579623713 -0.39611957579623713 -0.39611957579623713 -0.37549421057753 -0.4002769968669388 -0.39871915560138627 -0.39611957579623713 -0.3525639817954666 -0.3496649284218384 -0.39611957579623713 -0.37549421057753 -0.39611957579623713 -0.39611957579623713 -0.37549421057753 -0.39611957579623713 -0.40051560620808807 -0.3978497973211428 -0.39630889194007524 -0.3849799277007823 -0.37549421057753 -0.2227904376850139 -0.37372239648288885 -0.2218189456189699 -0.37372239648288885 -0.3710109682844346 -0.2227904376850139 -0.2218189456189699 -0.30897482909888896 -0.2227904376850139 -0.2227904376850139 -0.2218189456189699 -0.2218189456189699 -0.2110487279104331 -0.2110487279104331 -0.24899885862399332 -0.2227904376850139 -0.2218189456189699 -0.3067879884059045 -0.30843548053373016 -0.2227904376850139 -0.27763172978924355 -0.27763172978924355 -0.2227904376850139 -0.2218189456189699 -0.27059776400599217 -0.25510801226391805 -0.11488510854937604 -0.2392236796679184 -0.22528703886368956 -0.16772262345169592 -0.17009340280826366 -0.16344567863545403 -0.16344567863545403 -0.13642057840558366 -0.1398543477810974 -0.1312501554435824 -0.1312501554435824 -0.1312501554435824 -0.1312454863055193 -0.1293998392943914 -0.11285512384850732 -0.1177798987886289 -0.11676128308944539 -0.1167768667529405 -0.10721836682096643 -0.10199537893281267 -0.10609732429418989 -0.09239992882480158 -0.028668262276330708 -0.029555878357564007
-0.37549421057753 -0.37549421057753 -0.37549421057753 -0.39611957579623713 -0.39611957579623713 -0.3496649284218384 -0.30897482909888896 -0.30897482909888896 -0.30897482909888896 -0.30897482909888896 -0.30897482909888896 -0.30897482909888896 -0.30897482909888896 -0.30897482909888896 -0.39611957579623713 -0.39611957579623713 -0.3978497973211428 -0.39611957579623713 -0.39611957579623713 -0.39611957579623713 -0.39611957579623713 -0.39611957579623713 -0.39611957579623713 -0.39611957579623713 -0.39611957579623713 -0.39611957579623713 -0.39611957579623713 -0.37549421057753 -0.3978497973211428 -0.3978497973211428 -0.39611957579623713 -0.3525639817954666 -0.3496649284218384 -0.39611957579623713 -0.37549421057753 -0.39611957579623713 -0.39611957579623713 -0.37549421057753 -0.39611957579623713 -0.3978497973211428 -0.39793997431362677 -0.39630889194007524 -0.3849799277007823 -0.37549421057753 -0.2227904376850139 -0.37372239648288885 -0.2218189456189699 -0.37372239648288885 -0.3710109682844346 -0.2227904376850139 -0.2218189456189699 -0.30897482909888896 -0.2227904376850139 -0.2227904376850139 -0.2218189456189699 -0.2218189456189699 -0.2110487279104331 -0.2110487279104331 -0.24899885862399332 -0.2227904376850139 -0.2218189456189699 -0.3067879884059045 -0.30843548053373016 -0.2227904376850139 -0.27763172978924355 -0.27763172978924355 -0.2227904376850139 -0.2218189456189699 -0.27059776400599217 -0.25510801226391805 -0.11488510854937604 -0.2392236796679184 -0.22528703886368956 -0.16772262345169592 -0.17009340280826366 -0.16344567863545403 -0.16344567863545403 -0.13642057840558366 -0.1398543477810974 -0.1312501554435824 -0.1312501554435824 -0.1312501554435824 -0.1312454863055193 -0.1293998392943914 -0.11285512384850732 -0.1177798987886289 -0.11676128308944539 -0.1167768667529405 -0.10721836682096643 -0.10199537893281267 -0.10609732429418989 -0.09239992882480158 -0.028668262276330708 -0.029555878357564007
-0.37549421057753 -0.37549421057753 -0.37549421057753 -0.39611957579623713 -0.39611957579623713 -0.3496649284218384 -0.30897482909888896 -0.30897482909888896 -0.30897482909888896 -0.30897482909888896 -0.30897482909888896 -0.30897482909888896 -0.30897482909888896 -0.30897482909888896 -0.39611957579623713 -0.39611957579623713 -0.39630889194007524 -0.39611957579623713 -0.39611957579623713 -0.39611957579623713 -0.39611957579623713 -0.39611957579623713 -0.39611957579623713 -0.39611957579623713 -0.39611957579623713 -0.39611957579623713 -0.39611957579623713 -0.37549421057753 -0.39630889194007524 -0.39630889194007524 -0.39611957579623713 -0.3525639817954666 -0.3496649284218384 -0.39611957579623713 -0.37549421057753 -0.39611957579623713 -0.39611957579623713 -0.37549421057753 -0.39611957579623713 -0.39630889194007524 -0.39630889194007524 -0.3969894300529554 -0.3849799277007823 -0.37549421057753 -0.2227904376850139 -0.37372239648288885 -0.2218189456189699 -0.37372239648288885 -0.3710109682844346 -0.2227904376850139 -0.2218189456189699 -0.30897482909888896 -0.2227904376850139 -0.2227904376850139 -0.2218189456189699 -0.2218189456189699 -0.2110487279104331 -0.2110487279104331 -0.24899885862399332 -0.2227904376850139 -0.2218189456189699 -0.3067879884059045 -0.30843548053373016 -0.2227904376850139 -0.27763172978924355 -0.27763172978924355 -0.2227904376850139 -0.2218189456189699 -0.27059776400599217 -0.25510801226391805 -0.11488510854937604 -0.2392236796679184 -0.22528703886368956 -0.16772262345169592 -0.17009340280826366 -0.16344567863545403 -0.16344567863545403 -0.13642057840558366 -0.1398543477810974 -0.1312501554435824 -0.1312501554435824 -0.1312501554435824 -0.1312454863055193 -0.1293998392943914 -0.11285512384850732 -0.1177798987886289 -0.11676128308944539 -0.1167768667529405 -0.10721836682096643 -0.10199537893281267 -0.10609732429418989 -0.09239992882480158 -0.028668262276330708 -0.029555878357564007
-0.37549421057753 -0.37549421057753 -0.37549421057753 -0.3849799277007823 -0.3849799277007823 -0.3496649284218384 -0.30897482909888896 -0.30897482909888896 -0.30897482909888896 -0.30897482909888896 -0.30897482909888896 -0.30897482909888896 -0.30897482909888896 -0.30897482909888896 -0.3849799277007823 -0.3849799277007823 -0.3849799277007823 -0.3849799277007823 -0.3849799277007823 -0.3849799277007823 -0.3849799277007823 -0.3849799277007823 -0.3849799277007823 -0.3849799277007823 -0.3849799277007823 -0.3849799277007823 -0.3849799277007823 -0.37549421057753 -0.3849799277007823 -0.3849799277007823 -0.3849799277007823 -0.3525639817954666 -0.3496649284218384 -0.3849799277007823 -0.37549421057753 -0.3849799277007823 -0.3849799277007823 -0.37549421057753 -0.3849799277007823 -0.3849799277007823 -0.3849799277007823 -0.3849799277007823 -0.3944341321717997 -0.37549421057753 -0.2227904376850139 -0.37372239648288885 -0.2218189456189699 -0.37372239648288885 -0.3710109682844346 -0.2227904376850139 -0.2218189456189699 -0.30897482909888896 -0.2227904376850139 -0.2227904376850139 -0.2218189456189699 -0.2218189456189699 -0.2110487279104331 -0.2110487279104331 -0.24899885862399332 -0.2227904376850139 -0.2218189456189699 -0.3067879884059045 -0.30843548053373016 -0.2227904376850139 -0.27763172978924355 -0.27763172978924355 -0.2227904376850139 -0.2218189456189699 -0.27059776400599217 -0.25510801226391805 -0.11488510854937604 -0.2392236796679184 -0.22528703886368956 -0.16772262345169592 -0.17009340280826366 -0.16344567863545403 -0.16344567863545403 -0.13642057840558366 -0.1398543477810974 -0.1312501554435824 -0.1312501554435824 -0.1312501554435824 -0.1312454863055193 -0.1293998392943914 -0.11285512384850732 -0.1177798987886289 -0.11676128308944539 -0.1167768667529405 -0.10721836682096643 -0.10199537893281267 -0.10609732429418989 -0.09239992882480158 -0.028668262276330708 -0.029555878357564007
-0.3882125381967552 -0.3882125381967552 -0.3882125381967552 -0.37549421057753 -0.37549421057753 -0.3496649284218384 -0.30897482909888896 -0.30897482909888896 -0.30897482909888896 -0.30897482909888896 -0.30897482909888896 -0.30897482909888896 -0.30897482909888896 -0.30897482909888896 -0.37549421057753 -0.37549421057753 -0.37549421057753 -0.37549421057753 -0.37549421057753 -0.37549421057753 -0.37549421057753 -0.37549421057753 -0.37549421057753 -0.37549421057753 -0.37549421057753 -0.37549421057753 -0.37549421057753 -0.3882125381967552 -0.37549421057753 -0.37549421057753 -0.37549421057753 -0.3525639817954666 -0.3496649284218384 -0.37549421057753 -0.3882125381967552 -0.37549421057753 -0.37549421057753 -0.3882125381967552 -0.37549421057753 -0.37549421057753 -0.37549421057753 -0.37549421057753 -0.37549421057753 -0.38921112832160026 -0.2227904376850139 -0.37372239648288885 -0.2218189456189699 -0.37372239648288885 -0.3710109682844346 -0.2227904376850139 -0.2218189456189699 -0.30897482909888896 -0.2227904376850139 -0.2227904376850139 -0.2218189456189699 -0.2218189456189699 -0.2110487279104331 -0.2110487279104331 -0.24899885862399332 -0.2227904376850139 -0.2218189456189699 -0.3067879884059045 -0.30843548053373016 -0.2227904376850139 -0.27763172978924355 -0.27763172978924355 -0.2227904376850139 -0.2218189456189699 -0.27059776400599217 -0.25510801226391805 -0.11488510854937604 -0.2392236796679184 -0.22528703886368956 -0.16772262345169592 -0.17009340280826366 -0.16344567863545403 -0.16344567863545403 -0.13642057840558366 -0.1398543477810974 -0.1312501554435824 -0.1312501554435824 -0.1312501554435824 -0.1312454863055193 -0.1293998392943914 -0.11285512384850732 -0.1177798987886289 -0.11676128308944539 -0.1167768667529405 -0.10721836682096643 -0.10199537893281267 -0.10609732429418989 -0.09239992882480158 -0.028668262276330708 -0.029555878357564007
-0.2227904376850139 -0.2227904376850139 -0.2227904376850139 -0.2227904376850139 -0.2227904376850139 -0.2227904376850139 -0.2227904376850139 -0.2227904376850139 -0.2227904376850139 -0.2227904376850139 -0.2227904376850139 -0.2227904376850139 -0.2227904376850139 -0.2227904376850139 -0.2227904376850139 -0.2227904376850139 -0.2227904376850139 -0.2227904376850139 -0.2227904376850139 -0.2227904376850139 -0.2227904376850139 -0.2227904376850139 -0.2227904376850139 -0.2227904376850139 -0.2227904376850139 -0.2227904376850139 -0.2227904376850139 -0.2227904376850139 -0.2227904376850139 -0.2227904376850139 -0.2227904376850139 -0.2227904376850139 -0.2227904376850139 -0.2227904376850139 -0.2227904376850139 -0.2227904376850139 -0.2227904376850139 -0.2227904376850139 -0.2227904376850139 -0.2227904376850139 -0.2227904376850139 -0.2227904376850139 -0.2227904376850139 -0.2227904376850139 -0.3848039497056876 -0.2227904376850139 -0.2218189456189699 -0.2227904376850139 -0.2227904376850139 -0.28337621212777575 -0.2218189456189699 -0.2227904376850139 -0.3522488899542703 -0.28337621212777575 -0.2218189456189699 -0.2218189456189699 -0.2110487279104331 -0.2110487279104331 -0.2227904376850139 -0.27913755536815016 -0.2218189456189699 -0.2227904376850139 -0.2227904376850139 -0.2783797787259138 -0.2227904376850139 -0.2227904376850139 -0.2639722541003151 -0.2218189456189699 -0.2227904376850139 -0.2227904376850139 -0.11488510854937604 -0.2227904376850139 -0.2227904376850139 -0.16772262345169592 -0.17009340280826366 -0.16344567863545403 -0.16344567863545403 -0.13642057840558366 -0.1398543477810974 -0.1312501554435824 -0.1312501554435824 -0.1312501554435824 -0.1312454863055193 -0.1293998392943914 -0.11285512384850732 -0.1177798987886289 -0.11676128308944539 -0.1167768667529405 -0.10721836682096643 -0.10199537893281267 -0.10609732429418989 -0.09239992882480158 -0.028668262276330708 -0.029555878357564007
-0.37372239648288885 -0.37372239648288885 -0.37372239648288885 -0.37372239648288885 -0.37372239648288885 -0.3496649284218384 -0.30897482909888896 -0.30897482909888896 -0.30897482909888896 -0.30897482909888896 -0.30897482909888896 -0.30897482909888896 -0.30897482909888896 -0.30897482909888896 -0.37372239648288885 -0.37372239648288885 -0.37372239648288885 -0.37372239648288885 -0.37372239648288885 -0.37372239648288885 -0.37372239648288885 -0.37372239648288885 -0.37372239648288885 -0.37372239648288885 -0.37372239648288885 -0.37372239648288885 -0.37372239648288885 -0.37372239648288885 -0.37372239648288885 -0.37372239648288885 -0.37372239648288885 -0.3525639817954666 -0.3496649284218384 -0.37372239648288885 -0.37372239648288885 -0.37372239648288885 -0.37372239648288885 -0.37372239648288885 -0.37372239648288885 -0.37372239648288885 -0.37372239648288885 -0.37372239648288885 -0.37372239648288885 -0.37372239648288885 -0.2227904376850139 -0.3830042864035303 -0.2218189456189699 -0.3744890960393686 -0.3710109682844346 -0.2227904376850139 -0.2218189456189699 -0.30897482909888896 -0.2227904376850139 -0.2227904376850139 -0.2218189456189699 -0.2218189456189699 -0.2110487279104331 -0.2110487279104331 -0.24899885862399332 -0.2227904376850139 -0.2218189456189699 -0.3067879884059045 -0.30843548053373016 -0.2227904376850139 -0.27763172978924355 -0.27763172978924355 -0.2227904376850139 -0.2218189456189699 -0.27059776400599217 -0.25510801226391805 -0.11488510854937604 -0.2392236796679184 -0.22528703886368956 -0.16772262345169592 -0.17009340280826366 -0.16344567863545403 -0.16344567863545403 -0.13642057840558366 -0.1398543477810974 -0.1312501554435824 -0.1312501554435824 -0.1312501554435824 -0.1312454863055193 -0.1293998392943914 -0.11285512384850732 -0.1177798987886289 -0.11676128308944539 -0.1167768667529405 -0.10721836682096643 -0.10199537893281267 -0.10609732429418989 -0.09239992882480158 -0.028668262276330708 -0.029555878357564007
-0.2218189456189699 -0.2218189456189699 -0.2218189456189699 -0.2218189456189699 -0.2218189456189699 -0.2218189456189699 -0.2218189456189699 -0.2218189456189699 -0.2218189456189699 -0.2218189456189699 -0.2218189456189699 -0.2218189456189699 -0.2218189456189699 -0.2218189456189699 -0.2218189456189699 -0.2218189456189699 -0.2218189456189699 -0.2218189456189699 -0.2218189456189699 -0.2218189456189699 -0.2218189456189699 -0.2218189456189699 -0.2218189456189699 -0.2218189456189699 -0.2218189456189699 -0.2218189456189699 -0.2218189456189699 -0.2218189456189699 -0.2218189456189699 -0.2218189456189699 -0.2218189456189699 -0.2218189456189699 -0.2218189456189699 -0.2218189456189699 -0.2218189456189699 -0.2218189456189699 -0.2218189456189699 -0.2218189456189699 -0.2218189456189699 -0.2218189456189699 -0.2218189456189699 -0.2218189456189699 -0.2218189456189699 -0.2218189456189699 -0.2218189456189699 -0.2218189456189699 -0.3825153921390218 -0.2218189456189699 -0.2218189456189699 -0.2218189456189699 -0.31368711466568017 -0.2218189456189699 -0.2218189456189699 -0.2218189456189699 -0.2943168726859356 -0.2835259488179909 -0.2110487279104331 -0.2110487279104331 -0.2218189456189699 -0.2218189456189699 -0.2835259488179909 -0.2218189456189699 -0.2218189456189699 -0.2218189456189699 -0.2218189456189699 -0.2218189456189699 -0.2218189456189699 -0.22592440757583507 -0.2218189456189699 -0.2218189456189699 -0.11488510854937604 -0.2218189456189699 -0.2218189456189699 -0.16772262345169592 -0.17009340280826366 -0.16344567863545403 -0.16344567863545403 -0.13642057840558366 -0.1398543477810974 -0.1312501554435824 -0.1312501554435824 -0.1312501554435824 -0.1312454863055193 -0.1293998392943914 -0.11285512384850732 -0.1177798987886289 -0.11676128308944539 -0.1167768667529405 -0.10721836682096643 -0.10199537893281267 -0.10609732429418989 -0.09239992882480158 -0.028668262276330708 -0.029555878357564007
-0.37372239648288885 -0.37372239648288885 -0.37372239648288885 -0.37372239648288885 -0.37372239648288885 -0.3496649284218384 -0.30897482909888896 -0.30897482909888896 -0.30897482909888896 -0.30897482909888896 -0.30897482909888896 -0.30897482909888896 -0.30897482909888896 -0.30897482909888896 -0.37372239648288885 -0.37372239648288885 -0.37372239648288885 -0.37372239648288885 -0.37372239648288885 -0.37372239648288885 -0.37372239648288885 -0.37372239648288885 -0.37372239648288885 -0.37372239648288885 -0.37372239648288885 -0.37372239648288885 -0.37372239648288885 -0.37372239648288885 -0.37372239648288885 -0.37372239648288885 -0.37372239648288885 -0.3525639817954666 -0.3496649284218384 -0.37372239648288885 -0.37372239648288885 -0.37372239648288885 -0.37372239648288885 -0.37372239648288885 -0.37372239648288885 -0.37372239648288885 -0.37372239648288885 -0.37372239648288885 -0.37372239648288885 -0.37372239648288885 -0.2227904376850139 -0.3744890960393686 -0.2218189456189699 -0.38078916190789136 -0.3710109682844346 -0.2227904376850139 -0.2218189456189699 -0.30897482909888896 -0.2227904376850139 -0.2227904376850139 -0.2218189456189699 -0.2218189456189699 -0.2110487279104331 -0.2110487279104331 -0.24899885862399332 -0.2227904376850139 -0.2218189456189699 -0.3067879884059045 -0.30843548053373016 -0.2227904376850139 -0.27763172978924355 -0.27763172978924355 -0.2227904376850139 -0.2218189456189699 -0.27059776400599217 -0.25510801226391805 -0.11488510854937604 -0.2392236796679184 -0.22528703886368956 -0.16772262345169592 -0.17009340280826366 -0.16344567863545403 -0.16344567863545403 -0.13642057840558366 -0.1398543477810974 -0.1312501554435824 -0.1312501554435824 -0.1312501554435824 -0.1312454863055193 -0.1293998392943914 -0.11285512384850732 -0.1177798987886289 -0.11676128308944539 -0.1167768667529405 -0.10721836682096643 -0.10199537893281267 -0.10609732429418989 -0.09239992882480158 -0.028668262276330708 -0.029555878357564007
-0.3710109682844346 -0.3710109682844346 -0.3710109682844346 -0.3710109682844346 -0.3710109682844346 -0.3496649284218384 -0.30897482909888896 -0.30897482909888896 -0.30897482909888896 -0.30897482909888896 -0.30897482909888896 -0.30897482909888896 -0.30897482909888896 -0.30897482909888896 -0.3710109682844346 -0.3710109682844346 -0.3710109682844346 -0.3710109682844346 -0.3710109682844346 -0.3710109682844346 -0.3710109682844346 -0.3710109682844346 -0.3710109682844346 -0.3710109682844346 -0.3710109682844346 -0.3710109682844346 -0.3710109682844346 -0.3710109682844346 -0.3710109682844346 -0.3710109682844346 -0.3710109682844346 -0.3525639817954666 -0.3496649284218384 -0.3710109682844346 -0.3710109682844346 -0.3710109682844346 -0.3710109682844346 -0.3710109682844346 -0.3710109682844346 -0.3710109682844346 -0.3710109682844346 -0.3710109682844346 -0.3710109682844346 -0.3710109682844346 -0.2227904376850139 -0.3710109682844346 -0.2218189456189699 -0.3710109682844346 -0.3752823504745499 -0.2227904376850139 -0.2218189456189699 -0.30897482909888896 -0.2227904376850139 -0.2227904376850139 -0.2218189456189699 -0.2218189456189699 -0.2110487279104331 -0.2110487279104331 -0.24899885862399332 -0.2227904376850139 -0.2218189456189699 -0.3067879884059045 -0.30843548053373016 -0.2227904376850139 -0.27763172978924355 -0.27763172978924355 -0.2227904376850139 -0.2218189456189699 -0.27059776400599217 -0.25510801226391805 -0.11488510854937604 -0.2392236796679184 -0.22528703886368956 -0.16772262345169592 -0.17009340280826366 -0.16344567863545403 -0.16344567863545403 -0.13642057840558366 -0.1398543477810974 -0.1312501554435824 -0.1312501554435824 -0.1312501554435824 -0.1312454863055193 -0.1293998392943914 -0.11285512384850732 -0.1177798987886289 -0.11676128308944539 -0.1167768667529405 -0.10721836682096643 -0.10199537893281267 -0.10609732429418989 -0.09239992882480158 -0.028668262276330708 -0.029555878357564007
-0.2227904376850139 -0.2227904376850139 -0.2227904376850139 -0.2227904376850139 -0.2227904376850139 -0.2227904376850139 -0.2227904376850139 -0.2227904376850139 -0.2227904376850139 -0.2227904376850139 -0.2227904376850139 -0.2227904376850139 -0.2227904376850139 -0.2227904376850139 -0.2227904376850139 -0.2227904376850139 -0.2227904376850139 -0.2227904376850139 -0.2227904376850139 -0.2227904376850139 -0.2227904376850139 -0.2227904376850139 -0.2227904376850139 -0.2227904376850139 -0.2227904376850139 -0.2227904376850139 -0.2227904376850139 -0.2227904376850139 -0.2227904376850139 -0.2227904376850139 -0.2227904376850139 -0.2227904376850139 -0.2227904376850139 -0.2227904376850139 -0.2227904376850139 -0.2227904376850139 -0.2227904376850139 -0.2227904376850139 -0.2227904376850139 -0.2227904376850139 -0.2227904376850139 -0.2227904376850139 -0.2227904376850139 -0.2227904376850139 -0.28337621212777575 -0.2227904376850139 -0.2218189456189699 -0.2227904376850139 -0.2227904376850139 -0.37334863984519456 -0.2218189456189699 -0.2227904376850139 -0.28337621212777575 -0.3461693009076227 -0.2218189456189699 -0.2218189456189699 -0.2110487279104331 -0.2110487279104331 -0.2227904376850139 -0.27913755536815016 -0.2218189456189699 -0.2227904376850139 -0.2227904376850139 -0.2783797787259138 -0.2227904376850139 -0.2227904376850139 -0.2639722541003151 -0.2218189456189699 -0.2227904376850139 -0.2227904376850139 -0.11488510854937604 -0.2227904376850139 -0.2227904376850139 -0.16772262345169592 -0.17009340280826366 -0.16344567863545403 -0.16344567863545403 -0.13642057840558366 -0.1398543477810974 -0.1312501554435824 -0.1312501554435824 -0.1312501554435824 -0.1312454863055193 -0.1293998392943914 -0.11285512384850732 -0.1177798987886289 -0.11676128308944539 -0.1167768667529405 -0.10721836682096643 -0.10199537893281267 -0.10609732429418989 -0.09239992882480158 -0.028668262276330708 -0.029555878357564007
-0.2218189456189699 -0.2218189456189699 -0.2218189456189699 -0.2218189456189699 -0.2218189456189699 -0.2218189456189699 -0.2218189456189699 -0.2218189456189699 -0.2218189456189699 -0.2218189456189699 -0.2218189456189699 -0.2218189456189699 -0.2218189456189699 -0.2218189456189699 -0.2218189456189699 -0.2218189456189699 -0.2218189456189699 -0.2218189456189699 -0.2218189456189699 -0.2218189456189699 -0.2218189456189699 -0.2218189456189699 -0.2218189456189699 -0.2218189456189699 -0.2218189456189699 -0.2218189456189699 -0.2218189456189699 -0.2218189456189699 -0.2218189456189699 -0.2218189456189699 -0.2218189456189699 -0.2218189456189699 -0.2218189456189699 -0.2218189456189699 -0.2218189456189699 -0.2218189456189699 -0.2218189456189699 -0.2218189456189699 -0.2218189456189699 -0.2218189456189699 -0.2218189456189699 -0.2218189456189699 -0.2218189456189699 -0.2218189456189699 -0.2218189456189699 -0.2218189456189699 -0.31368711466568017 -0.2218189456189699 -0.2218189456189699 -0.2218189456189699 -0.3706912981724754 -0.2218189456189699 -0.2218189456189699 -0.2218189456189699 -0.2943168726859356 -0.2835259488179909 -0.2110487279104331 -0.2110487279104331 -0.2218189456189699 -0.2218189456189699 -0.2835259488179909 -0.2218189456189699 -0.2218189456189699 -0.2218189456189699 -0.2218189456189699 -0.2218189456189699 -0.2218189456189699 -0.22592440757583507 -0.2218189456189699 -0.2218189456189699 -0.11488510854937604 -0.2218189456189699 -0.2218189456189699 -0.16772262345169592 -0.17009340280826366 -0.16344567863545403 -0.16344567863545403 -0.13642057840558366 -0.1398543477810974 -0.1312501554435824 -0.1312501554435824 -0.1312501554435824 -0.1312454863055193 -0.1293998392943914 -0.11285512384850732 -0.1177798987886289 -0.11676128308944539 -0.1167768667529405 -0.10721836682096643 -0.10199537893281267 -0.10609732429418989 -0.09239992882480158 -0.028668262276330708 -0.029555878357564007
-0.30897482909888896 -0.30897482909888896 -0.30897482909888896 -0.30897482909888896 -0.30897482909888896 -0.30897482909888896 -0.34412438970452974 -0.34412438970452974 -0.34412438970452974 -0.34412438970452974 -0.34412438970452974 -0.34412438970452974 -0.34412438970452974 -0.34412438970452974 -0.30897482909888896 -0.30897482909888896 -0.30897482909888896 -0.30897482909888896 -0.30897482909888896 -0.30897482909888896 -0.30897482909888896 -0.30897482909888896 -0.30897482909888896 -0.30897482909888896 -0.30897482909888896 -0.30897482909888896 -0.30897482909888896 -0.30897482909888896 -0.30897482909888896 -0.30897482909888896 -0.30897482909888896 -0.30897482909888896 -0.30897482909888896 -0.30897482909888896 -0.30897482909888896 -0.30897482909888896 -0.30897482909888896 -0.30897482909888896 -0.30897482909888896 -0.30897482909888896 -0.30897482909888896 -0.30897482909888896 -0.30897482909888896 -0.30897482909888896 -0.2227904376850139 -0.30897482909888896 -0.2218189456189699 -0.30897482909888896 -0.30897482909888896 -0.2227904376850139 -0.2218189456189699 -0.36631638309845993 -0.2227904376850139 -0.2227904376850139 -0.2218189456189699 -0.2218189456189699 -0.2110487279104331 -0.2110487279104331 -0.24899885862399332 -0.2227904376850139 -0.2218189456189699 -0.3067879884059045 -0.30843548053373016 -0.2227904376850139 -0.27763172978924355 -0.27763172978924355 -0.2227904376850139 -0.2218189456189699 -0.27059776400599217 -0.25510801226391805 -0.11488510854937604 -0.2392236796679184 -0.22528703886368956 -0.16772262345169592 -0.17009340280826366 -0.16344567863545403 -0.16344567863545403 -0.13642057840558366 -0.1398543477810974 -0.1312501554435824 -0.1312501554435824 -0.1312501554435824 -0.1312454863055193 -0.1293998392943914 -0.11285512384850732 -0.1177798987886289 -0.11676128308944539 -0.1167768667529405 -0.10721836682096643 -0.10199537893281267 -0.10609732429418989 -0.09239992882480158 -0.028668262276330708 -0.029555878357564007
-0.2227904376850139 -0.2227904376850139 -0.2227904376850139 -0.2227904376850139 -0.2227904376850139 -0.2227904376850139 -0.2227904376850139 -0.2227904376850139 -0.2227904376850139 -0.2227904376850139 -0.2227904376850139 -0.2227904376850139 -0.2227904376850139 -0.2227904376850139 -0.2227904376850139 -0.2227904376850139 -0.2227904376850139 -0.2227904376850139 -0.2227904376850139 -0.2227904376850139 -0.2227904376850139 -0.2227904376850139 -0.2227904376850139 -0.2227904376850139 -0.2227904376850139 -0.2227904376850139 -0.2227904376850139 -0.2227904376850139 -0.2227904376850139 -0.2227904376850139 -0.2227904376850139 -0.2227904376850139 -0.2227904376850139 -0.2227904376850139 -0.2227904376850139 -0.2227904376850139 -0.2227904376850139 -0.2227904376850139 -0.2227904376850139 -0.2227904376850139 -0.2227904376850139 -0.2227904376850139 -0.2227904376850139 -0.2227904376850139 -0.3522488899542703 -0.2227904376850139 -0.2218189456189699 -0.2227904376850139 -0.2227904376850139 -0.28337621212777575 -0.2218189456189699 -0.2227904376850139 -0.36417024605692766 -0.28337621212777575 -0.2218189456189699 -0.2218189456189699 -0.2110487279104331 -0.2110487279104331 -0.2227904376850139 -0.27913755536815016 -0.2218189456189699 -0.2227904376850139 -0.2227904376850139 -0.2783797787259138 -0.2227904376850139 -0.2227904376850139 -0.2639722541003151 -0.2218189456189699 -0.2227904376850139 -0.2227904376850139 -0.11488510854937604 -0.2227904376850139 -0.2227904376850139 -0.16772262345169592 -0.17009340280826366 -0.16344567863545403 -0.16344567863545403 -0.13642057840558366 -0.1398543477810974 -0.1312501554435824 -0.1312501554435824 -0.1312501554435824 -0.1312454863055193 -0.1293998392943914 -0.11285512384850732 -0.1177798987886289 -0.11676128308944539 -0.1167768667529405 -0.10721836682096643 -0.10199537893281267 -0.10609732429418989 -0.09239992882480158 -0.028668262276330708 -0.029555878357564007
-0.2227904376850139 -0.2227904376850139 -0.2227904376850139 -0.2227904376850139 -0.2227904376850139 -0.2227904376850139 -0.2227904376850139 -0.2227904376850139 -0.2227904376850139 -0.2227904376850139 -0.2227904376850139 -0.2227904376850139 -0.2227904376850139 -0.2227904376850139 -0.2227904376850139 -0.2227904376850139 -0.2227904376850139 -0.2227904376850139 -0.2227904376850139 -0.2227904376850139 -0.2227904376850139 -0.2227904376850139 -0.2227904376850139 -0.2227904376850139 -0.2227904376850139 -0.2227904376850139 -0.2227904376850139 -0.2227904376850139 -0.2227904376850139 -0.2227904376850139 -0.2227904376850139 -0.2227904376850139 -0.2227904376850139 -0.2227904376850139 -0.2227904376850139 -0.2227904376850139 -0.2227904376850139 -0.2227904376850139 -0.2227904376850139 -0.2227904376850139 -0.2227904376850139 -0.2227904376850139 -0.2227904376850139 -0.2227904376850139 -0.28337621212777575 -0.2227904376850139 -0.2218189456189699 -0.2227904376850139 -0.2227904376850139 -0.3461693009076227 -0.2218189456189699 -0.2227904376850139 -0.28337621212777575 -0.3627520264337972 -0.2218189456189699 -0.2218189456189699 -0.2110487279104331 -0.2110487279104331 -0.2227904376850139 -0.27913755536815016 -0.2218189456189699 -0.2227904376850139 -0.2227904376850139 -0.2783797787259138 -0.2227904376850139 -0.2227904376850139 -0.2639722541003151 -0.2218189456189699 -0.2227904376850139 -0.2227904376850139 -0.11488510854937604 -0.2227904376850139 -0.2227904376850139 -0.16772262345169592 -0.17009340280826366 -0.16344567863545403 -0.16344567863545403 -0.13642057840558366 -0.1398543477810974 -0.1312501554435824 -0.1312501554435824 -0.1312501554435824 -0.1312454863055193 -0.1293998392943914 -0.11285512384850732 -0.1177798987886289 -0.11676128308944539 -0.1167768667529405 -0.10721836682096643 -0.10199537893281267 -0.10609732429418989 -0.09239992882480158 -0.028668262276330708 -0.029555878357564007
-0.2218189456189699 -0.2218189456189699 -0.2218189456189699 -0.2218189456189699 -0.2218189456189699 -0.2218189456189699 -0.2218189456189699 -0.2218189456189699 -0.2218189456189699 -0.2218189456189699 -0.2218189456189699 -0.2218189456189699 -0.2218189456189699 -0.2218189456189699 -0.2218189456189699 -0.2218189456189699 -0.2218189456189699 -0.2218189456189699 -0.2218189456189699 -0.2218189456189699 -0.2218189456189699 -0.2218189456189699 -0.2218189456189699 -0.2218189456189699 -0.2218189456189699 -0.2218189456189699 -0.2218189456189699 -0.2218189456189699 -0.2218189456189699 -0.2218189456189699 -0.2218189456189699 -0.2218189456189699 -0.2218189456189699 -0.2218189456189699 -0.2218189456189699 -0.2218189456189699 -0.2218189456189699 -0.2218189456189699 -0.2218189456189699 -0.2218189456189699 -0.2218189456189699 -0.2218189456189699 -0.2218189456189699 -0.2218189456189699 -0.2218189456189699 -0.2218189456189699 -0.2943168726859356 -0.2218189456189699 -0.2218189456189699 -0.2218189456189699 -0.2943168726859356 -0.2218189456189699 -0.2218189456189699 -0.2218189456189699 -0.36219630971282524 -0.2835259488179909 -0.2110487279104331 -0.2110487279104331 -0.2218189456189699 -0.2218189456189699 -0.2835259488179909 -0.2218189456189699 -0.2218189456189699 -0.2218189456189699 -0.2218189456189699 -0.2218189456189699 -0.2218189456189699 -0.22592440757583507 -0.2218189456189699 -0.2218189456189699 -0.11488510854937604 -0.2218189456189699 -0.2218189456189699 -0.16772262345169592 -0.17009340280826366 -0.16344567863545403 -0.16344567863545403 -0.13642057840558366 -0.1398543477810974 -0.1312501554435824 -0.1312501554435824 -0.1312501554435824 -0.1312454863055193 -0.1293998392943914 -0.11285512384850732 -0.1177798987886289 -0.11676128308944539 -0.1167768667529405 -0.10721836682096643 -0.10199537893281267 -0.10609732429418989 -0.09239992882480158 -0.028668262276330708 -0.029555878357564007
-0.2218189456189699 -0.2218189456189699 -0.2218189456189699 -0.2218189456189699 -0.2218189456189699 -0.2218189456189699 -0.2218189456189699 -0.2218189456189699 -0.2218189456189699 -0.2218189456189699 -0.2218189456189699 -0.2218189456189699 -0.2218189456189699 -0.2218189456189699 -0.2218189456189699 -0.2218189456189699 -0.2218189456189699 -0.2218189456189699 -0.2218189456189699 -0.2218189456189699 -0.2218189456189699 -0.2218189456189699 -0.2218189456189699 -0.2218189456189699 -0.2218189456189699 -0.2218189456189699 -0.2218189456189699 -0.2218189456189699 -0.2218189456189699 -0.2218189456189699 -0.2218189456189699 -0.2218189456189699 -0.2218189456189699 -0.2218189456189699 -0.2218189456189699 -0.2218189456189699 -0.2218189456189699 -0.2218189456189699 -0.2218189456189699 -0.2218189456189699 -0.2218189456189699 -0.2218189456189699 -0.2218189456189699 -0.2218189456189699 -0.2218189456189699 -0.2218189456189699 -0.2835259488179909 -0.2218189456189699 -0.2218189456189699 -0.2218189456189699 -0.2835259488179909 -0.2218189456189699 -0.2218189456189699 -0.2218189456189699 -0.2835259488179909 -0.3598918704150468 -0.2110487279104331 -0.2110487279104331 -0.2218189456189699 -0.2218189456189699 -0.3074723595647655 -0.2218189456189699 -0.2218189456189699 -0.2218189456189699 -0.2218189456189699 -0.2218189456189699 -0.2218189456189699 -0.22592440757583507 -0.2218189456189699 -0.2218189456189699 -0.11488510854937604 -0.2218189456189699 -0.2218189456189699 -0.16772262345169592 -0.17009340280826366 -0.16344567863545403 -0.16344567863545403 -0.13642057840558366 -0.1398543477810974 -0.1312501554435824 -0.1312501554435824 -0.1312501554435824 -0.1312454863055193 -0.1293998392943914 -0.11285512384850732 -0.1177798987886289 -0.11676128308944539 -0.1167768667529405 -0.10721836682096643 -0.10199537893281267 -0.10609732429418989 -0.09239992882480158 -0.028668262276330708 -0.029555878357564007
-0.2110487279104331 -0.2110487279104331 -0.2110487279104331 -0.2110487279104331 -0.2110487279104331 -0.2110487279104331 -0.2110487279104331 -0.2110487279104331 -0.2110487279104331 -0.2110487279104331 -0.2110487279104331 -0.2110487279104331 -0.2110487279104331 -0.2110487279104331 -0.2110487279104331 -0.2110487279104331 -0.2110487279104331 -0.2110487279104331 -0.2110487279104331 -0.2110487279104331 -0.2110487279104331 -0.2110487279104331 -0.2110487279104331 -0.2110487279104331 -0.2110487279104331 -0.2110487279104331 -0.2110487279104331 -0.2110487279104331 -0.2110487279104331 -0.2110487279104331 -0.2110487279104331 -0.2110487279104331 -0.2110487279104331 -0.2110487279104331 -0.2110487279104331 -0.2110487279104331 -0.2110487279104331 -0.2110487279104331 -0.2110487279104331 -0.2110487279104331 -0.2110487279104331 -0.2110487279104331 -0.2110487279104331 -0.2110487279104331 -0.2110487279104331 -0.2110487279104331 -0.2110487279104331 -0.2110487279104331 -0.2110487279104331 -0.2110487279104331 -0.2110487279104331 -0.2110487279104331 -0.2110487279104331 -0.2110487279104331 -0.2110487279104331 -0.2110487279104331 -0.3380084656869657 -0.3132760010290009 -0.2110487279104331 -0.2110487279104331 -0.2110487279104331 -0.2110487279104331 -0.2110487279104331 -0.2110487279104331 -0.2110487279104331 -0.2110487279104331 -0.2110487279104331 -0.2110487279104331 -0.2110487279104331 -0.2110487279104331 -0.11488510854937604 -0.2110487279104331 -0.2110487279104331 -0.16772262345169592 -0.17009340280826366 -0.16344567863545403 -0.16344567863545403 -0.13642057840558366 -0.1398543477810974 -0.1312501554435824 -0.1312501554435824 -0.1312501554435824 -0.1312454863055193 -0.1293998392943914 -0.11285512384850732 -0.1177798987886289 -0.11676128308944539 -0.1167768667529405 -0.10721836682096643 -0.10199537893281267 -0.10609732429418989 -0.09239992882480158 -0.028668262276330708 -0.029555878357564007
-0.2110487279104331 -0.2110487279104331 -0.2110487279104331 -0.2110487279104331 -0.2110487279104331 -0.2110487279104331 -0.2110487279104331 -0.2110487279104331 -0.2110487279104331 -0.2110487279104331 -0.2110487279104331 -0.2110487279104331 -0.2110487279104331 -0.2110487279104331 -0.2110487279104331 -0.2110487279104331 -0.2110487279104331 -0.2110487279104331 -0.2110487279104331 -0.2110487279104331 -0.2110487279104331 -0.2110487279104331 -0.2110487279104331 -0.2110487279104331 -0.2110487279104331 -0.2110487279104331 -0.2110487279104331 -0.2110487279104331 -0.2110487279104331 -0.2110487279104331 -0.2110487279104331 -0.2110487279104331 -0.2110487279104331 -0.2110487279104331 -0.2110487279104331 -0.2110487279104331 -0.2110487279104331 -0.2110487279104331 -0.2110487279104331 -0.2110487279104331 -0.2110487279104331 -0.2110487279104331 -0.2110487279104331 -0.2110487279104331 -0.2110487279104331 -0.2110487279104331 -0.2110487279104331 -0.2110487279104331 -0.2110487279104331 -0.2110487279104331 -0.2110487279104331 -0.2110487279104331 -0.2110487279104331 -0.2110487279104331 -0.2110487279104331 -0.2110487279104331 -0.3132760010290009 -0.3367491746382975 -0.2110487279104331 -0.2110487279104331 -0.2110487279104331 -0.2110487279104331 -0.2110487279104331 -0.2110487279104331 -0.2110487279104331 -0.2110487279104331 -0.2110487279104331 -0.2110487279104331 -0.2110487279104331 -0.2110487279104331 -0.11488510854937604 -0.2110487279104331 -0.2110487279104331 -0.16772262345169592 -0.17009340280826366 -0.16344567863545403 -0.16344567863545403 -0.13642057840558366 -0.1398543477810974 -0.1312501554435824 -0.1312501554435824 -0.1312501554435824 -0.1312454863055193 -0.1293998392943914 -0.11285512384850732 -0.1177798987886289 -0.11676128308944539 -0.1167768667529405 -0.10721836682096643 -0.10199537893281267 -0.10609732429418989 -0.09239992882480158 -0.028668262276330708 -0.029555878357564007
-0.24899885862399332 -0.24899885862399332 -0.24899885862399332 -0.24899885862399332 -0.24899885862399332 -0.24899885862399332 -0.24899885862399332 -0.24899885862399332 -0.24899885862399332 -0.24899885862399332 -0.24899885862399332 -0.24899885862399332 -0.24899885862399332 -0.24899885862399332 -0.24899885862399332 -0.24899885862399332 -0.24899885862399332 -0.24899885862399332 -0.24899885862399332 -0.24899885862399332 -0.24899885862399332 -0.24899885862399332 -0.24899885862399332 -0.24899885862399332 -0.24899885862399332 -0.24899885862399332 -0.24899885862399332 -0.24899885862399332 -0.24899885862399332 -0.24899885862399332 -0.24899885862399332 -0.24899885862399332 -0.24899885862399332 -0.24899885862399332 -0.24899885862399332 -0.24899885862399332 -0.24899885862399332 -0.24899885862399332 -0.24899885862399332 -0.24899885862399332 -0.24899885862399332 -0.24899885862399332 -0.24899885862399332 -0.24899885862399332 -0.2227904376850139 -0.24899885862399332 -0.2218189456189699 -0.24899885862399332 -0.24899885862399332 -0.2227904376850139 -0.2218189456189699 -0.24899885862399332 -0.2227904376850139 -0.2227904376850139 -0.2218189456189699 -0.2218189456189699 -0.2110487279104331 -0.2110487279104331 -0.33025219125491306 -0.2227904376850139 -0.2218189456189699 -0.24899885862399332 -0.24899885862399332 -0.2227904376850139 -0.24899885862399332 -0.24899885862399332 -0.2227904376850139 -0.2218189456189699 -0.24899885862399332 -0.24899885862399332 -0.11488510854937604 -0.2392236796679184 -0.22528703886368956 -0.16772262345169592 -0.17009340280826366 -0.16344567863545403 -0.16344567863545403 -0.13642057840558366 -0.1398543477810974 -0.1312501554435824 -0.1312501554435824 -0.1312501554435824 -0.1312454863055193 -0.1293998392943914 -0.11285512384850732 -0.1177798987886289 -0.11676128308944539 -0.1167768667529405 -0.10721836682096643 -0.10199537893281267 -0.10609732429418989 -0.09239992882480158 -0.028668262276330708 -0.029555878357564007
-0.2227904376850139 -0.2227904376850139 -0.2227904376850139 -0.2227904376850139 -0.2227904376850139 -0.2227904376850139 -0.2227904376850139 -0.2227904376850139 -0.2227904376850139 -0.2227904376850139 -0.2227904376850139 -0.2227904376850139 -0.2227904376850139 -0.2227904376850139 -0.2227904376850139 -0.2227904376850139 -0.2227904376850139 -0.2227904376850139 -0.2227904376850139 -0.2227904376850139 -0.2227904376850139 -0.2227904376850139 -0.2227904376850139 -0.2227904376850139 -0.2227904376850139 -0.2227904376850139 -0.2227904376850139 -0.2227904376850139 -0.2227904376850139 -0.2227904376850139 -0.2227904376850139 -0.2227904376850139 -0.2227904376850139 -0.2227904376850139 -0.2227904376850139 -0.2227904376850139 -0.2227904376850139 -0.2227904376850139 -0.2227904376850139 -0.2227904376850139 -0.2227904376850139 -0.2227904376850139 -0.2227904376850139 -0.2227904376850139 -0.27913755536815016 -0.2227904376850139 -0.2218189456189699 -0.2227904376850139 -0.2227904376850139 -0.27913755536815016 -0.2218189456189699 -0.2227904376850139 -0.27913755536815016 -0.27913755536815016 -0.2218189456189699 -0.2218189456189699 -0.2110487279104331 -0.2110487279104331 -0.2227904376850139 -0.31978641091384813 -0.2218189456189699 -0.2227904376850139 -0.2227904376850139 -0.2783797787259138 -0.2227904376850139 -0.2227904376850139 -0.2639722541003151 -0.2218189456189699 -0.2227904376850139 -0.2227904376850139 -0.11488510854937604 -0.2227904376850139 -0.2227904376850139 -0.16772262345169592 -0.17009340280826366 -0.16344567863545403 -0.16344567863545403 -0.13642057840558366 -0.1398543477810974 -0.1312501554435824 -0.1312501554435824 -0.1312501554435824 -0.1312454863055193 -0.1293998392943914 -0.11285512384850732 -0.1177798987886289 -0.11676128308944539 -0.1167768667529405 -0.10721836682096643 -0.10199537893281267 -0.10609732429418989 -0.09239992882480158 -0.028668262276330708 -0.029555878357564007
-0.2218189456189699 -0.2218189456189699 -0.2218189456189699 -0.2218189456189699 -0.2218189456189699 -0.2218189456189699 -0.2218189456189699 -0.2218189456189699 -0.2218189456189699 -0.2218189456189699 -0.2218189456189699 -0.2218189456189699 -0.2218189456189699 -0.2218189456189699 -0.2218189456189699 -0.2218189456189699 -0.2218189456189699 -0.2218189456189699 -0.2218189456189699 -0.2218189456189699 -0.2218189456189699 -0.2218189456189699 -0.2218189456189699 -0.2218189456189699 -0.2218189456189699 -0.2218189456189699 -0.2218189456189699 -0.2218189456189699 -0.2218189456189699 -0.2218189456189699 -0.2218189456189699 -0.2218189456189699 -0.2218189456189699 -0.2218189456189699 -0.2218189456189699 -0.2218189456189699 -0.2218189456189699 -0.2218189456189699 -0.2218189456189699 -0.2218189456189699 -0.2218189456189699 -0.2218189456189699 -0.2218189456189699 -0.2218189456189699 -0.2218189456189699 -0.2218189456189699 -0.2835259488179909 -0.2218189456189699 -0.2218189456189699 -0.2218189456189699 -0.2835259488179909 -0.2218189456189699 -0.2218189456189699 -0.2218189456189699 -0.2835259488179909 -0.3074723595647655 -0.2110487279104331 -0.2110487279104331 -0.2218189456189699 -0.2218189456189699 -0.3164261226135387 -0.2218189456189699 -0.2218189456189699 -0.2218189456189699 -0.2218189456189699 -0.2218189456189699 -0.2218189456189699 -0.22592440757583507 -0.2218189456189699 -0.2218189456189699 -0.11488510854937604 -0.2218189456189699 -0.2218189456189699 -0.16772262345169592 -0.17009340280826366 -0.16344567863545403 -0.16344567863545403 -0.13642057840558366 -0.1398543477810974 -0.1312501554435824 -0.1312501554435824 -0.1312501554435824 -0.1312454863055193 -0.1293998392943914 -0.11285512384850732 -0.1177798987886289 -0.11676128308944539 -0.1167768667529405 -0.10721836682096643 -0.10199537893281267 -0.10609732429418989 -0.09239992882480158 -0.028668262276330708 -0.029555878357564007
-0.3067879884059045 -0.3067879884059045 -0.3067879884059045 -0.3067879884059045 -0.3067879884059045 -0.3067879884059045 -0.3067879884059045 -0.3067879884059045 -0.3067879884059045 -0.3067879884059045 -0.3067879884059045 -0.3067879884059045 -0.3067879884059045 -0.3067879884059045 -0.3067879884059045 -0.3067879884059045 -0.3067879884059045 -0.3067879884059045 -0.3067879884059045 -0.3067879884059045 -0.3067879884059045 -0.3067879884059045 -0.3067879884059045 -0.3067879884059045 -0.3067879884059045 -0.3067879884059045 -0.3067879884059045 -0.3067879884059045 -0.3067879884059045 -0.3067879884059045 -0.3067879884059045 -0.3067879884059045 -0.3067879884059045 -0.3067879884059045 -0.3067879884059045 -0.3067879884059045 -0.3067879884059045 -0.3067879884059045 -0.3067879884059045 -0.3067879884059045 -0.3067879884059045 -0.3067879884059045 -0.3067879884059045 -0.3067879884059045 -0.2227904376850139 -0.3067879884059045 -0.2218189456189699 -0.3067879884059045 -0.3067879884059045 -0.2227904376850139 -0.2218189456189699 -0.3067879884059045 -0.2227904376850139 -0.2227904376850139 -0.2218189456189699 -0.2218189456189699 -0.2110487279104331 -0.2110487279104331 -0.24899885862399332 -0.2227904376850139 -0.2218189456189699 -0.3137451493053959 -0.3067879884059045 -0.2227904376850139 -0.27763172978924355 -0.27763172978924355 -0.2227904376850139 -0.2218189456189699 -0.27059776400599217 -0.25510801226391805 -0.11488510854937604 -0.2392236796679184 -0.22528703886368956 -0.16772262345169592 -0.17009340280826366 -0.16344567863545403 -0.16344567863545403 -0.13642057840558366 -0.1398543477810974 -0.1312501554435824 -0.1312501554435824 -0.1312501554435824 -0.1312454863055193 -0.1293998392943914 -0.11285512384850732 -0.1177798987886289 -0.11676128308944539 -0.1167768667529405 -0.10721836682096643 -0.10199537893281267 -0.10609732429418989 -0.09239992882480158 -0.028668262276330708 -0.029555878357564007
-0.30843548053373016 -0.30843548053373016 -0.30843548053373016 -0.30843548053373016 -0.30843548053373016 -0.30843548053373016 -0.30843548053373016 -0.30843548053373016 -0.30843548053373016 -0.30843548053373016 -0.30843548053373016 -0.30843548053373016 -0.30843548053373016 -0.30843548053373016 -0.30843548053373016 -0.30843548053373016 -0.30843548053373016 -0.30843548053373016 -0.30843548053373016 -0.30843548053373016 -0.30843548053373016 -0.30843548053373016 -0.30843548053373016 -0.30843548053373016 -0.30843548053373016 -0.30843548053373016 -0.30843548053373016 -0.30843548053373016 -0.30843548053373016 -0.30843548053373016 -0.30843548053373016 -0.30843548053373016 -0.30843548053373016 -0.30843548053373016 -0.30843548053373016 -0.30843548053373016 -0.30843548053373016 -0.30843548053373016 -0.30843548053373016 -0.30843548053373016 -0.30843548053373016 -0.30843548053373016 -0.30843548053373016 -0.30843548053373016 -0.2227904376850139 -0.30843548053373016 -0.2218189456189699 -0.30843548053373016 -0.30843548053373016 -0.2227904376850139 -0.2218189456189699 -0.30843548053373016 -0.2227904376850139 -0.2227904376850139 -0.2218189456189699 -0.2218189456189699 -0.2110487279104331 -0.2110487279104331 -0.24899885862399332 -0.2227904376850139 -0.2218189456189699 -0.3067879884059045 -0.30845675287124635 -0.2227904376850139 -0.27763172978924355 -0.27763172978924355 -0.2227904376850139 -0.2218189456189699 -0.27059776400599217 -0.25510801226391805 -0.11488510854937604 -0.2392236796679184 -0.22528703886368956 -0.16772262345169592 -0.17009340280826366 -0.16344567863545403 -0.16344567863545403 -0.13642057840558366 -0.1398543477810974 -0.1312501554435824 -0.1312501554435824 -0.1312501554435824 -0.1312454863055193 -0.1293998392943914 -0.11285512384850732 -0.1177798987886289 -0.11676128308944539 -0.1167768667529405 -0.10721836682096643 -0.10199537893281267 -0.10609732429418989 -0.09239992882480158 -0.028668262276330708 -0.029555878357564007
-0.2227904376850139 -0.2227904376850139 -0.2227904376850139 -0.2227904376850139 -0.2227904376850139 -0.2227904376850139 -0.2227904376850139 -0.2227904376850139 -0.2227904376850139 -0.2227904376850139 -0.2227904376850139 -0.2227904376850139 -0.2227904376850139 -0.2227904376850139 -0.2227904376850139 -0.2227904376850139 -0.2227904376850139 -0.2227904376850139 -0.2227904376850139 -0.2227904376850139 -0.2227904376850139 -0.2227904376850139 -0.2227904376850139 -0.2227904376850139 -0.2227904376850139 -0.2227904376850139 -0.2227904376850139 -0.2227904376850139 -0.2227904376850139 -0.2227904376850139 -0.2227904376850139 -0.2227904376850139 -0.2227904376850139 -0.2227904376850139 -0.2227904376850139 -0.2227904376850139 -0.2227904376850139 -0.2227904376850139 -0.2227904376850139 -0.2227904376850139 -0.2227904376850139 -0.2227904376850139 -0.2227904376850139 -0.2227904376850139 -0.2783797787259138 -0.2227904376850139 -0.2218189456189699 -0.2227904376850139 -0.2227904376850139 -0.2783797787259138 -0.2218189456189699 -0.2227904376850139 -0.2783797787259138 -0.2783797787259138 -0.2218189456189699 -0.2218189456189699 -0.2110487279104331 -0.2110487279104331 -0.2227904376850139 -0.2783797787259138 -0.2218189456189699 -0.2227904376850139 -0.2227904376850139 -0.2856922463457654 -0.2227904376850139 -0.2227904376850139 -0.2639722541003151 -0.2218189456189699 -0.2227904376850139 -0.2227904376850139 -0.11488510854937604 -0.2227904376850139 -0.2227904376850139 -0.16772262345169592 -0.17009340280826366 -0.16344567863545403 -0.16344567863545403 -0.13642057840558366 -0.1398543477810974 -0.1312501554435824 -0.1312501554435824 -0.1312501554435824 -0.1312454863055193 -0.1293998392943914 -0.11285512384850732 -0.1177798987886289 -0.11676128308944539 -0.1167768667529405 -0.10721836682096643 -0.10199537893281267 -0.10609732429418989 -0.09239992882480158 -0.028668262276330708 -0.029555878357564007
-0.27763172978924355 -0.27763172978924355 -0.27763172978924355 -0.27763172978924355 -0.27763172978924355 -0.27763172978924355 -0.27763172978924355 -0.27763172978924355 -0.27763172978924355 -0.27763172978924355 -0.27763172978924355 -0.27763172978924355 -0.27763172978924355 -0.27763172978924355 -0.27763172978924355 -0.27763172978924355 -0.27763172978924355 -0.27763172978924355 -0.27763172978924355 -0.27763172978924355 -0.27763172978924355 -0.27763172978924355 -0.27763172978924355 -0.27763172978924355 -0.27763172978924355 -0.27763172978924355 -0.27763172978924355 -0.27763172978924355 -0.27763172978924355 -0.27763172978924355 -0.27763172978924355 -0.27763172978924355 -0.27763172978924355 -0.27763172978924355 -0.27763172978924355 -0.27763172978924355 -0.27763172978924355 -0.27763172978924355 -0.27763172978924355 -0.27763172978924355 -0.27763172978924355 -0.27763172978924355 -0.27763172978924355 -0.27763172978924355 -0.2227904376850139 -0.27763172978924355 -0.2218189456189699 -0.27763172978924355 -0.27763172978924355 -0.2227904376850139 -0.2218189456189699 -0.27763172978924355 -0.2227904376850139 -0.2227904376850139 -0.2218189456189699 -0.2218189456189699 -0.2110487279104331 -0.2110487279104331 -0.24899885862399332 -0.2227904376850139 -0.2218189456189699 -0.27763172978924355 -0.27763172978924355 -0.2227904376850139 -0.28544613807900854 -0.28426533834534456 -0.2227904376850139 -0.2218189456189699 -0.27059776400599217 -0.25510801226391805 -0.11488510854937604 -0.2392236796679184 -0.22528703886368956 -0.16772262345169592 -0.17009340280826366 -0.16344567863545403 -0.16344567863545403 -0.13642057840558366 -0.1398543477810974 -0.1312501554435824 -0.1312501554435824 -0.1312501554435824 -0.1312454863055193 -0.1293998392943914 -0.11285512384850732 -0.1177798987886289 -0.11676128308944539 -0.1167768667529405 -0.10721836682096643 -0.10199537893281267 -0.10609732429418989 -0.09239992882480158 -0.028668262276330708 -0.029555878357564007
-0.27763172978924355 -0.27763172978924355 -0.27763172978924355 -0.27763172978924355 -0.27763172978924355 -0.27763172978924355 -0.27763172978924355 -0.27763172978924355 -0.27763172978924355 -0.27763172978924355 -0.27763172978924355 -0.27763172978924355 -0.27763172978924355 -0.27763172978924355 -0.27763172978924355 -0.27763172978924355 -0.27763172978924355 -0.27763172978924355 -0.27763172978924355 -0.27763172978924355 -0.27763172978924355 -0.27763172978924355 -0.27763172978924355 -0.27763172978924355 -0.27763172978924355 -0.27763172978924355 -0.27763172978924355 -0.27763172978924355 -0.27763172978924355 -0.27763172978924355 -0.27763172978924355 -0.27763172978924355 -0.27763172978924355 -0.27763172978924355 -0.27763172978924355 -0.27763172978924355 -0.27763172978924355 -0.27763172978924355 -0.27763172978924355 -0.27763172978924355 -0.27763172978924355 -0.27763172978924355 -0.27763172978924355 -0.27763172978924355 -0.2227904376850139 -0.27763172978924355 -0.2218189456189699 -0.27763172978924355 -0.27763172978924355 -0.2227904376850139 -0.2218189456189699 -0.27763172978924355 -0.2227904376850139 -0.2227904376850139 -0.2218189456189699 -0.2218189456189699 -0.2110487279104331 -0.2110487279104331 -0.24899885862399332 -0.2227904376850139 -0.2218189456189699 -0.27763172978924355 -0.27763172978924355 -0.2227904376850139 -0.28426533834534456 -0.28430569608979667 -0.2227904376850139 -0.2218189456189699 -0.27059776400599217 -0.25510801226391805 -0.11488510854937604 -0.2392236796679184 -0.22528703886368956 -0.16772262345169592 -0.17009340280826366 -0.16344567863545403 -0.16344567863545403 -0.13642057840558366 -0.1398543477810974 -0.1312501554435824 -0.1312501554435824 -0.1312501554435824 -0.1312454863055193 -0.1293998392943914 -0.11285512384850732 -0.1177798987886289 -0.11676128308944539 -0.1167768667529405 -0.10721836682096643 -0.10199537893281267 -0.10609732429418989 -0.09239992882480158 -0.028668262276330708 -0.029555878357564007
-0.2227904376850139 -0.2227904376850139 -0.2227904376850139 -0.2227904376850139 -0.2227904376850139 -0.2227904376850139 -0.2227904376850139 -0.2227904376850139 -0.2227904376850139 -0.2227904376850139 -0.2227904376850139 -0.2227904376850139 -0.2227904376850139 -0.2227904376850139 -0.2227904376850139 -0.2227904376850139 -0.2227904376850139 -0.2227904376850139 -0.2227904376850139 -0.2227904376850139 -0.2227904376850139 -0.2227904376850139 -0.2227904376850139 -0.2227904376850139 -0.2227904376850139 -0.2227904376850139 -0.2227904376850139 -0.2227904376850139 -0.2227904376850139 -0.2227904376850139 -0.2227904376850139 -0.2227904376850139 -0.2227904376850139 -0.2227904376850139 -0.2227904376850139 -0.2227904376850139 -0.2227904376850139 -0.2227904376850139 -0.2227904376850139 -0.2227904376850139 -0.2227904376850139 -0.2227904376850139 -0.2227904376850139 -0.2227904376850139 -0.2639722541003151 -0.2227904376850139 -0.2218189456189699 -0.2227904376850139 -0.2227904376850139 -0.2639722541003151 -0.2218189456189699 -0.2227904376850139 -0.2639722541003151 -0.2639722541003151 -0.2218189456189699 -0.2218189456189699 -0.2110487279104331 -0.2110487279104331 -0.2227904376850139 -0.2639722541003151 -0.2218189456189699 -0.2227904376850139 -0.2227904376850139 -0.2639722541003151 -0.2227904376850139 -0.2227904376850139 -0.2738997419344147 -0.2218189456189699 -0.2227904376850139 -0.2227904376850139 -0.11488510854937604 -0.2227904376850139 -0.2227904376850139 -0.16772262345169592 -0.17009340280826366 -0.16344567863545403 -0.16344567863545403 -0.13642057840558366 -0.1398543477810974 -0.1312501554435824 -0.1312501554435824 -0.1312501554435824 -0.1312454863055193 -0.1293998392943914 -0.11285512384850732 -0.1177798987886289 -0.11676128308944539 -0.1167768667529405 -0.10721836682096643 -0.10199537893281267 -0.10609732429418989 -0.09239992882480158 -0.028668262276330708 -0.029555878357564007
-0.2218189456189699 -0.2218189456189699 -0.2218189456189699 -0.2218189456189699 -0.2218189456189699 -0.2218189456189699 -0.2218189456189699 -0.2218189456189699 -0.2218189456189699 -0.2218189456189699 -0.2218189456189699 -0.2218189456189699 -0.2218189456189699 -0.2218189456189699 -0.2218189456189699 -0.2218189456189699 -0.2218189456189699 -0.2218189456189699 -0.2218189456189699 -0.2218189456189699 -0.2218189456189699 -0.2218189456189699 -0.2218189456189699 -0.2218189456189699 -0.2218189456189699 -0.2218189456189699 -0.2218189456189699 -0.2218189456189699 -0.2218189456189699 -0.2218189456189699 -0.2218189456189699 -0.2218189456189699 -0.2218189456189699 -0.2218189456189699 -0.2218189456189699 -0.2218189456189699 -0.2218189456189699 -0.2218189456189699 -0.2218189456189699 -0.2218189456189699 -0.2218189456189699 -0.2218189456189699 -0.2218189456189699 -0.2218189456189699 -0.2218189456189699 -0.2218189456189699 -0.22592440757583507 -0.2218189456189699 -0.2218189456189699 -0.2218189456189699 -0.22592440757583507 -0.2218189456189699 -0.2218189456189699 -0.2218189456189699 -0.22592440757583507 -0.22592440757583507 -0.2110487279104331 -0.2110487279104331 -0.2218189456189699 -0.2218189456189699 -0.22592440757583507 -0.2218189456189699 -0.2218189456189699 -0.2218189456189699 -0.2218189456189699 -0.2218189456189699 -0.2218189456189699 -0.27076893109819616 -0.2218189456189699 -0.2218189456189699 -0.11488510854937604 -0.2218189456189699 -0.2218189456189699 -0.16772262345169592 -0.17009340280826366 -0.16344567863545403 -0.16344567863545403 -0.13642057840558366 -0.1398543477810974 -0.1312501554435824 -0.1312501554435824 -0.1312501554435824 -0.1312454863055193 -0.1293998392943914 -0.11285512384850732 -0.1177798987886289 -0.11676128308944539 -0.1167768667529405 -0.10721836682096643 -0.10199537893281267 -0.10609732429418989 -0.09239992882480158 -0.028668262276330708 -0.029555878357564007
-0.27059776400599217 -0.27059776400599217 -0.27059776400599217 -0.27059776400599217 -0.27059776400599217 -0.27059776400599217 -0.27059776400599217 -0.27059776400599217 -0.27059776400599217 -0.27059776400599217 -0.27059776400599217 -0.27059776400599217 -0.27059776400599217 -0.27059776400599217 -0.27059776400599217 -0.27059776400599217 -0.27059776400599217 -0.27059776400599217 -0.27059776400599217 -0.27059776400599217 -0.27059776400599217 -0.27059776400599217 -0.27059776400599217 -0.27059776400599217 -0.27059776400599217 -0.27059776400599217 -0.27059776400599217 -0.27059776400599217 -0.27059776400599217 -0.27059776400599217 -0.27059776400599217 -0.27059776400599217 -0.27059776400599217 -0.27059776400599217 -0.27059776400599217 -0.27059776400599217 -0.27059776400599217 -0.27059776400599217 -0.27059776400599217 -0.27059776400599217 -0.27059776400599217 -0.27059776400599217 -0.27059776400599217 -0.27059776400599217 -0.2227904376850139 -0.27059776400599217 -0.2218189456189699 -0.27059776400599217 -0.27059776400599217 -0.2227904376850139 -0.2218189456189699 -0.27059776400599217 -0.2227904376850139 -0.2227904376850139 -0.2218189456189699 -0.2218189456189699 -0.2110487279104331 -0.2110487279104331 -0.24899885862399332 -0.2227904376850139 -0.2218189456189699 -0.27059776400599217 -0.27059776400599217 -0.2227904376850139 -0.27059776400599217 -0.27059776400599217 -0.2227904376850139 -0.2218189456189699 -0.2706788987732023 -0.25510801226391805 -0.11488510854937604 -0.2392236796679184 -0.22528703886368956 -0.16772262345169592 -0.17009340280826366 -0.16344567863545403 -0.16344567863545403 -0.13642057840558366 -0.1398543477810974 -0.1312501554435824 -0.1312501554435824 -0.1312501554435824 -0.1312454863055193 -0.1293998392943914 -0.11285512384850732 -0.1177798987886289 -0.11676128308944539 -0.1167768667529405 -0.10721836682096643 -0.10199537893281267 -0.10609732429418989 -0.09239992882480158 -0.028668262276330708 -0.029555878357564007
-0.25510801226391805 -0.25510801226391805 -0.25510801226391805 -0.25510801226391805 -0.25510801226391805 -0.25510801226391805 -0.25510801226391805 -0.25510801226391805 -0.25510801226391805 -0.25510801226391805 -0.25510801226391805 -0.25510801226391805 -0.25510801226391805 -0.25510801226391805 -0.25510801226391805 -0.25510801226391805 -0.25510801226391805 -0.25510801226391805 -0.25510801226391805 -0.25510801226391805 -0.25510801226391805 -0.25510801226391805 -0.25510801226391805 -0.25510801226391805 -0.25510801226391805 -0.25510801226391805 -0.25510801226391805 -0.25510801226391805 -0.25510801226391805 -0.25510801226391805 -0.25510801226391805 -0.25510801226391805 -0.25510801226391805 -0.25510801226391805 -0.25510801226391805 -0.25510801226391805 -0.25510801226391805 -0.25510801226391805 -0.25510801226391805 -0.25510801226391805 -0.25510801226391805 -0.25510801226391805 -0.25510801226391805 -0.25510801226391805 -0.2227904376850139 -0.25510801226391805 -0.2218189456189699 -0.25510801226391805 -0.25510801226391805 -0.2227904376850139 -0.2218189456189699 -0.25510801226391805 -0.2227904376850139 -0.2227904376850139 -0.2218189456189699 -0.2218189456189699 -0.2110487279104331 -0.2110487279104331 -0.24899885862399332 -0.2227904376850139 -0.2218189456189699 -0.25510801226391805 -0.25510801226391805 -0.2227904376850139 -0.25510801226391805 -0.25510801226391805 -0.2227904376850139 -0.2218189456189699 -0.25510801226391805 -0.2553718669543194 -0.11488510854937604 -0.2392236796679184 -0.22528703886368956 -0.16772262345169592 -0.17009340280826366 -0.16344567863545403 -0.16344567863545403 -0.13642057840558366 -0.1398543477810974 -0.1312501554435824 -0.1312501554435824 -0.1312501554435824 -0.1312454863055193 -0.1293998392943914 -0.11285512384850732 -0.1177798987886289 -0.11676128308944539 -0.1167768667529405 -0.10721836682096643 -0.10199537893281267 -0.10609732429418989 -0.09239992882480158 -0.028668262276330708 -0.029555878357564007
-0.11488510854937604 -0.11488510854937604 -0.11488510854937604 -0.11488510854937604 -0.11488510854937604 -0.11488510854937604 -0.11488510854937604 -0.11488510854937604 -0.11488510854937604 -0.11488510854937604 -0.11488510854937604 -0.11488510854937604 -0.11488510854937604 -0.11488510854937604 -0.11488510854937604 -0.11488510854937604 -0.11488510854937604 -0.11488510854937604 -0.11488510854937604 -0.11488510854937604 -0.11488510854937604 -0.11488510854937604 -0.11488510854937604 -0.11488510854937604 -0.11488510854937604 -0.11488510854937604 -0.11488510854937604 -0.11488510854937604 -0.11488510854937604 -0.11488510854937604 -0.11488510854937604 -0.11488510854937604 -0.11488510854937604 -0.11488510854937604 -0.11488510854937604 -0.11488510854937604 -0.11488510854937604 -0.11488510854937604 -0.11488510854937604 -0.11488510854937604 -0.11488510854937604 -0.11488510854937604 -0.11488510854937604 -0.11488510854937604 -0.11488510854937604 -0.11488510854937604 -0.11488510854937604 -0.11488510854937604 -0.11488510854937604 -0.11488510854937604 -0.11488510854937604 -0.11488510854937604 -0.11488510854937604 -0.11488510854937604 -0.11488510854937604 -0.11488510854937604 -0.11488510854937604 -0.11488510854937604 -0.11488510854937604 -0.11488510854937604 -0.11488510854937604 -0.11488510854937604 -0.11488510854937604 -0.11488510854937604 -0.11488510854937604 -0.11488510854937604 -0.11488510854937604 -0.11488510854937604 -0.11488510854937604 -0.11488510854937604 -0.25183440401913265 -0.11488510854937604 -0.11488510854937604 -0.11488510854937604 -0.11488510854937604 -0.11488510854937604 -0.11488510854937604 -0.11488510854937604 -0.11488510854937604 -0.11488510854937604 -0.11488510854937604 -0.11488510854937604 -0.11488510854937604 -0.11488510854937604 -0.11285512384850732 -0.11488510854937604 -0.11488510854937604 -0.11488510854937604 -0.10721836682096643 -0.10199537893281267 -0.10609732429418989 -0.09239992882480158 -0.028668262276330708 -0.029555878357564007
-0.2392236796679184 -0.2392236796679184 -0.2392236796679184 -0.2392236796679184 -0.2392236796679184 -0.2392236796679184 -0.2392236796679184 -0.2392236796679184 -0.2392236796679184 -0.2392236796679184 -0.2392236796679184 -0.2392236796679184 -0.2392236796679184 -0.2392236796679184 -0.2392236796679184 -0.2392236796679184 -0.2392236796679184 -0.2392236796679184 -0.2392236796679184 -0.2392236796679184 -0.2392236796679184 -0.2392236796679184 -0.2392236796679184 -0.2392236796679184 -0.2392236796679184 -0.2392236796679184 -0.2392236796679184 -0.2392236796679184 -0.2392236796679184 -0.2392236796679184 -0.2392236796679184 -0.2392236796679184 -0.2392236796679184 -0.2392236796679184 -0.2392236796679184 -0.2392236796679184 -0.2392236796679184 -0.2392236796679184 -0.2392236796679184 -0.2392236796679184 -0.2392236796679184 -0.2392236796679184 -0.2392236796679184 -0.2392236796679184 -0.2227904376850139 -0.2392236796679184 -0.2218189456189699 -0.2392236796679184 -0.2392236796679184 -0.2227904376850139 -0.2218189456189699 -0.2392236796679184 -0.2227904376850139 -0.2227904376850139 -0.2218189456189699 -0.2218189456189699 -0.2110487279104331 -0.2110487279104331 -0.2392236796679184 -0.2227904376850139 -0.2218189456189699 -0.2392236796679184 -0.2392236796679184 -0.2227904376850139 -0.2392236796679184 -0.2392236796679184 -0.2227904376850139 -0.2218189456189699 -0.2392236796679184 -0.2392236796679184 -0.11488510854937604 -0.240192362862126 -0.22528703886368956 -0.16772262345169592 -0.17009340280826366 -0.16344567863545403 -0.16344567863545403 -0.13642057840558366 -0.1398543477810974 -0.1312501554435824 -0.1312501554435824 -0.1312501554435824 -0.1312454863055193 -0.1293998392943914 -0.11285512384850732 -0.1177798987886289 -0.11676128308944539 -0.1167768667529405 -0.10721836682096643 -0.10199537893281267 -0.10609732429418989 -0.09239992882480158 -0.028668262276330708 -0.029555878357564007
-0.22528703886368956 -0.22528703886368956 -0.22528703886368956 -0.22528703886368956 -0.22528703886368956 -0.22528703886368956 -0.22528703886368956 -0.22528703886368956 -0.22528703886368956 -0.22528703886368956 -0.22528703886368956 -0.22528703886368956 -0.22528703886368956 -0.22528703886368956 -0.22528703886368956 -0.22528703886368956 -0.22528703886368956 -0.22528703886368956 -0.22528703886368956 -0.22528703886368956 -0.22528703886368956 -0.22528703886368956 -0.22528703886368956 -0.22528703886368956 -0.22528703886368956 -0.22528703886368956 -0.22528703886368956 -0.22528703886368956 -0.22528703886368956 -0.22528703886368956 -0.22528703886368956 -0.22528703886368956 -0.22528703886368956 -0.22528703886368956 -0.22528703886368956 -0.22528703886368956 -0.22528703886368956 -0.22528703886368956 -0.22528703886368956 -0.22528703886368956 -0.22528703886368956 -0.22528703886368956 -0.22528703886368956 -0.22528703886368956 -0.2227904376850139 -0.22528703886368956 -0.2218189456189699 -0.22528703886368956 -0.22528703886368956 -0.2227904376850139 -0.2218189456189699 -0.22528703886368956 -0.2227904376850139 -0.2227904376850139 -0.2218189456189699 -0.2218189456189699 -0.2110487279104331 -0.2110487279104331 -0.22528703886368956 -0.2227904376850139 -0.2218189456189699 -0.22528703886368956 -0.22528703886368956 -0.2227904376850139 -0.22528703886368956 -0.22528703886368956 -0.2227904376850139 -0.2218189456189699 -0.22528703886368956 -0.22528703886368956 -0.11488510854937604 -0.22528703886368956 -0.2255863339620232 -0.16772262345169592 -0.17009340280826366 -0.16344567863545403 -0.16344567863545403 -0.13642057840558366 -0.1398543477810974 -0.1312501554435824 -0.1312501554435824 -0.1312501554435824 -0.1312454863055193 -0.1293998392943914 -0.11285512384850732 -0.1177798987886289 -0.11676128308944539 -0.1167768667529405 -0.10721836682096643 -0.10199537893281267 -0.10609732429418989 -0.09239992882480158 -0.028668262276330708 -0.029555878357564007
-0.16772262345169592 -0.16772262345169592 -0.16772262345169592 -0.16772262345169592 -0.16772262345169592 -0.16772262345169592 -0.16772262345169592 -0.16772262345169592 -0.16772262345169592 -0.16772262345169592 -0.16772262345169592 -0.16772262345169592 -0.16772262345169592 -0.16772262345169592 -0.16772262345169592 -0.16772262345169592 -0.16772262345169592 -0.16772262345169592 -0.16772262345169592 -0.16772262345169592 -0.16772262345169592 -0.16772262345169592 -0.16772262345169592 -0.16772262345169592 -0.16772262345169592 -0.16772262345169592 -0.16772262345169592 -0.16772262345169592 -0.16772262345169592 -0.16772262345169592 -0.16772262345169592 -0.16772262345169592 -0.16772262345169592 -0.16772262345169592 -0.16772262345169592 -0.16772262345169592 -0.16772262345169592 -0.16772262345169592 -0.16772262345169592 -0.16772262345169592 -0.16772262345169592 -0.16772262345169592 -0.16772262345169592 -0.16772262345169592 -0.16772262345169592 -0.16772262345169592 -0.16772262345169592 -0.16772262345169592 -0.16772262345169592 -0.16772262345169592 -0.16772262345169592 -0.16772262345169592 -0.16772262345169592 -0.16772262345169592 -0.16772262345169592 -0.16772262345169592 -0.16772262345169592 -0.16772262345169592 -0.16772262345169592 -0.16772262345169592 -0.16772262345169592 -0.16772262345169592 -0.16772262345169592 -0.16772262345169592 -0.16772262345169592 -0.16772262345169592 -0.16772262345169592 -0.16772262345169592 -0.16772262345169592 -0.16772262345169592 -0.11488510854937604 -0.16772262345169592 -0.16772262345169592 -0.19226147144294253 -0.16772262345169592 -0.16344567863545403 -0.16344567863545403 -0.13642057840558366 -0.1398543477810974 -0.1312501554435824 -0.1312501554435824 -0.1312501554435824 -0.1312454863055193 -0.1293998392943914 -0.11285512384850732 -0.1177798987886289 -0.11676128308944539 -0.1167768667529405 -0.10721836682096643 -0.10199537893281267 -0.10609732429418989 -0.09239992882480158 -0.028668262276330708 -0.029555878357564007
-0.17009340280826366 -0.17009340280826366 -0.17009340280826366 -0.17009340280826366 -0.17009340280826366 -0.17009340280826366 -0.17009340280826366 -0.17009340280826366 -0.17009340280826366 -0.17009340280826366 -0.17009340280826366 -0.17009340280826366 -0.17009340280826366 -0.17009340280826366 -0.17009340280826366 -0.17009340280826366 -0.17009340280826366 -0.17009340280826366 -0.17009340280826366 -0.17009340280826366 -0.17009340280826366 -0.17009340280826366 -0.17009340280826366 -0.17009340280826366 -0.17009340280826366 -0.17009340280826366 -0.17009340280826366 -0.17009340280826366 -0.17009340280826366 -0.17009340280826366 -0.17009340280826366 -0.17009340280826366 -0.17009340280826366 -0.17009340280826366 -0.17009340280826366 -0.17009340280826366 -0.17009340280826366 -0.17009340280826366 -0.17009340280826366 -0.17009340280826366 -0.17009340280826366 -0.17009340280826366 -0.17009340280826366 -0.17009340280826366 -0.17009340280826366 -0.17009340280826366 -0.17009340280826366 -0.17009340280826366 -0.17009340280826366 -0.17009340280826366 -0.17009340280826366 -0.17009340280826366 -0.17009340280826366 -0.17009340280826366 -0.17009340280826366 -0.17009340280826366 -0.17009340280826366 -0.17009340280826366 -0.17009340280826366 -0.17009340280826366 -0.17009340280826366 -0.17009340280826366 -0.17009340280826366 -0.17009340280826366 -0.17009340280826366 -0.17009340280826366 -0.17009340280826366 -0.17009340280826366 -0.17009340280826366 -0.17009340280826366 -0.11488510854937604 -0.17009340280826366 -0.17009340280826366 -0.16772262345169592 -0.17058047383464273 -0.16344567863545403 -0.16344567863545403 -0.13642057840558366 -0.1398543477810974 -0.1312501554435824 -0.1312501554435824 -0.1312501554435824 -0.1312454863055193 -0.1293998392943914 -0.11285512384850732 -0.1177798987886289 -0.11676128308944539 -0.1167768667529405 -0.10721836682096643 -0.10199537893281267 -0.10609732429418989 -0.09239992882480158 -0.028668262276330708 -0.029555878357564007
-0.16344567863545403 -0.16344567863545403 -0.16344567863545403 -0.16344567863545403 -0.16344567863545403 -0.16344567863545403 -0.16344567863545403 -0.16344567863545403 -0.16344567863545403 -0.16344567863545403 -0.16344567863545403 -0.16344567863545403 -0.16344567863545403 -0.16344567863545403 -0.16344567863545403 -0.16344567863545403 -0.16344567863545403 -0.16344567863545403 -0.16344567863545403 -0.16344567863545403 -0.16344567863545403 -0.16344567863545403 -0.16344567863545403 -0.16344567863545403 -0.16344567863545403 -0.16344567863545403 -0.16344567863545403 -0.16344567863545403 -0.16344567863545403 -0.16344567863545403 -0.16344567863545403 -0.16344567863545403 -0.16344567863545403 -0.16344567863545403 -0.16344567863545403 -0.16344567863545403 -0.16344567863545403 -0.16344567863545403 -0.16344567863545403 -0.16344567863545403 -0.16344567863545403 -0.16344567863545403 -0.16344567863545403 -0.16344567863545403 -0.16344567863545403 -0.16344567863545403 -0.16344567863545403 -0.16344567863545403 -0.16344567863545403 -0.16344567863545403 -0.16344567863545403 -0.16344567863545403 -0.16344567863545403 -0.16344567863545403 -0.16344567863545403 -0.16344567863545403 -0.16344567863545403 -0.16344567863545403 -0.16344567863545403 -0.16344567863545403 -0.16344567863545403 -0.16344567863545403 -0.16344567863545403 -0.16344567863545403 -0.16344567863545403 -0.16344567863545403 -0.16344567863545403 -0.16344567863545403 -0.16344567863545403 -0.16344567863545403 -0.11488510854937604 -0.16344567863545403 -0.16344567863545403 -0.16344567863545403 -0.16344567863545403 -0.1687881876570261 -0.16786801352231415 -0.13642057840558366 -0.1398543477810974 -0.1312501554435824 -0.1312501554435824 -0.1312501554435824 -0.1312454863055193 -0.1293998392943914 -0.11285512384850732 -0.1177798987886289 -0.11676128308944539 -0.1167768667529405 -0.10721836682096643 -0.10199537893281267 -0.10609732429418989 -0.09239992882480158 -0.028668262276330708 -0.029555878357564007
-0.16344567863545403 -0.16344567863545403 -0.16344567863545403 -0.16344567863545403 -0.16344567863545403 -0.16344567863545403 -0.16344567863545403 -0.16344567863545403 -0.16344567863545403 -0.16344567863545403 -0.16344567863545403 -0.16344567863545403 -0.16344567863545403 -0.16344567863545403 -0.16344567863545403 -0.16344567863545403 -0.16344567863545403 -0.16344567863545403 -0.16344567863545403 -0.16344567863545403 -0.16344567863545403 -0.16344567863545403 -0.16344567863545403 -0.16344567863545403 -0.16344567863545403 -0.16344567863545403 -0.16344567863545403 -0.16344567863545403 -0.16344567863545403 -0.16344567863545403 -0.16344567863545403 -0.16344567863545403 -0.16344567863545403 -0.16344567863545403 -0.16344567863545403 -0.16344567863545403 -0.16344567863545403 -0.16344567863545403 -0.16344567863545403 -0.16344567863545403 -0.16344567863545403 -0.16344567863545403 -0.16344567863545403 -0.16344567863545403 -0.16344567863545403 -0.16344567863545403 -0.16344567863545403 -0.16344567863545403 -0.16344567863545403 -0.16344567863545403 -0.16344567863545403 -0.16344567863545403 -0.16344567863545403 -0.16344567863545403 -0.16344567863545403 -0.16344567863545403 -0.16344567863545403 -0.16344567863545403 -0.16344567863545403 -0.16344567863545403 -0.16344567863545403 -0.16344567863545403 -0.16344567863545403 -0.16344567863545403 -0.16344567863545403 -0.16344567863545403 -0.16344567863545403 -0.16344567863545403 -0.16344567863545403 -0.16344567863545403 -0.11488510854937604 -0.16344567863545403 -0.16344567863545403 -0.16344567863545403 -0.16344567863545403 -0.16786801352231415 -0.16853352143739245 -0.13642057840558366 -0.1398543477810974 -0.1312501554435824 -0.1312501554435824 -0.1312501554435824 -0.1312454863055193 -0.1293998392943914 -0.11285512384850732 -0.1177798987886289 -0.11676128308944539 -0.1167768667529405 -0.10721836682096643 -0.10199537893281267 -0.10609732429418989 -0.09239992882480158 -0.028668262276330708 -0.029555878357564007
-0.13642057840558366 -0.13642057840558366 -0.13642057840558366 -0.13642057840558366 -0.13642057840558366 -0.13642057840558366 -0.13642057840558366 -0.13642057840558366 -0.13642057840558366 -0.13642057840558366 -0.13642057840558366 -0.13642057840558366 -0.13642057840558366 -0.13642057840558366 -0.13642057840558366 -0.13642057840558366 -0.13642057840558366 -0.13642057840558366 -0.13642057840558366 -0.13642057840558366 -0.13642057840558366 -0.13642057840558366 -0.13642057840558366 -0.13642057840558366 -0.13642057840558366 -0.13642057840558366 -0.13642057840558366 -0.13642057840558366 -0.13642057840558366 -0.13642057840558366 -0.13642057840558366 -0.13642057840558366 -0.13642057840558366 -0.13642057840558366 -0.13642057840558366 -0.13642057840558366 -0.13642057840558366 -0.13642057840558366 -0.13642057840558366 -0.13642057840558366 -0.13642057840558366 -0.13642057840558366 -0.13642057840558366 -0.13642057840558366 -0.13642057840558366 -0.13642057840558366 -0.13642057840558366 -0.13642057840558366 -0.13642057840558366 -0.13642057840558366 -0.13642057840558366 -0.13642057840558366 -0.13642057840558366 -0.13642057840558366 -0.13642057840558366 -0.13642057840558366 -0.13642057840558366 -0.13642057840558366 -0.13642057840558366 -0.13642057840558366 -0.13642057840558366 -0.13642057840558366 -0.13642057840558366 -0.13642057840558366 -0.13642057840558366 -0.13642057840558366 -0.13642057840558366 -0.13642057840558366 -0.13642057840558366 -0.13642057840558366 -0.11488510854937604 -0.13642057840558366 -0.13642057840558366 -0.13642057840558366 -0.13642057840558366 -0.13642057840558366 -0.13642057840558366 -0.15901414378681974 -0.13642057840558366 -0.1312501554435824 -0.1312501554435824 -0.1312501554435824 -0.1312454863055193 -0.1293998392943914 -0.11285512384850732 -0.1177798987886289 -0.11676128308944539 -0.1167768667529405 -0.10721836682096643 -0.10199537893281267 -0.10609732429418989 -0.09239992882480158 -0.028668262276330708 -0.029555878357564007
-0.1398543477810974 -0.1398543477810974 -0.1398543477810974 -0.1398543477810974 -0.1398543477810974 -0.1398543477810974 -0.1398543477810974 -0.1398543477810974 -0.1398543477810974 -0.1398543477810974 -0.1398543477810974 -0.1398543477810974 -0.1398543477810974 -0.1398543477810974 -0.1398543477810974 -0.1398543477810974 -0.1398543477810974 -0.1398543477810974 -0.1398543477810974 -0.1398543477810974 -0.1398543477810974 -0.1398543477810974 -0.1398543477810974 -0.1398543477810974 -0.1398543477810974 -0.1398543477810974 -0.1398543477810974 -0.1398543477810974 -0.1398543477810974 -0.1398543477810974 -0.1398543477810974 -0.1398543477810974 -0.1398543477810974 -0.1398543477810974 -0.1398543477810974 -0.1398543477810974 -0.1398543477810974 -0.1398543477810974 -0.1398543477810974 -0.1398543477810974 -0.1398543477810974 -0.1398543477810974 -0.1398543477810974 -0.1398543477810974 -0.1398543477810974 -0.1398543477810974 -0.1398543477810974 -0.1398543477810974 -0.1398543477810974 -0.1398543477810974 -0.1398543477810974 -0.1398543477810974 -0.1398543477810974 -0.1398543477810974 -0.1398543477810974 -0.1398543477810974 -0.1398543477810974 -0.1398543477810974 -0.1398543477810974 -0.1398543477810974 -0.1398543477810974 -0.1398543477810974 -0.1398543477810974 -0.1398543477810974 -0.1398543477810974 -0.1398543477810974 -0.1398543477810974 -0.1398543477810974 -0.1398543477810974 -0.1398543477810974 -0.11488510854937604 -0.1398543477810974 -0.1398543477810974 -0.1398543477810974 -0.1398543477810974 -0.1398543477810974 -0.1398543477810974 -0.13642057840558366 -0.14014103319690552 -0.1312501554435824 -0.1312501554435824 -0.1312501554435824 -0.1312454863055193 -0.1293998392943914 -0.11285512384850732 -0.1177798987886289 -0.11676128308944539 -0.1167768667529405 -0.10721836682096643 -0.10199537893281267 -0.10609732429418989 -0.09239992882480158 -0.028668262276330708 -0.029555878357564007
-0.1312501554435824 -0.1312501554435824 -0.1312501554435824 -0.1312501554435824 -0.1312501554435824 -0.1312501554435824 -0.1312501554435824 -0.1312501554435824 -0.1312501554435824 -0.1312501554435824 -0.1312501554435824 -0.1312501554435824 -0.1312501554435824 -0.1312501554435824 -0.1312501554435824 -0.1312501554435824 -0.1312501554435824 -0.1312501554435824 -0.1312501554435824 -0.1312501554435824 -0.1312501554435824 -0.1312501554435824 -0.1312501554435824 -0.1312501554435824 -0.1312501554435824 -0.1312501554435824 -0.1312501554435824 -0.1312501554435824 -0.1312501554435824 -0.1312501554435824 -0.1312501554435824 -0.1312501554435824 -0.1312501554435824 -0.1312501554435824 -0.1312501554435824 -0.1312501554435824 -0.1312501554435824 -0.1312501554435824 -0.1312501554435824 -0.1312501554435824 -0.1312501554435824 -0.1312501554435824 -0.1312501554435824 -0.1312501554435824 -0.1312501554435824 -0.1312501554435824 -0.1312501554435824 -0.1312501554435824 -0.1312501554435824 -0.1312501554435824 -0.1312501554435824 -0.1312501554435824 -0.1312501554435824 -0.1312501554435824 -0.1312501554435824 -0.1312501554435824 -0.1312501554435824 -0.1312501554435824 -0.1312501554435824 -0.1312501554435824 -0.1312501554435824 -0.1312501554435824 -0.1312501554435824 -0.1312501554435824 -0.1312501554435824 -0.1312501554435824 -0.1312501554435824 -0.1312501554435824 -0.1312501554435824 -0.1312501554435824 -0.11488510854937604 -0.1312501554435824 -0.1312501554435824 -0.1312501554435824 -0.1312501554435824 -0.1312501554435824 -0.1312501554435824 -0.1312501554435824 -0.1312501554435824 -0.13440944645154956 -0.13371042323567534 -0.13233385152135896 -0.1312454863055193 -0.1293998392943914 -0.11285512384850732 -0.1177798987886289 -0.11676128308944539 -0.1167768667529405 -0.10721836682096643 -0.10199537893281267 -0.10609732429418989 -0.09239992882480158 -0.028668262276330708 -0.029555878357564007
-0.1312501554435824 -0.1312501554435824 -0.1312501554435824 -0.1312501554435824 -0.1312501554435824 -0.1312501554435824 -0.1312501554435824 -0.1312501554435824 -0.1312501554435824 -0.1312501554435824 -0.1312501554435824 -0.1312501554435824 -0.1312501554435824 -0.1312501554435824 -0.1312501554435824 -0.1312501554435824 -0.1312501554435824 -0.1312501554435824 -0.1312501554435824 -0.1312501554435824 -0.1312501554435824 -0.1312501554435824 -0.1312501554435824 -0.1312501554435824 -0.1312501554435824 -0.1312501554435824 -0.1312501554435824 -0.1312501554435824 -0.1312501554435824 -0.1312501554435824 -0.1312501554435824 -0.1312501554435824 -0.1312501554435824 -0.1312501554435824 -0.1312501554435824 -0.1312501554435824 -0.1312501554435824 -0.1312501554435824 -0.1312501554435824 -0.1312501554435824 -0.1312501554435824 -0.1312501554435824 -0.1312501554435824 -0.1312501554435824 -0.1312501554435824 -0.1312501554435824 -0.1312501554435824 -0.1312501554435824 -0.1312501554435824 -0.1312501554435824 -0.1312501554435824 -0.1312501554435824 -0.1312501554435824 -0.1312501554435824 -0.1312501554435824 -0.1312501554435824 -0.1312501554435824 -0.1312501554435824 -0.1312501554435824 -0.1312501554435824 -0.1312501554435824 -0.1312501554435824 -0.1312501554435824 -0.1312501554435824 -0.1312501554435824 -0.1312501554435824 -0.1312501554435824 -0.1312501554435824 -0.1312501554435824 -0.1312501554435824 -0.11488510854937604 -0.1312501554435824 -0.1312501554435824 -0.1312501554435824 -0.1312501554435824 -0.1312501554435824 -0.1312501554435824 -0.1312501554435824 -0.1312501554435824 -0.13371042323567534 -0.13405383824552888 -0.13233385152135896 -0.1312454863055193 -0.1293998392943914 -0.11285512384850732 -0.1177798987886289 -0.11676128308944539 -0.1167768667529405 -0.10721836682096643 -0.10199537893281267 -0.10609732429418989 -0.09239992882480158 -0.028668262276330708 -0.029555878357564007
-0.1312501554435824 -0.1312501554435824 -0.1312501554435824 -0.1312501554435824 -0.1312501554435824 -0.1312501554435824 -0.1312501554435824 -0.1312501554435824 -0.1312501554435824 -0.1312501554435824 -0.1312501554435824 -0.1312501554435824 -0.1312501554435824 -0.1312501554435824 -0.1312501554435824 -0.1312501554435824 -0.1312501554435824 -0.1312501554435824 -0.1312501554435824 -0.1312501554435824 -0.1312501554435824 -0.1312501554435824 -0.1312501554435824 -0.1312501554435824 -0.1312501554435824 -0.1312501554435824 -0.1312501554435824 -0.1312501554435824 -0.1312501554435824 -0.1312501554435824 -0.1312501554435824 -0.1312501554435824 -0.1312501554435824 -0.1312501554435824 -0.1312501554435824 -0.1312501554435824 -0.1312501554435824 -0.1312501554435824 -0.1312501554435824 -0.1312501554435824 -0.1312501554435824 -0.1312501554435824 -0.1312501554435824 -0.1312501554435824 -0.1312501554435824 -0.1312501554435824 -0.1312501554435824 -0.1312501554435824 -0.1312501554435824 -0.1312501554435824 -0.1312501554435824 -0.1312501554435824 -0.1312501554435824 -0.1312501554435824 -0.1312501554435824 -0.1312501554435824 -0.1312501554435824 -0.1312501554435824 -0.1312501554435824 -0.1312501554435824 -0.1312501554435824 -0.1312501554435824 -0.1312501554435824 -0.1312501554435824 -0.1312501554435824 -0.1312501554435824 -0.1312501554435824 -0.1312501554435824 -0.1312501554435824 -0.1312501554435824 -0.11488510854937604 -0.1312501554435824 -0.1312501554435824 -0.1312501554435824 -0.1312501554435824 -0.1312501554435824 -0.1312501554435824 -0.1312501554435824 -0.1312501554435824 -0.13233385152135896 -0.13233385152135896 -0.13319238691963664 -0.1312454863055193 -0.1293998392943914 -0.11285512384850732 -0.1177798987886289 -0.11676128308944539 -0.1167768667529405 -0.10721836682096643 -0.10199537893281267 -0.10609732429418989 -0.09239992882480158 -0.028668262276330708 -0.029555878357564007
-0.1312454863055193 -0.1312454863055193 -0.1312454863055193 -0.1312454863055193 -0.1312454863055193 -0.1312454863055193 -0.1312454863055193 -0.1312454863055193 -0.1312454863055193 -0.1312454863055193 -0.1312454863055193 -0.1312454863055193 -0.1312454863055193 -0.1312454863055193 -0.1312454863055193 -0.1312454863055193 -0.1312454863055193 -0.1312454863055193 -0.1312454863055193 -0.1312454863055193 -0.1312454863055193 -0.1312454863055193 -0.1312454863055193 -0.1312454863055193 -0.1312454863055193 -0.1312454863055193 -0.1312454863055193 -0.1312454863055193 -0.1312454863055193 -0.1312454863055193 -0.1312454863055193 -0.1312454863055193 -0.1312454863055193 -0.1312454863055193 -0.1312454863055193 -0.1312454863055193 -0.1312454863055193 -0.1312454863055193 -0.1312454863055193 -0.1312454863055193 -0.1312454863055193 -0.1312454863055193 -0.1312454863055193 -0.1312454863055193 -0.1312454863055193 -0.1312454863055193 -0.1312454863055193 -0.1312454863055193 -0.1312454863055193 -0.1312454863055193 -0.1312454863055193 -0.1312454863055193 -0.1312454863055193 -0.1312454863055193 -0.1312454863055193 -0.1312454863055193 -0.1312454863055193 -0.1312454863055193 -0.1312454863055193 -0.1312454863055193 -0.1312454863055193 -0.1312454863055193 -0.1312454863055193 -0.1312454863055193 -0.1312454863055193 -0.1312454863055193 -0.1312454863055193 -0.1312454863055193 -0.1312454863055193 -0.1312454863055193 -0.11488510854937604 -0.1312454863055193 -0.1312454863055193 -0.1312454863055193 -0.1312454863055193 -0.1312454863055193 -0.1312454863055193 -0.1312454863055193 -0.1312454863055193 -0.1312454863055193 -0.1312454863055193 -0.1312454863055193 -0.1314177371141355 -0.1293998392943914 -0.11285512384850732 -0.1177798987886289 -0.11676128308944539 -0.1167768667529405 -0.10721836682096643 -0.10199537893281267 -0.10609732429418989 -0.09239992882480158 -0.028668262276330708 -0.029555878357564007
-0.1293998392943914 -0.1293998392943914 -0.1293998392943914 -0.1293998392943914 -0.1293998392943914 -0.1293998392943914 -0.1293998392943914 -0.1293998392943914 -0.1293998392943914 -0.1293998392943914 -0.1293998392943914 -0.1293998392943914 -0.1293998392943914 -0.1293998392943914 -0.1293998392943914 -0.1293998392943914 -0.1293998392943914 -0.1293998392943914 -0.1293998392943914 -0.1293998392943914 -0.1293998392943914 -0.1293998392943914 -0.1293998392943914 -0.1293998392943914 -0.1293998392943914 -0.1293998392943914 -0.1293998392943914 -0.1293998392943914 -0.1293998392943914 -0.1293998392943914 -0.1293998392943914 -0.1293998392943914 -0.1293998392943914 -0.1293998392943914 -0.1293998392943914 -0.1293998392943914 -0.1293998392943914 -0.1293998392943914 -0.1293998392943914 -0.1293998392943914 -0.1293998392943914 -0.1293998392943914 -0.1293998392943914 -0.1293998392943914 -0.1293998392943914 -0.1293998392943914 -0.1293998392943914 -0.1293998392943914 -0.1293998392943914 -0.1293998392943914 -0.1293998392943914 -0.1293998392943914 -0.1293998392943914 -0.1293998392943914 -0.1293998392943914 -0.1293998392943914 -0.1293998392943914 -0.1293998392943914 -0.1293998392943914 -0.1293998392943914 -0.1293998392943914 -0.1293998392943914 -0.1293998392943914 -0.1293998392943914 -0.1293998392943914 -0.1293998392943914 -0.1293998392943914 -0.1293998392943914 -0.1293998392943914 -0.1293998392943914 -0.11488510854937604 -0.1293998392943914 -0.1293998392943914 -0.1293998392943914 -0.1293998392943914 -0.1293998392943914 -0.1293998392943914 -0.1293998392943914 -0.1293998392943914 -0.1293998392943914 -0.1293998392943914 -0.1293998392943914 -0.1293998392943914 -0.12963116451761203 -0.11285512384850732 -0.1177798987886289 -0.11676128308944539 -0.1167768667529405 -0.10721836682096643 -0.10199537893281267 -0.10609732429418989 -0.09239992882480158 -0.028668262276330708 -0.029555878357564007
-0.11285512384850732 -0.11285512384850732 -0.11285512384850732 -0.11285512384850732 -0.11285512384850732 -0.11285512384850732 -0.11285512384850732 -0.11285512384850732 -0.11285512384850732 -0.11285512384850732 -0.11285512384850732 -0.11285512384850732 -0.11285512384850732 -0.11285512384850732 -0.11285512384850732 -0.11285512384850732 -0.11285512384850732 -0.11285512384850732 -0.11285512384850732 -0.11285512384850732 -0.11285512384850732 -0.11285512384850732 -0.11285512384850732 -0.11285512384850732 -0.11285512384850732 -0.11285512384850732 -0.11285512384850732 -0.11285512384850732 -0.11285512384850732 -0.11285512384850732 -0.11285512384850732 -0.11285512384850732 -0.11285512384850732 -0.11285512384850732 -0.11285512384850732 -0.11285512384850732 -0.11285512384850732 -0.11285512384850732 -0.11285512384850732 -0.11285512384850732 -0.11285512384850732 -0.11285512384850732 -0.11285512384850732 -0.11285512384850732 -0.11285512384850732 -0.11285512384850732 -0.11285512384850732 -0.11285512384850732 -0.11285512384850732 -0.11285512384850732 -0.11285512384850732 -0.11285512384850732 -0.11285512384850732 -0.11285512384850732 -0.11285512384850732 -0.11285512384850732 -0.11285512384850732 -0.11285512384850732 -0.11285512384850732 -0.11285512384850732 -0.11285512384850732 -0.11285512384850732 -0.11285512384850732 -0.11285512384850732 -0.11285512384850732 -0.11285512384850732 -0.11285512384850732 -0.11285512384850732 -0.11285512384850732 -0.11285512384850732 -0.11285512384850732 -0.11285512384850732 -0.11285512384850732 -0.11285512384850732 -0.11285512384850732 -0.11285512384850732 -0.11285512384850732 -0.11285512384850732 -0.11285512384850732 -0.11285512384850732 -0.11285512384850732 -0.11285512384850732 -0.11285512384850732 -0.11285512384850732 -0.12491351319684428 -0.11285512384850732 -0.11285512384850732 -0.11285512384850732 -0.10721836682096643 -0.10199537893281267 -0.10609732429418989 -0.09239992882480158 -0.028668262276330708 -0.029555878357564007
-0.1177798987886289 -0.1177798987886289 -0.1177798987886289 -0.1177798987886289 -0.1177798987886289 -0.1177798987886289 -0.1177798987886289 -0.1177798987886289 -0.1177798987886289 -0.1177798987886289 -0.1177798987886289 -0.1177798987886289 -0.1177798987886289 -0.1177798987886289 -0.1177798987886289 -0.1177798987886289 -0.1177798987886289 -0.1177798987886289 -0.1177798987886289 -0.1177798987886289 -0.1177798987886289 -0.1177798987886289 -0.1177798987886289 -0.1177798987886289 -0.1177798987886289 -0.1177798987886289 -0.1177798987886289 -0.1177798987886289 -0.1177798987886289 -0.1177798987886289 -0.1177798987886289 -0.1177798987886289 -0.1177798987886289 -0.1177798987886289 -0.1177798987886289 -0.1177798987886289 -0.1177798987886289 -0.1177798987886289 -0.1177798987886289 -0.1177798987886289 -0.1177798987886289 -0.1177798987886289 -0.1177798987886289 -0.1177798987886289 -0.1177798987886289 -0.1177798987886289 -0.1177798987886289 -0.1177798987886289 -0.1177798987886289 -0.1177798987886289 -0.1177798987886289 -0.1177798987886289 -0.1177798987886289 -0.1177798987886289 -0.1177798987886289 -0.1177798987886289 -0.1177798987886289 -0.1177798987886289 -0.1177798987886289 -0.1177798987886289 -0.1177798987886289 -0.1177798987886289 -0.1177798987886289 -0.1177798987886289 -0.1177798987886289 -0.1177798987886289 -0.1177798987886289 -0.1177798987886289 -0.1177798987886289 -0.1177798987886289 -0.11488510854937604 -0.1177798987886289 -0.1177798987886289 -0.1177798987886289 -0.1177798987886289 -0.1177798987886289 -0.1177798987886289 -0.1177798987886289 -0.1177798987886289 -0.1177798987886289 -0.1177798987886289 -0.1177798987886289 -0.1177798987886289 -0.1177798987886289 -0.11285512384850732 -0.12211320550177031 -0.11676128308944539 -0.1167768667529405 -0.10721836682096643 -0.10199537893281267 -0.10609732429418989 -0.09239992882480158 -0.028668262276330708 -0.029555878357564007
-0.11676128308944539 -0.11676128308944539 -0.11676128308944539 -0.11676128308944539 -0.11676128308944539 -0.11676128308944539 -0.11676128308944539 -0.11676128308944539 -0.11676128308944539 -0.11676128308944539 -0.11676128308944539 -0.11676128308944539 -0.11676128308944539 -0.11676128308944539 -0.11676128308944539 -0.11676128308944539 -0.11676128308944539 -0.11676128308944539 -0.11676128308944539 -0.11676128308944539 -0.11676128308944539 -0.11676128308944539 -0.11676128308944539 -0.11676128308944539 -0.11676128308944539 -0.11676128308944539 -0.11676128308944539 -0.11676128308944539 -0.11676128308944539 -0.11676128308944539 -0.11676128308944539 -0.11676128308944539 -0.11676128308944539 -0.11676128308944539 -0.11676128308944539 -0.11676128308944539 -0.11676128308944539 -0.11676128308944539 -0.11676128308944539 -0.11676128308944539 -0.11676128308944539 -0.11676128308944539 -0.11676128308944539 -0.11676128308944539 -0.11676128308944539 -0.11676128308944539 -0.11676128308944539 -0.11676128308944539 -0.11676128308944539 -0.11676128308944539 -0.11676128308944539 -0.11676128308944539 -0.11676128308944539 -0.11676128308944539 -0.11676128308944539 -0.11676128308944539 -0.11676128308944539 -0.11676128308944539 -0.11676128308944539 -0.11676128308944539 -0.11676128308944539 -0.11676128308944539 -0.11676128308944539 -0.11676128308944539 -0.11676128308944539 -0.11676128308944539 -0.11676128308944539 -0.11676128308944539 -0.11676128308944539 -0.11676128308944539 -0.11488510854937604 -0.11676128308944539 -0.11676128308944539 -0.11676128308944539 -0.11676128308944539 -0.11676128308944539 -0.11676128308944539 -0.11676128308944539 -0.11676128308944539 -0.11676128308944539 -0.11676128308944539 -0.11676128308944539 -0.11676128308944539 -0.11676128308944539 -0.11285512384850732 -0.11676128308944539 -0.11859223112599165 -0.11676128308944539 -0.10721836682096643 -0.10199537893281267 -0.10609732429418989 -0.09239992882480158 -0.028668262276330708 -0.029555878357564007
-0.1167768667529405 -0.1167768667529405 -0.1167768667529405 -0.1167768667529405 -0.1167768667529405 -0.1167768667529405 -0.1167768667529405 -0.1167768667529405 -0.1167768667529405 -0.1167768667529405 -0.1167768667529405 -0.1167768667529405 -0.1167768667529405 -0.1167768667529405 -0.1167768667529405 -0.1167768667529405 -0.1167768667529405 -0.1167768667529405 -0.1167768667529405 -0.1167768667529405 -0.1167768667529405 -0.1167768667529405 -0.1167768667529405 -0.1167768667529405 -0.1167768667529405 -0.1167768667529405 -0.1167768667529405 -0.1167768667529405 -0.1167768667529405 -0.1167768667529405 -0.1167768667529405 -0.1167768667529405 -0.1167768667529405 -0.1167768667529405 -0.1167768667529405 -0.1167768667529405 -0.1167768667529405 -0.1167768667529405 -0.1167768667529405 -0.1167768667529405 -0.1167768667529405 -0.1167768667529405 -0.1167768667529405 -0.1167768667529405 -0.1167768667529405 -0.1167768667529405 -0.1167768667529405 -0.1167768667529405 -0.1167768667529405 -0.1167768667529405 -0.1167768667529405 -0.1167768667529405 -0.1167768667529405 -0.1167768667529405 -0.1167768667529405 -0.1167768667529405 -0.1167768667529405 -0.1167768667529405 -0.1167768667529405 -0.1167768667529405 -0.1167768667529405 -0.1167768667529405 -0.1167768667529405 -0.1167768667529405 -0.1167768667529405 -0.1167768667529405 -0.1167768667529405 -0.1167768667529405 -0.1167768667529405 -0.1167768667529405 -0.11488510854937604 -0.1167768667529405 -0.1167768667529405 -0.1167768667529405 -0.1167768667529405 -0.1167768667529405 -0.1167768667529405 -0.1167768667529405 -0.1167768667529405 -0.1167768667529405 -0.1167768667529405 -0.1167768667529405 -0.1167768667529405 -0.1167768667529405 -0.11285512384850732 -0.1167768667529405 -0.11676128308944539 -0.11765728032912749 -0.10721836682096643 -0.10199537893281267 -0.10609732429418989 -0.09239992882480158 -0.028668262276330708 -0.029555878357564007
-0.10721836682096643 -0.10721836682096643 -0.10721836682096643 -0.10721836682096643 -0.10721836682096643 -0.10721836682096643 -0.10721836682096643 -0.10721836682096643 -0.10721836682096643 -0.10721836682096643 -0.10721836682096643 -0.10721836682096643 -0.10721836682096643 -0.10721836682096643 -0.10721836682096643 -0.10721836682096643 -0.10721836682096643 -0.10721836682096643 -0.10721836682096643 -0.10721836682096643 -0.10721836682096643 -0.10721836682096643 -0.10721836682096643 -0.10721836682096643 -0.10721836682096643 -0.10721836682096643 -0.10721836682096643 -0.10721836682096643 -0.10721836682096643 -0.10721836682096643 -0.10721836682096643 -0.10721836682096643 -0.10721836682096643 -0.10721836682096643 -0.10721836682096643 -0.10721836682096643 -0.10721836682096643 -0.10721836682096643 -0.10721836682096643 -0.10721836682096643 -0.10721836682096643 -0.10721836682096643 -0.10721836682096643 -0.10721836682096643 -0.10721836682096643 -0.10721836682096643 -0.10721836682096643 -0.10721836682096643 -0.10721836682096643 -0.10721836682096643 -0.10721836682096643 -0.10721836682096643 -0.10721836682096643 -0.10721836682096643 -0.10721836682096643 -0.10721836682096643 -0.10721836682096643 -0.10721836682096643 -0.10721836682096643 -0.10721836682096643 -0.10721836682096643 -0.10721836682096643 -0.10721836682096643 -0.10721836682096643 -0.10721836682096643 -0.10721836682096643 -0.10721836682096643 -0.10721836682096643 -0.10721836682096643 -0.10721836682096643 -0.10721836682096643 -0.10721836682096643 -0.10721836682096643 -0.10721836682096643 -0.10721836682096643 -0.10721836682096643 -0.10721836682096643 -0.10721836682096643 -0.10721836682096643 -0.10721836682096643 -0.10721836682096643 -0.10721836682096643 -0.10721836682096643 -0.10721836682096643 -0.10721836682096643 -0.10721836682096643 -0.10721836682096643 -0.10721836682096643 -0.10895447173504265 -0.10199537893281267 -0.10609732429418989 -0.09239992882480158 -0.028668262276330708 -0.029555878357564007
-0.10199537893281267 -0.10199537893281267 -0.10199537893281267 -0.10199537893281267 -0.10199537893281267 -0.10199537893281267 -0.10199537893281267 -0.10199537893281267 -0.10199537893281267 -0.10199537893281267 -0.10199537893281267 -0.10199537893281267 -0.10199537893281267 -0.10199537893281267 -0.10199537893281267 -0.10199537893281267 -0.10199537893281267 -0.10199537893281267 -0.10199537893281267 -0.10199537893281267 -0.10199537893281267 -0.10199537893281267 -0.10199537893281267 -0.10199537893281267 -0.10199537893281267 -0.10199537893281267 -0.10199537893281267 -0.10199537893281267 -0.10199537893281267 -0.10199537893281267 -0.10199537893281267 -0.10199537893281267 -0.10199537893281267 -0.10199537893281267 -0.10199537893281267 -0.10199537893281267 -0.10199537893281267 -0.10199537893281267 -0.10199537893281267 -0.10199537893281267 -0.10199537893281267 -0.10199537893281267 -0.10199537893281267 -0.10199537893281267 -0.10199537893281267 -0.10199537893281267 -0.10199537893281267 -0.10199537893281267 -0.10199537893281267 -0.10199537893281267 -0.10199537893281267 -0.10199537893281267 -0.10199537893281267 -0.10199537893281267 -0.10199537893281267 -0.10199537893281267 -0.10199537893281267 -0.10199537893281267 -0.10199537893281267 -0.10199537893281267 -0.10199537893281267 -0.10199537893281267 -0.10199537893281267 -0.10199537893281267 -0.10199537893281267 -0.10199537893281267 -0.10199537893281267 -0.10199537893281267 -0.10199537893281267 -0.10199537893281267 -0.10199537893281267 -0.10199537893281267 -0.10199537893281267 -0.10199537893281267 -0.10199537893281267 -0.10199537893281267 -0.10199537893281267 -0.10199537893281267 -0.10199537893281267 -0.10199537893281267 -0.10199537893281267 -0.10199537893281267 -0.10199537893281267 -0.10199537893281267 -0.10199537893281267 -0.10199537893281267 -0.10199537893281267 -0.10199537893281267 -0.10199537893281267 -0.10810627007887284 -0.10199537893281267 -0.09239992882480158 -0.028668262276330708 -0.029555878357564007
-0.10609732429418989 -0.10609732429418989 -0.10609732429418989 -0.10609732429418989 -0.10609732429418989 -0.10609732429418989 -0.10609732429418989 -0.10609732429418989 -0.10609732429418989 -0.10609732429418989 -0.10609732429418989 -0.10609732429418989 -0.10609732429418989 -0.10609732429418989 -0.10609732429418989 -0.10609732429418989 -0.10609732429418989 -0.10609732429418989 -0.10609732429418989 -0.10609732429418989 -0.10609732429418989 -0.10609732429418989 -0.10609732429418989 -0.10609732429418989 -0.10609732429418989 -0.10609732429418989 -0.10609732429418989 -0.10609732429418989 -0.10609732429418989 -0.10609732429418989 -0.10609732429418989 -0.10609732429418989 -0.10609732429418989 -0.10609732429418989 -0.10609732429418989 -0.10609732429418989 -0.10609732429418989 -0.10609732429418989 -0.10609732429418989 -0.10609732429418989 -0.10609732429418989 -0.10609732429418989 -0.10609732429418989 -0.10609732429418989 -0.10609732429418989 -0.10609732429418989 -0.10609732429418989 -0.10609732429418989 -0.10609732429418989 -0.10609732429418989 -0.10609732429418989 -0.10609732429418989 -0.10609732429418989 -0.10609732429418989 -0.10609732429418989 -0.10609732429418989 -0.10609732429418989 -0.10609732429418989 -0.10609732429418989 -0.10609732429418989 -0.10609732429418989 -0.10609732429418989 -0.10609732429418989 -0.10609732429418989 -0.10609732429418989 -0.10609732429418989 -0.10609732429418989 -0.10609732429418989 -0.10609732429418989 -0.10609732429418989 -0.10609732429418989 -0.10609732429418989 -0.10609732429418989 -0.10609732429418989 -0.10609732429418989 -0.10609732429418989 -0.10609732429418989 -0.10609732429418989 -0.10609732429418989 -0.10609732429418989 -0.10609732429418989 -0.10609732429418989 -0.10609732429418989 -0.10609732429418989 -0.10609732429418989 -0.10609732429418989 -0.10609732429418989 -0.10609732429418989 -0.10609732429418989 -0.10199537893281267 -0.10749777295425411 -0.09239992882480158 -0.028668262276330708 -0.029555878357564007
-0.09239992882480158 -0.09239992882480158 -0.09239992882480158 -0.09239992882480158 -0.09239992882480158 -0.09239992882480158 -0.09239992882480158 -0.09239992882480158 -0.09239992882480158 -0.09239992882480158 -0.09239992882480158 -0.09239992882480158 -0.09239992882480158 -0.09239992882480158 -0.09239992882480158 -0.09239992882480158 -0.09239992882480158 -0.09239992882480158 -0.09239992882480158 -0.09239992882480158 -0.09239992882480158 -0.09239992882480158 -0.09239992882480158 -0.09239992882480158 -0.09239992882480158 -0.09239992882480158 -0.09239992882480158 -0.09239992882480158 -0.09239992882480158 -0.09239992882480158 -0.09239992882480158 -0.09239992882480158 -0.09239992882480158 -0.09239992882480158 -0.09239992882480158 -0.09239992882480158 -0.09239992882480158 -0.09239992882480158 -0.09239992882480158 -0.09239992882480158 -0.09239992882480158 -0.09239992882480158 -0.09239992882480158 -0.09239992882480158 -0.09239992882480158 -0.09239992882480158 -0.09239992882480158 -0.09239992882480158 -0.09239992882480158 -0.09239992882480158 -0.09239992882480158 -0.09239992882480158 -0.09239992882480158 -0.09239992882480158 -0.09239992882480158 -0.09239992882480158 -0.09239992882480158 -0.09239992882480158 -0.09239992882480158 -0.09239992882480158 -0.09239992882480158 -0.09239992882480158 -0.09239992882480158 -0.09239992882480158 -0.09239992882480158 -0.09239992882480158 -0.09239992882480158 -0.09239992882480158 -0.09239992882480158 -0.09239992882480158 -0.09239992882480158 -0.09239992882480158 -0.09239992882480158 -0.09239992882480158 -0.09239992882480158 -0.09239992882480158 -0.09239992882480158 -0.09239992882480158 -0.09239992882480158 -0.09239992882480158 -0.09239992882480158 -0.09239992882480158 -0.09239992882480158 -0.09239992882480158 -0.09239992882480158 -0.09239992882480158 -0.09239992882480158 -0.09239992882480158 -0.09239992882480158 -0.09239992882480158 -0.09239992882480158 -0.0933818513977053 -0.028668262276330708 -0.029555878357564007
-0.028668262276330708 -0.028668262276330708 -0.028668262276330708 -0.028668262276330708 -0.028668262276330708 -0.028668262276330708 -0.028668262276330708 -0.028668262276330708 -0.028668262276330708 -0.028668262276330708 -0.028668262276330708 -0.028668262276330708 -0.028668262276330708 -0.028668262276330708 -0.028668262276330708 -0.028668262276330708 -0.028668262276330708 -0.028668262276330708 -0.028668262276330708 -0.028668262276330708 -0.028668262276330708 -0.028668262276330708 -0.028668262276330708 -0.028668262276330708 -0.028668262276330708 -0.028668262276330708 -0.028668262276330708 -0.028668262276330708 -0.028668262276330708 -0.028668262276330708 -0.028668262276330708 -0.028668262276330708 -0.028668262276330708 -0.028668262276330708 -0.028668262276330708 -0.028668262276330708 -0.028668262276330708 -0.028668262276330708 -0.028668262276330708 -0.028668262276330708 -0.028668262276330708 -0.028668262276330708 -0.028668262276330708 -0.028668262276330708 -0.028668262276330708 -0.028668262276330708 -0.028668262276330708 -0.028668262276330708 -0.028668262276330708 -0.028668262276330708 -0.028668262276330708 -0.028668262276330708 -0.028668262276330708 -0.028668262276330708 -0.028668262276330708 -0.028668262276330708 -0.028668262276330708 -0.028668262276330708 -0.028668262276330708 -0.028668262276330708 -0.028668262276330708 -0.028668262276330708 -0.028668262276330708 -0.028668262276330708 -0.028668262276330708 -0.028668262276330708 -0.028668262276330708 -0.028668262276330708 -0.028668262276330708 -0.028668262276330708 -0.028668262276330708 -0.028668262276330708 -0.028668262276330708 -0.028668262276330708 -0.028668262276330708 -0.028668262276330708 -0.028668262276330708 -0.028668262276330708 -0.028668262276330708 -0.028668262276330708 -0.028668262276330708 -0.028668262276330708 -0.028668262276330708 -0.028668262276330708 -0.028668262276330708 -0.028668262276330708 -0.028668262276330708 -0.028668262276330708 -0.028668262276330708 -0.028668262276330708 -0.028668262276330708 -0.028668262276330708 -0.0302349228089525 -0.028668262276330708
-0.029555878357564007 -0.029555878357564007 -0.029555878357564007 -0.029555878357564007 -0.029555878357564007 -0.029555878357564007 -0.029555878357564007 -0.029555878357564007 -0.029555878357564007 -0.029555878357564007 -0.029555878357564007 -0.029555878357564007 -0.029555878357564007 -0.029555878357564007 -0.029555878357564007 -0.029555878357564007 -0.029555878357564007 -0.029555878357564007 -0.029555878357564007 -0.029555878357564007 -0.029555878357564007 -0.029555878357564007 -0.029555878357564007 -0.029555878357564007 -0.029555878357564007 -0.029555878357564007 -0.029555878357564007 -0.029555878357564007 -0.029555878357564007 -0.029555878357564007 -0.029555878357564007 -0.029555878357564007 -0.029555878357564007 -0.029555878357564007 -0.029555878357564007 -0.029555878357564007 -0.029555878357564007 -0.029555878357564007 -0.029555878357564007 -0.029555878357564007 -0.029555878357564007 -0.029555878357564007 -0.029555878357564007 -0.029555878357564007 -0.029555878357564007 -0.029555878357564007 -0.029555878357564007 -0.029555878357564007 -0.029555878357564007 -0.029555878357564007 -0.029555878357564007 -0.029555878357564007 -0.029555878357564007 -0.029555878357564007 -0.029555878357564007 -0.029555878357564007 -0.029555878357564007 -0.029555878357564007 -0.029555878357564007 -0.029555878357564007 -0.029555878357564007 -0.029555878357564007 -0.029555878357564007 -0.029555878357564007 -0.029555878357564007 -0.029555878357564007 -0.029555878357564007 -0.029555878357564007 -0.029555878357564007 -0.029555878357564007 -0.029555878357564007 -0.029555878357564007 -0.029555878357564007 -0.029555878357564007 -0.029555878357564007 -0.029555878357564007 -0.029555878357564007 -0.029555878357564007 -0.029555878357564007 -0.029555878357564007 -0.029555878357564007 -0.029555878357564007 -0.029555878357564007 -0.029555878357564007 -0.029555878357564007 -0.029555878357564007 -0.029555878357564007 -0.029555878357564007 -0.029555878357564007 -0.029555878357564007 -0.029555878357564007 -0.029555878357564007 -0.028668262276330708 -0.030106630536856086