-0.3628812308832233 -0.3628812308832233 -0.3628812308832233 -0.21864838967657121 -0.3198388050664268 -0.3198388050664268 -0.3198388050664268 -0.3628812308832233 -0.3198388050664268 -0.570990196633844 -0.570990196633844 -0.3198388050664268 -0.3628812308832233 -0.3198388050664268 -0.3198388050664268 -0.3628812308832233 -0.3198388050664268 -0.3198388050664268 -0.3628812308832233 -0.3628812308832233 -0.3628812308832233 -0.3628812308832233 -0.3628812308832233 -0.33994240002106674 -0.33994240002106674 -0.3619336794464529 -0.33994240002106674 -0.33994240002106674 -0.33994240002106674 -0.3198388050664268 -0.33994240002106674 -0.3628812308832233 -0.33994240002106674 -0.33994240002106674 -0.22357234384199656 -0.22574011780153888 -0.22357234384199656 -0.22574011780153888 -0.2682974947347199 -0.22357234384199656 -0.22574011780153888 -0.22574011780153888 -0.22357234384199656 -0.3198388050664268 -0.34746531225836746 -0.34746531225836746 -0.22357234384199656 -0.22574011780153888 -0.2933714253799569 -0.21864838967657121 -0.21864838967657121 -0.29150594983474515 -0.29150594983474515 -0.28226749425116104 -0.28226749425116104 -0.29631795428217356 -0.2933714253799569 -0.29631795428217356 -0.301733026521692 -0.29631795428217356 -0.22357234384199656 -0.22574011780153888 -0.27796130109282513 -0.2758428290132793 -0.27510653328593737 -0.2687352650535264 -0.2660180436000387 -0.2438289613089408 -0.18429608533874 -0.19031448888163305 -0.18656212010531797 -0.185372906320822 -0.1848184837376309 -0.18522771540716582 -0.1854215115443482 -0.16147123547641096 -0.13513891882311518 -0.11180849889651923 -0.11180849889651923 -0.11180849889651923 -0.11180849889651923 -0.12022547463080367 -0.11191416412049114 -0.10706904724982212 -0.10497473627613492 -0.0712523620304382
-0.3628812308832233 -0.3628812308832233 -0.3628812308832233 -0.21864838967657121 -0.3198388050664268 -0.3198388050664268 -0.3198388050664268 -0.3628812308832233 -0.3198388050664268 -0.570990196633844 -0.570990196633844 -0.3198388050664268 -0.3628812308832233 -0.3198388050664268 -0.3198388050664268 -0.3628812308832233 -0.3198388050664268 -0.3198388050664268 -0.3628812308832233 -0.3628812308832233 -0.3628812308832233 -0.3628812308832233 -0.3628812308832233 -0.33994240002106674 -0.33994240002106674 -0.3619336794464529 -0.33994240002106674 -0.33994240002106674 -0.33994240002106674 -0.3198388050664268 -0.33994240002106674 -0.3628812308832233 -0.33994240002106674 -0.33994240002106674 -0.22357234384199656 -0.22574011780153888 -0.22357234384199656 -0.22574011780153888 -0.2682974947347199 -0.22357234384199656 -0.22574011780153888 -0.22574011780153888 -0.22357234384199656 -0.3198388050664268 -0.34746531225836746 -0.34746531225836746 -0.22357234384199656 -0.22574011780153888 -0.2933714253799569 -0.21864838967657121 -0.21864838967657121 -0.29150594983474515 -0.29150594983474515 -0.28226749425116104 -0.28226749425116104 -0.29631795428217356 -0.2933714253799569 -0.29631795428217356 -0.301733026521692 -0.29631795428217356 -0.22357234384199656 -0.22574011780153888 -0.27796130109282513 -0.2758428290132793 -0.27510653328593737 -0.2687352650535264 -0.2660180436000387 -0.2438289613089408 -0.18429608533874 -0.19031448888163305 -0.18656212010531797 -0.185372906320822 -0.1848184837376309 -0.18522771540716582 -0.1854215115443482 -0.16147123547641096 -0.13513891882311518 -0.11180849889651923 -0.11180849889651923 -0.11180849889651923 -0.11180849889651923 -0.12022547463080367 -0.11191416412049114 -0.10706904724982212 -0.10497473627613492 -0.0712523620304382
-0.3628812308832233 -0.3628812308832233 -0.3628812308832233 -0.21864838967657121 -0.3198388050664268 -0.3198388050664268 -0.3198388050664268 -0.3628812308832233 -0.3198388050664268 -0.570990196633844 -0.570990196633844 -0.3198388050664268 -0.3628812308832233 -0.3198388050664268 -0.3198388050664268 -0.3628812308832233 -0.3198388050664268 -0.3198388050664268 -0.3628812308832233 -0.3628812308832233 -0.3628812308832233 -0.3628812308832233 -0.3628812308832233 -0.33994240002106674 -0.33994240002106674 -0.3619336794464529 -0.33994240002106674 -0.33994240002106674 -0.33994240002106674 -0.3198388050664268 -0.33994240002106674 -0.3628812308832233 -0.33994240002106674 -0.33994240002106674 -0.22357234384199656 -0.22574011780153888 -0.22357234384199656 -0.22574011780153888 -0.2682974947347199 -0.22357234384199656 -0.22574011780153888 -0.22574011780153888 -0.22357234384199656 -0.3198388050664268 -0.34746531225836746 -0.34746531225836746 -0.22357234384199656 -0.22574011780153888 -0.2933714253799569 -0.21864838967657121 -0.21864838967657121 -0.29150594983474515 -0.29150594983474515 -0.28226749425116104 -0.28226749425116104 -0.29631795428217356 -0.2933714253799569 -0.29631795428217356 -0.301733026521692 -0.29631795428217356 -0.22357234384199656 -0.22574011780153888 -0.27796130109282513 -0.2758428290132793 -0.27510653328593737 -0.2687352650535264 -0.2660180436000387 -0.2438289613089408 -0.18429608533874 -0.19031448888163305 -0.18656212010531797 -0.185372906320822 -0.1848184837376309 -0.18522771540716582 -0.1854215115443482 -0.16147123547641096 -0.13513891882311518 -0.11180849889651923 -0.11180849889651923 -0.11180849889651923 -0.11180849889651923 -0.12022547463080367 -0.11191416412049114 -0.10706904724982212 -0.10497473627613492 -0.0712523620304382
-0.3619336794464529 -0.3619336794464529 -0.3619336794464529 -0.21864838967657121 -0.3198388050664268 -0.3198388050664268 -0.3198388050664268 -0.3619336794464529 -0.3198388050664268 -0.3619336794464529 -0.3619336794464529 -0.3198388050664268 -0.3619336794464529 -0.3198388050664268 -0.3198388050664268 -0.3619336794464529 -0.3198388050664268 -0.3198388050664268 -0.3619336794464529 -0.3619336794464529 -0.3619336794464529 -0.3619336794464529 -0.3619336794464529 -0.33994240002106674 -0.33994240002106674 -0.3619336794464529 -0.33994240002106674 -0.33994240002106674 -0.33994240002106674 -0.3198388050664268 -0.33994240002106674 -0.3619336794464529 -0.33994240002106674 -0.33994240002106674 -0.22357234384199656 -0.22574011780153888 -0.22357234384199656 -0.22574011780153888 -0.2682974947347199 -0.22357234384199656 -0.22574011780153888 -0.22574011780153888 -0.22357234384199656 -0.3198388050664268 -0.34746531225836746 -0.34746531225836746 -0.22357234384199656 -0.22574011780153888 -0.2933714253799569 -0.21864838967657121 -0.21864838967657121 -0.29150594983474515 -0.29150594983474515 -0.28226749425116104 -0.28226749425116104 -0.29631795428217356 -0.2933714253799569 -0.29631795428217356 -0.301733026521692 -0.29631795428217356 -0.22357234384199656 -0.22574011780153888 -0.27796130109282513 -0.2758428290132793 -0.27510653328593737 -0.2687352650535264 -0.2660180436000387 -0.2438289613089408 -0.18429608533874 -0.19031448888163305 -0.18656212010531797 -0.185372906320822 -0.1848184837376309 -0.18522771540716582 -0.1854215115443482 -0.16147123547641096 -0.13513891882311518 -0.11180849889651923 -0.11180849889651923 -0.11180849889651923 -0.11180849889651923 -0.12022547463080367 -0.11191416412049114 -0.10706904724982212 -0.10497473627613492 -0.0712523620304382
-0.33994240002106674 -0.33994240002106674 -0.33994240002106674 -0.21864838967657121 -0.3198388050664268 -0.3198388050664268 -0.3198388050664268 -0.33994240002106674 -0.3198388050664268 -0.33994240002106674 -0.33994240002106674 -0.3198388050664268 -0.33994240002106674 -0.3198388050664268 -0.3198388050664268 -0.33994240002106674 -0.3198388050664268 -0.3198388050664268 -0.33994240002106674 -0.33994240002106674 -0.33994240002106674 -0.33994240002106674 -0.33994240002106674 -0.33994240002106674 -0.33994240002106674 -0.33994240002106674 -0.33994240002106674 -0.33994240002106674 -0.33994240002106674 -0.3198388050664268 -0.33994240002106674 -0.33994240002106674 -0.33994240002106674 -0.33994240002106674 -0.22357234384199656 -0.22574011780153888 -0.22357234384199656 -0.22574011780153888 -0.2682974947347199 -0.22357234384199656 -0.22574011780153888 -0.22574011780153888 -0.22357234384199656 -0.3198388050664268 -0.33994240002106674 -0.33994240002106674 -0.22357234384199656 -0.22574011780153888 -0.2933714253799569 -0.21864838967657121 -0.21864838967657121 -0.29150594983474515 -0.29150594983474515 -0.28226749425116104 -0.28226749425116104 -0.29631795428217356 -0.2933714253799569 -0.29631795428217356 -0.301733026521692 -0.29631795428217356 -0.22357234384199656 -0.22574011780153888 -0.27796130109282513 -0.2758428290132793 -0.27510653328593737 -0.2687352650535264 -0.2660180436000387 -0.2438289613089408 -0.18429608533874 -0.19031448888163305 -0.18656212010531797 -0.185372906320822 -0.1848184837376309 -0.18522771540716582 -0.1854215115443482 -0.16147123547641096 -0.13513891882311518 -0.11180849889651923 -0.11180849889651923 -0.11180849889651923 -0.11180849889651923 -0.12022547463080367 -0.11191416412049114 -0.10706904724982212 -0.10497473627613492 -0.0712523620304382
-0.21864838967657121 -0.21864838967657121 -0.21864838967657121 -0.21864838967657121 -0.21864838967657121 -0.21864838967657121 -0.21864838967657121 -0.21864838967657121 -0.21864838967657121 -0.21864838967657121 -0.21864838967657121 -0.21864838967657121 -0.21864838967657121 -0.21864838967657121 -0.21864838967657121 -0.21864838967657121 -0.21864838967657121 -0.21864838967657121 -0.21864838967657121 -0.21864838967657121 -0.21864838967657121 -0.21864838967657121 -0.21864838967657121 -0.21864838967657121 -0.21864838967657121 -0.21864838967657121 -0.21864838967657121 -0.21864838967657121 -0.21864838967657121 -0.21864838967657121 -0.21864838967657121 -0.21864838967657121 -0.21864838967657121 -0.21864838967657121 -0.21864838967657121 -0.21864838967657121 -0.21864838967657121 -0.21864838967657121 -0.21864838967657121 -0.21864838967657121 -0.21864838967657121 -0.21864838967657121 -0.21864838967657121 -0.21864838967657121 -0.21864838967657121 -0.21864838967657121 -0.21864838967657121 -0.21864838967657121 -0.21864838967657121 -0.21864838967657121 -0.21864838967657121 -0.21864838967657121 -0.21864838967657121 -0.21864838967657121 -0.21864838967657121 -0.21864838967657121 -0.21864838967657121 -0.21864838967657121 -0.21864838967657121 -0.21864838967657121 -0.21864838967657121 -0.21864838967657121 -0.21864838967657121 -0.21864838967657121 -0.21864838967657121 -0.21864838967657121 -0.21864838967657121 -0.21864838967657121 -0.18429608533874 -0.19031448888163305 -0.18656212010531797 -0.185372906320822 -0.1848184837376309 -0.18522771540716582 -0.1854215115443482 -0.16147123547641096 -0.13513891882311518 -0.11180849889651923 -0.11180849889651923 -0.11180849889651923 -0.11180849889651923 -0.12022547463080367 -0.11191416412049114 -0.10706904724982212 -0.10497473627613492 -0.0712523620304382
-0.3198388050664268 -0.3198388050664268 -0.3198388050664268 -0.21864838967657121 -0.6282589517217102 -0.6282589517217102 -0.6282589517217102 -0.3198388050664268 -0.6282589517217102 -0.3198388050664268 -0.3198388050664268 -0.6282589517217102 -0.3198388050664268 -0.6282589517217102 -0.6282589517217102 -0.3198388050664268 -0.6282589517217102 -0.6282589517217102 -0.3198388050664268 -0.3198388050664268 -0.3198388050664268 -0.3198388050664268 -0.3198388050664268 -0.3198388050664268 -0.3198388050664268 -0.3198388050664268 -0.3198388050664268 -0.3198388050664268 -0.3198388050664268 -0.4018304693102546 -0.3198388050664268 -0.3198388050664268 -0.3198388050664268 -0.3198388050664268 -0.22357234384199656 -0.22574011780153888 -0.22357234384199656 -0.22574011780153888 -0.2682974947347199 -0.22357234384199656 -0.22574011780153888 -0.22574011780153888 -0.22357234384199656 -0.3560722711044733 -0.3198388050664268 -0.3198388050664268 -0.22357234384199656 -0.22574011780153888 -0.2933714253799569 -0.21864838967657121 -0.21864838967657121 -0.29150594983474515 -0.29150594983474515 -0.28226749425116104 -0.28226749425116104 -0.29631795428217356 -0.2933714253799569 -0.29631795428217356 -0.301733026521692 -0.29631795428217356 -0.22357234384199656 -0.22574011780153888 -0.27796130109282513 -0.2758428290132793 -0.27510653328593737 -0.2687352650535264 -0.2660180436000387 -0.2438289613089408 -0.18429608533874 -0.19031448888163305 -0.18656212010531797 -0.185372906320822 -0.1848184837376309 -0.18522771540716582 -0.1854215115443482 -0.16147123547641096 -0.13513891882311518 -0.11180849889651923 -0.11180849889651923 -0.11180849889651923 -0.11180849889651923 -0.12022547463080367 -0.11191416412049114 -0.10706904724982212 -0.10497473627613492 -0.0712523620304382
-0.3198388050664268 -0.3198388050664268 -0.3198388050664268 -0.21864838967657121 -0.6282589517217102 -0.6282589517217102 -0.6282589517217102 -0.3198388050664268 -0.6282589517217102 -0.3198388050664268 -0.3198388050664268 -0.6282589517217102 -0.3198388050664268 -0.6282589517217102 -0.6282589517217102 -0.3198388050664268 -0.6282589517217102 -0.6282589517217102 -0.3198388050664268 -0.3198388050664268 -0.3198388050664268 -0.3198388050664268 -0.3198388050664268 -0.3198388050664268 -0.3198388050664268 -0.3198388050664268 -0.3198388050664268 -0.3198388050664268 -0.3198388050664268 -0.4018304693102546 -0.3198388050664268 -0.3198388050664268 -0.3198388050664268 -0.3198388050664268 -0.22357234384199656 -0.22574011780153888 -0.22357234384199656 -0.22574011780153888 -0.2682974947347199 -0.22357234384199656 -0.22574011780153888 -0.22574011780153888 -0.22357234384199656 -0.3560722711044733 -0.3198388050664268 -0.3198388050664268 -0.22357234384199656 -0.22574011780153888 -0.2933714253799569 -0.21864838967657121 -0.21864838967657121 -0.29150594983474515 -0.29150594983474515 -0.28226749425116104 -0.28226749425116104 -0.29631795428217356 -0.2933714253799569 -0.29631795428217356 -0.301733026521692 -0.29631795428217356 -0.22357234384199656 -0.22574011780153888 -0.27796130109282513 -0.2758428290132793 -0.27510653328593737 -0.2687352650535264 -0.2660180436000387 -0.2438289613089408 -0.18429608533874 -0.19031448888163305 -0.18656212010531797 -0.185372906320822 -0.1848184837376309 -0.18522771540716582 -0.1854215115443482 -0.16147123547641096 -0.13513891882311518 -0.11180849889651923 -0.11180849889651923 -0.11180849889651923 -0.11180849889651923 -0.12022547463080367 -0.11191416412049114 -0.10706904724982212 -0.10497473627613492 -0.0712523620304382
-0.3198388050664268 -0.3198388050664268 -0.3198388050664268 -0.21864838967657121 -0.4018304693102546 -0.4018304693102546 -0.4018304693102546 -0.3198388050664268 -0.4018304693102546 -0.3198388050664268 -0.3198388050664268 -0.4018304693102546 -0.3198388050664268 -0.4018304693102546 -0.4018304693102546 -0.3198388050664268 -0.4018304693102546 -0.4018304693102546 -0.3198388050664268 -0.3198388050664268 -0.3198388050664268 -0.3198388050664268 -0.3198388050664268 -0.3198388050664268 -0.3198388050664268 -0.3198388050664268 -0.3198388050664268 -0.3198388050664268 -0.3198388050664268 -0.4018304693102546 -0.3198388050664268 -0.3198388050664268 -0.3198388050664268 -0.3198388050664268 -0.22357234384199656 -0.22574011780153888 -0.22357234384199656 -0.22574011780153888 -0.2682974947347199 -0.22357234384199656 -0.22574011780153888 -0.22574011780153888 -0.22357234384199656 -0.3560722711044733 -0.3198388050664268 -0.3198388050664268 -0.22357234384199656 -0.22574011780153888 -0.2933714253799569 -0.21864838967657121 -0.21864838967657121 -0.29150594983474515 -0.29150594983474515 -0.28226749425116104 -0.28226749425116104 -0.29631795428217356 -0.2933714253799569 -0.29631795428217356 -0.301733026521692 -0.29631795428217356 -0.22357234384199656 -0.22574011780153888 -0.27796130109282513 -0.2758428290132793 -0.27510653328593737 -0.2687352650535264 -0.2660180436000387 -0.2438289613089408 -0.18429608533874 -0.19031448888163305 -0.18656212010531797 -0.185372906320822 -0.1848184837376309 -0.18522771540716582 -0.1854215115443482 -0.16147123547641096 -0.13513891882311518 -0.11180849889651923 -0.11180849889651923 -0.11180849889651923 -0.11180849889651923 -0.12022547463080367 -0.11191416412049114 -0.10706904724982212 -0.10497473627613492 -0.0712523620304382
-0.3198388050664268 -0.3198388050664268 -0.3198388050664268 -0.21864838967657121 -0.6558841237038742 -0.6558841237038742 -0.6558841237038742 -0.3198388050664268 -0.6558841237038742 -0.3198388050664268 -0.3198388050664268 -0.6558841237038742 -0.3198388050664268 -0.6558841237038742 -0.6322214243098236 -0.3198388050664268 -0.6282589517217102 -0.6379020927234808 -0.3198388050664268 -0.3198388050664268 -0.3198388050664268 -0.3198388050664268 -0.3198388050664268 -0.3198388050664268 -0.3198388050664268 -0.3198388050664268 -0.3198388050664268 -0.3198388050664268 -0.3198388050664268 -0.4018304693102546 -0.3198388050664268 -0.3198388050664268 -0.3198388050664268 -0.3198388050664268 -0.22357234384199656 -0.22574011780153888 -0.22357234384199656 -0.22574011780153888 -0.2682974947347199 -0.22357234384199656 -0.22574011780153888 -0.22574011780153888 -0.22357234384199656 -0.3560722711044733 -0.3198388050664268 -0.3198388050664268 -0.22357234384199656 -0.22574011780153888 -0.2933714253799569 -0.21864838967657121 -0.21864838967657121 -0.29150594983474515 -0.29150594983474515 -0.28226749425116104 -0.28226749425116104 -0.29631795428217356 -0.2933714253799569 -0.29631795428217356 -0.301733026521692 -0.29631795428217356 -0.22357234384199656 -0.22574011780153888 -0.27796130109282513 -0.2758428290132793 -0.27510653328593737 -0.2687352650535264 -0.2660180436000387 -0.2438289613089408 -0.18429608533874 -0.19031448888163305 -0.18656212010531797 -0.185372906320822 -0.1848184837376309 -0.18522771540716582 -0.1854215115443482 -0.16147123547641096 -0.13513891882311518 -0.11180849889651923 -0.11180849889651923 -0.11180849889651923 -0.11180849889651923 -0.12022547463080367 -0.11191416412049114 -0.10706904724982212 -0.10497473627613492 -0.0712523620304382
-0.27510653328593737 -0.27510653328593737 -0.27510653328593737 -0.21864838967657121 -0.27510653328593737 -0.27510653328593737 -0.27510653328593737 -0.27510653328593737 -0.27510653328593737 -0.27510653328593737 -0.27510653328593737 -0.27510653328593737 -0.27510653328593737 -0.27510653328593737 -0.27510653328593737 -0.27510653328593737 -0.27510653328593737 -0.27510653328593737 -0.27510653328593737 -0.27510653328593737 -0.27510653328593737 -0.27510653328593737 -0.27510653328593737 -0.27510653328593737 -0.27510653328593737 -0.27510653328593737 -0.27510653328593737 -0.27510653328593737 -0.27510653328593737 -0.27510653328593737 -0.27510653328593737 -0.27510653328593737 -0.27510653328593737 -0.27510653328593737 -0.22357234384199656 -0.22574011780153888 -0.22357234384199656 -0.22574011780153888 -0.2682974947347199 -0.22357234384199656 -0.22574011780153888 -0.22574011780153888 -0.22357234384199656 -0.27510653328593737 -0.27510653328593737 -0.27510653328593737 -0.22357234384199656 -0.22574011780153888 -0.27510653328593737 -0.21864838967657121 -0.21864838967657121 -0.27510653328593737 -0.27510653328593737 -0.27510653328593737 -0.27510653328593737 -0.27510653328593737 -0.27510653328593737 -0.27510653328593737 -0.27510653328593737 -0.27510653328593737 -0.22357234384199656 -0.22574011780153888 -0.27510653328593737 -0.27510653328593737 -0.27510653328593737 -0.2687352650535264 -0.2660180436000387 -0.2438289613089408 -0.18429608533874 -0.19031448888163305 -0.18656212010531797 -0.185372906320822 -0.1848184837376309 -0.18522771540716582 -0.1854215115443482 -0.16147123547641096 -0.13513891882311518 -0.11180849889651923 -0.11180849889651923 -0.11180849889651923 -0.11180849889651923 -0.12022547463080367 -0.11191416412049114 -0.10706904724982212 -0.10497473627613492 -0.0712523620304382
-0.3198388050664268 -0.3198388050664268 -0.3198388050664268 -0.21864838967657121 -0.6379020927234808 -0.6379020927234808 -0.6379020927234808 -0.3198388050664268 -0.6379020927234808 -0.3198388050664268 -0.3198388050664268 -0.6379020927234808 -0.3198388050664268 -0.6379020927234808 -0.6322214243098236 -0.3198388050664268 -0.6282589517217102 -0.6397139279731456 -0.3198388050664268 -0.3198388050664268 -0.3198388050664268 -0.3198388050664268 -0.3198388050664268 -0.3198388050664268 -0.3198388050664268 -0.3198388050664268 -0.3198388050664268 -0.3198388050664268 -0.3198388050664268 -0.4018304693102546 -0.3198388050664268 -0.3198388050664268 -0.3198388050664268 -0.3198388050664268 -0.22357234384199656 -0.22574011780153888 -0.22357234384199656 -0.22574011780153888 -0.2682974947347199 -0.22357234384199656 -0.22574011780153888 -0.22574011780153888 -0.22357234384199656 -0.3560722711044733 -0.3198388050664268 -0.3198388050664268 -0.22357234384199656 -0.22574011780153888 -0.2933714253799569 -0.21864838967657121 -0.21864838967657121 -0.29150594983474515 -0.29150594983474515 -0.28226749425116104 -0.28226749425116104 -0.29631795428217356 -0.2933714253799569 -0.29631795428217356 -0.301733026521692 -0.29631795428217356 -0.22357234384199656 -0.22574011780153888 -0.27796130109282513 -0.2758428290132793 -0.27510653328593737 -0.2687352650535264 -0.2660180436000387 -0.2438289613089408 -0.18429608533874 -0.19031448888163305 -0.18656212010531797 -0.185372906320822 -0.1848184837376309 -0.18522771540716582 -0.1854215115443482 -0.16147123547641096 -0.13513891882311518 -0.11180849889651923 -0.11180849889651923 -0.11180849889651923 -0.11180849889651923 -0.12022547463080367 -0.11191416412049114 -0.10706904724982212 -0.10497473627613492 -0.0712523620304382
-0.22357234384199656 -0.22357234384199656 -0.22357234384199656 -0.21864838967657121 -0.22357234384199656 -0.22357234384199656 -0.22357234384199656 -0.22357234384199656 -0.22357234384199656 -0.22357234384199656 -0.22357234384199656 -0.22357234384199656 -0.22357234384199656 -0.22357234384199656 -0.22357234384199656 -0.22357234384199656 -0.22357234384199656 -0.22357234384199656 -0.22357234384199656 -0.22357234384199656 -0.22357234384199656 -0.22357234384199656 -0.22357234384199656 -0.22357234384199656 -0.22357234384199656 -0.22357234384199656 -0.22357234384199656 -0.22357234384199656 -0.22357234384199656 -0.22357234384199656 -0.22357234384199656 -0.22357234384199656 -0.22357234384199656 -0.22357234384199656 -0.22357234384199656 -0.22357234384199656 -0.22357234384199656 -0.22357234384199656 -0.22357234384199656 -0.22357234384199656 -0.22357234384199656 -0.22357234384199656 -0.22357234384199656 -0.22357234384199656 -0.22357234384199656 -0.22357234384199656 -0.22357234384199656 -0.22357234384199656 -0.22357234384199656 -0.21864838967657121 -0.21864838967657121 -0.22357234384199656 -0.22357234384199656 -0.22357234384199656 -0.22357234384199656 -0.22357234384199656 -0.22357234384199656 -0.22357234384199656 -0.22357234384199656 -0.22357234384199656 -0.22357234384199656 -0.22357234384199656 -0.22357234384199656 -0.22357234384199656 -0.22357234384199656 -0.22357234384199656 -0.22357234384199656 -0.22357234384199656 -0.18429608533874 -0.19031448888163305 -0.18656212010531797 -0.185372906320822 -0.1848184837376309 -0.18522771540716582 -0.1854215115443482 -0.16147123547641096 -0.13513891882311518 -0.11180849889651923 -0.11180849889651923 -0.11180849889651923 -0.11180849889651923 -0.12022547463080367 -0.11191416412049114 -0.10706904724982212 -0.10497473627613492 -0.0712523620304382
-0.3198388050664268 -0.3198388050664268 -0.3198388050664268 -0.21864838967657121 -0.6322214243098236 -0.6322214243098236 -0.6322214243098236 -0.3198388050664268 -0.6322214243098236 -0.3198388050664268 -0.3198388050664268 -0.6322214243098236 -0.3198388050664268 -0.6322214243098236 -0.6450586427037108 -0.3198388050664268 -0.6282589517217102 -0.6322214243098236 -0.3198388050664268 -0.3198388050664268 -0.3198388050664268 -0.3198388050664268 -0.3198388050664268 -0.3198388050664268 -0.3198388050664268 -0.3198388050664268 -0.3198388050664268 -0.3198388050664268 -0.3198388050664268 -0.4018304693102546 -0.3198388050664268 -0.3198388050664268 -0.3198388050664268 -0.3198388050664268 -0.22357234384199656 -0.22574011780153888 -0.22357234384199656 -0.22574011780153888 -0.2682974947347199 -0.22357234384199656 -0.22574011780153888 -0.22574011780153888 -0.22357234384199656 -0.3560722711044733 -0.3198388050664268 -0.3198388050664268 -0.22357234384199656 -0.22574011780153888 -0.2933714253799569 -0.21864838967657121 -0.21864838967657121 -0.29150594983474515 -0.29150594983474515 -0.28226749425116104 -0.28226749425116104 -0.29631795428217356 -0.2933714253799569 -0.29631795428217356 -0.301733026521692 -0.29631795428217356 -0.22357234384199656 -0.22574011780153888 -0.27796130109282513 -0.2758428290132793 -0.27510653328593737 -0.2687352650535264 -0.2660180436000387 -0.2438289613089408 -0.18429608533874 -0.19031448888163305 -0.18656212010531797 -0.185372906320822 -0.1848184837376309 -0.18522771540716582 -0.1854215115443482 -0.16147123547641096 -0.13513891882311518 -0.11180849889651923 -0.11180849889651923 -0.11180849889651923 -0.11180849889651923 -0.12022547463080367 -0.11191416412049114 -0.10706904724982212 -0.10497473627613492 -0.0712523620304382
-0.33994240002106674 -0.33994240002106674 -0.33994240002106674 -0.21864838967657121 -0.3198388050664268 -0.3198388050664268 -0.3198388050664268 -0.33994240002106674 -0.3198388050664268 -0.33994240002106674 -0.33994240002106674 -0.3198388050664268 -0.33994240002106674 -0.3198388050664268 -0.3198388050664268 -0.33994240002106674 -0.3198388050664268 -0.3198388050664268 -0.33994240002106674 -0.33994240002106674 -0.33994240002106674 -0.33994240002106674 -0.33994240002106674 -0.33994240002106674 -0.33994240002106674 -0.33994240002106674 -0.33994240002106674 -0.33994240002106674 -0.33994240002106674 -0.3198388050664268 -0.33994240002106674 -0.33994240002106674 -0.33994240002106674 -0.33994240002106674 -0.22357234384199656 -0.22574011780153888 -0.22357234384199656 -0.22574011780153888 -0.2682974947347199 -0.22357234384199656 -0.22574011780153888 -0.22574011780153888 -0.22357234384199656 -0.3198388050664268 -0.33994240002106674 -0.33994240002106674 -0.22357234384199656 -0.22574011780153888 -0.2933714253799569 -0.21864838967657121 -0.21864838967657121 -0.29150594983474515 -0.29150594983474515 -0.28226749425116104 -0.28226749425116104 -0.29631795428217356 -0.2933714253799569 -0.29631795428217356 -0.301733026521692 -0.29631795428217356 -0.22357234384199656 -0.22574011780153888 -0.27796130109282513 -0.2758428290132793 -0.27510653328593737 -0.2687352650535264 -0.2660180436000387 -0.2438289613089408 -0.18429608533874 -0.19031448888163305 -0.18656212010531797 -0.185372906320822 -0.1848184837376309 -0.18522771540716582 -0.1854215115443482 -0.16147123547641096 -0.13513891882311518 -0.11180849889651923 -0.11180849889651923 -0.11180849889651923 -0.11180849889651923 -0.12022547463080367 -0.11191416412049114 -0.10706904724982212 -0.10497473627613492 -0.0712523620304382
-0.16147123547641096 -0.16147123547641096 -0.16147123547641096 -0.16147123547641096 -0.16147123547641096 -0.16147123547641096 -0.16147123547641096 -0.16147123547641096 -0.16147123547641096 -0.16147123547641096 -0.16147123547641096 -0.16147123547641096 -0.16147123547641096 -0.16147123547641096 -0.16147123547641096 -0.16147123547641096 -0.16147123547641096 -0.16147123547641096 -0.16147123547641096 -0.16147123547641096 -0.16147123547641096 -0.16147123547641096 -0.16147123547641096 -0.16147123547641096 -0.16147123547641096 -0.16147123547641096 -0.16147123547641096 -0.16147123547641096 -0.16147123547641096 -0.16147123547641096 -0.16147123547641096 -0.16147123547641096 -0.16147123547641096 -0.16147123547641096 -0.16147123547641096 -0.16147123547641096 -0.16147123547641096 -0.16147123547641096 -0.16147123547641096 -0.16147123547641096 -0.16147123547641096 -0.16147123547641096 -0.16147123547641096 -0.16147123547641096 -0.16147123547641096 -0.16147123547641096 -0.16147123547641096 -0.16147123547641096 -0.16147123547641096 -0.16147123547641096 -0.16147123547641096 -0.16147123547641096 -0.16147123547641096 -0.16147123547641096 -0.16147123547641096 -0.16147123547641096 -0.16147123547641096 -0.16147123547641096 -0.16147123547641096 -0.16147123547641096 -0.16147123547641096 -0.16147123547641096 -0.16147123547641096 -0.16147123547641096 -0.16147123547641096 -0.16147123547641096 -0.16147123547641096 -0.16147123547641096 -0.16147123547641096 -0.16147123547641096 -0.16147123547641096 -0.16147123547641096 -0.16147123547641096 -0.16147123547641096 -0.16147123547641096 -0.16147123547641096 -0.13513891882311518 -0.11180849889651923 -0.11180849889651923 -0.11180849889651923 -0.11180849889651923 -0.12022547463080367 -0.11191416412049114 -0.10706904724982212 -0.10497473627613492 -0.0712523620304382
-0.3198388050664268 -0.3198388050664268 -0.3198388050664268 -0.21864838967657121 -0.3198388050664268 -0.3198388050664268 -0.3198388050664268 -0.3198388050664268 -0.3198388050664268 -0.3198388050664268 -0.3198388050664268 -0.3198388050664268 -0.3198388050664268 -0.3198388050664268 -0.3198388050664268 -0.3198388050664268 -0.3198388050664268 -0.3198388050664268 -0.3198388050664268 -0.3198388050664268 -0.3198388050664268 -0.3198388050664268 -0.3198388050664268 -0.3198388050664268 -0.3198388050664268 -0.3198388050664268 -0.3198388050664268 -0.3198388050664268 -0.3198388050664268 -0.3198388050664268 -0.3198388050664268 -0.3198388050664268 -0.3198388050664268 -0.3198388050664268 -0.22357234384199656 -0.22574011780153888 -0.22357234384199656 -0.22574011780153888 -0.2682974947347199 -0.22357234384199656 -0.22574011780153888 -0.22574011780153888 -0.22357234384199656 -0.3198388050664268 -0.3198388050664268 -0.3198388050664268 -0.22357234384199656 -0.22574011780153888 -0.2933714253799569 -0.21864838967657121 -0.21864838967657121 -0.29150594983474515 -0.29150594983474515 -0.28226749425116104 -0.28226749425116104 -0.29631795428217356 -0.2933714253799569 -0.29631795428217356 -0.301733026521692 -0.29631795428217356 -0.22357234384199656 -0.22574011780153888 -0.27796130109282513 -0.2758428290132793 -0.27510653328593737 -0.2687352650535264 -0.2660180436000387 -0.2438289613089408 -0.18429608533874 -0.19031448888163305 -0.18656212010531797 -0.185372906320822 -0.1848184837376309 -0.18522771540716582 -0.1854215115443482 -0.16147123547641096 -0.13513891882311518 -0.11180849889651923 -0.11180849889651923 -0.11180849889651923 -0.11180849889651923 -0.12022547463080367 -0.11191416412049114 -0.10706904724982212 -0.10497473627613492 -0.0712523620304382
-0.3198388050664268 -0.3198388050664268 -0.3198388050664268 -0.21864838967657121 -0.3198388050664268 -0.3198388050664268 -0.3198388050664268 -0.3198388050664268 -0.3198388050664268 -0.3198388050664268 -0.3198388050664268 -0.3198388050664268 -0.3198388050664268 -0.3198388050664268 -0.3198388050664268 -0.3198388050664268 -0.3198388050664268 -0.3198388050664268 -0.3198388050664268 -0.3198388050664268 -0.3198388050664268 -0.3198388050664268 -0.3198388050664268 -0.3198388050664268 -0.3198388050664268 -0.3198388050664268 -0.3198388050664268 -0.3198388050664268 -0.3198388050664268 -0.3198388050664268 -0.3198388050664268 -0.3198388050664268 -0.3198388050664268 -0.3198388050664268 -0.22357234384199656 -0.22574011780153888 -0.22357234384199656 -0.22574011780153888 -0.2682974947347199 -0.22357234384199656 -0.22574011780153888 -0.22574011780153888 -0.22357234384199656 -0.3198388050664268 -0.3198388050664268 -0.3198388050664268 -0.22357234384199656 -0.22574011780153888 -0.2933714253799569 -0.21864838967657121 -0.21864838967657121 -0.29150594983474515 -0.29150594983474515 -0.28226749425116104 -0.28226749425116104 -0.29631795428217356 -0.2933714253799569 -0.29631795428217356 -0.301733026521692 -0.29631795428217356 -0.22357234384199656 -0.22574011780153888 -0.27796130109282513 -0.2758428290132793 -0.27510653328593737 -0.2687352650535264 -0.2660180436000387 -0.2438289613089408 -0.18429608533874 -0.19031448888163305 -0.18656212010531797 -0.185372906320822 -0.1848184837376309 -0.18522771540716582 -0.1854215115443482 -0.16147123547641096 -0.13513891882311518 -0.11180849889651923 -0.11180849889651923 -0.11180849889651923 -0.11180849889651923 -0.12022547463080367 -0.11191416412049114 -0.10706904724982212 -0.10497473627613492 -0.0712523620304382
-0.27510653328593737 -0.27510653328593737 -0.27510653328593737 -0.21864838967657121 -0.27510653328593737 -0.27510653328593737 -0.27510653328593737 -0.27510653328593737 -0.27510653328593737 -0.27510653328593737 -0.27510653328593737 -0.27510653328593737 -0.27510653328593737 -0.27510653328593737 -0.27510653328593737 -0.27510653328593737 -0.27510653328593737 -0.27510653328593737 -0.27510653328593737 -0.27510653328593737 -0.27510653328593737 -0.27510653328593737 -0.27510653328593737 -0.27510653328593737 -0.27510653328593737 -0.27510653328593737 -0.27510653328593737 -0.27510653328593737 -0.27510653328593737 -0.27510653328593737 -0.27510653328593737 -0.27510653328593737 -0.27510653328593737 -0.27510653328593737 -0.22357234384199656 -0.22574011780153888 -0.22357234384199656 -0.22574011780153888 -0.2682974947347199 -0.22357234384199656 -0.22574011780153888 -0.22574011780153888 -0.22357234384199656 -0.27510653328593737 -0.27510653328593737 -0.27510653328593737 -0.22357234384199656 -0.22574011780153888 -0.27510653328593737 -0.21864838967657121 -0.21864838967657121 -0.27510653328593737 -0.27510653328593737 -0.27510653328593737 -0.27510653328593737 -0.27510653328593737 -0.27510653328593737 -0.27510653328593737 -0.27510653328593737 -0.27510653328593737 -0.22357234384199656 -0.22574011780153888 -0.27510653328593737 -0.27510653328593737 -0.27510653328593737 -0.2687352650535264 -0.2660180436000387 -0.2438289613089408 -0.18429608533874 -0.19031448888163305 -0.18656212010531797 -0.185372906320822 -0.1848184837376309 -0.18522771540716582 -0.1854215115443482 -0.16147123547641096 -0.13513891882311518 -0.11180849889651923 -0.11180849889651923 -0.11180849889651923 -0.11180849889651923 -0.12022547463080367 -0.11191416412049114 -0.10706904724982212 -0.10497473627613492 -0.0712523620304382
-0.301733026521692 -0.301733026521692 -0.301733026521692 -0.21864838967657121 -0.301733026521692 -0.301733026521692 -0.301733026521692 -0.301733026521692 -0.301733026521692 -0.301733026521692 -0.301733026521692 -0.301733026521692 -0.301733026521692 -0.301733026521692 -0.301733026521692 -0.301733026521692 -0.301733026521692 -0.301733026521692 -0.301733026521692 -0.301733026521692 -0.301733026521692 -0.301733026521692 -0.301733026521692 -0.301733026521692 -0.301733026521692 -0.301733026521692 -0.301733026521692 -0.301733026521692 -0.301733026521692 -0.301733026521692 -0.301733026521692 -0.301733026521692 -0.301733026521692 -0.301733026521692 -0.22357234384199656 -0.22574011780153888 -0.22357234384199656 -0.22574011780153888 -0.2682974947347199 -0.22357234384199656 -0.22574011780153888 -0.22574011780153888 -0.22357234384199656 -0.301733026521692 -0.301733026521692 -0.301733026521692 -0.22357234384199656 -0.22574011780153888 -0.2933714253799569 -0.21864838967657121 -0.21864838967657121 -0.29150594983474515 -0.29150594983474515 -0.28226749425116104 -0.28226749425116104 -0.29631795428217356 -0.2933714253799569 -0.29631795428217356 -0.301733026521692 -0.29631795428217356 -0.22357234384199656 -0.22574011780153888 -0.27796130109282513 -0.2758428290132793 -0.27510653328593737 -0.2687352650535264 -0.2660180436000387 -0.2438289613089408 -0.18429608533874 -0.19031448888163305 -0.18656212010531797 -0.185372906320822 -0.1848184837376309 -0.18522771540716582 -0.1854215115443482 -0.16147123547641096 -0.13513891882311518 -0.11180849889651923 -0.11180849889651923 -0.11180849889651923 -0.11180849889651923 -0.12022547463080367 -0.11191416412049114 -0.10706904724982212 -0.10497473627613492 -0.0712523620304382
-0.5282954142073281 -0.5282954142073281 -0.5282954142073281 -0.21864838967657121 -0.3198388050664268 -0.3198388050664268 -0.3198388050664268 -0.5282954142073281 -0.3198388050664268 -0.3628812308832233 -0.3628812308832233 -0.3198388050664268 -0.4891930226405385 -0.3198388050664268 -0.3198388050664268 -0.5282954142073281 -0.3198388050664268 -0.3198388050664268 -0.5282954142073281 -0.5282954142073281 -0.4891930226405385 -0.4891930226405385 -0.5282954142073281 -0.33994240002106674 -0.33994240002106674 -0.3619336794464529 -0.33994240002106674 -0.33994240002106674 -0.33994240002106674 -0.3198388050664268 -0.33994240002106674 -0.3836687970737428 -0.33994240002106674 -0.33994240002106674 -0.22357234384199656 -0.22574011780153888 -0.22357234384199656 -0.22574011780153888 -0.2682974947347199 -0.22357234384199656 -0.22574011780153888 -0.22574011780153888 -0.22357234384199656 -0.3198388050664268 -0.34746531225836746 -0.34746531225836746 -0.22357234384199656 -0.22574011780153888 -0.2933714253799569 -0.21864838967657121 -0.21864838967657121 -0.29150594983474515 -0.29150594983474515 -0.28226749425116104 -0.28226749425116104 -0.29631795428217356 -0.2933714253799569 -0.29631795428217356 -0.301733026521692 -0.29631795428217356 -0.22357234384199656 -0.22574011780153888 -0.27796130109282513 -0.2758428290132793 -0.27510653328593737 -0.2687352650535264 -0.2660180436000387 -0.2438289613089408 -0.18429608533874 -0.19031448888163305 -0.18656212010531797 -0.185372906320822 -0.1848184837376309 -0.18522771540716582 -0.1854215115443482 -0.16147123547641096 -0.13513891882311518 -0.11180849889651923 -0.11180849889651923 -0.11180849889651923 -0.11180849889651923 -0.12022547463080367 -0.11191416412049114 -0.10706904724982212 -0.10497473627613492 -0.0712523620304382
-0.5281409415310303 -0.5281409415310303 -0.5281409415310303 -0.21864838967657121 -0.3198388050664268 -0.3198388050664268 -0.3198388050664268 -0.5281409415310303 -0.3198388050664268 -0.3628812308832233 -0.3628812308832233 -0.3198388050664268 -0.4891930226405385 -0.3198388050664268 -0.3198388050664268 -0.5281409415310303 -0.3198388050664268 -0.3198388050664268 -0.5281409415310303 -0.5281409415310303 -0.4891930226405385 -0.4891930226405385 -0.5281409415310303 -0.33994240002106674 -0.33994240002106674 -0.3619336794464529 -0.33994240002106674 -0.33994240002106674 -0.33994240002106674 -0.3198388050664268 -0.33994240002106674 -0.3836687970737428 -0.33994240002106674 -0.33994240002106674 -0.22357234384199656 -0.22574011780153888 -0.22357234384199656 -0.22574011780153888 -0.2682974947347199 -0.22357234384199656 -0.22574011780153888 -0.22574011780153888 -0.22357234384199656 -0.3198388050664268 -0.34746531225836746 -0.34746531225836746 -0.22357234384199656 -0.22574011780153888 -0.2933714253799569 -0.21864838967657121 -0.21864838967657121 -0.29150594983474515 -0.29150594983474515 -0.28226749425116104 -0.28226749425116104 -0.29631795428217356 -0.2933714253799569 -0.29631795428217356 -0.301733026521692 -0.29631795428217356 -0.22357234384199656 -0.22574011780153888 -0.27796130109282513 -0.2758428290132793 -0.27510653328593737 -0.2687352650535264 -0.2660180436000387 -0.2438289613089408 -0.18429608533874 -0.19031448888163305 -0.18656212010531797 -0.185372906320822 -0.1848184837376309 -0.18522771540716582 -0.1854215115443482 -0.16147123547641096 -0.13513891882311518 -0.11180849889651923 -0.11180849889651923 -0.11180849889651923 -0.11180849889651923 -0.12022547463080367 -0.11191416412049114 -0.10706904724982212 -0.10497473627613492 -0.0712523620304382
-0.2438289613089408 -0.2438289613089408 -0.2438289613089408 -0.21864838967657121 -0.2438289613089408 -0.2438289613089408 -0.2438289613089408 -0.2438289613089408 -0.2438289613089408 -0.2438289613089408 -0.2438289613089408 -0.2438289613089408 -0.2438289613089408 -0.2438289613089408 -0.2438289613089408 -0.2438289613089408 -0.2438289613089408 -0.2438289613089408 -0.2438289613089408 -0.2438289613089408 -0.2438289613089408 -0.2438289613089408 -0.2438289613089408 -0.2438289613089408 -0.2438289613089408 -0.2438289613089408 -0.2438289613089408 -0.2438289613089408 -0.2438289613089408 -0.2438289613089408 -0.2438289613089408 -0.2438289613089408 -0.2438289613089408 -0.2438289613089408 -0.22357234384199656 -0.22574011780153888 -0.22357234384199656 -0.22574011780153888 -0.2438289613089408 -0.22357234384199656 -0.22574011780153888 -0.22574011780153888 -0.22357234384199656 -0.2438289613089408 -0.2438289613089408 -0.2438289613089408 -0.22357234384199656 -0.22574011780153888 -0.2438289613089408 -0.21864838967657121 -0.21864838967657121 -0.2438289613089408 -0.2438289613089408 -0.2438289613089408 -0.2438289613089408 -0.2438289613089408 -0.2438289613089408 -0.2438289613089408 -0.2438289613089408 -0.2438289613089408 -0.22357234384199656 -0.22574011780153888 -0.2438289613089408 -0.2438289613089408 -0.2438289613089408 -0.2438289613089408 -0.2438289613089408 -0.2438289613089408 -0.18429608533874 -0.19031448888163305 -0.18656212010531797 -0.185372906320822 -0.1848184837376309 -0.18522771540716582 -0.1854215115443482 -0.16147123547641096 -0.13513891882311518 -0.11180849889651923 -0.11180849889651923 -0.11180849889651923 -0.11180849889651923 -0.12022547463080367 -0.11191416412049114 -0.10706904724982212 -0.10497473627613492 -0.0712523620304382
-0.21864838967657121 -0.21864838967657121 -0.21864838967657121 -0.21864838967657121 -0.21864838967657121 -0.21864838967657121 -0.21864838967657121 -0.21864838967657121 -0.21864838967657121 -0.21864838967657121 -0.21864838967657121 -0.21864838967657121 -0.21864838967657121 -0.21864838967657121 -0.21864838967657121 -0.21864838967657121 -0.21864838967657121 -0.21864838967657121 -0.21864838967657121 -0.21864838967657121 -0.21864838967657121 -0.21864838967657121 -0.21864838967657121 -0.21864838967657121 -0.21864838967657121 -0.21864838967657121 -0.21864838967657121 -0.21864838967657121 -0.21864838967657121 -0.21864838967657121 -0.21864838967657121 -0.21864838967657121 -0.21864838967657121 -0.21864838967657121 -0.21864838967657121 -0.21864838967657121 -0.21864838967657121 -0.21864838967657121 -0.21864838967657121 -0.21864838967657121 -0.21864838967657121 -0.21864838967657121 -0.21864838967657121 -0.21864838967657121 -0.21864838967657121 -0.21864838967657121 -0.21864838967657121 -0.21864838967657121 -0.21864838967657121 -0.21864838967657121 -0.21864838967657121 -0.21864838967657121 -0.21864838967657121 -0.21864838967657121 -0.21864838967657121 -0.21864838967657121 -0.21864838967657121 -0.21864838967657121 -0.21864838967657121 -0.21864838967657121 -0.21864838967657121 -0.21864838967657121 -0.21864838967657121 -0.21864838967657121 -0.21864838967657121 -0.21864838967657121 -0.21864838967657121 -0.21864838967657121 -0.18429608533874 -0.19031448888163305 -0.18656212010531797 -0.185372906320822 -0.1848184837376309 -0.18522771540716582 -0.1854215115443482 -0.16147123547641096 -0.13513891882311518 -0.11180849889651923 -0.11180849889651923 -0.11180849889651923 -0.11180849889651923 -0.12022547463080367 -0.11191416412049114 -0.10706904724982212 -0.10497473627613492 -0.0712523620304382
-0.18429608533874 -0.18429608533874 -0.18429608533874 -0.18429608533874 -0.18429608533874 -0.18429608533874 -0.18429608533874 -0.18429608533874 -0.18429608533874 -0.18429608533874 -0.18429608533874 -0.18429608533874 -0.18429608533874 -0.18429608533874 -0.18429608533874 -0.18429608533874 -0.18429608533874 -0.18429608533874 -0.18429608533874 -0.18429608533874 -0.18429608533874 -0.18429608533874 -0.18429608533874 -0.18429608533874 -0.18429608533874 -0.18429608533874 -0.18429608533874 -0.18429608533874 -0.18429608533874 -0.18429608533874 -0.18429608533874 -0.18429608533874 -0.18429608533874 -0.18429608533874 -0.18429608533874 -0.18429608533874 -0.18429608533874 -0.18429608533874 -0.18429608533874 -0.18429608533874 -0.18429608533874 -0.18429608533874 -0.18429608533874 -0.18429608533874 -0.18429608533874 -0.18429608533874 -0.18429608533874 -0.18429608533874 -0.18429608533874 -0.18429608533874 -0.18429608533874 -0.18429608533874 -0.18429608533874 -0.18429608533874 -0.18429608533874 -0.18429608533874 -0.18429608533874 -0.18429608533874 -0.18429608533874 -0.18429608533874 -0.18429608533874 -0.18429608533874 -0.18429608533874 -0.18429608533874 -0.18429608533874 -0.18429608533874 -0.18429608533874 -0.18429608533874 -0.18429608533874 -0.18429608533874 -0.18429608533874 -0.18429608533874 -0.18429608533874 -0.18429608533874 -0.18429608533874 -0.16147123547641096 -0.13513891882311518 -0.11180849889651923 -0.11180849889651923 -0.11180849889651923 -0.11180849889651923 -0.12022547463080367 -0.11191416412049114 -0.10706904724982212 -0.10497473627613492 -0.0712523620304382
-0.2438289613089408 -0.2438289613089408 -0.2438289613089408 -0.21864838967657121 -0.2438289613089408 -0.2438289613089408 -0.2438289613089408 -0.2438289613089408 -0.2438289613089408 -0.2438289613089408 -0.2438289613089408 -0.2438289613089408 -0.2438289613089408 -0.2438289613089408 -0.2438289613089408 -0.2438289613089408 -0.2438289613089408 -0.2438289613089408 -0.2438289613089408 -0.2438289613089408 -0.2438289613089408 -0.2438289613089408 -0.2438289613089408 -0.2438289613089408 -0.2438289613089408 -0.2438289613089408 -0.2438289613089408 -0.2438289613089408 -0.2438289613089408 -0.2438289613089408 -0.2438289613089408 -0.2438289613089408 -0.2438289613089408 -0.2438289613089408 -0.22357234384199656 -0.22574011780153888 -0.22357234384199656 -0.22574011780153888 -0.2438289613089408 -0.22357234384199656 -0.22574011780153888 -0.22574011780153888 -0.22357234384199656 -0.2438289613089408 -0.2438289613089408 -0.2438289613089408 -0.22357234384199656 -0.22574011780153888 -0.2438289613089408 -0.21864838967657121 -0.21864838967657121 -0.2438289613089408 -0.2438289613089408 -0.2438289613089408 -0.2438289613089408 -0.2438289613089408 -0.2438289613089408 -0.2438289613089408 -0.2438289613089408 -0.2438289613089408 -0.22357234384199656 -0.22574011780153888 -0.2438289613089408 -0.2438289613089408 -0.2438289613089408 -0.2438289613089408 -0.2438289613089408 -0.2438289613089408 -0.18429608533874 -0.19031448888163305 -0.18656212010531797 -0.185372906320822 -0.1848184837376309 -0.18522771540716582 -0.1854215115443482 -0.16147123547641096 -0.13513891882311518 -0.11180849889651923 -0.11180849889651923 -0.11180849889651923 -0.11180849889651923 -0.12022547463080367 -0.11191416412049114 -0.10706904724982212 -0.10497473627613492 -0.0712523620304382
-0.19031448888163305 -0.19031448888163305 -0.19031448888163305 -0.19031448888163305 -0.19031448888163305 -0.19031448888163305 -0.19031448888163305 -0.19031448888163305 -0.19031448888163305 -0.19031448888163305 -0.19031448888163305 -0.19031448888163305 -0.19031448888163305 -0.19031448888163305 -0.19031448888163305 -0.19031448888163305 -0.19031448888163305 -0.19031448888163305 -0.19031448888163305 -0.19031448888163305 -0.19031448888163305 -0.19031448888163305 -0.19031448888163305 -0.19031448888163305 -0.19031448888163305 -0.19031448888163305 -0.19031448888163305 -0.19031448888163305 -0.19031448888163305 -0.19031448888163305 -0.19031448888163305 -0.19031448888163305 -0.19031448888163305 -0.19031448888163305 -0.19031448888163305 -0.19031448888163305 -0.19031448888163305 -0.19031448888163305 -0.19031448888163305 -0.19031448888163305 -0.19031448888163305 -0.19031448888163305 -0.19031448888163305 -0.19031448888163305 -0.19031448888163305 -0.19031448888163305 -0.19031448888163305 -0.19031448888163305 -0.19031448888163305 -0.19031448888163305 -0.19031448888163305 -0.19031448888163305 -0.19031448888163305 -0.19031448888163305 -0.19031448888163305 -0.19031448888163305 -0.19031448888163305 -0.19031448888163305 -0.19031448888163305 -0.19031448888163305 -0.19031448888163305 -0.19031448888163305 -0.19031448888163305 -0.19031448888163305 -0.19031448888163305 -0.19031448888163305 -0.19031448888163305 -0.19031448888163305 -0.18429608533874 -0.19031448888163305 -0.18656212010531797 -0.185372906320822 -0.1848184837376309 -0.18522771540716582 -0.1854215115443482 -0.16147123547641096 -0.13513891882311518 -0.11180849889651923 -0.11180849889651923 -0.11180849889651923 -0.11180849889651923 -0.12022547463080367 -0.11191416412049114 -0.10706904724982212 -0.10497473627613492 -0.0712523620304382
-0.3628812308832233 -0.3628812308832233 -0.3628812308832233 -0.21864838967657121 -0.3198388050664268 -0.3198388050664268 -0.3198388050664268 -0.3628812308832233 -0.3198388050664268 -0.5062736878204624 -0.5062736878204624 -0.3198388050664268 -0.3628812308832233 -0.3198388050664268 -0.3198388050664268 -0.3628812308832233 -0.3198388050664268 -0.3198388050664268 -0.3628812308832233 -0.3628812308832233 -0.3628812308832233 -0.3628812308832233 -0.3628812308832233 -0.33994240002106674 -0.33994240002106674 -0.3619336794464529 -0.33994240002106674 -0.33994240002106674 -0.33994240002106674 -0.3198388050664268 -0.33994240002106674 -0.3628812308832233 -0.33994240002106674 -0.33994240002106674 -0.22357234384199656 -0.22574011780153888 -0.22357234384199656 -0.22574011780153888 -0.2682974947347199 -0.22357234384199656 -0.22574011780153888 -0.22574011780153888 -0.22357234384199656 -0.3198388050664268 -0.34746531225836746 -0.34746531225836746 -0.22357234384199656 -0.22574011780153888 -0.2933714253799569 -0.21864838967657121 -0.21864838967657121 -0.29150594983474515 -0.29150594983474515 -0.28226749425116104 -0.28226749425116104 -0.29631795428217356 -0.2933714253799569 -0.29631795428217356 -0.301733026521692 -0.29631795428217356 -0.22357234384199656 -0.22574011780153888 -0.27796130109282513 -0.2758428290132793 -0.27510653328593737 -0.2687352650535264 -0.2660180436000387 -0.2438289613089408 -0.18429608533874 -0.19031448888163305 -0.18656212010531797 -0.185372906320822 -0.1848184837376309 -0.18522771540716582 -0.1854215115443482 -0.16147123547641096 -0.13513891882311518 -0.11180849889651923 -0.11180849889651923 -0.11180849889651923 -0.11180849889651923 -0.12022547463080367 -0.11191416412049114 -0.10706904724982212 -0.10497473627613492 -0.0712523620304382
-0.29150594983474515 -0.29150594983474515 -0.29150594983474515 -0.21864838967657121 -0.29150594983474515 -0.29150594983474515 -0.29150594983474515 -0.29150594983474515 -0.29150594983474515 -0.29150594983474515 -0.29150594983474515 -0.29150594983474515 -0.29150594983474515 -0.29150594983474515 -0.29150594983474515 -0.29150594983474515 -0.29150594983474515 -0.29150594983474515 -0.29150594983474515 -0.29150594983474515 -0.29150594983474515 -0.29150594983474515 -0.29150594983474515 -0.29150594983474515 -0.29150594983474515 -0.29150594983474515 -0.29150594983474515 -0.29150594983474515 -0.29150594983474515 -0.29150594983474515 -0.29150594983474515 -0.29150594983474515 -0.29150594983474515 -0.29150594983474515 -0.22357234384199656 -0.22574011780153888 -0.22357234384199656 -0.22574011780153888 -0.2682974947347199 -0.22357234384199656 -0.22574011780153888 -0.22574011780153888 -0.22357234384199656 -0.29150594983474515 -0.29150594983474515 -0.29150594983474515 -0.22357234384199656 -0.22574011780153888 -0.29150594983474515 -0.21864838967657121 -0.21864838967657121 -0.29150594983474515 -0.29150594983474515 -0.28226749425116104 -0.28226749425116104 -0.29150594983474515 -0.29150594983474515 -0.29150594983474515 -0.29150594983474515 -0.29150594983474515 -0.22357234384199656 -0.22574011780153888 -0.27796130109282513 -0.2758428290132793 -0.27510653328593737 -0.2687352650535264 -0.2660180436000387 -0.2438289613089408 -0.18429608533874 -0.19031448888163305 -0.18656212010531797 -0.185372906320822 -0.1848184837376309 -0.18522771540716582 -0.1854215115443482 -0.16147123547641096 -0.13513891882311518 -0.11180849889651923 -0.11180849889651923 -0.11180849889651923 -0.11180849889651923 -0.12022547463080367 -0.11191416412049114 -0.10706904724982212 -0.10497473627613492 -0.0712523620304382
-0.33994240002106674 -0.33994240002106674 -0.33994240002106674 -0.21864838967657121 -0.3198388050664268 -0.3198388050664268 -0.3198388050664268 -0.33994240002106674 -0.3198388050664268 -0.33994240002106674 -0.33994240002106674 -0.3198388050664268 -0.33994240002106674 -0.3198388050664268 -0.3198388050664268 -0.33994240002106674 -0.3198388050664268 -0.3198388050664268 -0.33994240002106674 -0.33994240002106674 -0.33994240002106674 -0.33994240002106674 -0.33994240002106674 -0.33994240002106674 -0.33994240002106674 -0.33994240002106674 -0.33994240002106674 -0.33994240002106674 -0.33994240002106674 -0.3198388050664268 -0.33994240002106674 -0.33994240002106674 -0.33994240002106674 -0.33994240002106674 -0.22357234384199656 -0.22574011780153888 -0.22357234384199656 -0.22574011780153888 -0.2682974947347199 -0.22357234384199656 -0.22574011780153888 -0.22574011780153888 -0.22357234384199656 -0.3198388050664268 -0.33994240002106674 -0.33994240002106674 -0.22357234384199656 -0.22574011780153888 -0.2933714253799569 -0.21864838967657121 -0.21864838967657121 -0.29150594983474515 -0.29150594983474515 -0.28226749425116104 -0.28226749425116104 -0.29631795428217356 -0.2933714253799569 -0.29631795428217356 -0.301733026521692 -0.29631795428217356 -0.22357234384199656 -0.22574011780153888 -0.27796130109282513 -0.2758428290132793 -0.27510653328593737 -0.2687352650535264 -0.2660180436000387 -0.2438289613089408 -0.18429608533874 -0.19031448888163305 -0.18656212010531797 -0.185372906320822 -0.1848184837376309 -0.18522771540716582 -0.1854215115443482 -0.16147123547641096 -0.13513891882311518 -0.11180849889651923 -0.11180849889651923 -0.11180849889651923 -0.11180849889651923 -0.12022547463080367 -0.11191416412049114 -0.10706904724982212 -0.10497473627613492 -0.0712523620304382
-0.49092978818377897 -0.49092978818377897 -0.49092978818377897 -0.21864838967657121 -0.3198388050664268 -0.3198388050664268 -0.3198388050664268 -0.49092978818377897 -0.3198388050664268 -0.3628812308832233 -0.3628812308832233 -0.3198388050664268 -0.4891930226405385 -0.3198388050664268 -0.3198388050664268 -0.49092978818377897 -0.3198388050664268 -0.3198388050664268 -0.49092978818377897 -0.49092978818377897 -0.4891930226405385 -0.4891930226405385 -0.49092978818377897 -0.33994240002106674 -0.33994240002106674 -0.3619336794464529 -0.33994240002106674 -0.33994240002106674 -0.33994240002106674 -0.3198388050664268 -0.33994240002106674 -0.3836687970737428 -0.33994240002106674 -0.33994240002106674 -0.22357234384199656 -0.22574011780153888 -0.22357234384199656 -0.22574011780153888 -0.2682974947347199 -0.22357234384199656 -0.22574011780153888 -0.22574011780153888 -0.22357234384199656 -0.3198388050664268 -0.34746531225836746 -0.34746531225836746 -0.22357234384199656 -0.22574011780153888 -0.2933714253799569 -0.21864838967657121 -0.21864838967657121 -0.29150594983474515 -0.29150594983474515 -0.28226749425116104 -0.28226749425116104 -0.29631795428217356 -0.2933714253799569 -0.29631795428217356 -0.301733026521692 -0.29631795428217356 -0.22357234384199656 -0.22574011780153888 -0.27796130109282513 -0.2758428290132793 -0.27510653328593737 -0.2687352650535264 -0.2660180436000387 -0.2438289613089408 -0.18429608533874 -0.19031448888163305 -0.18656212010531797 -0.185372906320822 -0.1848184837376309 -0.18522771540716582 -0.1854215115443482 -0.16147123547641096 -0.13513891882311518 -0.11180849889651923 -0.11180849889651923 -0.11180849889651923 -0.11180849889651923 -0.12022547463080367 -0.11191416412049114 -0.10706904724982212 -0.10497473627613492 -0.0712523620304382
-0.3198388050664268 -0.3198388050664268 -0.3198388050664268 -0.21864838967657121 -0.3198388050664268 -0.3198388050664268 -0.3198388050664268 -0.3198388050664268 -0.3198388050664268 -0.3198388050664268 -0.3198388050664268 -0.3198388050664268 -0.3198388050664268 -0.3198388050664268 -0.3198388050664268 -0.3198388050664268 -0.3198388050664268 -0.3198388050664268 -0.3198388050664268 -0.3198388050664268 -0.3198388050664268 -0.3198388050664268 -0.3198388050664268 -0.3198388050664268 -0.3198388050664268 -0.3198388050664268 -0.3198388050664268 -0.3198388050664268 -0.3198388050664268 -0.3198388050664268 -0.3198388050664268 -0.3198388050664268 -0.3198388050664268 -0.3198388050664268 -0.22357234384199656 -0.22574011780153888 -0.22357234384199656 -0.22574011780153888 -0.2682974947347199 -0.22357234384199656 -0.22574011780153888 -0.22574011780153888 -0.22357234384199656 -0.3198388050664268 -0.3198388050664268 -0.3198388050664268 -0.22357234384199656 -0.22574011780153888 -0.2933714253799569 -0.21864838967657121 -0.21864838967657121 -0.29150594983474515 -0.29150594983474515 -0.28226749425116104 -0.28226749425116104 -0.29631795428217356 -0.2933714253799569 -0.29631795428217356 -0.301733026521692 -0.29631795428217356 -0.22357234384199656 -0.22574011780153888 -0.27796130109282513 -0.2758428290132793 -0.27510653328593737 -0.2687352650535264 -0.2660180436000387 -0.2438289613089408 -0.18429608533874 -0.19031448888163305 -0.18656212010531797 -0.185372906320822 -0.1848184837376309 -0.18522771540716582 -0.1854215115443482 -0.16147123547641096 -0.13513891882311518 -0.11180849889651923 -0.11180849889651923 -0.11180849889651923 -0.11180849889651923 -0.12022547463080367 -0.11191416412049114 -0.10706904724982212 -0.10497473627613492 -0.0712523620304382
-0.2660180436000387 -0.2660180436000387 -0.2660180436000387 -0.21864838967657121 -0.2660180436000387 -0.2660180436000387 -0.2660180436000387 -0.2660180436000387 -0.2660180436000387 -0.2660180436000387 -0.2660180436000387 -0.2660180436000387 -0.2660180436000387 -0.2660180436000387 -0.2660180436000387 -0.2660180436000387 -0.2660180436000387 -0.2660180436000387 -0.2660180436000387 -0.2660180436000387 -0.2660180436000387 -0.2660180436000387 -0.2660180436000387 -0.2660180436000387 -0.2660180436000387 -0.2660180436000387 -0.2660180436000387 -0.2660180436000387 -0.2660180436000387 -0.2660180436000387 -0.2660180436000387 -0.2660180436000387 -0.2660180436000387 -0.2660180436000387 -0.22357234384199656 -0.22574011780153888 -0.22357234384199656 -0.22574011780153888 -0.2660180436000387 -0.22357234384199656 -0.22574011780153888 -0.22574011780153888 -0.22357234384199656 -0.2660180436000387 -0.2660180436000387 -0.2660180436000387 -0.22357234384199656 -0.22574011780153888 -0.2660180436000387 -0.21864838967657121 -0.21864838967657121 -0.2660180436000387 -0.2660180436000387 -0.2660180436000387 -0.2660180436000387 -0.2660180436000387 -0.2660180436000387 -0.2660180436000387 -0.2660180436000387 -0.2660180436000387 -0.22357234384199656 -0.22574011780153888 -0.2660180436000387 -0.2660180436000387 -0.2660180436000387 -0.2660180436000387 -0.2660180436000387 -0.2438289613089408 -0.18429608533874 -0.19031448888163305 -0.18656212010531797 -0.185372906320822 -0.1848184837376309 -0.18522771540716582 -0.1854215115443482 -0.16147123547641096 -0.13513891882311518 -0.11180849889651923 -0.11180849889651923 -0.11180849889651923 -0.11180849889651923 -0.12022547463080367 -0.11191416412049114 -0.10706904724982212 -0.10497473627613492 -0.0712523620304382
-0.21864838967657121 -0.21864838967657121 -0.21864838967657121 -0.21864838967657121 -0.21864838967657121 -0.21864838967657121 -0.21864838967657121 -0.21864838967657121 -0.21864838967657121 -0.21864838967657121 -0.21864838967657121 -0.21864838967657121 -0.21864838967657121 -0.21864838967657121 -0.21864838967657121 -0.21864838967657121 -0.21864838967657121 -0.21864838967657121 -0.21864838967657121 -0.21864838967657121 -0.21864838967657121 -0.21864838967657121 -0.21864838967657121 -0.21864838967657121 -0.21864838967657121 -0.21864838967657121 -0.21864838967657121 -0.21864838967657121 -0.21864838967657121 -0.21864838967657121 -0.21864838967657121 -0.21864838967657121 -0.21864838967657121 -0.21864838967657121 -0.21864838967657121 -0.21864838967657121 -0.21864838967657121 -0.21864838967657121 -0.21864838967657121 -0.21864838967657121 -0.21864838967657121 -0.21864838967657121 -0.21864838967657121 -0.21864838967657121 -0.21864838967657121 -0.21864838967657121 -0.21864838967657121 -0.21864838967657121 -0.21864838967657121 -0.21864838967657121 -0.21864838967657121 -0.21864838967657121 -0.21864838967657121 -0.21864838967657121 -0.21864838967657121 -0.21864838967657121 -0.21864838967657121 -0.21864838967657121 -0.21864838967657121 -0.21864838967657121 -0.21864838967657121 -0.21864838967657121 -0.21864838967657121 -0.21864838967657121 -0.21864838967657121 -0.21864838967657121 -0.21864838967657121 -0.21864838967657121 -0.18429608533874 -0.19031448888163305 -0.18656212010531797 -0.185372906320822 -0.1848184837376309 -0.18522771540716582 -0.1854215115443482 -0.16147123547641096 -0.13513891882311518 -0.11180849889651923 -0.11180849889651923 -0.11180849889651923 -0.11180849889651923 -0.12022547463080367 -0.11191416412049114 -0.10706904724982212 -0.10497473627613492 -0.0712523620304382
-0.3628812308832233 -0.3628812308832233 -0.3628812308832233 -0.21864838967657121 -0.3198388050664268 -0.3198388050664268 -0.3198388050664268 -0.3628812308832233 -0.3198388050664268 -0.4306641005045783 -0.4306641005045783 -0.3198388050664268 -0.3628812308832233 -0.3198388050664268 -0.3198388050664268 -0.3628812308832233 -0.3198388050664268 -0.3198388050664268 -0.3628812308832233 -0.3628812308832233 -0.3628812308832233 -0.3628812308832233 -0.3628812308832233 -0.33994240002106674 -0.33994240002106674 -0.3619336794464529 -0.33994240002106674 -0.33994240002106674 -0.33994240002106674 -0.3198388050664268 -0.33994240002106674 -0.3628812308832233 -0.33994240002106674 -0.33994240002106674 -0.22357234384199656 -0.22574011780153888 -0.22357234384199656 -0.22574011780153888 -0.2682974947347199 -0.22357234384199656 -0.22574011780153888 -0.22574011780153888 -0.22357234384199656 -0.3198388050664268 -0.34746531225836746 -0.34746531225836746 -0.22357234384199656 -0.22574011780153888 -0.2933714253799569 -0.21864838967657121 -0.21864838967657121 -0.29150594983474515 -0.29150594983474515 -0.28226749425116104 -0.28226749425116104 -0.29631795428217356 -0.2933714253799569 -0.29631795428217356 -0.301733026521692 -0.29631795428217356 -0.22357234384199656 -0.22574011780153888 -0.27796130109282513 -0.2758428290132793 -0.27510653328593737 -0.2687352650535264 -0.2660180436000387 -0.2438289613089408 -0.18429608533874 -0.19031448888163305 -0.18656212010531797 -0.185372906320822 -0.1848184837376309 -0.18522771540716582 -0.1854215115443482 -0.16147123547641096 -0.13513891882311518 -0.11180849889651923 -0.11180849889651923 -0.11180849889651923 -0.11180849889651923 -0.12022547463080367 -0.11191416412049114 -0.10706904724982212 -0.10497473627613492 -0.0712523620304382
-0.16147123547641096 -0.16147123547641096 -0.16147123547641096 -0.16147123547641096 -0.16147123547641096 -0.16147123547641096 -0.16147123547641096 -0.16147123547641096 -0.16147123547641096 -0.16147123547641096 -0.16147123547641096 -0.16147123547641096 -0.16147123547641096 -0.16147123547641096 -0.16147123547641096 -0.16147123547641096 -0.16147123547641096 -0.16147123547641096 -0.16147123547641096 -0.16147123547641096 -0.16147123547641096 -0.16147123547641096 -0.16147123547641096 -0.16147123547641096 -0.16147123547641096 -0.16147123547641096 -0.16147123547641096 -0.16147123547641096 -0.16147123547641096 -0.16147123547641096 -0.16147123547641096 -0.16147123547641096 -0.16147123547641096 -0.16147123547641096 -0.16147123547641096 -0.16147123547641096 -0.16147123547641096 -0.16147123547641096 -0.16147123547641096 -0.16147123547641096 -0.16147123547641096 -0.16147123547641096 -0.16147123547641096 -0.16147123547641096 -0.16147123547641096 -0.16147123547641096 -0.16147123547641096 -0.16147123547641096 -0.16147123547641096 -0.16147123547641096 -0.16147123547641096 -0.16147123547641096 -0.16147123547641096 -0.16147123547641096 -0.16147123547641096 -0.16147123547641096 -0.16147123547641096 -0.16147123547641096 -0.16147123547641096 -0.16147123547641096 -0.16147123547641096 -0.16147123547641096 -0.16147123547641096 -0.16147123547641096 -0.16147123547641096 -0.16147123547641096 -0.16147123547641096 -0.16147123547641096 -0.16147123547641096 -0.16147123547641096 -0.16147123547641096 -0.16147123547641096 -0.16147123547641096 -0.16147123547641096 -0.16147123547641096 -0.16147123547641096 -0.13513891882311518 -0.11180849889651923 -0.11180849889651923 -0.11180849889651923 -0.11180849889651923 -0.12022547463080367 -0.11191416412049114 -0.10706904724982212 -0.10497473627613492 -0.0712523620304382
-0.21864838967657121 -0.21864838967657121 -0.21864838967657121 -0.21864838967657121 -0.21864838967657121 -0.21864838967657121 -0.21864838967657121 -0.21864838967657121 -0.21864838967657121 -0.21864838967657121 -0.21864838967657121 -0.21864838967657121 -0.21864838967657121 -0.21864838967657121 -0.21864838967657121 -0.21864838967657121 -0.21864838967657121 -0.21864838967657121 -0.21864838967657121 -0.21864838967657121 -0.21864838967657121 -0.21864838967657121 -0.21864838967657121 -0.21864838967657121 -0.21864838967657121 -0.21864838967657121 -0.21864838967657121 -0.21864838967657121 -0.21864838967657121 -0.21864838967657121 -0.21864838967657121 -0.21864838967657121 -0.21864838967657121 -0.21864838967657121 -0.21864838967657121 -0.21864838967657121 -0.21864838967657121 -0.21864838967657121 -0.21864838967657121 -0.21864838967657121 -0.21864838967657121 -0.21864838967657121 -0.21864838967657121 -0.21864838967657121 -0.21864838967657121 -0.21864838967657121 -0.21864838967657121 -0.21864838967657121 -0.21864838967657121 -0.21864838967657121 -0.21864838967657121 -0.21864838967657121 -0.21864838967657121 -0.21864838967657121 -0.21864838967657121 -0.21864838967657121 -0.21864838967657121 -0.21864838967657121 -0.21864838967657121 -0.21864838967657121 -0.21864838967657121 -0.21864838967657121 -0.21864838967657121 -0.21864838967657121 -0.21864838967657121 -0.21864838967657121 -0.21864838967657121 -0.21864838967657121 -0.18429608533874 -0.19031448888163305 -0.18656212010531797 -0.185372906320822 -0.1848184837376309 -0.18522771540716582 -0.1854215115443482 -0.16147123547641096 -0.13513891882311518 -0.11180849889651923 -0.11180849889651923 -0.11180849889651923 -0.11180849889651923 -0.12022547463080367 -0.11191416412049114 -0.10706904724982212 -0.10497473627613492 -0.0712523620304382
-0.3628812308832233 -0.3628812308832233 -0.3628812308832233 -0.21864838967657121 -0.3198388050664268 -0.3198388050664268 -0.3198388050664268 -0.3628812308832233 -0.3198388050664268 -0.41066111296348157 -0.41066111296348157 -0.3198388050664268 -0.3628812308832233 -0.3198388050664268 -0.3198388050664268 -0.3628812308832233 -0.3198388050664268 -0.3198388050664268 -0.3628812308832233 -0.3628812308832233 -0.3628812308832233 -0.3628812308832233 -0.3628812308832233 -0.33994240002106674 -0.33994240002106674 -0.3619336794464529 -0.33994240002106674 -0.33994240002106674 -0.33994240002106674 -0.3198388050664268 -0.33994240002106674 -0.3628812308832233 -0.33994240002106674 -0.33994240002106674 -0.22357234384199656 -0.22574011780153888 -0.22357234384199656 -0.22574011780153888 -0.2682974947347199 -0.22357234384199656 -0.22574011780153888 -0.22574011780153888 -0.22357234384199656 -0.3198388050664268 -0.34746531225836746 -0.34746531225836746 -0.22357234384199656 -0.22574011780153888 -0.2933714253799569 -0.21864838967657121 -0.21864838967657121 -0.29150594983474515 -0.29150594983474515 -0.28226749425116104 -0.28226749425116104 -0.29631795428217356 -0.2933714253799569 -0.29631795428217356 -0.301733026521692 -0.29631795428217356 -0.22357234384199656 -0.22574011780153888 -0.27796130109282513 -0.2758428290132793 -0.27510653328593737 -0.2687352650535264 -0.2660180436000387 -0.2438289613089408 -0.18429608533874 -0.19031448888163305 -0.18656212010531797 -0.185372906320822 -0.1848184837376309 -0.18522771540716582 -0.1854215115443482 -0.16147123547641096 -0.13513891882311518 -0.11180849889651923 -0.11180849889651923 -0.11180849889651923 -0.11180849889651923 -0.12022547463080367 -0.11191416412049114 -0.10706904724982212 -0.10497473627613492 -0.0712523620304382
-0.40341078347753834 -0.40341078347753834 -0.40341078347753834 -0.21864838967657121 -0.3198388050664268 -0.3198388050664268 -0.3198388050664268 -0.40341078347753834 -0.3198388050664268 -0.3628812308832233 -0.3628812308832233 -0.3198388050664268 -0.40341078347753834 -0.3198388050664268 -0.3198388050664268 -0.40341078347753834 -0.3198388050664268 -0.3198388050664268 -0.40341078347753834 -0.40341078347753834 -0.40341078347753834 -0.40341078347753834 -0.40341078347753834 -0.33994240002106674 -0.33994240002106674 -0.3619336794464529 -0.33994240002106674 -0.33994240002106674 -0.33994240002106674 -0.3198388050664268 -0.33994240002106674 -0.3836687970737428 -0.33994240002106674 -0.33994240002106674 -0.22357234384199656 -0.22574011780153888 -0.22357234384199656 -0.22574011780153888 -0.2682974947347199 -0.22357234384199656 -0.22574011780153888 -0.22574011780153888 -0.22357234384199656 -0.3198388050664268 -0.34746531225836746 -0.34746531225836746 -0.22357234384199656 -0.22574011780153888 -0.2933714253799569 -0.21864838967657121 -0.21864838967657121 -0.29150594983474515 -0.29150594983474515 -0.28226749425116104 -0.28226749425116104 -0.29631795428217356 -0.2933714253799569 -0.29631795428217356 -0.301733026521692 -0.29631795428217356 -0.22357234384199656 -0.22574011780153888 -0.27796130109282513 -0.2758428290132793 -0.27510653328593737 -0.2687352650535264 -0.2660180436000387 -0.2438289613089408 -0.18429608533874 -0.19031448888163305 -0.18656212010531797 -0.185372906320822 -0.1848184837376309 -0.18522771540716582 -0.1854215115443482 -0.16147123547641096 -0.13513891882311518 -0.11180849889651923 -0.11180849889651923 -0.11180849889651923 -0.11180849889651923 -0.12022547463080367 -0.11191416412049114 -0.10706904724982212 -0.10497473627613492 -0.0712523620304382
-0.33994240002106674 -0.33994240002106674 -0.33994240002106674 -0.21864838967657121 -0.3198388050664268 -0.3198388050664268 -0.3198388050664268 -0.33994240002106674 -0.3198388050664268 -0.33994240002106674 -0.33994240002106674 -0.3198388050664268 -0.33994240002106674 -0.3198388050664268 -0.3198388050664268 -0.33994240002106674 -0.3198388050664268 -0.3198388050664268 -0.33994240002106674 -0.33994240002106674 -0.33994240002106674 -0.33994240002106674 -0.33994240002106674 -0.33994240002106674 -0.33994240002106674 -0.33994240002106674 -0.33994240002106674 -0.33994240002106674 -0.33994240002106674 -0.3198388050664268 -0.33994240002106674 -0.33994240002106674 -0.33994240002106674 -0.33994240002106674 -0.22357234384199656 -0.22574011780153888 -0.22357234384199656 -0.22574011780153888 -0.2682974947347199 -0.22357234384199656 -0.22574011780153888 -0.22574011780153888 -0.22357234384199656 -0.3198388050664268 -0.33994240002106674 -0.33994240002106674 -0.22357234384199656 -0.22574011780153888 -0.2933714253799569 -0.21864838967657121 -0.21864838967657121 -0.29150594983474515 -0.29150594983474515 -0.28226749425116104 -0.28226749425116104 -0.29631795428217356 -0.2933714253799569 -0.29631795428217356 -0.301733026521692 -0.29631795428217356 -0.22357234384199656 -0.22574011780153888 -0.27796130109282513 -0.2758428290132793 -0.27510653328593737 -0.2687352650535264 -0.2660180436000387 -0.2438289613089408 -0.18429608533874 -0.19031448888163305 -0.18656212010531797 -0.185372906320822 -0.1848184837376309 -0.18522771540716582 -0.1854215115443482 -0.16147123547641096 -0.13513891882311518 -0.11180849889651923 -0.11180849889651923 -0.11180849889651923 -0.11180849889651923 -0.12022547463080367 -0.11191416412049114 -0.10706904724982212 -0.10497473627613492 -0.0712523620304382
-0.3619336794464529 -0.3619336794464529 -0.3619336794464529 -0.21864838967657121 -0.3198388050664268 -0.3198388050664268 -0.3198388050664268 -0.3619336794464529 -0.3198388050664268 -0.3619336794464529 -0.3619336794464529 -0.3198388050664268 -0.3619336794464529 -0.3198388050664268 -0.3198388050664268 -0.3619336794464529 -0.3198388050664268 -0.3198388050664268 -0.3619336794464529 -0.3619336794464529 -0.3619336794464529 -0.3619336794464529 -0.3619336794464529 -0.33994240002106674 -0.33994240002106674 -0.3619336794464529 -0.33994240002106674 -0.33994240002106674 -0.33994240002106674 -0.3198388050664268 -0.33994240002106674 -0.3619336794464529 -0.33994240002106674 -0.33994240002106674 -0.22357234384199656 -0.22574011780153888 -0.22357234384199656 -0.22574011780153888 -0.2682974947347199 -0.22357234384199656 -0.22574011780153888 -0.22574011780153888 -0.22357234384199656 -0.3198388050664268 -0.34746531225836746 -0.34746531225836746 -0.22357234384199656 -0.22574011780153888 -0.2933714253799569 -0.21864838967657121 -0.21864838967657121 -0.29150594983474515 -0.29150594983474515 -0.28226749425116104 -0.28226749425116104 -0.29631795428217356 -0.2933714253799569 -0.29631795428217356 -0.301733026521692 -0.29631795428217356 -0.22357234384199656 -0.22574011780153888 -0.27796130109282513 -0.2758428290132793 -0.27510653328593737 -0.2687352650535264 -0.2660180436000387 -0.2438289613089408 -0.18429608533874 -0.19031448888163305 -0.18656212010531797 -0.185372906320822 -0.1848184837376309 -0.18522771540716582 -0.1854215115443482 -0.16147123547641096 -0.13513891882311518 -0.11180849889651923 -0.11180849889651923 -0.11180849889651923 -0.11180849889651923 -0.12022547463080367 -0.11191416412049114 -0.10706904724982212 -0.10497473627613492 -0.0712523620304382
-0.3836687970737428 -0.3836687970737428 -0.3836687970737428 -0.21864838967657121 -0.3198388050664268 -0.3198388050664268 -0.3198388050664268 -0.3836687970737428 -0.3198388050664268 -0.3628812308832233 -0.3628812308832233 -0.3198388050664268 -0.3836687970737428 -0.3198388050664268 -0.3198388050664268 -0.3836687970737428 -0.3198388050664268 -0.3198388050664268 -0.3836687970737428 -0.3836687970737428 -0.3836687970737428 -0.3836687970737428 -0.3836687970737428 -0.33994240002106674 -0.33994240002106674 -0.3619336794464529 -0.33994240002106674 -0.33994240002106674 -0.33994240002106674 -0.3198388050664268 -0.33994240002106674 -0.3836687970737428 -0.33994240002106674 -0.33994240002106674 -0.22357234384199656 -0.22574011780153888 -0.22357234384199656 -0.22574011780153888 -0.2682974947347199 -0.22357234384199656 -0.22574011780153888 -0.22574011780153888 -0.22357234384199656 -0.3198388050664268 -0.34746531225836746 -0.34746531225836746 -0.22357234384199656 -0.22574011780153888 -0.2933714253799569 -0.21864838967657121 -0.21864838967657121 -0.29150594983474515 -0.29150594983474515 -0.28226749425116104 -0.28226749425116104 -0.29631795428217356 -0.2933714253799569 -0.29631795428217356 -0.301733026521692 -0.29631795428217356 -0.22357234384199656 -0.22574011780153888 -0.27796130109282513 -0.2758428290132793 -0.27510653328593737 -0.2687352650535264 -0.2660180436000387 -0.2438289613089408 -0.18429608533874 -0.19031448888163305 -0.18656212010531797 -0.185372906320822 -0.1848184837376309 -0.18522771540716582 -0.1854215115443482 -0.16147123547641096 -0.13513891882311518 -0.11180849889651923 -0.11180849889651923 -0.11180849889651923 -0.11180849889651923 -0.12022547463080367 -0.11191416412049114 -0.10706904724982212 -0.10497473627613492 -0.0712523620304382
-0.21864838967657121 -0.21864838967657121 -0.21864838967657121 -0.21864838967657121 -0.21864838967657121 -0.21864838967657121 -0.21864838967657121 -0.21864838967657121 -0.21864838967657121 -0.21864838967657121 -0.21864838967657121 -0.21864838967657121 -0.21864838967657121 -0.21864838967657121 -0.21864838967657121 -0.21864838967657121 -0.21864838967657121 -0.21864838967657121 -0.21864838967657121 -0.21864838967657121 -0.21864838967657121 -0.21864838967657121 -0.21864838967657121 -0.21864838967657121 -0.21864838967657121 -0.21864838967657121 -0.21864838967657121 -0.21864838967657121 -0.21864838967657121 -0.21864838967657121 -0.21864838967657121 -0.21864838967657121 -0.21864838967657121 -0.21864838967657121 -0.21864838967657121 -0.21864838967657121 -0.21864838967657121 -0.21864838967657121 -0.21864838967657121 -0.21864838967657121 -0.21864838967657121 -0.21864838967657121 -0.21864838967657121 -0.21864838967657121 -0.21864838967657121 -0.21864838967657121 -0.21864838967657121 -0.21864838967657121 -0.21864838967657121 -0.21864838967657121 -0.21864838967657121 -0.21864838967657121 -0.21864838967657121 -0.21864838967657121 -0.21864838967657121 -0.21864838967657121 -0.21864838967657121 -0.21864838967657121 -0.21864838967657121 -0.21864838967657121 -0.21864838967657121 -0.21864838967657121 -0.21864838967657121 -0.21864838967657121 -0.21864838967657121 -0.21864838967657121 -0.21864838967657121 -0.21864838967657121 -0.18429608533874 -0.19031448888163305 -0.18656212010531797 -0.185372906320822 -0.1848184837376309 -0.18522771540716582 -0.1854215115443482 -0.16147123547641096 -0.13513891882311518 -0.11180849889651923 -0.11180849889651923 -0.11180849889651923 -0.11180849889651923 -0.12022547463080367 -0.11191416412049114 -0.10706904724982212 -0.10497473627613492 -0.0712523620304382
-0.3628812308832233 -0.3628812308832233 -0.3628812308832233 -0.21864838967657121 -0.3198388050664268 -0.3198388050664268 -0.3198388050664268 -0.3628812308832233 -0.3198388050664268 -0.38921112832160026 -0.38921112832160026 -0.3198388050664268 -0.3628812308832233 -0.3198388050664268 -0.3198388050664268 -0.3628812308832233 -0.3198388050664268 -0.3198388050664268 -0.3628812308832233 -0.3628812308832233 -0.3628812308832233 -0.3628812308832233 -0.3628812308832233 -0.33994240002106674 -0.33994240002106674 -0.3619336794464529 -0.33994240002106674 -0.33994240002106674 -0.33994240002106674 -0.3198388050664268 -0.33994240002106674 -0.3628812308832233 -0.33994240002106674 -0.33994240002106674 -0.22357234384199656 -0.22574011780153888 -0.22357234384199656 -0.22574011780153888 -0.2682974947347199 -0.22357234384199656 -0.22574011780153888 -0.22574011780153888 -0.22357234384199656 -0.3198388050664268 -0.34746531225836746 -0.34746531225836746 -0.22357234384199656 -0.22574011780153888 -0.2933714253799569 -0.21864838967657121 -0.21864838967657121 -0.29150594983474515 -0.29150594983474515 -0.28226749425116104 -0.28226749425116104 -0.29631795428217356 -0.2933714253799569 -0.29631795428217356 -0.301733026521692 -0.29631795428217356 -0.22357234384199656 -0.22574011780153888 -0.27796130109282513 -0.2758428290132793 -0.27510653328593737 -0.2687352650535264 -0.2660180436000387 -0.2438289613089408 -0.18429608533874 -0.19031448888163305 -0.18656212010531797 -0.185372906320822 -0.1848184837376309 -0.18522771540716582 -0.1854215115443482 -0.16147123547641096 -0.13513891882311518 -0.11180849889651923 -0.11180849889651923 -0.11180849889651923 -0.11180849889651923 -0.12022547463080367 -0.11191416412049114 -0.10706904724982212 -0.10497473627613492 -0.0712523620304382
-0.22357234384199656 -0.22357234384199656 -0.22357234384199656 -0.21864838967657121 -0.22357234384199656 -0.22357234384199656 -0.22357234384199656 -0.22357234384199656 -0.22357234384199656 -0.22357234384199656 -0.22357234384199656 -0.22357234384199656 -0.22357234384199656 -0.22357234384199656 -0.22357234384199656 -0.22357234384199656 -0.22357234384199656 -0.22357234384199656 -0.22357234384199656 -0.22357234384199656 -0.22357234384199656 -0.22357234384199656 -0.22357234384199656 -0.22357234384199656 -0.22357234384199656 -0.22357234384199656 -0.22357234384199656 -0.22357234384199656 -0.22357234384199656 -0.22357234384199656 -0.22357234384199656 -0.22357234384199656 -0.22357234384199656 -0.22357234384199656 -0.3848039497056876 -0.22357234384199656 -0.29168112932908413 -0.22357234384199656 -0.22357234384199656 -0.29168112932908413 -0.22357234384199656 -0.22357234384199656 -0.35836070795682223 -0.22357234384199656 -0.22357234384199656 -0.22357234384199656 -0.29168112932908413 -0.22357234384199656 -0.22357234384199656 -0.21864838967657121 -0.21864838967657121 -0.22357234384199656 -0.22357234384199656 -0.22357234384199656 -0.22357234384199656 -0.22357234384199656 -0.22357234384199656 -0.22357234384199656 -0.22357234384199656 -0.22357234384199656 -0.2900848512829348 -0.22357234384199656 -0.22357234384199656 -0.22357234384199656 -0.22357234384199656 -0.22357234384199656 -0.22357234384199656 -0.22357234384199656 -0.18429608533874 -0.19031448888163305 -0.18656212010531797 -0.185372906320822 -0.1848184837376309 -0.18522771540716582 -0.1854215115443482 -0.16147123547641096 -0.13513891882311518 -0.11180849889651923 -0.11180849889651923 -0.11180849889651923 -0.11180849889651923 -0.12022547463080367 -0.11191416412049114 -0.10706904724982212 -0.10497473627613492 -0.0712523620304382
-0.10706904724982212 -0.10706904724982212 -0.10706904724982212 -0.10706904724982212 -0.10706904724982212 -0.10706904724982212 -0.10706904724982212 -0.10706904724982212 -0.10706904724982212 -0.10706904724982212 -0.10706904724982212 -0.10706904724982212 -0.10706904724982212 -0.10706904724982212 -0.10706904724982212 -0.10706904724982212 -0.10706904724982212 -0.10706904724982212 -0.10706904724982212 -0.10706904724982212 -0.10706904724982212 -0.10706904724982212 -0.10706904724982212 -0.10706904724982212 -0.10706904724982212 -0.10706904724982212 -0.10706904724982212 -0.10706904724982212 -0.10706904724982212 -0.10706904724982212 -0.10706904724982212 -0.10706904724982212 -0.10706904724982212 -0.10706904724982212 -0.10706904724982212 -0.10706904724982212 -0.10706904724982212 -0.10706904724982212 -0.10706904724982212 -0.10706904724982212 -0.10706904724982212 -0.10706904724982212 -0.10706904724982212 -0.10706904724982212 -0.10706904724982212 -0.10706904724982212 -0.10706904724982212 -0.10706904724982212 -0.10706904724982212 -0.10706904724982212 -0.10706904724982212 -0.10706904724982212 -0.10706904724982212 -0.10706904724982212 -0.10706904724982212 -0.10706904724982212 -0.10706904724982212 -0.10706904724982212 -0.10706904724982212 -0.10706904724982212 -0.10706904724982212 -0.10706904724982212 -0.10706904724982212 -0.10706904724982212 -0.10706904724982212 -0.10706904724982212 -0.10706904724982212 -0.10706904724982212 -0.10706904724982212 -0.10706904724982212 -0.10706904724982212 -0.10706904724982212 -0.10706904724982212 -0.10706904724982212 -0.10706904724982212 -0.10706904724982212 -0.10706904724982212 -0.10706904724982212 -0.10706904724982212 -0.10706904724982212 -0.10706904724982212 -0.10706904724982212 -0.10706904724982212 -0.10706904724982212 -0.10497473627613492 -0.0712523620304382
-0.22574011780153888 -0.22574011780153888 -0.22574011780153888 -0.21864838967657121 -0.22574011780153888 -0.22574011780153888 -0.22574011780153888 -0.22574011780153888 -0.22574011780153888 -0.22574011780153888 -0.22574011780153888 -0.22574011780153888 -0.22574011780153888 -0.22574011780153888 -0.22574011780153888 -0.22574011780153888 -0.22574011780153888 -0.22574011780153888 -0.22574011780153888 -0.22574011780153888 -0.22574011780153888 -0.22574011780153888 -0.22574011780153888 -0.22574011780153888 -0.22574011780153888 -0.22574011780153888 -0.22574011780153888 -0.22574011780153888 -0.22574011780153888 -0.22574011780153888 -0.22574011780153888 -0.22574011780153888 -0.22574011780153888 -0.22574011780153888 -0.22357234384199656 -0.3825153921390218 -0.22357234384199656 -0.33148180926943926 -0.22574011780153888 -0.22357234384199656 -0.306493365545422 -0.3024214747853422 -0.22357234384199656 -0.22574011780153888 -0.22574011780153888 -0.22574011780153888 -0.22357234384199656 -0.306493365545422 -0.22574011780153888 -0.21864838967657121 -0.21864838967657121 -0.22574011780153888 -0.22574011780153888 -0.22574011780153888 -0.22574011780153888 -0.22574011780153888 -0.22574011780153888 -0.22574011780153888 -0.22574011780153888 -0.22574011780153888 -0.22357234384199656 -0.25461648434858836 -0.22574011780153888 -0.22574011780153888 -0.22574011780153888 -0.22574011780153888 -0.22574011780153888 -0.22574011780153888 -0.18429608533874 -0.19031448888163305 -0.18656212010531797 -0.185372906320822 -0.1848184837376309 -0.18522771540716582 -0.1854215115443482 -0.16147123547641096 -0.13513891882311518 -0.11180849889651923 -0.11180849889651923 -0.11180849889651923 -0.11180849889651923 -0.12022547463080367 -0.11191416412049114 -0.10706904724982212 -0.10497473627613492 -0.0712523620304382
-0.10497473627613492 -0.10497473627613492 -0.10497473627613492 -0.10497473627613492 -0.10497473627613492 -0.10497473627613492 -0.10497473627613492 -0.10497473627613492 -0.10497473627613492 -0.10497473627613492 -0.10497473627613492 -0.10497473627613492 -0.10497473627613492 -0.10497473627613492 -0.10497473627613492 -0.10497473627613492 -0.10497473627613492 -0.10497473627613492 -0.10497473627613492 -0.10497473627613492 -0.10497473627613492 -0.10497473627613492 -0.10497473627613492 -0.10497473627613492 -0.10497473627613492 -0.10497473627613492 -0.10497473627613492 -0.10497473627613492 -0.10497473627613492 -0.10497473627613492 -0.10497473627613492 -0.10497473627613492 -0.10497473627613492 -0.10497473627613492 -0.10497473627613492 -0.10497473627613492 -0.10497473627613492 -0.10497473627613492 -0.10497473627613492 -0.10497473627613492 -0.10497473627613492 -0.10497473627613492 -0.10497473627613492 -0.10497473627613492 -0.10497473627613492 -0.10497473627613492 -0.10497473627613492 -0.10497473627613492 -0.10497473627613492 -0.10497473627613492 -0.10497473627613492 -0.10497473627613492 -0.10497473627613492 -0.10497473627613492 -0.10497473627613492 -0.10497473627613492 -0.10497473627613492 -0.10497473627613492 -0.10497473627613492 -0.10497473627613492 -0.10497473627613492 -0.10497473627613492 -0.10497473627613492 -0.10497473627613492 -0.10497473627613492 -0.10497473627613492 -0.10497473627613492 -0.10497473627613492 -0.10497473627613492 -0.10497473627613492 -0.10497473627613492 -0.10497473627613492 -0.10497473627613492 -0.10497473627613492 -0.10497473627613492 -0.10497473627613492 -0.10497473627613492 -0.10497473627613492 -0.10497473627613492 -0.10497473627613492 -0.10497473627613492 -0.10497473627613492 -0.10497473627613492 -0.10497473627613492 -0.10497473627613492 -0.0712523620304382
-0.3752823504745499 -0.3752823504745499 -0.3752823504745499 -0.21864838967657121 -0.3198388050664268 -0.3198388050664268 -0.3198388050664268 -0.3752823504745499 -0.3198388050664268 -0.3628812308832233 -0.3628812308832233 -0.3198388050664268 -0.3752823504745499 -0.3198388050664268 -0.3198388050664268 -0.3752823504745499 -0.3198388050664268 -0.3198388050664268 -0.3752823504745499 -0.3752823504745499 -0.3752823504745499 -0.3752823504745499 -0.3752823504745499 -0.33994240002106674 -0.33994240002106674 -0.3619336794464529 -0.33994240002106674 -0.33994240002106674 -0.33994240002106674 -0.3198388050664268 -0.33994240002106674 -0.3752823504745499 -0.33994240002106674 -0.33994240002106674 -0.22357234384199656 -0.22574011780153888 -0.22357234384199656 -0.22574011780153888 -0.2682974947347199 -0.22357234384199656 -0.22574011780153888 -0.22574011780153888 -0.22357234384199656 -0.3198388050664268 -0.34746531225836746 -0.34746531225836746 -0.22357234384199656 -0.22574011780153888 -0.2933714253799569 -0.21864838967657121 -0.21864838967657121 -0.29150594983474515 -0.29150594983474515 -0.28226749425116104 -0.28226749425116104 -0.29631795428217356 -0.2933714253799569 -0.29631795428217356 -0.301733026521692 -0.29631795428217356 -0.22357234384199656 -0.22574011780153888 -0.27796130109282513 -0.2758428290132793 -0.27510653328593737 -0.2687352650535264 -0.2660180436000387 -0.2438289613089408 -0.18429608533874 -0.19031448888163305 -0.18656212010531797 -0.185372906320822 -0.1848184837376309 -0.18522771540716582 -0.1854215115443482 -0.16147123547641096 -0.13513891882311518 -0.11180849889651923 -0.11180849889651923 -0.11180849889651923 -0.11180849889651923 -0.12022547463080367 -0.11191416412049114 -0.10706904724982212 -0.10497473627613492 -0.0712523620304382
-0.22357234384199656 -0.22357234384199656 -0.22357234384199656 -0.21864838967657121 -0.22357234384199656 -0.22357234384199656 -0.22357234384199656 -0.22357234384199656 -0.22357234384199656 -0.22357234384199656 -0.22357234384199656 -0.22357234384199656 -0.22357234384199656 -0.22357234384199656 -0.22357234384199656 -0.22357234384199656 -0.22357234384199656 -0.22357234384199656 -0.22357234384199656 -0.22357234384199656 -0.22357234384199656 -0.22357234384199656 -0.22357234384199656 -0.22357234384199656 -0.22357234384199656 -0.22357234384199656 -0.22357234384199656 -0.22357234384199656 -0.22357234384199656 -0.22357234384199656 -0.22357234384199656 -0.22357234384199656 -0.22357234384199656 -0.22357234384199656 -0.29168112932908413 -0.22357234384199656 -0.37334863984519456 -0.22357234384199656 -0.22357234384199656 -0.3645333882931614 -0.22357234384199656 -0.22357234384199656 -0.29168112932908413 -0.22357234384199656 -0.22357234384199656 -0.22357234384199656 -0.3046260869792102 -0.22357234384199656 -0.22357234384199656 -0.21864838967657121 -0.21864838967657121 -0.22357234384199656 -0.22357234384199656 -0.22357234384199656 -0.22357234384199656 -0.22357234384199656 -0.22357234384199656 -0.22357234384199656 -0.22357234384199656 -0.22357234384199656 -0.2900848512829348 -0.22357234384199656 -0.22357234384199656 -0.22357234384199656 -0.22357234384199656 -0.22357234384199656 -0.22357234384199656 -0.22357234384199656 -0.18429608533874 -0.19031448888163305 -0.18656212010531797 -0.185372906320822 -0.1848184837376309 -0.18522771540716582 -0.1854215115443482 -0.16147123547641096 -0.13513891882311518 -0.11180849889651923 -0.11180849889651923 -0.11180849889651923 -0.11180849889651923 -0.12022547463080367 -0.11191416412049114 -0.10706904724982212 -0.10497473627613492 -0.0712523620304382
-0.22574011780153888 -0.22574011780153888 -0.22574011780153888 -0.21864838967657121 -0.22574011780153888 -0.22574011780153888 -0.22574011780153888 -0.22574011780153888 -0.22574011780153888 -0.22574011780153888 -0.22574011780153888 -0.22574011780153888 -0.22574011780153888 -0.22574011780153888 -0.22574011780153888 -0.22574011780153888 -0.22574011780153888 -0.22574011780153888 -0.22574011780153888 -0.22574011780153888 -0.22574011780153888 -0.22574011780153888 -0.22574011780153888 -0.22574011780153888 -0.22574011780153888 -0.22574011780153888 -0.22574011780153888 -0.22574011780153888 -0.22574011780153888 -0.22574011780153888 -0.22574011780153888 -0.22574011780153888 -0.22574011780153888 -0.22574011780153888 -0.22357234384199656 -0.33148180926943926 -0.22357234384199656 -0.3706912981724754 -0.22574011780153888 -0.22357234384199656 -0.306493365545422 -0.3024214747853422 -0.22357234384199656 -0.22574011780153888 -0.22574011780153888 -0.22574011780153888 -0.22357234384199656 -0.306493365545422 -0.22574011780153888 -0.21864838967657121 -0.21864838967657121 -0.22574011780153888 -0.22574011780153888 -0.22574011780153888 -0.22574011780153888 -0.22574011780153888 -0.22574011780153888 -0.22574011780153888 -0.22574011780153888 -0.22574011780153888 -0.22357234384199656 -0.25461648434858836 -0.22574011780153888 -0.22574011780153888 -0.22574011780153888 -0.22574011780153888 -0.22574011780153888 -0.22574011780153888 -0.18429608533874 -0.19031448888163305 -0.18656212010531797 -0.185372906320822 -0.1848184837376309 -0.18522771540716582 -0.1854215115443482 -0.16147123547641096 -0.13513891882311518 -0.11180849889651923 -0.11180849889651923 -0.11180849889651923 -0.11180849889651923 -0.12022547463080367 -0.11191416412049114 -0.10706904724982212 -0.10497473627613492 -0.0712523620304382
-0.3198388050664268 -0.3198388050664268 -0.3198388050664268 -0.21864838967657121 -0.36631638309845993 -0.36631638309845993 -0.36631638309845993 -0.3198388050664268 -0.36631638309845993 -0.3198388050664268 -0.3198388050664268 -0.36631638309845993 -0.3198388050664268 -0.36631638309845993 -0.36631638309845993 -0.3198388050664268 -0.36631638309845993 -0.36631638309845993 -0.3198388050664268 -0.3198388050664268 -0.3198388050664268 -0.3198388050664268 -0.3198388050664268 -0.3198388050664268 -0.3198388050664268 -0.3198388050664268 -0.3198388050664268 -0.3198388050664268 -0.3198388050664268 -0.36631638309845993 -0.3198388050664268 -0.3198388050664268 -0.3198388050664268 -0.3198388050664268 -0.22357234384199656 -0.22574011780153888 -0.22357234384199656 -0.22574011780153888 -0.2682974947347199 -0.22357234384199656 -0.22574011780153888 -0.22574011780153888 -0.22357234384199656 -0.3560722711044733 -0.3198388050664268 -0.3198388050664268 -0.22357234384199656 -0.22574011780153888 -0.2933714253799569 -0.21864838967657121 -0.21864838967657121 -0.29150594983474515 -0.29150594983474515 -0.28226749425116104 -0.28226749425116104 -0.29631795428217356 -0.2933714253799569 -0.29631795428217356 -0.301733026521692 -0.29631795428217356 -0.22357234384199656 -0.22574011780153888 -0.27796130109282513 -0.2758428290132793 -0.27510653328593737 -0.2687352650535264 -0.2660180436000387 -0.2438289613089408 -0.18429608533874 -0.19031448888163305 -0.18656212010531797 -0.185372906320822 -0.1848184837376309 -0.18522771540716582 -0.1854215115443482 -0.16147123547641096 -0.13513891882311518 -0.11180849889651923 -0.11180849889651923 -0.11180849889651923 -0.11180849889651923 -0.12022547463080367 -0.11191416412049114 -0.10706904724982212 -0.10497473627613492 -0.0712523620304382
-0.22357234384199656 -0.22357234384199656 -0.22357234384199656 -0.21864838967657121 -0.22357234384199656 -0.22357234384199656 -0.22357234384199656 -0.22357234384199656 -0.22357234384199656 -0.22357234384199656 -0.22357234384199656 -0.22357234384199656 -0.22357234384199656 -0.22357234384199656 -0.22357234384199656 -0.22357234384199656 -0.22357234384199656 -0.22357234384199656 -0.22357234384199656 -0.22357234384199656 -0.22357234384199656 -0.22357234384199656 -0.22357234384199656 -0.22357234384199656 -0.22357234384199656 -0.22357234384199656 -0.22357234384199656 -0.22357234384199656 -0.22357234384199656 -0.22357234384199656 -0.22357234384199656 -0.22357234384199656 -0.22357234384199656 -0.22357234384199656 -0.35836070795682223 -0.22357234384199656 -0.29168112932908413 -0.22357234384199656 -0.22357234384199656 -0.29168112932908413 -0.22357234384199656 -0.22357234384199656 -0.36417024605692766 -0.22357234384199656 -0.22357234384199656 -0.22357234384199656 -0.29168112932908413 -0.22357234384199656 -0.22357234384199656 -0.21864838967657121 -0.21864838967657121 -0.22357234384199656 -0.22357234384199656 -0.22357234384199656 -0.22357234384199656 -0.22357234384199656 -0.22357234384199656 -0.22357234384199656 -0.22357234384199656 -0.22357234384199656 -0.2900848512829348 -0.22357234384199656 -0.22357234384199656 -0.22357234384199656 -0.22357234384199656 -0.22357234384199656 -0.22357234384199656 -0.22357234384199656 -0.18429608533874 -0.19031448888163305 -0.18656212010531797 -0.185372906320822 -0.1848184837376309 -0.18522771540716582 -0.1854215115443482 -0.16147123547641096 -0.13513891882311518 -0.11180849889651923 -0.11180849889651923 -0.11180849889651923 -0.11180849889651923 -0.12022547463080367 -0.11191416412049114 -0.10706904724982212 -0.10497473627613492 -0.0712523620304382
-0.22357234384199656 -0.22357234384199656 -0.22357234384199656 -0.21864838967657121 -0.22357234384199656 -0.22357234384199656 -0.22357234384199656 -0.22357234384199656 -0.22357234384199656 -0.22357234384199656 -0.22357234384199656 -0.22357234384199656 -0.22357234384199656 -0.22357234384199656 -0.22357234384199656 -0.22357234384199656 -0.22357234384199656 -0.22357234384199656 -0.22357234384199656 -0.22357234384199656 -0.22357234384199656 -0.22357234384199656 -0.22357234384199656 -0.22357234384199656 -0.22357234384199656 -0.22357234384199656 -0.22357234384199656 -0.22357234384199656 -0.22357234384199656 -0.22357234384199656 -0.22357234384199656 -0.22357234384199656 -0.22357234384199656 -0.22357234384199656 -0.29168112932908413 -0.22357234384199656 -0.3627520264337972 -0.22357234384199656 -0.22357234384199656 -0.3627520264337972 -0.22357234384199656 -0.22357234384199656 -0.29168112932908413 -0.22357234384199656 -0.22357234384199656 -0.22357234384199656 -0.3046260869792102 -0.22357234384199656 -0.22357234384199656 -0.21864838967657121 -0.21864838967657121 -0.22357234384199656 -0.22357234384199656 -0.22357234384199656 -0.22357234384199656 -0.22357234384199656 -0.22357234384199656 -0.22357234384199656 -0.22357234384199656 -0.22357234384199656 -0.2900848512829348 -0.22357234384199656 -0.22357234384199656 -0.22357234384199656 -0.22357234384199656 -0.22357234384199656 -0.22357234384199656 -0.22357234384199656 -0.18429608533874 -0.19031448888163305 -0.18656212010531797 -0.185372906320822 -0.1848184837376309 -0.18522771540716582 -0.1854215115443482 -0.16147123547641096 -0.13513891882311518 -0.11180849889651923 -0.11180849889651923 -0.11180849889651923 -0.11180849889651923 -0.12022547463080367 -0.11191416412049114 -0.10706904724982212 -0.10497473627613492 -0.0712523620304382
-0.22574011780153888 -0.22574011780153888 -0.22574011780153888 -0.21864838967657121 -0.22574011780153888 -0.22574011780153888 -0.22574011780153888 -0.22574011780153888 -0.22574011780153888 -0.22574011780153888 -0.22574011780153888 -0.22574011780153888 -0.22574011780153888 -0.22574011780153888 -0.22574011780153888 -0.22574011780153888 -0.22574011780153888 -0.22574011780153888 -0.22574011780153888 -0.22574011780153888 -0.22574011780153888 -0.22574011780153888 -0.22574011780153888 -0.22574011780153888 -0.22574011780153888 -0.22574011780153888 -0.22574011780153888 -0.22574011780153888 -0.22574011780153888 -0.22574011780153888 -0.22574011780153888 -0.22574011780153888 -0.22574011780153888 -0.22574011780153888 -0.22357234384199656 -0.3024214747853422 -0.22357234384199656 -0.3024214747853422 -0.22574011780153888 -0.22357234384199656 -0.3024214747853422 -0.36219630971282524 -0.22357234384199656 -0.22574011780153888 -0.22574011780153888 -0.22574011780153888 -0.22357234384199656 -0.3024214747853422 -0.22574011780153888 -0.21864838967657121 -0.21864838967657121 -0.22574011780153888 -0.22574011780153888 -0.22574011780153888 -0.22574011780153888 -0.22574011780153888 -0.22574011780153888 -0.22574011780153888 -0.22574011780153888 -0.22574011780153888 -0.22357234384199656 -0.25461648434858836 -0.22574011780153888 -0.22574011780153888 -0.22574011780153888 -0.22574011780153888 -0.22574011780153888 -0.22574011780153888 -0.18429608533874 -0.19031448888163305 -0.18656212010531797 -0.185372906320822 -0.1848184837376309 -0.18522771540716582 -0.1854215115443482 -0.16147123547641096 -0.13513891882311518 -0.11180849889651923 -0.11180849889651923 -0.11180849889651923 -0.11180849889651923 -0.12022547463080367 -0.11191416412049114 -0.10706904724982212 -0.10497473627613492 -0.0712523620304382
-0.22574011780153888 -0.22574011780153888 -0.22574011780153888 -0.21864838967657121 -0.22574011780153888 -0.22574011780153888 -0.22574011780153888 -0.22574011780153888 -0.22574011780153888 -0.22574011780153888 -0.22574011780153888 -0.22574011780153888 -0.22574011780153888 -0.22574011780153888 -0.22574011780153888 -0.22574011780153888 -0.22574011780153888 -0.22574011780153888 -0.22574011780153888 -0.22574011780153888 -0.22574011780153888 -0.22574011780153888 -0.22574011780153888 -0.22574011780153888 -0.22574011780153888 -0.22574011780153888 -0.22574011780153888 -0.22574011780153888 -0.22574011780153888 -0.22574011780153888 -0.22574011780153888 -0.22574011780153888 -0.22574011780153888 -0.22574011780153888 -0.22357234384199656 -0.306493365545422 -0.22357234384199656 -0.306493365545422 -0.22574011780153888 -0.22357234384199656 -0.3598918704150468 -0.3024214747853422 -0.22357234384199656 -0.22574011780153888 -0.22574011780153888 -0.22574011780153888 -0.22357234384199656 -0.3323626669269851 -0.22574011780153888 -0.21864838967657121 -0.21864838967657121 -0.22574011780153888 -0.22574011780153888 -0.22574011780153888 -0.22574011780153888 -0.22574011780153888 -0.22574011780153888 -0.22574011780153888 -0.22574011780153888 -0.22574011780153888 -0.22357234384199656 -0.25461648434858836 -0.22574011780153888 -0.22574011780153888 -0.22574011780153888 -0.22574011780153888 -0.22574011780153888 -0.22574011780153888 -0.18429608533874 -0.19031448888163305 -0.18656212010531797 -0.185372906320822 -0.1848184837376309 -0.18522771540716582 -0.1854215115443482 -0.16147123547641096 -0.13513891882311518 -0.11180849889651923 -0.11180849889651923 -0.11180849889651923 -0.11180849889651923 -0.12022547463080367 -0.11191416412049114 -0.10706904724982212 -0.10497473627613492 -0.0712523620304382
-0.18429608533874 -0.18429608533874 -0.18429608533874 -0.18429608533874 -0.18429608533874 -0.18429608533874 -0.18429608533874 -0.18429608533874 -0.18429608533874 -0.18429608533874 -0.18429608533874 -0.18429608533874 -0.18429608533874 -0.18429608533874 -0.18429608533874 -0.18429608533874 -0.18429608533874 -0.18429608533874 -0.18429608533874 -0.18429608533874 -0.18429608533874 -0.18429608533874 -0.18429608533874 -0.18429608533874 -0.18429608533874 -0.18429608533874 -0.18429608533874 -0.18429608533874 -0.18429608533874 -0.18429608533874 -0.18429608533874 -0.18429608533874 -0.18429608533874 -0.18429608533874 -0.18429608533874 -0.18429608533874 -0.18429608533874 -0.18429608533874 -0.18429608533874 -0.18429608533874 -0.18429608533874 -0.18429608533874 -0.18429608533874 -0.18429608533874 -0.18429608533874 -0.18429608533874 -0.18429608533874 -0.18429608533874 -0.18429608533874 -0.18429608533874 -0.18429608533874 -0.18429608533874 -0.18429608533874 -0.18429608533874 -0.18429608533874 -0.18429608533874 -0.18429608533874 -0.18429608533874 -0.18429608533874 -0.18429608533874 -0.18429608533874 -0.18429608533874 -0.18429608533874 -0.18429608533874 -0.18429608533874 -0.18429608533874 -0.18429608533874 -0.18429608533874 -0.18429608533874 -0.18429608533874 -0.18429608533874 -0.18429608533874 -0.18429608533874 -0.18429608533874 -0.18429608533874 -0.16147123547641096 -0.13513891882311518 -0.11180849889651923 -0.11180849889651923 -0.11180849889651923 -0.11180849889651923 -0.12022547463080367 -0.11191416412049114 -0.10706904724982212 -0.10497473627613492 -0.0712523620304382
-0.12022547463080367 -0.12022547463080367 -0.12022547463080367 -0.12022547463080367 -0.12022547463080367 -0.12022547463080367 -0.12022547463080367 -0.12022547463080367 -0.12022547463080367 -0.12022547463080367 -0.12022547463080367 -0.12022547463080367 -0.12022547463080367 -0.12022547463080367 -0.12022547463080367 -0.12022547463080367 -0.12022547463080367 -0.12022547463080367 -0.12022547463080367 -0.12022547463080367 -0.12022547463080367 -0.12022547463080367 -0.12022547463080367 -0.12022547463080367 -0.12022547463080367 -0.12022547463080367 -0.12022547463080367 -0.12022547463080367 -0.12022547463080367 -0.12022547463080367 -0.12022547463080367 -0.12022547463080367 -0.12022547463080367 -0.12022547463080367 -0.12022547463080367 -0.12022547463080367 -0.12022547463080367 -0.12022547463080367 -0.12022547463080367 -0.12022547463080367 -0.12022547463080367 -0.12022547463080367 -0.12022547463080367 -0.12022547463080367 -0.12022547463080367 -0.12022547463080367 -0.12022547463080367 -0.12022547463080367 -0.12022547463080367 -0.12022547463080367 -0.12022547463080367 -0.12022547463080367 -0.12022547463080367 -0.12022547463080367 -0.12022547463080367 -0.12022547463080367 -0.12022547463080367 -0.12022547463080367 -0.12022547463080367 -0.12022547463080367 -0.12022547463080367 -0.12022547463080367 -0.12022547463080367 -0.12022547463080367 -0.12022547463080367 -0.12022547463080367 -0.12022547463080367 -0.12022547463080367 -0.12022547463080367 -0.12022547463080367 -0.12022547463080367 -0.12022547463080367 -0.12022547463080367 -0.12022547463080367 -0.12022547463080367 -0.12022547463080367 -0.12022547463080367 -0.11180849889651923 -0.11180849889651923 -0.11180849889651923 -0.11180849889651923 -0.12022547463080367 -0.11191416412049114 -0.10706904724982212 -0.10497473627613492 -0.0712523620304382
-0.16147123547641096 -0.16147123547641096 -0.16147123547641096 -0.16147123547641096 -0.16147123547641096 -0.16147123547641096 -0.16147123547641096 -0.16147123547641096 -0.16147123547641096 -0.16147123547641096 -0.16147123547641096 -0.16147123547641096 -0.16147123547641096 -0.16147123547641096 -0.16147123547641096 -0.16147123547641096 -0.16147123547641096 -0.16147123547641096 -0.16147123547641096 -0.16147123547641096 -0.16147123547641096 -0.16147123547641096 -0.16147123547641096 -0.16147123547641096 -0.16147123547641096 -0.16147123547641096 -0.16147123547641096 -0.16147123547641096 -0.16147123547641096 -0.16147123547641096 -0.16147123547641096 -0.16147123547641096 -0.16147123547641096 -0.16147123547641096 -0.16147123547641096 -0.16147123547641096 -0.16147123547641096 -0.16147123547641096 -0.16147123547641096 -0.16147123547641096 -0.16147123547641096 -0.16147123547641096 -0.16147123547641096 -0.16147123547641096 -0.16147123547641096 -0.16147123547641096 -0.16147123547641096 -0.16147123547641096 -0.16147123547641096 -0.16147123547641096 -0.16147123547641096 -0.16147123547641096 -0.16147123547641096 -0.16147123547641096 -0.16147123547641096 -0.16147123547641096 -0.16147123547641096 -0.16147123547641096 -0.16147123547641096 -0.16147123547641096 -0.16147123547641096 -0.16147123547641096 -0.16147123547641096 -0.16147123547641096 -0.16147123547641096 -0.16147123547641096 -0.16147123547641096 -0.16147123547641096 -0.16147123547641096 -0.16147123547641096 -0.16147123547641096 -0.16147123547641096 -0.16147123547641096 -0.16147123547641096 -0.16147123547641096 -0.16147123547641096 -0.13513891882311518 -0.11180849889651923 -0.11180849889651923 -0.11180849889651923 -0.11180849889651923 -0.12022547463080367 -0.11191416412049114 -0.10706904724982212 -0.10497473627613492 -0.0712523620304382
-0.22357234384199656 -0.22357234384199656 -0.22357234384199656 -0.21864838967657121 -0.22357234384199656 -0.22357234384199656 -0.22357234384199656 -0.22357234384199656 -0.22357234384199656 -0.22357234384199656 -0.22357234384199656 -0.22357234384199656 -0.22357234384199656 -0.22357234384199656 -0.22357234384199656 -0.22357234384199656 -0.22357234384199656 -0.22357234384199656 -0.22357234384199656 -0.22357234384199656 -0.22357234384199656 -0.22357234384199656 -0.22357234384199656 -0.22357234384199656 -0.22357234384199656 -0.22357234384199656 -0.22357234384199656 -0.22357234384199656 -0.22357234384199656 -0.22357234384199656 -0.22357234384199656 -0.22357234384199656 -0.22357234384199656 -0.22357234384199656 -0.29168112932908413 -0.22357234384199656 -0.3046260869792102 -0.22357234384199656 -0.22357234384199656 -0.3046260869792102 -0.22357234384199656 -0.22357234384199656 -0.29168112932908413 -0.22357234384199656 -0.22357234384199656 -0.22357234384199656 -0.31978641091384813 -0.22357234384199656 -0.22357234384199656 -0.21864838967657121 -0.21864838967657121 -0.22357234384199656 -0.22357234384199656 -0.22357234384199656 -0.22357234384199656 -0.22357234384199656 -0.22357234384199656 -0.22357234384199656 -0.22357234384199656 -0.22357234384199656 -0.2900848512829348 -0.22357234384199656 -0.22357234384199656 -0.22357234384199656 -0.22357234384199656 -0.22357234384199656 -0.22357234384199656 -0.22357234384199656 -0.18429608533874 -0.19031448888163305 -0.18656212010531797 -0.185372906320822 -0.1848184837376309 -0.18522771540716582 -0.1854215115443482 -0.16147123547641096 -0.13513891882311518 -0.11180849889651923 -0.11180849889651923 -0.11180849889651923 -0.11180849889651923 -0.12022547463080367 -0.11191416412049114 -0.10706904724982212 -0.10497473627613492 -0.0712523620304382
-0.22574011780153888 -0.22574011780153888 -0.22574011780153888 -0.21864838967657121 -0.22574011780153888 -0.22574011780153888 -0.22574011780153888 -0.22574011780153888 -0.22574011780153888 -0.22574011780153888 -0.22574011780153888 -0.22574011780153888 -0.22574011780153888 -0.22574011780153888 -0.22574011780153888 -0.22574011780153888 -0.22574011780153888 -0.22574011780153888 -0.22574011780153888 -0.22574011780153888 -0.22574011780153888 -0.22574011780153888 -0.22574011780153888 -0.22574011780153888 -0.22574011780153888 -0.22574011780153888 -0.22574011780153888 -0.22574011780153888 -0.22574011780153888 -0.22574011780153888 -0.22574011780153888 -0.22574011780153888 -0.22574011780153888 -0.22574011780153888 -0.22357234384199656 -0.306493365545422 -0.22357234384199656 -0.306493365545422 -0.22574011780153888 -0.22357234384199656 -0.3164261226135387 -0.3024214747853422 -0.22357234384199656 -0.22574011780153888 -0.22574011780153888 -0.22574011780153888 -0.22357234384199656 -0.3164261226135387 -0.22574011780153888 -0.21864838967657121 -0.21864838967657121 -0.22574011780153888 -0.22574011780153888 -0.22574011780153888 -0.22574011780153888 -0.22574011780153888 -0.22574011780153888 -0.22574011780153888 -0.22574011780153888 -0.22574011780153888 -0.22357234384199656 -0.25461648434858836 -0.22574011780153888 -0.22574011780153888 -0.22574011780153888 -0.22574011780153888 -0.22574011780153888 -0.22574011780153888 -0.18429608533874 -0.19031448888163305 -0.18656212010531797 -0.185372906320822 -0.1848184837376309 -0.18522771540716582 -0.1854215115443482 -0.16147123547641096 -0.13513891882311518 -0.11180849889651923 -0.11180849889651923 -0.11180849889651923 -0.11180849889651923 -0.12022547463080367 -0.11191416412049114 -0.10706904724982212 -0.10497473627613492 -0.0712523620304382
-0.3137451493053959 -0.3137451493053959 -0.3137451493053959 -0.21864838967657121 -0.3137451493053959 -0.3137451493053959 -0.3137451493053959 -0.3137451493053959 -0.3137451493053959 -0.3137451493053959 -0.3137451493053959 -0.3137451493053959 -0.3137451493053959 -0.3137451493053959 -0.3137451493053959 -0.3137451493053959 -0.3137451493053959 -0.3137451493053959 -0.3137451493053959 -0.3137451493053959 -0.3137451493053959 -0.3137451493053959 -0.3137451493053959 -0.3137451493053959 -0.3137451493053959 -0.3137451493053959 -0.3137451493053959 -0.3137451493053959 -0.3137451493053959 -0.3137451493053959 -0.3137451493053959 -0.3137451493053959 -0.3137451493053959 -0.3137451493053959 -0.22357234384199656 -0.22574011780153888 -0.22357234384199656 -0.22574011780153888 -0.2682974947347199 -0.22357234384199656 -0.22574011780153888 -0.22574011780153888 -0.22357234384199656 -0.3137451493053959 -0.3137451493053959 -0.3137451493053959 -0.22357234384199656 -0.22574011780153888 -0.2933714253799569 -0.21864838967657121 -0.21864838967657121 -0.29150594983474515 -0.29150594983474515 -0.28226749425116104 -0.28226749425116104 -0.29631795428217356 -0.2933714253799569 -0.29631795428217356 -0.301733026521692 -0.29631795428217356 -0.22357234384199656 -0.22574011780153888 -0.27796130109282513 -0.2758428290132793 -0.27510653328593737 -0.2687352650535264 -0.2660180436000387 -0.2438289613089408 -0.18429608533874 -0.19031448888163305 -0.18656212010531797 -0.185372906320822 -0.1848184837376309 -0.18522771540716582 -0.1854215115443482 -0.16147123547641096 -0.13513891882311518 -0.11180849889651923 -0.11180849889651923 -0.11180849889651923 -0.11180849889651923 -0.12022547463080367 -0.11191416412049114 -0.10706904724982212 -0.10497473627613492 -0.0712523620304382
-0.30845675287124635 -0.30845675287124635 -0.30845675287124635 -0.21864838967657121 -0.30845675287124635 -0.30845675287124635 -0.30845675287124635 -0.30845675287124635 -0.30845675287124635 -0.30845675287124635 -0.30845675287124635 -0.30845675287124635 -0.30845675287124635 -0.30845675287124635 -0.30845675287124635 -0.30845675287124635 -0.30845675287124635 -0.30845675287124635 -0.30845675287124635 -0.30845675287124635 -0.30845675287124635 -0.30845675287124635 -0.30845675287124635 -0.30845675287124635 -0.30845675287124635 -0.30845675287124635 -0.30845675287124635 -0.30845675287124635 -0.30845675287124635 -0.30845675287124635 -0.30845675287124635 -0.30845675287124635 -0.30845675287124635 -0.30845675287124635 -0.22357234384199656 -0.22574011780153888 -0.22357234384199656 -0.22574011780153888 -0.2682974947347199 -0.22357234384199656 -0.22574011780153888 -0.22574011780153888 -0.22357234384199656 -0.30845675287124635 -0.30845675287124635 -0.30845675287124635 -0.22357234384199656 -0.22574011780153888 -0.2933714253799569 -0.21864838967657121 -0.21864838967657121 -0.29150594983474515 -0.29150594983474515 -0.28226749425116104 -0.28226749425116104 -0.29631795428217356 -0.2933714253799569 -0.29631795428217356 -0.301733026521692 -0.29631795428217356 -0.22357234384199656 -0.22574011780153888 -0.27796130109282513 -0.2758428290132793 -0.27510653328593737 -0.2687352650535264 -0.2660180436000387 -0.2438289613089408 -0.18429608533874 -0.19031448888163305 -0.18656212010531797 -0.185372906320822 -0.1848184837376309 -0.18522771540716582 -0.1854215115443482 -0.16147123547641096 -0.13513891882311518 -0.11180849889651923 -0.11180849889651923 -0.11180849889651923 -0.11180849889651923 -0.12022547463080367 -0.11191416412049114 -0.10706904724982212 -0.10497473627613492 -0.0712523620304382
-0.22357234384199656 -0.22357234384199656 -0.22357234384199656 -0.21864838967657121 -0.22357234384199656 -0.22357234384199656 -0.22357234384199656 -0.22357234384199656 -0.22357234384199656 -0.22357234384199656 -0.22357234384199656 -0.22357234384199656 -0.22357234384199656 -0.22357234384199656 -0.22357234384199656 -0.22357234384199656 -0.22357234384199656 -0.22357234384199656 -0.22357234384199656 -0.22357234384199656 -0.22357234384199656 -0.22357234384199656 -0.22357234384199656 -0.22357234384199656 -0.22357234384199656 -0.22357234384199656 -0.22357234384199656 -0.22357234384199656 -0.22357234384199656 -0.22357234384199656 -0.22357234384199656 -0.22357234384199656 -0.22357234384199656 -0.22357234384199656 -0.2856922463457654 -0.22357234384199656 -0.2856922463457654 -0.22357234384199656 -0.22357234384199656 -0.2856922463457654 -0.22357234384199656 -0.22357234384199656 -0.2856922463457654 -0.22357234384199656 -0.22357234384199656 -0.22357234384199656 -0.2856922463457654 -0.22357234384199656 -0.22357234384199656 -0.21864838967657121 -0.21864838967657121 -0.22357234384199656 -0.22357234384199656 -0.22357234384199656 -0.22357234384199656 -0.22357234384199656 -0.22357234384199656 -0.22357234384199656 -0.22357234384199656 -0.22357234384199656 -0.2856922463457654 -0.22357234384199656 -0.22357234384199656 -0.22357234384199656 -0.22357234384199656 -0.22357234384199656 -0.22357234384199656 -0.22357234384199656 -0.18429608533874 -0.19031448888163305 -0.18656212010531797 -0.185372906320822 -0.1848184837376309 -0.18522771540716582 -0.1854215115443482 -0.16147123547641096 -0.13513891882311518 -0.11180849889651923 -0.11180849889651923 -0.11180849889651923 -0.11180849889651923 -0.12022547463080367 -0.11191416412049114 -0.10706904724982212 -0.10497473627613492 -0.0712523620304382
-0.18429608533874 -0.18429608533874 -0.18429608533874 -0.18429608533874 -0.18429608533874 -0.18429608533874 -0.18429608533874 -0.18429608533874 -0.18429608533874 -0.18429608533874 -0.18429608533874 -0.18429608533874 -0.18429608533874 -0.18429608533874 -0.18429608533874 -0.18429608533874 -0.18429608533874 -0.18429608533874 -0.18429608533874 -0.18429608533874 -0.18429608533874 -0.18429608533874 -0.18429608533874 -0.18429608533874 -0.18429608533874 -0.18429608533874 -0.18429608533874 -0.18429608533874 -0.18429608533874 -0.18429608533874 -0.18429608533874 -0.18429608533874 -0.18429608533874 -0.18429608533874 -0.18429608533874 -0.18429608533874 -0.18429608533874 -0.18429608533874 -0.18429608533874 -0.18429608533874 -0.18429608533874 -0.18429608533874 -0.18429608533874 -0.18429608533874 -0.18429608533874 -0.18429608533874 -0.18429608533874 -0.18429608533874 -0.18429608533874 -0.18429608533874 -0.18429608533874 -0.18429608533874 -0.18429608533874 -0.18429608533874 -0.18429608533874 -0.18429608533874 -0.18429608533874 -0.18429608533874 -0.18429608533874 -0.18429608533874 -0.18429608533874 -0.18429608533874 -0.18429608533874 -0.18429608533874 -0.18429608533874 -0.18429608533874 -0.18429608533874 -0.18429608533874 -0.18429608533874 -0.18429608533874 -0.18429608533874 -0.18429608533874 -0.18429608533874 -0.18429608533874 -0.18429608533874 -0.16147123547641096 -0.13513891882311518 -0.11180849889651923 -0.11180849889651923 -0.11180849889651923 -0.11180849889651923 -0.12022547463080367 -0.11191416412049114 -0.10706904724982212 -0.10497473627613492 -0.0712523620304382
-0.18429608533874 -0.18429608533874 -0.18429608533874 -0.18429608533874 -0.18429608533874 -0.18429608533874 -0.18429608533874 -0.18429608533874 -0.18429608533874 -0.18429608533874 -0.18429608533874 -0.18429608533874 -0.18429608533874 -0.18429608533874 -0.18429608533874 -0.18429608533874 -0.18429608533874 -0.18429608533874 -0.18429608533874 -0.18429608533874 -0.18429608533874 -0.18429608533874 -0.18429608533874 -0.18429608533874 -0.18429608533874 -0.18429608533874 -0.18429608533874 -0.18429608533874 -0.18429608533874 -0.18429608533874 -0.18429608533874 -0.18429608533874 -0.18429608533874 -0.18429608533874 -0.18429608533874 -0.18429608533874 -0.18429608533874 -0.18429608533874 -0.18429608533874 -0.18429608533874 -0.18429608533874 -0.18429608533874 -0.18429608533874 -0.18429608533874 -0.18429608533874 -0.18429608533874 -0.18429608533874 -0.18429608533874 -0.18429608533874 -0.18429608533874 -0.18429608533874 -0.18429608533874 -0.18429608533874 -0.18429608533874 -0.18429608533874 -0.18429608533874 -0.18429608533874 -0.18429608533874 -0.18429608533874 -0.18429608533874 -0.18429608533874 -0.18429608533874 -0.18429608533874 -0.18429608533874 -0.18429608533874 -0.18429608533874 -0.18429608533874 -0.18429608533874 -0.18429608533874 -0.18429608533874 -0.18429608533874 -0.18429608533874 -0.18429608533874 -0.18429608533874 -0.18429608533874 -0.16147123547641096 -0.13513891882311518 -0.11180849889651923 -0.11180849889651923 -0.11180849889651923 -0.11180849889651923 -0.12022547463080367 -0.11191416412049114 -0.10706904724982212 -0.10497473627613492 -0.0712523620304382
-0.22357234384199656 -0.22357234384199656 -0.22357234384199656 -0.21864838967657121 -0.22357234384199656 -0.22357234384199656 -0.22357234384199656 -0.22357234384199656 -0.22357234384199656 -0.22357234384199656 -0.22357234384199656 -0.22357234384199656 -0.22357234384199656 -0.22357234384199656 -0.22357234384199656 -0.22357234384199656 -0.22357234384199656 -0.22357234384199656 -0.22357234384199656 -0.22357234384199656 -0.22357234384199656 -0.22357234384199656 -0.22357234384199656 -0.22357234384199656 -0.22357234384199656 -0.22357234384199656 -0.22357234384199656 -0.22357234384199656 -0.22357234384199656 -0.22357234384199656 -0.22357234384199656 -0.22357234384199656 -0.22357234384199656 -0.22357234384199656 -0.2738997419344147 -0.22357234384199656 -0.2738997419344147 -0.22357234384199656 -0.22357234384199656 -0.2738997419344147 -0.22357234384199656 -0.22357234384199656 -0.2738997419344147 -0.22357234384199656 -0.22357234384199656 -0.22357234384199656 -0.2738997419344147 -0.22357234384199656 -0.22357234384199656 -0.21864838967657121 -0.21864838967657121 -0.22357234384199656 -0.22357234384199656 -0.22357234384199656 -0.22357234384199656 -0.22357234384199656 -0.22357234384199656 -0.22357234384199656 -0.22357234384199656 -0.22357234384199656 -0.2738997419344147 -0.22357234384199656 -0.22357234384199656 -0.22357234384199656 -0.22357234384199656 -0.22357234384199656 -0.22357234384199656 -0.22357234384199656 -0.18429608533874 -0.19031448888163305 -0.18656212010531797 -0.185372906320822 -0.1848184837376309 -0.18522771540716582 -0.1854215115443482 -0.16147123547641096 -0.13513891882311518 -0.11180849889651923 -0.11180849889651923 -0.11180849889651923 -0.11180849889651923 -0.12022547463080367 -0.11191416412049114 -0.10706904724982212 -0.10497473627613492 -0.0712523620304382
-0.22574011780153888 -0.22574011780153888 -0.22574011780153888 -0.21864838967657121 -0.22574011780153888 -0.22574011780153888 -0.22574011780153888 -0.22574011780153888 -0.22574011780153888 -0.22574011780153888 -0.22574011780153888 -0.22574011780153888 -0.22574011780153888 -0.22574011780153888 -0.22574011780153888 -0.22574011780153888 -0.22574011780153888 -0.22574011780153888 -0.22574011780153888 -0.22574011780153888 -0.22574011780153888 -0.22574011780153888 -0.22574011780153888 -0.22574011780153888 -0.22574011780153888 -0.22574011780153888 -0.22574011780153888 -0.22574011780153888 -0.22574011780153888 -0.22574011780153888 -0.22574011780153888 -0.22574011780153888 -0.22574011780153888 -0.22574011780153888 -0.22357234384199656 -0.25461648434858836 -0.22357234384199656 -0.25461648434858836 -0.22574011780153888 -0.22357234384199656 -0.25461648434858836 -0.25461648434858836 -0.22357234384199656 -0.22574011780153888 -0.22574011780153888 -0.22574011780153888 -0.22357234384199656 -0.25461648434858836 -0.22574011780153888 -0.21864838967657121 -0.21864838967657121 -0.22574011780153888 -0.22574011780153888 -0.22574011780153888 -0.22574011780153888 -0.22574011780153888 -0.22574011780153888 -0.22574011780153888 -0.22574011780153888 -0.22574011780153888 -0.22357234384199656 -0.27076893109819616 -0.22574011780153888 -0.22574011780153888 -0.22574011780153888 -0.22574011780153888 -0.22574011780153888 -0.22574011780153888 -0.18429608533874 -0.19031448888163305 -0.18656212010531797 -0.185372906320822 -0.1848184837376309 -0.18522771540716582 -0.1854215115443482 -0.16147123547641096 -0.13513891882311518 -0.11180849889651923 -0.11180849889651923 -0.11180849889651923 -0.11180849889651923 -0.12022547463080367 -0.11191416412049114 -0.10706904724982212 -0.10497473627613492 -0.0712523620304382
-0.18656212010531797 -0.18656212010531797 -0.18656212010531797 -0.18656212010531797 -0.18656212010531797 -0.18656212010531797 -0.18656212010531797 -0.18656212010531797 -0.18656212010531797 -0.18656212010531797 -0.18656212010531797 -0.18656212010531797 -0.18656212010531797 -0.18656212010531797 -0.18656212010531797 -0.18656212010531797 -0.18656212010531797 -0.18656212010531797 -0.18656212010531797 -0.18656212010531797 -0.18656212010531797 -0.18656212010531797 -0.18656212010531797 -0.18656212010531797 -0.18656212010531797 -0.18656212010531797 -0.18656212010531797 -0.18656212010531797 -0.18656212010531797 -0.18656212010531797 -0.18656212010531797 -0.18656212010531797 -0.18656212010531797 -0.18656212010531797 -0.18656212010531797 -0.18656212010531797 -0.18656212010531797 -0.18656212010531797 -0.18656212010531797 -0.18656212010531797 -0.18656212010531797 -0.18656212010531797 -0.18656212010531797 -0.18656212010531797 -0.18656212010531797 -0.18656212010531797 -0.18656212010531797 -0.18656212010531797 -0.18656212010531797 -0.18656212010531797 -0.18656212010531797 -0.18656212010531797 -0.18656212010531797 -0.18656212010531797 -0.18656212010531797 -0.18656212010531797 -0.18656212010531797 -0.18656212010531797 -0.18656212010531797 -0.18656212010531797 -0.18656212010531797 -0.18656212010531797 -0.18656212010531797 -0.18656212010531797 -0.18656212010531797 -0.18656212010531797 -0.18656212010531797 -0.18656212010531797 -0.18429608533874 -0.18656212010531797 -0.18656212010531797 -0.185372906320822 -0.1848184837376309 -0.18522771540716582 -0.1854215115443482 -0.16147123547641096 -0.13513891882311518 -0.11180849889651923 -0.11180849889651923 -0.11180849889651923 -0.11180849889651923 -0.12022547463080367 -0.11191416412049114 -0.10706904724982212 -0.10497473627613492 -0.0712523620304382
-0.18656212010531797 -0.18656212010531797 -0.18656212010531797 -0.18656212010531797 -0.18656212010531797 -0.18656212010531797 -0.18656212010531797 -0.18656212010531797 -0.18656212010531797 -0.18656212010531797 -0.18656212010531797 -0.18656212010531797 -0.18656212010531797 -0.18656212010531797 -0.18656212010531797 -0.18656212010531797 -0.18656212010531797 -0.18656212010531797 -0.18656212010531797 -0.18656212010531797 -0.18656212010531797 -0.18656212010531797 -0.18656212010531797 -0.18656212010531797 -0.18656212010531797 -0.18656212010531797 -0.18656212010531797 -0.18656212010531797 -0.18656212010531797 -0.18656212010531797 -0.18656212010531797 -0.18656212010531797 -0.18656212010531797 -0.18656212010531797 -0.18656212010531797 -0.18656212010531797 -0.18656212010531797 -0.18656212010531797 -0.18656212010531797 -0.18656212010531797 -0.18656212010531797 -0.18656212010531797 -0.18656212010531797 -0.18656212010531797 -0.18656212010531797 -0.18656212010531797 -0.18656212010531797 -0.18656212010531797 -0.18656212010531797 -0.18656212010531797 -0.18656212010531797 -0.18656212010531797 -0.18656212010531797 -0.18656212010531797 -0.18656212010531797 -0.18656212010531797 -0.18656212010531797 -0.18656212010531797 -0.18656212010531797 -0.18656212010531797 -0.18656212010531797 -0.18656212010531797 -0.18656212010531797 -0.18656212010531797 -0.18656212010531797 -0.18656212010531797 -0.18656212010531797 -0.18656212010531797 -0.18429608533874 -0.18656212010531797 -0.18656212010531797 -0.185372906320822 -0.1848184837376309 -0.18522771540716582 -0.1854215115443482 -0.16147123547641096 -0.13513891882311518 -0.11180849889651923 -0.11180849889651923 -0.11180849889651923 -0.11180849889651923 -0.12022547463080367 -0.11191416412049114 -0.10706904724982212 -0.10497473627613492 -0.0712523620304382
-0.16147123547641096 -0.16147123547641096 -0.16147123547641096 -0.16147123547641096 -0.16147123547641096 -0.16147123547641096 -0.16147123547641096 -0.16147123547641096 -0.16147123547641096 -0.16147123547641096 -0.16147123547641096 -0.16147123547641096 -0.16147123547641096 -0.16147123547641096 -0.16147123547641096 -0.16147123547641096 -0.16147123547641096 -0.16147123547641096 -0.16147123547641096 -0.16147123547641096 -0.16147123547641096 -0.16147123547641096 -0.16147123547641096 -0.16147123547641096 -0.16147123547641096 -0.16147123547641096 -0.16147123547641096 -0.16147123547641096 -0.16147123547641096 -0.16147123547641096 -0.16147123547641096 -0.16147123547641096 -0.16147123547641096 -0.16147123547641096 -0.16147123547641096 -0.16147123547641096 -0.16147123547641096 -0.16147123547641096 -0.16147123547641096 -0.16147123547641096 -0.16147123547641096 -0.16147123547641096 -0.16147123547641096 -0.16147123547641096 -0.16147123547641096 -0.16147123547641096 -0.16147123547641096 -0.16147123547641096 -0.16147123547641096 -0.16147123547641096 -0.16147123547641096 -0.16147123547641096 -0.16147123547641096 -0.16147123547641096 -0.16147123547641096 -0.16147123547641096 -0.16147123547641096 -0.16147123547641096 -0.16147123547641096 -0.16147123547641096 -0.16147123547641096 -0.16147123547641096 -0.16147123547641096 -0.16147123547641096 -0.16147123547641096 -0.16147123547641096 -0.16147123547641096 -0.16147123547641096 -0.16147123547641096 -0.16147123547641096 -0.16147123547641096 -0.16147123547641096 -0.16147123547641096 -0.16147123547641096 -0.16147123547641096 -0.16147123547641096 -0.13513891882311518 -0.11180849889651923 -0.11180849889651923 -0.11180849889651923 -0.11180849889651923 -0.12022547463080367 -0.11191416412049114 -0.10706904724982212 -0.10497473627613492 -0.0712523620304382
-0.19031448888163305 -0.19031448888163305 -0.19031448888163305 -0.19031448888163305 -0.19031448888163305 -0.19031448888163305 -0.19031448888163305 -0.19031448888163305 -0.19031448888163305 -0.19031448888163305 -0.19031448888163305 -0.19031448888163305 -0.19031448888163305 -0.19031448888163305 -0.19031448888163305 -0.19031448888163305 -0.19031448888163305 -0.19031448888163305 -0.19031448888163305 -0.19031448888163305 -0.19031448888163305 -0.19031448888163305 -0.19031448888163305 -0.19031448888163305 -0.19031448888163305 -0.19031448888163305 -0.19031448888163305 -0.19031448888163305 -0.19031448888163305 -0.19031448888163305 -0.19031448888163305 -0.19031448888163305 -0.19031448888163305 -0.19031448888163305 -0.19031448888163305 -0.19031448888163305 -0.19031448888163305 -0.19031448888163305 -0.19031448888163305 -0.19031448888163305 -0.19031448888163305 -0.19031448888163305 -0.19031448888163305 -0.19031448888163305 -0.19031448888163305 -0.19031448888163305 -0.19031448888163305 -0.19031448888163305 -0.19031448888163305 -0.19031448888163305 -0.19031448888163305 -0.19031448888163305 -0.19031448888163305 -0.19031448888163305 -0.19031448888163305 -0.19031448888163305 -0.19031448888163305 -0.19031448888163305 -0.19031448888163305 -0.19031448888163305 -0.19031448888163305 -0.19031448888163305 -0.19031448888163305 -0.19031448888163305 -0.19031448888163305 -0.19031448888163305 -0.19031448888163305 -0.19031448888163305 -0.18429608533874 -0.19031448888163305 -0.18656212010531797 -0.185372906320822 -0.1848184837376309 -0.18522771540716582 -0.1854215115443482 -0.16147123547641096 -0.13513891882311518 -0.11180849889651923 -0.11180849889651923 -0.11180849889651923 -0.11180849889651923 -0.12022547463080367 -0.11191416412049114 -0.10706904724982212 -0.10497473627613492 -0.0712523620304382
-0.19031448888163305 -0.19031448888163305 -0.19031448888163305 -0.19031448888163305 -0.19031448888163305 -0.19031448888163305 -0.19031448888163305 -0.19031448888163305 -0.19031448888163305 -0.19031448888163305 -0.19031448888163305 -0.19031448888163305 -0.19031448888163305 -0.19031448888163305 -0.19031448888163305 -0.19031448888163305 -0.19031448888163305 -0.19031448888163305 -0.19031448888163305 -0.19031448888163305 -0.19031448888163305 -0.19031448888163305 -0.19031448888163305 -0.19031448888163305 -0.19031448888163305 -0.19031448888163305 -0.19031448888163305 -0.19031448888163305 -0.19031448888163305 -0.19031448888163305 -0.19031448888163305 -0.19031448888163305 -0.19031448888163305 -0.19031448888163305 -0.19031448888163305 -0.19031448888163305 -0.19031448888163305 -0.19031448888163305 -0.19031448888163305 -0.19031448888163305 -0.19031448888163305 -0.19031448888163305 -0.19031448888163305 -0.19031448888163305 -0.19031448888163305 -0.19031448888163305 -0.19031448888163305 -0.19031448888163305 -0.19031448888163305 -0.19031448888163305 -0.19031448888163305 -0.19031448888163305 -0.19031448888163305 -0.19031448888163305 -0.19031448888163305 -0.19031448888163305 -0.19031448888163305 -0.19031448888163305 -0.19031448888163305 -0.19031448888163305 -0.19031448888163305 -0.19031448888163305 -0.19031448888163305 -0.19031448888163305 -0.19031448888163305 -0.19031448888163305 -0.19031448888163305 -0.19031448888163305 -0.18429608533874 -0.19031448888163305 -0.18656212010531797 -0.185372906320822 -0.1848184837376309 -0.18522771540716582 -0.1854215115443482 -0.16147123547641096 -0.13513891882311518 -0.11180849889651923 -0.11180849889651923 -0.11180849889651923 -0.11180849889651923 -0.12022547463080367 -0.11191416412049114 -0.10706904724982212 -0.10497473627613492 -0.0712523620304382
-0.18429608533874 -0.18429608533874 -0.18429608533874 -0.18429608533874 -0.18429608533874 -0.18429608533874 -0.18429608533874 -0.18429608533874 -0.18429608533874 -0.18429608533874 -0.18429608533874 -0.18429608533874 -0.18429608533874 -0.18429608533874 -0.18429608533874 -0.18429608533874 -0.18429608533874 -0.18429608533874 -0.18429608533874 -0.18429608533874 -0.18429608533874 -0.18429608533874 -0.18429608533874 -0.18429608533874 -0.18429608533874 -0.18429608533874 -0.18429608533874 -0.18429608533874 -0.18429608533874 -0.18429608533874 -0.18429608533874 -0.18429608533874 -0.18429608533874 -0.18429608533874 -0.18429608533874 -0.18429608533874 -0.18429608533874 -0.18429608533874 -0.18429608533874 -0.18429608533874 -0.18429608533874 -0.18429608533874 -0.18429608533874 -0.18429608533874 -0.18429608533874 -0.18429608533874 -0.18429608533874 -0.18429608533874 -0.18429608533874 -0.18429608533874 -0.18429608533874 -0.18429608533874 -0.18429608533874 -0.18429608533874 -0.18429608533874 -0.18429608533874 -0.18429608533874 -0.18429608533874 -0.18429608533874 -0.18429608533874 -0.18429608533874 -0.18429608533874 -0.18429608533874 -0.18429608533874 -0.18429608533874 -0.18429608533874 -0.18429608533874 -0.18429608533874 -0.19226147144294253 -0.18429608533874 -0.18429608533874 -0.18429608533874 -0.18429608533874 -0.18429608533874 -0.18429608533874 -0.16147123547641096 -0.13513891882311518 -0.11180849889651923 -0.11180849889651923 -0.11180849889651923 -0.11180849889651923 -0.12022547463080367 -0.11191416412049114 -0.10706904724982212 -0.10497473627613492 -0.0712523620304382
-0.17058047383464273 -0.17058047383464273 -0.17058047383464273 -0.17058047383464273 -0.17058047383464273 -0.17058047383464273 -0.17058047383464273 -0.17058047383464273 -0.17058047383464273 -0.17058047383464273 -0.17058047383464273 -0.17058047383464273 -0.17058047383464273 -0.17058047383464273 -0.17058047383464273 -0.17058047383464273 -0.17058047383464273 -0.17058047383464273 -0.17058047383464273 -0.17058047383464273 -0.17058047383464273 -0.17058047383464273 -0.17058047383464273 -0.17058047383464273 -0.17058047383464273 -0.17058047383464273 -0.17058047383464273 -0.17058047383464273 -0.17058047383464273 -0.17058047383464273 -0.17058047383464273 -0.17058047383464273 -0.17058047383464273 -0.17058047383464273 -0.17058047383464273 -0.17058047383464273 -0.17058047383464273 -0.17058047383464273 -0.17058047383464273 -0.17058047383464273 -0.17058047383464273 -0.17058047383464273 -0.17058047383464273 -0.17058047383464273 -0.17058047383464273 -0.17058047383464273 -0.17058047383464273 -0.17058047383464273 -0.17058047383464273 -0.17058047383464273 -0.17058047383464273 -0.17058047383464273 -0.17058047383464273 -0.17058047383464273 -0.17058047383464273 -0.17058047383464273 -0.17058047383464273 -0.17058047383464273 -0.17058047383464273 -0.17058047383464273 -0.17058047383464273 -0.17058047383464273 -0.17058047383464273 -0.17058047383464273 -0.17058047383464273 -0.17058047383464273 -0.17058047383464273 -0.17058047383464273 -0.17058047383464273 -0.17058047383464273 -0.17058047383464273 -0.17058047383464273 -0.17058047383464273 -0.17058047383464273 -0.17058047383464273 -0.16147123547641096 -0.13513891882311518 -0.11180849889651923 -0.11180849889651923 -0.11180849889651923 -0.11180849889651923 -0.12022547463080367 -0.11191416412049114 -0.10706904724982212 -0.10497473627613492 -0.0712523620304382
-0.10706904724982212 -0.10706904724982212 -0.10706904724982212 -0.10706904724982212 -0.10706904724982212 -0.10706904724982212 -0.10706904724982212 -0.10706904724982212 -0.10706904724982212 -0.10706904724982212 -0.10706904724982212 -0.10706904724982212 -0.10706904724982212 -0.10706904724982212 -0.10706904724982212 -0.10706904724982212 -0.10706904724982212 -0.10706904724982212 -0.10706904724982212 -0.10706904724982212 -0.10706904724982212 -0.10706904724982212 -0.10706904724982212 -0.10706904724982212 -0.10706904724982212 -0.10706904724982212 -0.10706904724982212 -0.10706904724982212 -0.10706904724982212 -0.10706904724982212 -0.10706904724982212 -0.10706904724982212 -0.10706904724982212 -0.10706904724982212 -0.10706904724982212 -0.10706904724982212 -0.10706904724982212 -0.10706904724982212 -0.10706904724982212 -0.10706904724982212 -0.10706904724982212 -0.10706904724982212 -0.10706904724982212 -0.10706904724982212 -0.10706904724982212 -0.10706904724982212 -0.10706904724982212 -0.10706904724982212 -0.10706904724982212 -0.10706904724982212 -0.10706904724982212 -0.10706904724982212 -0.10706904724982212 -0.10706904724982212 -0.10706904724982212 -0.10706904724982212 -0.10706904724982212 -0.10706904724982212 -0.10706904724982212 -0.10706904724982212 -0.10706904724982212 -0.10706904724982212 -0.10706904724982212 -0.10706904724982212 -0.10706904724982212 -0.10706904724982212 -0.10706904724982212 -0.10706904724982212 -0.10706904724982212 -0.10706904724982212 -0.10706904724982212 -0.10706904724982212 -0.10706904724982212 -0.10706904724982212 -0.10706904724982212 -0.10706904724982212 -0.10706904724982212 -0.10706904724982212 -0.10706904724982212 -0.10706904724982212 -0.10706904724982212 -0.10706904724982212 -0.10706904724982212 -0.10706904724982212 -0.10497473627613492 -0.0712523620304382
-0.10497473627613492 -0.10497473627613492 -0.10497473627613492 -0.10497473627613492 -0.10497473627613492 -0.10497473627613492 -0.10497473627613492 -0.10497473627613492 -0.10497473627613492 -0.10497473627613492 -0.10497473627613492 -0.10497473627613492 -0.10497473627613492 -0.10497473627613492 -0.10497473627613492 -0.10497473627613492 -0.10497473627613492 -0.10497473627613492 -0.10497473627613492 -0.10497473627613492 -0.10497473627613492 -0.10497473627613492 -0.10497473627613492 -0.10497473627613492 -0.10497473627613492 -0.10497473627613492 -0.10497473627613492 -0.10497473627613492 -0.10497473627613492 -0.10497473627613492 -0.10497473627613492 -0.10497473627613492 -0.10497473627613492 -0.10497473627613492 -0.10497473627613492 -0.10497473627613492 -0.10497473627613492 -0.10497473627613492 -0.10497473627613492 -0.10497473627613492 -0.10497473627613492 -0.10497473627613492 -0.10497473627613492 -0.10497473627613492 -0.10497473627613492 -0.10497473627613492 -0.10497473627613492 -0.10497473627613492 -0.10497473627613492 -0.10497473627613492 -0.10497473627613492 -0.10497473627613492 -0.10497473627613492 -0.10497473627613492 -0.10497473627613492 -0.10497473627613492 -0.10497473627613492 -0.10497473627613492 -0.10497473627613492 -0.10497473627613492 -0.10497473627613492 -0.10497473627613492 -0.10497473627613492 -0.10497473627613492 -0.10497473627613492 -0.10497473627613492 -0.10497473627613492 -0.10497473627613492 -0.10497473627613492 -0.10497473627613492 -0.10497473627613492 -0.10497473627613492 -0.10497473627613492 -0.10497473627613492 -0.10497473627613492 -0.10497473627613492 -0.10497473627613492 -0.10497473627613492 -0.10497473627613492 -0.10497473627613492 -0.10497473627613492 -0.10497473627613492 -0.10497473627613492 -0.10497473627613492 -0.10497473627613492 -0.0712523620304382
-0.15901414378681974 -0.15901414378681974 -0.15901414378681974 -0.15901414378681974 -0.15901414378681974 -0.15901414378681974 -0.15901414378681974 -0.15901414378681974 -0.15901414378681974 -0.15901414378681974 -0.15901414378681974 -0.15901414378681974 -0.15901414378681974 -0.15901414378681974 -0.15901414378681974 -0.15901414378681974 -0.15901414378681974 -0.15901414378681974 -0.15901414378681974 -0.15901414378681974 -0.15901414378681974 -0.15901414378681974 -0.15901414378681974 -0.15901414378681974 -0.15901414378681974 -0.15901414378681974 -0.15901414378681974 -0.15901414378681974 -0.15901414378681974 -0.15901414378681974 -0.15901414378681974 -0.15901414378681974 -0.15901414378681974 -0.15901414378681974 -0.15901414378681974 -0.15901414378681974 -0.15901414378681974 -0.15901414378681974 -0.15901414378681974 -0.15901414378681974 -0.15901414378681974 -0.15901414378681974 -0.15901414378681974 -0.15901414378681974 -0.15901414378681974 -0.15901414378681974 -0.15901414378681974 -0.15901414378681974 -0.15901414378681974 -0.15901414378681974 -0.15901414378681974 -0.15901414378681974 -0.15901414378681974 -0.15901414378681974 -0.15901414378681974 -0.15901414378681974 -0.15901414378681974 -0.15901414378681974 -0.15901414378681974 -0.15901414378681974 -0.15901414378681974 -0.15901414378681974 -0.15901414378681974 -0.15901414378681974 -0.15901414378681974 -0.15901414378681974 -0.15901414378681974 -0.15901414378681974 -0.15901414378681974 -0.15901414378681974 -0.15901414378681974 -0.15901414378681974 -0.15901414378681974 -0.15901414378681974 -0.15901414378681974 -0.15901414378681974 -0.13513891882311518 -0.11180849889651923 -0.11180849889651923 -0.11180849889651923 -0.11180849889651923 -0.12022547463080367 -0.11191416412049114 -0.10706904724982212 -0.10497473627613492 -0.0712523620304382
-0.14014103319690552 -0.14014103319690552 -0.14014103319690552 -0.14014103319690552 -0.14014103319690552 -0.14014103319690552 -0.14014103319690552 -0.14014103319690552 -0.14014103319690552 -0.14014103319690552 -0.14014103319690552 -0.14014103319690552 -0.14014103319690552 -0.14014103319690552 -0.14014103319690552 -0.14014103319690552 -0.14014103319690552 -0.14014103319690552 -0.14014103319690552 -0.14014103319690552 -0.14014103319690552 -0.14014103319690552 -0.14014103319690552 -0.14014103319690552 -0.14014103319690552 -0.14014103319690552 -0.14014103319690552 -0.14014103319690552 -0.14014103319690552 -0.14014103319690552 -0.14014103319690552 -0.14014103319690552 -0.14014103319690552 -0.14014103319690552 -0.14014103319690552 -0.14014103319690552 -0.14014103319690552 -0.14014103319690552 -0.14014103319690552 -0.14014103319690552 -0.14014103319690552 -0.14014103319690552 -0.14014103319690552 -0.14014103319690552 -0.14014103319690552 -0.14014103319690552 -0.14014103319690552 -0.14014103319690552 -0.14014103319690552 -0.14014103319690552 -0.14014103319690552 -0.14014103319690552 -0.14014103319690552 -0.14014103319690552 -0.14014103319690552 -0.14014103319690552 -0.14014103319690552 -0.14014103319690552 -0.14014103319690552 -0.14014103319690552 -0.14014103319690552 -0.14014103319690552 -0.14014103319690552 -0.14014103319690552 -0.14014103319690552 -0.14014103319690552 -0.14014103319690552 -0.14014103319690552 -0.14014103319690552 -0.14014103319690552 -0.14014103319690552 -0.14014103319690552 -0.14014103319690552 -0.14014103319690552 -0.14014103319690552 -0.14014103319690552 -0.13513891882311518 -0.11180849889651923 -0.11180849889651923 -0.11180849889651923 -0.11180849889651923 -0.12022547463080367 -0.11191416412049114 -0.10706904724982212 -0.10497473627613492 -0.0712523620304382
-0.13440944645154956 -0.13440944645154956 -0.13440944645154956 -0.13440944645154956 -0.13440944645154956 -0.13440944645154956 -0.13440944645154956 -0.13440944645154956 -0.13440944645154956 -0.13440944645154956 -0.13440944645154956 -0.13440944645154956 -0.13440944645154956 -0.13440944645154956 -0.13440944645154956 -0.13440944645154956 -0.13440944645154956 -0.13440944645154956 -0.13440944645154956 -0.13440944645154956 -0.13440944645154956 -0.13440944645154956 -0.13440944645154956 -0.13440944645154956 -0.13440944645154956 -0.13440944645154956 -0.13440944645154956 -0.13440944645154956 -0.13440944645154956 -0.13440944645154956 -0.13440944645154956 -0.13440944645154956 -0.13440944645154956 -0.13440944645154956 -0.13440944645154956 -0.13440944645154956 -0.13440944645154956 -0.13440944645154956 -0.13440944645154956 -0.13440944645154956 -0.13440944645154956 -0.13440944645154956 -0.13440944645154956 -0.13440944645154956 -0.13440944645154956 -0.13440944645154956 -0.13440944645154956 -0.13440944645154956 -0.13440944645154956 -0.13440944645154956 -0.13440944645154956 -0.13440944645154956 -0.13440944645154956 -0.13440944645154956 -0.13440944645154956 -0.13440944645154956 -0.13440944645154956 -0.13440944645154956 -0.13440944645154956 -0.13440944645154956 -0.13440944645154956 -0.13440944645154956 -0.13440944645154956 -0.13440944645154956 -0.13440944645154956 -0.13440944645154956 -0.13440944645154956 -0.13440944645154956 -0.13440944645154956 -0.13440944645154956 -0.13440944645154956 -0.13440944645154956 -0.13440944645154956 -0.13440944645154956 -0.13440944645154956 -0.13440944645154956 -0.13440944645154956 -0.11180849889651923 -0.11180849889651923 -0.11180849889651923 -0.11180849889651923 -0.12022547463080367 -0.11191416412049114 -0.10706904724982212 -0.10497473627613492 -0.0712523620304382
-0.13405383824552888 -0.13405383824552888 -0.13405383824552888 -0.13405383824552888 -0.13405383824552888 -0.13405383824552888 -0.13405383824552888 -0.13405383824552888 -0.13405383824552888 -0.13405383824552888 -0.13405383824552888 -0.13405383824552888 -0.13405383824552888 -0.13405383824552888 -0.13405383824552888 -0.13405383824552888 -0.13405383824552888 -0.13405383824552888 -0.13405383824552888 -0.13405383824552888 -0.13405383824552888 -0.13405383824552888 -0.13405383824552888 -0.13405383824552888 -0.13405383824552888 -0.13405383824552888 -0.13405383824552888 -0.13405383824552888 -0.13405383824552888 -0.13405383824552888 -0.13405383824552888 -0.13405383824552888 -0.13405383824552888 -0.13405383824552888 -0.13405383824552888 -0.13405383824552888 -0.13405383824552888 -0.13405383824552888 -0.13405383824552888 -0.13405383824552888 -0.13405383824552888 -0.13405383824552888 -0.13405383824552888 -0.13405383824552888 -0.13405383824552888 -0.13405383824552888 -0.13405383824552888 -0.13405383824552888 -0.13405383824552888 -0.13405383824552888 -0.13405383824552888 -0.13405383824552888 -0.13405383824552888 -0.13405383824552888 -0.13405383824552888 -0.13405383824552888 -0.13405383824552888 -0.13405383824552888 -0.13405383824552888 -0.13405383824552888 -0.13405383824552888 -0.13405383824552888 -0.13405383824552888 -0.13405383824552888 -0.13405383824552888 -0.13405383824552888 -0.13405383824552888 -0.13405383824552888 -0.13405383824552888 -0.13405383824552888 -0.13405383824552888 -0.13405383824552888 -0.13405383824552888 -0.13405383824552888 -0.13405383824552888 -0.13405383824552888 -0.13405383824552888 -0.11180849889651923 -0.11180849889651923 -0.11180849889651923 -0.11180849889651923 -0.12022547463080367 -0.11191416412049114 -0.10706904724982212 -0.10497473627613492 -0.0712523620304382
-0.13319238691963664 -0.13319238691963664 -0.13319238691963664 -0.13319238691963664 -0.13319238691963664 -0.13319238691963664 -0.13319238691963664 -0.13319238691963664 -0.13319238691963664 -0.13319238691963664 -0.13319238691963664 -0.13319238691963664 -0.13319238691963664 -0.13319238691963664 -0.13319238691963664 -0.13319238691963664 -0.13319238691963664 -0.13319238691963664 -0.13319238691963664 -0.13319238691963664 -0.13319238691963664 -0.13319238691963664 -0.13319238691963664 -0.13319238691963664 -0.13319238691963664 -0.13319238691963664 -0.13319238691963664 -0.13319238691963664 -0.13319238691963664 -0.13319238691963664 -0.13319238691963664 -0.13319238691963664 -0.13319238691963664 -0.13319238691963664 -0.13319238691963664 -0.13319238691963664 -0.13319238691963664 -0.13319238691963664 -0.13319238691963664 -0.13319238691963664 -0.13319238691963664 -0.13319238691963664 -0.13319238691963664 -0.13319238691963664 -0.13319238691963664 -0.13319238691963664 -0.13319238691963664 -0.13319238691963664 -0.13319238691963664 -0.13319238691963664 -0.13319238691963664 -0.13319238691963664 -0.13319238691963664 -0.13319238691963664 -0.13319238691963664 -0.13319238691963664 -0.13319238691963664 -0.13319238691963664 -0.13319238691963664 -0.13319238691963664 -0.13319238691963664 -0.13319238691963664 -0.13319238691963664 -0.13319238691963664 -0.13319238691963664 -0.13319238691963664 -0.13319238691963664 -0.13319238691963664 -0.13319238691963664 -0.13319238691963664 -0.13319238691963664 -0.13319238691963664 -0.13319238691963664 -0.13319238691963664 -0.13319238691963664 -0.13319238691963664 -0.13319238691963664 -0.11180849889651923 -0.11180849889651923 -0.11180849889651923 -0.11180849889651923 -0.12022547463080367 -0.11191416412049114 -0.10706904724982212 -0.10497473627613492 -0.0712523620304382
-0.10497473627613492 -0.10497473627613492 -0.10497473627613492 -0.10497473627613492 -0.10497473627613492 -0.10497473627613492 -0.10497473627613492 -0.10497473627613492 -0.10497473627613492 -0.10497473627613492 -0.10497473627613492 -0.10497473627613492 -0.10497473627613492 -0.10497473627613492 -0.10497473627613492 -0.10497473627613492 -0.10497473627613492 -0.10497473627613492 -0.10497473627613492 -0.10497473627613492 -0.10497473627613492 -0.10497473627613492 -0.10497473627613492 -0.10497473627613492 -0.10497473627613492 -0.10497473627613492 -0.10497473627613492 -0.10497473627613492 -0.10497473627613492 -0.10497473627613492 -0.10497473627613492 -0.10497473627613492 -0.10497473627613492 -0.10497473627613492 -0.10497473627613492 -0.10497473627613492 -0.10497473627613492 -0.10497473627613492 -0.10497473627613492 -0.10497473627613492 -0.10497473627613492 -0.10497473627613492 -0.10497473627613492 -0.10497473627613492 -0.10497473627613492 -0.10497473627613492 -0.10497473627613492 -0.10497473627613492 -0.10497473627613492 -0.10497473627613492 -0.10497473627613492 -0.10497473627613492 -0.10497473627613492 -0.10497473627613492 -0.10497473627613492 -0.10497473627613492 -0.10497473627613492 -0.10497473627613492 -0.10497473627613492 -0.10497473627613492 -0.10497473627613492 -0.10497473627613492 -0.10497473627613492 -0.10497473627613492 -0.10497473627613492 -0.10497473627613492 -0.10497473627613492 -0.10497473627613492 -0.10497473627613492 -0.10497473627613492 -0.10497473627613492 -0.10497473627613492 -0.10497473627613492 -0.10497473627613492 -0.10497473627613492 -0.10497473627613492 -0.10497473627613492 -0.10497473627613492 -0.10497473627613492 -0.10497473627613492 -0.10497473627613492 -0.10497473627613492 -0.10497473627613492 -0.10497473627613492 -0.10497473627613492 -0.0712523620304382
-0.0712523620304382 -0.0712523620304382 -0.0712523620304382 -0.0712523620304382 -0.0712523620304382 -0.0712523620304382 -0.0712523620304382 -0.0712523620304382 -0.0712523620304382 -0.0712523620304382 -0.0712523620304382 -0.0712523620304382 -0.0712523620304382 -0.0712523620304382 -0.0712523620304382 -0.0712523620304382 -0.0712523620304382 -0.0712523620304382 -0.0712523620304382 -0.0712523620304382 -0.0712523620304382 -0.0712523620304382 -0.0712523620304382 -0.0712523620304382 -0.0712523620304382 -0.0712523620304382 -0.0712523620304382 -0.0712523620304382 -0.0712523620304382 -0.0712523620304382 -0.0712523620304382 -0.0712523620304382 -0.0712523620304382 -0.0712523620304382 -0.0712523620304382 -0.0712523620304382 -0.0712523620304382 -0.0712523620304382 -0.0712523620304382 -0.0712523620304382 -0.0712523620304382 -0.0712523620304382 -0.0712523620304382 -0.0712523620304382 -0.0712523620304382 -0.0712523620304382 -0.0712523620304382 -0.0712523620304382 -0.0712523620304382 -0.0712523620304382 -0.0712523620304382 -0.0712523620304382 -0.0712523620304382 -0.0712523620304382 -0.0712523620304382 -0.0712523620304382 -0.0712523620304382 -0.0712523620304382 -0.0712523620304382 -0.0712523620304382 -0.0712523620304382 -0.0712523620304382 -0.0712523620304382 -0.0712523620304382 -0.0712523620304382 -0.0712523620304382 -0.0712523620304382 -0.0712523620304382 -0.0712523620304382 -0.0712523620304382 -0.0712523620304382 -0.0712523620304382 -0.0712523620304382 -0.0712523620304382 -0.0712523620304382 -0.0712523620304382 -0.0712523620304382 -0.0712523620304382 -0.0712523620304382 -0.0712523620304382 -0.0712523620304382 -0.0712523620304382 -0.0712523620304382 -0.0712523620304382 -0.0712523620304382 -0.0712523620304382
-0.12491351319684428 -0.12491351319684428 -0.12491351319684428 -0.12491351319684428 -0.12491351319684428 -0.12491351319684428 -0.12491351319684428 -0.12491351319684428 -0.12491351319684428 -0.12491351319684428 -0.12491351319684428 -0.12491351319684428 -0.12491351319684428 -0.12491351319684428 -0.12491351319684428 -0.12491351319684428 -0.12491351319684428 -0.12491351319684428 -0.12491351319684428 -0.12491351319684428 -0.12491351319684428 -0.12491351319684428 -0.12491351319684428 -0.12491351319684428 -0.12491351319684428 -0.12491351319684428 -0.12491351319684428 -0.12491351319684428 -0.12491351319684428 -0.12491351319684428 -0.12491351319684428 -0.12491351319684428 -0.12491351319684428 -0.12491351319684428 -0.12491351319684428 -0.12491351319684428 -0.12491351319684428 -0.12491351319684428 -0.12491351319684428 -0.12491351319684428 -0.12491351319684428 -0.12491351319684428 -0.12491351319684428 -0.12491351319684428 -0.12491351319684428 -0.12491351319684428 -0.12491351319684428 -0.12491351319684428 -0.12491351319684428 -0.12491351319684428 -0.12491351319684428 -0.12491351319684428 -0.12491351319684428 -0.12491351319684428 -0.12491351319684428 -0.12491351319684428 -0.12491351319684428 -0.12491351319684428 -0.12491351319684428 -0.12491351319684428 -0.12491351319684428 -0.12491351319684428 -0.12491351319684428 -0.12491351319684428 -0.12491351319684428 -0.12491351319684428 -0.12491351319684428 -0.12491351319684428 -0.12491351319684428 -0.12491351319684428 -0.12491351319684428 -0.12491351319684428 -0.12491351319684428 -0.12491351319684428 -0.12491351319684428 -0.12491351319684428 -0.12491351319684428 -0.11180849889651923 -0.11180849889651923 -0.11180849889651923 -0.11180849889651923 -0.12022547463080367 -0.11191416412049114 -0.10706904724982212 -0.10497473627613492 -0.0712523620304382
-0.12022547463080367 -0.12022547463080367 -0.12022547463080367 -0.12022547463080367 -0.12022547463080367 -0.12022547463080367 -0.12022547463080367 -0.12022547463080367 -0.12022547463080367 -0.12022547463080367 -0.12022547463080367 -0.12022547463080367 -0.12022547463080367 -0.12022547463080367 -0.12022547463080367 -0.12022547463080367 -0.12022547463080367 -0.12022547463080367 -0.12022547463080367 -0.12022547463080367 -0.12022547463080367 -0.12022547463080367 -0.12022547463080367 -0.12022547463080367 -0.12022547463080367 -0.12022547463080367 -0.12022547463080367 -0.12022547463080367 -0.12022547463080367 -0.12022547463080367 -0.12022547463080367 -0.12022547463080367 -0.12022547463080367 -0.12022547463080367 -0.12022547463080367 -0.12022547463080367 -0.12022547463080367 -0.12022547463080367 -0.12022547463080367 -0.12022547463080367 -0.12022547463080367 -0.12022547463080367 -0.12022547463080367 -0.12022547463080367 -0.12022547463080367 -0.12022547463080367 -0.12022547463080367 -0.12022547463080367 -0.12022547463080367 -0.12022547463080367 -0.12022547463080367 -0.12022547463080367 -0.12022547463080367 -0.12022547463080367 -0.12022547463080367 -0.12022547463080367 -0.12022547463080367 -0.12022547463080367 -0.12022547463080367 -0.12022547463080367 -0.12022547463080367 -0.12022547463080367 -0.12022547463080367 -0.12022547463080367 -0.12022547463080367 -0.12022547463080367 -0.12022547463080367 -0.12022547463080367 -0.12022547463080367 -0.12022547463080367 -0.12022547463080367 -0.12022547463080367 -0.12022547463080367 -0.12022547463080367 -0.12022547463080367 -0.12022547463080367 -0.12022547463080367 -0.11180849889651923 -0.11180849889651923 -0.11180849889651923 -0.11180849889651923 -0.12022547463080367 -0.11191416412049114 -0.10706904724982212 -0.10497473627613492 -0.0712523620304382
-0.10497473627613492 -0.10497473627613492 -0.10497473627613492 -0.10497473627613492 -0.10497473627613492 -0.10497473627613492 -0.10497473627613492 -0.10497473627613492 -0.10497473627613492 -0.10497473627613492 -0.10497473627613492 -0.10497473627613492 -0.10497473627613492 -0.10497473627613492 -0.10497473627613492 -0.10497473627613492 -0.10497473627613492 -0.10497473627613492 -0.10497473627613492 -0.10497473627613492 -0.10497473627613492 -0.10497473627613492 -0.10497473627613492 -0.10497473627613492 -0.10497473627613492 -0.10497473627613492 -0.10497473627613492 -0.10497473627613492 -0.10497473627613492 -0.10497473627613492 -0.10497473627613492 -0.10497473627613492 -0.10497473627613492 -0.10497473627613492 -0.10497473627613492 -0.10497473627613492 -0.10497473627613492 -0.10497473627613492 -0.10497473627613492 -0.10497473627613492 -0.10497473627613492 -0.10497473627613492 -0.10497473627613492 -0.10497473627613492 -0.10497473627613492 -0.10497473627613492 -0.10497473627613492 -0.10497473627613492 -0.10497473627613492 -0.10497473627613492 -0.10497473627613492 -0.10497473627613492 -0.10497473627613492 -0.10497473627613492 -0.10497473627613492 -0.10497473627613492 -0.10497473627613492 -0.10497473627613492 -0.10497473627613492 -0.10497473627613492 -0.10497473627613492 -0.10497473627613492 -0.10497473627613492 -0.10497473627613492 -0.10497473627613492 -0.10497473627613492 -0.10497473627613492 -0.10497473627613492 -0.10497473627613492 -0.10497473627613492 -0.10497473627613492 -0.10497473627613492 -0.10497473627613492 -0.10497473627613492 -0.10497473627613492 -0.10497473627613492 -0.10497473627613492 -0.10497473627613492 -0.10497473627613492 -0.10497473627613492 -0.10497473627613492 -0.10497473627613492 -0.10497473627613492 -0.10497473627613492 -0.10497473627613492 -0.0712523620304382
-0.10497473627613492 -0.10497473627613492 -0.10497473627613492 -0.10497473627613492 -0.10497473627613492 -0.10497473627613492 -0.10497473627613492 -0.10497473627613492 -0.10497473627613492 -0.10497473627613492 -0.10497473627613492 -0.10497473627613492 -0.10497473627613492 -0.10497473627613492 -0.10497473627613492 -0.10497473627613492 -0.10497473627613492 -0.10497473627613492 -0.10497473627613492 -0.10497473627613492 -0.10497473627613492 -0.10497473627613492 -0.10497473627613492 -0.10497473627613492 -0.10497473627613492 -0.10497473627613492 -0.10497473627613492 -0.10497473627613492 -0.10497473627613492 -0.10497473627613492 -0.10497473627613492 -0.10497473627613492 -0.10497473627613492 -0.10497473627613492 -0.10497473627613492 -0.10497473627613492 -0.10497473627613492 -0.10497473627613492 -0.10497473627613492 -0.10497473627613492 -0.10497473627613492 -0.10497473627613492 -0.10497473627613492 -0.10497473627613492 -0.10497473627613492 -0.10497473627613492 -0.10497473627613492 -0.10497473627613492 -0.10497473627613492 -0.10497473627613492 -0.10497473627613492 -0.10497473627613492 -0.10497473627613492 -0.10497473627613492 -0.10497473627613492 -0.10497473627613492 -0.10497473627613492 -0.10497473627613492 -0.10497473627613492 -0.10497473627613492 -0.10497473627613492 -0.10497473627613492 -0.10497473627613492 -0.10497473627613492 -0.10497473627613492 -0.10497473627613492 -0.10497473627613492 -0.10497473627613492 -0.10497473627613492 -0.10497473627613492 -0.10497473627613492 -0.10497473627613492 -0.10497473627613492 -0.10497473627613492 -0.10497473627613492 -0.10497473627613492 -0.10497473627613492 -0.10497473627613492 -0.10497473627613492 -0.10497473627613492 -0.10497473627613492 -0.10497473627613492 -0.10497473627613492 -0.10497473627613492 -0.10497473627613492 -0.0712523620304382
-0.10895447173504265 -0.10895447173504265 -0.10895447173504265 -0.10895447173504265 -0.10895447173504265 -0.10895447173504265 -0.10895447173504265 -0.10895447173504265 -0.10895447173504265 -0.10895447173504265 -0.10895447173504265 -0.10895447173504265 -0.10895447173504265 -0.10895447173504265 -0.10895447173504265 -0.10895447173504265 -0.10895447173504265 -0.10895447173504265 -0.10895447173504265 -0.10895447173504265 -0.10895447173504265 -0.10895447173504265 -0.10895447173504265 -0.10895447173504265 -0.10895447173504265 -0.10895447173504265 -0.10895447173504265 -0.10895447173504265 -0.10895447173504265 -0.10895447173504265 -0.10895447173504265 -0.10895447173504265 -0.10895447173504265 -0.10895447173504265 -0.10895447173504265 -0.10895447173504265 -0.10895447173504265 -0.10895447173504265 -0.10895447173504265 -0.10895447173504265 -0.10895447173504265 -0.10895447173504265 -0.10895447173504265 -0.10895447173504265 -0.10895447173504265 -0.10895447173504265 -0.10895447173504265 -0.10895447173504265 -0.10895447173504265 -0.10895447173504265 -0.10895447173504265 -0.10895447173504265 -0.10895447173504265 -0.10895447173504265 -0.10895447173504265 -0.10895447173504265 -0.10895447173504265 -0.10895447173504265 -0.10895447173504265 -0.10895447173504265 -0.10895447173504265 -0.10895447173504265 -0.10895447173504265 -0.10895447173504265 -0.10895447173504265 -0.10895447173504265 -0.10895447173504265 -0.10895447173504265 -0.10895447173504265 -0.10895447173504265 -0.10895447173504265 -0.10895447173504265 -0.10895447173504265 -0.10895447173504265 -0.10895447173504265 -0.10895447173504265 -0.10895447173504265 -0.10895447173504265 -0.10895447173504265 -0.10895447173504265 -0.10895447173504265 -0.10895447173504265 -0.10895447173504265 -0.10706904724982212 -0.10497473627613492 -0.0712523620304382
-0.10497473627613492 -0.10497473627613492 -0.10497473627613492 -0.10497473627613492 -0.10497473627613492 -0.10497473627613492 -0.10497473627613492 -0.10497473627613492 -0.10497473627613492 -0.10497473627613492 -0.10497473627613492 -0.10497473627613492 -0.10497473627613492 -0.10497473627613492 -0.10497473627613492 -0.10497473627613492 -0.10497473627613492 -0.10497473627613492 -0.10497473627613492 -0.10497473627613492 -0.10497473627613492 -0.10497473627613492 -0.10497473627613492 -0.10497473627613492 -0.10497473627613492 -0.10497473627613492 -0.10497473627613492 -0.10497473627613492 -0.10497473627613492 -0.10497473627613492 -0.10497473627613492 -0.10497473627613492 -0.10497473627613492 -0.10497473627613492 -0.10497473627613492 -0.10497473627613492 -0.10497473627613492 -0.10497473627613492 -0.10497473627613492 -0.10497473627613492 -0.10497473627613492 -0.10497473627613492 -0.10497473627613492 -0.10497473627613492 -0.10497473627613492 -0.10497473627613492 -0.10497473627613492 -0.10497473627613492 -0.10497473627613492 -0.10497473627613492 -0.10497473627613492 -0.10497473627613492 -0.10497473627613492 -0.10497473627613492 -0.10497473627613492 -0.10497473627613492 -0.10497473627613492 -0.10497473627613492 -0.10497473627613492 -0.10497473627613492 -0.10497473627613492 -0.10497473627613492 -0.10497473627613492 -0.10497473627613492 -0.10497473627613492 -0.10497473627613492 -0.10497473627613492 -0.10497473627613492 -0.10497473627613492 -0.10497473627613492 -0.10497473627613492 -0.10497473627613492 -0.10497473627613492 -0.10497473627613492 -0.10497473627613492 -0.10497473627613492 -0.10497473627613492 -0.10497473627613492 -0.10497473627613492 -0.10497473627613492 -0.10497473627613492 -0.10497473627613492 -0.10497473627613492 -0.10497473627613492 -0.10497473627613492 -0.0712523620304382
-0.10497473627613492 -0.10497473627613492 -0.10497473627613492 -0.10497473627613492 -0.10497473627613492 -0.10497473627613492 -0.10497473627613492 -0.10497473627613492 -0.10497473627613492 -0.10497473627613492 -0.10497473627613492 -0.10497473627613492 -0.10497473627613492 -0.10497473627613492 -0.10497473627613492 -0.10497473627613492 -0.10497473627613492 -0.10497473627613492 -0.10497473627613492 -0.10497473627613492 -0.10497473627613492 -0.10497473627613492 -0.10497473627613492 -0.10497473627613492 -0.10497473627613492 -0.10497473627613492 -0.10497473627613492 -0.10497473627613492 -0.10497473627613492 -0.10497473627613492 -0.10497473627613492 -0.10497473627613492 -0.10497473627613492 -0.10497473627613492 -0.10497473627613492 -0.10497473627613492 -0.10497473627613492 -0.10497473627613492 -0.10497473627613492 -0.10497473627613492 -0.10497473627613492 -0.10497473627613492 -0.10497473627613492 -0.10497473627613492 -0.10497473627613492 -0.10497473627613492 -0.10497473627613492 -0.10497473627613492 -0.10497473627613492 -0.10497473627613492 -0.10497473627613492 -0.10497473627613492 -0.10497473627613492 -0.10497473627613492 -0.10497473627613492 -0.10497473627613492 -0.10497473627613492 -0.10497473627613492 -0.10497473627613492 -0.10497473627613492 -0.10497473627613492 -0.10497473627613492 -0.10497473627613492 -0.10497473627613492 -0.10497473627613492 -0.10497473627613492 -0.10497473627613492 -0.10497473627613492 -0.10497473627613492 -0.10497473627613492 -0.10497473627613492 -0.10497473627613492 -0.10497473627613492 -0.10497473627613492 -0.10497473627613492 -0.10497473627613492 -0.10497473627613492 -0.10497473627613492 -0.10497473627613492 -0.10497473627613492 -0.10497473627613492 -0.10497473627613492 -0.10497473627613492 -0.10497473627613492 -0.10497473627613492 -0.0712523620304382
-0.0933818513977053 -0.0933818513977053 -0.0933818513977053 -0.0933818513977053 -0.0933818513977053 -0.0933818513977053 -0.0933818513977053 -0.0933818513977053 -0.0933818513977053 -0.0933818513977053 -0.0933818513977053 -0.0933818513977053 -0.0933818513977053 -0.0933818513977053 -0.0933818513977053 -0.0933818513977053 -0.0933818513977053 -0.0933818513977053 -0.0933818513977053 -0.0933818513977053 -0.0933818513977053 -0.0933818513977053 -0.0933818513977053 -0.0933818513977053 -0.0933818513977053 -0.0933818513977053 -0.0933818513977053 -0.0933818513977053 -0.0933818513977053 -0.0933818513977053 -0.0933818513977053 -0.0933818513977053 -0.0933818513977053 -0.0933818513977053 -0.0933818513977053 -0.0933818513977053 -0.0933818513977053 -0.0933818513977053 -0.0933818513977053 -0.0933818513977053 -0.0933818513977053 -0.0933818513977053 -0.0933818513977053 -0.0933818513977053 -0.0933818513977053 -0.0933818513977053 -0.0933818513977053 -0.0933818513977053 -0.0933818513977053 -0.0933818513977053 -0.0933818513977053 -0.0933818513977053 -0.0933818513977053 -0.0933818513977053 -0.0933818513977053 -0.0933818513977053 -0.0933818513977053 -0.0933818513977053 -0.0933818513977053 -0.0933818513977053 -0.0933818513977053 -0.0933818513977053 -0.0933818513977053 -0.0933818513977053 -0.0933818513977053 -0.0933818513977053 -0.0933818513977053 -0.0933818513977053 -0.0933818513977053 -0.0933818513977053 -0.0933818513977053 -0.0933818513977053 -0.0933818513977053 -0.0933818513977053 -0.0933818513977053 -0.0933818513977053 -0.0933818513977053 -0.0933818513977053 -0.0933818513977053 -0.0933818513977053 -0.0933818513977053 -0.0933818513977053 -0.0933818513977053 -0.0933818513977053 -0.0933818513977053 -0.0712523620304382
-0.0302349228089525 -0.0302349228089525 -0.0302349228089525 -0.0302349228089525 -0.0302349228089525 -0.0302349228089525 -0.0302349228089525 -0.0302349228089525 -0.0302349228089525 -0.0302349228089525 -0.0302349228089525 -0.0302349228089525 -0.0302349228089525 -0.0302349228089525 -0.0302349228089525 -0.0302349228089525 -0.0302349228089525 -0.0302349228089525 -0.0302349228089525 -0.0302349228089525 -0.0302349228089525 -0.0302349228089525 -0.0302349228089525 -0.0302349228089525 -0.0302349228089525 -0.0302349228089525 -0.0302349228089525 -0.0302349228089525 -0.0302349228089525 -0.0302349228089525 -0.0302349228089525 -0.0302349228089525 -0.0302349228089525 -0.0302349228089525 -0.0302349228089525 -0.0302349228089525 -0.0302349228089525 -0.0302349228089525 -0.0302349228089525 -0.0302349228089525 -0.0302349228089525 -0.0302349228089525 -0.0302349228089525 -0.0302349228089525 -0.0302349228089525 -0.0302349228089525 -0.0302349228089525 -0.0302349228089525 -0.0302349228089525 -0.0302349228089525 -0.0302349228089525 -0.0302349228089525 -0.0302349228089525 -0.0302349228089525 -0.0302349228089525 -0.0302349228089525 -0.0302349228089525 -0.0302349228089525 -0.0302349228089525 -0.0302349228089525 -0.0302349228089525 -0.0302349228089525 -0.0302349228089525 -0.0302349228089525 -0.0302349228089525 -0.0302349228089525 -0.0302349228089525 -0.0302349228089525 -0.0302349228089525 -0.0302349228089525 -0.0302349228089525 -0.0302349228089525 -0.0302349228089525 -0.0302349228089525 -0.0302349228089525 -0.0302349228089525 -0.0302349228089525 -0.0302349228089525 -0.0302349228089525 -0.0302349228089525 -0.0302349228089525 -0.0302349228089525 -0.0302349228089525 -0.0302349228089525 -0.0302349228089525 -0.0302349228089525
-0.030106630536856086 -0.030106630536856086 -0.030106630536856086 -0.030106630536856086 -0.030106630536856086 -0.030106630536856086 -0.030106630536856086 -0.030106630536856086 -0.030106630536856086 -0.030106630536856086 -0.030106630536856086 -0.030106630536856086 -0.030106630536856086 -0.030106630536856086 -0.030106630536856086 -0.030106630536856086 -0.030106630536856086 -0.030106630536856086 -0.030106630536856086 -0.030106630536856086 -0.030106630536856086 -0.030106630536856086 -0.030106630536856086 -0.030106630536856086 -0.030106630536856086 -0.030106630536856086 -0.030106630536856086 -0.030106630536856086 -0.030106630536856086 -0.030106630536856086 -0.030106630536856086 -0.030106630536856086 -0.030106630536856086 -0.030106630536856086 -0.030106630536856086 -0.030106630536856086 -0.030106630536856086 -0.030106630536856086 -0.030106630536856086 -0.030106630536856086 -0.030106630536856086 -0.030106630536856086 -0.030106630536856086 -0.030106630536856086 -0.030106630536856086 -0.030106630536856086 -0.030106630536856086 -0.030106630536856086 -0.030106630536856086 -0.030106630536856086 -0.030106630536856086 -0.030106630536856086 -0.030106630536856086 -0.030106630536856086 -0.030106630536856086 -0.030106630536856086 -0.030106630536856086 -0.030106630536856086 -0.030106630536856086 -0.030106630536856086 -0.030106630536856086 -0.030106630536856086 -0.030106630536856086 -0.030106630536856086 -0.030106630536856086 -0.030106630536856086 -0.030106630536856086 -0.030106630536856086 -0.030106630536856086 -0.030106630536856086 -0.030106630536856086 -0.030106630536856086 -0.030106630536856086 -0.030106630536856086 -0.030106630536856086 -0.030106630536856086 -0.030106630536856086 -0.030106630536856086 -0.030106630536856086 -0.030106630536856086 -0.030106630536856086 -0.030106630536856086 -0.030106630536856086 -0.030106630536856086 -0.030106630536856086 -0.030106630536856086