-0.2848952819809878 -0.2193623217286479 -0.2848952819809878 -0.2848952819809878 -0.2848952819809878 -0.2848952819809878 -0.2848952819809878 -0.2848952819809878 -0.2848952819809878 -0.2848952819809878 -0.2848952819809878 -0.2848952819809878 -0.2848952819809878 -0.2848952819809878 -0.2848952819809878 -0.2848952819809878 -0.2848952819809878 -0.2848952819809878 -0.2848952819809878 -0.2848952819809878 -0.2848952819809878 -0.2848952819809878 -0.2848952819809878 -0.2848952819809878 -0.2848952819809878 -0.2848952819809878 -0.2848952819809878 -0.2848952819809878 -0.2848952819809878 -0.2848952819809878 -0.2848952819809878 -0.2848952819809878 -0.2848952819809878 -0.2848952819809878 -0.2848952819809878 -0.2848952819809878 -0.2848952819809878 -0.2848952819809878 -0.22365890375869257 -0.2242536160842369 -0.22365890375869257 -0.2242536160842369 -0.2848952819809878 -0.2848952819809878 -0.22365890375869257 -0.2242536160842369 -0.2242536160842369 -0.22365890375869257 -0.2848952819809878 -0.2848952819809878 -0.22365890375869257 -0.2242536160842369 -0.27005890295416307 -0.2848952819809878 -0.2848952819809878 -0.2848952819809878 -0.2848952819809878 -0.2193623217286479 -0.2848952819809878 -0.2193623217286479 -0.2193623217286479 -0.2848952819809878 -0.27310196318611324 -0.22365890375869257 -0.2242536160842369 -0.22365890375869257 -0.27728833812697506 -0.275001067744771 -0.27728833812697506 -0.27728833812697506 -0.24608350123410716 -0.24608350123410716 -0.24608350123410716 -0.24608350123410716 -0.24608350123410716 -0.24608350123410716 -0.24608350123410716 -0.24608350123410716 -0.2533354382360858 -0.24060642835879015 -0.24128929685859066 -0.23416617697624637 -0.21120511551064294 -0.17878673222920366 -0.20307828980346065 -0.19190623139777044 -0.15342730792101933 -0.12665588461770977 -0.12665588461770977 -0.12665588461770977 -0.12804132297459625 -0.10793597280673287 -0.06264961289990426
-0.30437866871025687 -0.2193623217286479 -0.30437866871025687 -0.30437866871025687 -0.30437866871025687 -0.30437866871025687 -0.30437866871025687 -0.30437866871025687 -0.30437866871025687 -0.30437866871025687 -0.30437866871025687 -0.30437866871025687 -0.30437866871025687 -0.30437866871025687 -0.30437866871025687 -0.30437866871025687 -0.30437866871025687 -0.30437866871025687 -0.30437866871025687 -0.30437866871025687 -0.30437866871025687 -0.30437866871025687 -0.30437866871025687 -0.30437866871025687 -0.30437866871025687 -0.30437866871025687 -0.30437866871025687 -0.30437866871025687 -0.30437866871025687 -0.30437866871025687 -0.30437866871025687 -0.30437866871025687 -0.30437866871025687 -0.30437866871025687 -0.30437866871025687 -0.30437866871025687 -0.30437866871025687 -0.30437866871025687 -0.22365890375869257 -0.2242536160842369 -0.22365890375869257 -0.2242536160842369 -0.30437866871025687 -0.30437866871025687 -0.22365890375869257 -0.2242536160842369 -0.2242536160842369 -0.22365890375869257 -0.30437866871025687 -0.30437866871025687 -0.22365890375869257 -0.2242536160842369 -0.27005890295416307 -0.2848952819809878 -0.2848952819809878 -0.30437866871025687 -0.2848952819809878 -0.2193623217286479 -0.29739806179248135 -0.2193623217286479 -0.2193623217286479 -0.28814647446065556 -0.27310196318611324 -0.22365890375869257 -0.2242536160842369 -0.22365890375869257 -0.27728833812697506 -0.275001067744771 -0.27728833812697506 -0.27728833812697506 -0.24608350123410716 -0.24608350123410716 -0.24608350123410716 -0.24608350123410716 -0.24608350123410716 -0.24608350123410716 -0.24608350123410716 -0.24608350123410716 -0.2533354382360858 -0.24060642835879015 -0.24128929685859066 -0.23416617697624637 -0.21120511551064294 -0.17878673222920366 -0.20307828980346065 -0.19190623139777044 -0.15342730792101933 -0.12665588461770977 -0.12665588461770977 -0.12665588461770977 -0.12804132297459625 -0.10793597280673287 -0.06264961289990426
-0.27005890295416307 -0.2193623217286479 -0.27005890295416307 -0.27005890295416307 -0.27005890295416307 -0.27005890295416307 -0.27005890295416307 -0.27005890295416307 -0.27005890295416307 -0.27005890295416307 -0.27005890295416307 -0.27005890295416307 -0.27005890295416307 -0.27005890295416307 -0.27005890295416307 -0.27005890295416307 -0.27005890295416307 -0.27005890295416307 -0.27005890295416307 -0.27005890295416307 -0.27005890295416307 -0.27005890295416307 -0.27005890295416307 -0.27005890295416307 -0.27005890295416307 -0.27005890295416307 -0.27005890295416307 -0.27005890295416307 -0.27005890295416307 -0.27005890295416307 -0.27005890295416307 -0.27005890295416307 -0.27005890295416307 -0.27005890295416307 -0.27005890295416307 -0.27005890295416307 -0.27005890295416307 -0.27005890295416307 -0.22365890375869257 -0.2242536160842369 -0.22365890375869257 -0.2242536160842369 -0.27005890295416307 -0.27005890295416307 -0.22365890375869257 -0.2242536160842369 -0.2242536160842369 -0.22365890375869257 -0.27005890295416307 -0.27005890295416307 -0.22365890375869257 -0.2242536160842369 -0.27005890295416307 -0.27005890295416307 -0.27005890295416307 -0.27005890295416307 -0.27005890295416307 -0.2193623217286479 -0.27005890295416307 -0.2193623217286479 -0.2193623217286479 -0.27005890295416307 -0.27005890295416307 -0.22365890375869257 -0.2242536160842369 -0.22365890375869257 -0.27005890295416307 -0.27005890295416307 -0.27005890295416307 -0.27005890295416307 -0.24608350123410716 -0.24608350123410716 -0.24608350123410716 -0.24608350123410716 -0.24608350123410716 -0.24608350123410716 -0.24608350123410716 -0.24608350123410716 -0.2533354382360858 -0.24060642835879015 -0.24128929685859066 -0.23416617697624637 -0.21120511551064294 -0.17878673222920366 -0.20307828980346065 -0.19190623139777044 -0.15342730792101933 -0.12665588461770977 -0.12665588461770977 -0.12665588461770977 -0.12804132297459625 -0.10793597280673287 -0.06264961289990426
-0.3383453790153704 -0.2193623217286479 -0.3383453790153704 -0.3383453790153704 -0.3383453790153704 -0.3383453790153704 -0.3383453790153704 -0.3383453790153704 -0.3383453790153704 -0.3383453790153704 -0.3383453790153704 -0.3383453790153704 -0.3383453790153704 -0.3383453790153704 -0.3383453790153704 -0.3383453790153704 -0.3383453790153704 -0.3383453790153704 -0.3383453790153704 -0.3383453790153704 -0.3383453790153704 -0.3383453790153704 -0.3383453790153704 -0.3383453790153704 -0.3383453790153704 -0.3383453790153704 -0.3383453790153704 -0.3383453790153704 -0.3383453790153704 -0.3383453790153704 -0.3383453790153704 -0.3383453790153704 -0.3383453790153704 -0.3383453790153704 -0.3383453790153704 -0.3383453790153704 -0.3383453790153704 -0.3383453790153704 -0.22365890375869257 -0.2242536160842369 -0.22365890375869257 -0.2242536160842369 -0.3383453790153704 -0.3383453790153704 -0.22365890375869257 -0.2242536160842369 -0.2242536160842369 -0.22365890375869257 -0.3383453790153704 -0.3383453790153704 -0.22365890375869257 -0.2242536160842369 -0.27005890295416307 -0.2848952819809878 -0.2848952819809878 -0.30437866871025687 -0.2848952819809878 -0.2193623217286479 -0.29739806179248135 -0.2193623217286479 -0.2193623217286479 -0.28814647446065556 -0.27310196318611324 -0.22365890375869257 -0.2242536160842369 -0.22365890375869257 -0.27728833812697506 -0.275001067744771 -0.27728833812697506 -0.27728833812697506 -0.24608350123410716 -0.24608350123410716 -0.24608350123410716 -0.24608350123410716 -0.24608350123410716 -0.24608350123410716 -0.24608350123410716 -0.24608350123410716 -0.2533354382360858 -0.24060642835879015 -0.24128929685859066 -0.23416617697624637 -0.21120511551064294 -0.17878673222920366 -0.20307828980346065 -0.19190623139777044 -0.15342730792101933 -0.12665588461770977 -0.12665588461770977 -0.12665588461770977 -0.12804132297459625 -0.10793597280673287 -0.06264961289990426
-0.27005890295416307 -0.2193623217286479 -0.27005890295416307 -0.27005890295416307 -0.27005890295416307 -0.27005890295416307 -0.27005890295416307 -0.27005890295416307 -0.27005890295416307 -0.27005890295416307 -0.27005890295416307 -0.27005890295416307 -0.27005890295416307 -0.27005890295416307 -0.27005890295416307 -0.27005890295416307 -0.27005890295416307 -0.27005890295416307 -0.27005890295416307 -0.27005890295416307 -0.27005890295416307 -0.27005890295416307 -0.27005890295416307 -0.27005890295416307 -0.27005890295416307 -0.27005890295416307 -0.27005890295416307 -0.27005890295416307 -0.27005890295416307 -0.27005890295416307 -0.27005890295416307 -0.27005890295416307 -0.27005890295416307 -0.27005890295416307 -0.27005890295416307 -0.27005890295416307 -0.27005890295416307 -0.27005890295416307 -0.22365890375869257 -0.2242536160842369 -0.22365890375869257 -0.2242536160842369 -0.27005890295416307 -0.27005890295416307 -0.22365890375869257 -0.2242536160842369 -0.2242536160842369 -0.22365890375869257 -0.27005890295416307 -0.27005890295416307 -0.22365890375869257 -0.2242536160842369 -0.27005890295416307 -0.27005890295416307 -0.27005890295416307 -0.27005890295416307 -0.27005890295416307 -0.2193623217286479 -0.27005890295416307 -0.2193623217286479 -0.2193623217286479 -0.27005890295416307 -0.27005890295416307 -0.22365890375869257 -0.2242536160842369 -0.22365890375869257 -0.27005890295416307 -0.27005890295416307 -0.27005890295416307 -0.27005890295416307 -0.24608350123410716 -0.24608350123410716 -0.24608350123410716 -0.24608350123410716 -0.24608350123410716 -0.24608350123410716 -0.24608350123410716 -0.24608350123410716 -0.2533354382360858 -0.24060642835879015 -0.24128929685859066 -0.23416617697624637 -0.21120511551064294 -0.17878673222920366 -0.20307828980346065 -0.19190623139777044 -0.15342730792101933 -0.12665588461770977 -0.12665588461770977 -0.12665588461770977 -0.12804132297459625 -0.10793597280673287 -0.06264961289990426
-0.19190623139777044 -0.19190623139777044 -0.19190623139777044 -0.19190623139777044 -0.19190623139777044 -0.19190623139777044 -0.19190623139777044 -0.19190623139777044 -0.19190623139777044 -0.19190623139777044 -0.19190623139777044 -0.19190623139777044 -0.19190623139777044 -0.19190623139777044 -0.19190623139777044 -0.19190623139777044 -0.19190623139777044 -0.19190623139777044 -0.19190623139777044 -0.19190623139777044 -0.19190623139777044 -0.19190623139777044 -0.19190623139777044 -0.19190623139777044 -0.19190623139777044 -0.19190623139777044 -0.19190623139777044 -0.19190623139777044 -0.19190623139777044 -0.19190623139777044 -0.19190623139777044 -0.19190623139777044 -0.19190623139777044 -0.19190623139777044 -0.19190623139777044 -0.19190623139777044 -0.19190623139777044 -0.19190623139777044 -0.19190623139777044 -0.19190623139777044 -0.19190623139777044 -0.19190623139777044 -0.19190623139777044 -0.19190623139777044 -0.19190623139777044 -0.19190623139777044 -0.19190623139777044 -0.19190623139777044 -0.19190623139777044 -0.19190623139777044 -0.19190623139777044 -0.19190623139777044 -0.19190623139777044 -0.19190623139777044 -0.19190623139777044 -0.19190623139777044 -0.19190623139777044 -0.19190623139777044 -0.19190623139777044 -0.19190623139777044 -0.19190623139777044 -0.19190623139777044 -0.19190623139777044 -0.19190623139777044 -0.19190623139777044 -0.19190623139777044 -0.19190623139777044 -0.19190623139777044 -0.19190623139777044 -0.19190623139777044 -0.19190623139777044 -0.19190623139777044 -0.19190623139777044 -0.19190623139777044 -0.19190623139777044 -0.19190623139777044 -0.19190623139777044 -0.19190623139777044 -0.19190623139777044 -0.19190623139777044 -0.19190623139777044 -0.19190623139777044 -0.19190623139777044 -0.17878673222920366 -0.19190623139777044 -0.19190623139777044 -0.15342730792101933 -0.12665588461770977 -0.12665588461770977 -0.12665588461770977 -0.12804132297459625 -0.10793597280673287 -0.06264961289990426
-0.27005890295416307 -0.2193623217286479 -0.27005890295416307 -0.27005890295416307 -0.27005890295416307 -0.27005890295416307 -0.27005890295416307 -0.27005890295416307 -0.27005890295416307 -0.27005890295416307 -0.27005890295416307 -0.27005890295416307 -0.27005890295416307 -0.27005890295416307 -0.27005890295416307 -0.27005890295416307 -0.27005890295416307 -0.27005890295416307 -0.27005890295416307 -0.27005890295416307 -0.27005890295416307 -0.27005890295416307 -0.27005890295416307 -0.27005890295416307 -0.27005890295416307 -0.27005890295416307 -0.27005890295416307 -0.27005890295416307 -0.27005890295416307 -0.27005890295416307 -0.27005890295416307 -0.27005890295416307 -0.27005890295416307 -0.27005890295416307 -0.27005890295416307 -0.27005890295416307 -0.27005890295416307 -0.27005890295416307 -0.22365890375869257 -0.2242536160842369 -0.22365890375869257 -0.2242536160842369 -0.27005890295416307 -0.27005890295416307 -0.22365890375869257 -0.2242536160842369 -0.2242536160842369 -0.22365890375869257 -0.27005890295416307 -0.27005890295416307 -0.22365890375869257 -0.2242536160842369 -0.27005890295416307 -0.27005890295416307 -0.27005890295416307 -0.27005890295416307 -0.27005890295416307 -0.2193623217286479 -0.27005890295416307 -0.2193623217286479 -0.2193623217286479 -0.27005890295416307 -0.27005890295416307 -0.22365890375869257 -0.2242536160842369 -0.22365890375869257 -0.27005890295416307 -0.27005890295416307 -0.27005890295416307 -0.27005890295416307 -0.24608350123410716 -0.24608350123410716 -0.24608350123410716 -0.24608350123410716 -0.24608350123410716 -0.24608350123410716 -0.24608350123410716 -0.24608350123410716 -0.2533354382360858 -0.24060642835879015 -0.24128929685859066 -0.23416617697624637 -0.21120511551064294 -0.17878673222920366 -0.20307828980346065 -0.19190623139777044 -0.15342730792101933 -0.12665588461770977 -0.12665588461770977 -0.12665588461770977 -0.12804132297459625 -0.10793597280673287 -0.06264961289990426
-0.3431730565256306 -0.2193623217286479 -0.5454451313044237 -0.5454451313044237 -0.5454451313044237 -0.3431730565256306 -0.3431730565256306 -0.3431730565256306 -0.3431730565256306 -0.3431730565256306 -0.6036256894746738 -0.6036256894746738 -0.6036256894746738 -0.3431730565256306 -0.3431730565256306 -0.6036256894746738 -0.3431730565256306 -0.3431730565256306 -0.5816359949622621 -0.3431730565256306 -0.3431730565256306 -0.5816359949622621 -0.5816359949622621 -0.3431730565256306 -0.3431730565256306 -0.5454451313044237 -0.5816359949622621 -0.6036256894746738 -0.3431730565256306 -0.3431730565256306 -0.5603818834632623 -0.3431730565256306 -0.3431730565256306 -0.3431730565256306 -0.3431730565256306 -0.3431730565256306 -0.3431730565256306 -0.3431730565256306 -0.22365890375869257 -0.2242536160842369 -0.22365890375869257 -0.2242536160842369 -0.3431730565256306 -0.3431730565256306 -0.22365890375869257 -0.2242536160842369 -0.2242536160842369 -0.22365890375869257 -0.3431730565256306 -0.3383453790153704 -0.22365890375869257 -0.2242536160842369 -0.27005890295416307 -0.2848952819809878 -0.2848952819809878 -0.30437866871025687 -0.2848952819809878 -0.2193623217286479 -0.29739806179248135 -0.2193623217286479 -0.2193623217286479 -0.28814647446065556 -0.27310196318611324 -0.22365890375869257 -0.2242536160842369 -0.22365890375869257 -0.27728833812697506 -0.275001067744771 -0.27728833812697506 -0.27728833812697506 -0.24608350123410716 -0.24608350123410716 -0.24608350123410716 -0.24608350123410716 -0.24608350123410716 -0.24608350123410716 -0.24608350123410716 -0.24608350123410716 -0.2533354382360858 -0.24060642835879015 -0.24128929685859066 -0.23416617697624637 -0.21120511551064294 -0.17878673222920366 -0.20307828980346065 -0.19190623139777044 -0.15342730792101933 -0.12665588461770977 -0.12665588461770977 -0.12665588461770977 -0.12804132297459625 -0.10793597280673287 -0.06264961289990426
-0.22365890375869257 -0.2193623217286479 -0.22365890375869257 -0.22365890375869257 -0.22365890375869257 -0.22365890375869257 -0.22365890375869257 -0.22365890375869257 -0.22365890375869257 -0.22365890375869257 -0.22365890375869257 -0.22365890375869257 -0.22365890375869257 -0.22365890375869257 -0.22365890375869257 -0.22365890375869257 -0.22365890375869257 -0.22365890375869257 -0.22365890375869257 -0.22365890375869257 -0.22365890375869257 -0.22365890375869257 -0.22365890375869257 -0.22365890375869257 -0.22365890375869257 -0.22365890375869257 -0.22365890375869257 -0.22365890375869257 -0.22365890375869257 -0.22365890375869257 -0.22365890375869257 -0.22365890375869257 -0.22365890375869257 -0.22365890375869257 -0.22365890375869257 -0.22365890375869257 -0.22365890375869257 -0.22365890375869257 -0.22365890375869257 -0.22365890375869257 -0.22365890375869257 -0.22365890375869257 -0.22365890375869257 -0.22365890375869257 -0.22365890375869257 -0.22365890375869257 -0.22365890375869257 -0.22365890375869257 -0.22365890375869257 -0.22365890375869257 -0.22365890375869257 -0.22365890375869257 -0.22365890375869257 -0.22365890375869257 -0.22365890375869257 -0.22365890375869257 -0.22365890375869257 -0.2193623217286479 -0.22365890375869257 -0.2193623217286479 -0.2193623217286479 -0.22365890375869257 -0.22365890375869257 -0.22365890375869257 -0.22365890375869257 -0.22365890375869257 -0.22365890375869257 -0.22365890375869257 -0.22365890375869257 -0.22365890375869257 -0.22365890375869257 -0.22365890375869257 -0.22365890375869257 -0.22365890375869257 -0.22365890375869257 -0.22365890375869257 -0.22365890375869257 -0.22365890375869257 -0.22365890375869257 -0.22365890375869257 -0.22365890375869257 -0.22365890375869257 -0.21120511551064294 -0.17878673222920366 -0.20307828980346065 -0.19190623139777044 -0.15342730792101933 -0.12665588461770977 -0.12665588461770977 -0.12665588461770977 -0.12804132297459625 -0.10793597280673287 -0.06264961289990426
-0.3431730565256306 -0.2193623217286479 -0.5454451313044237 -0.5454451313044237 -0.5454451313044237 -0.3431730565256306 -0.3431730565256306 -0.3431730565256306 -0.3431730565256306 -0.3431730565256306 -0.5454451313044237 -0.5454451313044237 -0.5454451313044237 -0.3431730565256306 -0.3431730565256306 -0.5454451313044237 -0.3431730565256306 -0.3431730565256306 -0.5454451313044237 -0.3431730565256306 -0.3431730565256306 -0.5454451313044237 -0.5454451313044237 -0.3431730565256306 -0.3431730565256306 -0.5454451313044237 -0.5454451313044237 -0.5454451313044237 -0.3431730565256306 -0.3431730565256306 -0.5454451313044237 -0.3431730565256306 -0.3431730565256306 -0.3431730565256306 -0.3431730565256306 -0.3431730565256306 -0.3431730565256306 -0.3431730565256306 -0.22365890375869257 -0.2242536160842369 -0.22365890375869257 -0.2242536160842369 -0.3431730565256306 -0.3431730565256306 -0.22365890375869257 -0.2242536160842369 -0.2242536160842369 -0.22365890375869257 -0.3431730565256306 -0.3383453790153704 -0.22365890375869257 -0.2242536160842369 -0.27005890295416307 -0.2848952819809878 -0.2848952819809878 -0.30437866871025687 -0.2848952819809878 -0.2193623217286479 -0.29739806179248135 -0.2193623217286479 -0.2193623217286479 -0.28814647446065556 -0.27310196318611324 -0.22365890375869257 -0.2242536160842369 -0.22365890375869257 -0.27728833812697506 -0.275001067744771 -0.27728833812697506 -0.27728833812697506 -0.24608350123410716 -0.24608350123410716 -0.24608350123410716 -0.24608350123410716 -0.24608350123410716 -0.24608350123410716 -0.24608350123410716 -0.24608350123410716 -0.2533354382360858 -0.24060642835879015 -0.24128929685859066 -0.23416617697624637 -0.21120511551064294 -0.17878673222920366 -0.20307828980346065 -0.19190623139777044 -0.15342730792101933 -0.12665588461770977 -0.12665588461770977 -0.12665588461770977 -0.12804132297459625 -0.10793597280673287 -0.06264961289990426
-0.21120511551064294 -0.21120511551064294 -0.21120511551064294 -0.21120511551064294 -0.21120511551064294 -0.21120511551064294 -0.21120511551064294 -0.21120511551064294 -0.21120511551064294 -0.21120511551064294 -0.21120511551064294 -0.21120511551064294 -0.21120511551064294 -0.21120511551064294 -0.21120511551064294 -0.21120511551064294 -0.21120511551064294 -0.21120511551064294 -0.21120511551064294 -0.21120511551064294 -0.21120511551064294 -0.21120511551064294 -0.21120511551064294 -0.21120511551064294 -0.21120511551064294 -0.21120511551064294 -0.21120511551064294 -0.21120511551064294 -0.21120511551064294 -0.21120511551064294 -0.21120511551064294 -0.21120511551064294 -0.21120511551064294 -0.21120511551064294 -0.21120511551064294 -0.21120511551064294 -0.21120511551064294 -0.21120511551064294 -0.21120511551064294 -0.21120511551064294 -0.21120511551064294 -0.21120511551064294 -0.21120511551064294 -0.21120511551064294 -0.21120511551064294 -0.21120511551064294 -0.21120511551064294 -0.21120511551064294 -0.21120511551064294 -0.21120511551064294 -0.21120511551064294 -0.21120511551064294 -0.21120511551064294 -0.21120511551064294 -0.21120511551064294 -0.21120511551064294 -0.21120511551064294 -0.21120511551064294 -0.21120511551064294 -0.21120511551064294 -0.21120511551064294 -0.21120511551064294 -0.21120511551064294 -0.21120511551064294 -0.21120511551064294 -0.21120511551064294 -0.21120511551064294 -0.21120511551064294 -0.21120511551064294 -0.21120511551064294 -0.21120511551064294 -0.21120511551064294 -0.21120511551064294 -0.21120511551064294 -0.21120511551064294 -0.21120511551064294 -0.21120511551064294 -0.21120511551064294 -0.21120511551064294 -0.21120511551064294 -0.21120511551064294 -0.21120511551064294 -0.21120511551064294 -0.17878673222920366 -0.20307828980346065 -0.19190623139777044 -0.15342730792101933 -0.12665588461770977 -0.12665588461770977 -0.12665588461770977 -0.12804132297459625 -0.10793597280673287 -0.06264961289990426
-0.3431730565256306 -0.2193623217286479 -0.5454451313044237 -0.5454451313044237 -0.5454451313044237 -0.3431730565256306 -0.3431730565256306 -0.3431730565256306 -0.3431730565256306 -0.3431730565256306 -0.5454451313044237 -0.5454451313044237 -0.5454451313044237 -0.3431730565256306 -0.3431730565256306 -0.5454451313044237 -0.3431730565256306 -0.3431730565256306 -0.5454451313044237 -0.3431730565256306 -0.3431730565256306 -0.5454451313044237 -0.5454451313044237 -0.3431730565256306 -0.3431730565256306 -0.5454451313044237 -0.5454451313044237 -0.5454451313044237 -0.3431730565256306 -0.3431730565256306 -0.5454451313044237 -0.3431730565256306 -0.3431730565256306 -0.3431730565256306 -0.3431730565256306 -0.3431730565256306 -0.3431730565256306 -0.3431730565256306 -0.22365890375869257 -0.2242536160842369 -0.22365890375869257 -0.2242536160842369 -0.3431730565256306 -0.3431730565256306 -0.22365890375869257 -0.2242536160842369 -0.2242536160842369 -0.22365890375869257 -0.3431730565256306 -0.3383453790153704 -0.22365890375869257 -0.2242536160842369 -0.27005890295416307 -0.2848952819809878 -0.2848952819809878 -0.30437866871025687 -0.2848952819809878 -0.2193623217286479 -0.29739806179248135 -0.2193623217286479 -0.2193623217286479 -0.28814647446065556 -0.27310196318611324 -0.22365890375869257 -0.2242536160842369 -0.22365890375869257 -0.27728833812697506 -0.275001067744771 -0.27728833812697506 -0.27728833812697506 -0.24608350123410716 -0.24608350123410716 -0.24608350123410716 -0.24608350123410716 -0.24608350123410716 -0.24608350123410716 -0.24608350123410716 -0.24608350123410716 -0.2533354382360858 -0.24060642835879015 -0.24128929685859066 -0.23416617697624637 -0.21120511551064294 -0.17878673222920366 -0.20307828980346065 -0.19190623139777044 -0.15342730792101933 -0.12665588461770977 -0.12665588461770977 -0.12665588461770977 -0.12804132297459625 -0.10793597280673287 -0.06264961289990426
-0.20307828980346065 -0.20307828980346065 -0.20307828980346065 -0.20307828980346065 -0.20307828980346065 -0.20307828980346065 -0.20307828980346065 -0.20307828980346065 -0.20307828980346065 -0.20307828980346065 -0.20307828980346065 -0.20307828980346065 -0.20307828980346065 -0.20307828980346065 -0.20307828980346065 -0.20307828980346065 -0.20307828980346065 -0.20307828980346065 -0.20307828980346065 -0.20307828980346065 -0.20307828980346065 -0.20307828980346065 -0.20307828980346065 -0.20307828980346065 -0.20307828980346065 -0.20307828980346065 -0.20307828980346065 -0.20307828980346065 -0.20307828980346065 -0.20307828980346065 -0.20307828980346065 -0.20307828980346065 -0.20307828980346065 -0.20307828980346065 -0.20307828980346065 -0.20307828980346065 -0.20307828980346065 -0.20307828980346065 -0.20307828980346065 -0.20307828980346065 -0.20307828980346065 -0.20307828980346065 -0.20307828980346065 -0.20307828980346065 -0.20307828980346065 -0.20307828980346065 -0.20307828980346065 -0.20307828980346065 -0.20307828980346065 -0.20307828980346065 -0.20307828980346065 -0.20307828980346065 -0.20307828980346065 -0.20307828980346065 -0.20307828980346065 -0.20307828980346065 -0.20307828980346065 -0.20307828980346065 -0.20307828980346065 -0.20307828980346065 -0.20307828980346065 -0.20307828980346065 -0.20307828980346065 -0.20307828980346065 -0.20307828980346065 -0.20307828980346065 -0.20307828980346065 -0.20307828980346065 -0.20307828980346065 -0.20307828980346065 -0.20307828980346065 -0.20307828980346065 -0.20307828980346065 -0.20307828980346065 -0.20307828980346065 -0.20307828980346065 -0.20307828980346065 -0.20307828980346065 -0.20307828980346065 -0.20307828980346065 -0.20307828980346065 -0.20307828980346065 -0.20307828980346065 -0.17878673222920366 -0.20307828980346065 -0.19190623139777044 -0.15342730792101933 -0.12665588461770977 -0.12665588461770977 -0.12665588461770977 -0.12804132297459625 -0.10793597280673287 -0.06264961289990426
-0.3431730565256306 -0.2193623217286479 -0.5454451313044237 -0.5454451313044237 -0.5454451313044237 -0.3431730565256306 -0.3431730565256306 -0.3431730565256306 -0.3431730565256306 -0.3431730565256306 -0.6149818490800999 -0.6149818490800999 -0.6149818490800999 -0.3431730565256306 -0.3431730565256306 -0.6322962296898407 -0.3431730565256306 -0.3431730565256306 -0.5816359949622621 -0.3431730565256306 -0.3431730565256306 -0.5816359949622621 -0.5816359949622621 -0.3431730565256306 -0.3431730565256306 -0.5454451313044237 -0.5816359949622621 -0.6036256894746738 -0.3431730565256306 -0.3431730565256306 -0.5603818834632623 -0.3431730565256306 -0.3431730565256306 -0.3431730565256306 -0.3431730565256306 -0.3431730565256306 -0.3431730565256306 -0.3431730565256306 -0.22365890375869257 -0.2242536160842369 -0.22365890375869257 -0.2242536160842369 -0.3431730565256306 -0.3431730565256306 -0.22365890375869257 -0.2242536160842369 -0.2242536160842369 -0.22365890375869257 -0.3431730565256306 -0.3383453790153704 -0.22365890375869257 -0.2242536160842369 -0.27005890295416307 -0.2848952819809878 -0.2848952819809878 -0.30437866871025687 -0.2848952819809878 -0.2193623217286479 -0.29739806179248135 -0.2193623217286479 -0.2193623217286479 -0.28814647446065556 -0.27310196318611324 -0.22365890375869257 -0.2242536160842369 -0.22365890375869257 -0.27728833812697506 -0.275001067744771 -0.27728833812697506 -0.27728833812697506 -0.24608350123410716 -0.24608350123410716 -0.24608350123410716 -0.24608350123410716 -0.24608350123410716 -0.24608350123410716 -0.24608350123410716 -0.24608350123410716 -0.2533354382360858 -0.24060642835879015 -0.24128929685859066 -0.23416617697624637 -0.21120511551064294 -0.17878673222920366 -0.20307828980346065 -0.19190623139777044 -0.15342730792101933 -0.12665588461770977 -0.12665588461770977 -0.12665588461770977 -0.12804132297459625 -0.10793597280673287 -0.06264961289990426
-0.46291876205033156 -0.2193623217286479 -0.3431730565256306 -0.3431730565256306 -0.3431730565256306 -0.6325089028013334 -0.6325089028013334 -0.6325089028013334 -0.46291876205033156 -0.46291876205033156 -0.3431730565256306 -0.3431730565256306 -0.3431730565256306 -0.5201604678537853 -0.5201604678537853 -0.3431730565256306 -0.3917333710810699 -0.3917333710810699 -0.3431730565256306 -0.5201604678537853 -0.3917333710810699 -0.3431730565256306 -0.3431730565256306 -0.3917333710810699 -0.38449925136202795 -0.3431730565256306 -0.3431730565256306 -0.3431730565256306 -0.3917333710810699 -0.46291876205033156 -0.3431730565256306 -0.3917333710810699 -0.46291876205033156 -0.46291876205033156 -0.3917333710810699 -0.3917333710810699 -0.42755773711356315 -0.3917333710810699 -0.22365890375869257 -0.2242536160842369 -0.22365890375869257 -0.2242536160842369 -0.34949088439507797 -0.34949088439507797 -0.22365890375869257 -0.2242536160842369 -0.2242536160842369 -0.22365890375869257 -0.3506494746984468 -0.3383453790153704 -0.22365890375869257 -0.2242536160842369 -0.27005890295416307 -0.2848952819809878 -0.2848952819809878 -0.30437866871025687 -0.2848952819809878 -0.2193623217286479 -0.29739806179248135 -0.2193623217286479 -0.2193623217286479 -0.28814647446065556 -0.27310196318611324 -0.22365890375869257 -0.2242536160842369 -0.22365890375869257 -0.27728833812697506 -0.275001067744771 -0.27728833812697506 -0.27728833812697506 -0.24608350123410716 -0.24608350123410716 -0.24608350123410716 -0.24608350123410716 -0.24608350123410716 -0.24608350123410716 -0.24608350123410716 -0.24608350123410716 -0.2533354382360858 -0.24060642835879015 -0.24128929685859066 -0.23416617697624637 -0.21120511551064294 -0.17878673222920366 -0.20307828980346065 -0.19190623139777044 -0.15342730792101933 -0.12665588461770977 -0.12665588461770977 -0.12665588461770977 -0.12804132297459625 -0.10793597280673287 -0.06264961289990426
-0.46291876205033156 -0.2193623217286479 -0.3431730565256306 -0.3431730565256306 -0.3431730565256306 -0.606272561976641 -0.606272561976641 -0.606272561976641 -0.46291876205033156 -0.46291876205033156 -0.3431730565256306 -0.3431730565256306 -0.3431730565256306 -0.5201604678537853 -0.5201604678537853 -0.3431730565256306 -0.3917333710810699 -0.3917333710810699 -0.3431730565256306 -0.5201604678537853 -0.3917333710810699 -0.3431730565256306 -0.3431730565256306 -0.3917333710810699 -0.38449925136202795 -0.3431730565256306 -0.3431730565256306 -0.3431730565256306 -0.3917333710810699 -0.46291876205033156 -0.3431730565256306 -0.3917333710810699 -0.46291876205033156 -0.46291876205033156 -0.3917333710810699 -0.3917333710810699 -0.42755773711356315 -0.3917333710810699 -0.22365890375869257 -0.2242536160842369 -0.22365890375869257 -0.2242536160842369 -0.34949088439507797 -0.34949088439507797 -0.22365890375869257 -0.2242536160842369 -0.2242536160842369 -0.22365890375869257 -0.3506494746984468 -0.3383453790153704 -0.22365890375869257 -0.2242536160842369 -0.27005890295416307 -0.2848952819809878 -0.2848952819809878 -0.30437866871025687 -0.2848952819809878 -0.2193623217286479 -0.29739806179248135 -0.2193623217286479 -0.2193623217286479 -0.28814647446065556 -0.27310196318611324 -0.22365890375869257 -0.2242536160842369 -0.22365890375869257 -0.27728833812697506 -0.275001067744771 -0.27728833812697506 -0.27728833812697506 -0.24608350123410716 -0.24608350123410716 -0.24608350123410716 -0.24608350123410716 -0.24608350123410716 -0.24608350123410716 -0.24608350123410716 -0.24608350123410716 -0.2533354382360858 -0.24060642835879015 -0.24128929685859066 -0.23416617697624637 -0.21120511551064294 -0.17878673222920366 -0.20307828980346065 -0.19190623139777044 -0.15342730792101933 -0.12665588461770977 -0.12665588461770977 -0.12665588461770977 -0.12804132297459625 -0.10793597280673287 -0.06264961289990426
-0.38449925136202795 -0.2193623217286479 -0.3431730565256306 -0.3431730565256306 -0.3431730565256306 -0.38449925136202795 -0.38449925136202795 -0.38449925136202795 -0.38449925136202795 -0.38449925136202795 -0.3431730565256306 -0.3431730565256306 -0.3431730565256306 -0.38449925136202795 -0.38449925136202795 -0.3431730565256306 -0.38449925136202795 -0.38449925136202795 -0.3431730565256306 -0.38449925136202795 -0.38449925136202795 -0.3431730565256306 -0.3431730565256306 -0.38449925136202795 -0.38449925136202795 -0.3431730565256306 -0.3431730565256306 -0.3431730565256306 -0.38449925136202795 -0.38449925136202795 -0.3431730565256306 -0.38449925136202795 -0.38449925136202795 -0.38449925136202795 -0.38449925136202795 -0.38449925136202795 -0.38449925136202795 -0.38449925136202795 -0.22365890375869257 -0.2242536160842369 -0.22365890375869257 -0.2242536160842369 -0.34949088439507797 -0.34949088439507797 -0.22365890375869257 -0.2242536160842369 -0.2242536160842369 -0.22365890375869257 -0.3506494746984468 -0.3383453790153704 -0.22365890375869257 -0.2242536160842369 -0.27005890295416307 -0.2848952819809878 -0.2848952819809878 -0.30437866871025687 -0.2848952819809878 -0.2193623217286479 -0.29739806179248135 -0.2193623217286479 -0.2193623217286479 -0.28814647446065556 -0.27310196318611324 -0.22365890375869257 -0.2242536160842369 -0.22365890375869257 -0.27728833812697506 -0.275001067744771 -0.27728833812697506 -0.27728833812697506 -0.24608350123410716 -0.24608350123410716 -0.24608350123410716 -0.24608350123410716 -0.24608350123410716 -0.24608350123410716 -0.24608350123410716 -0.24608350123410716 -0.2533354382360858 -0.24060642835879015 -0.24128929685859066 -0.23416617697624637 -0.21120511551064294 -0.17878673222920366 -0.20307828980346065 -0.19190623139777044 -0.15342730792101933 -0.12665588461770977 -0.12665588461770977 -0.12665588461770977 -0.12804132297459625 -0.10793597280673287 -0.06264961289990426
-0.5773305168397698 -0.2193623217286479 -0.3431730565256306 -0.3431730565256306 -0.3431730565256306 -0.46291876205033156 -0.46291876205033156 -0.46291876205033156 -0.47749519236881216 -0.47749519236881216 -0.3431730565256306 -0.3431730565256306 -0.3431730565256306 -0.46291876205033156 -0.46291876205033156 -0.3431730565256306 -0.3917333710810699 -0.3917333710810699 -0.3431730565256306 -0.46291876205033156 -0.3917333710810699 -0.3431730565256306 -0.3431730565256306 -0.3917333710810699 -0.38449925136202795 -0.3431730565256306 -0.3431730565256306 -0.3431730565256306 -0.3917333710810699 -0.47749519236881216 -0.3431730565256306 -0.3917333710810699 -0.47749519236881216 -0.47749519236881216 -0.3917333710810699 -0.3917333710810699 -0.42755773711356315 -0.3917333710810699 -0.22365890375869257 -0.2242536160842369 -0.22365890375869257 -0.2242536160842369 -0.34949088439507797 -0.34949088439507797 -0.22365890375869257 -0.2242536160842369 -0.2242536160842369 -0.22365890375869257 -0.3506494746984468 -0.3383453790153704 -0.22365890375869257 -0.2242536160842369 -0.27005890295416307 -0.2848952819809878 -0.2848952819809878 -0.30437866871025687 -0.2848952819809878 -0.2193623217286479 -0.29739806179248135 -0.2193623217286479 -0.2193623217286479 -0.28814647446065556 -0.27310196318611324 -0.22365890375869257 -0.2242536160842369 -0.22365890375869257 -0.27728833812697506 -0.275001067744771 -0.27728833812697506 -0.27728833812697506 -0.24608350123410716 -0.24608350123410716 -0.24608350123410716 -0.24608350123410716 -0.24608350123410716 -0.24608350123410716 -0.24608350123410716 -0.24608350123410716 -0.2533354382360858 -0.24060642835879015 -0.24128929685859066 -0.23416617697624637 -0.21120511551064294 -0.17878673222920366 -0.20307828980346065 -0.19190623139777044 -0.15342730792101933 -0.12665588461770977 -0.12665588461770977 -0.12665588461770977 -0.12804132297459625 -0.10793597280673287 -0.06264961289990426
-0.5766414464884063 -0.2193623217286479 -0.3431730565256306 -0.3431730565256306 -0.3431730565256306 -0.46291876205033156 -0.46291876205033156 -0.46291876205033156 -0.47749519236881216 -0.47749519236881216 -0.3431730565256306 -0.3431730565256306 -0.3431730565256306 -0.46291876205033156 -0.46291876205033156 -0.3431730565256306 -0.3917333710810699 -0.3917333710810699 -0.3431730565256306 -0.46291876205033156 -0.3917333710810699 -0.3431730565256306 -0.3431730565256306 -0.3917333710810699 -0.38449925136202795 -0.3431730565256306 -0.3431730565256306 -0.3431730565256306 -0.3917333710810699 -0.47749519236881216 -0.3431730565256306 -0.3917333710810699 -0.47749519236881216 -0.47749519236881216 -0.3917333710810699 -0.3917333710810699 -0.42755773711356315 -0.3917333710810699 -0.22365890375869257 -0.2242536160842369 -0.22365890375869257 -0.2242536160842369 -0.34949088439507797 -0.34949088439507797 -0.22365890375869257 -0.2242536160842369 -0.2242536160842369 -0.22365890375869257 -0.3506494746984468 -0.3383453790153704 -0.22365890375869257 -0.2242536160842369 -0.27005890295416307 -0.2848952819809878 -0.2848952819809878 -0.30437866871025687 -0.2848952819809878 -0.2193623217286479 -0.29739806179248135 -0.2193623217286479 -0.2193623217286479 -0.28814647446065556 -0.27310196318611324 -0.22365890375869257 -0.2242536160842369 -0.22365890375869257 -0.27728833812697506 -0.275001067744771 -0.27728833812697506 -0.27728833812697506 -0.24608350123410716 -0.24608350123410716 -0.24608350123410716 -0.24608350123410716 -0.24608350123410716 -0.24608350123410716 -0.24608350123410716 -0.24608350123410716 -0.2533354382360858 -0.24060642835879015 -0.24128929685859066 -0.23416617697624637 -0.21120511551064294 -0.17878673222920366 -0.20307828980346065 -0.19190623139777044 -0.15342730792101933 -0.12665588461770977 -0.12665588461770977 -0.12665588461770977 -0.12804132297459625 -0.10793597280673287 -0.06264961289990426
-0.47749519236881216 -0.2193623217286479 -0.3431730565256306 -0.3431730565256306 -0.3431730565256306 -0.46291876205033156 -0.46291876205033156 -0.46291876205033156 -0.5430516635258458 -0.5430516635258458 -0.3431730565256306 -0.3431730565256306 -0.3431730565256306 -0.46291876205033156 -0.46291876205033156 -0.3431730565256306 -0.3917333710810699 -0.3917333710810699 -0.3431730565256306 -0.46291876205033156 -0.3917333710810699 -0.3431730565256306 -0.3431730565256306 -0.3917333710810699 -0.38449925136202795 -0.3431730565256306 -0.3431730565256306 -0.3431730565256306 -0.3917333710810699 -0.5430516635258458 -0.3431730565256306 -0.3917333710810699 -0.4798109651856203 -0.4803085083412011 -0.3917333710810699 -0.3917333710810699 -0.42755773711356315 -0.3917333710810699 -0.22365890375869257 -0.2242536160842369 -0.22365890375869257 -0.2242536160842369 -0.34949088439507797 -0.34949088439507797 -0.22365890375869257 -0.2242536160842369 -0.2242536160842369 -0.22365890375869257 -0.3506494746984468 -0.3383453790153704 -0.22365890375869257 -0.2242536160842369 -0.27005890295416307 -0.2848952819809878 -0.2848952819809878 -0.30437866871025687 -0.2848952819809878 -0.2193623217286479 -0.29739806179248135 -0.2193623217286479 -0.2193623217286479 -0.28814647446065556 -0.27310196318611324 -0.22365890375869257 -0.2242536160842369 -0.22365890375869257 -0.27728833812697506 -0.275001067744771 -0.27728833812697506 -0.27728833812697506 -0.24608350123410716 -0.24608350123410716 -0.24608350123410716 -0.24608350123410716 -0.24608350123410716 -0.24608350123410716 -0.24608350123410716 -0.24608350123410716 -0.2533354382360858 -0.24060642835879015 -0.24128929685859066 -0.23416617697624637 -0.21120511551064294 -0.17878673222920366 -0.20307828980346065 -0.19190623139777044 -0.15342730792101933 -0.12665588461770977 -0.12665588461770977 -0.12665588461770977 -0.12804132297459625 -0.10793597280673287 -0.06264961289990426
-0.47749519236881216 -0.2193623217286479 -0.3431730565256306 -0.3431730565256306 -0.3431730565256306 -0.46291876205033156 -0.46291876205033156 -0.46291876205033156 -0.5282954142073281 -0.5282954142073281 -0.3431730565256306 -0.3431730565256306 -0.3431730565256306 -0.46291876205033156 -0.46291876205033156 -0.3431730565256306 -0.3917333710810699 -0.3917333710810699 -0.3431730565256306 -0.46291876205033156 -0.3917333710810699 -0.3431730565256306 -0.3431730565256306 -0.3917333710810699 -0.38449925136202795 -0.3431730565256306 -0.3431730565256306 -0.3431730565256306 -0.3917333710810699 -0.5282954142073281 -0.3431730565256306 -0.3917333710810699 -0.4798109651856203 -0.4803085083412011 -0.3917333710810699 -0.3917333710810699 -0.42755773711356315 -0.3917333710810699 -0.22365890375869257 -0.2242536160842369 -0.22365890375869257 -0.2242536160842369 -0.34949088439507797 -0.34949088439507797 -0.22365890375869257 -0.2242536160842369 -0.2242536160842369 -0.22365890375869257 -0.3506494746984468 -0.3383453790153704 -0.22365890375869257 -0.2242536160842369 -0.27005890295416307 -0.2848952819809878 -0.2848952819809878 -0.30437866871025687 -0.2848952819809878 -0.2193623217286479 -0.29739806179248135 -0.2193623217286479 -0.2193623217286479 -0.28814647446065556 -0.27310196318611324 -0.22365890375869257 -0.2242536160842369 -0.22365890375869257 -0.27728833812697506 -0.275001067744771 -0.27728833812697506 -0.27728833812697506 -0.24608350123410716 -0.24608350123410716 -0.24608350123410716 -0.24608350123410716 -0.24608350123410716 -0.24608350123410716 -0.24608350123410716 -0.24608350123410716 -0.2533354382360858 -0.24060642835879015 -0.24128929685859066 -0.23416617697624637 -0.21120511551064294 -0.17878673222920366 -0.20307828980346065 -0.19190623139777044 -0.15342730792101933 -0.12665588461770977 -0.12665588461770977 -0.12665588461770977 -0.12804132297459625 -0.10793597280673287 -0.06264961289990426
-0.47749519236881216 -0.2193623217286479 -0.3431730565256306 -0.3431730565256306 -0.3431730565256306 -0.46291876205033156 -0.46291876205033156 -0.46291876205033156 -0.5281409415310303 -0.5281409415310303 -0.3431730565256306 -0.3431730565256306 -0.3431730565256306 -0.46291876205033156 -0.46291876205033156 -0.3431730565256306 -0.3917333710810699 -0.3917333710810699 -0.3431730565256306 -0.46291876205033156 -0.3917333710810699 -0.3431730565256306 -0.3431730565256306 -0.3917333710810699 -0.38449925136202795 -0.3431730565256306 -0.3431730565256306 -0.3431730565256306 -0.3917333710810699 -0.5281409415310303 -0.3431730565256306 -0.3917333710810699 -0.4798109651856203 -0.4803085083412011 -0.3917333710810699 -0.3917333710810699 -0.42755773711356315 -0.3917333710810699 -0.22365890375869257 -0.2242536160842369 -0.22365890375869257 -0.2242536160842369 -0.34949088439507797 -0.34949088439507797 -0.22365890375869257 -0.2242536160842369 -0.2242536160842369 -0.22365890375869257 -0.3506494746984468 -0.3383453790153704 -0.22365890375869257 -0.2242536160842369 -0.27005890295416307 -0.2848952819809878 -0.2848952819809878 -0.30437866871025687 -0.2848952819809878 -0.2193623217286479 -0.29739806179248135 -0.2193623217286479 -0.2193623217286479 -0.28814647446065556 -0.27310196318611324 -0.22365890375869257 -0.2242536160842369 -0.22365890375869257 -0.27728833812697506 -0.275001067744771 -0.27728833812697506 -0.27728833812697506 -0.24608350123410716 -0.24608350123410716 -0.24608350123410716 -0.24608350123410716 -0.24608350123410716 -0.24608350123410716 -0.24608350123410716 -0.24608350123410716 -0.2533354382360858 -0.24060642835879015 -0.24128929685859066 -0.23416617697624637 -0.21120511551064294 -0.17878673222920366 -0.20307828980346065 -0.19190623139777044 -0.15342730792101933 -0.12665588461770977 -0.12665588461770977 -0.12665588461770977 -0.12804132297459625 -0.10793597280673287 -0.06264961289990426
-0.42755773711356315 -0.2193623217286479 -0.3431730565256306 -0.3431730565256306 -0.3431730565256306 -0.42755773711356315 -0.42755773711356315 -0.42755773711356315 -0.42755773711356315 -0.42755773711356315 -0.3431730565256306 -0.3431730565256306 -0.3431730565256306 -0.42755773711356315 -0.42755773711356315 -0.3431730565256306 -0.3917333710810699 -0.3917333710810699 -0.3431730565256306 -0.42755773711356315 -0.3917333710810699 -0.3431730565256306 -0.3431730565256306 -0.3917333710810699 -0.38449925136202795 -0.3431730565256306 -0.3431730565256306 -0.3431730565256306 -0.3917333710810699 -0.42755773711356315 -0.3431730565256306 -0.3917333710810699 -0.42755773711356315 -0.42755773711356315 -0.3917333710810699 -0.3917333710810699 -0.42755773711356315 -0.3917333710810699 -0.22365890375869257 -0.2242536160842369 -0.22365890375869257 -0.2242536160842369 -0.34949088439507797 -0.34949088439507797 -0.22365890375869257 -0.2242536160842369 -0.2242536160842369 -0.22365890375869257 -0.3506494746984468 -0.3383453790153704 -0.22365890375869257 -0.2242536160842369 -0.27005890295416307 -0.2848952819809878 -0.2848952819809878 -0.30437866871025687 -0.2848952819809878 -0.2193623217286479 -0.29739806179248135 -0.2193623217286479 -0.2193623217286479 -0.28814647446065556 -0.27310196318611324 -0.22365890375869257 -0.2242536160842369 -0.22365890375869257 -0.27728833812697506 -0.275001067744771 -0.27728833812697506 -0.27728833812697506 -0.24608350123410716 -0.24608350123410716 -0.24608350123410716 -0.24608350123410716 -0.24608350123410716 -0.24608350123410716 -0.24608350123410716 -0.24608350123410716 -0.2533354382360858 -0.24060642835879015 -0.24128929685859066 -0.23416617697624637 -0.21120511551064294 -0.17878673222920366 -0.20307828980346065 -0.19190623139777044 -0.15342730792101933 -0.12665588461770977 -0.12665588461770977 -0.12665588461770977 -0.12804132297459625 -0.10793597280673287 -0.06264961289990426
-0.46291876205033156 -0.2193623217286479 -0.3431730565256306 -0.3431730565256306 -0.3431730565256306 -0.46291876205033156 -0.46291876205033156 -0.46291876205033156 -0.46291876205033156 -0.46291876205033156 -0.3431730565256306 -0.3431730565256306 -0.3431730565256306 -0.46291876205033156 -0.46291876205033156 -0.3431730565256306 -0.3917333710810699 -0.3917333710810699 -0.3431730565256306 -0.46291876205033156 -0.3917333710810699 -0.3431730565256306 -0.3431730565256306 -0.3917333710810699 -0.38449925136202795 -0.3431730565256306 -0.3431730565256306 -0.3431730565256306 -0.3917333710810699 -0.46291876205033156 -0.3431730565256306 -0.3917333710810699 -0.46291876205033156 -0.46291876205033156 -0.3917333710810699 -0.3917333710810699 -0.42755773711356315 -0.3917333710810699 -0.22365890375869257 -0.2242536160842369 -0.22365890375869257 -0.2242536160842369 -0.34949088439507797 -0.34949088439507797 -0.22365890375869257 -0.2242536160842369 -0.2242536160842369 -0.22365890375869257 -0.3506494746984468 -0.3383453790153704 -0.22365890375869257 -0.2242536160842369 -0.27005890295416307 -0.2848952819809878 -0.2848952819809878 -0.30437866871025687 -0.2848952819809878 -0.2193623217286479 -0.29739806179248135 -0.2193623217286479 -0.2193623217286479 -0.28814647446065556 -0.27310196318611324 -0.22365890375869257 -0.2242536160842369 -0.22365890375869257 -0.27728833812697506 -0.275001067744771 -0.27728833812697506 -0.27728833812697506 -0.24608350123410716 -0.24608350123410716 -0.24608350123410716 -0.24608350123410716 -0.24608350123410716 -0.24608350123410716 -0.24608350123410716 -0.24608350123410716 -0.2533354382360858 -0.24060642835879015 -0.24128929685859066 -0.23416617697624637 -0.21120511551064294 -0.17878673222920366 -0.20307828980346065 -0.19190623139777044 -0.15342730792101933 -0.12665588461770977 -0.12665588461770977 -0.12665588461770977 -0.12804132297459625 -0.10793597280673287 -0.06264961289990426
-0.46291876205033156 -0.2193623217286479 -0.3431730565256306 -0.3431730565256306 -0.3431730565256306 -0.46291876205033156 -0.46291876205033156 -0.46291876205033156 -0.46291876205033156 -0.46291876205033156 -0.3431730565256306 -0.3431730565256306 -0.3431730565256306 -0.46291876205033156 -0.46291876205033156 -0.3431730565256306 -0.3917333710810699 -0.3917333710810699 -0.3431730565256306 -0.46291876205033156 -0.3917333710810699 -0.3431730565256306 -0.3431730565256306 -0.3917333710810699 -0.38449925136202795 -0.3431730565256306 -0.3431730565256306 -0.3431730565256306 -0.3917333710810699 -0.46291876205033156 -0.3431730565256306 -0.3917333710810699 -0.46291876205033156 -0.46291876205033156 -0.3917333710810699 -0.3917333710810699 -0.42755773711356315 -0.3917333710810699 -0.22365890375869257 -0.2242536160842369 -0.22365890375869257 -0.2242536160842369 -0.34949088439507797 -0.34949088439507797 -0.22365890375869257 -0.2242536160842369 -0.2242536160842369 -0.22365890375869257 -0.3506494746984468 -0.3383453790153704 -0.22365890375869257 -0.2242536160842369 -0.27005890295416307 -0.2848952819809878 -0.2848952819809878 -0.30437866871025687 -0.2848952819809878 -0.2193623217286479 -0.29739806179248135 -0.2193623217286479 -0.2193623217286479 -0.28814647446065556 -0.27310196318611324 -0.22365890375869257 -0.2242536160842369 -0.22365890375869257 -0.27728833812697506 -0.275001067744771 -0.27728833812697506 -0.27728833812697506 -0.24608350123410716 -0.24608350123410716 -0.24608350123410716 -0.24608350123410716 -0.24608350123410716 -0.24608350123410716 -0.24608350123410716 -0.24608350123410716 -0.2533354382360858 -0.24060642835879015 -0.24128929685859066 -0.23416617697624637 -0.21120511551064294 -0.17878673222920366 -0.20307828980346065 -0.19190623139777044 -0.15342730792101933 -0.12665588461770977 -0.12665588461770977 -0.12665588461770977 -0.12804132297459625 -0.10793597280673287 -0.06264961289990426
-0.3917333710810699 -0.2193623217286479 -0.3431730565256306 -0.3431730565256306 -0.3431730565256306 -0.3917333710810699 -0.3917333710810699 -0.3917333710810699 -0.3917333710810699 -0.3917333710810699 -0.3431730565256306 -0.3431730565256306 -0.3431730565256306 -0.3917333710810699 -0.3917333710810699 -0.3431730565256306 -0.3917333710810699 -0.3917333710810699 -0.3431730565256306 -0.3917333710810699 -0.3917333710810699 -0.3431730565256306 -0.3431730565256306 -0.3917333710810699 -0.38449925136202795 -0.3431730565256306 -0.3431730565256306 -0.3431730565256306 -0.3917333710810699 -0.3917333710810699 -0.3431730565256306 -0.3917333710810699 -0.3917333710810699 -0.3917333710810699 -0.3917333710810699 -0.3917333710810699 -0.3917333710810699 -0.3917333710810699 -0.22365890375869257 -0.2242536160842369 -0.22365890375869257 -0.2242536160842369 -0.34949088439507797 -0.34949088439507797 -0.22365890375869257 -0.2242536160842369 -0.2242536160842369 -0.22365890375869257 -0.3506494746984468 -0.3383453790153704 -0.22365890375869257 -0.2242536160842369 -0.27005890295416307 -0.2848952819809878 -0.2848952819809878 -0.30437866871025687 -0.2848952819809878 -0.2193623217286479 -0.29739806179248135 -0.2193623217286479 -0.2193623217286479 -0.28814647446065556 -0.27310196318611324 -0.22365890375869257 -0.2242536160842369 -0.22365890375869257 -0.27728833812697506 -0.275001067744771 -0.27728833812697506 -0.27728833812697506 -0.24608350123410716 -0.24608350123410716 -0.24608350123410716 -0.24608350123410716 -0.24608350123410716 -0.24608350123410716 -0.24608350123410716 -0.24608350123410716 -0.2533354382360858 -0.24060642835879015 -0.24128929685859066 -0.23416617697624637 -0.21120511551064294 -0.17878673222920366 -0.20307828980346065 -0.19190623139777044 -0.15342730792101933 -0.12665588461770977 -0.12665588461770977 -0.12665588461770977 -0.12804132297459625 -0.10793597280673287 -0.06264961289990426
-0.42755773711356315 -0.2193623217286479 -0.3431730565256306 -0.3431730565256306 -0.3431730565256306 -0.42755773711356315 -0.42755773711356315 -0.42755773711356315 -0.42755773711356315 -0.42755773711356315 -0.3431730565256306 -0.3431730565256306 -0.3431730565256306 -0.42755773711356315 -0.42755773711356315 -0.3431730565256306 -0.3917333710810699 -0.3917333710810699 -0.3431730565256306 -0.42755773711356315 -0.3917333710810699 -0.3431730565256306 -0.3431730565256306 -0.3917333710810699 -0.38449925136202795 -0.3431730565256306 -0.3431730565256306 -0.3431730565256306 -0.3917333710810699 -0.42755773711356315 -0.3431730565256306 -0.3917333710810699 -0.42755773711356315 -0.42755773711356315 -0.3917333710810699 -0.3917333710810699 -0.42755773711356315 -0.3917333710810699 -0.22365890375869257 -0.2242536160842369 -0.22365890375869257 -0.2242536160842369 -0.34949088439507797 -0.34949088439507797 -0.22365890375869257 -0.2242536160842369 -0.2242536160842369 -0.22365890375869257 -0.3506494746984468 -0.3383453790153704 -0.22365890375869257 -0.2242536160842369 -0.27005890295416307 -0.2848952819809878 -0.2848952819809878 -0.30437866871025687 -0.2848952819809878 -0.2193623217286479 -0.29739806179248135 -0.2193623217286479 -0.2193623217286479 -0.28814647446065556 -0.27310196318611324 -0.22365890375869257 -0.2242536160842369 -0.22365890375869257 -0.27728833812697506 -0.275001067744771 -0.27728833812697506 -0.27728833812697506 -0.24608350123410716 -0.24608350123410716 -0.24608350123410716 -0.24608350123410716 -0.24608350123410716 -0.24608350123410716 -0.24608350123410716 -0.24608350123410716 -0.2533354382360858 -0.24060642835879015 -0.24128929685859066 -0.23416617697624637 -0.21120511551064294 -0.17878673222920366 -0.20307828980346065 -0.19190623139777044 -0.15342730792101933 -0.12665588461770977 -0.12665588461770977 -0.12665588461770977 -0.12804132297459625 -0.10793597280673287 -0.06264961289990426
-0.3383453790153704 -0.2193623217286479 -0.3383453790153704 -0.3383453790153704 -0.3383453790153704 -0.3383453790153704 -0.3383453790153704 -0.3383453790153704 -0.3383453790153704 -0.3383453790153704 -0.3383453790153704 -0.3383453790153704 -0.3383453790153704 -0.3383453790153704 -0.3383453790153704 -0.3383453790153704 -0.3383453790153704 -0.3383453790153704 -0.3383453790153704 -0.3383453790153704 -0.3383453790153704 -0.3383453790153704 -0.3383453790153704 -0.3383453790153704 -0.3383453790153704 -0.3383453790153704 -0.3383453790153704 -0.3383453790153704 -0.3383453790153704 -0.3383453790153704 -0.3383453790153704 -0.3383453790153704 -0.3383453790153704 -0.3383453790153704 -0.3383453790153704 -0.3383453790153704 -0.3383453790153704 -0.3383453790153704 -0.22365890375869257 -0.2242536160842369 -0.22365890375869257 -0.2242536160842369 -0.3383453790153704 -0.3383453790153704 -0.22365890375869257 -0.2242536160842369 -0.2242536160842369 -0.22365890375869257 -0.3383453790153704 -0.3383453790153704 -0.22365890375869257 -0.2242536160842369 -0.27005890295416307 -0.2848952819809878 -0.2848952819809878 -0.30437866871025687 -0.2848952819809878 -0.2193623217286479 -0.29739806179248135 -0.2193623217286479 -0.2193623217286479 -0.28814647446065556 -0.27310196318611324 -0.22365890375869257 -0.2242536160842369 -0.22365890375869257 -0.27728833812697506 -0.275001067744771 -0.27728833812697506 -0.27728833812697506 -0.24608350123410716 -0.24608350123410716 -0.24608350123410716 -0.24608350123410716 -0.24608350123410716 -0.24608350123410716 -0.24608350123410716 -0.24608350123410716 -0.2533354382360858 -0.24060642835879015 -0.24128929685859066 -0.23416617697624637 -0.21120511551064294 -0.17878673222920366 -0.20307828980346065 -0.19190623139777044 -0.15342730792101933 -0.12665588461770977 -0.12665588461770977 -0.12665588461770977 -0.12804132297459625 -0.10793597280673287 -0.06264961289990426
-0.3917333710810699 -0.2193623217286479 -0.3431730565256306 -0.3431730565256306 -0.3431730565256306 -0.3917333710810699 -0.3917333710810699 -0.3917333710810699 -0.3917333710810699 -0.3917333710810699 -0.3431730565256306 -0.3431730565256306 -0.3431730565256306 -0.3917333710810699 -0.3917333710810699 -0.3431730565256306 -0.41888015114432264 -0.41888015114432264 -0.3431730565256306 -0.3917333710810699 -0.41888015114432264 -0.3431730565256306 -0.3431730565256306 -0.41888015114432264 -0.38449925136202795 -0.3431730565256306 -0.3431730565256306 -0.3431730565256306 -0.41888015114432264 -0.3917333710810699 -0.3431730565256306 -0.41888015114432264 -0.3917333710810699 -0.3917333710810699 -0.3929235352990972 -0.3929235352990972 -0.3917333710810699 -0.39657284647272123 -0.22365890375869257 -0.2242536160842369 -0.22365890375869257 -0.2242536160842369 -0.34949088439507797 -0.34949088439507797 -0.22365890375869257 -0.2242536160842369 -0.2242536160842369 -0.22365890375869257 -0.3506494746984468 -0.3383453790153704 -0.22365890375869257 -0.2242536160842369 -0.27005890295416307 -0.2848952819809878 -0.2848952819809878 -0.30437866871025687 -0.2848952819809878 -0.2193623217286479 -0.29739806179248135 -0.2193623217286479 -0.2193623217286479 -0.28814647446065556 -0.27310196318611324 -0.22365890375869257 -0.2242536160842369 -0.22365890375869257 -0.27728833812697506 -0.275001067744771 -0.27728833812697506 -0.27728833812697506 -0.24608350123410716 -0.24608350123410716 -0.24608350123410716 -0.24608350123410716 -0.24608350123410716 -0.24608350123410716 -0.24608350123410716 -0.24608350123410716 -0.2533354382360858 -0.24060642835879015 -0.24128929685859066 -0.23416617697624637 -0.21120511551064294 -0.17878673222920366 -0.20307828980346065 -0.19190623139777044 -0.15342730792101933 -0.12665588461770977 -0.12665588461770977 -0.12665588461770977 -0.12804132297459625 -0.10793597280673287 -0.06264961289990426
-0.3917333710810699 -0.2193623217286479 -0.3431730565256306 -0.3431730565256306 -0.3431730565256306 -0.3917333710810699 -0.3917333710810699 -0.3917333710810699 -0.3917333710810699 -0.3917333710810699 -0.3431730565256306 -0.3431730565256306 -0.3431730565256306 -0.3917333710810699 -0.3917333710810699 -0.3431730565256306 -0.4974111060769119 -0.4974111060769119 -0.3431730565256306 -0.3917333710810699 -0.4974111060769119 -0.3431730565256306 -0.3431730565256306 -0.4974111060769119 -0.38449925136202795 -0.3431730565256306 -0.3431730565256306 -0.3431730565256306 -0.41888015114432264 -0.3917333710810699 -0.3431730565256306 -0.41888015114432264 -0.3917333710810699 -0.3917333710810699 -0.3929235352990972 -0.3929235352990972 -0.3917333710810699 -0.39657284647272123 -0.22365890375869257 -0.2242536160842369 -0.22365890375869257 -0.2242536160842369 -0.34949088439507797 -0.34949088439507797 -0.22365890375869257 -0.2242536160842369 -0.2242536160842369 -0.22365890375869257 -0.3506494746984468 -0.3383453790153704 -0.22365890375869257 -0.2242536160842369 -0.27005890295416307 -0.2848952819809878 -0.2848952819809878 -0.30437866871025687 -0.2848952819809878 -0.2193623217286479 -0.29739806179248135 -0.2193623217286479 -0.2193623217286479 -0.28814647446065556 -0.27310196318611324 -0.22365890375869257 -0.2242536160842369 -0.22365890375869257 -0.27728833812697506 -0.275001067744771 -0.27728833812697506 -0.27728833812697506 -0.24608350123410716 -0.24608350123410716 -0.24608350123410716 -0.24608350123410716 -0.24608350123410716 -0.24608350123410716 -0.24608350123410716 -0.24608350123410716 -0.2533354382360858 -0.24060642835879015 -0.24128929685859066 -0.23416617697624637 -0.21120511551064294 -0.17878673222920366 -0.20307828980346065 -0.19190623139777044 -0.15342730792101933 -0.12665588461770977 -0.12665588461770977 -0.12665588461770977 -0.12804132297459625 -0.10793597280673287 -0.06264961289990426
-0.47749519236881216 -0.2193623217286479 -0.3431730565256306 -0.3431730565256306 -0.3431730565256306 -0.46291876205033156 -0.46291876205033156 -0.46291876205033156 -0.49092978818377897 -0.49092978818377897 -0.3431730565256306 -0.3431730565256306 -0.3431730565256306 -0.46291876205033156 -0.46291876205033156 -0.3431730565256306 -0.3917333710810699 -0.3917333710810699 -0.3431730565256306 -0.46291876205033156 -0.3917333710810699 -0.3431730565256306 -0.3431730565256306 -0.3917333710810699 -0.38449925136202795 -0.3431730565256306 -0.3431730565256306 -0.3431730565256306 -0.3917333710810699 -0.49092978818377897 -0.3431730565256306 -0.3917333710810699 -0.4798109651856203 -0.4803085083412011 -0.3917333710810699 -0.3917333710810699 -0.42755773711356315 -0.3917333710810699 -0.22365890375869257 -0.2242536160842369 -0.22365890375869257 -0.2242536160842369 -0.34949088439507797 -0.34949088439507797 -0.22365890375869257 -0.2242536160842369 -0.2242536160842369 -0.22365890375869257 -0.3506494746984468 -0.3383453790153704 -0.22365890375869257 -0.2242536160842369 -0.27005890295416307 -0.2848952819809878 -0.2848952819809878 -0.30437866871025687 -0.2848952819809878 -0.2193623217286479 -0.29739806179248135 -0.2193623217286479 -0.2193623217286479 -0.28814647446065556 -0.27310196318611324 -0.22365890375869257 -0.2242536160842369 -0.22365890375869257 -0.27728833812697506 -0.275001067744771 -0.27728833812697506 -0.27728833812697506 -0.24608350123410716 -0.24608350123410716 -0.24608350123410716 -0.24608350123410716 -0.24608350123410716 -0.24608350123410716 -0.24608350123410716 -0.24608350123410716 -0.2533354382360858 -0.24060642835879015 -0.24128929685859066 -0.23416617697624637 -0.21120511551064294 -0.17878673222920366 -0.20307828980346065 -0.19190623139777044 -0.15342730792101933 -0.12665588461770977 -0.12665588461770977 -0.12665588461770977 -0.12804132297459625 -0.10793597280673287 -0.06264961289990426
-0.3383453790153704 -0.2193623217286479 -0.3383453790153704 -0.3383453790153704 -0.3383453790153704 -0.3383453790153704 -0.3383453790153704 -0.3383453790153704 -0.3383453790153704 -0.3383453790153704 -0.3383453790153704 -0.3383453790153704 -0.3383453790153704 -0.3383453790153704 -0.3383453790153704 -0.3383453790153704 -0.3383453790153704 -0.3383453790153704 -0.3383453790153704 -0.3383453790153704 -0.3383453790153704 -0.3383453790153704 -0.3383453790153704 -0.3383453790153704 -0.3383453790153704 -0.3383453790153704 -0.3383453790153704 -0.3383453790153704 -0.3383453790153704 -0.3383453790153704 -0.3383453790153704 -0.3383453790153704 -0.3383453790153704 -0.3383453790153704 -0.3383453790153704 -0.3383453790153704 -0.3383453790153704 -0.3383453790153704 -0.22365890375869257 -0.2242536160842369 -0.22365890375869257 -0.2242536160842369 -0.3383453790153704 -0.3383453790153704 -0.22365890375869257 -0.2242536160842369 -0.2242536160842369 -0.22365890375869257 -0.3383453790153704 -0.3383453790153704 -0.22365890375869257 -0.2242536160842369 -0.27005890295416307 -0.2848952819809878 -0.2848952819809878 -0.30437866871025687 -0.2848952819809878 -0.2193623217286479 -0.29739806179248135 -0.2193623217286479 -0.2193623217286479 -0.28814647446065556 -0.27310196318611324 -0.22365890375869257 -0.2242536160842369 -0.22365890375869257 -0.27728833812697506 -0.275001067744771 -0.27728833812697506 -0.27728833812697506 -0.24608350123410716 -0.24608350123410716 -0.24608350123410716 -0.24608350123410716 -0.24608350123410716 -0.24608350123410716 -0.24608350123410716 -0.24608350123410716 -0.2533354382360858 -0.24060642835879015 -0.24128929685859066 -0.23416617697624637 -0.21120511551064294 -0.17878673222920366 -0.20307828980346065 -0.19190623139777044 -0.15342730792101933 -0.12665588461770977 -0.12665588461770977 -0.12665588461770977 -0.12804132297459625 -0.10793597280673287 -0.06264961289990426
-0.2193623217286479 -0.2193623217286479 -0.2193623217286479 -0.2193623217286479 -0.2193623217286479 -0.2193623217286479 -0.2193623217286479 -0.2193623217286479 -0.2193623217286479 -0.2193623217286479 -0.2193623217286479 -0.2193623217286479 -0.2193623217286479 -0.2193623217286479 -0.2193623217286479 -0.2193623217286479 -0.2193623217286479 -0.2193623217286479 -0.2193623217286479 -0.2193623217286479 -0.2193623217286479 -0.2193623217286479 -0.2193623217286479 -0.2193623217286479 -0.2193623217286479 -0.2193623217286479 -0.2193623217286479 -0.2193623217286479 -0.2193623217286479 -0.2193623217286479 -0.2193623217286479 -0.2193623217286479 -0.2193623217286479 -0.2193623217286479 -0.2193623217286479 -0.2193623217286479 -0.2193623217286479 -0.2193623217286479 -0.2193623217286479 -0.2193623217286479 -0.2193623217286479 -0.2193623217286479 -0.2193623217286479 -0.2193623217286479 -0.2193623217286479 -0.2193623217286479 -0.2193623217286479 -0.2193623217286479 -0.2193623217286479 -0.2193623217286479 -0.2193623217286479 -0.2193623217286479 -0.2193623217286479 -0.2193623217286479 -0.2193623217286479 -0.2193623217286479 -0.2193623217286479 -0.2193623217286479 -0.2193623217286479 -0.2193623217286479 -0.2193623217286479 -0.2193623217286479 -0.2193623217286479 -0.2193623217286479 -0.2193623217286479 -0.2193623217286479 -0.2193623217286479 -0.2193623217286479 -0.2193623217286479 -0.2193623217286479 -0.2193623217286479 -0.2193623217286479 -0.2193623217286479 -0.2193623217286479 -0.2193623217286479 -0.2193623217286479 -0.2193623217286479 -0.2193623217286479 -0.2193623217286479 -0.2193623217286479 -0.2193623217286479 -0.2193623217286479 -0.21120511551064294 -0.17878673222920366 -0.20307828980346065 -0.19190623139777044 -0.15342730792101933 -0.12665588461770977 -0.12665588461770977 -0.12665588461770977 -0.12804132297459625 -0.10793597280673287 -0.06264961289990426
-0.2533354382360858 -0.2193623217286479 -0.2533354382360858 -0.2533354382360858 -0.2533354382360858 -0.2533354382360858 -0.2533354382360858 -0.2533354382360858 -0.2533354382360858 -0.2533354382360858 -0.2533354382360858 -0.2533354382360858 -0.2533354382360858 -0.2533354382360858 -0.2533354382360858 -0.2533354382360858 -0.2533354382360858 -0.2533354382360858 -0.2533354382360858 -0.2533354382360858 -0.2533354382360858 -0.2533354382360858 -0.2533354382360858 -0.2533354382360858 -0.2533354382360858 -0.2533354382360858 -0.2533354382360858 -0.2533354382360858 -0.2533354382360858 -0.2533354382360858 -0.2533354382360858 -0.2533354382360858 -0.2533354382360858 -0.2533354382360858 -0.2533354382360858 -0.2533354382360858 -0.2533354382360858 -0.2533354382360858 -0.22365890375869257 -0.2242536160842369 -0.22365890375869257 -0.2242536160842369 -0.2533354382360858 -0.2533354382360858 -0.22365890375869257 -0.2242536160842369 -0.2242536160842369 -0.22365890375869257 -0.2533354382360858 -0.2533354382360858 -0.22365890375869257 -0.2242536160842369 -0.2533354382360858 -0.2533354382360858 -0.2533354382360858 -0.2533354382360858 -0.2533354382360858 -0.2193623217286479 -0.2533354382360858 -0.2193623217286479 -0.2193623217286479 -0.2533354382360858 -0.2533354382360858 -0.22365890375869257 -0.2242536160842369 -0.22365890375869257 -0.2533354382360858 -0.2533354382360858 -0.2533354382360858 -0.2533354382360858 -0.24608350123410716 -0.24608350123410716 -0.24608350123410716 -0.24608350123410716 -0.24608350123410716 -0.24608350123410716 -0.24608350123410716 -0.24608350123410716 -0.2533354382360858 -0.24060642835879015 -0.24128929685859066 -0.23416617697624637 -0.21120511551064294 -0.17878673222920366 -0.20307828980346065 -0.19190623139777044 -0.15342730792101933 -0.12665588461770977 -0.12665588461770977 -0.12665588461770977 -0.12804132297459625 -0.10793597280673287 -0.06264961289990426
-0.2533354382360858 -0.2193623217286479 -0.2533354382360858 -0.2533354382360858 -0.2533354382360858 -0.2533354382360858 -0.2533354382360858 -0.2533354382360858 -0.2533354382360858 -0.2533354382360858 -0.2533354382360858 -0.2533354382360858 -0.2533354382360858 -0.2533354382360858 -0.2533354382360858 -0.2533354382360858 -0.2533354382360858 -0.2533354382360858 -0.2533354382360858 -0.2533354382360858 -0.2533354382360858 -0.2533354382360858 -0.2533354382360858 -0.2533354382360858 -0.2533354382360858 -0.2533354382360858 -0.2533354382360858 -0.2533354382360858 -0.2533354382360858 -0.2533354382360858 -0.2533354382360858 -0.2533354382360858 -0.2533354382360858 -0.2533354382360858 -0.2533354382360858 -0.2533354382360858 -0.2533354382360858 -0.2533354382360858 -0.22365890375869257 -0.2242536160842369 -0.22365890375869257 -0.2242536160842369 -0.2533354382360858 -0.2533354382360858 -0.22365890375869257 -0.2242536160842369 -0.2242536160842369 -0.22365890375869257 -0.2533354382360858 -0.2533354382360858 -0.22365890375869257 -0.2242536160842369 -0.2533354382360858 -0.2533354382360858 -0.2533354382360858 -0.2533354382360858 -0.2533354382360858 -0.2193623217286479 -0.2533354382360858 -0.2193623217286479 -0.2193623217286479 -0.2533354382360858 -0.2533354382360858 -0.22365890375869257 -0.2242536160842369 -0.22365890375869257 -0.2533354382360858 -0.2533354382360858 -0.2533354382360858 -0.2533354382360858 -0.24608350123410716 -0.24608350123410716 -0.24608350123410716 -0.24608350123410716 -0.24608350123410716 -0.24608350123410716 -0.24608350123410716 -0.24608350123410716 -0.2533354382360858 -0.24060642835879015 -0.24128929685859066 -0.23416617697624637 -0.21120511551064294 -0.17878673222920366 -0.20307828980346065 -0.19190623139777044 -0.15342730792101933 -0.12665588461770977 -0.12665588461770977 -0.12665588461770977 -0.12804132297459625 -0.10793597280673287 -0.06264961289990426
-0.4301261631415177 -0.2193623217286479 -0.3431730565256306 -0.3431730565256306 -0.3431730565256306 -0.4301261631415177 -0.4301261631415177 -0.4301261631415177 -0.4301261631415177 -0.4301261631415177 -0.3431730565256306 -0.3431730565256306 -0.3431730565256306 -0.4301261631415177 -0.4301261631415177 -0.3431730565256306 -0.3917333710810699 -0.3917333710810699 -0.3431730565256306 -0.4301261631415177 -0.3917333710810699 -0.3431730565256306 -0.3431730565256306 -0.3917333710810699 -0.38449925136202795 -0.3431730565256306 -0.3431730565256306 -0.3431730565256306 -0.3917333710810699 -0.4301261631415177 -0.3431730565256306 -0.3917333710810699 -0.4301261631415177 -0.4301261631415177 -0.3917333710810699 -0.3917333710810699 -0.42755773711356315 -0.3917333710810699 -0.22365890375869257 -0.2242536160842369 -0.22365890375869257 -0.2242536160842369 -0.34949088439507797 -0.34949088439507797 -0.22365890375869257 -0.2242536160842369 -0.2242536160842369 -0.22365890375869257 -0.3506494746984468 -0.3383453790153704 -0.22365890375869257 -0.2242536160842369 -0.27005890295416307 -0.2848952819809878 -0.2848952819809878 -0.30437866871025687 -0.2848952819809878 -0.2193623217286479 -0.29739806179248135 -0.2193623217286479 -0.2193623217286479 -0.28814647446065556 -0.27310196318611324 -0.22365890375869257 -0.2242536160842369 -0.22365890375869257 -0.27728833812697506 -0.275001067744771 -0.27728833812697506 -0.27728833812697506 -0.24608350123410716 -0.24608350123410716 -0.24608350123410716 -0.24608350123410716 -0.24608350123410716 -0.24608350123410716 -0.24608350123410716 -0.24608350123410716 -0.2533354382360858 -0.24060642835879015 -0.24128929685859066 -0.23416617697624637 -0.21120511551064294 -0.17878673222920366 -0.20307828980346065 -0.19190623139777044 -0.15342730792101933 -0.12665588461770977 -0.12665588461770977 -0.12665588461770977 -0.12804132297459625 -0.10793597280673287 -0.06264961289990426
-0.2848952819809878 -0.2193623217286479 -0.2848952819809878 -0.2848952819809878 -0.2848952819809878 -0.2848952819809878 -0.2848952819809878 -0.2848952819809878 -0.2848952819809878 -0.2848952819809878 -0.2848952819809878 -0.2848952819809878 -0.2848952819809878 -0.2848952819809878 -0.2848952819809878 -0.2848952819809878 -0.2848952819809878 -0.2848952819809878 -0.2848952819809878 -0.2848952819809878 -0.2848952819809878 -0.2848952819809878 -0.2848952819809878 -0.2848952819809878 -0.2848952819809878 -0.2848952819809878 -0.2848952819809878 -0.2848952819809878 -0.2848952819809878 -0.2848952819809878 -0.2848952819809878 -0.2848952819809878 -0.2848952819809878 -0.2848952819809878 -0.2848952819809878 -0.2848952819809878 -0.2848952819809878 -0.2848952819809878 -0.22365890375869257 -0.2242536160842369 -0.22365890375869257 -0.2242536160842369 -0.2848952819809878 -0.2848952819809878 -0.22365890375869257 -0.2242536160842369 -0.2242536160842369 -0.22365890375869257 -0.2848952819809878 -0.2848952819809878 -0.22365890375869257 -0.2242536160842369 -0.27005890295416307 -0.2848952819809878 -0.2848952819809878 -0.2848952819809878 -0.2848952819809878 -0.2193623217286479 -0.2848952819809878 -0.2193623217286479 -0.2193623217286479 -0.2848952819809878 -0.27310196318611324 -0.22365890375869257 -0.2242536160842369 -0.22365890375869257 -0.27728833812697506 -0.275001067744771 -0.27728833812697506 -0.27728833812697506 -0.24608350123410716 -0.24608350123410716 -0.24608350123410716 -0.24608350123410716 -0.24608350123410716 -0.24608350123410716 -0.24608350123410716 -0.24608350123410716 -0.2533354382360858 -0.24060642835879015 -0.24128929685859066 -0.23416617697624637 -0.21120511551064294 -0.17878673222920366 -0.20307828980346065 -0.19190623139777044 -0.15342730792101933 -0.12665588461770977 -0.12665588461770977 -0.12665588461770977 -0.12804132297459625 -0.10793597280673287 -0.06264961289990426
-0.29739806179248135 -0.2193623217286479 -0.29739806179248135 -0.29739806179248135 -0.29739806179248135 -0.29739806179248135 -0.29739806179248135 -0.29739806179248135 -0.29739806179248135 -0.29739806179248135 -0.29739806179248135 -0.29739806179248135 -0.29739806179248135 -0.29739806179248135 -0.29739806179248135 -0.29739806179248135 -0.29739806179248135 -0.29739806179248135 -0.29739806179248135 -0.29739806179248135 -0.29739806179248135 -0.29739806179248135 -0.29739806179248135 -0.29739806179248135 -0.29739806179248135 -0.29739806179248135 -0.29739806179248135 -0.29739806179248135 -0.29739806179248135 -0.29739806179248135 -0.29739806179248135 -0.29739806179248135 -0.29739806179248135 -0.29739806179248135 -0.29739806179248135 -0.29739806179248135 -0.29739806179248135 -0.29739806179248135 -0.22365890375869257 -0.2242536160842369 -0.22365890375869257 -0.2242536160842369 -0.29739806179248135 -0.29739806179248135 -0.22365890375869257 -0.2242536160842369 -0.2242536160842369 -0.22365890375869257 -0.29739806179248135 -0.29739806179248135 -0.22365890375869257 -0.2242536160842369 -0.27005890295416307 -0.2848952819809878 -0.2848952819809878 -0.29739806179248135 -0.2848952819809878 -0.2193623217286479 -0.29739806179248135 -0.2193623217286479 -0.2193623217286479 -0.28814647446065556 -0.27310196318611324 -0.22365890375869257 -0.2242536160842369 -0.22365890375869257 -0.27728833812697506 -0.275001067744771 -0.27728833812697506 -0.27728833812697506 -0.24608350123410716 -0.24608350123410716 -0.24608350123410716 -0.24608350123410716 -0.24608350123410716 -0.24608350123410716 -0.24608350123410716 -0.24608350123410716 -0.2533354382360858 -0.24060642835879015 -0.24128929685859066 -0.23416617697624637 -0.21120511551064294 -0.17878673222920366 -0.20307828980346065 -0.19190623139777044 -0.15342730792101933 -0.12665588461770977 -0.12665588461770977 -0.12665588461770977 -0.12804132297459625 -0.10793597280673287 -0.06264961289990426
-0.27005890295416307 -0.2193623217286479 -0.27005890295416307 -0.27005890295416307 -0.27005890295416307 -0.27005890295416307 -0.27005890295416307 -0.27005890295416307 -0.27005890295416307 -0.27005890295416307 -0.27005890295416307 -0.27005890295416307 -0.27005890295416307 -0.27005890295416307 -0.27005890295416307 -0.27005890295416307 -0.27005890295416307 -0.27005890295416307 -0.27005890295416307 -0.27005890295416307 -0.27005890295416307 -0.27005890295416307 -0.27005890295416307 -0.27005890295416307 -0.27005890295416307 -0.27005890295416307 -0.27005890295416307 -0.27005890295416307 -0.27005890295416307 -0.27005890295416307 -0.27005890295416307 -0.27005890295416307 -0.27005890295416307 -0.27005890295416307 -0.27005890295416307 -0.27005890295416307 -0.27005890295416307 -0.27005890295416307 -0.22365890375869257 -0.2242536160842369 -0.22365890375869257 -0.2242536160842369 -0.27005890295416307 -0.27005890295416307 -0.22365890375869257 -0.2242536160842369 -0.2242536160842369 -0.22365890375869257 -0.27005890295416307 -0.27005890295416307 -0.22365890375869257 -0.2242536160842369 -0.27005890295416307 -0.27005890295416307 -0.27005890295416307 -0.27005890295416307 -0.27005890295416307 -0.2193623217286479 -0.27005890295416307 -0.2193623217286479 -0.2193623217286479 -0.27005890295416307 -0.27005890295416307 -0.22365890375869257 -0.2242536160842369 -0.22365890375869257 -0.27005890295416307 -0.27005890295416307 -0.27005890295416307 -0.27005890295416307 -0.24608350123410716 -0.24608350123410716 -0.24608350123410716 -0.24608350123410716 -0.24608350123410716 -0.24608350123410716 -0.24608350123410716 -0.24608350123410716 -0.2533354382360858 -0.24060642835879015 -0.24128929685859066 -0.23416617697624637 -0.21120511551064294 -0.17878673222920366 -0.20307828980346065 -0.19190623139777044 -0.15342730792101933 -0.12665588461770977 -0.12665588461770977 -0.12665588461770977 -0.12804132297459625 -0.10793597280673287 -0.06264961289990426
-0.3917333710810699 -0.2193623217286479 -0.3431730565256306 -0.3431730565256306 -0.3431730565256306 -0.3917333710810699 -0.3917333710810699 -0.3917333710810699 -0.3917333710810699 -0.3917333710810699 -0.3431730565256306 -0.3431730565256306 -0.3431730565256306 -0.3917333710810699 -0.3917333710810699 -0.3431730565256306 -0.40051560620808807 -0.40051560620808807 -0.3431730565256306 -0.3917333710810699 -0.40051560620808807 -0.3431730565256306 -0.3431730565256306 -0.40051560620808807 -0.38449925136202795 -0.3431730565256306 -0.3431730565256306 -0.3431730565256306 -0.40051560620808807 -0.3917333710810699 -0.3431730565256306 -0.40051560620808807 -0.3917333710810699 -0.3917333710810699 -0.3929235352990972 -0.3929235352990972 -0.3917333710810699 -0.39657284647272123 -0.22365890375869257 -0.2242536160842369 -0.22365890375869257 -0.2242536160842369 -0.34949088439507797 -0.34949088439507797 -0.22365890375869257 -0.2242536160842369 -0.2242536160842369 -0.22365890375869257 -0.3506494746984468 -0.3383453790153704 -0.22365890375869257 -0.2242536160842369 -0.27005890295416307 -0.2848952819809878 -0.2848952819809878 -0.30437866871025687 -0.2848952819809878 -0.2193623217286479 -0.29739806179248135 -0.2193623217286479 -0.2193623217286479 -0.28814647446065556 -0.27310196318611324 -0.22365890375869257 -0.2242536160842369 -0.22365890375869257 -0.27728833812697506 -0.275001067744771 -0.27728833812697506 -0.27728833812697506 -0.24608350123410716 -0.24608350123410716 -0.24608350123410716 -0.24608350123410716 -0.24608350123410716 -0.24608350123410716 -0.24608350123410716 -0.24608350123410716 -0.2533354382360858 -0.24060642835879015 -0.24128929685859066 -0.23416617697624637 -0.21120511551064294 -0.17878673222920366 -0.20307828980346065 -0.19190623139777044 -0.15342730792101933 -0.12665588461770977 -0.12665588461770977 -0.12665588461770977 -0.12804132297459625 -0.10793597280673287 -0.06264961289990426
-0.38449925136202795 -0.2193623217286479 -0.3431730565256306 -0.3431730565256306 -0.3431730565256306 -0.38449925136202795 -0.38449925136202795 -0.38449925136202795 -0.38449925136202795 -0.38449925136202795 -0.3431730565256306 -0.3431730565256306 -0.3431730565256306 -0.38449925136202795 -0.38449925136202795 -0.3431730565256306 -0.38449925136202795 -0.38449925136202795 -0.3431730565256306 -0.38449925136202795 -0.38449925136202795 -0.3431730565256306 -0.3431730565256306 -0.38449925136202795 -0.38449925136202795 -0.3431730565256306 -0.3431730565256306 -0.3431730565256306 -0.38449925136202795 -0.38449925136202795 -0.3431730565256306 -0.38449925136202795 -0.38449925136202795 -0.38449925136202795 -0.38449925136202795 -0.38449925136202795 -0.38449925136202795 -0.38449925136202795 -0.22365890375869257 -0.2242536160842369 -0.22365890375869257 -0.2242536160842369 -0.34949088439507797 -0.34949088439507797 -0.22365890375869257 -0.2242536160842369 -0.2242536160842369 -0.22365890375869257 -0.3506494746984468 -0.3383453790153704 -0.22365890375869257 -0.2242536160842369 -0.27005890295416307 -0.2848952819809878 -0.2848952819809878 -0.30437866871025687 -0.2848952819809878 -0.2193623217286479 -0.29739806179248135 -0.2193623217286479 -0.2193623217286479 -0.28814647446065556 -0.27310196318611324 -0.22365890375869257 -0.2242536160842369 -0.22365890375869257 -0.27728833812697506 -0.275001067744771 -0.27728833812697506 -0.27728833812697506 -0.24608350123410716 -0.24608350123410716 -0.24608350123410716 -0.24608350123410716 -0.24608350123410716 -0.24608350123410716 -0.24608350123410716 -0.24608350123410716 -0.2533354382360858 -0.24060642835879015 -0.24128929685859066 -0.23416617697624637 -0.21120511551064294 -0.17878673222920366 -0.20307828980346065 -0.19190623139777044 -0.15342730792101933 -0.12665588461770977 -0.12665588461770977 -0.12665588461770977 -0.12804132297459625 -0.10793597280673287 -0.06264961289990426
-0.38449925136202795 -0.2193623217286479 -0.3431730565256306 -0.3431730565256306 -0.3431730565256306 -0.38449925136202795 -0.38449925136202795 -0.38449925136202795 -0.38449925136202795 -0.38449925136202795 -0.3431730565256306 -0.3431730565256306 -0.3431730565256306 -0.38449925136202795 -0.38449925136202795 -0.3431730565256306 -0.38449925136202795 -0.38449925136202795 -0.3431730565256306 -0.38449925136202795 -0.38449925136202795 -0.3431730565256306 -0.3431730565256306 -0.38449925136202795 -0.38449925136202795 -0.3431730565256306 -0.3431730565256306 -0.3431730565256306 -0.38449925136202795 -0.38449925136202795 -0.3431730565256306 -0.38449925136202795 -0.38449925136202795 -0.38449925136202795 -0.38449925136202795 -0.38449925136202795 -0.38449925136202795 -0.38449925136202795 -0.22365890375869257 -0.2242536160842369 -0.22365890375869257 -0.2242536160842369 -0.34949088439507797 -0.34949088439507797 -0.22365890375869257 -0.2242536160842369 -0.2242536160842369 -0.22365890375869257 -0.3506494746984468 -0.3383453790153704 -0.22365890375869257 -0.2242536160842369 -0.27005890295416307 -0.2848952819809878 -0.2848952819809878 -0.30437866871025687 -0.2848952819809878 -0.2193623217286479 -0.29739806179248135 -0.2193623217286479 -0.2193623217286479 -0.28814647446065556 -0.27310196318611324 -0.22365890375869257 -0.2242536160842369 -0.22365890375869257 -0.27728833812697506 -0.275001067744771 -0.27728833812697506 -0.27728833812697506 -0.24608350123410716 -0.24608350123410716 -0.24608350123410716 -0.24608350123410716 -0.24608350123410716 -0.24608350123410716 -0.24608350123410716 -0.24608350123410716 -0.2533354382360858 -0.24060642835879015 -0.24128929685859066 -0.23416617697624637 -0.21120511551064294 -0.17878673222920366 -0.20307828980346065 -0.19190623139777044 -0.15342730792101933 -0.12665588461770977 -0.12665588461770977 -0.12665588461770977 -0.12804132297459625 -0.10793597280673287 -0.06264961289990426
-0.34949088439507797 -0.2193623217286479 -0.3431730565256306 -0.3431730565256306 -0.3431730565256306 -0.34949088439507797 -0.34949088439507797 -0.34949088439507797 -0.34949088439507797 -0.34949088439507797 -0.3431730565256306 -0.3431730565256306 -0.3431730565256306 -0.34949088439507797 -0.34949088439507797 -0.3431730565256306 -0.34949088439507797 -0.34949088439507797 -0.3431730565256306 -0.34949088439507797 -0.34949088439507797 -0.3431730565256306 -0.3431730565256306 -0.34949088439507797 -0.34949088439507797 -0.3431730565256306 -0.3431730565256306 -0.3431730565256306 -0.34949088439507797 -0.34949088439507797 -0.3431730565256306 -0.34949088439507797 -0.34949088439507797 -0.34949088439507797 -0.34949088439507797 -0.34949088439507797 -0.34949088439507797 -0.34949088439507797 -0.22365890375869257 -0.2242536160842369 -0.22365890375869257 -0.2242536160842369 -0.34949088439507797 -0.34949088439507797 -0.22365890375869257 -0.2242536160842369 -0.2242536160842369 -0.22365890375869257 -0.34949088439507797 -0.3383453790153704 -0.22365890375869257 -0.2242536160842369 -0.27005890295416307 -0.2848952819809878 -0.2848952819809878 -0.30437866871025687 -0.2848952819809878 -0.2193623217286479 -0.29739806179248135 -0.2193623217286479 -0.2193623217286479 -0.28814647446065556 -0.27310196318611324 -0.22365890375869257 -0.2242536160842369 -0.22365890375869257 -0.27728833812697506 -0.275001067744771 -0.27728833812697506 -0.27728833812697506 -0.24608350123410716 -0.24608350123410716 -0.24608350123410716 -0.24608350123410716 -0.24608350123410716 -0.24608350123410716 -0.24608350123410716 -0.24608350123410716 -0.2533354382360858 -0.24060642835879015 -0.24128929685859066 -0.23416617697624637 -0.21120511551064294 -0.17878673222920366 -0.20307828980346065 -0.19190623139777044 -0.15342730792101933 -0.12665588461770977 -0.12665588461770977 -0.12665588461770977 -0.12804132297459625 -0.10793597280673287 -0.06264961289990426
-0.38449925136202795 -0.2193623217286479 -0.3431730565256306 -0.3431730565256306 -0.3431730565256306 -0.38449925136202795 -0.38449925136202795 -0.38449925136202795 -0.38449925136202795 -0.38449925136202795 -0.3431730565256306 -0.3431730565256306 -0.3431730565256306 -0.38449925136202795 -0.38449925136202795 -0.3431730565256306 -0.38449925136202795 -0.38449925136202795 -0.3431730565256306 -0.38449925136202795 -0.38449925136202795 -0.3431730565256306 -0.3431730565256306 -0.38449925136202795 -0.38449925136202795 -0.3431730565256306 -0.3431730565256306 -0.3431730565256306 -0.38449925136202795 -0.38449925136202795 -0.3431730565256306 -0.38449925136202795 -0.38449925136202795 -0.38449925136202795 -0.38449925136202795 -0.38449925136202795 -0.38449925136202795 -0.38449925136202795 -0.22365890375869257 -0.2242536160842369 -0.22365890375869257 -0.2242536160842369 -0.34949088439507797 -0.34949088439507797 -0.22365890375869257 -0.2242536160842369 -0.2242536160842369 -0.22365890375869257 -0.3506494746984468 -0.3383453790153704 -0.22365890375869257 -0.2242536160842369 -0.27005890295416307 -0.2848952819809878 -0.2848952819809878 -0.30437866871025687 -0.2848952819809878 -0.2193623217286479 -0.29739806179248135 -0.2193623217286479 -0.2193623217286479 -0.28814647446065556 -0.27310196318611324 -0.22365890375869257 -0.2242536160842369 -0.22365890375869257 -0.27728833812697506 -0.275001067744771 -0.27728833812697506 -0.27728833812697506 -0.24608350123410716 -0.24608350123410716 -0.24608350123410716 -0.24608350123410716 -0.24608350123410716 -0.24608350123410716 -0.24608350123410716 -0.24608350123410716 -0.2533354382360858 -0.24060642835879015 -0.24128929685859066 -0.23416617697624637 -0.21120511551064294 -0.17878673222920366 -0.20307828980346065 -0.19190623139777044 -0.15342730792101933 -0.12665588461770977 -0.12665588461770977 -0.12665588461770977 -0.12804132297459625 -0.10793597280673287 -0.06264961289990426
-0.22365890375869257 -0.2193623217286479 -0.22365890375869257 -0.22365890375869257 -0.22365890375869257 -0.22365890375869257 -0.22365890375869257 -0.22365890375869257 -0.22365890375869257 -0.22365890375869257 -0.22365890375869257 -0.22365890375869257 -0.22365890375869257 -0.22365890375869257 -0.22365890375869257 -0.22365890375869257 -0.22365890375869257 -0.22365890375869257 -0.22365890375869257 -0.22365890375869257 -0.22365890375869257 -0.22365890375869257 -0.22365890375869257 -0.22365890375869257 -0.22365890375869257 -0.22365890375869257 -0.22365890375869257 -0.22365890375869257 -0.22365890375869257 -0.22365890375869257 -0.22365890375869257 -0.22365890375869257 -0.22365890375869257 -0.22365890375869257 -0.22365890375869257 -0.22365890375869257 -0.22365890375869257 -0.22365890375869257 -0.3848039497056876 -0.22365890375869257 -0.288100895283785 -0.22365890375869257 -0.22365890375869257 -0.22365890375869257 -0.288100895283785 -0.22365890375869257 -0.22365890375869257 -0.35538191648215833 -0.22365890375869257 -0.22365890375869257 -0.288100895283785 -0.22365890375869257 -0.22365890375869257 -0.22365890375869257 -0.22365890375869257 -0.22365890375869257 -0.22365890375869257 -0.2193623217286479 -0.22365890375869257 -0.2193623217286479 -0.2193623217286479 -0.22365890375869257 -0.22365890375869257 -0.28012035134796814 -0.22365890375869257 -0.2831865617264477 -0.22365890375869257 -0.22365890375869257 -0.22365890375869257 -0.22365890375869257 -0.22365890375869257 -0.22365890375869257 -0.22365890375869257 -0.22365890375869257 -0.22365890375869257 -0.22365890375869257 -0.22365890375869257 -0.22365890375869257 -0.22365890375869257 -0.22365890375869257 -0.22365890375869257 -0.22365890375869257 -0.21120511551064294 -0.17878673222920366 -0.20307828980346065 -0.19190623139777044 -0.15342730792101933 -0.12665588461770977 -0.12665588461770977 -0.12665588461770977 -0.12804132297459625 -0.10793597280673287 -0.06264961289990426
-0.3383453790153704 -0.2193623217286479 -0.3383453790153704 -0.3383453790153704 -0.3383453790153704 -0.3383453790153704 -0.3383453790153704 -0.3383453790153704 -0.3383453790153704 -0.3383453790153704 -0.3383453790153704 -0.3383453790153704 -0.3383453790153704 -0.3383453790153704 -0.3383453790153704 -0.3383453790153704 -0.3383453790153704 -0.3383453790153704 -0.3383453790153704 -0.3383453790153704 -0.3383453790153704 -0.3383453790153704 -0.3383453790153704 -0.3383453790153704 -0.3383453790153704 -0.3383453790153704 -0.3383453790153704 -0.3383453790153704 -0.3383453790153704 -0.3383453790153704 -0.3383453790153704 -0.3383453790153704 -0.3383453790153704 -0.3383453790153704 -0.3383453790153704 -0.3383453790153704 -0.3383453790153704 -0.3383453790153704 -0.22365890375869257 -0.2242536160842369 -0.22365890375869257 -0.2242536160842369 -0.3383453790153704 -0.3383453790153704 -0.22365890375869257 -0.2242536160842369 -0.2242536160842369 -0.22365890375869257 -0.3383453790153704 -0.3383453790153704 -0.22365890375869257 -0.2242536160842369 -0.27005890295416307 -0.2848952819809878 -0.2848952819809878 -0.30437866871025687 -0.2848952819809878 -0.2193623217286479 -0.29739806179248135 -0.2193623217286479 -0.2193623217286479 -0.28814647446065556 -0.27310196318611324 -0.22365890375869257 -0.2242536160842369 -0.22365890375869257 -0.27728833812697506 -0.275001067744771 -0.27728833812697506 -0.27728833812697506 -0.24608350123410716 -0.24608350123410716 -0.24608350123410716 -0.24608350123410716 -0.24608350123410716 -0.24608350123410716 -0.24608350123410716 -0.24608350123410716 -0.2533354382360858 -0.24060642835879015 -0.24128929685859066 -0.23416617697624637 -0.21120511551064294 -0.17878673222920366 -0.20307828980346065 -0.19190623139777044 -0.15342730792101933 -0.12665588461770977 -0.12665588461770977 -0.12665588461770977 -0.12804132297459625 -0.10793597280673287 -0.06264961289990426
-0.2242536160842369 -0.2193623217286479 -0.2242536160842369 -0.2242536160842369 -0.2242536160842369 -0.2242536160842369 -0.2242536160842369 -0.2242536160842369 -0.2242536160842369 -0.2242536160842369 -0.2242536160842369 -0.2242536160842369 -0.2242536160842369 -0.2242536160842369 -0.2242536160842369 -0.2242536160842369 -0.2242536160842369 -0.2242536160842369 -0.2242536160842369 -0.2242536160842369 -0.2242536160842369 -0.2242536160842369 -0.2242536160842369 -0.2242536160842369 -0.2242536160842369 -0.2242536160842369 -0.2242536160842369 -0.2242536160842369 -0.2242536160842369 -0.2242536160842369 -0.2242536160842369 -0.2242536160842369 -0.2242536160842369 -0.2242536160842369 -0.2242536160842369 -0.2242536160842369 -0.2242536160842369 -0.2242536160842369 -0.22365890375869257 -0.3825153921390218 -0.22365890375869257 -0.3260348504264834 -0.2242536160842369 -0.2242536160842369 -0.22365890375869257 -0.29841812783928906 -0.2974998272982452 -0.22365890375869257 -0.2242536160842369 -0.2242536160842369 -0.22365890375869257 -0.29841812783928906 -0.2242536160842369 -0.2242536160842369 -0.2242536160842369 -0.2242536160842369 -0.2242536160842369 -0.2193623217286479 -0.2242536160842369 -0.2193623217286479 -0.2193623217286479 -0.2242536160842369 -0.2242536160842369 -0.22365890375869257 -0.2450032221205995 -0.22365890375869257 -0.2242536160842369 -0.2242536160842369 -0.2242536160842369 -0.2242536160842369 -0.2242536160842369 -0.2242536160842369 -0.2242536160842369 -0.2242536160842369 -0.2242536160842369 -0.2242536160842369 -0.2242536160842369 -0.2242536160842369 -0.2242536160842369 -0.2242536160842369 -0.2242536160842369 -0.2242536160842369 -0.21120511551064294 -0.17878673222920366 -0.20307828980346065 -0.19190623139777044 -0.15342730792101933 -0.12665588461770977 -0.12665588461770977 -0.12665588461770977 -0.12804132297459625 -0.10793597280673287 -0.06264961289990426
-0.2848952819809878 -0.2193623217286479 -0.2848952819809878 -0.2848952819809878 -0.2848952819809878 -0.2848952819809878 -0.2848952819809878 -0.2848952819809878 -0.2848952819809878 -0.2848952819809878 -0.2848952819809878 -0.2848952819809878 -0.2848952819809878 -0.2848952819809878 -0.2848952819809878 -0.2848952819809878 -0.2848952819809878 -0.2848952819809878 -0.2848952819809878 -0.2848952819809878 -0.2848952819809878 -0.2848952819809878 -0.2848952819809878 -0.2848952819809878 -0.2848952819809878 -0.2848952819809878 -0.2848952819809878 -0.2848952819809878 -0.2848952819809878 -0.2848952819809878 -0.2848952819809878 -0.2848952819809878 -0.2848952819809878 -0.2848952819809878 -0.2848952819809878 -0.2848952819809878 -0.2848952819809878 -0.2848952819809878 -0.22365890375869257 -0.2242536160842369 -0.22365890375869257 -0.2242536160842369 -0.2848952819809878 -0.2848952819809878 -0.22365890375869257 -0.2242536160842369 -0.2242536160842369 -0.22365890375869257 -0.2848952819809878 -0.2848952819809878 -0.22365890375869257 -0.2242536160842369 -0.27005890295416307 -0.2848952819809878 -0.2848952819809878 -0.2848952819809878 -0.2848952819809878 -0.2193623217286479 -0.2848952819809878 -0.2193623217286479 -0.2193623217286479 -0.2848952819809878 -0.27310196318611324 -0.22365890375869257 -0.2242536160842369 -0.22365890375869257 -0.27728833812697506 -0.275001067744771 -0.27728833812697506 -0.27728833812697506 -0.24608350123410716 -0.24608350123410716 -0.24608350123410716 -0.24608350123410716 -0.24608350123410716 -0.24608350123410716 -0.24608350123410716 -0.24608350123410716 -0.2533354382360858 -0.24060642835879015 -0.24128929685859066 -0.23416617697624637 -0.21120511551064294 -0.17878673222920366 -0.20307828980346065 -0.19190623139777044 -0.15342730792101933 -0.12665588461770977 -0.12665588461770977 -0.12665588461770977 -0.12804132297459625 -0.10793597280673287 -0.06264961289990426
-0.3383453790153704 -0.2193623217286479 -0.3383453790153704 -0.3383453790153704 -0.3383453790153704 -0.3383453790153704 -0.3383453790153704 -0.3383453790153704 -0.3383453790153704 -0.3383453790153704 -0.3383453790153704 -0.3383453790153704 -0.3383453790153704 -0.3383453790153704 -0.3383453790153704 -0.3383453790153704 -0.3383453790153704 -0.3383453790153704 -0.3383453790153704 -0.3383453790153704 -0.3383453790153704 -0.3383453790153704 -0.3383453790153704 -0.3383453790153704 -0.3383453790153704 -0.3383453790153704 -0.3383453790153704 -0.3383453790153704 -0.3383453790153704 -0.3383453790153704 -0.3383453790153704 -0.3383453790153704 -0.3383453790153704 -0.3383453790153704 -0.3383453790153704 -0.3383453790153704 -0.3383453790153704 -0.3383453790153704 -0.22365890375869257 -0.2242536160842369 -0.22365890375869257 -0.2242536160842369 -0.3383453790153704 -0.3383453790153704 -0.22365890375869257 -0.2242536160842369 -0.2242536160842369 -0.22365890375869257 -0.3383453790153704 -0.3383453790153704 -0.22365890375869257 -0.2242536160842369 -0.27005890295416307 -0.2848952819809878 -0.2848952819809878 -0.30437866871025687 -0.2848952819809878 -0.2193623217286479 -0.29739806179248135 -0.2193623217286479 -0.2193623217286479 -0.28814647446065556 -0.27310196318611324 -0.22365890375869257 -0.2242536160842369 -0.22365890375869257 -0.27728833812697506 -0.275001067744771 -0.27728833812697506 -0.27728833812697506 -0.24608350123410716 -0.24608350123410716 -0.24608350123410716 -0.24608350123410716 -0.24608350123410716 -0.24608350123410716 -0.24608350123410716 -0.24608350123410716 -0.2533354382360858 -0.24060642835879015 -0.24128929685859066 -0.23416617697624637 -0.21120511551064294 -0.17878673222920366 -0.20307828980346065 -0.19190623139777044 -0.15342730792101933 -0.12665588461770977 -0.12665588461770977 -0.12665588461770977 -0.12804132297459625 -0.10793597280673287 -0.06264961289990426
-0.22365890375869257 -0.2193623217286479 -0.22365890375869257 -0.22365890375869257 -0.22365890375869257 -0.22365890375869257 -0.22365890375869257 -0.22365890375869257 -0.22365890375869257 -0.22365890375869257 -0.22365890375869257 -0.22365890375869257 -0.22365890375869257 -0.22365890375869257 -0.22365890375869257 -0.22365890375869257 -0.22365890375869257 -0.22365890375869257 -0.22365890375869257 -0.22365890375869257 -0.22365890375869257 -0.22365890375869257 -0.22365890375869257 -0.22365890375869257 -0.22365890375869257 -0.22365890375869257 -0.22365890375869257 -0.22365890375869257 -0.22365890375869257 -0.22365890375869257 -0.22365890375869257 -0.22365890375869257 -0.22365890375869257 -0.22365890375869257 -0.22365890375869257 -0.22365890375869257 -0.22365890375869257 -0.22365890375869257 -0.288100895283785 -0.22365890375869257 -0.37334863984519456 -0.22365890375869257 -0.22365890375869257 -0.22365890375869257 -0.35728160924666547 -0.22365890375869257 -0.22365890375869257 -0.288100895283785 -0.22365890375869257 -0.22365890375869257 -0.2950575029896832 -0.22365890375869257 -0.22365890375869257 -0.22365890375869257 -0.22365890375869257 -0.22365890375869257 -0.22365890375869257 -0.2193623217286479 -0.22365890375869257 -0.2193623217286479 -0.2193623217286479 -0.22365890375869257 -0.22365890375869257 -0.28012035134796814 -0.22365890375869257 -0.2831865617264477 -0.22365890375869257 -0.22365890375869257 -0.22365890375869257 -0.22365890375869257 -0.22365890375869257 -0.22365890375869257 -0.22365890375869257 -0.22365890375869257 -0.22365890375869257 -0.22365890375869257 -0.22365890375869257 -0.22365890375869257 -0.22365890375869257 -0.22365890375869257 -0.22365890375869257 -0.22365890375869257 -0.21120511551064294 -0.17878673222920366 -0.20307828980346065 -0.19190623139777044 -0.15342730792101933 -0.12665588461770977 -0.12665588461770977 -0.12665588461770977 -0.12804132297459625 -0.10793597280673287 -0.06264961289990426
-0.2242536160842369 -0.2193623217286479 -0.2242536160842369 -0.2242536160842369 -0.2242536160842369 -0.2242536160842369 -0.2242536160842369 -0.2242536160842369 -0.2242536160842369 -0.2242536160842369 -0.2242536160842369 -0.2242536160842369 -0.2242536160842369 -0.2242536160842369 -0.2242536160842369 -0.2242536160842369 -0.2242536160842369 -0.2242536160842369 -0.2242536160842369 -0.2242536160842369 -0.2242536160842369 -0.2242536160842369 -0.2242536160842369 -0.2242536160842369 -0.2242536160842369 -0.2242536160842369 -0.2242536160842369 -0.2242536160842369 -0.2242536160842369 -0.2242536160842369 -0.2242536160842369 -0.2242536160842369 -0.2242536160842369 -0.2242536160842369 -0.2242536160842369 -0.2242536160842369 -0.2242536160842369 -0.2242536160842369 -0.22365890375869257 -0.3260348504264834 -0.22365890375869257 -0.3706912981724754 -0.2242536160842369 -0.2242536160842369 -0.22365890375869257 -0.29841812783928906 -0.2974998272982452 -0.22365890375869257 -0.2242536160842369 -0.2242536160842369 -0.22365890375869257 -0.29841812783928906 -0.2242536160842369 -0.2242536160842369 -0.2242536160842369 -0.2242536160842369 -0.2242536160842369 -0.2193623217286479 -0.2242536160842369 -0.2193623217286479 -0.2193623217286479 -0.2242536160842369 -0.2242536160842369 -0.22365890375869257 -0.2450032221205995 -0.22365890375869257 -0.2242536160842369 -0.2242536160842369 -0.2242536160842369 -0.2242536160842369 -0.2242536160842369 -0.2242536160842369 -0.2242536160842369 -0.2242536160842369 -0.2242536160842369 -0.2242536160842369 -0.2242536160842369 -0.2242536160842369 -0.2242536160842369 -0.2242536160842369 -0.2242536160842369 -0.2242536160842369 -0.21120511551064294 -0.17878673222920366 -0.20307828980346065 -0.19190623139777044 -0.15342730792101933 -0.12665588461770977 -0.12665588461770977 -0.12665588461770977 -0.12804132297459625 -0.10793597280673287 -0.06264961289990426
-0.23416617697624637 -0.2193623217286479 -0.23416617697624637 -0.23416617697624637 -0.23416617697624637 -0.23416617697624637 -0.23416617697624637 -0.23416617697624637 -0.23416617697624637 -0.23416617697624637 -0.23416617697624637 -0.23416617697624637 -0.23416617697624637 -0.23416617697624637 -0.23416617697624637 -0.23416617697624637 -0.23416617697624637 -0.23416617697624637 -0.23416617697624637 -0.23416617697624637 -0.23416617697624637 -0.23416617697624637 -0.23416617697624637 -0.23416617697624637 -0.23416617697624637 -0.23416617697624637 -0.23416617697624637 -0.23416617697624637 -0.23416617697624637 -0.23416617697624637 -0.23416617697624637 -0.23416617697624637 -0.23416617697624637 -0.23416617697624637 -0.23416617697624637 -0.23416617697624637 -0.23416617697624637 -0.23416617697624637 -0.22365890375869257 -0.2242536160842369 -0.22365890375869257 -0.2242536160842369 -0.23416617697624637 -0.23416617697624637 -0.22365890375869257 -0.2242536160842369 -0.2242536160842369 -0.22365890375869257 -0.23416617697624637 -0.23416617697624637 -0.22365890375869257 -0.2242536160842369 -0.23416617697624637 -0.23416617697624637 -0.23416617697624637 -0.23416617697624637 -0.23416617697624637 -0.2193623217286479 -0.23416617697624637 -0.2193623217286479 -0.2193623217286479 -0.23416617697624637 -0.23416617697624637 -0.22365890375869257 -0.2242536160842369 -0.22365890375869257 -0.23416617697624637 -0.23416617697624637 -0.23416617697624637 -0.23416617697624637 -0.23416617697624637 -0.23416617697624637 -0.23416617697624637 -0.23416617697624637 -0.23416617697624637 -0.23416617697624637 -0.23416617697624637 -0.23416617697624637 -0.23416617697624637 -0.23416617697624637 -0.23416617697624637 -0.23416617697624637 -0.21120511551064294 -0.17878673222920366 -0.20307828980346065 -0.19190623139777044 -0.15342730792101933 -0.12665588461770977 -0.12665588461770977 -0.12665588461770977 -0.12804132297459625 -0.10793597280673287 -0.06264961289990426
-0.22365890375869257 -0.2193623217286479 -0.22365890375869257 -0.22365890375869257 -0.22365890375869257 -0.22365890375869257 -0.22365890375869257 -0.22365890375869257 -0.22365890375869257 -0.22365890375869257 -0.22365890375869257 -0.22365890375869257 -0.22365890375869257 -0.22365890375869257 -0.22365890375869257 -0.22365890375869257 -0.22365890375869257 -0.22365890375869257 -0.22365890375869257 -0.22365890375869257 -0.22365890375869257 -0.22365890375869257 -0.22365890375869257 -0.22365890375869257 -0.22365890375869257 -0.22365890375869257 -0.22365890375869257 -0.22365890375869257 -0.22365890375869257 -0.22365890375869257 -0.22365890375869257 -0.22365890375869257 -0.22365890375869257 -0.22365890375869257 -0.22365890375869257 -0.22365890375869257 -0.22365890375869257 -0.22365890375869257 -0.35538191648215833 -0.22365890375869257 -0.288100895283785 -0.22365890375869257 -0.22365890375869257 -0.22365890375869257 -0.288100895283785 -0.22365890375869257 -0.22365890375869257 -0.36266149174239126 -0.22365890375869257 -0.22365890375869257 -0.288100895283785 -0.22365890375869257 -0.22365890375869257 -0.22365890375869257 -0.22365890375869257 -0.22365890375869257 -0.22365890375869257 -0.2193623217286479 -0.22365890375869257 -0.2193623217286479 -0.2193623217286479 -0.22365890375869257 -0.22365890375869257 -0.28012035134796814 -0.22365890375869257 -0.2831865617264477 -0.22365890375869257 -0.22365890375869257 -0.22365890375869257 -0.22365890375869257 -0.22365890375869257 -0.22365890375869257 -0.22365890375869257 -0.22365890375869257 -0.22365890375869257 -0.22365890375869257 -0.22365890375869257 -0.22365890375869257 -0.22365890375869257 -0.22365890375869257 -0.22365890375869257 -0.22365890375869257 -0.21120511551064294 -0.17878673222920366 -0.20307828980346065 -0.19190623139777044 -0.15342730792101933 -0.12665588461770977 -0.12665588461770977 -0.12665588461770977 -0.12804132297459625 -0.10793597280673287 -0.06264961289990426
-0.22365890375869257 -0.2193623217286479 -0.22365890375869257 -0.22365890375869257 -0.22365890375869257 -0.22365890375869257 -0.22365890375869257 -0.22365890375869257 -0.22365890375869257 -0.22365890375869257 -0.22365890375869257 -0.22365890375869257 -0.22365890375869257 -0.22365890375869257 -0.22365890375869257 -0.22365890375869257 -0.22365890375869257 -0.22365890375869257 -0.22365890375869257 -0.22365890375869257 -0.22365890375869257 -0.22365890375869257 -0.22365890375869257 -0.22365890375869257 -0.22365890375869257 -0.22365890375869257 -0.22365890375869257 -0.22365890375869257 -0.22365890375869257 -0.22365890375869257 -0.22365890375869257 -0.22365890375869257 -0.22365890375869257 -0.22365890375869257 -0.22365890375869257 -0.22365890375869257 -0.22365890375869257 -0.22365890375869257 -0.288100895283785 -0.22365890375869257 -0.35728160924666547 -0.22365890375869257 -0.22365890375869257 -0.22365890375869257 -0.3627520264337972 -0.22365890375869257 -0.22365890375869257 -0.288100895283785 -0.22365890375869257 -0.22365890375869257 -0.2950575029896832 -0.22365890375869257 -0.22365890375869257 -0.22365890375869257 -0.22365890375869257 -0.22365890375869257 -0.22365890375869257 -0.2193623217286479 -0.22365890375869257 -0.2193623217286479 -0.2193623217286479 -0.22365890375869257 -0.22365890375869257 -0.28012035134796814 -0.22365890375869257 -0.2831865617264477 -0.22365890375869257 -0.22365890375869257 -0.22365890375869257 -0.22365890375869257 -0.22365890375869257 -0.22365890375869257 -0.22365890375869257 -0.22365890375869257 -0.22365890375869257 -0.22365890375869257 -0.22365890375869257 -0.22365890375869257 -0.22365890375869257 -0.22365890375869257 -0.22365890375869257 -0.22365890375869257 -0.21120511551064294 -0.17878673222920366 -0.20307828980346065 -0.19190623139777044 -0.15342730792101933 -0.12665588461770977 -0.12665588461770977 -0.12665588461770977 -0.12804132297459625 -0.10793597280673287 -0.06264961289990426
-0.2242536160842369 -0.2193623217286479 -0.2242536160842369 -0.2242536160842369 -0.2242536160842369 -0.2242536160842369 -0.2242536160842369 -0.2242536160842369 -0.2242536160842369 -0.2242536160842369 -0.2242536160842369 -0.2242536160842369 -0.2242536160842369 -0.2242536160842369 -0.2242536160842369 -0.2242536160842369 -0.2242536160842369 -0.2242536160842369 -0.2242536160842369 -0.2242536160842369 -0.2242536160842369 -0.2242536160842369 -0.2242536160842369 -0.2242536160842369 -0.2242536160842369 -0.2242536160842369 -0.2242536160842369 -0.2242536160842369 -0.2242536160842369 -0.2242536160842369 -0.2242536160842369 -0.2242536160842369 -0.2242536160842369 -0.2242536160842369 -0.2242536160842369 -0.2242536160842369 -0.2242536160842369 -0.2242536160842369 -0.22365890375869257 -0.2974998272982452 -0.22365890375869257 -0.2974998272982452 -0.2242536160842369 -0.2242536160842369 -0.22365890375869257 -0.2974998272982452 -0.36219630971282524 -0.22365890375869257 -0.2242536160842369 -0.2242536160842369 -0.22365890375869257 -0.2974998272982452 -0.2242536160842369 -0.2242536160842369 -0.2242536160842369 -0.2242536160842369 -0.2242536160842369 -0.2193623217286479 -0.2242536160842369 -0.2193623217286479 -0.2193623217286479 -0.2242536160842369 -0.2242536160842369 -0.22365890375869257 -0.2450032221205995 -0.22365890375869257 -0.2242536160842369 -0.2242536160842369 -0.2242536160842369 -0.2242536160842369 -0.2242536160842369 -0.2242536160842369 -0.2242536160842369 -0.2242536160842369 -0.2242536160842369 -0.2242536160842369 -0.2242536160842369 -0.2242536160842369 -0.2242536160842369 -0.2242536160842369 -0.2242536160842369 -0.2242536160842369 -0.21120511551064294 -0.17878673222920366 -0.20307828980346065 -0.19190623139777044 -0.15342730792101933 -0.12665588461770977 -0.12665588461770977 -0.12665588461770977 -0.12804132297459625 -0.10793597280673287 -0.06264961289990426
-0.2242536160842369 -0.2193623217286479 -0.2242536160842369 -0.2242536160842369 -0.2242536160842369 -0.2242536160842369 -0.2242536160842369 -0.2242536160842369 -0.2242536160842369 -0.2242536160842369 -0.2242536160842369 -0.2242536160842369 -0.2242536160842369 -0.2242536160842369 -0.2242536160842369 -0.2242536160842369 -0.2242536160842369 -0.2242536160842369 -0.2242536160842369 -0.2242536160842369 -0.2242536160842369 -0.2242536160842369 -0.2242536160842369 -0.2242536160842369 -0.2242536160842369 -0.2242536160842369 -0.2242536160842369 -0.2242536160842369 -0.2242536160842369 -0.2242536160842369 -0.2242536160842369 -0.2242536160842369 -0.2242536160842369 -0.2242536160842369 -0.2242536160842369 -0.2242536160842369 -0.2242536160842369 -0.2242536160842369 -0.22365890375869257 -0.29841812783928906 -0.22365890375869257 -0.29841812783928906 -0.2242536160842369 -0.2242536160842369 -0.22365890375869257 -0.3598918704150468 -0.2974998272982452 -0.22365890375869257 -0.2242536160842369 -0.2242536160842369 -0.22365890375869257 -0.3236446034906244 -0.2242536160842369 -0.2242536160842369 -0.2242536160842369 -0.2242536160842369 -0.2242536160842369 -0.2193623217286479 -0.2242536160842369 -0.2193623217286479 -0.2193623217286479 -0.2242536160842369 -0.2242536160842369 -0.22365890375869257 -0.2450032221205995 -0.22365890375869257 -0.2242536160842369 -0.2242536160842369 -0.2242536160842369 -0.2242536160842369 -0.2242536160842369 -0.2242536160842369 -0.2242536160842369 -0.2242536160842369 -0.2242536160842369 -0.2242536160842369 -0.2242536160842369 -0.2242536160842369 -0.2242536160842369 -0.2242536160842369 -0.2242536160842369 -0.2242536160842369 -0.21120511551064294 -0.17878673222920366 -0.20307828980346065 -0.19190623139777044 -0.15342730792101933 -0.12665588461770977 -0.12665588461770977 -0.12665588461770977 -0.12804132297459625 -0.10793597280673287 -0.06264961289990426
-0.3380084656869657 -0.2193623217286479 -0.3380084656869657 -0.3380084656869657 -0.3380084656869657 -0.3380084656869657 -0.3380084656869657 -0.3380084656869657 -0.3380084656869657 -0.3380084656869657 -0.3380084656869657 -0.3380084656869657 -0.3380084656869657 -0.3380084656869657 -0.3380084656869657 -0.3380084656869657 -0.3380084656869657 -0.3380084656869657 -0.3380084656869657 -0.3380084656869657 -0.3380084656869657 -0.3380084656869657 -0.3380084656869657 -0.3380084656869657 -0.3380084656869657 -0.3380084656869657 -0.3380084656869657 -0.3380084656869657 -0.3380084656869657 -0.3380084656869657 -0.3380084656869657 -0.3380084656869657 -0.3380084656869657 -0.3380084656869657 -0.3380084656869657 -0.3380084656869657 -0.3380084656869657 -0.3380084656869657 -0.22365890375869257 -0.2242536160842369 -0.22365890375869257 -0.2242536160842369 -0.3380084656869657 -0.3380084656869657 -0.22365890375869257 -0.2242536160842369 -0.2242536160842369 -0.22365890375869257 -0.3380084656869657 -0.3380084656869657 -0.22365890375869257 -0.2242536160842369 -0.27005890295416307 -0.2848952819809878 -0.2848952819809878 -0.30437866871025687 -0.2848952819809878 -0.2193623217286479 -0.29739806179248135 -0.2193623217286479 -0.2193623217286479 -0.28814647446065556 -0.27310196318611324 -0.22365890375869257 -0.2242536160842369 -0.22365890375869257 -0.27728833812697506 -0.275001067744771 -0.27728833812697506 -0.27728833812697506 -0.24608350123410716 -0.24608350123410716 -0.24608350123410716 -0.24608350123410716 -0.24608350123410716 -0.24608350123410716 -0.24608350123410716 -0.24608350123410716 -0.2533354382360858 -0.24060642835879015 -0.24128929685859066 -0.23416617697624637 -0.21120511551064294 -0.17878673222920366 -0.20307828980346065 -0.19190623139777044 -0.15342730792101933 -0.12665588461770977 -0.12665588461770977 -0.12665588461770977 -0.12804132297459625 -0.10793597280673287 -0.06264961289990426
-0.22365890375869257 -0.2193623217286479 -0.22365890375869257 -0.22365890375869257 -0.22365890375869257 -0.22365890375869257 -0.22365890375869257 -0.22365890375869257 -0.22365890375869257 -0.22365890375869257 -0.22365890375869257 -0.22365890375869257 -0.22365890375869257 -0.22365890375869257 -0.22365890375869257 -0.22365890375869257 -0.22365890375869257 -0.22365890375869257 -0.22365890375869257 -0.22365890375869257 -0.22365890375869257 -0.22365890375869257 -0.22365890375869257 -0.22365890375869257 -0.22365890375869257 -0.22365890375869257 -0.22365890375869257 -0.22365890375869257 -0.22365890375869257 -0.22365890375869257 -0.22365890375869257 -0.22365890375869257 -0.22365890375869257 -0.22365890375869257 -0.22365890375869257 -0.22365890375869257 -0.22365890375869257 -0.22365890375869257 -0.22365890375869257 -0.22365890375869257 -0.22365890375869257 -0.22365890375869257 -0.22365890375869257 -0.22365890375869257 -0.22365890375869257 -0.22365890375869257 -0.22365890375869257 -0.22365890375869257 -0.22365890375869257 -0.22365890375869257 -0.22365890375869257 -0.22365890375869257 -0.22365890375869257 -0.22365890375869257 -0.22365890375869257 -0.22365890375869257 -0.22365890375869257 -0.2193623217286479 -0.22365890375869257 -0.2193623217286479 -0.2193623217286479 -0.22365890375869257 -0.22365890375869257 -0.22365890375869257 -0.22365890375869257 -0.22365890375869257 -0.22365890375869257 -0.22365890375869257 -0.22365890375869257 -0.22365890375869257 -0.22365890375869257 -0.22365890375869257 -0.22365890375869257 -0.22365890375869257 -0.22365890375869257 -0.22365890375869257 -0.22365890375869257 -0.22365890375869257 -0.22365890375869257 -0.22365890375869257 -0.22365890375869257 -0.22365890375869257 -0.21120511551064294 -0.17878673222920366 -0.20307828980346065 -0.19190623139777044 -0.15342730792101933 -0.12665588461770977 -0.12665588461770977 -0.12665588461770977 -0.12804132297459625 -0.10793597280673287 -0.06264961289990426
-0.06264961289990426 -0.06264961289990426 -0.06264961289990426 -0.06264961289990426 -0.06264961289990426 -0.06264961289990426 -0.06264961289990426 -0.06264961289990426 -0.06264961289990426 -0.06264961289990426 -0.06264961289990426 -0.06264961289990426 -0.06264961289990426 -0.06264961289990426 -0.06264961289990426 -0.06264961289990426 -0.06264961289990426 -0.06264961289990426 -0.06264961289990426 -0.06264961289990426 -0.06264961289990426 -0.06264961289990426 -0.06264961289990426 -0.06264961289990426 -0.06264961289990426 -0.06264961289990426 -0.06264961289990426 -0.06264961289990426 -0.06264961289990426 -0.06264961289990426 -0.06264961289990426 -0.06264961289990426 -0.06264961289990426 -0.06264961289990426 -0.06264961289990426 -0.06264961289990426 -0.06264961289990426 -0.06264961289990426 -0.06264961289990426 -0.06264961289990426 -0.06264961289990426 -0.06264961289990426 -0.06264961289990426 -0.06264961289990426 -0.06264961289990426 -0.06264961289990426 -0.06264961289990426 -0.06264961289990426 -0.06264961289990426 -0.06264961289990426 -0.06264961289990426 -0.06264961289990426 -0.06264961289990426 -0.06264961289990426 -0.06264961289990426 -0.06264961289990426 -0.06264961289990426 -0.06264961289990426 -0.06264961289990426 -0.06264961289990426 -0.06264961289990426 -0.06264961289990426 -0.06264961289990426 -0.06264961289990426 -0.06264961289990426 -0.06264961289990426 -0.06264961289990426 -0.06264961289990426 -0.06264961289990426 -0.06264961289990426 -0.06264961289990426 -0.06264961289990426 -0.06264961289990426 -0.06264961289990426 -0.06264961289990426 -0.06264961289990426 -0.06264961289990426 -0.06264961289990426 -0.06264961289990426 -0.06264961289990426 -0.06264961289990426 -0.06264961289990426 -0.06264961289990426 -0.06264961289990426 -0.06264961289990426 -0.06264961289990426 -0.06264961289990426 -0.06264961289990426 -0.06264961289990426 -0.06264961289990426 -0.06264961289990426 -0.06264961289990426 -0.06264961289990426
-0.22365890375869257 -0.2193623217286479 -0.22365890375869257 -0.22365890375869257 -0.22365890375869257 -0.22365890375869257 -0.22365890375869257 -0.22365890375869257 -0.22365890375869257 -0.22365890375869257 -0.22365890375869257 -0.22365890375869257 -0.22365890375869257 -0.22365890375869257 -0.22365890375869257 -0.22365890375869257 -0.22365890375869257 -0.22365890375869257 -0.22365890375869257 -0.22365890375869257 -0.22365890375869257 -0.22365890375869257 -0.22365890375869257 -0.22365890375869257 -0.22365890375869257 -0.22365890375869257 -0.22365890375869257 -0.22365890375869257 -0.22365890375869257 -0.22365890375869257 -0.22365890375869257 -0.22365890375869257 -0.22365890375869257 -0.22365890375869257 -0.22365890375869257 -0.22365890375869257 -0.22365890375869257 -0.22365890375869257 -0.288100895283785 -0.22365890375869257 -0.2950575029896832 -0.22365890375869257 -0.22365890375869257 -0.22365890375869257 -0.2950575029896832 -0.22365890375869257 -0.22365890375869257 -0.288100895283785 -0.22365890375869257 -0.22365890375869257 -0.31978641091384813 -0.22365890375869257 -0.22365890375869257 -0.22365890375869257 -0.22365890375869257 -0.22365890375869257 -0.22365890375869257 -0.2193623217286479 -0.22365890375869257 -0.2193623217286479 -0.2193623217286479 -0.22365890375869257 -0.22365890375869257 -0.28012035134796814 -0.22365890375869257 -0.2831865617264477 -0.22365890375869257 -0.22365890375869257 -0.22365890375869257 -0.22365890375869257 -0.22365890375869257 -0.22365890375869257 -0.22365890375869257 -0.22365890375869257 -0.22365890375869257 -0.22365890375869257 -0.22365890375869257 -0.22365890375869257 -0.22365890375869257 -0.22365890375869257 -0.22365890375869257 -0.22365890375869257 -0.21120511551064294 -0.17878673222920366 -0.20307828980346065 -0.19190623139777044 -0.15342730792101933 -0.12665588461770977 -0.12665588461770977 -0.12665588461770977 -0.12804132297459625 -0.10793597280673287 -0.06264961289990426
-0.2242536160842369 -0.2193623217286479 -0.2242536160842369 -0.2242536160842369 -0.2242536160842369 -0.2242536160842369 -0.2242536160842369 -0.2242536160842369 -0.2242536160842369 -0.2242536160842369 -0.2242536160842369 -0.2242536160842369 -0.2242536160842369 -0.2242536160842369 -0.2242536160842369 -0.2242536160842369 -0.2242536160842369 -0.2242536160842369 -0.2242536160842369 -0.2242536160842369 -0.2242536160842369 -0.2242536160842369 -0.2242536160842369 -0.2242536160842369 -0.2242536160842369 -0.2242536160842369 -0.2242536160842369 -0.2242536160842369 -0.2242536160842369 -0.2242536160842369 -0.2242536160842369 -0.2242536160842369 -0.2242536160842369 -0.2242536160842369 -0.2242536160842369 -0.2242536160842369 -0.2242536160842369 -0.2242536160842369 -0.22365890375869257 -0.29841812783928906 -0.22365890375869257 -0.29841812783928906 -0.2242536160842369 -0.2242536160842369 -0.22365890375869257 -0.3164261226135387 -0.2974998272982452 -0.22365890375869257 -0.2242536160842369 -0.2242536160842369 -0.22365890375869257 -0.3164261226135387 -0.2242536160842369 -0.2242536160842369 -0.2242536160842369 -0.2242536160842369 -0.2242536160842369 -0.2193623217286479 -0.2242536160842369 -0.2193623217286479 -0.2193623217286479 -0.2242536160842369 -0.2242536160842369 -0.22365890375869257 -0.2450032221205995 -0.22365890375869257 -0.2242536160842369 -0.2242536160842369 -0.2242536160842369 -0.2242536160842369 -0.2242536160842369 -0.2242536160842369 -0.2242536160842369 -0.2242536160842369 -0.2242536160842369 -0.2242536160842369 -0.2242536160842369 -0.2242536160842369 -0.2242536160842369 -0.2242536160842369 -0.2242536160842369 -0.2242536160842369 -0.21120511551064294 -0.17878673222920366 -0.20307828980346065 -0.19190623139777044 -0.15342730792101933 -0.12665588461770977 -0.12665588461770977 -0.12665588461770977 -0.12804132297459625 -0.10793597280673287 -0.06264961289990426
-0.3137451493053959 -0.2193623217286479 -0.3137451493053959 -0.3137451493053959 -0.3137451493053959 -0.3137451493053959 -0.3137451493053959 -0.3137451493053959 -0.3137451493053959 -0.3137451493053959 -0.3137451493053959 -0.3137451493053959 -0.3137451493053959 -0.3137451493053959 -0.3137451493053959 -0.3137451493053959 -0.3137451493053959 -0.3137451493053959 -0.3137451493053959 -0.3137451493053959 -0.3137451493053959 -0.3137451493053959 -0.3137451493053959 -0.3137451493053959 -0.3137451493053959 -0.3137451493053959 -0.3137451493053959 -0.3137451493053959 -0.3137451493053959 -0.3137451493053959 -0.3137451493053959 -0.3137451493053959 -0.3137451493053959 -0.3137451493053959 -0.3137451493053959 -0.3137451493053959 -0.3137451493053959 -0.3137451493053959 -0.22365890375869257 -0.2242536160842369 -0.22365890375869257 -0.2242536160842369 -0.3137451493053959 -0.3137451493053959 -0.22365890375869257 -0.2242536160842369 -0.2242536160842369 -0.22365890375869257 -0.3137451493053959 -0.3137451493053959 -0.22365890375869257 -0.2242536160842369 -0.27005890295416307 -0.2848952819809878 -0.2848952819809878 -0.30437866871025687 -0.2848952819809878 -0.2193623217286479 -0.29739806179248135 -0.2193623217286479 -0.2193623217286479 -0.28814647446065556 -0.27310196318611324 -0.22365890375869257 -0.2242536160842369 -0.22365890375869257 -0.27728833812697506 -0.275001067744771 -0.27728833812697506 -0.27728833812697506 -0.24608350123410716 -0.24608350123410716 -0.24608350123410716 -0.24608350123410716 -0.24608350123410716 -0.24608350123410716 -0.24608350123410716 -0.24608350123410716 -0.2533354382360858 -0.24060642835879015 -0.24128929685859066 -0.23416617697624637 -0.21120511551064294 -0.17878673222920366 -0.20307828980346065 -0.19190623139777044 -0.15342730792101933 -0.12665588461770977 -0.12665588461770977 -0.12665588461770977 -0.12804132297459625 -0.10793597280673287 -0.06264961289990426
-0.30845675287124635 -0.2193623217286479 -0.30845675287124635 -0.30845675287124635 -0.30845675287124635 -0.30845675287124635 -0.30845675287124635 -0.30845675287124635 -0.30845675287124635 -0.30845675287124635 -0.30845675287124635 -0.30845675287124635 -0.30845675287124635 -0.30845675287124635 -0.30845675287124635 -0.30845675287124635 -0.30845675287124635 -0.30845675287124635 -0.30845675287124635 -0.30845675287124635 -0.30845675287124635 -0.30845675287124635 -0.30845675287124635 -0.30845675287124635 -0.30845675287124635 -0.30845675287124635 -0.30845675287124635 -0.30845675287124635 -0.30845675287124635 -0.30845675287124635 -0.30845675287124635 -0.30845675287124635 -0.30845675287124635 -0.30845675287124635 -0.30845675287124635 -0.30845675287124635 -0.30845675287124635 -0.30845675287124635 -0.22365890375869257 -0.2242536160842369 -0.22365890375869257 -0.2242536160842369 -0.30845675287124635 -0.30845675287124635 -0.22365890375869257 -0.2242536160842369 -0.2242536160842369 -0.22365890375869257 -0.30845675287124635 -0.30845675287124635 -0.22365890375869257 -0.2242536160842369 -0.27005890295416307 -0.2848952819809878 -0.2848952819809878 -0.30437866871025687 -0.2848952819809878 -0.2193623217286479 -0.29739806179248135 -0.2193623217286479 -0.2193623217286479 -0.28814647446065556 -0.27310196318611324 -0.22365890375869257 -0.2242536160842369 -0.22365890375869257 -0.27728833812697506 -0.275001067744771 -0.27728833812697506 -0.27728833812697506 -0.24608350123410716 -0.24608350123410716 -0.24608350123410716 -0.24608350123410716 -0.24608350123410716 -0.24608350123410716 -0.24608350123410716 -0.24608350123410716 -0.2533354382360858 -0.24060642835879015 -0.24128929685859066 -0.23416617697624637 -0.21120511551064294 -0.17878673222920366 -0.20307828980346065 -0.19190623139777044 -0.15342730792101933 -0.12665588461770977 -0.12665588461770977 -0.12665588461770977 -0.12804132297459625 -0.10793597280673287 -0.06264961289990426
-0.22365890375869257 -0.2193623217286479 -0.22365890375869257 -0.22365890375869257 -0.22365890375869257 -0.22365890375869257 -0.22365890375869257 -0.22365890375869257 -0.22365890375869257 -0.22365890375869257 -0.22365890375869257 -0.22365890375869257 -0.22365890375869257 -0.22365890375869257 -0.22365890375869257 -0.22365890375869257 -0.22365890375869257 -0.22365890375869257 -0.22365890375869257 -0.22365890375869257 -0.22365890375869257 -0.22365890375869257 -0.22365890375869257 -0.22365890375869257 -0.22365890375869257 -0.22365890375869257 -0.22365890375869257 -0.22365890375869257 -0.22365890375869257 -0.22365890375869257 -0.22365890375869257 -0.22365890375869257 -0.22365890375869257 -0.22365890375869257 -0.22365890375869257 -0.22365890375869257 -0.22365890375869257 -0.22365890375869257 -0.2831865617264477 -0.22365890375869257 -0.2831865617264477 -0.22365890375869257 -0.22365890375869257 -0.22365890375869257 -0.2831865617264477 -0.22365890375869257 -0.22365890375869257 -0.2831865617264477 -0.22365890375869257 -0.22365890375869257 -0.2831865617264477 -0.22365890375869257 -0.22365890375869257 -0.22365890375869257 -0.22365890375869257 -0.22365890375869257 -0.22365890375869257 -0.2193623217286479 -0.22365890375869257 -0.2193623217286479 -0.2193623217286479 -0.22365890375869257 -0.22365890375869257 -0.28012035134796814 -0.22365890375869257 -0.284613406359701 -0.22365890375869257 -0.22365890375869257 -0.22365890375869257 -0.22365890375869257 -0.22365890375869257 -0.22365890375869257 -0.22365890375869257 -0.22365890375869257 -0.22365890375869257 -0.22365890375869257 -0.22365890375869257 -0.22365890375869257 -0.22365890375869257 -0.22365890375869257 -0.22365890375869257 -0.22365890375869257 -0.21120511551064294 -0.17878673222920366 -0.20307828980346065 -0.19190623139777044 -0.15342730792101933 -0.12665588461770977 -0.12665588461770977 -0.12665588461770977 -0.12804132297459625 -0.10793597280673287 -0.06264961289990426
-0.27310196318611324 -0.2193623217286479 -0.27310196318611324 -0.27310196318611324 -0.27310196318611324 -0.27310196318611324 -0.27310196318611324 -0.27310196318611324 -0.27310196318611324 -0.27310196318611324 -0.27310196318611324 -0.27310196318611324 -0.27310196318611324 -0.27310196318611324 -0.27310196318611324 -0.27310196318611324 -0.27310196318611324 -0.27310196318611324 -0.27310196318611324 -0.27310196318611324 -0.27310196318611324 -0.27310196318611324 -0.27310196318611324 -0.27310196318611324 -0.27310196318611324 -0.27310196318611324 -0.27310196318611324 -0.27310196318611324 -0.27310196318611324 -0.27310196318611324 -0.27310196318611324 -0.27310196318611324 -0.27310196318611324 -0.27310196318611324 -0.27310196318611324 -0.27310196318611324 -0.27310196318611324 -0.27310196318611324 -0.22365890375869257 -0.2242536160842369 -0.22365890375869257 -0.2242536160842369 -0.27310196318611324 -0.27310196318611324 -0.22365890375869257 -0.2242536160842369 -0.2242536160842369 -0.22365890375869257 -0.27310196318611324 -0.27310196318611324 -0.22365890375869257 -0.2242536160842369 -0.27005890295416307 -0.27310196318611324 -0.27310196318611324 -0.27310196318611324 -0.27310196318611324 -0.2193623217286479 -0.27310196318611324 -0.2193623217286479 -0.2193623217286479 -0.27310196318611324 -0.27310196318611324 -0.22365890375869257 -0.2242536160842369 -0.22365890375869257 -0.27310196318611324 -0.27310196318611324 -0.27310196318611324 -0.27310196318611324 -0.24608350123410716 -0.24608350123410716 -0.24608350123410716 -0.24608350123410716 -0.24608350123410716 -0.24608350123410716 -0.24608350123410716 -0.24608350123410716 -0.2533354382360858 -0.24060642835879015 -0.24128929685859066 -0.23416617697624637 -0.21120511551064294 -0.17878673222920366 -0.20307828980346065 -0.19190623139777044 -0.15342730792101933 -0.12665588461770977 -0.12665588461770977 -0.12665588461770977 -0.12804132297459625 -0.10793597280673287 -0.06264961289990426
-0.2533354382360858 -0.2193623217286479 -0.2533354382360858 -0.2533354382360858 -0.2533354382360858 -0.2533354382360858 -0.2533354382360858 -0.2533354382360858 -0.2533354382360858 -0.2533354382360858 -0.2533354382360858 -0.2533354382360858 -0.2533354382360858 -0.2533354382360858 -0.2533354382360858 -0.2533354382360858 -0.2533354382360858 -0.2533354382360858 -0.2533354382360858 -0.2533354382360858 -0.2533354382360858 -0.2533354382360858 -0.2533354382360858 -0.2533354382360858 -0.2533354382360858 -0.2533354382360858 -0.2533354382360858 -0.2533354382360858 -0.2533354382360858 -0.2533354382360858 -0.2533354382360858 -0.2533354382360858 -0.2533354382360858 -0.2533354382360858 -0.2533354382360858 -0.2533354382360858 -0.2533354382360858 -0.2533354382360858 -0.22365890375869257 -0.2242536160842369 -0.22365890375869257 -0.2242536160842369 -0.2533354382360858 -0.2533354382360858 -0.22365890375869257 -0.2242536160842369 -0.2242536160842369 -0.22365890375869257 -0.2533354382360858 -0.2533354382360858 -0.22365890375869257 -0.2242536160842369 -0.2533354382360858 -0.2533354382360858 -0.2533354382360858 -0.2533354382360858 -0.2533354382360858 -0.2193623217286479 -0.2533354382360858 -0.2193623217286479 -0.2193623217286479 -0.2533354382360858 -0.2533354382360858 -0.22365890375869257 -0.2242536160842369 -0.22365890375869257 -0.2533354382360858 -0.2533354382360858 -0.2533354382360858 -0.2533354382360858 -0.24608350123410716 -0.24608350123410716 -0.24608350123410716 -0.24608350123410716 -0.24608350123410716 -0.24608350123410716 -0.24608350123410716 -0.24608350123410716 -0.2533354382360858 -0.24060642835879015 -0.24128929685859066 -0.23416617697624637 -0.21120511551064294 -0.17878673222920366 -0.20307828980346065 -0.19190623139777044 -0.15342730792101933 -0.12665588461770977 -0.12665588461770977 -0.12665588461770977 -0.12804132297459625 -0.10793597280673287 -0.06264961289990426
-0.22365890375869257 -0.2193623217286479 -0.22365890375869257 -0.22365890375869257 -0.22365890375869257 -0.22365890375869257 -0.22365890375869257 -0.22365890375869257 -0.22365890375869257 -0.22365890375869257 -0.22365890375869257 -0.22365890375869257 -0.22365890375869257 -0.22365890375869257 -0.22365890375869257 -0.22365890375869257 -0.22365890375869257 -0.22365890375869257 -0.22365890375869257 -0.22365890375869257 -0.22365890375869257 -0.22365890375869257 -0.22365890375869257 -0.22365890375869257 -0.22365890375869257 -0.22365890375869257 -0.22365890375869257 -0.22365890375869257 -0.22365890375869257 -0.22365890375869257 -0.22365890375869257 -0.22365890375869257 -0.22365890375869257 -0.22365890375869257 -0.22365890375869257 -0.22365890375869257 -0.22365890375869257 -0.22365890375869257 -0.2738997419344147 -0.22365890375869257 -0.2738997419344147 -0.22365890375869257 -0.22365890375869257 -0.22365890375869257 -0.2738997419344147 -0.22365890375869257 -0.22365890375869257 -0.2738997419344147 -0.22365890375869257 -0.22365890375869257 -0.2738997419344147 -0.22365890375869257 -0.22365890375869257 -0.22365890375869257 -0.22365890375869257 -0.22365890375869257 -0.22365890375869257 -0.2193623217286479 -0.22365890375869257 -0.2193623217286479 -0.2193623217286479 -0.22365890375869257 -0.22365890375869257 -0.2738997419344147 -0.22365890375869257 -0.2738997419344147 -0.22365890375869257 -0.22365890375869257 -0.22365890375869257 -0.22365890375869257 -0.22365890375869257 -0.22365890375869257 -0.22365890375869257 -0.22365890375869257 -0.22365890375869257 -0.22365890375869257 -0.22365890375869257 -0.22365890375869257 -0.22365890375869257 -0.22365890375869257 -0.22365890375869257 -0.22365890375869257 -0.21120511551064294 -0.17878673222920366 -0.20307828980346065 -0.19190623139777044 -0.15342730792101933 -0.12665588461770977 -0.12665588461770977 -0.12665588461770977 -0.12804132297459625 -0.10793597280673287 -0.06264961289990426
-0.2242536160842369 -0.2193623217286479 -0.2242536160842369 -0.2242536160842369 -0.2242536160842369 -0.2242536160842369 -0.2242536160842369 -0.2242536160842369 -0.2242536160842369 -0.2242536160842369 -0.2242536160842369 -0.2242536160842369 -0.2242536160842369 -0.2242536160842369 -0.2242536160842369 -0.2242536160842369 -0.2242536160842369 -0.2242536160842369 -0.2242536160842369 -0.2242536160842369 -0.2242536160842369 -0.2242536160842369 -0.2242536160842369 -0.2242536160842369 -0.2242536160842369 -0.2242536160842369 -0.2242536160842369 -0.2242536160842369 -0.2242536160842369 -0.2242536160842369 -0.2242536160842369 -0.2242536160842369 -0.2242536160842369 -0.2242536160842369 -0.2242536160842369 -0.2242536160842369 -0.2242536160842369 -0.2242536160842369 -0.22365890375869257 -0.2450032221205995 -0.22365890375869257 -0.2450032221205995 -0.2242536160842369 -0.2242536160842369 -0.22365890375869257 -0.2450032221205995 -0.2450032221205995 -0.22365890375869257 -0.2242536160842369 -0.2242536160842369 -0.22365890375869257 -0.2450032221205995 -0.2242536160842369 -0.2242536160842369 -0.2242536160842369 -0.2242536160842369 -0.2242536160842369 -0.2193623217286479 -0.2242536160842369 -0.2193623217286479 -0.2193623217286479 -0.2242536160842369 -0.2242536160842369 -0.22365890375869257 -0.27076893109819616 -0.22365890375869257 -0.2242536160842369 -0.2242536160842369 -0.2242536160842369 -0.2242536160842369 -0.2242536160842369 -0.2242536160842369 -0.2242536160842369 -0.2242536160842369 -0.2242536160842369 -0.2242536160842369 -0.2242536160842369 -0.2242536160842369 -0.2242536160842369 -0.2242536160842369 -0.2242536160842369 -0.2242536160842369 -0.21120511551064294 -0.17878673222920366 -0.20307828980346065 -0.19190623139777044 -0.15342730792101933 -0.12665588461770977 -0.12665588461770977 -0.12665588461770977 -0.12804132297459625 -0.10793597280673287 -0.06264961289990426
-0.15342730792101933 -0.15342730792101933 -0.15342730792101933 -0.15342730792101933 -0.15342730792101933 -0.15342730792101933 -0.15342730792101933 -0.15342730792101933 -0.15342730792101933 -0.15342730792101933 -0.15342730792101933 -0.15342730792101933 -0.15342730792101933 -0.15342730792101933 -0.15342730792101933 -0.15342730792101933 -0.15342730792101933 -0.15342730792101933 -0.15342730792101933 -0.15342730792101933 -0.15342730792101933 -0.15342730792101933 -0.15342730792101933 -0.15342730792101933 -0.15342730792101933 -0.15342730792101933 -0.15342730792101933 -0.15342730792101933 -0.15342730792101933 -0.15342730792101933 -0.15342730792101933 -0.15342730792101933 -0.15342730792101933 -0.15342730792101933 -0.15342730792101933 -0.15342730792101933 -0.15342730792101933 -0.15342730792101933 -0.15342730792101933 -0.15342730792101933 -0.15342730792101933 -0.15342730792101933 -0.15342730792101933 -0.15342730792101933 -0.15342730792101933 -0.15342730792101933 -0.15342730792101933 -0.15342730792101933 -0.15342730792101933 -0.15342730792101933 -0.15342730792101933 -0.15342730792101933 -0.15342730792101933 -0.15342730792101933 -0.15342730792101933 -0.15342730792101933 -0.15342730792101933 -0.15342730792101933 -0.15342730792101933 -0.15342730792101933 -0.15342730792101933 -0.15342730792101933 -0.15342730792101933 -0.15342730792101933 -0.15342730792101933 -0.15342730792101933 -0.15342730792101933 -0.15342730792101933 -0.15342730792101933 -0.15342730792101933 -0.15342730792101933 -0.15342730792101933 -0.15342730792101933 -0.15342730792101933 -0.15342730792101933 -0.15342730792101933 -0.15342730792101933 -0.15342730792101933 -0.15342730792101933 -0.15342730792101933 -0.15342730792101933 -0.15342730792101933 -0.15342730792101933 -0.15342730792101933 -0.15342730792101933 -0.15342730792101933 -0.15342730792101933 -0.12665588461770977 -0.12665588461770977 -0.12665588461770977 -0.12804132297459625 -0.10793597280673287 -0.06264961289990426
-0.12665588461770977 -0.12665588461770977 -0.12665588461770977 -0.12665588461770977 -0.12665588461770977 -0.12665588461770977 -0.12665588461770977 -0.12665588461770977 -0.12665588461770977 -0.12665588461770977 -0.12665588461770977 -0.12665588461770977 -0.12665588461770977 -0.12665588461770977 -0.12665588461770977 -0.12665588461770977 -0.12665588461770977 -0.12665588461770977 -0.12665588461770977 -0.12665588461770977 -0.12665588461770977 -0.12665588461770977 -0.12665588461770977 -0.12665588461770977 -0.12665588461770977 -0.12665588461770977 -0.12665588461770977 -0.12665588461770977 -0.12665588461770977 -0.12665588461770977 -0.12665588461770977 -0.12665588461770977 -0.12665588461770977 -0.12665588461770977 -0.12665588461770977 -0.12665588461770977 -0.12665588461770977 -0.12665588461770977 -0.12665588461770977 -0.12665588461770977 -0.12665588461770977 -0.12665588461770977 -0.12665588461770977 -0.12665588461770977 -0.12665588461770977 -0.12665588461770977 -0.12665588461770977 -0.12665588461770977 -0.12665588461770977 -0.12665588461770977 -0.12665588461770977 -0.12665588461770977 -0.12665588461770977 -0.12665588461770977 -0.12665588461770977 -0.12665588461770977 -0.12665588461770977 -0.12665588461770977 -0.12665588461770977 -0.12665588461770977 -0.12665588461770977 -0.12665588461770977 -0.12665588461770977 -0.12665588461770977 -0.12665588461770977 -0.12665588461770977 -0.12665588461770977 -0.12665588461770977 -0.12665588461770977 -0.12665588461770977 -0.12665588461770977 -0.12665588461770977 -0.12665588461770977 -0.12665588461770977 -0.12665588461770977 -0.12665588461770977 -0.12665588461770977 -0.12665588461770977 -0.12665588461770977 -0.12665588461770977 -0.12665588461770977 -0.12665588461770977 -0.12665588461770977 -0.12665588461770977 -0.12665588461770977 -0.12665588461770977 -0.12665588461770977 -0.12665588461770977 -0.12665588461770977 -0.12665588461770977 -0.12665588461770977 -0.10793597280673287 -0.06264961289990426
-0.06264961289990426 -0.06264961289990426 -0.06264961289990426 -0.06264961289990426 -0.06264961289990426 -0.06264961289990426 -0.06264961289990426 -0.06264961289990426 -0.06264961289990426 -0.06264961289990426 -0.06264961289990426 -0.06264961289990426 -0.06264961289990426 -0.06264961289990426 -0.06264961289990426 -0.06264961289990426 -0.06264961289990426 -0.06264961289990426 -0.06264961289990426 -0.06264961289990426 -0.06264961289990426 -0.06264961289990426 -0.06264961289990426 -0.06264961289990426 -0.06264961289990426 -0.06264961289990426 -0.06264961289990426 -0.06264961289990426 -0.06264961289990426 -0.06264961289990426 -0.06264961289990426 -0.06264961289990426 -0.06264961289990426 -0.06264961289990426 -0.06264961289990426 -0.06264961289990426 -0.06264961289990426 -0.06264961289990426 -0.06264961289990426 -0.06264961289990426 -0.06264961289990426 -0.06264961289990426 -0.06264961289990426 -0.06264961289990426 -0.06264961289990426 -0.06264961289990426 -0.06264961289990426 -0.06264961289990426 -0.06264961289990426 -0.06264961289990426 -0.06264961289990426 -0.06264961289990426 -0.06264961289990426 -0.06264961289990426 -0.06264961289990426 -0.06264961289990426 -0.06264961289990426 -0.06264961289990426 -0.06264961289990426 -0.06264961289990426 -0.06264961289990426 -0.06264961289990426 -0.06264961289990426 -0.06264961289990426 -0.06264961289990426 -0.06264961289990426 -0.06264961289990426 -0.06264961289990426 -0.06264961289990426 -0.06264961289990426 -0.06264961289990426 -0.06264961289990426 -0.06264961289990426 -0.06264961289990426 -0.06264961289990426 -0.06264961289990426 -0.06264961289990426 -0.06264961289990426 -0.06264961289990426 -0.06264961289990426 -0.06264961289990426 -0.06264961289990426 -0.06264961289990426 -0.06264961289990426 -0.06264961289990426 -0.06264961289990426 -0.06264961289990426 -0.06264961289990426 -0.06264961289990426 -0.06264961289990426 -0.06264961289990426 -0.06264961289990426 -0.06264961289990426
-0.10793597280673287 -0.10793597280673287 -0.10793597280673287 -0.10793597280673287 -0.10793597280673287 -0.10793597280673287 -0.10793597280673287 -0.10793597280673287 -0.10793597280673287 -0.10793597280673287 -0.10793597280673287 -0.10793597280673287 -0.10793597280673287 -0.10793597280673287 -0.10793597280673287 -0.10793597280673287 -0.10793597280673287 -0.10793597280673287 -0.10793597280673287 -0.10793597280673287 -0.10793597280673287 -0.10793597280673287 -0.10793597280673287 -0.10793597280673287 -0.10793597280673287 -0.10793597280673287 -0.10793597280673287 -0.10793597280673287 -0.10793597280673287 -0.10793597280673287 -0.10793597280673287 -0.10793597280673287 -0.10793597280673287 -0.10793597280673287 -0.10793597280673287 -0.10793597280673287 -0.10793597280673287 -0.10793597280673287 -0.10793597280673287 -0.10793597280673287 -0.10793597280673287 -0.10793597280673287 -0.10793597280673287 -0.10793597280673287 -0.10793597280673287 -0.10793597280673287 -0.10793597280673287 -0.10793597280673287 -0.10793597280673287 -0.10793597280673287 -0.10793597280673287 -0.10793597280673287 -0.10793597280673287 -0.10793597280673287 -0.10793597280673287 -0.10793597280673287 -0.10793597280673287 -0.10793597280673287 -0.10793597280673287 -0.10793597280673287 -0.10793597280673287 -0.10793597280673287 -0.10793597280673287 -0.10793597280673287 -0.10793597280673287 -0.10793597280673287 -0.10793597280673287 -0.10793597280673287 -0.10793597280673287 -0.10793597280673287 -0.10793597280673287 -0.10793597280673287 -0.10793597280673287 -0.10793597280673287 -0.10793597280673287 -0.10793597280673287 -0.10793597280673287 -0.10793597280673287 -0.10793597280673287 -0.10793597280673287 -0.10793597280673287 -0.10793597280673287 -0.10793597280673287 -0.10793597280673287 -0.10793597280673287 -0.10793597280673287 -0.10793597280673287 -0.10793597280673287 -0.10793597280673287 -0.10793597280673287 -0.10793597280673287 -0.10793597280673287 -0.06264961289990426
-0.10793597280673287 -0.10793597280673287 -0.10793597280673287 -0.10793597280673287 -0.10793597280673287 -0.10793597280673287 -0.10793597280673287 -0.10793597280673287 -0.10793597280673287 -0.10793597280673287 -0.10793597280673287 -0.10793597280673287 -0.10793597280673287 -0.10793597280673287 -0.10793597280673287 -0.10793597280673287 -0.10793597280673287 -0.10793597280673287 -0.10793597280673287 -0.10793597280673287 -0.10793597280673287 -0.10793597280673287 -0.10793597280673287 -0.10793597280673287 -0.10793597280673287 -0.10793597280673287 -0.10793597280673287 -0.10793597280673287 -0.10793597280673287 -0.10793597280673287 -0.10793597280673287 -0.10793597280673287 -0.10793597280673287 -0.10793597280673287 -0.10793597280673287 -0.10793597280673287 -0.10793597280673287 -0.10793597280673287 -0.10793597280673287 -0.10793597280673287 -0.10793597280673287 -0.10793597280673287 -0.10793597280673287 -0.10793597280673287 -0.10793597280673287 -0.10793597280673287 -0.10793597280673287 -0.10793597280673287 -0.10793597280673287 -0.10793597280673287 -0.10793597280673287 -0.10793597280673287 -0.10793597280673287 -0.10793597280673287 -0.10793597280673287 -0.10793597280673287 -0.10793597280673287 -0.10793597280673287 -0.10793597280673287 -0.10793597280673287 -0.10793597280673287 -0.10793597280673287 -0.10793597280673287 -0.10793597280673287 -0.10793597280673287 -0.10793597280673287 -0.10793597280673287 -0.10793597280673287 -0.10793597280673287 -0.10793597280673287 -0.10793597280673287 -0.10793597280673287 -0.10793597280673287 -0.10793597280673287 -0.10793597280673287 -0.10793597280673287 -0.10793597280673287 -0.10793597280673287 -0.10793597280673287 -0.10793597280673287 -0.10793597280673287 -0.10793597280673287 -0.10793597280673287 -0.10793597280673287 -0.10793597280673287 -0.10793597280673287 -0.10793597280673287 -0.10793597280673287 -0.10793597280673287 -0.10793597280673287 -0.10793597280673287 -0.10793597280673287 -0.06264961289990426
-0.17878673222920366 -0.17878673222920366 -0.17878673222920366 -0.17878673222920366 -0.17878673222920366 -0.17878673222920366 -0.17878673222920366 -0.17878673222920366 -0.17878673222920366 -0.17878673222920366 -0.17878673222920366 -0.17878673222920366 -0.17878673222920366 -0.17878673222920366 -0.17878673222920366 -0.17878673222920366 -0.17878673222920366 -0.17878673222920366 -0.17878673222920366 -0.17878673222920366 -0.17878673222920366 -0.17878673222920366 -0.17878673222920366 -0.17878673222920366 -0.17878673222920366 -0.17878673222920366 -0.17878673222920366 -0.17878673222920366 -0.17878673222920366 -0.17878673222920366 -0.17878673222920366 -0.17878673222920366 -0.17878673222920366 -0.17878673222920366 -0.17878673222920366 -0.17878673222920366 -0.17878673222920366 -0.17878673222920366 -0.17878673222920366 -0.17878673222920366 -0.17878673222920366 -0.17878673222920366 -0.17878673222920366 -0.17878673222920366 -0.17878673222920366 -0.17878673222920366 -0.17878673222920366 -0.17878673222920366 -0.17878673222920366 -0.17878673222920366 -0.17878673222920366 -0.17878673222920366 -0.17878673222920366 -0.17878673222920366 -0.17878673222920366 -0.17878673222920366 -0.17878673222920366 -0.17878673222920366 -0.17878673222920366 -0.17878673222920366 -0.17878673222920366 -0.17878673222920366 -0.17878673222920366 -0.17878673222920366 -0.17878673222920366 -0.17878673222920366 -0.17878673222920366 -0.17878673222920366 -0.17878673222920366 -0.17878673222920366 -0.17878673222920366 -0.17878673222920366 -0.17878673222920366 -0.17878673222920366 -0.17878673222920366 -0.17878673222920366 -0.17878673222920366 -0.17878673222920366 -0.17878673222920366 -0.17878673222920366 -0.17878673222920366 -0.17878673222920366 -0.17878673222920366 -0.19226147144294253 -0.17878673222920366 -0.17878673222920366 -0.15342730792101933 -0.12665588461770977 -0.12665588461770977 -0.12665588461770977 -0.12804132297459625 -0.10793597280673287 -0.06264961289990426
-0.17058047383464273 -0.17058047383464273 -0.17058047383464273 -0.17058047383464273 -0.17058047383464273 -0.17058047383464273 -0.17058047383464273 -0.17058047383464273 -0.17058047383464273 -0.17058047383464273 -0.17058047383464273 -0.17058047383464273 -0.17058047383464273 -0.17058047383464273 -0.17058047383464273 -0.17058047383464273 -0.17058047383464273 -0.17058047383464273 -0.17058047383464273 -0.17058047383464273 -0.17058047383464273 -0.17058047383464273 -0.17058047383464273 -0.17058047383464273 -0.17058047383464273 -0.17058047383464273 -0.17058047383464273 -0.17058047383464273 -0.17058047383464273 -0.17058047383464273 -0.17058047383464273 -0.17058047383464273 -0.17058047383464273 -0.17058047383464273 -0.17058047383464273 -0.17058047383464273 -0.17058047383464273 -0.17058047383464273 -0.17058047383464273 -0.17058047383464273 -0.17058047383464273 -0.17058047383464273 -0.17058047383464273 -0.17058047383464273 -0.17058047383464273 -0.17058047383464273 -0.17058047383464273 -0.17058047383464273 -0.17058047383464273 -0.17058047383464273 -0.17058047383464273 -0.17058047383464273 -0.17058047383464273 -0.17058047383464273 -0.17058047383464273 -0.17058047383464273 -0.17058047383464273 -0.17058047383464273 -0.17058047383464273 -0.17058047383464273 -0.17058047383464273 -0.17058047383464273 -0.17058047383464273 -0.17058047383464273 -0.17058047383464273 -0.17058047383464273 -0.17058047383464273 -0.17058047383464273 -0.17058047383464273 -0.17058047383464273 -0.17058047383464273 -0.17058047383464273 -0.17058047383464273 -0.17058047383464273 -0.17058047383464273 -0.17058047383464273 -0.17058047383464273 -0.17058047383464273 -0.17058047383464273 -0.17058047383464273 -0.17058047383464273 -0.17058047383464273 -0.17058047383464273 -0.17058047383464273 -0.17058047383464273 -0.17058047383464273 -0.15342730792101933 -0.12665588461770977 -0.12665588461770977 -0.12665588461770977 -0.12804132297459625 -0.10793597280673287 -0.06264961289990426
-0.10793597280673287 -0.10793597280673287 -0.10793597280673287 -0.10793597280673287 -0.10793597280673287 -0.10793597280673287 -0.10793597280673287 -0.10793597280673287 -0.10793597280673287 -0.10793597280673287 -0.10793597280673287 -0.10793597280673287 -0.10793597280673287 -0.10793597280673287 -0.10793597280673287 -0.10793597280673287 -0.10793597280673287 -0.10793597280673287 -0.10793597280673287 -0.10793597280673287 -0.10793597280673287 -0.10793597280673287 -0.10793597280673287 -0.10793597280673287 -0.10793597280673287 -0.10793597280673287 -0.10793597280673287 -0.10793597280673287 -0.10793597280673287 -0.10793597280673287 -0.10793597280673287 -0.10793597280673287 -0.10793597280673287 -0.10793597280673287 -0.10793597280673287 -0.10793597280673287 -0.10793597280673287 -0.10793597280673287 -0.10793597280673287 -0.10793597280673287 -0.10793597280673287 -0.10793597280673287 -0.10793597280673287 -0.10793597280673287 -0.10793597280673287 -0.10793597280673287 -0.10793597280673287 -0.10793597280673287 -0.10793597280673287 -0.10793597280673287 -0.10793597280673287 -0.10793597280673287 -0.10793597280673287 -0.10793597280673287 -0.10793597280673287 -0.10793597280673287 -0.10793597280673287 -0.10793597280673287 -0.10793597280673287 -0.10793597280673287 -0.10793597280673287 -0.10793597280673287 -0.10793597280673287 -0.10793597280673287 -0.10793597280673287 -0.10793597280673287 -0.10793597280673287 -0.10793597280673287 -0.10793597280673287 -0.10793597280673287 -0.10793597280673287 -0.10793597280673287 -0.10793597280673287 -0.10793597280673287 -0.10793597280673287 -0.10793597280673287 -0.10793597280673287 -0.10793597280673287 -0.10793597280673287 -0.10793597280673287 -0.10793597280673287 -0.10793597280673287 -0.10793597280673287 -0.10793597280673287 -0.10793597280673287 -0.10793597280673287 -0.10793597280673287 -0.10793597280673287 -0.10793597280673287 -0.10793597280673287 -0.10793597280673287 -0.10793597280673287 -0.06264961289990426
-0.10793597280673287 -0.10793597280673287 -0.10793597280673287 -0.10793597280673287 -0.10793597280673287 -0.10793597280673287 -0.10793597280673287 -0.10793597280673287 -0.10793597280673287 -0.10793597280673287 -0.10793597280673287 -0.10793597280673287 -0.10793597280673287 -0.10793597280673287 -0.10793597280673287 -0.10793597280673287 -0.10793597280673287 -0.10793597280673287 -0.10793597280673287 -0.10793597280673287 -0.10793597280673287 -0.10793597280673287 -0.10793597280673287 -0.10793597280673287 -0.10793597280673287 -0.10793597280673287 -0.10793597280673287 -0.10793597280673287 -0.10793597280673287 -0.10793597280673287 -0.10793597280673287 -0.10793597280673287 -0.10793597280673287 -0.10793597280673287 -0.10793597280673287 -0.10793597280673287 -0.10793597280673287 -0.10793597280673287 -0.10793597280673287 -0.10793597280673287 -0.10793597280673287 -0.10793597280673287 -0.10793597280673287 -0.10793597280673287 -0.10793597280673287 -0.10793597280673287 -0.10793597280673287 -0.10793597280673287 -0.10793597280673287 -0.10793597280673287 -0.10793597280673287 -0.10793597280673287 -0.10793597280673287 -0.10793597280673287 -0.10793597280673287 -0.10793597280673287 -0.10793597280673287 -0.10793597280673287 -0.10793597280673287 -0.10793597280673287 -0.10793597280673287 -0.10793597280673287 -0.10793597280673287 -0.10793597280673287 -0.10793597280673287 -0.10793597280673287 -0.10793597280673287 -0.10793597280673287 -0.10793597280673287 -0.10793597280673287 -0.10793597280673287 -0.10793597280673287 -0.10793597280673287 -0.10793597280673287 -0.10793597280673287 -0.10793597280673287 -0.10793597280673287 -0.10793597280673287 -0.10793597280673287 -0.10793597280673287 -0.10793597280673287 -0.10793597280673287 -0.10793597280673287 -0.10793597280673287 -0.10793597280673287 -0.10793597280673287 -0.10793597280673287 -0.10793597280673287 -0.10793597280673287 -0.10793597280673287 -0.10793597280673287 -0.10793597280673287 -0.06264961289990426
-0.15342730792101933 -0.15342730792101933 -0.15342730792101933 -0.15342730792101933 -0.15342730792101933 -0.15342730792101933 -0.15342730792101933 -0.15342730792101933 -0.15342730792101933 -0.15342730792101933 -0.15342730792101933 -0.15342730792101933 -0.15342730792101933 -0.15342730792101933 -0.15342730792101933 -0.15342730792101933 -0.15342730792101933 -0.15342730792101933 -0.15342730792101933 -0.15342730792101933 -0.15342730792101933 -0.15342730792101933 -0.15342730792101933 -0.15342730792101933 -0.15342730792101933 -0.15342730792101933 -0.15342730792101933 -0.15342730792101933 -0.15342730792101933 -0.15342730792101933 -0.15342730792101933 -0.15342730792101933 -0.15342730792101933 -0.15342730792101933 -0.15342730792101933 -0.15342730792101933 -0.15342730792101933 -0.15342730792101933 -0.15342730792101933 -0.15342730792101933 -0.15342730792101933 -0.15342730792101933 -0.15342730792101933 -0.15342730792101933 -0.15342730792101933 -0.15342730792101933 -0.15342730792101933 -0.15342730792101933 -0.15342730792101933 -0.15342730792101933 -0.15342730792101933 -0.15342730792101933 -0.15342730792101933 -0.15342730792101933 -0.15342730792101933 -0.15342730792101933 -0.15342730792101933 -0.15342730792101933 -0.15342730792101933 -0.15342730792101933 -0.15342730792101933 -0.15342730792101933 -0.15342730792101933 -0.15342730792101933 -0.15342730792101933 -0.15342730792101933 -0.15342730792101933 -0.15342730792101933 -0.15342730792101933 -0.15342730792101933 -0.15342730792101933 -0.15342730792101933 -0.15342730792101933 -0.15342730792101933 -0.15342730792101933 -0.15342730792101933 -0.15342730792101933 -0.15342730792101933 -0.15342730792101933 -0.15342730792101933 -0.15342730792101933 -0.15342730792101933 -0.15342730792101933 -0.15342730792101933 -0.15342730792101933 -0.15342730792101933 -0.15901414378681974 -0.12665588461770977 -0.12665588461770977 -0.12665588461770977 -0.12804132297459625 -0.10793597280673287 -0.06264961289990426
-0.14014103319690552 -0.14014103319690552 -0.14014103319690552 -0.14014103319690552 -0.14014103319690552 -0.14014103319690552 -0.14014103319690552 -0.14014103319690552 -0.14014103319690552 -0.14014103319690552 -0.14014103319690552 -0.14014103319690552 -0.14014103319690552 -0.14014103319690552 -0.14014103319690552 -0.14014103319690552 -0.14014103319690552 -0.14014103319690552 -0.14014103319690552 -0.14014103319690552 -0.14014103319690552 -0.14014103319690552 -0.14014103319690552 -0.14014103319690552 -0.14014103319690552 -0.14014103319690552 -0.14014103319690552 -0.14014103319690552 -0.14014103319690552 -0.14014103319690552 -0.14014103319690552 -0.14014103319690552 -0.14014103319690552 -0.14014103319690552 -0.14014103319690552 -0.14014103319690552 -0.14014103319690552 -0.14014103319690552 -0.14014103319690552 -0.14014103319690552 -0.14014103319690552 -0.14014103319690552 -0.14014103319690552 -0.14014103319690552 -0.14014103319690552 -0.14014103319690552 -0.14014103319690552 -0.14014103319690552 -0.14014103319690552 -0.14014103319690552 -0.14014103319690552 -0.14014103319690552 -0.14014103319690552 -0.14014103319690552 -0.14014103319690552 -0.14014103319690552 -0.14014103319690552 -0.14014103319690552 -0.14014103319690552 -0.14014103319690552 -0.14014103319690552 -0.14014103319690552 -0.14014103319690552 -0.14014103319690552 -0.14014103319690552 -0.14014103319690552 -0.14014103319690552 -0.14014103319690552 -0.14014103319690552 -0.14014103319690552 -0.14014103319690552 -0.14014103319690552 -0.14014103319690552 -0.14014103319690552 -0.14014103319690552 -0.14014103319690552 -0.14014103319690552 -0.14014103319690552 -0.14014103319690552 -0.14014103319690552 -0.14014103319690552 -0.14014103319690552 -0.14014103319690552 -0.14014103319690552 -0.14014103319690552 -0.14014103319690552 -0.14014103319690552 -0.12665588461770977 -0.12665588461770977 -0.12665588461770977 -0.12804132297459625 -0.10793597280673287 -0.06264961289990426
-0.12665588461770977 -0.12665588461770977 -0.12665588461770977 -0.12665588461770977 -0.12665588461770977 -0.12665588461770977 -0.12665588461770977 -0.12665588461770977 -0.12665588461770977 -0.12665588461770977 -0.12665588461770977 -0.12665588461770977 -0.12665588461770977 -0.12665588461770977 -0.12665588461770977 -0.12665588461770977 -0.12665588461770977 -0.12665588461770977 -0.12665588461770977 -0.12665588461770977 -0.12665588461770977 -0.12665588461770977 -0.12665588461770977 -0.12665588461770977 -0.12665588461770977 -0.12665588461770977 -0.12665588461770977 -0.12665588461770977 -0.12665588461770977 -0.12665588461770977 -0.12665588461770977 -0.12665588461770977 -0.12665588461770977 -0.12665588461770977 -0.12665588461770977 -0.12665588461770977 -0.12665588461770977 -0.12665588461770977 -0.12665588461770977 -0.12665588461770977 -0.12665588461770977 -0.12665588461770977 -0.12665588461770977 -0.12665588461770977 -0.12665588461770977 -0.12665588461770977 -0.12665588461770977 -0.12665588461770977 -0.12665588461770977 -0.12665588461770977 -0.12665588461770977 -0.12665588461770977 -0.12665588461770977 -0.12665588461770977 -0.12665588461770977 -0.12665588461770977 -0.12665588461770977 -0.12665588461770977 -0.12665588461770977 -0.12665588461770977 -0.12665588461770977 -0.12665588461770977 -0.12665588461770977 -0.12665588461770977 -0.12665588461770977 -0.12665588461770977 -0.12665588461770977 -0.12665588461770977 -0.12665588461770977 -0.12665588461770977 -0.12665588461770977 -0.12665588461770977 -0.12665588461770977 -0.12665588461770977 -0.12665588461770977 -0.12665588461770977 -0.12665588461770977 -0.12665588461770977 -0.12665588461770977 -0.12665588461770977 -0.12665588461770977 -0.12665588461770977 -0.12665588461770977 -0.12665588461770977 -0.12665588461770977 -0.12665588461770977 -0.12665588461770977 -0.12665588461770977 -0.12665588461770977 -0.12665588461770977 -0.12665588461770977 -0.10793597280673287 -0.06264961289990426
-0.12665588461770977 -0.12665588461770977 -0.12665588461770977 -0.12665588461770977 -0.12665588461770977 -0.12665588461770977 -0.12665588461770977 -0.12665588461770977 -0.12665588461770977 -0.12665588461770977 -0.12665588461770977 -0.12665588461770977 -0.12665588461770977 -0.12665588461770977 -0.12665588461770977 -0.12665588461770977 -0.12665588461770977 -0.12665588461770977 -0.12665588461770977 -0.12665588461770977 -0.12665588461770977 -0.12665588461770977 -0.12665588461770977 -0.12665588461770977 -0.12665588461770977 -0.12665588461770977 -0.12665588461770977 -0.12665588461770977 -0.12665588461770977 -0.12665588461770977 -0.12665588461770977 -0.12665588461770977 -0.12665588461770977 -0.12665588461770977 -0.12665588461770977 -0.12665588461770977 -0.12665588461770977 -0.12665588461770977 -0.12665588461770977 -0.12665588461770977 -0.12665588461770977 -0.12665588461770977 -0.12665588461770977 -0.12665588461770977 -0.12665588461770977 -0.12665588461770977 -0.12665588461770977 -0.12665588461770977 -0.12665588461770977 -0.12665588461770977 -0.12665588461770977 -0.12665588461770977 -0.12665588461770977 -0.12665588461770977 -0.12665588461770977 -0.12665588461770977 -0.12665588461770977 -0.12665588461770977 -0.12665588461770977 -0.12665588461770977 -0.12665588461770977 -0.12665588461770977 -0.12665588461770977 -0.12665588461770977 -0.12665588461770977 -0.12665588461770977 -0.12665588461770977 -0.12665588461770977 -0.12665588461770977 -0.12665588461770977 -0.12665588461770977 -0.12665588461770977 -0.12665588461770977 -0.12665588461770977 -0.12665588461770977 -0.12665588461770977 -0.12665588461770977 -0.12665588461770977 -0.12665588461770977 -0.12665588461770977 -0.12665588461770977 -0.12665588461770977 -0.12665588461770977 -0.12665588461770977 -0.12665588461770977 -0.12665588461770977 -0.12665588461770977 -0.12665588461770977 -0.12665588461770977 -0.12665588461770977 -0.12665588461770977 -0.10793597280673287 -0.06264961289990426
-0.12665588461770977 -0.12665588461770977 -0.12665588461770977 -0.12665588461770977 -0.12665588461770977 -0.12665588461770977 -0.12665588461770977 -0.12665588461770977 -0.12665588461770977 -0.12665588461770977 -0.12665588461770977 -0.12665588461770977 -0.12665588461770977 -0.12665588461770977 -0.12665588461770977 -0.12665588461770977 -0.12665588461770977 -0.12665588461770977 -0.12665588461770977 -0.12665588461770977 -0.12665588461770977 -0.12665588461770977 -0.12665588461770977 -0.12665588461770977 -0.12665588461770977 -0.12665588461770977 -0.12665588461770977 -0.12665588461770977 -0.12665588461770977 -0.12665588461770977 -0.12665588461770977 -0.12665588461770977 -0.12665588461770977 -0.12665588461770977 -0.12665588461770977 -0.12665588461770977 -0.12665588461770977 -0.12665588461770977 -0.12665588461770977 -0.12665588461770977 -0.12665588461770977 -0.12665588461770977 -0.12665588461770977 -0.12665588461770977 -0.12665588461770977 -0.12665588461770977 -0.12665588461770977 -0.12665588461770977 -0.12665588461770977 -0.12665588461770977 -0.12665588461770977 -0.12665588461770977 -0.12665588461770977 -0.12665588461770977 -0.12665588461770977 -0.12665588461770977 -0.12665588461770977 -0.12665588461770977 -0.12665588461770977 -0.12665588461770977 -0.12665588461770977 -0.12665588461770977 -0.12665588461770977 -0.12665588461770977 -0.12665588461770977 -0.12665588461770977 -0.12665588461770977 -0.12665588461770977 -0.12665588461770977 -0.12665588461770977 -0.12665588461770977 -0.12665588461770977 -0.12665588461770977 -0.12665588461770977 -0.12665588461770977 -0.12665588461770977 -0.12665588461770977 -0.12665588461770977 -0.12665588461770977 -0.12665588461770977 -0.12665588461770977 -0.12665588461770977 -0.12665588461770977 -0.12665588461770977 -0.12665588461770977 -0.12665588461770977 -0.12665588461770977 -0.12665588461770977 -0.12665588461770977 -0.12665588461770977 -0.12665588461770977 -0.10793597280673287 -0.06264961289990426
-0.12665588461770977 -0.12665588461770977 -0.12665588461770977 -0.12665588461770977 -0.12665588461770977 -0.12665588461770977 -0.12665588461770977 -0.12665588461770977 -0.12665588461770977 -0.12665588461770977 -0.12665588461770977 -0.12665588461770977 -0.12665588461770977 -0.12665588461770977 -0.12665588461770977 -0.12665588461770977 -0.12665588461770977 -0.12665588461770977 -0.12665588461770977 -0.12665588461770977 -0.12665588461770977 -0.12665588461770977 -0.12665588461770977 -0.12665588461770977 -0.12665588461770977 -0.12665588461770977 -0.12665588461770977 -0.12665588461770977 -0.12665588461770977 -0.12665588461770977 -0.12665588461770977 -0.12665588461770977 -0.12665588461770977 -0.12665588461770977 -0.12665588461770977 -0.12665588461770977 -0.12665588461770977 -0.12665588461770977 -0.12665588461770977 -0.12665588461770977 -0.12665588461770977 -0.12665588461770977 -0.12665588461770977 -0.12665588461770977 -0.12665588461770977 -0.12665588461770977 -0.12665588461770977 -0.12665588461770977 -0.12665588461770977 -0.12665588461770977 -0.12665588461770977 -0.12665588461770977 -0.12665588461770977 -0.12665588461770977 -0.12665588461770977 -0.12665588461770977 -0.12665588461770977 -0.12665588461770977 -0.12665588461770977 -0.12665588461770977 -0.12665588461770977 -0.12665588461770977 -0.12665588461770977 -0.12665588461770977 -0.12665588461770977 -0.12665588461770977 -0.12665588461770977 -0.12665588461770977 -0.12665588461770977 -0.12665588461770977 -0.12665588461770977 -0.12665588461770977 -0.12665588461770977 -0.12665588461770977 -0.12665588461770977 -0.12665588461770977 -0.12665588461770977 -0.12665588461770977 -0.12665588461770977 -0.12665588461770977 -0.12665588461770977 -0.12665588461770977 -0.12665588461770977 -0.12665588461770977 -0.12665588461770977 -0.12665588461770977 -0.12665588461770977 -0.12665588461770977 -0.12665588461770977 -0.12665588461770977 -0.12665588461770977 -0.10793597280673287 -0.06264961289990426
-0.12665588461770977 -0.12665588461770977 -0.12665588461770977 -0.12665588461770977 -0.12665588461770977 -0.12665588461770977 -0.12665588461770977 -0.12665588461770977 -0.12665588461770977 -0.12665588461770977 -0.12665588461770977 -0.12665588461770977 -0.12665588461770977 -0.12665588461770977 -0.12665588461770977 -0.12665588461770977 -0.12665588461770977 -0.12665588461770977 -0.12665588461770977 -0.12665588461770977 -0.12665588461770977 -0.12665588461770977 -0.12665588461770977 -0.12665588461770977 -0.12665588461770977 -0.12665588461770977 -0.12665588461770977 -0.12665588461770977 -0.12665588461770977 -0.12665588461770977 -0.12665588461770977 -0.12665588461770977 -0.12665588461770977 -0.12665588461770977 -0.12665588461770977 -0.12665588461770977 -0.12665588461770977 -0.12665588461770977 -0.12665588461770977 -0.12665588461770977 -0.12665588461770977 -0.12665588461770977 -0.12665588461770977 -0.12665588461770977 -0.12665588461770977 -0.12665588461770977 -0.12665588461770977 -0.12665588461770977 -0.12665588461770977 -0.12665588461770977 -0.12665588461770977 -0.12665588461770977 -0.12665588461770977 -0.12665588461770977 -0.12665588461770977 -0.12665588461770977 -0.12665588461770977 -0.12665588461770977 -0.12665588461770977 -0.12665588461770977 -0.12665588461770977 -0.12665588461770977 -0.12665588461770977 -0.12665588461770977 -0.12665588461770977 -0.12665588461770977 -0.12665588461770977 -0.12665588461770977 -0.12665588461770977 -0.12665588461770977 -0.12665588461770977 -0.12665588461770977 -0.12665588461770977 -0.12665588461770977 -0.12665588461770977 -0.12665588461770977 -0.12665588461770977 -0.12665588461770977 -0.12665588461770977 -0.12665588461770977 -0.12665588461770977 -0.12665588461770977 -0.12665588461770977 -0.12665588461770977 -0.12665588461770977 -0.12665588461770977 -0.12665588461770977 -0.12665588461770977 -0.12665588461770977 -0.12665588461770977 -0.12665588461770977 -0.10793597280673287 -0.06264961289990426
-0.12491351319684428 -0.12491351319684428 -0.12491351319684428 -0.12491351319684428 -0.12491351319684428 -0.12491351319684428 -0.12491351319684428 -0.12491351319684428 -0.12491351319684428 -0.12491351319684428 -0.12491351319684428 -0.12491351319684428 -0.12491351319684428 -0.12491351319684428 -0.12491351319684428 -0.12491351319684428 -0.12491351319684428 -0.12491351319684428 -0.12491351319684428 -0.12491351319684428 -0.12491351319684428 -0.12491351319684428 -0.12491351319684428 -0.12491351319684428 -0.12491351319684428 -0.12491351319684428 -0.12491351319684428 -0.12491351319684428 -0.12491351319684428 -0.12491351319684428 -0.12491351319684428 -0.12491351319684428 -0.12491351319684428 -0.12491351319684428 -0.12491351319684428 -0.12491351319684428 -0.12491351319684428 -0.12491351319684428 -0.12491351319684428 -0.12491351319684428 -0.12491351319684428 -0.12491351319684428 -0.12491351319684428 -0.12491351319684428 -0.12491351319684428 -0.12491351319684428 -0.12491351319684428 -0.12491351319684428 -0.12491351319684428 -0.12491351319684428 -0.12491351319684428 -0.12491351319684428 -0.12491351319684428 -0.12491351319684428 -0.12491351319684428 -0.12491351319684428 -0.12491351319684428 -0.12491351319684428 -0.12491351319684428 -0.12491351319684428 -0.12491351319684428 -0.12491351319684428 -0.12491351319684428 -0.12491351319684428 -0.12491351319684428 -0.12491351319684428 -0.12491351319684428 -0.12491351319684428 -0.12491351319684428 -0.12491351319684428 -0.12491351319684428 -0.12491351319684428 -0.12491351319684428 -0.12491351319684428 -0.12491351319684428 -0.12491351319684428 -0.12491351319684428 -0.12491351319684428 -0.12491351319684428 -0.12491351319684428 -0.12491351319684428 -0.12491351319684428 -0.12491351319684428 -0.12491351319684428 -0.12491351319684428 -0.12491351319684428 -0.12491351319684428 -0.12491351319684428 -0.12491351319684428 -0.12491351319684428 -0.12491351319684428 -0.10793597280673287 -0.06264961289990426
-0.10793597280673287 -0.10793597280673287 -0.10793597280673287 -0.10793597280673287 -0.10793597280673287 -0.10793597280673287 -0.10793597280673287 -0.10793597280673287 -0.10793597280673287 -0.10793597280673287 -0.10793597280673287 -0.10793597280673287 -0.10793597280673287 -0.10793597280673287 -0.10793597280673287 -0.10793597280673287 -0.10793597280673287 -0.10793597280673287 -0.10793597280673287 -0.10793597280673287 -0.10793597280673287 -0.10793597280673287 -0.10793597280673287 -0.10793597280673287 -0.10793597280673287 -0.10793597280673287 -0.10793597280673287 -0.10793597280673287 -0.10793597280673287 -0.10793597280673287 -0.10793597280673287 -0.10793597280673287 -0.10793597280673287 -0.10793597280673287 -0.10793597280673287 -0.10793597280673287 -0.10793597280673287 -0.10793597280673287 -0.10793597280673287 -0.10793597280673287 -0.10793597280673287 -0.10793597280673287 -0.10793597280673287 -0.10793597280673287 -0.10793597280673287 -0.10793597280673287 -0.10793597280673287 -0.10793597280673287 -0.10793597280673287 -0.10793597280673287 -0.10793597280673287 -0.10793597280673287 -0.10793597280673287 -0.10793597280673287 -0.10793597280673287 -0.10793597280673287 -0.10793597280673287 -0.10793597280673287 -0.10793597280673287 -0.10793597280673287 -0.10793597280673287 -0.10793597280673287 -0.10793597280673287 -0.10793597280673287 -0.10793597280673287 -0.10793597280673287 -0.10793597280673287 -0.10793597280673287 -0.10793597280673287 -0.10793597280673287 -0.10793597280673287 -0.10793597280673287 -0.10793597280673287 -0.10793597280673287 -0.10793597280673287 -0.10793597280673287 -0.10793597280673287 -0.10793597280673287 -0.10793597280673287 -0.10793597280673287 -0.10793597280673287 -0.10793597280673287 -0.10793597280673287 -0.10793597280673287 -0.10793597280673287 -0.10793597280673287 -0.10793597280673287 -0.10793597280673287 -0.10793597280673287 -0.10793597280673287 -0.10793597280673287 -0.10793597280673287 -0.06264961289990426
-0.11859223112599165 -0.11859223112599165 -0.11859223112599165 -0.11859223112599165 -0.11859223112599165 -0.11859223112599165 -0.11859223112599165 -0.11859223112599165 -0.11859223112599165 -0.11859223112599165 -0.11859223112599165 -0.11859223112599165 -0.11859223112599165 -0.11859223112599165 -0.11859223112599165 -0.11859223112599165 -0.11859223112599165 -0.11859223112599165 -0.11859223112599165 -0.11859223112599165 -0.11859223112599165 -0.11859223112599165 -0.11859223112599165 -0.11859223112599165 -0.11859223112599165 -0.11859223112599165 -0.11859223112599165 -0.11859223112599165 -0.11859223112599165 -0.11859223112599165 -0.11859223112599165 -0.11859223112599165 -0.11859223112599165 -0.11859223112599165 -0.11859223112599165 -0.11859223112599165 -0.11859223112599165 -0.11859223112599165 -0.11859223112599165 -0.11859223112599165 -0.11859223112599165 -0.11859223112599165 -0.11859223112599165 -0.11859223112599165 -0.11859223112599165 -0.11859223112599165 -0.11859223112599165 -0.11859223112599165 -0.11859223112599165 -0.11859223112599165 -0.11859223112599165 -0.11859223112599165 -0.11859223112599165 -0.11859223112599165 -0.11859223112599165 -0.11859223112599165 -0.11859223112599165 -0.11859223112599165 -0.11859223112599165 -0.11859223112599165 -0.11859223112599165 -0.11859223112599165 -0.11859223112599165 -0.11859223112599165 -0.11859223112599165 -0.11859223112599165 -0.11859223112599165 -0.11859223112599165 -0.11859223112599165 -0.11859223112599165 -0.11859223112599165 -0.11859223112599165 -0.11859223112599165 -0.11859223112599165 -0.11859223112599165 -0.11859223112599165 -0.11859223112599165 -0.11859223112599165 -0.11859223112599165 -0.11859223112599165 -0.11859223112599165 -0.11859223112599165 -0.11859223112599165 -0.11859223112599165 -0.11859223112599165 -0.11859223112599165 -0.11859223112599165 -0.11859223112599165 -0.11859223112599165 -0.11859223112599165 -0.11859223112599165 -0.10793597280673287 -0.06264961289990426
-0.11765728032912749 -0.11765728032912749 -0.11765728032912749 -0.11765728032912749 -0.11765728032912749 -0.11765728032912749 -0.11765728032912749 -0.11765728032912749 -0.11765728032912749 -0.11765728032912749 -0.11765728032912749 -0.11765728032912749 -0.11765728032912749 -0.11765728032912749 -0.11765728032912749 -0.11765728032912749 -0.11765728032912749 -0.11765728032912749 -0.11765728032912749 -0.11765728032912749 -0.11765728032912749 -0.11765728032912749 -0.11765728032912749 -0.11765728032912749 -0.11765728032912749 -0.11765728032912749 -0.11765728032912749 -0.11765728032912749 -0.11765728032912749 -0.11765728032912749 -0.11765728032912749 -0.11765728032912749 -0.11765728032912749 -0.11765728032912749 -0.11765728032912749 -0.11765728032912749 -0.11765728032912749 -0.11765728032912749 -0.11765728032912749 -0.11765728032912749 -0.11765728032912749 -0.11765728032912749 -0.11765728032912749 -0.11765728032912749 -0.11765728032912749 -0.11765728032912749 -0.11765728032912749 -0.11765728032912749 -0.11765728032912749 -0.11765728032912749 -0.11765728032912749 -0.11765728032912749 -0.11765728032912749 -0.11765728032912749 -0.11765728032912749 -0.11765728032912749 -0.11765728032912749 -0.11765728032912749 -0.11765728032912749 -0.11765728032912749 -0.11765728032912749 -0.11765728032912749 -0.11765728032912749 -0.11765728032912749 -0.11765728032912749 -0.11765728032912749 -0.11765728032912749 -0.11765728032912749 -0.11765728032912749 -0.11765728032912749 -0.11765728032912749 -0.11765728032912749 -0.11765728032912749 -0.11765728032912749 -0.11765728032912749 -0.11765728032912749 -0.11765728032912749 -0.11765728032912749 -0.11765728032912749 -0.11765728032912749 -0.11765728032912749 -0.11765728032912749 -0.11765728032912749 -0.11765728032912749 -0.11765728032912749 -0.11765728032912749 -0.11765728032912749 -0.11765728032912749 -0.11765728032912749 -0.11765728032912749 -0.11765728032912749 -0.10793597280673287 -0.06264961289990426
-0.10895447173504265 -0.10895447173504265 -0.10895447173504265 -0.10895447173504265 -0.10895447173504265 -0.10895447173504265 -0.10895447173504265 -0.10895447173504265 -0.10895447173504265 -0.10895447173504265 -0.10895447173504265 -0.10895447173504265 -0.10895447173504265 -0.10895447173504265 -0.10895447173504265 -0.10895447173504265 -0.10895447173504265 -0.10895447173504265 -0.10895447173504265 -0.10895447173504265 -0.10895447173504265 -0.10895447173504265 -0.10895447173504265 -0.10895447173504265 -0.10895447173504265 -0.10895447173504265 -0.10895447173504265 -0.10895447173504265 -0.10895447173504265 -0.10895447173504265 -0.10895447173504265 -0.10895447173504265 -0.10895447173504265 -0.10895447173504265 -0.10895447173504265 -0.10895447173504265 -0.10895447173504265 -0.10895447173504265 -0.10895447173504265 -0.10895447173504265 -0.10895447173504265 -0.10895447173504265 -0.10895447173504265 -0.10895447173504265 -0.10895447173504265 -0.10895447173504265 -0.10895447173504265 -0.10895447173504265 -0.10895447173504265 -0.10895447173504265 -0.10895447173504265 -0.10895447173504265 -0.10895447173504265 -0.10895447173504265 -0.10895447173504265 -0.10895447173504265 -0.10895447173504265 -0.10895447173504265 -0.10895447173504265 -0.10895447173504265 -0.10895447173504265 -0.10895447173504265 -0.10895447173504265 -0.10895447173504265 -0.10895447173504265 -0.10895447173504265 -0.10895447173504265 -0.10895447173504265 -0.10895447173504265 -0.10895447173504265 -0.10895447173504265 -0.10895447173504265 -0.10895447173504265 -0.10895447173504265 -0.10895447173504265 -0.10895447173504265 -0.10895447173504265 -0.10895447173504265 -0.10895447173504265 -0.10895447173504265 -0.10895447173504265 -0.10895447173504265 -0.10895447173504265 -0.10895447173504265 -0.10895447173504265 -0.10895447173504265 -0.10895447173504265 -0.10895447173504265 -0.10895447173504265 -0.10895447173504265 -0.10895447173504265 -0.10793597280673287 -0.06264961289990426
-0.10810627007887284 -0.10810627007887284 -0.10810627007887284 -0.10810627007887284 -0.10810627007887284 -0.10810627007887284 -0.10810627007887284 -0.10810627007887284 -0.10810627007887284 -0.10810627007887284 -0.10810627007887284 -0.10810627007887284 -0.10810627007887284 -0.10810627007887284 -0.10810627007887284 -0.10810627007887284 -0.10810627007887284 -0.10810627007887284 -0.10810627007887284 -0.10810627007887284 -0.10810627007887284 -0.10810627007887284 -0.10810627007887284 -0.10810627007887284 -0.10810627007887284 -0.10810627007887284 -0.10810627007887284 -0.10810627007887284 -0.10810627007887284 -0.10810627007887284 -0.10810627007887284 -0.10810627007887284 -0.10810627007887284 -0.10810627007887284 -0.10810627007887284 -0.10810627007887284 -0.10810627007887284 -0.10810627007887284 -0.10810627007887284 -0.10810627007887284 -0.10810627007887284 -0.10810627007887284 -0.10810627007887284 -0.10810627007887284 -0.10810627007887284 -0.10810627007887284 -0.10810627007887284 -0.10810627007887284 -0.10810627007887284 -0.10810627007887284 -0.10810627007887284 -0.10810627007887284 -0.10810627007887284 -0.10810627007887284 -0.10810627007887284 -0.10810627007887284 -0.10810627007887284 -0.10810627007887284 -0.10810627007887284 -0.10810627007887284 -0.10810627007887284 -0.10810627007887284 -0.10810627007887284 -0.10810627007887284 -0.10810627007887284 -0.10810627007887284 -0.10810627007887284 -0.10810627007887284 -0.10810627007887284 -0.10810627007887284 -0.10810627007887284 -0.10810627007887284 -0.10810627007887284 -0.10810627007887284 -0.10810627007887284 -0.10810627007887284 -0.10810627007887284 -0.10810627007887284 -0.10810627007887284 -0.10810627007887284 -0.10810627007887284 -0.10810627007887284 -0.10810627007887284 -0.10810627007887284 -0.10810627007887284 -0.10810627007887284 -0.10810627007887284 -0.10810627007887284 -0.10810627007887284 -0.10810627007887284 -0.10810627007887284 -0.10793597280673287 -0.06264961289990426
-0.10749777295425411 -0.10749777295425411 -0.10749777295425411 -0.10749777295425411 -0.10749777295425411 -0.10749777295425411 -0.10749777295425411 -0.10749777295425411 -0.10749777295425411 -0.10749777295425411 -0.10749777295425411 -0.10749777295425411 -0.10749777295425411 -0.10749777295425411 -0.10749777295425411 -0.10749777295425411 -0.10749777295425411 -0.10749777295425411 -0.10749777295425411 -0.10749777295425411 -0.10749777295425411 -0.10749777295425411 -0.10749777295425411 -0.10749777295425411 -0.10749777295425411 -0.10749777295425411 -0.10749777295425411 -0.10749777295425411 -0.10749777295425411 -0.10749777295425411 -0.10749777295425411 -0.10749777295425411 -0.10749777295425411 -0.10749777295425411 -0.10749777295425411 -0.10749777295425411 -0.10749777295425411 -0.10749777295425411 -0.10749777295425411 -0.10749777295425411 -0.10749777295425411 -0.10749777295425411 -0.10749777295425411 -0.10749777295425411 -0.10749777295425411 -0.10749777295425411 -0.10749777295425411 -0.10749777295425411 -0.10749777295425411 -0.10749777295425411 -0.10749777295425411 -0.10749777295425411 -0.10749777295425411 -0.10749777295425411 -0.10749777295425411 -0.10749777295425411 -0.10749777295425411 -0.10749777295425411 -0.10749777295425411 -0.10749777295425411 -0.10749777295425411 -0.10749777295425411 -0.10749777295425411 -0.10749777295425411 -0.10749777295425411 -0.10749777295425411 -0.10749777295425411 -0.10749777295425411 -0.10749777295425411 -0.10749777295425411 -0.10749777295425411 -0.10749777295425411 -0.10749777295425411 -0.10749777295425411 -0.10749777295425411 -0.10749777295425411 -0.10749777295425411 -0.10749777295425411 -0.10749777295425411 -0.10749777295425411 -0.10749777295425411 -0.10749777295425411 -0.10749777295425411 -0.10749777295425411 -0.10749777295425411 -0.10749777295425411 -0.10749777295425411 -0.10749777295425411 -0.10749777295425411 -0.10749777295425411 -0.10749777295425411 -0.10749777295425411 -0.06264961289990426
-0.0933818513977053 -0.0933818513977053 -0.0933818513977053 -0.0933818513977053 -0.0933818513977053 -0.0933818513977053 -0.0933818513977053 -0.0933818513977053 -0.0933818513977053 -0.0933818513977053 -0.0933818513977053 -0.0933818513977053 -0.0933818513977053 -0.0933818513977053 -0.0933818513977053 -0.0933818513977053 -0.0933818513977053 -0.0933818513977053 -0.0933818513977053 -0.0933818513977053 -0.0933818513977053 -0.0933818513977053 -0.0933818513977053 -0.0933818513977053 -0.0933818513977053 -0.0933818513977053 -0.0933818513977053 -0.0933818513977053 -0.0933818513977053 -0.0933818513977053 -0.0933818513977053 -0.0933818513977053 -0.0933818513977053 -0.0933818513977053 -0.0933818513977053 -0.0933818513977053 -0.0933818513977053 -0.0933818513977053 -0.0933818513977053 -0.0933818513977053 -0.0933818513977053 -0.0933818513977053 -0.0933818513977053 -0.0933818513977053 -0.0933818513977053 -0.0933818513977053 -0.0933818513977053 -0.0933818513977053 -0.0933818513977053 -0.0933818513977053 -0.0933818513977053 -0.0933818513977053 -0.0933818513977053 -0.0933818513977053 -0.0933818513977053 -0.0933818513977053 -0.0933818513977053 -0.0933818513977053 -0.0933818513977053 -0.0933818513977053 -0.0933818513977053 -0.0933818513977053 -0.0933818513977053 -0.0933818513977053 -0.0933818513977053 -0.0933818513977053 -0.0933818513977053 -0.0933818513977053 -0.0933818513977053 -0.0933818513977053 -0.0933818513977053 -0.0933818513977053 -0.0933818513977053 -0.0933818513977053 -0.0933818513977053 -0.0933818513977053 -0.0933818513977053 -0.0933818513977053 -0.0933818513977053 -0.0933818513977053 -0.0933818513977053 -0.0933818513977053 -0.0933818513977053 -0.0933818513977053 -0.0933818513977053 -0.0933818513977053 -0.0933818513977053 -0.0933818513977053 -0.0933818513977053 -0.0933818513977053 -0.0933818513977053 -0.0933818513977053 -0.06264961289990426
-0.0302349228089525 -0.0302349228089525 -0.0302349228089525 -0.0302349228089525 -0.0302349228089525 -0.0302349228089525 -0.0302349228089525 -0.0302349228089525 -0.0302349228089525 -0.0302349228089525 -0.0302349228089525 -0.0302349228089525 -0.0302349228089525 -0.0302349228089525 -0.0302349228089525 -0.0302349228089525 -0.0302349228089525 -0.0302349228089525 -0.0302349228089525 -0.0302349228089525 -0.0302349228089525 -0.0302349228089525 -0.0302349228089525 -0.0302349228089525 -0.0302349228089525 -0.0302349228089525 -0.0302349228089525 -0.0302349228089525 -0.0302349228089525 -0.0302349228089525 -0.0302349228089525 -0.0302349228089525 -0.0302349228089525 -0.0302349228089525 -0.0302349228089525 -0.0302349228089525 -0.0302349228089525 -0.0302349228089525 -0.0302349228089525 -0.0302349228089525 -0.0302349228089525 -0.0302349228089525 -0.0302349228089525 -0.0302349228089525 -0.0302349228089525 -0.0302349228089525 -0.0302349228089525 -0.0302349228089525 -0.0302349228089525 -0.0302349228089525 -0.0302349228089525 -0.0302349228089525 -0.0302349228089525 -0.0302349228089525 -0.0302349228089525 -0.0302349228089525 -0.0302349228089525 -0.0302349228089525 -0.0302349228089525 -0.0302349228089525 -0.0302349228089525 -0.0302349228089525 -0.0302349228089525 -0.0302349228089525 -0.0302349228089525 -0.0302349228089525 -0.0302349228089525 -0.0302349228089525 -0.0302349228089525 -0.0302349228089525 -0.0302349228089525 -0.0302349228089525 -0.0302349228089525 -0.0302349228089525 -0.0302349228089525 -0.0302349228089525 -0.0302349228089525 -0.0302349228089525 -0.0302349228089525 -0.0302349228089525 -0.0302349228089525 -0.0302349228089525 -0.0302349228089525 -0.0302349228089525 -0.0302349228089525 -0.0302349228089525 -0.0302349228089525 -0.0302349228089525 -0.0302349228089525 -0.0302349228089525 -0.0302349228089525 -0.0302349228089525 -0.0302349228089525
-0.030106630536856086 -0.030106630536856086 -0.030106630536856086 -0.030106630536856086 -0.030106630536856086 -0.030106630536856086 -0.030106630536856086 -0.030106630536856086 -0.030106630536856086 -0.030106630536856086 -0.030106630536856086 -0.030106630536856086 -0.030106630536856086 -0.030106630536856086 -0.030106630536856086 -0.030106630536856086 -0.030106630536856086 -0.030106630536856086 -0.030106630536856086 -0.030106630536856086 -0.030106630536856086 -0.030106630536856086 -0.030106630536856086 -0.030106630536856086 -0.030106630536856086 -0.030106630536856086 -0.030106630536856086 -0.030106630536856086 -0.030106630536856086 -0.030106630536856086 -0.030106630536856086 -0.030106630536856086 -0.030106630536856086 -0.030106630536856086 -0.030106630536856086 -0.030106630536856086 -0.030106630536856086 -0.030106630536856086 -0.030106630536856086 -0.030106630536856086 -0.030106630536856086 -0.030106630536856086 -0.030106630536856086 -0.030106630536856086 -0.030106630536856086 -0.030106630536856086 -0.030106630536856086 -0.030106630536856086 -0.030106630536856086 -0.030106630536856086 -0.030106630536856086 -0.030106630536856086 -0.030106630536856086 -0.030106630536856086 -0.030106630536856086 -0.030106630536856086 -0.030106630536856086 -0.030106630536856086 -0.030106630536856086 -0.030106630536856086 -0.030106630536856086 -0.030106630536856086 -0.030106630536856086 -0.030106630536856086 -0.030106630536856086 -0.030106630536856086 -0.030106630536856086 -0.030106630536856086 -0.030106630536856086 -0.030106630536856086 -0.030106630536856086 -0.030106630536856086 -0.030106630536856086 -0.030106630536856086 -0.030106630536856086 -0.030106630536856086 -0.030106630536856086 -0.030106630536856086 -0.030106630536856086 -0.030106630536856086 -0.030106630536856086 -0.030106630536856086 -0.030106630536856086 -0.030106630536856086 -0.030106630536856086 -0.030106630536856086 -0.030106630536856086 -0.030106630536856086 -0.030106630536856086 -0.030106630536856086 -0.030106630536856086 -0.030106630536856086 -0.030106630536856086