-0.32138285840123076 -0.32138285840123076 -0.32138285840123076 -0.32138285840123076 -0.30081507163199683 -0.30081507163199683 -0.32138285840123076 -0.32138285840123076 -0.32138285840123076 -0.32138285840123076 -0.32138285840123076 -0.32138285840123076 -0.32138285840123076 -0.32138285840123076 -0.32138285840123076 -0.32138285840123076 -0.18564252061927516 -0.32138285840123076 -0.32138285840123076 -0.32138285840123076 -0.32138285840123076 -0.30081507163199683 -0.32138285840123076 -0.32138285840123076 -0.30081507163199683 -0.30081507163199683 -0.32138285840123076 -0.30081507163199683 -0.32138285840123076 -0.32138285840123076 -0.32138285840123076 -0.32138285840123076 -0.32138285840123076 -0.32138285840123076 -0.32138285840123076 -0.32138285840123076 -0.32138285840123076 -0.32138285840123076 -0.32138285840123076 -0.32138285840123076 -0.30081507163199683 -0.32138285840123076 -0.32138285840123076 -0.32138285840123076 -0.30081507163199683 -0.32138285840123076 -0.32138285840123076 -0.32138285840123076 -0.32138285840123076 -0.32138285840123076 -0.32138285840123076 -0.22736153281851018 -0.2263842036506563 -0.22736153281851018 -0.2263842036506563 -0.32138285840123076 -0.22736153281851018 -0.2263842036506563 -0.32138285840123076 -0.18564252061927516 -0.32138285840123076 -0.32138285840123076 -0.2263842036506563 -0.22736153281851018 -0.22736153281851018 -0.32138285840123076 -0.32138285840123076 -0.32138285840123076 -0.32138285840123076 -0.32138285840123076 -0.32138285840123076 -0.22736153281851018 -0.2263842036506563 -0.31726946358897357 -0.2982198822470917 -0.3006842562196282 -0.2939199901566018 -0.2939296613938797 -0.28196947886867557 -0.27715967150559945 -0.2654247181178903 -0.2654247181178903 -0.2654247181178903 -0.26608665639399354 -0.2654247181178903 -0.22090296888232583 -0.24586173368406258 -0.24541108786674604 -0.17653724512913108 -0.23093757607330573 -0.20166298059068932 -0.1491337429988009 -0.17121110784555274 -0.14863594575488256 -0.15504364634549625 -0.14863594575488256 -0.1444540315950841 -0.1444540315950841 -0.1404648365241943 -0.10452246947905046 -0.09141389627260586 -0.09141389627260586 -0.08456607331910931 -0.08456607331910931 -0.08523252492820958 -0.06033955019202001 -0.041684742660770414
-0.4406062834443337 -0.4406062834443337 -0.4406062834443337 -0.4406062834443337 -0.30081507163199683 -0.30081507163199683 -0.4406062834443337 -0.34820510064449456 -0.34820510064449456 -0.4406062834443337 -0.34820510064449456 -0.34820510064449456 -0.4406062834443337 -0.34820510064449456 -0.34820510064449456 -0.36261342675090835 -0.18564252061927516 -0.36261342675090835 -0.4406062834443337 -0.4406062834443337 -0.4406062834443337 -0.30081507163199683 -0.4406062834443337 -0.4406062834443337 -0.30081507163199683 -0.30081507163199683 -0.36261342675090835 -0.30081507163199683 -0.4075563460262548 -0.4406062834443337 -0.4075563460262548 -0.4011225909289649 -0.36261342675090835 -0.34820510064449456 -0.34820510064449456 -0.4406062834443337 -0.34820510064449456 -0.36261342675090835 -0.36261342675090835 -0.36261342675090835 -0.30081507163199683 -0.4011225909289649 -0.4011225909289649 -0.4011225909289649 -0.30081507163199683 -0.39955595549143097 -0.39955595549143097 -0.4075563460262548 -0.32138285840123076 -0.32138285840123076 -0.40804585257469345 -0.22736153281851018 -0.2263842036506563 -0.22736153281851018 -0.2263842036506563 -0.4004357596887059 -0.22736153281851018 -0.2263842036506563 -0.34820510064449456 -0.18564252061927516 -0.34820510064449456 -0.36727172986803136 -0.2263842036506563 -0.22736153281851018 -0.22736153281851018 -0.35350854350742145 -0.35350854350742145 -0.3407480597407193 -0.3450461941239237 -0.3407480597407193 -0.3407480597407193 -0.22736153281851018 -0.2263842036506563 -0.31726946358897357 -0.2982198822470917 -0.3006842562196282 -0.2939199901566018 -0.2939296613938797 -0.28196947886867557 -0.27715967150559945 -0.2654247181178903 -0.2654247181178903 -0.2654247181178903 -0.26608665639399354 -0.2654247181178903 -0.22090296888232583 -0.24586173368406258 -0.24541108786674604 -0.17653724512913108 -0.23093757607330573 -0.20166298059068932 -0.1491337429988009 -0.17121110784555274 -0.14863594575488256 -0.15504364634549625 -0.14863594575488256 -0.1444540315950841 -0.1444540315950841 -0.1404648365241943 -0.10452246947905046 -0.09141389627260586 -0.09141389627260586 -0.08456607331910931 -0.08456607331910931 -0.08523252492820958 -0.06033955019202001 -0.041684742660770414
-0.22090296888232583 -0.22090296888232583 -0.22090296888232583 -0.22090296888232583 -0.22090296888232583 -0.22090296888232583 -0.22090296888232583 -0.22090296888232583 -0.22090296888232583 -0.22090296888232583 -0.22090296888232583 -0.22090296888232583 -0.22090296888232583 -0.22090296888232583 -0.22090296888232583 -0.22090296888232583 -0.18564252061927516 -0.22090296888232583 -0.22090296888232583 -0.22090296888232583 -0.22090296888232583 -0.22090296888232583 -0.22090296888232583 -0.22090296888232583 -0.22090296888232583 -0.22090296888232583 -0.22090296888232583 -0.22090296888232583 -0.22090296888232583 -0.22090296888232583 -0.22090296888232583 -0.22090296888232583 -0.22090296888232583 -0.22090296888232583 -0.22090296888232583 -0.22090296888232583 -0.22090296888232583 -0.22090296888232583 -0.22090296888232583 -0.22090296888232583 -0.22090296888232583 -0.22090296888232583 -0.22090296888232583 -0.22090296888232583 -0.22090296888232583 -0.22090296888232583 -0.22090296888232583 -0.22090296888232583 -0.22090296888232583 -0.22090296888232583 -0.22090296888232583 -0.22090296888232583 -0.22090296888232583 -0.22090296888232583 -0.22090296888232583 -0.22090296888232583 -0.22090296888232583 -0.22090296888232583 -0.22090296888232583 -0.18564252061927516 -0.22090296888232583 -0.22090296888232583 -0.22090296888232583 -0.22090296888232583 -0.22090296888232583 -0.22090296888232583 -0.22090296888232583 -0.22090296888232583 -0.22090296888232583 -0.22090296888232583 -0.22090296888232583 -0.22090296888232583 -0.22090296888232583 -0.22090296888232583 -0.22090296888232583 -0.22090296888232583 -0.22090296888232583 -0.22090296888232583 -0.22090296888232583 -0.22090296888232583 -0.22090296888232583 -0.22090296888232583 -0.22090296888232583 -0.22090296888232583 -0.22090296888232583 -0.22090296888232583 -0.22090296888232583 -0.22090296888232583 -0.17653724512913108 -0.22090296888232583 -0.20166298059068932 -0.1491337429988009 -0.17121110784555274 -0.14863594575488256 -0.15504364634549625 -0.14863594575488256 -0.1444540315950841 -0.1444540315950841 -0.1404648365241943 -0.10452246947905046 -0.09141389627260586 -0.09141389627260586 -0.08456607331910931 -0.08456607331910931 -0.08523252492820958 -0.06033955019202001 -0.041684742660770414
-0.4406062834443337 -0.5828241890981954 -0.45177369683047214 -0.45177369683047214 -0.30081507163199683 -0.30081507163199683 -0.5828241890981954 -0.34820510064449456 -0.34820510064449456 -0.5828241890981954 -0.34820510064449456 -0.34820510064449456 -0.5828241890981954 -0.34820510064449456 -0.34820510064449456 -0.36261342675090835 -0.18564252061927516 -0.36261342675090835 -0.4406062834443337 -0.4406062834443337 -0.4406062834443337 -0.30081507163199683 -0.4406062834443337 -0.4406062834443337 -0.30081507163199683 -0.30081507163199683 -0.36261342675090835 -0.30081507163199683 -0.4075563460262548 -0.4406062834443337 -0.4075563460262548 -0.4011225909289649 -0.36261342675090835 -0.34820510064449456 -0.34820510064449456 -0.45177369683047214 -0.34820510064449456 -0.36261342675090835 -0.36261342675090835 -0.36261342675090835 -0.30081507163199683 -0.4011225909289649 -0.4011225909289649 -0.4011225909289649 -0.30081507163199683 -0.39955595549143097 -0.39955595549143097 -0.4075563460262548 -0.32138285840123076 -0.32138285840123076 -0.40804585257469345 -0.22736153281851018 -0.2263842036506563 -0.22736153281851018 -0.2263842036506563 -0.4004357596887059 -0.22736153281851018 -0.2263842036506563 -0.34820510064449456 -0.18564252061927516 -0.34820510064449456 -0.36727172986803136 -0.2263842036506563 -0.22736153281851018 -0.22736153281851018 -0.35350854350742145 -0.35350854350742145 -0.3407480597407193 -0.3450461941239237 -0.3407480597407193 -0.3407480597407193 -0.22736153281851018 -0.2263842036506563 -0.31726946358897357 -0.2982198822470917 -0.3006842562196282 -0.2939199901566018 -0.2939296613938797 -0.28196947886867557 -0.27715967150559945 -0.2654247181178903 -0.2654247181178903 -0.2654247181178903 -0.26608665639399354 -0.2654247181178903 -0.22090296888232583 -0.24586173368406258 -0.24541108786674604 -0.17653724512913108 -0.23093757607330573 -0.20166298059068932 -0.1491337429988009 -0.17121110784555274 -0.14863594575488256 -0.15504364634549625 -0.14863594575488256 -0.1444540315950841 -0.1444540315950841 -0.1404648365241943 -0.10452246947905046 -0.09141389627260586 -0.09141389627260586 -0.08456607331910931 -0.08456607331910931 -0.08523252492820958 -0.06033955019202001 -0.041684742660770414
-0.4406062834443337 -0.4406062834443337 -0.4406062834443337 -0.4406062834443337 -0.30081507163199683 -0.30081507163199683 -0.4406062834443337 -0.34820510064449456 -0.34820510064449456 -0.4406062834443337 -0.34820510064449456 -0.34820510064449456 -0.4406062834443337 -0.34820510064449456 -0.34820510064449456 -0.36261342675090835 -0.18564252061927516 -0.36261342675090835 -0.4406062834443337 -0.4406062834443337 -0.4406062834443337 -0.30081507163199683 -0.4406062834443337 -0.4406062834443337 -0.30081507163199683 -0.30081507163199683 -0.36261342675090835 -0.30081507163199683 -0.4075563460262548 -0.4406062834443337 -0.4075563460262548 -0.4011225909289649 -0.36261342675090835 -0.34820510064449456 -0.34820510064449456 -0.4406062834443337 -0.34820510064449456 -0.36261342675090835 -0.36261342675090835 -0.36261342675090835 -0.30081507163199683 -0.4011225909289649 -0.4011225909289649 -0.4011225909289649 -0.30081507163199683 -0.39955595549143097 -0.39955595549143097 -0.4075563460262548 -0.32138285840123076 -0.32138285840123076 -0.40804585257469345 -0.22736153281851018 -0.2263842036506563 -0.22736153281851018 -0.2263842036506563 -0.4004357596887059 -0.22736153281851018 -0.2263842036506563 -0.34820510064449456 -0.18564252061927516 -0.34820510064449456 -0.36727172986803136 -0.2263842036506563 -0.22736153281851018 -0.22736153281851018 -0.35350854350742145 -0.35350854350742145 -0.3407480597407193 -0.3450461941239237 -0.3407480597407193 -0.3407480597407193 -0.22736153281851018 -0.2263842036506563 -0.31726946358897357 -0.2982198822470917 -0.3006842562196282 -0.2939199901566018 -0.2939296613938797 -0.28196947886867557 -0.27715967150559945 -0.2654247181178903 -0.2654247181178903 -0.2654247181178903 -0.26608665639399354 -0.2654247181178903 -0.22090296888232583 -0.24586173368406258 -0.24541108786674604 -0.17653724512913108 -0.23093757607330573 -0.20166298059068932 -0.1491337429988009 -0.17121110784555274 -0.14863594575488256 -0.15504364634549625 -0.14863594575488256 -0.1444540315950841 -0.1444540315950841 -0.1404648365241943 -0.10452246947905046 -0.09141389627260586 -0.09141389627260586 -0.08456607331910931 -0.08456607331910931 -0.08523252492820958 -0.06033955019202001 -0.041684742660770414
-0.24541108786674604 -0.24541108786674604 -0.24541108786674604 -0.24541108786674604 -0.24541108786674604 -0.24541108786674604 -0.24541108786674604 -0.24541108786674604 -0.24541108786674604 -0.24541108786674604 -0.24541108786674604 -0.24541108786674604 -0.24541108786674604 -0.24541108786674604 -0.24541108786674604 -0.24541108786674604 -0.18564252061927516 -0.24541108786674604 -0.24541108786674604 -0.24541108786674604 -0.24541108786674604 -0.24541108786674604 -0.24541108786674604 -0.24541108786674604 -0.24541108786674604 -0.24541108786674604 -0.24541108786674604 -0.24541108786674604 -0.24541108786674604 -0.24541108786674604 -0.24541108786674604 -0.24541108786674604 -0.24541108786674604 -0.24541108786674604 -0.24541108786674604 -0.24541108786674604 -0.24541108786674604 -0.24541108786674604 -0.24541108786674604 -0.24541108786674604 -0.24541108786674604 -0.24541108786674604 -0.24541108786674604 -0.24541108786674604 -0.24541108786674604 -0.24541108786674604 -0.24541108786674604 -0.24541108786674604 -0.24541108786674604 -0.24541108786674604 -0.24541108786674604 -0.22736153281851018 -0.2263842036506563 -0.22736153281851018 -0.2263842036506563 -0.24541108786674604 -0.22736153281851018 -0.2263842036506563 -0.24541108786674604 -0.18564252061927516 -0.24541108786674604 -0.24541108786674604 -0.2263842036506563 -0.22736153281851018 -0.22736153281851018 -0.24541108786674604 -0.24541108786674604 -0.24541108786674604 -0.24541108786674604 -0.24541108786674604 -0.24541108786674604 -0.22736153281851018 -0.2263842036506563 -0.24541108786674604 -0.24541108786674604 -0.24541108786674604 -0.24541108786674604 -0.24541108786674604 -0.24541108786674604 -0.24541108786674604 -0.24541108786674604 -0.24541108786674604 -0.24541108786674604 -0.24541108786674604 -0.24541108786674604 -0.22090296888232583 -0.24541108786674604 -0.24541108786674604 -0.17653724512913108 -0.23093757607330573 -0.20166298059068932 -0.1491337429988009 -0.17121110784555274 -0.14863594575488256 -0.15504364634549625 -0.14863594575488256 -0.1444540315950841 -0.1444540315950841 -0.1404648365241943 -0.10452246947905046 -0.09141389627260586 -0.09141389627260586 -0.08456607331910931 -0.08456607331910931 -0.08523252492820958 -0.06033955019202001 -0.041684742660770414
-0.34820510064449456 -0.34820510064449456 -0.34820510064449456 -0.34820510064449456 -0.30081507163199683 -0.30081507163199683 -0.34820510064449456 -0.6176367521552966 -0.6176367521552966 -0.34820510064449456 -0.6176367521552966 -0.6176367521552966 -0.34820510064449456 -0.6176367521552966 -0.6176367521552966 -0.34820510064449456 -0.18564252061927516 -0.34820510064449456 -0.34820510064449456 -0.34820510064449456 -0.34820510064449456 -0.30081507163199683 -0.34820510064449456 -0.34820510064449456 -0.30081507163199683 -0.30081507163199683 -0.34820510064449456 -0.30081507163199683 -0.34820510064449456 -0.34820510064449456 -0.34820510064449456 -0.34820510064449456 -0.34820510064449456 -0.45253679167898564 -0.45253679167898564 -0.34820510064449456 -0.45253679167898564 -0.34820510064449456 -0.34820510064449456 -0.34820510064449456 -0.30081507163199683 -0.34820510064449456 -0.34820510064449456 -0.34820510064449456 -0.30081507163199683 -0.34820510064449456 -0.34820510064449456 -0.34820510064449456 -0.32138285840123076 -0.32138285840123076 -0.34820510064449456 -0.22736153281851018 -0.2263842036506563 -0.22736153281851018 -0.2263842036506563 -0.34820510064449456 -0.22736153281851018 -0.2263842036506563 -0.37449732308824646 -0.18564252061927516 -0.37449732308824646 -0.34820510064449456 -0.2263842036506563 -0.22736153281851018 -0.22736153281851018 -0.34820510064449456 -0.34820510064449456 -0.3407480597407193 -0.3450461941239237 -0.3407480597407193 -0.3407480597407193 -0.22736153281851018 -0.2263842036506563 -0.31726946358897357 -0.2982198822470917 -0.3006842562196282 -0.2939199901566018 -0.2939296613938797 -0.28196947886867557 -0.27715967150559945 -0.2654247181178903 -0.2654247181178903 -0.2654247181178903 -0.26608665639399354 -0.2654247181178903 -0.22090296888232583 -0.24586173368406258 -0.24541108786674604 -0.17653724512913108 -0.23093757607330573 -0.20166298059068932 -0.1491337429988009 -0.17121110784555274 -0.14863594575488256 -0.15504364634549625 -0.14863594575488256 -0.1444540315950841 -0.1444540315950841 -0.1404648365241943 -0.10452246947905046 -0.09141389627260586 -0.09141389627260586 -0.08456607331910931 -0.08456607331910931 -0.08523252492820958 -0.06033955019202001 -0.041684742660770414
-0.34820510064449456 -0.34820510064449456 -0.34820510064449456 -0.34820510064449456 -0.30081507163199683 -0.30081507163199683 -0.34820510064449456 -0.6176367521552966 -0.6176367521552966 -0.34820510064449456 -0.6176367521552966 -0.6176367521552966 -0.34820510064449456 -0.6176367521552966 -0.6176367521552966 -0.34820510064449456 -0.18564252061927516 -0.34820510064449456 -0.34820510064449456 -0.34820510064449456 -0.34820510064449456 -0.30081507163199683 -0.34820510064449456 -0.34820510064449456 -0.30081507163199683 -0.30081507163199683 -0.34820510064449456 -0.30081507163199683 -0.34820510064449456 -0.34820510064449456 -0.34820510064449456 -0.34820510064449456 -0.34820510064449456 -0.45253679167898564 -0.45253679167898564 -0.34820510064449456 -0.45253679167898564 -0.34820510064449456 -0.34820510064449456 -0.34820510064449456 -0.30081507163199683 -0.34820510064449456 -0.34820510064449456 -0.34820510064449456 -0.30081507163199683 -0.34820510064449456 -0.34820510064449456 -0.34820510064449456 -0.32138285840123076 -0.32138285840123076 -0.34820510064449456 -0.22736153281851018 -0.2263842036506563 -0.22736153281851018 -0.2263842036506563 -0.34820510064449456 -0.22736153281851018 -0.2263842036506563 -0.37449732308824646 -0.18564252061927516 -0.37449732308824646 -0.34820510064449456 -0.2263842036506563 -0.22736153281851018 -0.22736153281851018 -0.34820510064449456 -0.34820510064449456 -0.3407480597407193 -0.3450461941239237 -0.3407480597407193 -0.3407480597407193 -0.22736153281851018 -0.2263842036506563 -0.31726946358897357 -0.2982198822470917 -0.3006842562196282 -0.2939199901566018 -0.2939296613938797 -0.28196947886867557 -0.27715967150559945 -0.2654247181178903 -0.2654247181178903 -0.2654247181178903 -0.26608665639399354 -0.2654247181178903 -0.22090296888232583 -0.24586173368406258 -0.24541108786674604 -0.17653724512913108 -0.23093757607330573 -0.20166298059068932 -0.1491337429988009 -0.17121110784555274 -0.14863594575488256 -0.15504364634549625 -0.14863594575488256 -0.1444540315950841 -0.1444540315950841 -0.1404648365241943 -0.10452246947905046 -0.09141389627260586 -0.09141389627260586 -0.08456607331910931 -0.08456607331910931 -0.08523252492820958 -0.06033955019202001 -0.041684742660770414
-0.34820510064449456 -0.34820510064449456 -0.34820510064449456 -0.34820510064449456 -0.30081507163199683 -0.30081507163199683 -0.34820510064449456 -0.45253679167898564 -0.45253679167898564 -0.34820510064449456 -0.45253679167898564 -0.45253679167898564 -0.34820510064449456 -0.45253679167898564 -0.45253679167898564 -0.34820510064449456 -0.18564252061927516 -0.34820510064449456 -0.34820510064449456 -0.34820510064449456 -0.34820510064449456 -0.30081507163199683 -0.34820510064449456 -0.34820510064449456 -0.30081507163199683 -0.30081507163199683 -0.34820510064449456 -0.30081507163199683 -0.34820510064449456 -0.34820510064449456 -0.34820510064449456 -0.34820510064449456 -0.34820510064449456 -0.45253679167898564 -0.45253679167898564 -0.34820510064449456 -0.45253679167898564 -0.34820510064449456 -0.34820510064449456 -0.34820510064449456 -0.30081507163199683 -0.34820510064449456 -0.34820510064449456 -0.34820510064449456 -0.30081507163199683 -0.34820510064449456 -0.34820510064449456 -0.34820510064449456 -0.32138285840123076 -0.32138285840123076 -0.34820510064449456 -0.22736153281851018 -0.2263842036506563 -0.22736153281851018 -0.2263842036506563 -0.34820510064449456 -0.22736153281851018 -0.2263842036506563 -0.37449732308824646 -0.18564252061927516 -0.37449732308824646 -0.34820510064449456 -0.2263842036506563 -0.22736153281851018 -0.22736153281851018 -0.34820510064449456 -0.34820510064449456 -0.3407480597407193 -0.3450461941239237 -0.3407480597407193 -0.3407480597407193 -0.22736153281851018 -0.2263842036506563 -0.31726946358897357 -0.2982198822470917 -0.3006842562196282 -0.2939199901566018 -0.2939296613938797 -0.28196947886867557 -0.27715967150559945 -0.2654247181178903 -0.2654247181178903 -0.2654247181178903 -0.26608665639399354 -0.2654247181178903 -0.22090296888232583 -0.24586173368406258 -0.24541108786674604 -0.17653724512913108 -0.23093757607330573 -0.20166298059068932 -0.1491337429988009 -0.17121110784555274 -0.14863594575488256 -0.15504364634549625 -0.14863594575488256 -0.1444540315950841 -0.1444540315950841 -0.1404648365241943 -0.10452246947905046 -0.09141389627260586 -0.09141389627260586 -0.08456607331910931 -0.08456607331910931 -0.08523252492820958 -0.06033955019202001 -0.041684742660770414
-0.34820510064449456 -0.34820510064449456 -0.34820510064449456 -0.34820510064449456 -0.30081507163199683 -0.30081507163199683 -0.34820510064449456 -0.661272151390321 -0.661272151390321 -0.34820510064449456 -0.661272151390321 -0.661272151390321 -0.34820510064449456 -0.661272151390321 -0.6176367521552966 -0.34820510064449456 -0.18564252061927516 -0.34820510064449456 -0.34820510064449456 -0.34820510064449456 -0.34820510064449456 -0.30081507163199683 -0.34820510064449456 -0.34820510064449456 -0.30081507163199683 -0.30081507163199683 -0.34820510064449456 -0.30081507163199683 -0.34820510064449456 -0.34820510064449456 -0.34820510064449456 -0.34820510064449456 -0.34820510064449456 -0.45253679167898564 -0.45253679167898564 -0.34820510064449456 -0.45253679167898564 -0.34820510064449456 -0.34820510064449456 -0.34820510064449456 -0.30081507163199683 -0.34820510064449456 -0.34820510064449456 -0.34820510064449456 -0.30081507163199683 -0.34820510064449456 -0.34820510064449456 -0.34820510064449456 -0.32138285840123076 -0.32138285840123076 -0.34820510064449456 -0.22736153281851018 -0.2263842036506563 -0.22736153281851018 -0.2263842036506563 -0.34820510064449456 -0.22736153281851018 -0.2263842036506563 -0.37449732308824646 -0.18564252061927516 -0.37449732308824646 -0.34820510064449456 -0.2263842036506563 -0.22736153281851018 -0.22736153281851018 -0.34820510064449456 -0.34820510064449456 -0.3407480597407193 -0.3450461941239237 -0.3407480597407193 -0.3407480597407193 -0.22736153281851018 -0.2263842036506563 -0.31726946358897357 -0.2982198822470917 -0.3006842562196282 -0.2939199901566018 -0.2939296613938797 -0.28196947886867557 -0.27715967150559945 -0.2654247181178903 -0.2654247181178903 -0.2654247181178903 -0.26608665639399354 -0.2654247181178903 -0.22090296888232583 -0.24586173368406258 -0.24541108786674604 -0.17653724512913108 -0.23093757607330573 -0.20166298059068932 -0.1491337429988009 -0.17121110784555274 -0.14863594575488256 -0.15504364634549625 -0.14863594575488256 -0.1444540315950841 -0.1444540315950841 -0.1404648365241943 -0.10452246947905046 -0.09141389627260586 -0.09141389627260586 -0.08456607331910931 -0.08456607331910931 -0.08523252492820958 -0.06033955019202001 -0.041684742660770414
-0.34820510064449456 -0.34820510064449456 -0.34820510064449456 -0.34820510064449456 -0.30081507163199683 -0.30081507163199683 -0.34820510064449456 -0.45253679167898564 -0.45253679167898564 -0.34820510064449456 -0.45253679167898564 -0.45253679167898564 -0.34820510064449456 -0.45253679167898564 -0.45253679167898564 -0.34820510064449456 -0.18564252061927516 -0.34820510064449456 -0.34820510064449456 -0.34820510064449456 -0.34820510064449456 -0.30081507163199683 -0.34820510064449456 -0.34820510064449456 -0.30081507163199683 -0.30081507163199683 -0.34820510064449456 -0.30081507163199683 -0.34820510064449456 -0.34820510064449456 -0.34820510064449456 -0.34820510064449456 -0.34820510064449456 -0.4663924766734849 -0.4663924766734849 -0.34820510064449456 -0.4663924766734849 -0.34820510064449456 -0.34820510064449456 -0.34820510064449456 -0.30081507163199683 -0.34820510064449456 -0.34820510064449456 -0.34820510064449456 -0.30081507163199683 -0.34820510064449456 -0.34820510064449456 -0.34820510064449456 -0.32138285840123076 -0.32138285840123076 -0.34820510064449456 -0.22736153281851018 -0.2263842036506563 -0.22736153281851018 -0.2263842036506563 -0.34820510064449456 -0.22736153281851018 -0.2263842036506563 -0.37449732308824646 -0.18564252061927516 -0.37449732308824646 -0.34820510064449456 -0.2263842036506563 -0.22736153281851018 -0.22736153281851018 -0.34820510064449456 -0.34820510064449456 -0.3407480597407193 -0.3450461941239237 -0.3407480597407193 -0.3407480597407193 -0.22736153281851018 -0.2263842036506563 -0.31726946358897357 -0.2982198822470917 -0.3006842562196282 -0.2939199901566018 -0.2939296613938797 -0.28196947886867557 -0.27715967150559945 -0.2654247181178903 -0.2654247181178903 -0.2654247181178903 -0.26608665639399354 -0.2654247181178903 -0.22090296888232583 -0.24586173368406258 -0.24541108786674604 -0.17653724512913108 -0.23093757607330573 -0.20166298059068932 -0.1491337429988009 -0.17121110784555274 -0.14863594575488256 -0.15504364634549625 -0.14863594575488256 -0.1444540315950841 -0.1444540315950841 -0.1404648365241943 -0.10452246947905046 -0.09141389627260586 -0.09141389627260586 -0.08456607331910931 -0.08456607331910931 -0.08523252492820958 -0.06033955019202001 -0.041684742660770414
-0.34820510064449456 -0.34820510064449456 -0.34820510064449456 -0.34820510064449456 -0.30081507163199683 -0.30081507163199683 -0.34820510064449456 -0.661272151390321 -0.661272151390321 -0.34820510064449456 -0.661272151390321 -0.661272151390321 -0.34820510064449456 -0.6630997696183014 -0.6176367521552966 -0.34820510064449456 -0.18564252061927516 -0.34820510064449456 -0.34820510064449456 -0.34820510064449456 -0.34820510064449456 -0.30081507163199683 -0.34820510064449456 -0.34820510064449456 -0.30081507163199683 -0.30081507163199683 -0.34820510064449456 -0.30081507163199683 -0.34820510064449456 -0.34820510064449456 -0.34820510064449456 -0.34820510064449456 -0.34820510064449456 -0.45253679167898564 -0.45253679167898564 -0.34820510064449456 -0.45253679167898564 -0.34820510064449456 -0.34820510064449456 -0.34820510064449456 -0.30081507163199683 -0.34820510064449456 -0.34820510064449456 -0.34820510064449456 -0.30081507163199683 -0.34820510064449456 -0.34820510064449456 -0.34820510064449456 -0.32138285840123076 -0.32138285840123076 -0.34820510064449456 -0.22736153281851018 -0.2263842036506563 -0.22736153281851018 -0.2263842036506563 -0.34820510064449456 -0.22736153281851018 -0.2263842036506563 -0.37449732308824646 -0.18564252061927516 -0.37449732308824646 -0.34820510064449456 -0.2263842036506563 -0.22736153281851018 -0.22736153281851018 -0.34820510064449456 -0.34820510064449456 -0.3407480597407193 -0.3450461941239237 -0.3407480597407193 -0.3407480597407193 -0.22736153281851018 -0.2263842036506563 -0.31726946358897357 -0.2982198822470917 -0.3006842562196282 -0.2939199901566018 -0.2939296613938797 -0.28196947886867557 -0.27715967150559945 -0.2654247181178903 -0.2654247181178903 -0.2654247181178903 -0.26608665639399354 -0.2654247181178903 -0.22090296888232583 -0.24586173368406258 -0.24541108786674604 -0.17653724512913108 -0.23093757607330573 -0.20166298059068932 -0.1491337429988009 -0.17121110784555274 -0.14863594575488256 -0.15504364634549625 -0.14863594575488256 -0.1444540315950841 -0.1444540315950841 -0.1404648365241943 -0.10452246947905046 -0.09141389627260586 -0.09141389627260586 -0.08456607331910931 -0.08456607331910931 -0.08523252492820958 -0.06033955019202001 -0.041684742660770414
-0.34820510064449456 -0.34820510064449456 -0.34820510064449456 -0.34820510064449456 -0.30081507163199683 -0.30081507163199683 -0.34820510064449456 -0.45253679167898564 -0.45253679167898564 -0.34820510064449456 -0.45253679167898564 -0.45253679167898564 -0.34820510064449456 -0.45253679167898564 -0.45253679167898564 -0.34820510064449456 -0.18564252061927516 -0.34820510064449456 -0.34820510064449456 -0.34820510064449456 -0.34820510064449456 -0.30081507163199683 -0.34820510064449456 -0.34820510064449456 -0.30081507163199683 -0.30081507163199683 -0.34820510064449456 -0.30081507163199683 -0.34820510064449456 -0.34820510064449456 -0.34820510064449456 -0.34820510064449456 -0.34820510064449456 -0.4663924766734849 -0.482044423342678 -0.34820510064449456 -0.4774011925326362 -0.34820510064449456 -0.34820510064449456 -0.34820510064449456 -0.30081507163199683 -0.34820510064449456 -0.34820510064449456 -0.34820510064449456 -0.30081507163199683 -0.34820510064449456 -0.34820510064449456 -0.34820510064449456 -0.32138285840123076 -0.32138285840123076 -0.34820510064449456 -0.22736153281851018 -0.2263842036506563 -0.22736153281851018 -0.2263842036506563 -0.34820510064449456 -0.22736153281851018 -0.2263842036506563 -0.37449732308824646 -0.18564252061927516 -0.37449732308824646 -0.34820510064449456 -0.2263842036506563 -0.22736153281851018 -0.22736153281851018 -0.34820510064449456 -0.34820510064449456 -0.3407480597407193 -0.3450461941239237 -0.3407480597407193 -0.3407480597407193 -0.22736153281851018 -0.2263842036506563 -0.31726946358897357 -0.2982198822470917 -0.3006842562196282 -0.2939199901566018 -0.2939296613938797 -0.28196947886867557 -0.27715967150559945 -0.2654247181178903 -0.2654247181178903 -0.2654247181178903 -0.26608665639399354 -0.2654247181178903 -0.22090296888232583 -0.24586173368406258 -0.24541108786674604 -0.17653724512913108 -0.23093757607330573 -0.20166298059068932 -0.1491337429988009 -0.17121110784555274 -0.14863594575488256 -0.15504364634549625 -0.14863594575488256 -0.1444540315950841 -0.1444540315950841 -0.1404648365241943 -0.10452246947905046 -0.09141389627260586 -0.09141389627260586 -0.08456607331910931 -0.08456607331910931 -0.08523252492820958 -0.06033955019202001 -0.041684742660770414
-0.34820510064449456 -0.34820510064449456 -0.34820510064449456 -0.34820510064449456 -0.30081507163199683 -0.30081507163199683 -0.34820510064449456 -0.6176367521552966 -0.6176367521552966 -0.34820510064449456 -0.6176367521552966 -0.6176367521552966 -0.34820510064449456 -0.6176367521552966 -0.6450586427037108 -0.34820510064449456 -0.18564252061927516 -0.34820510064449456 -0.34820510064449456 -0.34820510064449456 -0.34820510064449456 -0.30081507163199683 -0.34820510064449456 -0.34820510064449456 -0.30081507163199683 -0.30081507163199683 -0.34820510064449456 -0.30081507163199683 -0.34820510064449456 -0.34820510064449456 -0.34820510064449456 -0.34820510064449456 -0.34820510064449456 -0.45253679167898564 -0.45253679167898564 -0.34820510064449456 -0.45253679167898564 -0.34820510064449456 -0.34820510064449456 -0.34820510064449456 -0.30081507163199683 -0.34820510064449456 -0.34820510064449456 -0.34820510064449456 -0.30081507163199683 -0.34820510064449456 -0.34820510064449456 -0.34820510064449456 -0.32138285840123076 -0.32138285840123076 -0.34820510064449456 -0.22736153281851018 -0.2263842036506563 -0.22736153281851018 -0.2263842036506563 -0.34820510064449456 -0.22736153281851018 -0.2263842036506563 -0.37449732308824646 -0.18564252061927516 -0.37449732308824646 -0.34820510064449456 -0.2263842036506563 -0.22736153281851018 -0.22736153281851018 -0.34820510064449456 -0.34820510064449456 -0.3407480597407193 -0.3450461941239237 -0.3407480597407193 -0.3407480597407193 -0.22736153281851018 -0.2263842036506563 -0.31726946358897357 -0.2982198822470917 -0.3006842562196282 -0.2939199901566018 -0.2939296613938797 -0.28196947886867557 -0.27715967150559945 -0.2654247181178903 -0.2654247181178903 -0.2654247181178903 -0.26608665639399354 -0.2654247181178903 -0.22090296888232583 -0.24586173368406258 -0.24541108786674604 -0.17653724512913108 -0.23093757607330573 -0.20166298059068932 -0.1491337429988009 -0.17121110784555274 -0.14863594575488256 -0.15504364634549625 -0.14863594575488256 -0.1444540315950841 -0.1444540315950841 -0.1404648365241943 -0.10452246947905046 -0.09141389627260586 -0.09141389627260586 -0.08456607331910931 -0.08456607331910931 -0.08523252492820958 -0.06033955019202001 -0.041684742660770414
-0.4406062834443337 -0.5828241890981954 -0.45177369683047214 -0.45177369683047214 -0.30081507163199683 -0.30081507163199683 -0.6325089028013334 -0.34820510064449456 -0.34820510064449456 -0.6325089028013334 -0.34820510064449456 -0.34820510064449456 -0.5828241890981954 -0.34820510064449456 -0.34820510064449456 -0.36261342675090835 -0.18564252061927516 -0.36261342675090835 -0.4406062834443337 -0.4406062834443337 -0.4406062834443337 -0.30081507163199683 -0.4406062834443337 -0.4406062834443337 -0.30081507163199683 -0.30081507163199683 -0.36261342675090835 -0.30081507163199683 -0.4075563460262548 -0.4406062834443337 -0.4075563460262548 -0.4011225909289649 -0.36261342675090835 -0.34820510064449456 -0.34820510064449456 -0.45177369683047214 -0.34820510064449456 -0.36261342675090835 -0.36261342675090835 -0.36261342675090835 -0.30081507163199683 -0.4011225909289649 -0.4011225909289649 -0.4011225909289649 -0.30081507163199683 -0.39955595549143097 -0.39955595549143097 -0.4075563460262548 -0.32138285840123076 -0.32138285840123076 -0.40804585257469345 -0.22736153281851018 -0.2263842036506563 -0.22736153281851018 -0.2263842036506563 -0.4004357596887059 -0.22736153281851018 -0.2263842036506563 -0.34820510064449456 -0.18564252061927516 -0.34820510064449456 -0.36727172986803136 -0.2263842036506563 -0.22736153281851018 -0.22736153281851018 -0.35350854350742145 -0.35350854350742145 -0.3407480597407193 -0.3450461941239237 -0.3407480597407193 -0.3407480597407193 -0.22736153281851018 -0.2263842036506563 -0.31726946358897357 -0.2982198822470917 -0.3006842562196282 -0.2939199901566018 -0.2939296613938797 -0.28196947886867557 -0.27715967150559945 -0.2654247181178903 -0.2654247181178903 -0.2654247181178903 -0.26608665639399354 -0.2654247181178903 -0.22090296888232583 -0.24586173368406258 -0.24541108786674604 -0.17653724512913108 -0.23093757607330573 -0.20166298059068932 -0.1491337429988009 -0.17121110784555274 -0.14863594575488256 -0.15504364634549625 -0.14863594575488256 -0.1444540315950841 -0.1444540315950841 -0.1404648365241943 -0.10452246947905046 -0.09141389627260586 -0.09141389627260586 -0.08456607331910931 -0.08456607331910931 -0.08523252492820958 -0.06033955019202001 -0.041684742660770414
-0.2654247181178903 -0.2654247181178903 -0.2654247181178903 -0.2654247181178903 -0.2654247181178903 -0.2654247181178903 -0.2654247181178903 -0.2654247181178903 -0.2654247181178903 -0.2654247181178903 -0.2654247181178903 -0.2654247181178903 -0.2654247181178903 -0.2654247181178903 -0.2654247181178903 -0.2654247181178903 -0.18564252061927516 -0.2654247181178903 -0.2654247181178903 -0.2654247181178903 -0.2654247181178903 -0.2654247181178903 -0.2654247181178903 -0.2654247181178903 -0.2654247181178903 -0.2654247181178903 -0.2654247181178903 -0.2654247181178903 -0.2654247181178903 -0.2654247181178903 -0.2654247181178903 -0.2654247181178903 -0.2654247181178903 -0.2654247181178903 -0.2654247181178903 -0.2654247181178903 -0.2654247181178903 -0.2654247181178903 -0.2654247181178903 -0.2654247181178903 -0.2654247181178903 -0.2654247181178903 -0.2654247181178903 -0.2654247181178903 -0.2654247181178903 -0.2654247181178903 -0.2654247181178903 -0.2654247181178903 -0.2654247181178903 -0.2654247181178903 -0.2654247181178903 -0.22736153281851018 -0.2263842036506563 -0.22736153281851018 -0.2263842036506563 -0.2654247181178903 -0.22736153281851018 -0.2263842036506563 -0.2654247181178903 -0.18564252061927516 -0.2654247181178903 -0.2654247181178903 -0.2263842036506563 -0.22736153281851018 -0.22736153281851018 -0.2654247181178903 -0.2654247181178903 -0.2654247181178903 -0.2654247181178903 -0.2654247181178903 -0.2654247181178903 -0.22736153281851018 -0.2263842036506563 -0.2654247181178903 -0.2654247181178903 -0.2654247181178903 -0.2654247181178903 -0.2654247181178903 -0.2654247181178903 -0.2654247181178903 -0.2654247181178903 -0.2654247181178903 -0.2654247181178903 -0.2654247181178903 -0.2654247181178903 -0.22090296888232583 -0.24586173368406258 -0.24541108786674604 -0.17653724512913108 -0.23093757607330573 -0.20166298059068932 -0.1491337429988009 -0.17121110784555274 -0.14863594575488256 -0.15504364634549625 -0.14863594575488256 -0.1444540315950841 -0.1444540315950841 -0.1404648365241943 -0.10452246947905046 -0.09141389627260586 -0.09141389627260586 -0.08456607331910931 -0.08456607331910931 -0.08523252492820958 -0.06033955019202001 -0.041684742660770414
-0.31726946358897357 -0.31726946358897357 -0.31726946358897357 -0.31726946358897357 -0.30081507163199683 -0.30081507163199683 -0.31726946358897357 -0.31726946358897357 -0.31726946358897357 -0.31726946358897357 -0.31726946358897357 -0.31726946358897357 -0.31726946358897357 -0.31726946358897357 -0.31726946358897357 -0.31726946358897357 -0.18564252061927516 -0.31726946358897357 -0.31726946358897357 -0.31726946358897357 -0.31726946358897357 -0.30081507163199683 -0.31726946358897357 -0.31726946358897357 -0.30081507163199683 -0.30081507163199683 -0.31726946358897357 -0.30081507163199683 -0.31726946358897357 -0.31726946358897357 -0.31726946358897357 -0.31726946358897357 -0.31726946358897357 -0.31726946358897357 -0.31726946358897357 -0.31726946358897357 -0.31726946358897357 -0.31726946358897357 -0.31726946358897357 -0.31726946358897357 -0.30081507163199683 -0.31726946358897357 -0.31726946358897357 -0.31726946358897357 -0.30081507163199683 -0.31726946358897357 -0.31726946358897357 -0.31726946358897357 -0.31726946358897357 -0.31726946358897357 -0.31726946358897357 -0.22736153281851018 -0.2263842036506563 -0.22736153281851018 -0.2263842036506563 -0.31726946358897357 -0.22736153281851018 -0.2263842036506563 -0.31726946358897357 -0.18564252061927516 -0.31726946358897357 -0.31726946358897357 -0.2263842036506563 -0.22736153281851018 -0.22736153281851018 -0.31726946358897357 -0.31726946358897357 -0.31726946358897357 -0.31726946358897357 -0.31726946358897357 -0.31726946358897357 -0.22736153281851018 -0.2263842036506563 -0.31726946358897357 -0.2982198822470917 -0.3006842562196282 -0.2939199901566018 -0.2939296613938797 -0.28196947886867557 -0.27715967150559945 -0.2654247181178903 -0.2654247181178903 -0.2654247181178903 -0.26608665639399354 -0.2654247181178903 -0.22090296888232583 -0.24586173368406258 -0.24541108786674604 -0.17653724512913108 -0.23093757607330573 -0.20166298059068932 -0.1491337429988009 -0.17121110784555274 -0.14863594575488256 -0.15504364634549625 -0.14863594575488256 -0.1444540315950841 -0.1444540315950841 -0.1404648365241943 -0.10452246947905046 -0.09141389627260586 -0.09141389627260586 -0.08456607331910931 -0.08456607331910931 -0.08523252492820958 -0.06033955019202001 -0.041684742660770414
-0.4406062834443337 -0.4406062834443337 -0.4406062834443337 -0.4406062834443337 -0.30081507163199683 -0.30081507163199683 -0.4406062834443337 -0.34820510064449456 -0.34820510064449456 -0.4406062834443337 -0.34820510064449456 -0.34820510064449456 -0.4406062834443337 -0.34820510064449456 -0.34820510064449456 -0.36261342675090835 -0.18564252061927516 -0.36261342675090835 -0.4406062834443337 -0.4406062834443337 -0.4406062834443337 -0.30081507163199683 -0.4406062834443337 -0.4406062834443337 -0.30081507163199683 -0.30081507163199683 -0.36261342675090835 -0.30081507163199683 -0.4075563460262548 -0.4406062834443337 -0.4075563460262548 -0.4011225909289649 -0.36261342675090835 -0.34820510064449456 -0.34820510064449456 -0.4406062834443337 -0.34820510064449456 -0.36261342675090835 -0.36261342675090835 -0.36261342675090835 -0.30081507163199683 -0.4011225909289649 -0.4011225909289649 -0.4011225909289649 -0.30081507163199683 -0.39955595549143097 -0.39955595549143097 -0.4075563460262548 -0.32138285840123076 -0.32138285840123076 -0.40804585257469345 -0.22736153281851018 -0.2263842036506563 -0.22736153281851018 -0.2263842036506563 -0.4004357596887059 -0.22736153281851018 -0.2263842036506563 -0.34820510064449456 -0.18564252061927516 -0.34820510064449456 -0.36727172986803136 -0.2263842036506563 -0.22736153281851018 -0.22736153281851018 -0.35350854350742145 -0.35350854350742145 -0.3407480597407193 -0.3450461941239237 -0.3407480597407193 -0.3407480597407193 -0.22736153281851018 -0.2263842036506563 -0.31726946358897357 -0.2982198822470917 -0.3006842562196282 -0.2939199901566018 -0.2939296613938797 -0.28196947886867557 -0.27715967150559945 -0.2654247181178903 -0.2654247181178903 -0.2654247181178903 -0.26608665639399354 -0.2654247181178903 -0.22090296888232583 -0.24586173368406258 -0.24541108786674604 -0.17653724512913108 -0.23093757607330573 -0.20166298059068932 -0.1491337429988009 -0.17121110784555274 -0.14863594575488256 -0.15504364634549625 -0.14863594575488256 -0.1444540315950841 -0.1444540315950841 -0.1404648365241943 -0.10452246947905046 -0.09141389627260586 -0.09141389627260586 -0.08456607331910931 -0.08456607331910931 -0.08523252492820958 -0.06033955019202001 -0.041684742660770414
-0.4406062834443337 -0.4406062834443337 -0.4406062834443337 -0.4406062834443337 -0.30081507163199683 -0.30081507163199683 -0.4406062834443337 -0.34820510064449456 -0.34820510064449456 -0.4406062834443337 -0.34820510064449456 -0.34820510064449456 -0.4406062834443337 -0.34820510064449456 -0.34820510064449456 -0.36261342675090835 -0.18564252061927516 -0.36261342675090835 -0.4406062834443337 -0.4406062834443337 -0.4406062834443337 -0.30081507163199683 -0.4406062834443337 -0.4406062834443337 -0.30081507163199683 -0.30081507163199683 -0.36261342675090835 -0.30081507163199683 -0.4075563460262548 -0.4406062834443337 -0.4075563460262548 -0.4011225909289649 -0.36261342675090835 -0.34820510064449456 -0.34820510064449456 -0.4406062834443337 -0.34820510064449456 -0.36261342675090835 -0.36261342675090835 -0.36261342675090835 -0.30081507163199683 -0.4011225909289649 -0.4011225909289649 -0.4011225909289649 -0.30081507163199683 -0.39955595549143097 -0.39955595549143097 -0.4075563460262548 -0.32138285840123076 -0.32138285840123076 -0.40804585257469345 -0.22736153281851018 -0.2263842036506563 -0.22736153281851018 -0.2263842036506563 -0.4004357596887059 -0.22736153281851018 -0.2263842036506563 -0.34820510064449456 -0.18564252061927516 -0.34820510064449456 -0.36727172986803136 -0.2263842036506563 -0.22736153281851018 -0.22736153281851018 -0.35350854350742145 -0.35350854350742145 -0.3407480597407193 -0.3450461941239237 -0.3407480597407193 -0.3407480597407193 -0.22736153281851018 -0.2263842036506563 -0.31726946358897357 -0.2982198822470917 -0.3006842562196282 -0.2939199901566018 -0.2939296613938797 -0.28196947886867557 -0.27715967150559945 -0.2654247181178903 -0.2654247181178903 -0.2654247181178903 -0.26608665639399354 -0.2654247181178903 -0.22090296888232583 -0.24586173368406258 -0.24541108786674604 -0.17653724512913108 -0.23093757607330573 -0.20166298059068932 -0.1491337429988009 -0.17121110784555274 -0.14863594575488256 -0.15504364634549625 -0.14863594575488256 -0.1444540315950841 -0.1444540315950841 -0.1404648365241943 -0.10452246947905046 -0.09141389627260586 -0.09141389627260586 -0.08456607331910931 -0.08456607331910931 -0.08523252492820958 -0.06033955019202001 -0.041684742660770414
-0.24541108786674604 -0.24541108786674604 -0.24541108786674604 -0.24541108786674604 -0.24541108786674604 -0.24541108786674604 -0.24541108786674604 -0.24541108786674604 -0.24541108786674604 -0.24541108786674604 -0.24541108786674604 -0.24541108786674604 -0.24541108786674604 -0.24541108786674604 -0.24541108786674604 -0.24541108786674604 -0.18564252061927516 -0.24541108786674604 -0.24541108786674604 -0.24541108786674604 -0.24541108786674604 -0.24541108786674604 -0.24541108786674604 -0.24541108786674604 -0.24541108786674604 -0.24541108786674604 -0.24541108786674604 -0.24541108786674604 -0.24541108786674604 -0.24541108786674604 -0.24541108786674604 -0.24541108786674604 -0.24541108786674604 -0.24541108786674604 -0.24541108786674604 -0.24541108786674604 -0.24541108786674604 -0.24541108786674604 -0.24541108786674604 -0.24541108786674604 -0.24541108786674604 -0.24541108786674604 -0.24541108786674604 -0.24541108786674604 -0.24541108786674604 -0.24541108786674604 -0.24541108786674604 -0.24541108786674604 -0.24541108786674604 -0.24541108786674604 -0.24541108786674604 -0.22736153281851018 -0.2263842036506563 -0.22736153281851018 -0.2263842036506563 -0.24541108786674604 -0.22736153281851018 -0.2263842036506563 -0.24541108786674604 -0.18564252061927516 -0.24541108786674604 -0.24541108786674604 -0.2263842036506563 -0.22736153281851018 -0.22736153281851018 -0.24541108786674604 -0.24541108786674604 -0.24541108786674604 -0.24541108786674604 -0.24541108786674604 -0.24541108786674604 -0.22736153281851018 -0.2263842036506563 -0.24541108786674604 -0.24541108786674604 -0.24541108786674604 -0.24541108786674604 -0.24541108786674604 -0.24541108786674604 -0.24541108786674604 -0.24541108786674604 -0.24541108786674604 -0.24541108786674604 -0.24541108786674604 -0.24541108786674604 -0.22090296888232583 -0.24541108786674604 -0.24541108786674604 -0.17653724512913108 -0.23093757607330573 -0.20166298059068932 -0.1491337429988009 -0.17121110784555274 -0.14863594575488256 -0.15504364634549625 -0.14863594575488256 -0.1444540315950841 -0.1444540315950841 -0.1404648365241943 -0.10452246947905046 -0.09141389627260586 -0.09141389627260586 -0.08456607331910931 -0.08456607331910931 -0.08523252492820958 -0.06033955019202001 -0.041684742660770414
-0.31726946358897357 -0.31726946358897357 -0.31726946358897357 -0.31726946358897357 -0.30081507163199683 -0.30081507163199683 -0.31726946358897357 -0.31726946358897357 -0.31726946358897357 -0.31726946358897357 -0.31726946358897357 -0.31726946358897357 -0.31726946358897357 -0.31726946358897357 -0.31726946358897357 -0.31726946358897357 -0.18564252061927516 -0.31726946358897357 -0.31726946358897357 -0.31726946358897357 -0.31726946358897357 -0.30081507163199683 -0.31726946358897357 -0.31726946358897357 -0.30081507163199683 -0.30081507163199683 -0.31726946358897357 -0.30081507163199683 -0.31726946358897357 -0.31726946358897357 -0.31726946358897357 -0.31726946358897357 -0.31726946358897357 -0.31726946358897357 -0.31726946358897357 -0.31726946358897357 -0.31726946358897357 -0.31726946358897357 -0.31726946358897357 -0.31726946358897357 -0.30081507163199683 -0.31726946358897357 -0.31726946358897357 -0.31726946358897357 -0.30081507163199683 -0.31726946358897357 -0.31726946358897357 -0.31726946358897357 -0.31726946358897357 -0.31726946358897357 -0.31726946358897357 -0.22736153281851018 -0.2263842036506563 -0.22736153281851018 -0.2263842036506563 -0.31726946358897357 -0.22736153281851018 -0.2263842036506563 -0.31726946358897357 -0.18564252061927516 -0.31726946358897357 -0.31726946358897357 -0.2263842036506563 -0.22736153281851018 -0.22736153281851018 -0.31726946358897357 -0.31726946358897357 -0.31726946358897357 -0.31726946358897357 -0.31726946358897357 -0.31726946358897357 -0.22736153281851018 -0.2263842036506563 -0.31726946358897357 -0.2982198822470917 -0.3006842562196282 -0.2939199901566018 -0.2939296613938797 -0.28196947886867557 -0.27715967150559945 -0.2654247181178903 -0.2654247181178903 -0.2654247181178903 -0.26608665639399354 -0.2654247181178903 -0.22090296888232583 -0.24586173368406258 -0.24541108786674604 -0.17653724512913108 -0.23093757607330573 -0.20166298059068932 -0.1491337429988009 -0.17121110784555274 -0.14863594575488256 -0.15504364634549625 -0.14863594575488256 -0.1444540315950841 -0.1444540315950841 -0.1404648365241943 -0.10452246947905046 -0.09141389627260586 -0.09141389627260586 -0.08456607331910931 -0.08456607331910931 -0.08523252492820958 -0.06033955019202001 -0.041684742660770414
-0.31726946358897357 -0.31726946358897357 -0.31726946358897357 -0.31726946358897357 -0.30081507163199683 -0.30081507163199683 -0.31726946358897357 -0.31726946358897357 -0.31726946358897357 -0.31726946358897357 -0.31726946358897357 -0.31726946358897357 -0.31726946358897357 -0.31726946358897357 -0.31726946358897357 -0.31726946358897357 -0.18564252061927516 -0.31726946358897357 -0.31726946358897357 -0.31726946358897357 -0.31726946358897357 -0.30081507163199683 -0.31726946358897357 -0.31726946358897357 -0.30081507163199683 -0.30081507163199683 -0.31726946358897357 -0.30081507163199683 -0.31726946358897357 -0.31726946358897357 -0.31726946358897357 -0.31726946358897357 -0.31726946358897357 -0.31726946358897357 -0.31726946358897357 -0.31726946358897357 -0.31726946358897357 -0.31726946358897357 -0.31726946358897357 -0.31726946358897357 -0.30081507163199683 -0.31726946358897357 -0.31726946358897357 -0.31726946358897357 -0.30081507163199683 -0.31726946358897357 -0.31726946358897357 -0.31726946358897357 -0.31726946358897357 -0.31726946358897357 -0.31726946358897357 -0.22736153281851018 -0.2263842036506563 -0.22736153281851018 -0.2263842036506563 -0.31726946358897357 -0.22736153281851018 -0.2263842036506563 -0.31726946358897357 -0.18564252061927516 -0.31726946358897357 -0.31726946358897357 -0.2263842036506563 -0.22736153281851018 -0.22736153281851018 -0.31726946358897357 -0.31726946358897357 -0.31726946358897357 -0.31726946358897357 -0.31726946358897357 -0.31726946358897357 -0.22736153281851018 -0.2263842036506563 -0.31726946358897357 -0.2982198822470917 -0.3006842562196282 -0.2939199901566018 -0.2939296613938797 -0.28196947886867557 -0.27715967150559945 -0.2654247181178903 -0.2654247181178903 -0.2654247181178903 -0.26608665639399354 -0.2654247181178903 -0.22090296888232583 -0.24586173368406258 -0.24541108786674604 -0.17653724512913108 -0.23093757607330573 -0.20166298059068932 -0.1491337429988009 -0.17121110784555274 -0.14863594575488256 -0.15504364634549625 -0.14863594575488256 -0.1444540315950841 -0.1444540315950841 -0.1404648365241943 -0.10452246947905046 -0.09141389627260586 -0.09141389627260586 -0.08456607331910931 -0.08456607331910931 -0.08523252492820958 -0.06033955019202001 -0.041684742660770414
-0.4406062834443337 -0.5272832624882969 -0.45177369683047214 -0.45177369683047214 -0.30081507163199683 -0.30081507163199683 -0.5272832624882969 -0.34820510064449456 -0.34820510064449456 -0.5272832624882969 -0.34820510064449456 -0.34820510064449456 -0.5272832624882969 -0.34820510064449456 -0.34820510064449456 -0.36261342675090835 -0.18564252061927516 -0.36261342675090835 -0.4406062834443337 -0.4406062834443337 -0.4406062834443337 -0.30081507163199683 -0.4406062834443337 -0.4406062834443337 -0.30081507163199683 -0.30081507163199683 -0.36261342675090835 -0.30081507163199683 -0.4075563460262548 -0.4406062834443337 -0.4075563460262548 -0.4011225909289649 -0.36261342675090835 -0.34820510064449456 -0.34820510064449456 -0.45177369683047214 -0.34820510064449456 -0.36261342675090835 -0.36261342675090835 -0.36261342675090835 -0.30081507163199683 -0.4011225909289649 -0.4011225909289649 -0.4011225909289649 -0.30081507163199683 -0.39955595549143097 -0.39955595549143097 -0.4075563460262548 -0.32138285840123076 -0.32138285840123076 -0.40804585257469345 -0.22736153281851018 -0.2263842036506563 -0.22736153281851018 -0.2263842036506563 -0.4004357596887059 -0.22736153281851018 -0.2263842036506563 -0.34820510064449456 -0.18564252061927516 -0.34820510064449456 -0.36727172986803136 -0.2263842036506563 -0.22736153281851018 -0.22736153281851018 -0.35350854350742145 -0.35350854350742145 -0.3407480597407193 -0.3450461941239237 -0.3407480597407193 -0.3407480597407193 -0.22736153281851018 -0.2263842036506563 -0.31726946358897357 -0.2982198822470917 -0.3006842562196282 -0.2939199901566018 -0.2939296613938797 -0.28196947886867557 -0.27715967150559945 -0.2654247181178903 -0.2654247181178903 -0.2654247181178903 -0.26608665639399354 -0.2654247181178903 -0.22090296888232583 -0.24586173368406258 -0.24541108786674604 -0.17653724512913108 -0.23093757607330573 -0.20166298059068932 -0.1491337429988009 -0.17121110784555274 -0.14863594575488256 -0.15504364634549625 -0.14863594575488256 -0.1444540315950841 -0.1444540315950841 -0.1404648365241943 -0.10452246947905046 -0.09141389627260586 -0.09141389627260586 -0.08456607331910931 -0.08456607331910931 -0.08523252492820958 -0.06033955019202001 -0.041684742660770414
-0.4406062834443337 -0.5261459322490366 -0.45177369683047214 -0.45177369683047214 -0.30081507163199683 -0.30081507163199683 -0.5261459322490366 -0.34820510064449456 -0.34820510064449456 -0.5261459322490366 -0.34820510064449456 -0.34820510064449456 -0.5261459322490366 -0.34820510064449456 -0.34820510064449456 -0.36261342675090835 -0.18564252061927516 -0.36261342675090835 -0.4406062834443337 -0.4406062834443337 -0.4406062834443337 -0.30081507163199683 -0.4406062834443337 -0.4406062834443337 -0.30081507163199683 -0.30081507163199683 -0.36261342675090835 -0.30081507163199683 -0.4075563460262548 -0.4406062834443337 -0.4075563460262548 -0.4011225909289649 -0.36261342675090835 -0.34820510064449456 -0.34820510064449456 -0.45177369683047214 -0.34820510064449456 -0.36261342675090835 -0.36261342675090835 -0.36261342675090835 -0.30081507163199683 -0.4011225909289649 -0.4011225909289649 -0.4011225909289649 -0.30081507163199683 -0.39955595549143097 -0.39955595549143097 -0.4075563460262548 -0.32138285840123076 -0.32138285840123076 -0.40804585257469345 -0.22736153281851018 -0.2263842036506563 -0.22736153281851018 -0.2263842036506563 -0.4004357596887059 -0.22736153281851018 -0.2263842036506563 -0.34820510064449456 -0.18564252061927516 -0.34820510064449456 -0.36727172986803136 -0.2263842036506563 -0.22736153281851018 -0.22736153281851018 -0.35350854350742145 -0.35350854350742145 -0.3407480597407193 -0.3450461941239237 -0.3407480597407193 -0.3407480597407193 -0.22736153281851018 -0.2263842036506563 -0.31726946358897357 -0.2982198822470917 -0.3006842562196282 -0.2939199901566018 -0.2939296613938797 -0.28196947886867557 -0.27715967150559945 -0.2654247181178903 -0.2654247181178903 -0.2654247181178903 -0.26608665639399354 -0.2654247181178903 -0.22090296888232583 -0.24586173368406258 -0.24541108786674604 -0.17653724512913108 -0.23093757607330573 -0.20166298059068932 -0.1491337429988009 -0.17121110784555274 -0.14863594575488256 -0.15504364634549625 -0.14863594575488256 -0.1444540315950841 -0.1444540315950841 -0.1404648365241943 -0.10452246947905046 -0.09141389627260586 -0.09141389627260586 -0.08456607331910931 -0.08456607331910931 -0.08523252492820958 -0.06033955019202001 -0.041684742660770414
-0.4406062834443337 -0.5222175699750596 -0.45177369683047214 -0.45177369683047214 -0.30081507163199683 -0.30081507163199683 -0.5222175699750596 -0.34820510064449456 -0.34820510064449456 -0.5222175699750596 -0.34820510064449456 -0.34820510064449456 -0.5222175699750596 -0.34820510064449456 -0.34820510064449456 -0.36261342675090835 -0.18564252061927516 -0.36261342675090835 -0.4406062834443337 -0.4406062834443337 -0.4406062834443337 -0.30081507163199683 -0.4406062834443337 -0.4406062834443337 -0.30081507163199683 -0.30081507163199683 -0.36261342675090835 -0.30081507163199683 -0.4075563460262548 -0.4406062834443337 -0.4075563460262548 -0.4011225909289649 -0.36261342675090835 -0.34820510064449456 -0.34820510064449456 -0.45177369683047214 -0.34820510064449456 -0.36261342675090835 -0.36261342675090835 -0.36261342675090835 -0.30081507163199683 -0.4011225909289649 -0.4011225909289649 -0.4011225909289649 -0.30081507163199683 -0.39955595549143097 -0.39955595549143097 -0.4075563460262548 -0.32138285840123076 -0.32138285840123076 -0.40804585257469345 -0.22736153281851018 -0.2263842036506563 -0.22736153281851018 -0.2263842036506563 -0.4004357596887059 -0.22736153281851018 -0.2263842036506563 -0.34820510064449456 -0.18564252061927516 -0.34820510064449456 -0.36727172986803136 -0.2263842036506563 -0.22736153281851018 -0.22736153281851018 -0.35350854350742145 -0.35350854350742145 -0.3407480597407193 -0.3450461941239237 -0.3407480597407193 -0.3407480597407193 -0.22736153281851018 -0.2263842036506563 -0.31726946358897357 -0.2982198822470917 -0.3006842562196282 -0.2939199901566018 -0.2939296613938797 -0.28196947886867557 -0.27715967150559945 -0.2654247181178903 -0.2654247181178903 -0.2654247181178903 -0.26608665639399354 -0.2654247181178903 -0.22090296888232583 -0.24586173368406258 -0.24541108786674604 -0.17653724512913108 -0.23093757607330573 -0.20166298059068932 -0.1491337429988009 -0.17121110784555274 -0.14863594575488256 -0.15504364634549625 -0.14863594575488256 -0.1444540315950841 -0.1444540315950841 -0.1404648365241943 -0.10452246947905046 -0.09141389627260586 -0.09141389627260586 -0.08456607331910931 -0.08456607331910931 -0.08523252492820958 -0.06033955019202001 -0.041684742660770414
-0.4406062834443337 -0.521049635151085 -0.45177369683047214 -0.45177369683047214 -0.30081507163199683 -0.30081507163199683 -0.521049635151085 -0.34820510064449456 -0.34820510064449456 -0.521049635151085 -0.34820510064449456 -0.34820510064449456 -0.521049635151085 -0.34820510064449456 -0.34820510064449456 -0.36261342675090835 -0.18564252061927516 -0.36261342675090835 -0.4406062834443337 -0.4406062834443337 -0.4406062834443337 -0.30081507163199683 -0.4406062834443337 -0.4406062834443337 -0.30081507163199683 -0.30081507163199683 -0.36261342675090835 -0.30081507163199683 -0.4075563460262548 -0.4406062834443337 -0.4075563460262548 -0.4011225909289649 -0.36261342675090835 -0.34820510064449456 -0.34820510064449456 -0.45177369683047214 -0.34820510064449456 -0.36261342675090835 -0.36261342675090835 -0.36261342675090835 -0.30081507163199683 -0.4011225909289649 -0.4011225909289649 -0.4011225909289649 -0.30081507163199683 -0.39955595549143097 -0.39955595549143097 -0.4075563460262548 -0.32138285840123076 -0.32138285840123076 -0.40804585257469345 -0.22736153281851018 -0.2263842036506563 -0.22736153281851018 -0.2263842036506563 -0.4004357596887059 -0.22736153281851018 -0.2263842036506563 -0.34820510064449456 -0.18564252061927516 -0.34820510064449456 -0.36727172986803136 -0.2263842036506563 -0.22736153281851018 -0.22736153281851018 -0.35350854350742145 -0.35350854350742145 -0.3407480597407193 -0.3450461941239237 -0.3407480597407193 -0.3407480597407193 -0.22736153281851018 -0.2263842036506563 -0.31726946358897357 -0.2982198822470917 -0.3006842562196282 -0.2939199901566018 -0.2939296613938797 -0.28196947886867557 -0.27715967150559945 -0.2654247181178903 -0.2654247181178903 -0.2654247181178903 -0.26608665639399354 -0.2654247181178903 -0.22090296888232583 -0.24586173368406258 -0.24541108786674604 -0.17653724512913108 -0.23093757607330573 -0.20166298059068932 -0.1491337429988009 -0.17121110784555274 -0.14863594575488256 -0.15504364634549625 -0.14863594575488256 -0.1444540315950841 -0.1444540315950841 -0.1404648365241943 -0.10452246947905046 -0.09141389627260586 -0.09141389627260586 -0.08456607331910931 -0.08456607331910931 -0.08523252492820958 -0.06033955019202001 -0.041684742660770414
-0.4406062834443337 -0.5199222303519887 -0.45177369683047214 -0.45177369683047214 -0.30081507163199683 -0.30081507163199683 -0.5199222303519887 -0.34820510064449456 -0.34820510064449456 -0.5199222303519887 -0.34820510064449456 -0.34820510064449456 -0.5199222303519887 -0.34820510064449456 -0.34820510064449456 -0.36261342675090835 -0.18564252061927516 -0.36261342675090835 -0.4406062834443337 -0.4406062834443337 -0.4406062834443337 -0.30081507163199683 -0.4406062834443337 -0.4406062834443337 -0.30081507163199683 -0.30081507163199683 -0.36261342675090835 -0.30081507163199683 -0.4075563460262548 -0.4406062834443337 -0.4075563460262548 -0.4011225909289649 -0.36261342675090835 -0.34820510064449456 -0.34820510064449456 -0.45177369683047214 -0.34820510064449456 -0.36261342675090835 -0.36261342675090835 -0.36261342675090835 -0.30081507163199683 -0.4011225909289649 -0.4011225909289649 -0.4011225909289649 -0.30081507163199683 -0.39955595549143097 -0.39955595549143097 -0.4075563460262548 -0.32138285840123076 -0.32138285840123076 -0.40804585257469345 -0.22736153281851018 -0.2263842036506563 -0.22736153281851018 -0.2263842036506563 -0.4004357596887059 -0.22736153281851018 -0.2263842036506563 -0.34820510064449456 -0.18564252061927516 -0.34820510064449456 -0.36727172986803136 -0.2263842036506563 -0.22736153281851018 -0.22736153281851018 -0.35350854350742145 -0.35350854350742145 -0.3407480597407193 -0.3450461941239237 -0.3407480597407193 -0.3407480597407193 -0.22736153281851018 -0.2263842036506563 -0.31726946358897357 -0.2982198822470917 -0.3006842562196282 -0.2939199901566018 -0.2939296613938797 -0.28196947886867557 -0.27715967150559945 -0.2654247181178903 -0.2654247181178903 -0.2654247181178903 -0.26608665639399354 -0.2654247181178903 -0.22090296888232583 -0.24586173368406258 -0.24541108786674604 -0.17653724512913108 -0.23093757607330573 -0.20166298059068932 -0.1491337429988009 -0.17121110784555274 -0.14863594575488256 -0.15504364634549625 -0.14863594575488256 -0.1444540315950841 -0.1444540315950841 -0.1404648365241943 -0.10452246947905046 -0.09141389627260586 -0.09141389627260586 -0.08456607331910931 -0.08456607331910931 -0.08523252492820958 -0.06033955019202001 -0.041684742660770414
-0.5062736878204624 -0.4406062834443337 -0.4406062834443337 -0.4406062834443337 -0.30081507163199683 -0.30081507163199683 -0.4406062834443337 -0.34820510064449456 -0.34820510064449456 -0.4406062834443337 -0.34820510064449456 -0.34820510064449456 -0.4406062834443337 -0.34820510064449456 -0.34820510064449456 -0.36261342675090835 -0.18564252061927516 -0.36261342675090835 -0.5062736878204624 -0.5062736878204624 -0.5062736878204624 -0.30081507163199683 -0.5062736878204624 -0.5062736878204624 -0.30081507163199683 -0.30081507163199683 -0.36261342675090835 -0.30081507163199683 -0.4075563460262548 -0.5062736878204624 -0.4075563460262548 -0.4011225909289649 -0.36261342675090835 -0.34820510064449456 -0.34820510064449456 -0.4406062834443337 -0.34820510064449456 -0.36261342675090835 -0.36261342675090835 -0.36261342675090835 -0.30081507163199683 -0.4011225909289649 -0.4011225909289649 -0.4011225909289649 -0.30081507163199683 -0.39955595549143097 -0.39955595549143097 -0.4075563460262548 -0.32138285840123076 -0.32138285840123076 -0.40804585257469345 -0.22736153281851018 -0.2263842036506563 -0.22736153281851018 -0.2263842036506563 -0.4004357596887059 -0.22736153281851018 -0.2263842036506563 -0.34820510064449456 -0.18564252061927516 -0.34820510064449456 -0.36727172986803136 -0.2263842036506563 -0.22736153281851018 -0.22736153281851018 -0.35350854350742145 -0.35350854350742145 -0.3407480597407193 -0.3450461941239237 -0.3407480597407193 -0.3407480597407193 -0.22736153281851018 -0.2263842036506563 -0.31726946358897357 -0.2982198822470917 -0.3006842562196282 -0.2939199901566018 -0.2939296613938797 -0.28196947886867557 -0.27715967150559945 -0.2654247181178903 -0.2654247181178903 -0.2654247181178903 -0.26608665639399354 -0.2654247181178903 -0.22090296888232583 -0.24586173368406258 -0.24541108786674604 -0.17653724512913108 -0.23093757607330573 -0.20166298059068932 -0.1491337429988009 -0.17121110784555274 -0.14863594575488256 -0.15504364634549625 -0.14863594575488256 -0.1444540315950841 -0.1444540315950841 -0.1404648365241943 -0.10452246947905046 -0.09141389627260586 -0.09141389627260586 -0.08456607331910931 -0.08456607331910931 -0.08523252492820958 -0.06033955019202001 -0.041684742660770414
-0.4406062834443337 -0.4406062834443337 -0.4406062834443337 -0.4406062834443337 -0.30081507163199683 -0.30081507163199683 -0.4406062834443337 -0.34820510064449456 -0.34820510064449456 -0.4406062834443337 -0.34820510064449456 -0.34820510064449456 -0.4406062834443337 -0.34820510064449456 -0.34820510064449456 -0.36261342675090835 -0.18564252061927516 -0.36261342675090835 -0.4406062834443337 -0.4406062834443337 -0.4406062834443337 -0.30081507163199683 -0.4406062834443337 -0.4406062834443337 -0.30081507163199683 -0.30081507163199683 -0.36261342675090835 -0.30081507163199683 -0.4075563460262548 -0.4406062834443337 -0.4075563460262548 -0.4011225909289649 -0.36261342675090835 -0.34820510064449456 -0.34820510064449456 -0.4406062834443337 -0.34820510064449456 -0.36261342675090835 -0.36261342675090835 -0.36261342675090835 -0.30081507163199683 -0.4011225909289649 -0.4011225909289649 -0.4011225909289649 -0.30081507163199683 -0.39955595549143097 -0.39955595549143097 -0.4075563460262548 -0.32138285840123076 -0.32138285840123076 -0.40804585257469345 -0.22736153281851018 -0.2263842036506563 -0.22736153281851018 -0.2263842036506563 -0.4004357596887059 -0.22736153281851018 -0.2263842036506563 -0.34820510064449456 -0.18564252061927516 -0.34820510064449456 -0.36727172986803136 -0.2263842036506563 -0.22736153281851018 -0.22736153281851018 -0.35350854350742145 -0.35350854350742145 -0.3407480597407193 -0.3450461941239237 -0.3407480597407193 -0.3407480597407193 -0.22736153281851018 -0.2263842036506563 -0.31726946358897357 -0.2982198822470917 -0.3006842562196282 -0.2939199901566018 -0.2939296613938797 -0.28196947886867557 -0.27715967150559945 -0.2654247181178903 -0.2654247181178903 -0.2654247181178903 -0.26608665639399354 -0.2654247181178903 -0.22090296888232583 -0.24586173368406258 -0.24541108786674604 -0.17653724512913108 -0.23093757607330573 -0.20166298059068932 -0.1491337429988009 -0.17121110784555274 -0.14863594575488256 -0.15504364634549625 -0.14863594575488256 -0.1444540315950841 -0.1444540315950841 -0.1404648365241943 -0.10452246947905046 -0.09141389627260586 -0.09141389627260586 -0.08456607331910931 -0.08456607331910931 -0.08523252492820958 -0.06033955019202001 -0.041684742660770414
-0.2654247181178903 -0.2654247181178903 -0.2654247181178903 -0.2654247181178903 -0.2654247181178903 -0.2654247181178903 -0.2654247181178903 -0.2654247181178903 -0.2654247181178903 -0.2654247181178903 -0.2654247181178903 -0.2654247181178903 -0.2654247181178903 -0.2654247181178903 -0.2654247181178903 -0.2654247181178903 -0.18564252061927516 -0.2654247181178903 -0.2654247181178903 -0.2654247181178903 -0.2654247181178903 -0.2654247181178903 -0.2654247181178903 -0.2654247181178903 -0.2654247181178903 -0.2654247181178903 -0.2654247181178903 -0.2654247181178903 -0.2654247181178903 -0.2654247181178903 -0.2654247181178903 -0.2654247181178903 -0.2654247181178903 -0.2654247181178903 -0.2654247181178903 -0.2654247181178903 -0.2654247181178903 -0.2654247181178903 -0.2654247181178903 -0.2654247181178903 -0.2654247181178903 -0.2654247181178903 -0.2654247181178903 -0.2654247181178903 -0.2654247181178903 -0.2654247181178903 -0.2654247181178903 -0.2654247181178903 -0.2654247181178903 -0.2654247181178903 -0.2654247181178903 -0.22736153281851018 -0.2263842036506563 -0.22736153281851018 -0.2263842036506563 -0.2654247181178903 -0.22736153281851018 -0.2263842036506563 -0.2654247181178903 -0.18564252061927516 -0.2654247181178903 -0.2654247181178903 -0.2263842036506563 -0.22736153281851018 -0.22736153281851018 -0.2654247181178903 -0.2654247181178903 -0.2654247181178903 -0.2654247181178903 -0.2654247181178903 -0.2654247181178903 -0.22736153281851018 -0.2263842036506563 -0.2654247181178903 -0.2654247181178903 -0.2654247181178903 -0.2654247181178903 -0.2654247181178903 -0.2654247181178903 -0.2654247181178903 -0.2654247181178903 -0.2654247181178903 -0.2654247181178903 -0.2654247181178903 -0.2654247181178903 -0.22090296888232583 -0.24586173368406258 -0.24541108786674604 -0.17653724512913108 -0.23093757607330573 -0.20166298059068932 -0.1491337429988009 -0.17121110784555274 -0.14863594575488256 -0.15504364634549625 -0.14863594575488256 -0.1444540315950841 -0.1444540315950841 -0.1404648365241943 -0.10452246947905046 -0.09141389627260586 -0.09141389627260586 -0.08456607331910931 -0.08456607331910931 -0.08523252492820958 -0.06033955019202001 -0.041684742660770414
-0.20166298059068932 -0.20166298059068932 -0.20166298059068932 -0.20166298059068932 -0.20166298059068932 -0.20166298059068932 -0.20166298059068932 -0.20166298059068932 -0.20166298059068932 -0.20166298059068932 -0.20166298059068932 -0.20166298059068932 -0.20166298059068932 -0.20166298059068932 -0.20166298059068932 -0.20166298059068932 -0.18564252061927516 -0.20166298059068932 -0.20166298059068932 -0.20166298059068932 -0.20166298059068932 -0.20166298059068932 -0.20166298059068932 -0.20166298059068932 -0.20166298059068932 -0.20166298059068932 -0.20166298059068932 -0.20166298059068932 -0.20166298059068932 -0.20166298059068932 -0.20166298059068932 -0.20166298059068932 -0.20166298059068932 -0.20166298059068932 -0.20166298059068932 -0.20166298059068932 -0.20166298059068932 -0.20166298059068932 -0.20166298059068932 -0.20166298059068932 -0.20166298059068932 -0.20166298059068932 -0.20166298059068932 -0.20166298059068932 -0.20166298059068932 -0.20166298059068932 -0.20166298059068932 -0.20166298059068932 -0.20166298059068932 -0.20166298059068932 -0.20166298059068932 -0.20166298059068932 -0.20166298059068932 -0.20166298059068932 -0.20166298059068932 -0.20166298059068932 -0.20166298059068932 -0.20166298059068932 -0.20166298059068932 -0.18564252061927516 -0.20166298059068932 -0.20166298059068932 -0.20166298059068932 -0.20166298059068932 -0.20166298059068932 -0.20166298059068932 -0.20166298059068932 -0.20166298059068932 -0.20166298059068932 -0.20166298059068932 -0.20166298059068932 -0.20166298059068932 -0.20166298059068932 -0.20166298059068932 -0.20166298059068932 -0.20166298059068932 -0.20166298059068932 -0.20166298059068932 -0.20166298059068932 -0.20166298059068932 -0.20166298059068932 -0.20166298059068932 -0.20166298059068932 -0.20166298059068932 -0.20166298059068932 -0.20166298059068932 -0.20166298059068932 -0.20166298059068932 -0.17653724512913108 -0.20166298059068932 -0.20166298059068932 -0.1491337429988009 -0.17121110784555274 -0.14863594575488256 -0.15504364634549625 -0.14863594575488256 -0.1444540315950841 -0.1444540315950841 -0.1404648365241943 -0.10452246947905046 -0.09141389627260586 -0.09141389627260586 -0.08456607331910931 -0.08456607331910931 -0.08523252492820958 -0.06033955019202001 -0.041684742660770414
-0.1404648365241943 -0.1404648365241943 -0.1404648365241943 -0.1404648365241943 -0.1404648365241943 -0.1404648365241943 -0.1404648365241943 -0.1404648365241943 -0.1404648365241943 -0.1404648365241943 -0.1404648365241943 -0.1404648365241943 -0.1404648365241943 -0.1404648365241943 -0.1404648365241943 -0.1404648365241943 -0.1404648365241943 -0.1404648365241943 -0.1404648365241943 -0.1404648365241943 -0.1404648365241943 -0.1404648365241943 -0.1404648365241943 -0.1404648365241943 -0.1404648365241943 -0.1404648365241943 -0.1404648365241943 -0.1404648365241943 -0.1404648365241943 -0.1404648365241943 -0.1404648365241943 -0.1404648365241943 -0.1404648365241943 -0.1404648365241943 -0.1404648365241943 -0.1404648365241943 -0.1404648365241943 -0.1404648365241943 -0.1404648365241943 -0.1404648365241943 -0.1404648365241943 -0.1404648365241943 -0.1404648365241943 -0.1404648365241943 -0.1404648365241943 -0.1404648365241943 -0.1404648365241943 -0.1404648365241943 -0.1404648365241943 -0.1404648365241943 -0.1404648365241943 -0.1404648365241943 -0.1404648365241943 -0.1404648365241943 -0.1404648365241943 -0.1404648365241943 -0.1404648365241943 -0.1404648365241943 -0.1404648365241943 -0.1404648365241943 -0.1404648365241943 -0.1404648365241943 -0.1404648365241943 -0.1404648365241943 -0.1404648365241943 -0.1404648365241943 -0.1404648365241943 -0.1404648365241943 -0.1404648365241943 -0.1404648365241943 -0.1404648365241943 -0.1404648365241943 -0.1404648365241943 -0.1404648365241943 -0.1404648365241943 -0.1404648365241943 -0.1404648365241943 -0.1404648365241943 -0.1404648365241943 -0.1404648365241943 -0.1404648365241943 -0.1404648365241943 -0.1404648365241943 -0.1404648365241943 -0.1404648365241943 -0.1404648365241943 -0.1404648365241943 -0.1404648365241943 -0.1404648365241943 -0.1404648365241943 -0.1404648365241943 -0.1404648365241943 -0.1404648365241943 -0.1404648365241943 -0.1404648365241943 -0.1404648365241943 -0.1404648365241943 -0.1404648365241943 -0.1404648365241943 -0.10452246947905046 -0.09141389627260586 -0.09141389627260586 -0.08456607331910931 -0.08456607331910931 -0.08523252492820958 -0.06033955019202001 -0.041684742660770414
-0.2654247181178903 -0.2654247181178903 -0.2654247181178903 -0.2654247181178903 -0.2654247181178903 -0.2654247181178903 -0.2654247181178903 -0.2654247181178903 -0.2654247181178903 -0.2654247181178903 -0.2654247181178903 -0.2654247181178903 -0.2654247181178903 -0.2654247181178903 -0.2654247181178903 -0.2654247181178903 -0.18564252061927516 -0.2654247181178903 -0.2654247181178903 -0.2654247181178903 -0.2654247181178903 -0.2654247181178903 -0.2654247181178903 -0.2654247181178903 -0.2654247181178903 -0.2654247181178903 -0.2654247181178903 -0.2654247181178903 -0.2654247181178903 -0.2654247181178903 -0.2654247181178903 -0.2654247181178903 -0.2654247181178903 -0.2654247181178903 -0.2654247181178903 -0.2654247181178903 -0.2654247181178903 -0.2654247181178903 -0.2654247181178903 -0.2654247181178903 -0.2654247181178903 -0.2654247181178903 -0.2654247181178903 -0.2654247181178903 -0.2654247181178903 -0.2654247181178903 -0.2654247181178903 -0.2654247181178903 -0.2654247181178903 -0.2654247181178903 -0.2654247181178903 -0.22736153281851018 -0.2263842036506563 -0.22736153281851018 -0.2263842036506563 -0.2654247181178903 -0.22736153281851018 -0.2263842036506563 -0.2654247181178903 -0.18564252061927516 -0.2654247181178903 -0.2654247181178903 -0.2263842036506563 -0.22736153281851018 -0.22736153281851018 -0.2654247181178903 -0.2654247181178903 -0.2654247181178903 -0.2654247181178903 -0.2654247181178903 -0.2654247181178903 -0.22736153281851018 -0.2263842036506563 -0.2654247181178903 -0.2654247181178903 -0.2654247181178903 -0.2654247181178903 -0.2654247181178903 -0.2654247181178903 -0.2654247181178903 -0.2654247181178903 -0.2654247181178903 -0.2654247181178903 -0.2654247181178903 -0.2654247181178903 -0.22090296888232583 -0.24586173368406258 -0.24541108786674604 -0.17653724512913108 -0.23093757607330573 -0.20166298059068932 -0.1491337429988009 -0.17121110784555274 -0.14863594575488256 -0.15504364634549625 -0.14863594575488256 -0.1444540315950841 -0.1444540315950841 -0.1404648365241943 -0.10452246947905046 -0.09141389627260586 -0.09141389627260586 -0.08456607331910931 -0.08456607331910931 -0.08523252492820958 -0.06033955019202001 -0.041684742660770414
-0.4406062834443337 -0.44944150232213287 -0.44944150232213287 -0.44944150232213287 -0.30081507163199683 -0.30081507163199683 -0.44944150232213287 -0.34820510064449456 -0.34820510064449456 -0.44944150232213287 -0.34820510064449456 -0.34820510064449456 -0.44944150232213287 -0.34820510064449456 -0.34820510064449456 -0.36261342675090835 -0.18564252061927516 -0.36261342675090835 -0.4406062834443337 -0.4406062834443337 -0.4406062834443337 -0.30081507163199683 -0.4406062834443337 -0.4406062834443337 -0.30081507163199683 -0.30081507163199683 -0.36261342675090835 -0.30081507163199683 -0.4075563460262548 -0.4406062834443337 -0.4075563460262548 -0.4011225909289649 -0.36261342675090835 -0.34820510064449456 -0.34820510064449456 -0.44944150232213287 -0.34820510064449456 -0.36261342675090835 -0.36261342675090835 -0.36261342675090835 -0.30081507163199683 -0.4011225909289649 -0.4011225909289649 -0.4011225909289649 -0.30081507163199683 -0.39955595549143097 -0.39955595549143097 -0.4075563460262548 -0.32138285840123076 -0.32138285840123076 -0.40804585257469345 -0.22736153281851018 -0.2263842036506563 -0.22736153281851018 -0.2263842036506563 -0.4004357596887059 -0.22736153281851018 -0.2263842036506563 -0.34820510064449456 -0.18564252061927516 -0.34820510064449456 -0.36727172986803136 -0.2263842036506563 -0.22736153281851018 -0.22736153281851018 -0.35350854350742145 -0.35350854350742145 -0.3407480597407193 -0.3450461941239237 -0.3407480597407193 -0.3407480597407193 -0.22736153281851018 -0.2263842036506563 -0.31726946358897357 -0.2982198822470917 -0.3006842562196282 -0.2939199901566018 -0.2939296613938797 -0.28196947886867557 -0.27715967150559945 -0.2654247181178903 -0.2654247181178903 -0.2654247181178903 -0.26608665639399354 -0.2654247181178903 -0.22090296888232583 -0.24586173368406258 -0.24541108786674604 -0.17653724512913108 -0.23093757607330573 -0.20166298059068932 -0.1491337429988009 -0.17121110784555274 -0.14863594575488256 -0.15504364634549625 -0.14863594575488256 -0.1444540315950841 -0.1444540315950841 -0.1404648365241943 -0.10452246947905046 -0.09141389627260586 -0.09141389627260586 -0.08456607331910931 -0.08456607331910931 -0.08523252492820958 -0.06033955019202001 -0.041684742660770414
-0.3407480597407193 -0.3407480597407193 -0.3407480597407193 -0.3407480597407193 -0.30081507163199683 -0.30081507163199683 -0.3407480597407193 -0.3407480597407193 -0.3407480597407193 -0.3407480597407193 -0.3407480597407193 -0.3407480597407193 -0.3407480597407193 -0.3407480597407193 -0.3407480597407193 -0.3407480597407193 -0.18564252061927516 -0.3407480597407193 -0.3407480597407193 -0.3407480597407193 -0.3407480597407193 -0.30081507163199683 -0.3407480597407193 -0.3407480597407193 -0.30081507163199683 -0.30081507163199683 -0.3407480597407193 -0.30081507163199683 -0.3407480597407193 -0.3407480597407193 -0.3407480597407193 -0.3407480597407193 -0.3407480597407193 -0.3407480597407193 -0.3407480597407193 -0.3407480597407193 -0.3407480597407193 -0.3407480597407193 -0.3407480597407193 -0.3407480597407193 -0.30081507163199683 -0.3407480597407193 -0.3407480597407193 -0.3407480597407193 -0.30081507163199683 -0.3407480597407193 -0.3407480597407193 -0.3407480597407193 -0.32138285840123076 -0.32138285840123076 -0.3407480597407193 -0.22736153281851018 -0.2263842036506563 -0.22736153281851018 -0.2263842036506563 -0.3407480597407193 -0.22736153281851018 -0.2263842036506563 -0.3407480597407193 -0.18564252061927516 -0.3407480597407193 -0.3407480597407193 -0.2263842036506563 -0.22736153281851018 -0.22736153281851018 -0.3407480597407193 -0.3407480597407193 -0.3407480597407193 -0.3407480597407193 -0.3407480597407193 -0.3407480597407193 -0.22736153281851018 -0.2263842036506563 -0.31726946358897357 -0.2982198822470917 -0.3006842562196282 -0.2939199901566018 -0.2939296613938797 -0.28196947886867557 -0.27715967150559945 -0.2654247181178903 -0.2654247181178903 -0.2654247181178903 -0.26608665639399354 -0.2654247181178903 -0.22090296888232583 -0.24586173368406258 -0.24541108786674604 -0.17653724512913108 -0.23093757607330573 -0.20166298059068932 -0.1491337429988009 -0.17121110784555274 -0.14863594575488256 -0.15504364634549625 -0.14863594575488256 -0.1444540315950841 -0.1444540315950841 -0.1404648365241943 -0.10452246947905046 -0.09141389627260586 -0.09141389627260586 -0.08456607331910931 -0.08456607331910931 -0.08523252492820958 -0.06033955019202001 -0.041684742660770414
-0.4301261631415177 -0.4301261631415177 -0.4301261631415177 -0.4301261631415177 -0.30081507163199683 -0.30081507163199683 -0.4301261631415177 -0.34820510064449456 -0.34820510064449456 -0.4301261631415177 -0.34820510064449456 -0.34820510064449456 -0.4301261631415177 -0.34820510064449456 -0.34820510064449456 -0.36261342675090835 -0.18564252061927516 -0.36261342675090835 -0.4301261631415177 -0.4301261631415177 -0.4301261631415177 -0.30081507163199683 -0.4301261631415177 -0.4301261631415177 -0.30081507163199683 -0.30081507163199683 -0.36261342675090835 -0.30081507163199683 -0.4075563460262548 -0.4301261631415177 -0.4075563460262548 -0.4011225909289649 -0.36261342675090835 -0.34820510064449456 -0.34820510064449456 -0.4301261631415177 -0.34820510064449456 -0.36261342675090835 -0.36261342675090835 -0.36261342675090835 -0.30081507163199683 -0.4011225909289649 -0.4011225909289649 -0.4011225909289649 -0.30081507163199683 -0.39955595549143097 -0.39955595549143097 -0.4075563460262548 -0.32138285840123076 -0.32138285840123076 -0.40804585257469345 -0.22736153281851018 -0.2263842036506563 -0.22736153281851018 -0.2263842036506563 -0.4004357596887059 -0.22736153281851018 -0.2263842036506563 -0.34820510064449456 -0.18564252061927516 -0.34820510064449456 -0.36727172986803136 -0.2263842036506563 -0.22736153281851018 -0.22736153281851018 -0.35350854350742145 -0.35350854350742145 -0.3407480597407193 -0.3450461941239237 -0.3407480597407193 -0.3407480597407193 -0.22736153281851018 -0.2263842036506563 -0.31726946358897357 -0.2982198822470917 -0.3006842562196282 -0.2939199901566018 -0.2939296613938797 -0.28196947886867557 -0.27715967150559945 -0.2654247181178903 -0.2654247181178903 -0.2654247181178903 -0.26608665639399354 -0.2654247181178903 -0.22090296888232583 -0.24586173368406258 -0.24541108786674604 -0.17653724512913108 -0.23093757607330573 -0.20166298059068932 -0.1491337429988009 -0.17121110784555274 -0.14863594575488256 -0.15504364634549625 -0.14863594575488256 -0.1444540315950841 -0.1444540315950841 -0.1404648365241943 -0.10452246947905046 -0.09141389627260586 -0.09141389627260586 -0.08456607331910931 -0.08456607331910931 -0.08523252492820958 -0.06033955019202001 -0.041684742660770414
-0.36727172986803136 -0.36727172986803136 -0.36727172986803136 -0.36727172986803136 -0.30081507163199683 -0.30081507163199683 -0.36727172986803136 -0.34820510064449456 -0.34820510064449456 -0.36727172986803136 -0.34820510064449456 -0.34820510064449456 -0.36727172986803136 -0.34820510064449456 -0.34820510064449456 -0.36261342675090835 -0.18564252061927516 -0.36261342675090835 -0.36727172986803136 -0.36727172986803136 -0.36727172986803136 -0.30081507163199683 -0.36727172986803136 -0.36727172986803136 -0.30081507163199683 -0.30081507163199683 -0.36261342675090835 -0.30081507163199683 -0.36727172986803136 -0.36727172986803136 -0.36727172986803136 -0.36727172986803136 -0.36261342675090835 -0.34820510064449456 -0.34820510064449456 -0.36727172986803136 -0.34820510064449456 -0.36261342675090835 -0.36261342675090835 -0.36261342675090835 -0.30081507163199683 -0.36727172986803136 -0.36727172986803136 -0.36727172986803136 -0.30081507163199683 -0.36727172986803136 -0.36727172986803136 -0.36727172986803136 -0.32138285840123076 -0.32138285840123076 -0.36727172986803136 -0.22736153281851018 -0.2263842036506563 -0.22736153281851018 -0.2263842036506563 -0.36727172986803136 -0.22736153281851018 -0.2263842036506563 -0.34820510064449456 -0.18564252061927516 -0.34820510064449456 -0.36727172986803136 -0.2263842036506563 -0.22736153281851018 -0.22736153281851018 -0.35350854350742145 -0.35350854350742145 -0.3407480597407193 -0.3450461941239237 -0.3407480597407193 -0.3407480597407193 -0.22736153281851018 -0.2263842036506563 -0.31726946358897357 -0.2982198822470917 -0.3006842562196282 -0.2939199901566018 -0.2939296613938797 -0.28196947886867557 -0.27715967150559945 -0.2654247181178903 -0.2654247181178903 -0.2654247181178903 -0.26608665639399354 -0.2654247181178903 -0.22090296888232583 -0.24586173368406258 -0.24541108786674604 -0.17653724512913108 -0.23093757607330573 -0.20166298059068932 -0.1491337429988009 -0.17121110784555274 -0.14863594575488256 -0.15504364634549625 -0.14863594575488256 -0.1444540315950841 -0.1444540315950841 -0.1404648365241943 -0.10452246947905046 -0.09141389627260586 -0.09141389627260586 -0.08456607331910931 -0.08456607331910931 -0.08523252492820958 -0.06033955019202001 -0.041684742660770414
-0.41066111296348157 -0.41066111296348157 -0.41066111296348157 -0.41066111296348157 -0.30081507163199683 -0.30081507163199683 -0.41066111296348157 -0.34820510064449456 -0.34820510064449456 -0.41066111296348157 -0.34820510064449456 -0.34820510064449456 -0.41066111296348157 -0.34820510064449456 -0.34820510064449456 -0.36261342675090835 -0.18564252061927516 -0.36261342675090835 -0.41066111296348157 -0.41066111296348157 -0.41066111296348157 -0.30081507163199683 -0.41066111296348157 -0.41066111296348157 -0.30081507163199683 -0.30081507163199683 -0.36261342675090835 -0.30081507163199683 -0.4075563460262548 -0.41066111296348157 -0.4075563460262548 -0.4011225909289649 -0.36261342675090835 -0.34820510064449456 -0.34820510064449456 -0.41066111296348157 -0.34820510064449456 -0.36261342675090835 -0.36261342675090835 -0.36261342675090835 -0.30081507163199683 -0.4011225909289649 -0.4011225909289649 -0.4011225909289649 -0.30081507163199683 -0.39955595549143097 -0.39955595549143097 -0.4075563460262548 -0.32138285840123076 -0.32138285840123076 -0.40804585257469345 -0.22736153281851018 -0.2263842036506563 -0.22736153281851018 -0.2263842036506563 -0.4004357596887059 -0.22736153281851018 -0.2263842036506563 -0.34820510064449456 -0.18564252061927516 -0.34820510064449456 -0.36727172986803136 -0.2263842036506563 -0.22736153281851018 -0.22736153281851018 -0.35350854350742145 -0.35350854350742145 -0.3407480597407193 -0.3450461941239237 -0.3407480597407193 -0.3407480597407193 -0.22736153281851018 -0.2263842036506563 -0.31726946358897357 -0.2982198822470917 -0.3006842562196282 -0.2939199901566018 -0.2939296613938797 -0.28196947886867557 -0.27715967150559945 -0.2654247181178903 -0.2654247181178903 -0.2654247181178903 -0.26608665639399354 -0.2654247181178903 -0.22090296888232583 -0.24586173368406258 -0.24541108786674604 -0.17653724512913108 -0.23093757607330573 -0.20166298059068932 -0.1491337429988009 -0.17121110784555274 -0.14863594575488256 -0.15504364634549625 -0.14863594575488256 -0.1444540315950841 -0.1444540315950841 -0.1404648365241943 -0.10452246947905046 -0.09141389627260586 -0.09141389627260586 -0.08456607331910931 -0.08456607331910931 -0.08523252492820958 -0.06033955019202001 -0.041684742660770414
-0.40341078347753834 -0.40341078347753834 -0.40341078347753834 -0.40341078347753834 -0.30081507163199683 -0.30081507163199683 -0.40341078347753834 -0.34820510064449456 -0.34820510064449456 -0.40341078347753834 -0.34820510064449456 -0.34820510064449456 -0.40341078347753834 -0.34820510064449456 -0.34820510064449456 -0.36261342675090835 -0.18564252061927516 -0.36261342675090835 -0.40341078347753834 -0.40341078347753834 -0.40341078347753834 -0.30081507163199683 -0.40341078347753834 -0.40341078347753834 -0.30081507163199683 -0.30081507163199683 -0.36261342675090835 -0.30081507163199683 -0.40341078347753834 -0.40341078347753834 -0.40341078347753834 -0.4011225909289649 -0.36261342675090835 -0.34820510064449456 -0.34820510064449456 -0.40341078347753834 -0.34820510064449456 -0.36261342675090835 -0.36261342675090835 -0.36261342675090835 -0.30081507163199683 -0.4011225909289649 -0.4011225909289649 -0.4011225909289649 -0.30081507163199683 -0.39955595549143097 -0.39955595549143097 -0.40341078347753834 -0.32138285840123076 -0.32138285840123076 -0.40341078347753834 -0.22736153281851018 -0.2263842036506563 -0.22736153281851018 -0.2263842036506563 -0.4004357596887059 -0.22736153281851018 -0.2263842036506563 -0.34820510064449456 -0.18564252061927516 -0.34820510064449456 -0.36727172986803136 -0.2263842036506563 -0.22736153281851018 -0.22736153281851018 -0.35350854350742145 -0.35350854350742145 -0.3407480597407193 -0.3450461941239237 -0.3407480597407193 -0.3407480597407193 -0.22736153281851018 -0.2263842036506563 -0.31726946358897357 -0.2982198822470917 -0.3006842562196282 -0.2939199901566018 -0.2939296613938797 -0.28196947886867557 -0.27715967150559945 -0.2654247181178903 -0.2654247181178903 -0.2654247181178903 -0.26608665639399354 -0.2654247181178903 -0.22090296888232583 -0.24586173368406258 -0.24541108786674604 -0.17653724512913108 -0.23093757607330573 -0.20166298059068932 -0.1491337429988009 -0.17121110784555274 -0.14863594575488256 -0.15504364634549625 -0.14863594575488256 -0.1444540315950841 -0.1444540315950841 -0.1404648365241943 -0.10452246947905046 -0.09141389627260586 -0.09141389627260586 -0.08456607331910931 -0.08456607331910931 -0.08523252492820958 -0.06033955019202001 -0.041684742660770414
-0.22736153281851018 -0.22736153281851018 -0.22736153281851018 -0.22736153281851018 -0.22736153281851018 -0.22736153281851018 -0.22736153281851018 -0.22736153281851018 -0.22736153281851018 -0.22736153281851018 -0.22736153281851018 -0.22736153281851018 -0.22736153281851018 -0.22736153281851018 -0.22736153281851018 -0.22736153281851018 -0.18564252061927516 -0.22736153281851018 -0.22736153281851018 -0.22736153281851018 -0.22736153281851018 -0.22736153281851018 -0.22736153281851018 -0.22736153281851018 -0.22736153281851018 -0.22736153281851018 -0.22736153281851018 -0.22736153281851018 -0.22736153281851018 -0.22736153281851018 -0.22736153281851018 -0.22736153281851018 -0.22736153281851018 -0.22736153281851018 -0.22736153281851018 -0.22736153281851018 -0.22736153281851018 -0.22736153281851018 -0.22736153281851018 -0.22736153281851018 -0.22736153281851018 -0.22736153281851018 -0.22736153281851018 -0.22736153281851018 -0.22736153281851018 -0.22736153281851018 -0.22736153281851018 -0.22736153281851018 -0.22736153281851018 -0.22736153281851018 -0.22736153281851018 -0.22736153281851018 -0.2263842036506563 -0.22736153281851018 -0.2263842036506563 -0.22736153281851018 -0.22736153281851018 -0.2263842036506563 -0.22736153281851018 -0.18564252061927516 -0.22736153281851018 -0.22736153281851018 -0.2263842036506563 -0.22736153281851018 -0.22736153281851018 -0.22736153281851018 -0.22736153281851018 -0.22736153281851018 -0.22736153281851018 -0.22736153281851018 -0.22736153281851018 -0.22736153281851018 -0.2263842036506563 -0.22736153281851018 -0.22736153281851018 -0.22736153281851018 -0.22736153281851018 -0.22736153281851018 -0.22736153281851018 -0.22736153281851018 -0.22736153281851018 -0.22736153281851018 -0.22736153281851018 -0.22736153281851018 -0.22736153281851018 -0.22090296888232583 -0.22736153281851018 -0.22736153281851018 -0.17653724512913108 -0.22736153281851018 -0.20166298059068932 -0.1491337429988009 -0.17121110784555274 -0.14863594575488256 -0.15504364634549625 -0.14863594575488256 -0.1444540315950841 -0.1444540315950841 -0.1404648365241943 -0.10452246947905046 -0.09141389627260586 -0.09141389627260586 -0.08456607331910931 -0.08456607331910931 -0.08523252492820958 -0.06033955019202001 -0.041684742660770414
-0.24541108786674604 -0.24541108786674604 -0.24541108786674604 -0.24541108786674604 -0.24541108786674604 -0.24541108786674604 -0.24541108786674604 -0.24541108786674604 -0.24541108786674604 -0.24541108786674604 -0.24541108786674604 -0.24541108786674604 -0.24541108786674604 -0.24541108786674604 -0.24541108786674604 -0.24541108786674604 -0.18564252061927516 -0.24541108786674604 -0.24541108786674604 -0.24541108786674604 -0.24541108786674604 -0.24541108786674604 -0.24541108786674604 -0.24541108786674604 -0.24541108786674604 -0.24541108786674604 -0.24541108786674604 -0.24541108786674604 -0.24541108786674604 -0.24541108786674604 -0.24541108786674604 -0.24541108786674604 -0.24541108786674604 -0.24541108786674604 -0.24541108786674604 -0.24541108786674604 -0.24541108786674604 -0.24541108786674604 -0.24541108786674604 -0.24541108786674604 -0.24541108786674604 -0.24541108786674604 -0.24541108786674604 -0.24541108786674604 -0.24541108786674604 -0.24541108786674604 -0.24541108786674604 -0.24541108786674604 -0.24541108786674604 -0.24541108786674604 -0.24541108786674604 -0.22736153281851018 -0.2263842036506563 -0.22736153281851018 -0.2263842036506563 -0.24541108786674604 -0.22736153281851018 -0.2263842036506563 -0.24541108786674604 -0.18564252061927516 -0.24541108786674604 -0.24541108786674604 -0.2263842036506563 -0.22736153281851018 -0.22736153281851018 -0.24541108786674604 -0.24541108786674604 -0.24541108786674604 -0.24541108786674604 -0.24541108786674604 -0.24541108786674604 -0.22736153281851018 -0.2263842036506563 -0.24541108786674604 -0.24541108786674604 -0.24541108786674604 -0.24541108786674604 -0.24541108786674604 -0.24541108786674604 -0.24541108786674604 -0.24541108786674604 -0.24541108786674604 -0.24541108786674604 -0.24541108786674604 -0.24541108786674604 -0.22090296888232583 -0.24541108786674604 -0.24541108786674604 -0.17653724512913108 -0.23093757607330573 -0.20166298059068932 -0.1491337429988009 -0.17121110784555274 -0.14863594575488256 -0.15504364634549625 -0.14863594575488256 -0.1444540315950841 -0.1444540315950841 -0.1404648365241943 -0.10452246947905046 -0.09141389627260586 -0.09141389627260586 -0.08456607331910931 -0.08456607331910931 -0.08523252492820958 -0.06033955019202001 -0.041684742660770414
-0.3969894300529554 -0.3969894300529554 -0.3969894300529554 -0.3969894300529554 -0.30081507163199683 -0.30081507163199683 -0.3969894300529554 -0.34820510064449456 -0.34820510064449456 -0.3969894300529554 -0.34820510064449456 -0.34820510064449456 -0.3969894300529554 -0.34820510064449456 -0.34820510064449456 -0.36261342675090835 -0.18564252061927516 -0.36261342675090835 -0.3969894300529554 -0.3969894300529554 -0.3969894300529554 -0.30081507163199683 -0.3969894300529554 -0.3969894300529554 -0.30081507163199683 -0.30081507163199683 -0.36261342675090835 -0.30081507163199683 -0.3969894300529554 -0.3969894300529554 -0.3969894300529554 -0.3969894300529554 -0.36261342675090835 -0.34820510064449456 -0.34820510064449456 -0.3969894300529554 -0.34820510064449456 -0.36261342675090835 -0.36261342675090835 -0.36261342675090835 -0.30081507163199683 -0.3969894300529554 -0.3969894300529554 -0.3969894300529554 -0.30081507163199683 -0.3969894300529554 -0.3969894300529554 -0.3969894300529554 -0.32138285840123076 -0.32138285840123076 -0.3969894300529554 -0.22736153281851018 -0.2263842036506563 -0.22736153281851018 -0.2263842036506563 -0.3969894300529554 -0.22736153281851018 -0.2263842036506563 -0.34820510064449456 -0.18564252061927516 -0.34820510064449456 -0.36727172986803136 -0.2263842036506563 -0.22736153281851018 -0.22736153281851018 -0.35350854350742145 -0.35350854350742145 -0.3407480597407193 -0.3450461941239237 -0.3407480597407193 -0.3407480597407193 -0.22736153281851018 -0.2263842036506563 -0.31726946358897357 -0.2982198822470917 -0.3006842562196282 -0.2939199901566018 -0.2939296613938797 -0.28196947886867557 -0.27715967150559945 -0.2654247181178903 -0.2654247181178903 -0.2654247181178903 -0.26608665639399354 -0.2654247181178903 -0.22090296888232583 -0.24586173368406258 -0.24541108786674604 -0.17653724512913108 -0.23093757607330573 -0.20166298059068932 -0.1491337429988009 -0.17121110784555274 -0.14863594575488256 -0.15504364634549625 -0.14863594575488256 -0.1444540315950841 -0.1444540315950841 -0.1404648365241943 -0.10452246947905046 -0.09141389627260586 -0.09141389627260586 -0.08456607331910931 -0.08456607331910931 -0.08523252492820958 -0.06033955019202001 -0.041684742660770414
-0.3944341321717997 -0.3944341321717997 -0.3944341321717997 -0.3944341321717997 -0.30081507163199683 -0.30081507163199683 -0.3944341321717997 -0.34820510064449456 -0.34820510064449456 -0.3944341321717997 -0.34820510064449456 -0.34820510064449456 -0.3944341321717997 -0.34820510064449456 -0.34820510064449456 -0.36261342675090835 -0.18564252061927516 -0.36261342675090835 -0.3944341321717997 -0.3944341321717997 -0.3944341321717997 -0.30081507163199683 -0.3944341321717997 -0.3944341321717997 -0.30081507163199683 -0.30081507163199683 -0.36261342675090835 -0.30081507163199683 -0.3944341321717997 -0.3944341321717997 -0.3944341321717997 -0.3944341321717997 -0.36261342675090835 -0.34820510064449456 -0.34820510064449456 -0.3944341321717997 -0.34820510064449456 -0.36261342675090835 -0.36261342675090835 -0.36261342675090835 -0.30081507163199683 -0.3944341321717997 -0.3944341321717997 -0.3944341321717997 -0.30081507163199683 -0.3944341321717997 -0.3944341321717997 -0.3944341321717997 -0.32138285840123076 -0.32138285840123076 -0.3944341321717997 -0.22736153281851018 -0.2263842036506563 -0.22736153281851018 -0.2263842036506563 -0.3944341321717997 -0.22736153281851018 -0.2263842036506563 -0.34820510064449456 -0.18564252061927516 -0.34820510064449456 -0.36727172986803136 -0.2263842036506563 -0.22736153281851018 -0.22736153281851018 -0.35350854350742145 -0.35350854350742145 -0.3407480597407193 -0.3450461941239237 -0.3407480597407193 -0.3407480597407193 -0.22736153281851018 -0.2263842036506563 -0.31726946358897357 -0.2982198822470917 -0.3006842562196282 -0.2939199901566018 -0.2939296613938797 -0.28196947886867557 -0.27715967150559945 -0.2654247181178903 -0.2654247181178903 -0.2654247181178903 -0.26608665639399354 -0.2654247181178903 -0.22090296888232583 -0.24586173368406258 -0.24541108786674604 -0.17653724512913108 -0.23093757607330573 -0.20166298059068932 -0.1491337429988009 -0.17121110784555274 -0.14863594575488256 -0.15504364634549625 -0.14863594575488256 -0.1444540315950841 -0.1444540315950841 -0.1404648365241943 -0.10452246947905046 -0.09141389627260586 -0.09141389627260586 -0.08456607331910931 -0.08456607331910931 -0.08523252492820958 -0.06033955019202001 -0.041684742660770414
-0.36261342675090835 -0.36261342675090835 -0.36261342675090835 -0.36261342675090835 -0.30081507163199683 -0.30081507163199683 -0.36261342675090835 -0.34820510064449456 -0.34820510064449456 -0.36261342675090835 -0.34820510064449456 -0.34820510064449456 -0.36261342675090835 -0.34820510064449456 -0.34820510064449456 -0.36261342675090835 -0.18564252061927516 -0.36261342675090835 -0.36261342675090835 -0.36261342675090835 -0.36261342675090835 -0.30081507163199683 -0.36261342675090835 -0.36261342675090835 -0.30081507163199683 -0.30081507163199683 -0.36261342675090835 -0.30081507163199683 -0.36261342675090835 -0.36261342675090835 -0.36261342675090835 -0.36261342675090835 -0.36261342675090835 -0.34820510064449456 -0.34820510064449456 -0.36261342675090835 -0.34820510064449456 -0.36261342675090835 -0.36261342675090835 -0.36261342675090835 -0.30081507163199683 -0.36261342675090835 -0.36261342675090835 -0.36261342675090835 -0.30081507163199683 -0.36261342675090835 -0.36261342675090835 -0.36261342675090835 -0.32138285840123076 -0.32138285840123076 -0.36261342675090835 -0.22736153281851018 -0.2263842036506563 -0.22736153281851018 -0.2263842036506563 -0.36261342675090835 -0.22736153281851018 -0.2263842036506563 -0.34820510064449456 -0.18564252061927516 -0.34820510064449456 -0.36261342675090835 -0.2263842036506563 -0.22736153281851018 -0.22736153281851018 -0.35350854350742145 -0.35350854350742145 -0.3407480597407193 -0.3450461941239237 -0.3407480597407193 -0.3407480597407193 -0.22736153281851018 -0.2263842036506563 -0.31726946358897357 -0.2982198822470917 -0.3006842562196282 -0.2939199901566018 -0.2939296613938797 -0.28196947886867557 -0.27715967150559945 -0.2654247181178903 -0.2654247181178903 -0.2654247181178903 -0.26608665639399354 -0.2654247181178903 -0.22090296888232583 -0.24586173368406258 -0.24541108786674604 -0.17653724512913108 -0.23093757607330573 -0.20166298059068932 -0.1491337429988009 -0.17121110784555274 -0.14863594575488256 -0.15504364634549625 -0.14863594575488256 -0.1444540315950841 -0.1444540315950841 -0.1404648365241943 -0.10452246947905046 -0.09141389627260586 -0.09141389627260586 -0.08456607331910931 -0.08456607331910931 -0.08523252492820958 -0.06033955019202001 -0.041684742660770414
-0.2263842036506563 -0.2263842036506563 -0.2263842036506563 -0.2263842036506563 -0.2263842036506563 -0.2263842036506563 -0.2263842036506563 -0.2263842036506563 -0.2263842036506563 -0.2263842036506563 -0.2263842036506563 -0.2263842036506563 -0.2263842036506563 -0.2263842036506563 -0.2263842036506563 -0.2263842036506563 -0.18564252061927516 -0.2263842036506563 -0.2263842036506563 -0.2263842036506563 -0.2263842036506563 -0.2263842036506563 -0.2263842036506563 -0.2263842036506563 -0.2263842036506563 -0.2263842036506563 -0.2263842036506563 -0.2263842036506563 -0.2263842036506563 -0.2263842036506563 -0.2263842036506563 -0.2263842036506563 -0.2263842036506563 -0.2263842036506563 -0.2263842036506563 -0.2263842036506563 -0.2263842036506563 -0.2263842036506563 -0.2263842036506563 -0.2263842036506563 -0.2263842036506563 -0.2263842036506563 -0.2263842036506563 -0.2263842036506563 -0.2263842036506563 -0.2263842036506563 -0.2263842036506563 -0.2263842036506563 -0.2263842036506563 -0.2263842036506563 -0.2263842036506563 -0.2263842036506563 -0.3068440004700645 -0.2263842036506563 -0.3068440004700645 -0.2263842036506563 -0.2263842036506563 -0.3848039497056876 -0.2263842036506563 -0.18564252061927516 -0.2263842036506563 -0.2263842036506563 -0.3068440004700645 -0.2263842036506563 -0.2263842036506563 -0.2263842036506563 -0.2263842036506563 -0.2263842036506563 -0.2263842036506563 -0.2263842036506563 -0.2263842036506563 -0.2263842036506563 -0.3068440004700645 -0.2263842036506563 -0.2263842036506563 -0.2263842036506563 -0.2263842036506563 -0.2263842036506563 -0.2263842036506563 -0.2263842036506563 -0.2263842036506563 -0.2263842036506563 -0.2263842036506563 -0.2263842036506563 -0.2263842036506563 -0.22090296888232583 -0.2263842036506563 -0.2263842036506563 -0.17653724512913108 -0.2263842036506563 -0.20166298059068932 -0.1491337429988009 -0.17121110784555274 -0.14863594575488256 -0.15504364634549625 -0.14863594575488256 -0.1444540315950841 -0.1444540315950841 -0.1404648365241943 -0.10452246947905046 -0.09141389627260586 -0.09141389627260586 -0.08456607331910931 -0.08456607331910931 -0.08523252492820958 -0.06033955019202001 -0.041684742660770414
-0.22090296888232583 -0.22090296888232583 -0.22090296888232583 -0.22090296888232583 -0.22090296888232583 -0.22090296888232583 -0.22090296888232583 -0.22090296888232583 -0.22090296888232583 -0.22090296888232583 -0.22090296888232583 -0.22090296888232583 -0.22090296888232583 -0.22090296888232583 -0.22090296888232583 -0.22090296888232583 -0.18564252061927516 -0.22090296888232583 -0.22090296888232583 -0.22090296888232583 -0.22090296888232583 -0.22090296888232583 -0.22090296888232583 -0.22090296888232583 -0.22090296888232583 -0.22090296888232583 -0.22090296888232583 -0.22090296888232583 -0.22090296888232583 -0.22090296888232583 -0.22090296888232583 -0.22090296888232583 -0.22090296888232583 -0.22090296888232583 -0.22090296888232583 -0.22090296888232583 -0.22090296888232583 -0.22090296888232583 -0.22090296888232583 -0.22090296888232583 -0.22090296888232583 -0.22090296888232583 -0.22090296888232583 -0.22090296888232583 -0.22090296888232583 -0.22090296888232583 -0.22090296888232583 -0.22090296888232583 -0.22090296888232583 -0.22090296888232583 -0.22090296888232583 -0.22090296888232583 -0.22090296888232583 -0.22090296888232583 -0.22090296888232583 -0.22090296888232583 -0.22090296888232583 -0.22090296888232583 -0.22090296888232583 -0.18564252061927516 -0.22090296888232583 -0.22090296888232583 -0.22090296888232583 -0.22090296888232583 -0.22090296888232583 -0.22090296888232583 -0.22090296888232583 -0.22090296888232583 -0.22090296888232583 -0.22090296888232583 -0.22090296888232583 -0.22090296888232583 -0.22090296888232583 -0.22090296888232583 -0.22090296888232583 -0.22090296888232583 -0.22090296888232583 -0.22090296888232583 -0.22090296888232583 -0.22090296888232583 -0.22090296888232583 -0.22090296888232583 -0.22090296888232583 -0.22090296888232583 -0.22090296888232583 -0.22090296888232583 -0.22090296888232583 -0.22090296888232583 -0.17653724512913108 -0.22090296888232583 -0.20166298059068932 -0.1491337429988009 -0.17121110784555274 -0.14863594575488256 -0.15504364634549625 -0.14863594575488256 -0.1444540315950841 -0.1444540315950841 -0.1404648365241943 -0.10452246947905046 -0.09141389627260586 -0.09141389627260586 -0.08456607331910931 -0.08456607331910931 -0.08523252492820958 -0.06033955019202001 -0.041684742660770414
-0.22736153281851018 -0.22736153281851018 -0.22736153281851018 -0.22736153281851018 -0.22736153281851018 -0.22736153281851018 -0.22736153281851018 -0.22736153281851018 -0.22736153281851018 -0.22736153281851018 -0.22736153281851018 -0.22736153281851018 -0.22736153281851018 -0.22736153281851018 -0.22736153281851018 -0.22736153281851018 -0.18564252061927516 -0.22736153281851018 -0.22736153281851018 -0.22736153281851018 -0.22736153281851018 -0.22736153281851018 -0.22736153281851018 -0.22736153281851018 -0.22736153281851018 -0.22736153281851018 -0.22736153281851018 -0.22736153281851018 -0.22736153281851018 -0.22736153281851018 -0.22736153281851018 -0.22736153281851018 -0.22736153281851018 -0.22736153281851018 -0.22736153281851018 -0.22736153281851018 -0.22736153281851018 -0.22736153281851018 -0.22736153281851018 -0.22736153281851018 -0.22736153281851018 -0.22736153281851018 -0.22736153281851018 -0.22736153281851018 -0.22736153281851018 -0.22736153281851018 -0.22736153281851018 -0.22736153281851018 -0.22736153281851018 -0.22736153281851018 -0.22736153281851018 -0.3564084631794932 -0.2263842036506563 -0.3444323441851032 -0.2263842036506563 -0.22736153281851018 -0.3825153921390218 -0.2263842036506563 -0.22736153281851018 -0.18564252061927516 -0.22736153281851018 -0.22736153281851018 -0.2263842036506563 -0.3444323441851032 -0.32501492025492384 -0.22736153281851018 -0.22736153281851018 -0.22736153281851018 -0.22736153281851018 -0.22736153281851018 -0.22736153281851018 -0.301933913253224 -0.2263842036506563 -0.22736153281851018 -0.22736153281851018 -0.22736153281851018 -0.22736153281851018 -0.22736153281851018 -0.22736153281851018 -0.22736153281851018 -0.22736153281851018 -0.22736153281851018 -0.22736153281851018 -0.22736153281851018 -0.22736153281851018 -0.22090296888232583 -0.22736153281851018 -0.22736153281851018 -0.17653724512913108 -0.22736153281851018 -0.20166298059068932 -0.1491337429988009 -0.17121110784555274 -0.14863594575488256 -0.15504364634549625 -0.14863594575488256 -0.1444540315950841 -0.1444540315950841 -0.1404648365241943 -0.10452246947905046 -0.09141389627260586 -0.09141389627260586 -0.08456607331910931 -0.08456607331910931 -0.08523252492820958 -0.06033955019202001 -0.041684742660770414
-0.22090296888232583 -0.22090296888232583 -0.22090296888232583 -0.22090296888232583 -0.22090296888232583 -0.22090296888232583 -0.22090296888232583 -0.22090296888232583 -0.22090296888232583 -0.22090296888232583 -0.22090296888232583 -0.22090296888232583 -0.22090296888232583 -0.22090296888232583 -0.22090296888232583 -0.22090296888232583 -0.18564252061927516 -0.22090296888232583 -0.22090296888232583 -0.22090296888232583 -0.22090296888232583 -0.22090296888232583 -0.22090296888232583 -0.22090296888232583 -0.22090296888232583 -0.22090296888232583 -0.22090296888232583 -0.22090296888232583 -0.22090296888232583 -0.22090296888232583 -0.22090296888232583 -0.22090296888232583 -0.22090296888232583 -0.22090296888232583 -0.22090296888232583 -0.22090296888232583 -0.22090296888232583 -0.22090296888232583 -0.22090296888232583 -0.22090296888232583 -0.22090296888232583 -0.22090296888232583 -0.22090296888232583 -0.22090296888232583 -0.22090296888232583 -0.22090296888232583 -0.22090296888232583 -0.22090296888232583 -0.22090296888232583 -0.22090296888232583 -0.22090296888232583 -0.22090296888232583 -0.22090296888232583 -0.22090296888232583 -0.22090296888232583 -0.22090296888232583 -0.22090296888232583 -0.22090296888232583 -0.22090296888232583 -0.18564252061927516 -0.22090296888232583 -0.22090296888232583 -0.22090296888232583 -0.22090296888232583 -0.22090296888232583 -0.22090296888232583 -0.22090296888232583 -0.22090296888232583 -0.22090296888232583 -0.22090296888232583 -0.22090296888232583 -0.22090296888232583 -0.22090296888232583 -0.22090296888232583 -0.22090296888232583 -0.22090296888232583 -0.22090296888232583 -0.22090296888232583 -0.22090296888232583 -0.22090296888232583 -0.22090296888232583 -0.22090296888232583 -0.22090296888232583 -0.22090296888232583 -0.22090296888232583 -0.22090296888232583 -0.22090296888232583 -0.22090296888232583 -0.17653724512913108 -0.22090296888232583 -0.20166298059068932 -0.1491337429988009 -0.17121110784555274 -0.14863594575488256 -0.15504364634549625 -0.14863594575488256 -0.1444540315950841 -0.1444540315950841 -0.1404648365241943 -0.10452246947905046 -0.09141389627260586 -0.09141389627260586 -0.08456607331910931 -0.08456607331910931 -0.08523252492820958 -0.06033955019202001 -0.041684742660770414
-0.3752823504745499 -0.3752823504745499 -0.3752823504745499 -0.3752823504745499 -0.30081507163199683 -0.30081507163199683 -0.3752823504745499 -0.34820510064449456 -0.34820510064449456 -0.3752823504745499 -0.34820510064449456 -0.34820510064449456 -0.3752823504745499 -0.34820510064449456 -0.34820510064449456 -0.36261342675090835 -0.18564252061927516 -0.36261342675090835 -0.3752823504745499 -0.3752823504745499 -0.3752823504745499 -0.30081507163199683 -0.3752823504745499 -0.3752823504745499 -0.30081507163199683 -0.30081507163199683 -0.36261342675090835 -0.30081507163199683 -0.3752823504745499 -0.3752823504745499 -0.3752823504745499 -0.3752823504745499 -0.36261342675090835 -0.34820510064449456 -0.34820510064449456 -0.3752823504745499 -0.34820510064449456 -0.36261342675090835 -0.36261342675090835 -0.36261342675090835 -0.30081507163199683 -0.3752823504745499 -0.3752823504745499 -0.3752823504745499 -0.30081507163199683 -0.3752823504745499 -0.3752823504745499 -0.3752823504745499 -0.32138285840123076 -0.32138285840123076 -0.3752823504745499 -0.22736153281851018 -0.2263842036506563 -0.22736153281851018 -0.2263842036506563 -0.3752823504745499 -0.22736153281851018 -0.2263842036506563 -0.34820510064449456 -0.18564252061927516 -0.34820510064449456 -0.36727172986803136 -0.2263842036506563 -0.22736153281851018 -0.22736153281851018 -0.35350854350742145 -0.35350854350742145 -0.3407480597407193 -0.3450461941239237 -0.3407480597407193 -0.3407480597407193 -0.22736153281851018 -0.2263842036506563 -0.31726946358897357 -0.2982198822470917 -0.3006842562196282 -0.2939199901566018 -0.2939296613938797 -0.28196947886867557 -0.27715967150559945 -0.2654247181178903 -0.2654247181178903 -0.2654247181178903 -0.26608665639399354 -0.2654247181178903 -0.22090296888232583 -0.24586173368406258 -0.24541108786674604 -0.17653724512913108 -0.23093757607330573 -0.20166298059068932 -0.1491337429988009 -0.17121110784555274 -0.14863594575488256 -0.15504364634549625 -0.14863594575488256 -0.1444540315950841 -0.1444540315950841 -0.1404648365241943 -0.10452246947905046 -0.09141389627260586 -0.09141389627260586 -0.08456607331910931 -0.08456607331910931 -0.08523252492820958 -0.06033955019202001 -0.041684742660770414
-0.2263842036506563 -0.2263842036506563 -0.2263842036506563 -0.2263842036506563 -0.2263842036506563 -0.2263842036506563 -0.2263842036506563 -0.2263842036506563 -0.2263842036506563 -0.2263842036506563 -0.2263842036506563 -0.2263842036506563 -0.2263842036506563 -0.2263842036506563 -0.2263842036506563 -0.2263842036506563 -0.18564252061927516 -0.2263842036506563 -0.2263842036506563 -0.2263842036506563 -0.2263842036506563 -0.2263842036506563 -0.2263842036506563 -0.2263842036506563 -0.2263842036506563 -0.2263842036506563 -0.2263842036506563 -0.2263842036506563 -0.2263842036506563 -0.2263842036506563 -0.2263842036506563 -0.2263842036506563 -0.2263842036506563 -0.2263842036506563 -0.2263842036506563 -0.2263842036506563 -0.2263842036506563 -0.2263842036506563 -0.2263842036506563 -0.2263842036506563 -0.2263842036506563 -0.2263842036506563 -0.2263842036506563 -0.2263842036506563 -0.2263842036506563 -0.2263842036506563 -0.2263842036506563 -0.2263842036506563 -0.2263842036506563 -0.2263842036506563 -0.2263842036506563 -0.2263842036506563 -0.37334863984519456 -0.2263842036506563 -0.37334863984519456 -0.2263842036506563 -0.2263842036506563 -0.3068440004700645 -0.2263842036506563 -0.18564252061927516 -0.2263842036506563 -0.2263842036506563 -0.3470145191642073 -0.2263842036506563 -0.2263842036506563 -0.2263842036506563 -0.2263842036506563 -0.2263842036506563 -0.2263842036506563 -0.2263842036506563 -0.2263842036506563 -0.2263842036506563 -0.3325859619907955 -0.2263842036506563 -0.2263842036506563 -0.2263842036506563 -0.2263842036506563 -0.2263842036506563 -0.2263842036506563 -0.2263842036506563 -0.2263842036506563 -0.2263842036506563 -0.2263842036506563 -0.2263842036506563 -0.2263842036506563 -0.22090296888232583 -0.2263842036506563 -0.2263842036506563 -0.17653724512913108 -0.2263842036506563 -0.20166298059068932 -0.1491337429988009 -0.17121110784555274 -0.14863594575488256 -0.15504364634549625 -0.14863594575488256 -0.1444540315950841 -0.1444540315950841 -0.1404648365241943 -0.10452246947905046 -0.09141389627260586 -0.09141389627260586 -0.08456607331910931 -0.08456607331910931 -0.08523252492820958 -0.06033955019202001 -0.041684742660770414
-0.22736153281851018 -0.22736153281851018 -0.22736153281851018 -0.22736153281851018 -0.22736153281851018 -0.22736153281851018 -0.22736153281851018 -0.22736153281851018 -0.22736153281851018 -0.22736153281851018 -0.22736153281851018 -0.22736153281851018 -0.22736153281851018 -0.22736153281851018 -0.22736153281851018 -0.22736153281851018 -0.18564252061927516 -0.22736153281851018 -0.22736153281851018 -0.22736153281851018 -0.22736153281851018 -0.22736153281851018 -0.22736153281851018 -0.22736153281851018 -0.22736153281851018 -0.22736153281851018 -0.22736153281851018 -0.22736153281851018 -0.22736153281851018 -0.22736153281851018 -0.22736153281851018 -0.22736153281851018 -0.22736153281851018 -0.22736153281851018 -0.22736153281851018 -0.22736153281851018 -0.22736153281851018 -0.22736153281851018 -0.22736153281851018 -0.22736153281851018 -0.22736153281851018 -0.22736153281851018 -0.22736153281851018 -0.22736153281851018 -0.22736153281851018 -0.22736153281851018 -0.22736153281851018 -0.22736153281851018 -0.22736153281851018 -0.22736153281851018 -0.22736153281851018 -0.3706912981724754 -0.2263842036506563 -0.3444323441851032 -0.2263842036506563 -0.22736153281851018 -0.3564084631794932 -0.2263842036506563 -0.22736153281851018 -0.18564252061927516 -0.22736153281851018 -0.22736153281851018 -0.2263842036506563 -0.3444323441851032 -0.32501492025492384 -0.22736153281851018 -0.22736153281851018 -0.22736153281851018 -0.22736153281851018 -0.22736153281851018 -0.22736153281851018 -0.301933913253224 -0.2263842036506563 -0.22736153281851018 -0.22736153281851018 -0.22736153281851018 -0.22736153281851018 -0.22736153281851018 -0.22736153281851018 -0.22736153281851018 -0.22736153281851018 -0.22736153281851018 -0.22736153281851018 -0.22736153281851018 -0.22736153281851018 -0.22090296888232583 -0.22736153281851018 -0.22736153281851018 -0.17653724512913108 -0.22736153281851018 -0.20166298059068932 -0.1491337429988009 -0.17121110784555274 -0.14863594575488256 -0.15504364634549625 -0.14863594575488256 -0.1444540315950841 -0.1444540315950841 -0.1404648365241943 -0.10452246947905046 -0.09141389627260586 -0.09141389627260586 -0.08456607331910931 -0.08456607331910931 -0.08523252492820958 -0.06033955019202001 -0.041684742660770414
-0.34820510064449456 -0.34820510064449456 -0.34820510064449456 -0.34820510064449456 -0.30081507163199683 -0.30081507163199683 -0.34820510064449456 -0.36631638309845993 -0.36631638309845993 -0.34820510064449456 -0.36631638309845993 -0.36631638309845993 -0.34820510064449456 -0.36631638309845993 -0.36631638309845993 -0.34820510064449456 -0.18564252061927516 -0.34820510064449456 -0.34820510064449456 -0.34820510064449456 -0.34820510064449456 -0.30081507163199683 -0.34820510064449456 -0.34820510064449456 -0.30081507163199683 -0.30081507163199683 -0.34820510064449456 -0.30081507163199683 -0.34820510064449456 -0.34820510064449456 -0.34820510064449456 -0.34820510064449456 -0.34820510064449456 -0.36631638309845993 -0.36631638309845993 -0.34820510064449456 -0.36631638309845993 -0.34820510064449456 -0.34820510064449456 -0.34820510064449456 -0.30081507163199683 -0.34820510064449456 -0.34820510064449456 -0.34820510064449456 -0.30081507163199683 -0.34820510064449456 -0.34820510064449456 -0.34820510064449456 -0.32138285840123076 -0.32138285840123076 -0.34820510064449456 -0.22736153281851018 -0.2263842036506563 -0.22736153281851018 -0.2263842036506563 -0.34820510064449456 -0.22736153281851018 -0.2263842036506563 -0.36631638309845993 -0.18564252061927516 -0.36631638309845993 -0.34820510064449456 -0.2263842036506563 -0.22736153281851018 -0.22736153281851018 -0.34820510064449456 -0.34820510064449456 -0.3407480597407193 -0.3450461941239237 -0.3407480597407193 -0.3407480597407193 -0.22736153281851018 -0.2263842036506563 -0.31726946358897357 -0.2982198822470917 -0.3006842562196282 -0.2939199901566018 -0.2939296613938797 -0.28196947886867557 -0.27715967150559945 -0.2654247181178903 -0.2654247181178903 -0.2654247181178903 -0.26608665639399354 -0.2654247181178903 -0.22090296888232583 -0.24586173368406258 -0.24541108786674604 -0.17653724512913108 -0.23093757607330573 -0.20166298059068932 -0.1491337429988009 -0.17121110784555274 -0.14863594575488256 -0.15504364634549625 -0.14863594575488256 -0.1444540315950841 -0.1444540315950841 -0.1404648365241943 -0.10452246947905046 -0.09141389627260586 -0.09141389627260586 -0.08456607331910931 -0.08456607331910931 -0.08523252492820958 -0.06033955019202001 -0.041684742660770414
-0.2263842036506563 -0.2263842036506563 -0.2263842036506563 -0.2263842036506563 -0.2263842036506563 -0.2263842036506563 -0.2263842036506563 -0.2263842036506563 -0.2263842036506563 -0.2263842036506563 -0.2263842036506563 -0.2263842036506563 -0.2263842036506563 -0.2263842036506563 -0.2263842036506563 -0.2263842036506563 -0.18564252061927516 -0.2263842036506563 -0.2263842036506563 -0.2263842036506563 -0.2263842036506563 -0.2263842036506563 -0.2263842036506563 -0.2263842036506563 -0.2263842036506563 -0.2263842036506563 -0.2263842036506563 -0.2263842036506563 -0.2263842036506563 -0.2263842036506563 -0.2263842036506563 -0.2263842036506563 -0.2263842036506563 -0.2263842036506563 -0.2263842036506563 -0.2263842036506563 -0.2263842036506563 -0.2263842036506563 -0.2263842036506563 -0.2263842036506563 -0.2263842036506563 -0.2263842036506563 -0.2263842036506563 -0.2263842036506563 -0.2263842036506563 -0.2263842036506563 -0.2263842036506563 -0.2263842036506563 -0.2263842036506563 -0.2263842036506563 -0.2263842036506563 -0.2263842036506563 -0.3068440004700645 -0.2263842036506563 -0.3068440004700645 -0.2263842036506563 -0.2263842036506563 -0.36417024605692766 -0.2263842036506563 -0.18564252061927516 -0.2263842036506563 -0.2263842036506563 -0.3068440004700645 -0.2263842036506563 -0.2263842036506563 -0.2263842036506563 -0.2263842036506563 -0.2263842036506563 -0.2263842036506563 -0.2263842036506563 -0.2263842036506563 -0.2263842036506563 -0.3068440004700645 -0.2263842036506563 -0.2263842036506563 -0.2263842036506563 -0.2263842036506563 -0.2263842036506563 -0.2263842036506563 -0.2263842036506563 -0.2263842036506563 -0.2263842036506563 -0.2263842036506563 -0.2263842036506563 -0.2263842036506563 -0.22090296888232583 -0.2263842036506563 -0.2263842036506563 -0.17653724512913108 -0.2263842036506563 -0.20166298059068932 -0.1491337429988009 -0.17121110784555274 -0.14863594575488256 -0.15504364634549625 -0.14863594575488256 -0.1444540315950841 -0.1444540315950841 -0.1404648365241943 -0.10452246947905046 -0.09141389627260586 -0.09141389627260586 -0.08456607331910931 -0.08456607331910931 -0.08523252492820958 -0.06033955019202001 -0.041684742660770414
-0.2263842036506563 -0.2263842036506563 -0.2263842036506563 -0.2263842036506563 -0.2263842036506563 -0.2263842036506563 -0.2263842036506563 -0.2263842036506563 -0.2263842036506563 -0.2263842036506563 -0.2263842036506563 -0.2263842036506563 -0.2263842036506563 -0.2263842036506563 -0.2263842036506563 -0.2263842036506563 -0.18564252061927516 -0.2263842036506563 -0.2263842036506563 -0.2263842036506563 -0.2263842036506563 -0.2263842036506563 -0.2263842036506563 -0.2263842036506563 -0.2263842036506563 -0.2263842036506563 -0.2263842036506563 -0.2263842036506563 -0.2263842036506563 -0.2263842036506563 -0.2263842036506563 -0.2263842036506563 -0.2263842036506563 -0.2263842036506563 -0.2263842036506563 -0.2263842036506563 -0.2263842036506563 -0.2263842036506563 -0.2263842036506563 -0.2263842036506563 -0.2263842036506563 -0.2263842036506563 -0.2263842036506563 -0.2263842036506563 -0.2263842036506563 -0.2263842036506563 -0.2263842036506563 -0.2263842036506563 -0.2263842036506563 -0.2263842036506563 -0.2263842036506563 -0.2263842036506563 -0.3627520264337972 -0.2263842036506563 -0.3627520264337972 -0.2263842036506563 -0.2263842036506563 -0.3068440004700645 -0.2263842036506563 -0.18564252061927516 -0.2263842036506563 -0.2263842036506563 -0.3470145191642073 -0.2263842036506563 -0.2263842036506563 -0.2263842036506563 -0.2263842036506563 -0.2263842036506563 -0.2263842036506563 -0.2263842036506563 -0.2263842036506563 -0.2263842036506563 -0.3325859619907955 -0.2263842036506563 -0.2263842036506563 -0.2263842036506563 -0.2263842036506563 -0.2263842036506563 -0.2263842036506563 -0.2263842036506563 -0.2263842036506563 -0.2263842036506563 -0.2263842036506563 -0.2263842036506563 -0.2263842036506563 -0.22090296888232583 -0.2263842036506563 -0.2263842036506563 -0.17653724512913108 -0.2263842036506563 -0.20166298059068932 -0.1491337429988009 -0.17121110784555274 -0.14863594575488256 -0.15504364634549625 -0.14863594575488256 -0.1444540315950841 -0.1444540315950841 -0.1404648365241943 -0.10452246947905046 -0.09141389627260586 -0.09141389627260586 -0.08456607331910931 -0.08456607331910931 -0.08523252492820958 -0.06033955019202001 -0.041684742660770414
-0.22736153281851018 -0.22736153281851018 -0.22736153281851018 -0.22736153281851018 -0.22736153281851018 -0.22736153281851018 -0.22736153281851018 -0.22736153281851018 -0.22736153281851018 -0.22736153281851018 -0.22736153281851018 -0.22736153281851018 -0.22736153281851018 -0.22736153281851018 -0.22736153281851018 -0.22736153281851018 -0.18564252061927516 -0.22736153281851018 -0.22736153281851018 -0.22736153281851018 -0.22736153281851018 -0.22736153281851018 -0.22736153281851018 -0.22736153281851018 -0.22736153281851018 -0.22736153281851018 -0.22736153281851018 -0.22736153281851018 -0.22736153281851018 -0.22736153281851018 -0.22736153281851018 -0.22736153281851018 -0.22736153281851018 -0.22736153281851018 -0.22736153281851018 -0.22736153281851018 -0.22736153281851018 -0.22736153281851018 -0.22736153281851018 -0.22736153281851018 -0.22736153281851018 -0.22736153281851018 -0.22736153281851018 -0.22736153281851018 -0.22736153281851018 -0.22736153281851018 -0.22736153281851018 -0.22736153281851018 -0.22736153281851018 -0.22736153281851018 -0.22736153281851018 -0.32501492025492384 -0.2263842036506563 -0.32501492025492384 -0.2263842036506563 -0.22736153281851018 -0.32501492025492384 -0.2263842036506563 -0.22736153281851018 -0.18564252061927516 -0.22736153281851018 -0.22736153281851018 -0.2263842036506563 -0.32501492025492384 -0.36219630971282524 -0.22736153281851018 -0.22736153281851018 -0.22736153281851018 -0.22736153281851018 -0.22736153281851018 -0.22736153281851018 -0.301933913253224 -0.2263842036506563 -0.22736153281851018 -0.22736153281851018 -0.22736153281851018 -0.22736153281851018 -0.22736153281851018 -0.22736153281851018 -0.22736153281851018 -0.22736153281851018 -0.22736153281851018 -0.22736153281851018 -0.22736153281851018 -0.22736153281851018 -0.22090296888232583 -0.22736153281851018 -0.22736153281851018 -0.17653724512913108 -0.22736153281851018 -0.20166298059068932 -0.1491337429988009 -0.17121110784555274 -0.14863594575488256 -0.15504364634549625 -0.14863594575488256 -0.1444540315950841 -0.1444540315950841 -0.1404648365241943 -0.10452246947905046 -0.09141389627260586 -0.09141389627260586 -0.08456607331910931 -0.08456607331910931 -0.08523252492820958 -0.06033955019202001 -0.041684742660770414
-0.22736153281851018 -0.22736153281851018 -0.22736153281851018 -0.22736153281851018 -0.22736153281851018 -0.22736153281851018 -0.22736153281851018 -0.22736153281851018 -0.22736153281851018 -0.22736153281851018 -0.22736153281851018 -0.22736153281851018 -0.22736153281851018 -0.22736153281851018 -0.22736153281851018 -0.22736153281851018 -0.18564252061927516 -0.22736153281851018 -0.22736153281851018 -0.22736153281851018 -0.22736153281851018 -0.22736153281851018 -0.22736153281851018 -0.22736153281851018 -0.22736153281851018 -0.22736153281851018 -0.22736153281851018 -0.22736153281851018 -0.22736153281851018 -0.22736153281851018 -0.22736153281851018 -0.22736153281851018 -0.22736153281851018 -0.22736153281851018 -0.22736153281851018 -0.22736153281851018 -0.22736153281851018 -0.22736153281851018 -0.22736153281851018 -0.22736153281851018 -0.22736153281851018 -0.22736153281851018 -0.22736153281851018 -0.22736153281851018 -0.22736153281851018 -0.22736153281851018 -0.22736153281851018 -0.22736153281851018 -0.22736153281851018 -0.22736153281851018 -0.22736153281851018 -0.3444323441851032 -0.2263842036506563 -0.3598918704150468 -0.2263842036506563 -0.22736153281851018 -0.3444323441851032 -0.2263842036506563 -0.22736153281851018 -0.18564252061927516 -0.22736153281851018 -0.22736153281851018 -0.2263842036506563 -0.3598918704150468 -0.32501492025492384 -0.22736153281851018 -0.22736153281851018 -0.22736153281851018 -0.22736153281851018 -0.22736153281851018 -0.22736153281851018 -0.301933913253224 -0.2263842036506563 -0.22736153281851018 -0.22736153281851018 -0.22736153281851018 -0.22736153281851018 -0.22736153281851018 -0.22736153281851018 -0.22736153281851018 -0.22736153281851018 -0.22736153281851018 -0.22736153281851018 -0.22736153281851018 -0.22736153281851018 -0.22090296888232583 -0.22736153281851018 -0.22736153281851018 -0.17653724512913108 -0.22736153281851018 -0.20166298059068932 -0.1491337429988009 -0.17121110784555274 -0.14863594575488256 -0.15504364634549625 -0.14863594575488256 -0.1444540315950841 -0.1444540315950841 -0.1404648365241943 -0.10452246947905046 -0.09141389627260586 -0.09141389627260586 -0.08456607331910931 -0.08456607331910931 -0.08523252492820958 -0.06033955019202001 -0.041684742660770414
-0.14863594575488256 -0.14863594575488256 -0.14863594575488256 -0.14863594575488256 -0.14863594575488256 -0.14863594575488256 -0.14863594575488256 -0.14863594575488256 -0.14863594575488256 -0.14863594575488256 -0.14863594575488256 -0.14863594575488256 -0.14863594575488256 -0.14863594575488256 -0.14863594575488256 -0.14863594575488256 -0.14863594575488256 -0.14863594575488256 -0.14863594575488256 -0.14863594575488256 -0.14863594575488256 -0.14863594575488256 -0.14863594575488256 -0.14863594575488256 -0.14863594575488256 -0.14863594575488256 -0.14863594575488256 -0.14863594575488256 -0.14863594575488256 -0.14863594575488256 -0.14863594575488256 -0.14863594575488256 -0.14863594575488256 -0.14863594575488256 -0.14863594575488256 -0.14863594575488256 -0.14863594575488256 -0.14863594575488256 -0.14863594575488256 -0.14863594575488256 -0.14863594575488256 -0.14863594575488256 -0.14863594575488256 -0.14863594575488256 -0.14863594575488256 -0.14863594575488256 -0.14863594575488256 -0.14863594575488256 -0.14863594575488256 -0.14863594575488256 -0.14863594575488256 -0.14863594575488256 -0.14863594575488256 -0.14863594575488256 -0.14863594575488256 -0.14863594575488256 -0.14863594575488256 -0.14863594575488256 -0.14863594575488256 -0.14863594575488256 -0.14863594575488256 -0.14863594575488256 -0.14863594575488256 -0.14863594575488256 -0.14863594575488256 -0.14863594575488256 -0.14863594575488256 -0.14863594575488256 -0.14863594575488256 -0.14863594575488256 -0.14863594575488256 -0.14863594575488256 -0.14863594575488256 -0.14863594575488256 -0.14863594575488256 -0.14863594575488256 -0.14863594575488256 -0.14863594575488256 -0.14863594575488256 -0.14863594575488256 -0.14863594575488256 -0.14863594575488256 -0.14863594575488256 -0.14863594575488256 -0.14863594575488256 -0.14863594575488256 -0.14863594575488256 -0.14863594575488256 -0.14863594575488256 -0.14863594575488256 -0.14863594575488256 -0.14863594575488256 -0.14863594575488256 -0.14863594575488256 -0.14863594575488256 -0.14863594575488256 -0.1444540315950841 -0.1444540315950841 -0.1404648365241943 -0.10452246947905046 -0.09141389627260586 -0.09141389627260586 -0.08456607331910931 -0.08456607331910931 -0.08523252492820958 -0.06033955019202001 -0.041684742660770414
-0.1404648365241943 -0.1404648365241943 -0.1404648365241943 -0.1404648365241943 -0.1404648365241943 -0.1404648365241943 -0.1404648365241943 -0.1404648365241943 -0.1404648365241943 -0.1404648365241943 -0.1404648365241943 -0.1404648365241943 -0.1404648365241943 -0.1404648365241943 -0.1404648365241943 -0.1404648365241943 -0.1404648365241943 -0.1404648365241943 -0.1404648365241943 -0.1404648365241943 -0.1404648365241943 -0.1404648365241943 -0.1404648365241943 -0.1404648365241943 -0.1404648365241943 -0.1404648365241943 -0.1404648365241943 -0.1404648365241943 -0.1404648365241943 -0.1404648365241943 -0.1404648365241943 -0.1404648365241943 -0.1404648365241943 -0.1404648365241943 -0.1404648365241943 -0.1404648365241943 -0.1404648365241943 -0.1404648365241943 -0.1404648365241943 -0.1404648365241943 -0.1404648365241943 -0.1404648365241943 -0.1404648365241943 -0.1404648365241943 -0.1404648365241943 -0.1404648365241943 -0.1404648365241943 -0.1404648365241943 -0.1404648365241943 -0.1404648365241943 -0.1404648365241943 -0.1404648365241943 -0.1404648365241943 -0.1404648365241943 -0.1404648365241943 -0.1404648365241943 -0.1404648365241943 -0.1404648365241943 -0.1404648365241943 -0.1404648365241943 -0.1404648365241943 -0.1404648365241943 -0.1404648365241943 -0.1404648365241943 -0.1404648365241943 -0.1404648365241943 -0.1404648365241943 -0.1404648365241943 -0.1404648365241943 -0.1404648365241943 -0.1404648365241943 -0.1404648365241943 -0.1404648365241943 -0.1404648365241943 -0.1404648365241943 -0.1404648365241943 -0.1404648365241943 -0.1404648365241943 -0.1404648365241943 -0.1404648365241943 -0.1404648365241943 -0.1404648365241943 -0.1404648365241943 -0.1404648365241943 -0.1404648365241943 -0.1404648365241943 -0.1404648365241943 -0.1404648365241943 -0.1404648365241943 -0.1404648365241943 -0.1404648365241943 -0.1404648365241943 -0.1404648365241943 -0.1404648365241943 -0.1404648365241943 -0.1404648365241943 -0.1404648365241943 -0.1404648365241943 -0.1404648365241943 -0.10452246947905046 -0.09141389627260586 -0.09141389627260586 -0.08456607331910931 -0.08456607331910931 -0.08523252492820958 -0.06033955019202001 -0.041684742660770414
-0.17121110784555274 -0.17121110784555274 -0.17121110784555274 -0.17121110784555274 -0.17121110784555274 -0.17121110784555274 -0.17121110784555274 -0.17121110784555274 -0.17121110784555274 -0.17121110784555274 -0.17121110784555274 -0.17121110784555274 -0.17121110784555274 -0.17121110784555274 -0.17121110784555274 -0.17121110784555274 -0.17121110784555274 -0.17121110784555274 -0.17121110784555274 -0.17121110784555274 -0.17121110784555274 -0.17121110784555274 -0.17121110784555274 -0.17121110784555274 -0.17121110784555274 -0.17121110784555274 -0.17121110784555274 -0.17121110784555274 -0.17121110784555274 -0.17121110784555274 -0.17121110784555274 -0.17121110784555274 -0.17121110784555274 -0.17121110784555274 -0.17121110784555274 -0.17121110784555274 -0.17121110784555274 -0.17121110784555274 -0.17121110784555274 -0.17121110784555274 -0.17121110784555274 -0.17121110784555274 -0.17121110784555274 -0.17121110784555274 -0.17121110784555274 -0.17121110784555274 -0.17121110784555274 -0.17121110784555274 -0.17121110784555274 -0.17121110784555274 -0.17121110784555274 -0.17121110784555274 -0.17121110784555274 -0.17121110784555274 -0.17121110784555274 -0.17121110784555274 -0.17121110784555274 -0.17121110784555274 -0.17121110784555274 -0.17121110784555274 -0.17121110784555274 -0.17121110784555274 -0.17121110784555274 -0.17121110784555274 -0.17121110784555274 -0.17121110784555274 -0.17121110784555274 -0.17121110784555274 -0.17121110784555274 -0.17121110784555274 -0.17121110784555274 -0.17121110784555274 -0.17121110784555274 -0.17121110784555274 -0.17121110784555274 -0.17121110784555274 -0.17121110784555274 -0.17121110784555274 -0.17121110784555274 -0.17121110784555274 -0.17121110784555274 -0.17121110784555274 -0.17121110784555274 -0.17121110784555274 -0.17121110784555274 -0.17121110784555274 -0.17121110784555274 -0.17121110784555274 -0.17121110784555274 -0.17121110784555274 -0.17121110784555274 -0.1491337429988009 -0.17121110784555274 -0.14863594575488256 -0.15504364634549625 -0.14863594575488256 -0.1444540315950841 -0.1444540315950841 -0.1404648365241943 -0.10452246947905046 -0.09141389627260586 -0.09141389627260586 -0.08456607331910931 -0.08456607331910931 -0.08523252492820958 -0.06033955019202001 -0.041684742660770414
-0.2263842036506563 -0.2263842036506563 -0.2263842036506563 -0.2263842036506563 -0.2263842036506563 -0.2263842036506563 -0.2263842036506563 -0.2263842036506563 -0.2263842036506563 -0.2263842036506563 -0.2263842036506563 -0.2263842036506563 -0.2263842036506563 -0.2263842036506563 -0.2263842036506563 -0.2263842036506563 -0.18564252061927516 -0.2263842036506563 -0.2263842036506563 -0.2263842036506563 -0.2263842036506563 -0.2263842036506563 -0.2263842036506563 -0.2263842036506563 -0.2263842036506563 -0.2263842036506563 -0.2263842036506563 -0.2263842036506563 -0.2263842036506563 -0.2263842036506563 -0.2263842036506563 -0.2263842036506563 -0.2263842036506563 -0.2263842036506563 -0.2263842036506563 -0.2263842036506563 -0.2263842036506563 -0.2263842036506563 -0.2263842036506563 -0.2263842036506563 -0.2263842036506563 -0.2263842036506563 -0.2263842036506563 -0.2263842036506563 -0.2263842036506563 -0.2263842036506563 -0.2263842036506563 -0.2263842036506563 -0.2263842036506563 -0.2263842036506563 -0.2263842036506563 -0.2263842036506563 -0.31978641091384813 -0.2263842036506563 -0.31978641091384813 -0.2263842036506563 -0.2263842036506563 -0.3068440004700645 -0.2263842036506563 -0.18564252061927516 -0.2263842036506563 -0.2263842036506563 -0.31978641091384813 -0.2263842036506563 -0.2263842036506563 -0.2263842036506563 -0.2263842036506563 -0.2263842036506563 -0.2263842036506563 -0.2263842036506563 -0.2263842036506563 -0.2263842036506563 -0.31978641091384813 -0.2263842036506563 -0.2263842036506563 -0.2263842036506563 -0.2263842036506563 -0.2263842036506563 -0.2263842036506563 -0.2263842036506563 -0.2263842036506563 -0.2263842036506563 -0.2263842036506563 -0.2263842036506563 -0.2263842036506563 -0.22090296888232583 -0.2263842036506563 -0.2263842036506563 -0.17653724512913108 -0.2263842036506563 -0.20166298059068932 -0.1491337429988009 -0.17121110784555274 -0.14863594575488256 -0.15504364634549625 -0.14863594575488256 -0.1444540315950841 -0.1444540315950841 -0.1404648365241943 -0.10452246947905046 -0.09141389627260586 -0.09141389627260586 -0.08456607331910931 -0.08456607331910931 -0.08523252492820958 -0.06033955019202001 -0.041684742660770414
-0.22736153281851018 -0.22736153281851018 -0.22736153281851018 -0.22736153281851018 -0.22736153281851018 -0.22736153281851018 -0.22736153281851018 -0.22736153281851018 -0.22736153281851018 -0.22736153281851018 -0.22736153281851018 -0.22736153281851018 -0.22736153281851018 -0.22736153281851018 -0.22736153281851018 -0.22736153281851018 -0.18564252061927516 -0.22736153281851018 -0.22736153281851018 -0.22736153281851018 -0.22736153281851018 -0.22736153281851018 -0.22736153281851018 -0.22736153281851018 -0.22736153281851018 -0.22736153281851018 -0.22736153281851018 -0.22736153281851018 -0.22736153281851018 -0.22736153281851018 -0.22736153281851018 -0.22736153281851018 -0.22736153281851018 -0.22736153281851018 -0.22736153281851018 -0.22736153281851018 -0.22736153281851018 -0.22736153281851018 -0.22736153281851018 -0.22736153281851018 -0.22736153281851018 -0.22736153281851018 -0.22736153281851018 -0.22736153281851018 -0.22736153281851018 -0.22736153281851018 -0.22736153281851018 -0.22736153281851018 -0.22736153281851018 -0.22736153281851018 -0.22736153281851018 -0.3164261226135387 -0.2263842036506563 -0.3164261226135387 -0.2263842036506563 -0.22736153281851018 -0.3164261226135387 -0.2263842036506563 -0.22736153281851018 -0.18564252061927516 -0.22736153281851018 -0.22736153281851018 -0.2263842036506563 -0.3164261226135387 -0.3164261226135387 -0.22736153281851018 -0.22736153281851018 -0.22736153281851018 -0.22736153281851018 -0.22736153281851018 -0.22736153281851018 -0.301933913253224 -0.2263842036506563 -0.22736153281851018 -0.22736153281851018 -0.22736153281851018 -0.22736153281851018 -0.22736153281851018 -0.22736153281851018 -0.22736153281851018 -0.22736153281851018 -0.22736153281851018 -0.22736153281851018 -0.22736153281851018 -0.22736153281851018 -0.22090296888232583 -0.22736153281851018 -0.22736153281851018 -0.17653724512913108 -0.22736153281851018 -0.20166298059068932 -0.1491337429988009 -0.17121110784555274 -0.14863594575488256 -0.15504364634549625 -0.14863594575488256 -0.1444540315950841 -0.1444540315950841 -0.1404648365241943 -0.10452246947905046 -0.09141389627260586 -0.09141389627260586 -0.08456607331910931 -0.08456607331910931 -0.08523252492820958 -0.06033955019202001 -0.041684742660770414
-0.27715967150559945 -0.27715967150559945 -0.27715967150559945 -0.27715967150559945 -0.27715967150559945 -0.27715967150559945 -0.27715967150559945 -0.27715967150559945 -0.27715967150559945 -0.27715967150559945 -0.27715967150559945 -0.27715967150559945 -0.27715967150559945 -0.27715967150559945 -0.27715967150559945 -0.27715967150559945 -0.18564252061927516 -0.27715967150559945 -0.27715967150559945 -0.27715967150559945 -0.27715967150559945 -0.27715967150559945 -0.27715967150559945 -0.27715967150559945 -0.27715967150559945 -0.27715967150559945 -0.27715967150559945 -0.27715967150559945 -0.27715967150559945 -0.27715967150559945 -0.27715967150559945 -0.27715967150559945 -0.27715967150559945 -0.27715967150559945 -0.27715967150559945 -0.27715967150559945 -0.27715967150559945 -0.27715967150559945 -0.27715967150559945 -0.27715967150559945 -0.27715967150559945 -0.27715967150559945 -0.27715967150559945 -0.27715967150559945 -0.27715967150559945 -0.27715967150559945 -0.27715967150559945 -0.27715967150559945 -0.27715967150559945 -0.27715967150559945 -0.27715967150559945 -0.22736153281851018 -0.2263842036506563 -0.22736153281851018 -0.2263842036506563 -0.27715967150559945 -0.22736153281851018 -0.2263842036506563 -0.27715967150559945 -0.18564252061927516 -0.27715967150559945 -0.27715967150559945 -0.2263842036506563 -0.22736153281851018 -0.22736153281851018 -0.27715967150559945 -0.27715967150559945 -0.27715967150559945 -0.27715967150559945 -0.27715967150559945 -0.27715967150559945 -0.22736153281851018 -0.2263842036506563 -0.27715967150559945 -0.27715967150559945 -0.27715967150559945 -0.27715967150559945 -0.27715967150559945 -0.27715967150559945 -0.27715967150559945 -0.2654247181178903 -0.2654247181178903 -0.2654247181178903 -0.26608665639399354 -0.2654247181178903 -0.22090296888232583 -0.24586173368406258 -0.24541108786674604 -0.17653724512913108 -0.23093757607330573 -0.20166298059068932 -0.1491337429988009 -0.17121110784555274 -0.14863594575488256 -0.15504364634549625 -0.14863594575488256 -0.1444540315950841 -0.1444540315950841 -0.1404648365241943 -0.10452246947905046 -0.09141389627260586 -0.09141389627260586 -0.08456607331910931 -0.08456607331910931 -0.08523252492820958 -0.06033955019202001 -0.041684742660770414
-0.20166298059068932 -0.20166298059068932 -0.20166298059068932 -0.20166298059068932 -0.20166298059068932 -0.20166298059068932 -0.20166298059068932 -0.20166298059068932 -0.20166298059068932 -0.20166298059068932 -0.20166298059068932 -0.20166298059068932 -0.20166298059068932 -0.20166298059068932 -0.20166298059068932 -0.20166298059068932 -0.18564252061927516 -0.20166298059068932 -0.20166298059068932 -0.20166298059068932 -0.20166298059068932 -0.20166298059068932 -0.20166298059068932 -0.20166298059068932 -0.20166298059068932 -0.20166298059068932 -0.20166298059068932 -0.20166298059068932 -0.20166298059068932 -0.20166298059068932 -0.20166298059068932 -0.20166298059068932 -0.20166298059068932 -0.20166298059068932 -0.20166298059068932 -0.20166298059068932 -0.20166298059068932 -0.20166298059068932 -0.20166298059068932 -0.20166298059068932 -0.20166298059068932 -0.20166298059068932 -0.20166298059068932 -0.20166298059068932 -0.20166298059068932 -0.20166298059068932 -0.20166298059068932 -0.20166298059068932 -0.20166298059068932 -0.20166298059068932 -0.20166298059068932 -0.20166298059068932 -0.20166298059068932 -0.20166298059068932 -0.20166298059068932 -0.20166298059068932 -0.20166298059068932 -0.20166298059068932 -0.20166298059068932 -0.18564252061927516 -0.20166298059068932 -0.20166298059068932 -0.20166298059068932 -0.20166298059068932 -0.20166298059068932 -0.20166298059068932 -0.20166298059068932 -0.20166298059068932 -0.20166298059068932 -0.20166298059068932 -0.20166298059068932 -0.20166298059068932 -0.20166298059068932 -0.20166298059068932 -0.20166298059068932 -0.20166298059068932 -0.20166298059068932 -0.20166298059068932 -0.20166298059068932 -0.20166298059068932 -0.20166298059068932 -0.20166298059068932 -0.20166298059068932 -0.20166298059068932 -0.20166298059068932 -0.20166298059068932 -0.20166298059068932 -0.20166298059068932 -0.17653724512913108 -0.20166298059068932 -0.20166298059068932 -0.1491337429988009 -0.17121110784555274 -0.14863594575488256 -0.15504364634549625 -0.14863594575488256 -0.1444540315950841 -0.1444540315950841 -0.1404648365241943 -0.10452246947905046 -0.09141389627260586 -0.09141389627260586 -0.08456607331910931 -0.08456607331910931 -0.08523252492820958 -0.06033955019202001 -0.041684742660770414
-0.2263842036506563 -0.2263842036506563 -0.2263842036506563 -0.2263842036506563 -0.2263842036506563 -0.2263842036506563 -0.2263842036506563 -0.2263842036506563 -0.2263842036506563 -0.2263842036506563 -0.2263842036506563 -0.2263842036506563 -0.2263842036506563 -0.2263842036506563 -0.2263842036506563 -0.2263842036506563 -0.18564252061927516 -0.2263842036506563 -0.2263842036506563 -0.2263842036506563 -0.2263842036506563 -0.2263842036506563 -0.2263842036506563 -0.2263842036506563 -0.2263842036506563 -0.2263842036506563 -0.2263842036506563 -0.2263842036506563 -0.2263842036506563 -0.2263842036506563 -0.2263842036506563 -0.2263842036506563 -0.2263842036506563 -0.2263842036506563 -0.2263842036506563 -0.2263842036506563 -0.2263842036506563 -0.2263842036506563 -0.2263842036506563 -0.2263842036506563 -0.2263842036506563 -0.2263842036506563 -0.2263842036506563 -0.2263842036506563 -0.2263842036506563 -0.2263842036506563 -0.2263842036506563 -0.2263842036506563 -0.2263842036506563 -0.2263842036506563 -0.2263842036506563 -0.2263842036506563 -0.2856922463457654 -0.2263842036506563 -0.2856922463457654 -0.2263842036506563 -0.2263842036506563 -0.2856922463457654 -0.2263842036506563 -0.18564252061927516 -0.2263842036506563 -0.2263842036506563 -0.2856922463457654 -0.2263842036506563 -0.2263842036506563 -0.2263842036506563 -0.2263842036506563 -0.2263842036506563 -0.2263842036506563 -0.2263842036506563 -0.2263842036506563 -0.2263842036506563 -0.2856922463457654 -0.2263842036506563 -0.2263842036506563 -0.2263842036506563 -0.2263842036506563 -0.2263842036506563 -0.2263842036506563 -0.2263842036506563 -0.2263842036506563 -0.2263842036506563 -0.2263842036506563 -0.2263842036506563 -0.2263842036506563 -0.22090296888232583 -0.2263842036506563 -0.2263842036506563 -0.17653724512913108 -0.2263842036506563 -0.20166298059068932 -0.1491337429988009 -0.17121110784555274 -0.14863594575488256 -0.15504364634549625 -0.14863594575488256 -0.1444540315950841 -0.1444540315950841 -0.1404648365241943 -0.10452246947905046 -0.09141389627260586 -0.09141389627260586 -0.08456607331910931 -0.08456607331910931 -0.08523252492820958 -0.06033955019202001 -0.041684742660770414
-0.20166298059068932 -0.20166298059068932 -0.20166298059068932 -0.20166298059068932 -0.20166298059068932 -0.20166298059068932 -0.20166298059068932 -0.20166298059068932 -0.20166298059068932 -0.20166298059068932 -0.20166298059068932 -0.20166298059068932 -0.20166298059068932 -0.20166298059068932 -0.20166298059068932 -0.20166298059068932 -0.18564252061927516 -0.20166298059068932 -0.20166298059068932 -0.20166298059068932 -0.20166298059068932 -0.20166298059068932 -0.20166298059068932 -0.20166298059068932 -0.20166298059068932 -0.20166298059068932 -0.20166298059068932 -0.20166298059068932 -0.20166298059068932 -0.20166298059068932 -0.20166298059068932 -0.20166298059068932 -0.20166298059068932 -0.20166298059068932 -0.20166298059068932 -0.20166298059068932 -0.20166298059068932 -0.20166298059068932 -0.20166298059068932 -0.20166298059068932 -0.20166298059068932 -0.20166298059068932 -0.20166298059068932 -0.20166298059068932 -0.20166298059068932 -0.20166298059068932 -0.20166298059068932 -0.20166298059068932 -0.20166298059068932 -0.20166298059068932 -0.20166298059068932 -0.20166298059068932 -0.20166298059068932 -0.20166298059068932 -0.20166298059068932 -0.20166298059068932 -0.20166298059068932 -0.20166298059068932 -0.20166298059068932 -0.18564252061927516 -0.20166298059068932 -0.20166298059068932 -0.20166298059068932 -0.20166298059068932 -0.20166298059068932 -0.20166298059068932 -0.20166298059068932 -0.20166298059068932 -0.20166298059068932 -0.20166298059068932 -0.20166298059068932 -0.20166298059068932 -0.20166298059068932 -0.20166298059068932 -0.20166298059068932 -0.20166298059068932 -0.20166298059068932 -0.20166298059068932 -0.20166298059068932 -0.20166298059068932 -0.20166298059068932 -0.20166298059068932 -0.20166298059068932 -0.20166298059068932 -0.20166298059068932 -0.20166298059068932 -0.20166298059068932 -0.20166298059068932 -0.17653724512913108 -0.20166298059068932 -0.20166298059068932 -0.1491337429988009 -0.17121110784555274 -0.14863594575488256 -0.15504364634549625 -0.14863594575488256 -0.1444540315950841 -0.1444540315950841 -0.1404648365241943 -0.10452246947905046 -0.09141389627260586 -0.09141389627260586 -0.08456607331910931 -0.08456607331910931 -0.08523252492820958 -0.06033955019202001 -0.041684742660770414
-0.18564252061927516 -0.18564252061927516 -0.18564252061927516 -0.18564252061927516 -0.18564252061927516 -0.18564252061927516 -0.18564252061927516 -0.18564252061927516 -0.18564252061927516 -0.18564252061927516 -0.18564252061927516 -0.18564252061927516 -0.18564252061927516 -0.18564252061927516 -0.18564252061927516 -0.18564252061927516 -0.18564252061927516 -0.18564252061927516 -0.18564252061927516 -0.18564252061927516 -0.18564252061927516 -0.18564252061927516 -0.18564252061927516 -0.18564252061927516 -0.18564252061927516 -0.18564252061927516 -0.18564252061927516 -0.18564252061927516 -0.18564252061927516 -0.18564252061927516 -0.18564252061927516 -0.18564252061927516 -0.18564252061927516 -0.18564252061927516 -0.18564252061927516 -0.18564252061927516 -0.18564252061927516 -0.18564252061927516 -0.18564252061927516 -0.18564252061927516 -0.18564252061927516 -0.18564252061927516 -0.18564252061927516 -0.18564252061927516 -0.18564252061927516 -0.18564252061927516 -0.18564252061927516 -0.18564252061927516 -0.18564252061927516 -0.18564252061927516 -0.18564252061927516 -0.18564252061927516 -0.18564252061927516 -0.18564252061927516 -0.18564252061927516 -0.18564252061927516 -0.18564252061927516 -0.18564252061927516 -0.18564252061927516 -0.18564252061927516 -0.18564252061927516 -0.18564252061927516 -0.18564252061927516 -0.18564252061927516 -0.18564252061927516 -0.18564252061927516 -0.18564252061927516 -0.18564252061927516 -0.18564252061927516 -0.18564252061927516 -0.18564252061927516 -0.18564252061927516 -0.18564252061927516 -0.18564252061927516 -0.18564252061927516 -0.18564252061927516 -0.18564252061927516 -0.18564252061927516 -0.18564252061927516 -0.18564252061927516 -0.18564252061927516 -0.18564252061927516 -0.18564252061927516 -0.18564252061927516 -0.18564252061927516 -0.18564252061927516 -0.18564252061927516 -0.18564252061927516 -0.17653724512913108 -0.18564252061927516 -0.18564252061927516 -0.1491337429988009 -0.17121110784555274 -0.14863594575488256 -0.15504364634549625 -0.14863594575488256 -0.1444540315950841 -0.1444540315950841 -0.1404648365241943 -0.10452246947905046 -0.09141389627260586 -0.09141389627260586 -0.08456607331910931 -0.08456607331910931 -0.08523252492820958 -0.06033955019202001 -0.041684742660770414
-0.2263842036506563 -0.2263842036506563 -0.2263842036506563 -0.2263842036506563 -0.2263842036506563 -0.2263842036506563 -0.2263842036506563 -0.2263842036506563 -0.2263842036506563 -0.2263842036506563 -0.2263842036506563 -0.2263842036506563 -0.2263842036506563 -0.2263842036506563 -0.2263842036506563 -0.2263842036506563 -0.18564252061927516 -0.2263842036506563 -0.2263842036506563 -0.2263842036506563 -0.2263842036506563 -0.2263842036506563 -0.2263842036506563 -0.2263842036506563 -0.2263842036506563 -0.2263842036506563 -0.2263842036506563 -0.2263842036506563 -0.2263842036506563 -0.2263842036506563 -0.2263842036506563 -0.2263842036506563 -0.2263842036506563 -0.2263842036506563 -0.2263842036506563 -0.2263842036506563 -0.2263842036506563 -0.2263842036506563 -0.2263842036506563 -0.2263842036506563 -0.2263842036506563 -0.2263842036506563 -0.2263842036506563 -0.2263842036506563 -0.2263842036506563 -0.2263842036506563 -0.2263842036506563 -0.2263842036506563 -0.2263842036506563 -0.2263842036506563 -0.2263842036506563 -0.2263842036506563 -0.2738997419344147 -0.2263842036506563 -0.2738997419344147 -0.2263842036506563 -0.2263842036506563 -0.2738997419344147 -0.2263842036506563 -0.18564252061927516 -0.2263842036506563 -0.2263842036506563 -0.2738997419344147 -0.2263842036506563 -0.2263842036506563 -0.2263842036506563 -0.2263842036506563 -0.2263842036506563 -0.2263842036506563 -0.2263842036506563 -0.2263842036506563 -0.2263842036506563 -0.2738997419344147 -0.2263842036506563 -0.2263842036506563 -0.2263842036506563 -0.2263842036506563 -0.2263842036506563 -0.2263842036506563 -0.2263842036506563 -0.2263842036506563 -0.2263842036506563 -0.2263842036506563 -0.2263842036506563 -0.2263842036506563 -0.22090296888232583 -0.2263842036506563 -0.2263842036506563 -0.17653724512913108 -0.2263842036506563 -0.20166298059068932 -0.1491337429988009 -0.17121110784555274 -0.14863594575488256 -0.15504364634549625 -0.14863594575488256 -0.1444540315950841 -0.1444540315950841 -0.1404648365241943 -0.10452246947905046 -0.09141389627260586 -0.09141389627260586 -0.08456607331910931 -0.08456607331910931 -0.08523252492820958 -0.06033955019202001 -0.041684742660770414
-0.22736153281851018 -0.22736153281851018 -0.22736153281851018 -0.22736153281851018 -0.22736153281851018 -0.22736153281851018 -0.22736153281851018 -0.22736153281851018 -0.22736153281851018 -0.22736153281851018 -0.22736153281851018 -0.22736153281851018 -0.22736153281851018 -0.22736153281851018 -0.22736153281851018 -0.22736153281851018 -0.18564252061927516 -0.22736153281851018 -0.22736153281851018 -0.22736153281851018 -0.22736153281851018 -0.22736153281851018 -0.22736153281851018 -0.22736153281851018 -0.22736153281851018 -0.22736153281851018 -0.22736153281851018 -0.22736153281851018 -0.22736153281851018 -0.22736153281851018 -0.22736153281851018 -0.22736153281851018 -0.22736153281851018 -0.22736153281851018 -0.22736153281851018 -0.22736153281851018 -0.22736153281851018 -0.22736153281851018 -0.22736153281851018 -0.22736153281851018 -0.22736153281851018 -0.22736153281851018 -0.22736153281851018 -0.22736153281851018 -0.22736153281851018 -0.22736153281851018 -0.22736153281851018 -0.22736153281851018 -0.22736153281851018 -0.22736153281851018 -0.22736153281851018 -0.27076893109819616 -0.2263842036506563 -0.27076893109819616 -0.2263842036506563 -0.22736153281851018 -0.27076893109819616 -0.2263842036506563 -0.22736153281851018 -0.18564252061927516 -0.22736153281851018 -0.22736153281851018 -0.2263842036506563 -0.27076893109819616 -0.27076893109819616 -0.22736153281851018 -0.22736153281851018 -0.22736153281851018 -0.22736153281851018 -0.22736153281851018 -0.22736153281851018 -0.27076893109819616 -0.2263842036506563 -0.22736153281851018 -0.22736153281851018 -0.22736153281851018 -0.22736153281851018 -0.22736153281851018 -0.22736153281851018 -0.22736153281851018 -0.22736153281851018 -0.22736153281851018 -0.22736153281851018 -0.22736153281851018 -0.22736153281851018 -0.22090296888232583 -0.22736153281851018 -0.22736153281851018 -0.17653724512913108 -0.22736153281851018 -0.20166298059068932 -0.1491337429988009 -0.17121110784555274 -0.14863594575488256 -0.15504364634549625 -0.14863594575488256 -0.1444540315950841 -0.1444540315950841 -0.1404648365241943 -0.10452246947905046 -0.09141389627260586 -0.09141389627260586 -0.08456607331910931 -0.08456607331910931 -0.08523252492820958 -0.06033955019202001 -0.041684742660770414
-0.2706788987732023 -0.2706788987732023 -0.2706788987732023 -0.2706788987732023 -0.2706788987732023 -0.2706788987732023 -0.2706788987732023 -0.2706788987732023 -0.2706788987732023 -0.2706788987732023 -0.2706788987732023 -0.2706788987732023 -0.2706788987732023 -0.2706788987732023 -0.2706788987732023 -0.2706788987732023 -0.18564252061927516 -0.2706788987732023 -0.2706788987732023 -0.2706788987732023 -0.2706788987732023 -0.2706788987732023 -0.2706788987732023 -0.2706788987732023 -0.2706788987732023 -0.2706788987732023 -0.2706788987732023 -0.2706788987732023 -0.2706788987732023 -0.2706788987732023 -0.2706788987732023 -0.2706788987732023 -0.2706788987732023 -0.2706788987732023 -0.2706788987732023 -0.2706788987732023 -0.2706788987732023 -0.2706788987732023 -0.2706788987732023 -0.2706788987732023 -0.2706788987732023 -0.2706788987732023 -0.2706788987732023 -0.2706788987732023 -0.2706788987732023 -0.2706788987732023 -0.2706788987732023 -0.2706788987732023 -0.2706788987732023 -0.2706788987732023 -0.2706788987732023 -0.22736153281851018 -0.2263842036506563 -0.22736153281851018 -0.2263842036506563 -0.2706788987732023 -0.22736153281851018 -0.2263842036506563 -0.2706788987732023 -0.18564252061927516 -0.2706788987732023 -0.2706788987732023 -0.2263842036506563 -0.22736153281851018 -0.22736153281851018 -0.2706788987732023 -0.2706788987732023 -0.2706788987732023 -0.2706788987732023 -0.2706788987732023 -0.2706788987732023 -0.22736153281851018 -0.2263842036506563 -0.2706788987732023 -0.2706788987732023 -0.2706788987732023 -0.2706788987732023 -0.2706788987732023 -0.2706788987732023 -0.2706788987732023 -0.2654247181178903 -0.2654247181178903 -0.2654247181178903 -0.26608665639399354 -0.2654247181178903 -0.22090296888232583 -0.24586173368406258 -0.24541108786674604 -0.17653724512913108 -0.23093757607330573 -0.20166298059068932 -0.1491337429988009 -0.17121110784555274 -0.14863594575488256 -0.15504364634549625 -0.14863594575488256 -0.1444540315950841 -0.1444540315950841 -0.1404648365241943 -0.10452246947905046 -0.09141389627260586 -0.09141389627260586 -0.08456607331910931 -0.08456607331910931 -0.08523252492820958 -0.06033955019202001 -0.041684742660770414
-0.2553718669543194 -0.2553718669543194 -0.2553718669543194 -0.2553718669543194 -0.2553718669543194 -0.2553718669543194 -0.2553718669543194 -0.2553718669543194 -0.2553718669543194 -0.2553718669543194 -0.2553718669543194 -0.2553718669543194 -0.2553718669543194 -0.2553718669543194 -0.2553718669543194 -0.2553718669543194 -0.18564252061927516 -0.2553718669543194 -0.2553718669543194 -0.2553718669543194 -0.2553718669543194 -0.2553718669543194 -0.2553718669543194 -0.2553718669543194 -0.2553718669543194 -0.2553718669543194 -0.2553718669543194 -0.2553718669543194 -0.2553718669543194 -0.2553718669543194 -0.2553718669543194 -0.2553718669543194 -0.2553718669543194 -0.2553718669543194 -0.2553718669543194 -0.2553718669543194 -0.2553718669543194 -0.2553718669543194 -0.2553718669543194 -0.2553718669543194 -0.2553718669543194 -0.2553718669543194 -0.2553718669543194 -0.2553718669543194 -0.2553718669543194 -0.2553718669543194 -0.2553718669543194 -0.2553718669543194 -0.2553718669543194 -0.2553718669543194 -0.2553718669543194 -0.22736153281851018 -0.2263842036506563 -0.22736153281851018 -0.2263842036506563 -0.2553718669543194 -0.22736153281851018 -0.2263842036506563 -0.2553718669543194 -0.18564252061927516 -0.2553718669543194 -0.2553718669543194 -0.2263842036506563 -0.22736153281851018 -0.22736153281851018 -0.2553718669543194 -0.2553718669543194 -0.2553718669543194 -0.2553718669543194 -0.2553718669543194 -0.2553718669543194 -0.22736153281851018 -0.2263842036506563 -0.2553718669543194 -0.2553718669543194 -0.2553718669543194 -0.2553718669543194 -0.2553718669543194 -0.2553718669543194 -0.2553718669543194 -0.2553718669543194 -0.2553718669543194 -0.2553718669543194 -0.2553718669543194 -0.2553718669543194 -0.22090296888232583 -0.24586173368406258 -0.24541108786674604 -0.17653724512913108 -0.23093757607330573 -0.20166298059068932 -0.1491337429988009 -0.17121110784555274 -0.14863594575488256 -0.15504364634549625 -0.14863594575488256 -0.1444540315950841 -0.1444540315950841 -0.1404648365241943 -0.10452246947905046 -0.09141389627260586 -0.09141389627260586 -0.08456607331910931 -0.08456607331910931 -0.08523252492820958 -0.06033955019202001 -0.041684742660770414
-0.18564252061927516 -0.18564252061927516 -0.18564252061927516 -0.18564252061927516 -0.18564252061927516 -0.18564252061927516 -0.18564252061927516 -0.18564252061927516 -0.18564252061927516 -0.18564252061927516 -0.18564252061927516 -0.18564252061927516 -0.18564252061927516 -0.18564252061927516 -0.18564252061927516 -0.18564252061927516 -0.18564252061927516 -0.18564252061927516 -0.18564252061927516 -0.18564252061927516 -0.18564252061927516 -0.18564252061927516 -0.18564252061927516 -0.18564252061927516 -0.18564252061927516 -0.18564252061927516 -0.18564252061927516 -0.18564252061927516 -0.18564252061927516 -0.18564252061927516 -0.18564252061927516 -0.18564252061927516 -0.18564252061927516 -0.18564252061927516 -0.18564252061927516 -0.18564252061927516 -0.18564252061927516 -0.18564252061927516 -0.18564252061927516 -0.18564252061927516 -0.18564252061927516 -0.18564252061927516 -0.18564252061927516 -0.18564252061927516 -0.18564252061927516 -0.18564252061927516 -0.18564252061927516 -0.18564252061927516 -0.18564252061927516 -0.18564252061927516 -0.18564252061927516 -0.18564252061927516 -0.18564252061927516 -0.18564252061927516 -0.18564252061927516 -0.18564252061927516 -0.18564252061927516 -0.18564252061927516 -0.18564252061927516 -0.18564252061927516 -0.18564252061927516 -0.18564252061927516 -0.18564252061927516 -0.18564252061927516 -0.18564252061927516 -0.18564252061927516 -0.18564252061927516 -0.18564252061927516 -0.18564252061927516 -0.18564252061927516 -0.18564252061927516 -0.18564252061927516 -0.18564252061927516 -0.18564252061927516 -0.18564252061927516 -0.18564252061927516 -0.18564252061927516 -0.18564252061927516 -0.18564252061927516 -0.18564252061927516 -0.18564252061927516 -0.18564252061927516 -0.18564252061927516 -0.18564252061927516 -0.18564252061927516 -0.18564252061927516 -0.18564252061927516 -0.18564252061927516 -0.17653724512913108 -0.18564252061927516 -0.18564252061927516 -0.1491337429988009 -0.17121110784555274 -0.14863594575488256 -0.15504364634549625 -0.14863594575488256 -0.1444540315950841 -0.1444540315950841 -0.1404648365241943 -0.10452246947905046 -0.09141389627260586 -0.09141389627260586 -0.08456607331910931 -0.08456607331910931 -0.08523252492820958 -0.06033955019202001 -0.041684742660770414
-0.240192362862126 -0.240192362862126 -0.240192362862126 -0.240192362862126 -0.240192362862126 -0.240192362862126 -0.240192362862126 -0.240192362862126 -0.240192362862126 -0.240192362862126 -0.240192362862126 -0.240192362862126 -0.240192362862126 -0.240192362862126 -0.240192362862126 -0.240192362862126 -0.18564252061927516 -0.240192362862126 -0.240192362862126 -0.240192362862126 -0.240192362862126 -0.240192362862126 -0.240192362862126 -0.240192362862126 -0.240192362862126 -0.240192362862126 -0.240192362862126 -0.240192362862126 -0.240192362862126 -0.240192362862126 -0.240192362862126 -0.240192362862126 -0.240192362862126 -0.240192362862126 -0.240192362862126 -0.240192362862126 -0.240192362862126 -0.240192362862126 -0.240192362862126 -0.240192362862126 -0.240192362862126 -0.240192362862126 -0.240192362862126 -0.240192362862126 -0.240192362862126 -0.240192362862126 -0.240192362862126 -0.240192362862126 -0.240192362862126 -0.240192362862126 -0.240192362862126 -0.22736153281851018 -0.2263842036506563 -0.22736153281851018 -0.2263842036506563 -0.240192362862126 -0.22736153281851018 -0.2263842036506563 -0.240192362862126 -0.18564252061927516 -0.240192362862126 -0.240192362862126 -0.2263842036506563 -0.22736153281851018 -0.22736153281851018 -0.240192362862126 -0.240192362862126 -0.240192362862126 -0.240192362862126 -0.240192362862126 -0.240192362862126 -0.22736153281851018 -0.2263842036506563 -0.240192362862126 -0.240192362862126 -0.240192362862126 -0.240192362862126 -0.240192362862126 -0.240192362862126 -0.240192362862126 -0.240192362862126 -0.240192362862126 -0.240192362862126 -0.240192362862126 -0.240192362862126 -0.22090296888232583 -0.240192362862126 -0.240192362862126 -0.17653724512913108 -0.23093757607330573 -0.20166298059068932 -0.1491337429988009 -0.17121110784555274 -0.14863594575488256 -0.15504364634549625 -0.14863594575488256 -0.1444540315950841 -0.1444540315950841 -0.1404648365241943 -0.10452246947905046 -0.09141389627260586 -0.09141389627260586 -0.08456607331910931 -0.08456607331910931 -0.08523252492820958 -0.06033955019202001 -0.041684742660770414
-0.2255863339620232 -0.2255863339620232 -0.2255863339620232 -0.2255863339620232 -0.2255863339620232 -0.2255863339620232 -0.2255863339620232 -0.2255863339620232 -0.2255863339620232 -0.2255863339620232 -0.2255863339620232 -0.2255863339620232 -0.2255863339620232 -0.2255863339620232 -0.2255863339620232 -0.2255863339620232 -0.18564252061927516 -0.2255863339620232 -0.2255863339620232 -0.2255863339620232 -0.2255863339620232 -0.2255863339620232 -0.2255863339620232 -0.2255863339620232 -0.2255863339620232 -0.2255863339620232 -0.2255863339620232 -0.2255863339620232 -0.2255863339620232 -0.2255863339620232 -0.2255863339620232 -0.2255863339620232 -0.2255863339620232 -0.2255863339620232 -0.2255863339620232 -0.2255863339620232 -0.2255863339620232 -0.2255863339620232 -0.2255863339620232 -0.2255863339620232 -0.2255863339620232 -0.2255863339620232 -0.2255863339620232 -0.2255863339620232 -0.2255863339620232 -0.2255863339620232 -0.2255863339620232 -0.2255863339620232 -0.2255863339620232 -0.2255863339620232 -0.2255863339620232 -0.2255863339620232 -0.2255863339620232 -0.2255863339620232 -0.2255863339620232 -0.2255863339620232 -0.2255863339620232 -0.2255863339620232 -0.2255863339620232 -0.18564252061927516 -0.2255863339620232 -0.2255863339620232 -0.2255863339620232 -0.2255863339620232 -0.2255863339620232 -0.2255863339620232 -0.2255863339620232 -0.2255863339620232 -0.2255863339620232 -0.2255863339620232 -0.2255863339620232 -0.2255863339620232 -0.2255863339620232 -0.2255863339620232 -0.2255863339620232 -0.2255863339620232 -0.2255863339620232 -0.2255863339620232 -0.2255863339620232 -0.2255863339620232 -0.2255863339620232 -0.2255863339620232 -0.2255863339620232 -0.2255863339620232 -0.2255863339620232 -0.22090296888232583 -0.2255863339620232 -0.2255863339620232 -0.17653724512913108 -0.2255863339620232 -0.20166298059068932 -0.1491337429988009 -0.17121110784555274 -0.14863594575488256 -0.15504364634549625 -0.14863594575488256 -0.1444540315950841 -0.1444540315950841 -0.1404648365241943 -0.10452246947905046 -0.09141389627260586 -0.09141389627260586 -0.08456607331910931 -0.08456607331910931 -0.08523252492820958 -0.06033955019202001 -0.041684742660770414
-0.19226147144294253 -0.19226147144294253 -0.19226147144294253 -0.19226147144294253 -0.19226147144294253 -0.19226147144294253 -0.19226147144294253 -0.19226147144294253 -0.19226147144294253 -0.19226147144294253 -0.19226147144294253 -0.19226147144294253 -0.19226147144294253 -0.19226147144294253 -0.19226147144294253 -0.19226147144294253 -0.18564252061927516 -0.19226147144294253 -0.19226147144294253 -0.19226147144294253 -0.19226147144294253 -0.19226147144294253 -0.19226147144294253 -0.19226147144294253 -0.19226147144294253 -0.19226147144294253 -0.19226147144294253 -0.19226147144294253 -0.19226147144294253 -0.19226147144294253 -0.19226147144294253 -0.19226147144294253 -0.19226147144294253 -0.19226147144294253 -0.19226147144294253 -0.19226147144294253 -0.19226147144294253 -0.19226147144294253 -0.19226147144294253 -0.19226147144294253 -0.19226147144294253 -0.19226147144294253 -0.19226147144294253 -0.19226147144294253 -0.19226147144294253 -0.19226147144294253 -0.19226147144294253 -0.19226147144294253 -0.19226147144294253 -0.19226147144294253 -0.19226147144294253 -0.19226147144294253 -0.19226147144294253 -0.19226147144294253 -0.19226147144294253 -0.19226147144294253 -0.19226147144294253 -0.19226147144294253 -0.19226147144294253 -0.18564252061927516 -0.19226147144294253 -0.19226147144294253 -0.19226147144294253 -0.19226147144294253 -0.19226147144294253 -0.19226147144294253 -0.19226147144294253 -0.19226147144294253 -0.19226147144294253 -0.19226147144294253 -0.19226147144294253 -0.19226147144294253 -0.19226147144294253 -0.19226147144294253 -0.19226147144294253 -0.19226147144294253 -0.19226147144294253 -0.19226147144294253 -0.19226147144294253 -0.19226147144294253 -0.19226147144294253 -0.19226147144294253 -0.19226147144294253 -0.19226147144294253 -0.19226147144294253 -0.19226147144294253 -0.19226147144294253 -0.19226147144294253 -0.17653724512913108 -0.19226147144294253 -0.19226147144294253 -0.1491337429988009 -0.17121110784555274 -0.14863594575488256 -0.15504364634549625 -0.14863594575488256 -0.1444540315950841 -0.1444540315950841 -0.1404648365241943 -0.10452246947905046 -0.09141389627260586 -0.09141389627260586 -0.08456607331910931 -0.08456607331910931 -0.08523252492820958 -0.06033955019202001 -0.041684742660770414
-0.17058047383464273 -0.17058047383464273 -0.17058047383464273 -0.17058047383464273 -0.17058047383464273 -0.17058047383464273 -0.17058047383464273 -0.17058047383464273 -0.17058047383464273 -0.17058047383464273 -0.17058047383464273 -0.17058047383464273 -0.17058047383464273 -0.17058047383464273 -0.17058047383464273 -0.17058047383464273 -0.17058047383464273 -0.17058047383464273 -0.17058047383464273 -0.17058047383464273 -0.17058047383464273 -0.17058047383464273 -0.17058047383464273 -0.17058047383464273 -0.17058047383464273 -0.17058047383464273 -0.17058047383464273 -0.17058047383464273 -0.17058047383464273 -0.17058047383464273 -0.17058047383464273 -0.17058047383464273 -0.17058047383464273 -0.17058047383464273 -0.17058047383464273 -0.17058047383464273 -0.17058047383464273 -0.17058047383464273 -0.17058047383464273 -0.17058047383464273 -0.17058047383464273 -0.17058047383464273 -0.17058047383464273 -0.17058047383464273 -0.17058047383464273 -0.17058047383464273 -0.17058047383464273 -0.17058047383464273 -0.17058047383464273 -0.17058047383464273 -0.17058047383464273 -0.17058047383464273 -0.17058047383464273 -0.17058047383464273 -0.17058047383464273 -0.17058047383464273 -0.17058047383464273 -0.17058047383464273 -0.17058047383464273 -0.17058047383464273 -0.17058047383464273 -0.17058047383464273 -0.17058047383464273 -0.17058047383464273 -0.17058047383464273 -0.17058047383464273 -0.17058047383464273 -0.17058047383464273 -0.17058047383464273 -0.17058047383464273 -0.17058047383464273 -0.17058047383464273 -0.17058047383464273 -0.17058047383464273 -0.17058047383464273 -0.17058047383464273 -0.17058047383464273 -0.17058047383464273 -0.17058047383464273 -0.17058047383464273 -0.17058047383464273 -0.17058047383464273 -0.17058047383464273 -0.17058047383464273 -0.17058047383464273 -0.17058047383464273 -0.17058047383464273 -0.17058047383464273 -0.17058047383464273 -0.17058047383464273 -0.17058047383464273 -0.1491337429988009 -0.17058047383464273 -0.14863594575488256 -0.15504364634549625 -0.14863594575488256 -0.1444540315950841 -0.1444540315950841 -0.1404648365241943 -0.10452246947905046 -0.09141389627260586 -0.09141389627260586 -0.08456607331910931 -0.08456607331910931 -0.08523252492820958 -0.06033955019202001 -0.041684742660770414
-0.1687881876570261 -0.1687881876570261 -0.1687881876570261 -0.1687881876570261 -0.1687881876570261 -0.1687881876570261 -0.1687881876570261 -0.1687881876570261 -0.1687881876570261 -0.1687881876570261 -0.1687881876570261 -0.1687881876570261 -0.1687881876570261 -0.1687881876570261 -0.1687881876570261 -0.1687881876570261 -0.1687881876570261 -0.1687881876570261 -0.1687881876570261 -0.1687881876570261 -0.1687881876570261 -0.1687881876570261 -0.1687881876570261 -0.1687881876570261 -0.1687881876570261 -0.1687881876570261 -0.1687881876570261 -0.1687881876570261 -0.1687881876570261 -0.1687881876570261 -0.1687881876570261 -0.1687881876570261 -0.1687881876570261 -0.1687881876570261 -0.1687881876570261 -0.1687881876570261 -0.1687881876570261 -0.1687881876570261 -0.1687881876570261 -0.1687881876570261 -0.1687881876570261 -0.1687881876570261 -0.1687881876570261 -0.1687881876570261 -0.1687881876570261 -0.1687881876570261 -0.1687881876570261 -0.1687881876570261 -0.1687881876570261 -0.1687881876570261 -0.1687881876570261 -0.1687881876570261 -0.1687881876570261 -0.1687881876570261 -0.1687881876570261 -0.1687881876570261 -0.1687881876570261 -0.1687881876570261 -0.1687881876570261 -0.1687881876570261 -0.1687881876570261 -0.1687881876570261 -0.1687881876570261 -0.1687881876570261 -0.1687881876570261 -0.1687881876570261 -0.1687881876570261 -0.1687881876570261 -0.1687881876570261 -0.1687881876570261 -0.1687881876570261 -0.1687881876570261 -0.1687881876570261 -0.1687881876570261 -0.1687881876570261 -0.1687881876570261 -0.1687881876570261 -0.1687881876570261 -0.1687881876570261 -0.1687881876570261 -0.1687881876570261 -0.1687881876570261 -0.1687881876570261 -0.1687881876570261 -0.1687881876570261 -0.1687881876570261 -0.1687881876570261 -0.1687881876570261 -0.1687881876570261 -0.1687881876570261 -0.1687881876570261 -0.1491337429988009 -0.1687881876570261 -0.14863594575488256 -0.15504364634549625 -0.14863594575488256 -0.1444540315950841 -0.1444540315950841 -0.1404648365241943 -0.10452246947905046 -0.09141389627260586 -0.09141389627260586 -0.08456607331910931 -0.08456607331910931 -0.08523252492820958 -0.06033955019202001 -0.041684742660770414
-0.16853352143739245 -0.16853352143739245 -0.16853352143739245 -0.16853352143739245 -0.16853352143739245 -0.16853352143739245 -0.16853352143739245 -0.16853352143739245 -0.16853352143739245 -0.16853352143739245 -0.16853352143739245 -0.16853352143739245 -0.16853352143739245 -0.16853352143739245 -0.16853352143739245 -0.16853352143739245 -0.16853352143739245 -0.16853352143739245 -0.16853352143739245 -0.16853352143739245 -0.16853352143739245 -0.16853352143739245 -0.16853352143739245 -0.16853352143739245 -0.16853352143739245 -0.16853352143739245 -0.16853352143739245 -0.16853352143739245 -0.16853352143739245 -0.16853352143739245 -0.16853352143739245 -0.16853352143739245 -0.16853352143739245 -0.16853352143739245 -0.16853352143739245 -0.16853352143739245 -0.16853352143739245 -0.16853352143739245 -0.16853352143739245 -0.16853352143739245 -0.16853352143739245 -0.16853352143739245 -0.16853352143739245 -0.16853352143739245 -0.16853352143739245 -0.16853352143739245 -0.16853352143739245 -0.16853352143739245 -0.16853352143739245 -0.16853352143739245 -0.16853352143739245 -0.16853352143739245 -0.16853352143739245 -0.16853352143739245 -0.16853352143739245 -0.16853352143739245 -0.16853352143739245 -0.16853352143739245 -0.16853352143739245 -0.16853352143739245 -0.16853352143739245 -0.16853352143739245 -0.16853352143739245 -0.16853352143739245 -0.16853352143739245 -0.16853352143739245 -0.16853352143739245 -0.16853352143739245 -0.16853352143739245 -0.16853352143739245 -0.16853352143739245 -0.16853352143739245 -0.16853352143739245 -0.16853352143739245 -0.16853352143739245 -0.16853352143739245 -0.16853352143739245 -0.16853352143739245 -0.16853352143739245 -0.16853352143739245 -0.16853352143739245 -0.16853352143739245 -0.16853352143739245 -0.16853352143739245 -0.16853352143739245 -0.16853352143739245 -0.16853352143739245 -0.16853352143739245 -0.16853352143739245 -0.16853352143739245 -0.16853352143739245 -0.1491337429988009 -0.16853352143739245 -0.14863594575488256 -0.15504364634549625 -0.14863594575488256 -0.1444540315950841 -0.1444540315950841 -0.1404648365241943 -0.10452246947905046 -0.09141389627260586 -0.09141389627260586 -0.08456607331910931 -0.08456607331910931 -0.08523252492820958 -0.06033955019202001 -0.041684742660770414
-0.15901414378681974 -0.15901414378681974 -0.15901414378681974 -0.15901414378681974 -0.15901414378681974 -0.15901414378681974 -0.15901414378681974 -0.15901414378681974 -0.15901414378681974 -0.15901414378681974 -0.15901414378681974 -0.15901414378681974 -0.15901414378681974 -0.15901414378681974 -0.15901414378681974 -0.15901414378681974 -0.15901414378681974 -0.15901414378681974 -0.15901414378681974 -0.15901414378681974 -0.15901414378681974 -0.15901414378681974 -0.15901414378681974 -0.15901414378681974 -0.15901414378681974 -0.15901414378681974 -0.15901414378681974 -0.15901414378681974 -0.15901414378681974 -0.15901414378681974 -0.15901414378681974 -0.15901414378681974 -0.15901414378681974 -0.15901414378681974 -0.15901414378681974 -0.15901414378681974 -0.15901414378681974 -0.15901414378681974 -0.15901414378681974 -0.15901414378681974 -0.15901414378681974 -0.15901414378681974 -0.15901414378681974 -0.15901414378681974 -0.15901414378681974 -0.15901414378681974 -0.15901414378681974 -0.15901414378681974 -0.15901414378681974 -0.15901414378681974 -0.15901414378681974 -0.15901414378681974 -0.15901414378681974 -0.15901414378681974 -0.15901414378681974 -0.15901414378681974 -0.15901414378681974 -0.15901414378681974 -0.15901414378681974 -0.15901414378681974 -0.15901414378681974 -0.15901414378681974 -0.15901414378681974 -0.15901414378681974 -0.15901414378681974 -0.15901414378681974 -0.15901414378681974 -0.15901414378681974 -0.15901414378681974 -0.15901414378681974 -0.15901414378681974 -0.15901414378681974 -0.15901414378681974 -0.15901414378681974 -0.15901414378681974 -0.15901414378681974 -0.15901414378681974 -0.15901414378681974 -0.15901414378681974 -0.15901414378681974 -0.15901414378681974 -0.15901414378681974 -0.15901414378681974 -0.15901414378681974 -0.15901414378681974 -0.15901414378681974 -0.15901414378681974 -0.15901414378681974 -0.15901414378681974 -0.15901414378681974 -0.15901414378681974 -0.1491337429988009 -0.15901414378681974 -0.14863594575488256 -0.15504364634549625 -0.14863594575488256 -0.1444540315950841 -0.1444540315950841 -0.1404648365241943 -0.10452246947905046 -0.09141389627260586 -0.09141389627260586 -0.08456607331910931 -0.08456607331910931 -0.08523252492820958 -0.06033955019202001 -0.041684742660770414
-0.14014103319690552 -0.14014103319690552 -0.14014103319690552 -0.14014103319690552 -0.14014103319690552 -0.14014103319690552 -0.14014103319690552 -0.14014103319690552 -0.14014103319690552 -0.14014103319690552 -0.14014103319690552 -0.14014103319690552 -0.14014103319690552 -0.14014103319690552 -0.14014103319690552 -0.14014103319690552 -0.14014103319690552 -0.14014103319690552 -0.14014103319690552 -0.14014103319690552 -0.14014103319690552 -0.14014103319690552 -0.14014103319690552 -0.14014103319690552 -0.14014103319690552 -0.14014103319690552 -0.14014103319690552 -0.14014103319690552 -0.14014103319690552 -0.14014103319690552 -0.14014103319690552 -0.14014103319690552 -0.14014103319690552 -0.14014103319690552 -0.14014103319690552 -0.14014103319690552 -0.14014103319690552 -0.14014103319690552 -0.14014103319690552 -0.14014103319690552 -0.14014103319690552 -0.14014103319690552 -0.14014103319690552 -0.14014103319690552 -0.14014103319690552 -0.14014103319690552 -0.14014103319690552 -0.14014103319690552 -0.14014103319690552 -0.14014103319690552 -0.14014103319690552 -0.14014103319690552 -0.14014103319690552 -0.14014103319690552 -0.14014103319690552 -0.14014103319690552 -0.14014103319690552 -0.14014103319690552 -0.14014103319690552 -0.14014103319690552 -0.14014103319690552 -0.14014103319690552 -0.14014103319690552 -0.14014103319690552 -0.14014103319690552 -0.14014103319690552 -0.14014103319690552 -0.14014103319690552 -0.14014103319690552 -0.14014103319690552 -0.14014103319690552 -0.14014103319690552 -0.14014103319690552 -0.14014103319690552 -0.14014103319690552 -0.14014103319690552 -0.14014103319690552 -0.14014103319690552 -0.14014103319690552 -0.14014103319690552 -0.14014103319690552 -0.14014103319690552 -0.14014103319690552 -0.14014103319690552 -0.14014103319690552 -0.14014103319690552 -0.14014103319690552 -0.14014103319690552 -0.14014103319690552 -0.14014103319690552 -0.14014103319690552 -0.14014103319690552 -0.14014103319690552 -0.14014103319690552 -0.14014103319690552 -0.14014103319690552 -0.14014103319690552 -0.14014103319690552 -0.14014103319690552 -0.10452246947905046 -0.09141389627260586 -0.09141389627260586 -0.08456607331910931 -0.08456607331910931 -0.08523252492820958 -0.06033955019202001 -0.041684742660770414
-0.13440944645154956 -0.13440944645154956 -0.13440944645154956 -0.13440944645154956 -0.13440944645154956 -0.13440944645154956 -0.13440944645154956 -0.13440944645154956 -0.13440944645154956 -0.13440944645154956 -0.13440944645154956 -0.13440944645154956 -0.13440944645154956 -0.13440944645154956 -0.13440944645154956 -0.13440944645154956 -0.13440944645154956 -0.13440944645154956 -0.13440944645154956 -0.13440944645154956 -0.13440944645154956 -0.13440944645154956 -0.13440944645154956 -0.13440944645154956 -0.13440944645154956 -0.13440944645154956 -0.13440944645154956 -0.13440944645154956 -0.13440944645154956 -0.13440944645154956 -0.13440944645154956 -0.13440944645154956 -0.13440944645154956 -0.13440944645154956 -0.13440944645154956 -0.13440944645154956 -0.13440944645154956 -0.13440944645154956 -0.13440944645154956 -0.13440944645154956 -0.13440944645154956 -0.13440944645154956 -0.13440944645154956 -0.13440944645154956 -0.13440944645154956 -0.13440944645154956 -0.13440944645154956 -0.13440944645154956 -0.13440944645154956 -0.13440944645154956 -0.13440944645154956 -0.13440944645154956 -0.13440944645154956 -0.13440944645154956 -0.13440944645154956 -0.13440944645154956 -0.13440944645154956 -0.13440944645154956 -0.13440944645154956 -0.13440944645154956 -0.13440944645154956 -0.13440944645154956 -0.13440944645154956 -0.13440944645154956 -0.13440944645154956 -0.13440944645154956 -0.13440944645154956 -0.13440944645154956 -0.13440944645154956 -0.13440944645154956 -0.13440944645154956 -0.13440944645154956 -0.13440944645154956 -0.13440944645154956 -0.13440944645154956 -0.13440944645154956 -0.13440944645154956 -0.13440944645154956 -0.13440944645154956 -0.13440944645154956 -0.13440944645154956 -0.13440944645154956 -0.13440944645154956 -0.13440944645154956 -0.13440944645154956 -0.13440944645154956 -0.13440944645154956 -0.13440944645154956 -0.13440944645154956 -0.13440944645154956 -0.13440944645154956 -0.13440944645154956 -0.13440944645154956 -0.13440944645154956 -0.13440944645154956 -0.13440944645154956 -0.13440944645154956 -0.13440944645154956 -0.13440944645154956 -0.10452246947905046 -0.09141389627260586 -0.09141389627260586 -0.08456607331910931 -0.08456607331910931 -0.08523252492820958 -0.06033955019202001 -0.041684742660770414
-0.13405383824552888 -0.13405383824552888 -0.13405383824552888 -0.13405383824552888 -0.13405383824552888 -0.13405383824552888 -0.13405383824552888 -0.13405383824552888 -0.13405383824552888 -0.13405383824552888 -0.13405383824552888 -0.13405383824552888 -0.13405383824552888 -0.13405383824552888 -0.13405383824552888 -0.13405383824552888 -0.13405383824552888 -0.13405383824552888 -0.13405383824552888 -0.13405383824552888 -0.13405383824552888 -0.13405383824552888 -0.13405383824552888 -0.13405383824552888 -0.13405383824552888 -0.13405383824552888 -0.13405383824552888 -0.13405383824552888 -0.13405383824552888 -0.13405383824552888 -0.13405383824552888 -0.13405383824552888 -0.13405383824552888 -0.13405383824552888 -0.13405383824552888 -0.13405383824552888 -0.13405383824552888 -0.13405383824552888 -0.13405383824552888 -0.13405383824552888 -0.13405383824552888 -0.13405383824552888 -0.13405383824552888 -0.13405383824552888 -0.13405383824552888 -0.13405383824552888 -0.13405383824552888 -0.13405383824552888 -0.13405383824552888 -0.13405383824552888 -0.13405383824552888 -0.13405383824552888 -0.13405383824552888 -0.13405383824552888 -0.13405383824552888 -0.13405383824552888 -0.13405383824552888 -0.13405383824552888 -0.13405383824552888 -0.13405383824552888 -0.13405383824552888 -0.13405383824552888 -0.13405383824552888 -0.13405383824552888 -0.13405383824552888 -0.13405383824552888 -0.13405383824552888 -0.13405383824552888 -0.13405383824552888 -0.13405383824552888 -0.13405383824552888 -0.13405383824552888 -0.13405383824552888 -0.13405383824552888 -0.13405383824552888 -0.13405383824552888 -0.13405383824552888 -0.13405383824552888 -0.13405383824552888 -0.13405383824552888 -0.13405383824552888 -0.13405383824552888 -0.13405383824552888 -0.13405383824552888 -0.13405383824552888 -0.13405383824552888 -0.13405383824552888 -0.13405383824552888 -0.13405383824552888 -0.13405383824552888 -0.13405383824552888 -0.13405383824552888 -0.13405383824552888 -0.13405383824552888 -0.13405383824552888 -0.13405383824552888 -0.13405383824552888 -0.13405383824552888 -0.13405383824552888 -0.10452246947905046 -0.09141389627260586 -0.09141389627260586 -0.08456607331910931 -0.08456607331910931 -0.08523252492820958 -0.06033955019202001 -0.041684742660770414
-0.13319238691963664 -0.13319238691963664 -0.13319238691963664 -0.13319238691963664 -0.13319238691963664 -0.13319238691963664 -0.13319238691963664 -0.13319238691963664 -0.13319238691963664 -0.13319238691963664 -0.13319238691963664 -0.13319238691963664 -0.13319238691963664 -0.13319238691963664 -0.13319238691963664 -0.13319238691963664 -0.13319238691963664 -0.13319238691963664 -0.13319238691963664 -0.13319238691963664 -0.13319238691963664 -0.13319238691963664 -0.13319238691963664 -0.13319238691963664 -0.13319238691963664 -0.13319238691963664 -0.13319238691963664 -0.13319238691963664 -0.13319238691963664 -0.13319238691963664 -0.13319238691963664 -0.13319238691963664 -0.13319238691963664 -0.13319238691963664 -0.13319238691963664 -0.13319238691963664 -0.13319238691963664 -0.13319238691963664 -0.13319238691963664 -0.13319238691963664 -0.13319238691963664 -0.13319238691963664 -0.13319238691963664 -0.13319238691963664 -0.13319238691963664 -0.13319238691963664 -0.13319238691963664 -0.13319238691963664 -0.13319238691963664 -0.13319238691963664 -0.13319238691963664 -0.13319238691963664 -0.13319238691963664 -0.13319238691963664 -0.13319238691963664 -0.13319238691963664 -0.13319238691963664 -0.13319238691963664 -0.13319238691963664 -0.13319238691963664 -0.13319238691963664 -0.13319238691963664 -0.13319238691963664 -0.13319238691963664 -0.13319238691963664 -0.13319238691963664 -0.13319238691963664 -0.13319238691963664 -0.13319238691963664 -0.13319238691963664 -0.13319238691963664 -0.13319238691963664 -0.13319238691963664 -0.13319238691963664 -0.13319238691963664 -0.13319238691963664 -0.13319238691963664 -0.13319238691963664 -0.13319238691963664 -0.13319238691963664 -0.13319238691963664 -0.13319238691963664 -0.13319238691963664 -0.13319238691963664 -0.13319238691963664 -0.13319238691963664 -0.13319238691963664 -0.13319238691963664 -0.13319238691963664 -0.13319238691963664 -0.13319238691963664 -0.13319238691963664 -0.13319238691963664 -0.13319238691963664 -0.13319238691963664 -0.13319238691963664 -0.13319238691963664 -0.13319238691963664 -0.13319238691963664 -0.10452246947905046 -0.09141389627260586 -0.09141389627260586 -0.08456607331910931 -0.08456607331910931 -0.08523252492820958 -0.06033955019202001 -0.041684742660770414
-0.09141389627260586 -0.09141389627260586 -0.09141389627260586 -0.09141389627260586 -0.09141389627260586 -0.09141389627260586 -0.09141389627260586 -0.09141389627260586 -0.09141389627260586 -0.09141389627260586 -0.09141389627260586 -0.09141389627260586 -0.09141389627260586 -0.09141389627260586 -0.09141389627260586 -0.09141389627260586 -0.09141389627260586 -0.09141389627260586 -0.09141389627260586 -0.09141389627260586 -0.09141389627260586 -0.09141389627260586 -0.09141389627260586 -0.09141389627260586 -0.09141389627260586 -0.09141389627260586 -0.09141389627260586 -0.09141389627260586 -0.09141389627260586 -0.09141389627260586 -0.09141389627260586 -0.09141389627260586 -0.09141389627260586 -0.09141389627260586 -0.09141389627260586 -0.09141389627260586 -0.09141389627260586 -0.09141389627260586 -0.09141389627260586 -0.09141389627260586 -0.09141389627260586 -0.09141389627260586 -0.09141389627260586 -0.09141389627260586 -0.09141389627260586 -0.09141389627260586 -0.09141389627260586 -0.09141389627260586 -0.09141389627260586 -0.09141389627260586 -0.09141389627260586 -0.09141389627260586 -0.09141389627260586 -0.09141389627260586 -0.09141389627260586 -0.09141389627260586 -0.09141389627260586 -0.09141389627260586 -0.09141389627260586 -0.09141389627260586 -0.09141389627260586 -0.09141389627260586 -0.09141389627260586 -0.09141389627260586 -0.09141389627260586 -0.09141389627260586 -0.09141389627260586 -0.09141389627260586 -0.09141389627260586 -0.09141389627260586 -0.09141389627260586 -0.09141389627260586 -0.09141389627260586 -0.09141389627260586 -0.09141389627260586 -0.09141389627260586 -0.09141389627260586 -0.09141389627260586 -0.09141389627260586 -0.09141389627260586 -0.09141389627260586 -0.09141389627260586 -0.09141389627260586 -0.09141389627260586 -0.09141389627260586 -0.09141389627260586 -0.09141389627260586 -0.09141389627260586 -0.09141389627260586 -0.09141389627260586 -0.09141389627260586 -0.09141389627260586 -0.09141389627260586 -0.09141389627260586 -0.09141389627260586 -0.09141389627260586 -0.09141389627260586 -0.09141389627260586 -0.09141389627260586 -0.09141389627260586 -0.09141389627260586 -0.09141389627260586 -0.08456607331910931 -0.08456607331910931 -0.08523252492820958 -0.06033955019202001 -0.041684742660770414
-0.08456607331910931 -0.08456607331910931 -0.08456607331910931 -0.08456607331910931 -0.08456607331910931 -0.08456607331910931 -0.08456607331910931 -0.08456607331910931 -0.08456607331910931 -0.08456607331910931 -0.08456607331910931 -0.08456607331910931 -0.08456607331910931 -0.08456607331910931 -0.08456607331910931 -0.08456607331910931 -0.08456607331910931 -0.08456607331910931 -0.08456607331910931 -0.08456607331910931 -0.08456607331910931 -0.08456607331910931 -0.08456607331910931 -0.08456607331910931 -0.08456607331910931 -0.08456607331910931 -0.08456607331910931 -0.08456607331910931 -0.08456607331910931 -0.08456607331910931 -0.08456607331910931 -0.08456607331910931 -0.08456607331910931 -0.08456607331910931 -0.08456607331910931 -0.08456607331910931 -0.08456607331910931 -0.08456607331910931 -0.08456607331910931 -0.08456607331910931 -0.08456607331910931 -0.08456607331910931 -0.08456607331910931 -0.08456607331910931 -0.08456607331910931 -0.08456607331910931 -0.08456607331910931 -0.08456607331910931 -0.08456607331910931 -0.08456607331910931 -0.08456607331910931 -0.08456607331910931 -0.08456607331910931 -0.08456607331910931 -0.08456607331910931 -0.08456607331910931 -0.08456607331910931 -0.08456607331910931 -0.08456607331910931 -0.08456607331910931 -0.08456607331910931 -0.08456607331910931 -0.08456607331910931 -0.08456607331910931 -0.08456607331910931 -0.08456607331910931 -0.08456607331910931 -0.08456607331910931 -0.08456607331910931 -0.08456607331910931 -0.08456607331910931 -0.08456607331910931 -0.08456607331910931 -0.08456607331910931 -0.08456607331910931 -0.08456607331910931 -0.08456607331910931 -0.08456607331910931 -0.08456607331910931 -0.08456607331910931 -0.08456607331910931 -0.08456607331910931 -0.08456607331910931 -0.08456607331910931 -0.08456607331910931 -0.08456607331910931 -0.08456607331910931 -0.08456607331910931 -0.08456607331910931 -0.08456607331910931 -0.08456607331910931 -0.08456607331910931 -0.08456607331910931 -0.08456607331910931 -0.08456607331910931 -0.08456607331910931 -0.08456607331910931 -0.08456607331910931 -0.08456607331910931 -0.08456607331910931 -0.08456607331910931 -0.08456607331910931 -0.08456607331910931 -0.08456607331910931 -0.08456607331910931 -0.06033955019202001 -0.041684742660770414
-0.12491351319684428 -0.12491351319684428 -0.12491351319684428 -0.12491351319684428 -0.12491351319684428 -0.12491351319684428 -0.12491351319684428 -0.12491351319684428 -0.12491351319684428 -0.12491351319684428 -0.12491351319684428 -0.12491351319684428 -0.12491351319684428 -0.12491351319684428 -0.12491351319684428 -0.12491351319684428 -0.12491351319684428 -0.12491351319684428 -0.12491351319684428 -0.12491351319684428 -0.12491351319684428 -0.12491351319684428 -0.12491351319684428 -0.12491351319684428 -0.12491351319684428 -0.12491351319684428 -0.12491351319684428 -0.12491351319684428 -0.12491351319684428 -0.12491351319684428 -0.12491351319684428 -0.12491351319684428 -0.12491351319684428 -0.12491351319684428 -0.12491351319684428 -0.12491351319684428 -0.12491351319684428 -0.12491351319684428 -0.12491351319684428 -0.12491351319684428 -0.12491351319684428 -0.12491351319684428 -0.12491351319684428 -0.12491351319684428 -0.12491351319684428 -0.12491351319684428 -0.12491351319684428 -0.12491351319684428 -0.12491351319684428 -0.12491351319684428 -0.12491351319684428 -0.12491351319684428 -0.12491351319684428 -0.12491351319684428 -0.12491351319684428 -0.12491351319684428 -0.12491351319684428 -0.12491351319684428 -0.12491351319684428 -0.12491351319684428 -0.12491351319684428 -0.12491351319684428 -0.12491351319684428 -0.12491351319684428 -0.12491351319684428 -0.12491351319684428 -0.12491351319684428 -0.12491351319684428 -0.12491351319684428 -0.12491351319684428 -0.12491351319684428 -0.12491351319684428 -0.12491351319684428 -0.12491351319684428 -0.12491351319684428 -0.12491351319684428 -0.12491351319684428 -0.12491351319684428 -0.12491351319684428 -0.12491351319684428 -0.12491351319684428 -0.12491351319684428 -0.12491351319684428 -0.12491351319684428 -0.12491351319684428 -0.12491351319684428 -0.12491351319684428 -0.12491351319684428 -0.12491351319684428 -0.12491351319684428 -0.12491351319684428 -0.12491351319684428 -0.12491351319684428 -0.12491351319684428 -0.12491351319684428 -0.12491351319684428 -0.12491351319684428 -0.12491351319684428 -0.12491351319684428 -0.10452246947905046 -0.09141389627260586 -0.09141389627260586 -0.08456607331910931 -0.08456607331910931 -0.08523252492820958 -0.06033955019202001 -0.041684742660770414
-0.12211320550177031 -0.12211320550177031 -0.12211320550177031 -0.12211320550177031 -0.12211320550177031 -0.12211320550177031 -0.12211320550177031 -0.12211320550177031 -0.12211320550177031 -0.12211320550177031 -0.12211320550177031 -0.12211320550177031 -0.12211320550177031 -0.12211320550177031 -0.12211320550177031 -0.12211320550177031 -0.12211320550177031 -0.12211320550177031 -0.12211320550177031 -0.12211320550177031 -0.12211320550177031 -0.12211320550177031 -0.12211320550177031 -0.12211320550177031 -0.12211320550177031 -0.12211320550177031 -0.12211320550177031 -0.12211320550177031 -0.12211320550177031 -0.12211320550177031 -0.12211320550177031 -0.12211320550177031 -0.12211320550177031 -0.12211320550177031 -0.12211320550177031 -0.12211320550177031 -0.12211320550177031 -0.12211320550177031 -0.12211320550177031 -0.12211320550177031 -0.12211320550177031 -0.12211320550177031 -0.12211320550177031 -0.12211320550177031 -0.12211320550177031 -0.12211320550177031 -0.12211320550177031 -0.12211320550177031 -0.12211320550177031 -0.12211320550177031 -0.12211320550177031 -0.12211320550177031 -0.12211320550177031 -0.12211320550177031 -0.12211320550177031 -0.12211320550177031 -0.12211320550177031 -0.12211320550177031 -0.12211320550177031 -0.12211320550177031 -0.12211320550177031 -0.12211320550177031 -0.12211320550177031 -0.12211320550177031 -0.12211320550177031 -0.12211320550177031 -0.12211320550177031 -0.12211320550177031 -0.12211320550177031 -0.12211320550177031 -0.12211320550177031 -0.12211320550177031 -0.12211320550177031 -0.12211320550177031 -0.12211320550177031 -0.12211320550177031 -0.12211320550177031 -0.12211320550177031 -0.12211320550177031 -0.12211320550177031 -0.12211320550177031 -0.12211320550177031 -0.12211320550177031 -0.12211320550177031 -0.12211320550177031 -0.12211320550177031 -0.12211320550177031 -0.12211320550177031 -0.12211320550177031 -0.12211320550177031 -0.12211320550177031 -0.12211320550177031 -0.12211320550177031 -0.12211320550177031 -0.12211320550177031 -0.12211320550177031 -0.12211320550177031 -0.12211320550177031 -0.12211320550177031 -0.10452246947905046 -0.09141389627260586 -0.09141389627260586 -0.08456607331910931 -0.08456607331910931 -0.08523252492820958 -0.06033955019202001 -0.041684742660770414
-0.11859223112599165 -0.11859223112599165 -0.11859223112599165 -0.11859223112599165 -0.11859223112599165 -0.11859223112599165 -0.11859223112599165 -0.11859223112599165 -0.11859223112599165 -0.11859223112599165 -0.11859223112599165 -0.11859223112599165 -0.11859223112599165 -0.11859223112599165 -0.11859223112599165 -0.11859223112599165 -0.11859223112599165 -0.11859223112599165 -0.11859223112599165 -0.11859223112599165 -0.11859223112599165 -0.11859223112599165 -0.11859223112599165 -0.11859223112599165 -0.11859223112599165 -0.11859223112599165 -0.11859223112599165 -0.11859223112599165 -0.11859223112599165 -0.11859223112599165 -0.11859223112599165 -0.11859223112599165 -0.11859223112599165 -0.11859223112599165 -0.11859223112599165 -0.11859223112599165 -0.11859223112599165 -0.11859223112599165 -0.11859223112599165 -0.11859223112599165 -0.11859223112599165 -0.11859223112599165 -0.11859223112599165 -0.11859223112599165 -0.11859223112599165 -0.11859223112599165 -0.11859223112599165 -0.11859223112599165 -0.11859223112599165 -0.11859223112599165 -0.11859223112599165 -0.11859223112599165 -0.11859223112599165 -0.11859223112599165 -0.11859223112599165 -0.11859223112599165 -0.11859223112599165 -0.11859223112599165 -0.11859223112599165 -0.11859223112599165 -0.11859223112599165 -0.11859223112599165 -0.11859223112599165 -0.11859223112599165 -0.11859223112599165 -0.11859223112599165 -0.11859223112599165 -0.11859223112599165 -0.11859223112599165 -0.11859223112599165 -0.11859223112599165 -0.11859223112599165 -0.11859223112599165 -0.11859223112599165 -0.11859223112599165 -0.11859223112599165 -0.11859223112599165 -0.11859223112599165 -0.11859223112599165 -0.11859223112599165 -0.11859223112599165 -0.11859223112599165 -0.11859223112599165 -0.11859223112599165 -0.11859223112599165 -0.11859223112599165 -0.11859223112599165 -0.11859223112599165 -0.11859223112599165 -0.11859223112599165 -0.11859223112599165 -0.11859223112599165 -0.11859223112599165 -0.11859223112599165 -0.11859223112599165 -0.11859223112599165 -0.11859223112599165 -0.11859223112599165 -0.11859223112599165 -0.10452246947905046 -0.09141389627260586 -0.09141389627260586 -0.08456607331910931 -0.08456607331910931 -0.08523252492820958 -0.06033955019202001 -0.041684742660770414
-0.11765728032912749 -0.11765728032912749 -0.11765728032912749 -0.11765728032912749 -0.11765728032912749 -0.11765728032912749 -0.11765728032912749 -0.11765728032912749 -0.11765728032912749 -0.11765728032912749 -0.11765728032912749 -0.11765728032912749 -0.11765728032912749 -0.11765728032912749 -0.11765728032912749 -0.11765728032912749 -0.11765728032912749 -0.11765728032912749 -0.11765728032912749 -0.11765728032912749 -0.11765728032912749 -0.11765728032912749 -0.11765728032912749 -0.11765728032912749 -0.11765728032912749 -0.11765728032912749 -0.11765728032912749 -0.11765728032912749 -0.11765728032912749 -0.11765728032912749 -0.11765728032912749 -0.11765728032912749 -0.11765728032912749 -0.11765728032912749 -0.11765728032912749 -0.11765728032912749 -0.11765728032912749 -0.11765728032912749 -0.11765728032912749 -0.11765728032912749 -0.11765728032912749 -0.11765728032912749 -0.11765728032912749 -0.11765728032912749 -0.11765728032912749 -0.11765728032912749 -0.11765728032912749 -0.11765728032912749 -0.11765728032912749 -0.11765728032912749 -0.11765728032912749 -0.11765728032912749 -0.11765728032912749 -0.11765728032912749 -0.11765728032912749 -0.11765728032912749 -0.11765728032912749 -0.11765728032912749 -0.11765728032912749 -0.11765728032912749 -0.11765728032912749 -0.11765728032912749 -0.11765728032912749 -0.11765728032912749 -0.11765728032912749 -0.11765728032912749 -0.11765728032912749 -0.11765728032912749 -0.11765728032912749 -0.11765728032912749 -0.11765728032912749 -0.11765728032912749 -0.11765728032912749 -0.11765728032912749 -0.11765728032912749 -0.11765728032912749 -0.11765728032912749 -0.11765728032912749 -0.11765728032912749 -0.11765728032912749 -0.11765728032912749 -0.11765728032912749 -0.11765728032912749 -0.11765728032912749 -0.11765728032912749 -0.11765728032912749 -0.11765728032912749 -0.11765728032912749 -0.11765728032912749 -0.11765728032912749 -0.11765728032912749 -0.11765728032912749 -0.11765728032912749 -0.11765728032912749 -0.11765728032912749 -0.11765728032912749 -0.11765728032912749 -0.11765728032912749 -0.11765728032912749 -0.10452246947905046 -0.09141389627260586 -0.09141389627260586 -0.08456607331910931 -0.08456607331910931 -0.08523252492820958 -0.06033955019202001 -0.041684742660770414
-0.10895447173504265 -0.10895447173504265 -0.10895447173504265 -0.10895447173504265 -0.10895447173504265 -0.10895447173504265 -0.10895447173504265 -0.10895447173504265 -0.10895447173504265 -0.10895447173504265 -0.10895447173504265 -0.10895447173504265 -0.10895447173504265 -0.10895447173504265 -0.10895447173504265 -0.10895447173504265 -0.10895447173504265 -0.10895447173504265 -0.10895447173504265 -0.10895447173504265 -0.10895447173504265 -0.10895447173504265 -0.10895447173504265 -0.10895447173504265 -0.10895447173504265 -0.10895447173504265 -0.10895447173504265 -0.10895447173504265 -0.10895447173504265 -0.10895447173504265 -0.10895447173504265 -0.10895447173504265 -0.10895447173504265 -0.10895447173504265 -0.10895447173504265 -0.10895447173504265 -0.10895447173504265 -0.10895447173504265 -0.10895447173504265 -0.10895447173504265 -0.10895447173504265 -0.10895447173504265 -0.10895447173504265 -0.10895447173504265 -0.10895447173504265 -0.10895447173504265 -0.10895447173504265 -0.10895447173504265 -0.10895447173504265 -0.10895447173504265 -0.10895447173504265 -0.10895447173504265 -0.10895447173504265 -0.10895447173504265 -0.10895447173504265 -0.10895447173504265 -0.10895447173504265 -0.10895447173504265 -0.10895447173504265 -0.10895447173504265 -0.10895447173504265 -0.10895447173504265 -0.10895447173504265 -0.10895447173504265 -0.10895447173504265 -0.10895447173504265 -0.10895447173504265 -0.10895447173504265 -0.10895447173504265 -0.10895447173504265 -0.10895447173504265 -0.10895447173504265 -0.10895447173504265 -0.10895447173504265 -0.10895447173504265 -0.10895447173504265 -0.10895447173504265 -0.10895447173504265 -0.10895447173504265 -0.10895447173504265 -0.10895447173504265 -0.10895447173504265 -0.10895447173504265 -0.10895447173504265 -0.10895447173504265 -0.10895447173504265 -0.10895447173504265 -0.10895447173504265 -0.10895447173504265 -0.10895447173504265 -0.10895447173504265 -0.10895447173504265 -0.10895447173504265 -0.10895447173504265 -0.10895447173504265 -0.10895447173504265 -0.10895447173504265 -0.10895447173504265 -0.10895447173504265 -0.10452246947905046 -0.09141389627260586 -0.09141389627260586 -0.08456607331910931 -0.08456607331910931 -0.08523252492820958 -0.06033955019202001 -0.041684742660770414
-0.10810627007887284 -0.10810627007887284 -0.10810627007887284 -0.10810627007887284 -0.10810627007887284 -0.10810627007887284 -0.10810627007887284 -0.10810627007887284 -0.10810627007887284 -0.10810627007887284 -0.10810627007887284 -0.10810627007887284 -0.10810627007887284 -0.10810627007887284 -0.10810627007887284 -0.10810627007887284 -0.10810627007887284 -0.10810627007887284 -0.10810627007887284 -0.10810627007887284 -0.10810627007887284 -0.10810627007887284 -0.10810627007887284 -0.10810627007887284 -0.10810627007887284 -0.10810627007887284 -0.10810627007887284 -0.10810627007887284 -0.10810627007887284 -0.10810627007887284 -0.10810627007887284 -0.10810627007887284 -0.10810627007887284 -0.10810627007887284 -0.10810627007887284 -0.10810627007887284 -0.10810627007887284 -0.10810627007887284 -0.10810627007887284 -0.10810627007887284 -0.10810627007887284 -0.10810627007887284 -0.10810627007887284 -0.10810627007887284 -0.10810627007887284 -0.10810627007887284 -0.10810627007887284 -0.10810627007887284 -0.10810627007887284 -0.10810627007887284 -0.10810627007887284 -0.10810627007887284 -0.10810627007887284 -0.10810627007887284 -0.10810627007887284 -0.10810627007887284 -0.10810627007887284 -0.10810627007887284 -0.10810627007887284 -0.10810627007887284 -0.10810627007887284 -0.10810627007887284 -0.10810627007887284 -0.10810627007887284 -0.10810627007887284 -0.10810627007887284 -0.10810627007887284 -0.10810627007887284 -0.10810627007887284 -0.10810627007887284 -0.10810627007887284 -0.10810627007887284 -0.10810627007887284 -0.10810627007887284 -0.10810627007887284 -0.10810627007887284 -0.10810627007887284 -0.10810627007887284 -0.10810627007887284 -0.10810627007887284 -0.10810627007887284 -0.10810627007887284 -0.10810627007887284 -0.10810627007887284 -0.10810627007887284 -0.10810627007887284 -0.10810627007887284 -0.10810627007887284 -0.10810627007887284 -0.10810627007887284 -0.10810627007887284 -0.10810627007887284 -0.10810627007887284 -0.10810627007887284 -0.10810627007887284 -0.10810627007887284 -0.10810627007887284 -0.10810627007887284 -0.10810627007887284 -0.10452246947905046 -0.09141389627260586 -0.09141389627260586 -0.08456607331910931 -0.08456607331910931 -0.08523252492820958 -0.06033955019202001 -0.041684742660770414
-0.10749777295425411 -0.10749777295425411 -0.10749777295425411 -0.10749777295425411 -0.10749777295425411 -0.10749777295425411 -0.10749777295425411 -0.10749777295425411 -0.10749777295425411 -0.10749777295425411 -0.10749777295425411 -0.10749777295425411 -0.10749777295425411 -0.10749777295425411 -0.10749777295425411 -0.10749777295425411 -0.10749777295425411 -0.10749777295425411 -0.10749777295425411 -0.10749777295425411 -0.10749777295425411 -0.10749777295425411 -0.10749777295425411 -0.10749777295425411 -0.10749777295425411 -0.10749777295425411 -0.10749777295425411 -0.10749777295425411 -0.10749777295425411 -0.10749777295425411 -0.10749777295425411 -0.10749777295425411 -0.10749777295425411 -0.10749777295425411 -0.10749777295425411 -0.10749777295425411 -0.10749777295425411 -0.10749777295425411 -0.10749777295425411 -0.10749777295425411 -0.10749777295425411 -0.10749777295425411 -0.10749777295425411 -0.10749777295425411 -0.10749777295425411 -0.10749777295425411 -0.10749777295425411 -0.10749777295425411 -0.10749777295425411 -0.10749777295425411 -0.10749777295425411 -0.10749777295425411 -0.10749777295425411 -0.10749777295425411 -0.10749777295425411 -0.10749777295425411 -0.10749777295425411 -0.10749777295425411 -0.10749777295425411 -0.10749777295425411 -0.10749777295425411 -0.10749777295425411 -0.10749777295425411 -0.10749777295425411 -0.10749777295425411 -0.10749777295425411 -0.10749777295425411 -0.10749777295425411 -0.10749777295425411 -0.10749777295425411 -0.10749777295425411 -0.10749777295425411 -0.10749777295425411 -0.10749777295425411 -0.10749777295425411 -0.10749777295425411 -0.10749777295425411 -0.10749777295425411 -0.10749777295425411 -0.10749777295425411 -0.10749777295425411 -0.10749777295425411 -0.10749777295425411 -0.10749777295425411 -0.10749777295425411 -0.10749777295425411 -0.10749777295425411 -0.10749777295425411 -0.10749777295425411 -0.10749777295425411 -0.10749777295425411 -0.10749777295425411 -0.10749777295425411 -0.10749777295425411 -0.10749777295425411 -0.10749777295425411 -0.10749777295425411 -0.10749777295425411 -0.10749777295425411 -0.10452246947905046 -0.09141389627260586 -0.09141389627260586 -0.08456607331910931 -0.08456607331910931 -0.08523252492820958 -0.06033955019202001 -0.041684742660770414
-0.0933818513977053 -0.0933818513977053 -0.0933818513977053 -0.0933818513977053 -0.0933818513977053 -0.0933818513977053 -0.0933818513977053 -0.0933818513977053 -0.0933818513977053 -0.0933818513977053 -0.0933818513977053 -0.0933818513977053 -0.0933818513977053 -0.0933818513977053 -0.0933818513977053 -0.0933818513977053 -0.0933818513977053 -0.0933818513977053 -0.0933818513977053 -0.0933818513977053 -0.0933818513977053 -0.0933818513977053 -0.0933818513977053 -0.0933818513977053 -0.0933818513977053 -0.0933818513977053 -0.0933818513977053 -0.0933818513977053 -0.0933818513977053 -0.0933818513977053 -0.0933818513977053 -0.0933818513977053 -0.0933818513977053 -0.0933818513977053 -0.0933818513977053 -0.0933818513977053 -0.0933818513977053 -0.0933818513977053 -0.0933818513977053 -0.0933818513977053 -0.0933818513977053 -0.0933818513977053 -0.0933818513977053 -0.0933818513977053 -0.0933818513977053 -0.0933818513977053 -0.0933818513977053 -0.0933818513977053 -0.0933818513977053 -0.0933818513977053 -0.0933818513977053 -0.0933818513977053 -0.0933818513977053 -0.0933818513977053 -0.0933818513977053 -0.0933818513977053 -0.0933818513977053 -0.0933818513977053 -0.0933818513977053 -0.0933818513977053 -0.0933818513977053 -0.0933818513977053 -0.0933818513977053 -0.0933818513977053 -0.0933818513977053 -0.0933818513977053 -0.0933818513977053 -0.0933818513977053 -0.0933818513977053 -0.0933818513977053 -0.0933818513977053 -0.0933818513977053 -0.0933818513977053 -0.0933818513977053 -0.0933818513977053 -0.0933818513977053 -0.0933818513977053 -0.0933818513977053 -0.0933818513977053 -0.0933818513977053 -0.0933818513977053 -0.0933818513977053 -0.0933818513977053 -0.0933818513977053 -0.0933818513977053 -0.0933818513977053 -0.0933818513977053 -0.0933818513977053 -0.0933818513977053 -0.0933818513977053 -0.0933818513977053 -0.0933818513977053 -0.0933818513977053 -0.0933818513977053 -0.0933818513977053 -0.0933818513977053 -0.0933818513977053 -0.0933818513977053 -0.0933818513977053 -0.0933818513977053 -0.09141389627260586 -0.09141389627260586 -0.08456607331910931 -0.08456607331910931 -0.08523252492820958 -0.06033955019202001 -0.041684742660770414
-0.0302349228089525 -0.0302349228089525 -0.0302349228089525 -0.0302349228089525 -0.0302349228089525 -0.0302349228089525 -0.0302349228089525 -0.0302349228089525 -0.0302349228089525 -0.0302349228089525 -0.0302349228089525 -0.0302349228089525 -0.0302349228089525 -0.0302349228089525 -0.0302349228089525 -0.0302349228089525 -0.0302349228089525 -0.0302349228089525 -0.0302349228089525 -0.0302349228089525 -0.0302349228089525 -0.0302349228089525 -0.0302349228089525 -0.0302349228089525 -0.0302349228089525 -0.0302349228089525 -0.0302349228089525 -0.0302349228089525 -0.0302349228089525 -0.0302349228089525 -0.0302349228089525 -0.0302349228089525 -0.0302349228089525 -0.0302349228089525 -0.0302349228089525 -0.0302349228089525 -0.0302349228089525 -0.0302349228089525 -0.0302349228089525 -0.0302349228089525 -0.0302349228089525 -0.0302349228089525 -0.0302349228089525 -0.0302349228089525 -0.0302349228089525 -0.0302349228089525 -0.0302349228089525 -0.0302349228089525 -0.0302349228089525 -0.0302349228089525 -0.0302349228089525 -0.0302349228089525 -0.0302349228089525 -0.0302349228089525 -0.0302349228089525 -0.0302349228089525 -0.0302349228089525 -0.0302349228089525 -0.0302349228089525 -0.0302349228089525 -0.0302349228089525 -0.0302349228089525 -0.0302349228089525 -0.0302349228089525 -0.0302349228089525 -0.0302349228089525 -0.0302349228089525 -0.0302349228089525 -0.0302349228089525 -0.0302349228089525 -0.0302349228089525 -0.0302349228089525 -0.0302349228089525 -0.0302349228089525 -0.0302349228089525 -0.0302349228089525 -0.0302349228089525 -0.0302349228089525 -0.0302349228089525 -0.0302349228089525 -0.0302349228089525 -0.0302349228089525 -0.0302349228089525 -0.0302349228089525 -0.0302349228089525 -0.0302349228089525 -0.0302349228089525 -0.0302349228089525 -0.0302349228089525 -0.0302349228089525 -0.0302349228089525 -0.0302349228089525 -0.0302349228089525 -0.0302349228089525 -0.0302349228089525 -0.0302349228089525 -0.0302349228089525 -0.0302349228089525 -0.0302349228089525 -0.0302349228089525 -0.0302349228089525 -0.0302349228089525 -0.0302349228089525 -0.0302349228089525 -0.0302349228089525 -0.0302349228089525 -0.0302349228089525
-0.030106630536856086 -0.030106630536856086 -0.030106630536856086 -0.030106630536856086 -0.030106630536856086 -0.030106630536856086 -0.030106630536856086 -0.030106630536856086 -0.030106630536856086 -0.030106630536856086 -0.030106630536856086 -0.030106630536856086 -0.030106630536856086 -0.030106630536856086 -0.030106630536856086 -0.030106630536856086 -0.030106630536856086 -0.030106630536856086 -0.030106630536856086 -0.030106630536856086 -0.030106630536856086 -0.030106630536856086 -0.030106630536856086 -0.030106630536856086 -0.030106630536856086 -0.030106630536856086 -0.030106630536856086 -0.030106630536856086 -0.030106630536856086 -0.030106630536856086 -0.030106630536856086 -0.030106630536856086 -0.030106630536856086 -0.030106630536856086 -0.030106630536856086 -0.030106630536856086 -0.030106630536856086 -0.030106630536856086 -0.030106630536856086 -0.030106630536856086 -0.030106630536856086 -0.030106630536856086 -0.030106630536856086 -0.030106630536856086 -0.030106630536856086 -0.030106630536856086 -0.030106630536856086 -0.030106630536856086 -0.030106630536856086 -0.030106630536856086 -0.030106630536856086 -0.030106630536856086 -0.030106630536856086 -0.030106630536856086 -0.030106630536856086 -0.030106630536856086 -0.030106630536856086 -0.030106630536856086 -0.030106630536856086 -0.030106630536856086 -0.030106630536856086 -0.030106630536856086 -0.030106630536856086 -0.030106630536856086 -0.030106630536856086 -0.030106630536856086 -0.030106630536856086 -0.030106630536856086 -0.030106630536856086 -0.030106630536856086 -0.030106630536856086 -0.030106630536856086 -0.030106630536856086 -0.030106630536856086 -0.030106630536856086 -0.030106630536856086 -0.030106630536856086 -0.030106630536856086 -0.030106630536856086 -0.030106630536856086 -0.030106630536856086 -0.030106630536856086 -0.030106630536856086 -0.030106630536856086 -0.030106630536856086 -0.030106630536856086 -0.030106630536856086 -0.030106630536856086 -0.030106630536856086 -0.030106630536856086 -0.030106630536856086 -0.030106630536856086 -0.030106630536856086 -0.030106630536856086 -0.030106630536856086 -0.030106630536856086 -0.030106630536856086 -0.030106630536856086 -0.030106630536856086 -0.030106630536856086 -0.030106630536856086 -0.030106630536856086 -0.030106630536856086 -0.030106630536856086 -0.030106630536856086 -0.030106630536856086 -0.030106630536856086