-0.04316816363657956 -0.04316816363657956 -0.04316816363657956 -0.04316816363657956 -0.04316816363657956 -0.04316816363657956 -0.04316816363657956 -0.04316816363657956 -0.04316816363657956 -0.04316816363657956 -0.04316816363657956 -0.04316816363657956 -0.04316816363657956 -0.04316816363657956 -0.04316816363657956 -0.04316816363657956 -0.04316816363657956 -0.04316816363657956 -0.04316816363657956 -0.04316816363657956 -0.04316816363657956 -0.04316816363657956 -0.04316816363657956 -0.04316816363657956 -0.04316816363657956 -0.04316816363657956 -0.04316816363657956 -0.04316816363657956 -0.04316816363657956 -0.04316816363657956 -0.04316816363657956 -0.04316816363657956 -0.04316816363657956 -0.04316816363657956 -0.04316816363657956 -0.04316816363657956 -0.04316816363657956 -0.04316816363657956 -0.04316816363657956 -0.04316816363657956 -0.04316816363657956 -0.04316816363657956 -0.04316816363657956 -0.04316816363657956 -0.04316816363657956 -0.04316816363657956 -0.04316816363657956 -0.04316816363657956 -0.04316816363657956 -0.04316816363657956 -0.04316816363657956 -0.04316816363657956 -0.04316816363657956 -0.04316816363657956 -0.04316816363657956 -0.04316816363657956 -0.04316816363657956 -0.04316816363657956 -0.04316816363657956 -0.04316816363657956 -0.04316816363657956 -0.04316816363657956 -0.04316816363657956 -0.04316816363657956 -0.04316816363657956 -0.04316816363657956 -0.04316816363657956 -0.04316816363657956 -0.04316816363657956 -0.04316816363657956 -0.04316816363657956 -0.04316816363657956 -0.04316816363657956 -0.04316816363657956 -0.04316816363657956 -0.04316816363657956 -0.04316816363657956 -0.04316816363657956 -0.04316816363657956 -0.04316816363657956 -0.04316816363657956 -0.04316816363657956 -0.04316816363657956 -0.04316816363657956 -0.04316816363657956 -0.04316816363657956 -0.04316816363657956 -0.04316816363657956 -0.04316816363657956 -0.04316816363657956 -0.04316816363657956 -0.04316816363657956 -0.04316816363657956 -0.04316816363657956 -0.04316816363657956 -0.04316816363657956 -0.04316816363657956
-0.444093918602788 -0.444093918602788 -0.444093918602788 -0.8050721330294672 -0.8050721330294672 -0.2677274293920085 -0.5393393825900559 -0.5393393825900559 -0.444093918602788 -0.444093918602788 -0.5393393825900559 -0.444093918602788 -0.444093918602788 -0.444093918602788 -0.444093918602788 -0.444093918602788 -0.444093918602788 -0.5393393825900559 -0.5393393825900559 -0.444093918602788 -0.444093918602788 -0.444093918602788 -0.444093918602788 -0.4446813757269676 -0.18680081060525894 -0.444093918602788 -0.2677274293920085 -0.5052261642962518 -0.2677274293920085 -0.3899006671287962 -0.3611825009736173 -0.26243168892835433 -0.444093918602788 -0.3899006671287962 -0.5193858792064938 -0.2677274293920085 -0.4674168062829956 -0.39450871338321275 -0.4368061244200766 -0.4368061244200766 -0.4368061244200766 -0.3899006671287962 -0.444093918602788 -0.3899006671287962 -0.3899006671287962 -0.3870681790476593 -0.22792673485377757 -0.23115323117485265 -0.18680081060525894 -0.18680081060525894 -0.22792673485377757 -0.424615673119531 -0.23115323117485265 -0.26243168892835433 -0.22792673485377757 -0.23115323117485265 -0.3899006671287962 -0.22792673485377757 -0.23115323117485265 -0.26243168892835433 -0.22792673485377757 -0.22792673485377757 -0.23115323117485265 -0.3426958233058182 -0.3426958233058182 -0.28592059511651297 -0.2677274293920085 -0.2677274293920085 -0.2677274293920085 -0.2954912211319098 -0.2677274293920085 -0.22792673485377757 -0.2580388130303047 -0.2404488369600046 -0.1463197491294116 -0.22042650718697718 -0.1834986033585268 -0.18333289222395 -0.18528356058641587 -0.18505708147873406 -0.17010262685728972 -0.17010262685728972 -0.16644279176195498 -0.16292569319560318 -0.15151217254818247 -0.15015433761543776 -0.15076379179363636 -0.13718176774679253 -0.10717164796500567 -0.09834427903086175 -0.05646783131543406 -0.062096038318993206 -0.0540506367608819 -0.0540506367608819 -0.04316816363657956 -0.04639651613525776 -0.04639651613525776
-0.3426958233058182 -0.3426958233058182 -0.3426958233058182 -0.3426958233058182 -0.3426958233058182 -0.2677274293920085 -0.3426958233058182 -0.3426958233058182 -0.3426958233058182 -0.3426958233058182 -0.3426958233058182 -0.3426958233058182 -0.3426958233058182 -0.3426958233058182 -0.3426958233058182 -0.3426958233058182 -0.3426958233058182 -0.3426958233058182 -0.3426958233058182 -0.3426958233058182 -0.3426958233058182 -0.3426958233058182 -0.3426958233058182 -0.3426958233058182 -0.18680081060525894 -0.3426958233058182 -0.2677274293920085 -0.3426958233058182 -0.2677274293920085 -0.3426958233058182 -0.3426958233058182 -0.26243168892835433 -0.3426958233058182 -0.3426958233058182 -0.3426958233058182 -0.2677274293920085 -0.3426958233058182 -0.3426958233058182 -0.3426958233058182 -0.3426958233058182 -0.3426958233058182 -0.3426958233058182 -0.3426958233058182 -0.3426958233058182 -0.3426958233058182 -0.3426958233058182 -0.22792673485377757 -0.23115323117485265 -0.18680081060525894 -0.18680081060525894 -0.22792673485377757 -0.3426958233058182 -0.23115323117485265 -0.26243168892835433 -0.22792673485377757 -0.23115323117485265 -0.3426958233058182 -0.22792673485377757 -0.23115323117485265 -0.26243168892835433 -0.22792673485377757 -0.22792673485377757 -0.23115323117485265 -0.3426958233058182 -0.3426958233058182 -0.28592059511651297 -0.2677274293920085 -0.2677274293920085 -0.2677274293920085 -0.2954912211319098 -0.2677274293920085 -0.22792673485377757 -0.2580388130303047 -0.2404488369600046 -0.1463197491294116 -0.22042650718697718 -0.1834986033585268 -0.18333289222395 -0.18528356058641587 -0.18505708147873406 -0.17010262685728972 -0.17010262685728972 -0.16644279176195498 -0.16292569319560318 -0.15151217254818247 -0.15015433761543776 -0.15076379179363636 -0.13718176774679253 -0.10717164796500567 -0.09834427903086175 -0.05646783131543406 -0.062096038318993206 -0.0540506367608819 -0.0540506367608819 -0.04316816363657956 -0.04639651613525776 -0.04639651613525776
-0.3426958233058182 -0.3426958233058182 -0.3426958233058182 -0.3426958233058182 -0.3426958233058182 -0.2677274293920085 -0.3426958233058182 -0.3426958233058182 -0.3426958233058182 -0.3426958233058182 -0.3426958233058182 -0.3426958233058182 -0.3426958233058182 -0.3426958233058182 -0.3426958233058182 -0.3426958233058182 -0.3426958233058182 -0.3426958233058182 -0.3426958233058182 -0.3426958233058182 -0.3426958233058182 -0.3426958233058182 -0.3426958233058182 -0.3426958233058182 -0.18680081060525894 -0.3426958233058182 -0.2677274293920085 -0.3426958233058182 -0.2677274293920085 -0.3426958233058182 -0.3426958233058182 -0.26243168892835433 -0.3426958233058182 -0.3426958233058182 -0.3426958233058182 -0.2677274293920085 -0.3426958233058182 -0.3426958233058182 -0.3426958233058182 -0.3426958233058182 -0.3426958233058182 -0.3426958233058182 -0.3426958233058182 -0.3426958233058182 -0.3426958233058182 -0.3426958233058182 -0.22792673485377757 -0.23115323117485265 -0.18680081060525894 -0.18680081060525894 -0.22792673485377757 -0.3426958233058182 -0.23115323117485265 -0.26243168892835433 -0.22792673485377757 -0.23115323117485265 -0.3426958233058182 -0.22792673485377757 -0.23115323117485265 -0.26243168892835433 -0.22792673485377757 -0.22792673485377757 -0.23115323117485265 -0.3426958233058182 -0.3426958233058182 -0.28592059511651297 -0.2677274293920085 -0.2677274293920085 -0.2677274293920085 -0.2954912211319098 -0.2677274293920085 -0.22792673485377757 -0.2580388130303047 -0.2404488369600046 -0.1463197491294116 -0.22042650718697718 -0.1834986033585268 -0.18333289222395 -0.18528356058641587 -0.18505708147873406 -0.17010262685728972 -0.17010262685728972 -0.16644279176195498 -0.16292569319560318 -0.15151217254818247 -0.15015433761543776 -0.15076379179363636 -0.13718176774679253 -0.10717164796500567 -0.09834427903086175 -0.05646783131543406 -0.062096038318993206 -0.0540506367608819 -0.0540506367608819 -0.04316816363657956 -0.04639651613525776 -0.04639651613525776
-0.23115323117485265 -0.23115323117485265 -0.23115323117485265 -0.23115323117485265 -0.23115323117485265 -0.23115323117485265 -0.23115323117485265 -0.23115323117485265 -0.23115323117485265 -0.23115323117485265 -0.23115323117485265 -0.23115323117485265 -0.23115323117485265 -0.23115323117485265 -0.23115323117485265 -0.23115323117485265 -0.23115323117485265 -0.23115323117485265 -0.23115323117485265 -0.23115323117485265 -0.23115323117485265 -0.23115323117485265 -0.23115323117485265 -0.23115323117485265 -0.18680081060525894 -0.23115323117485265 -0.23115323117485265 -0.23115323117485265 -0.23115323117485265 -0.23115323117485265 -0.23115323117485265 -0.23115323117485265 -0.23115323117485265 -0.23115323117485265 -0.23115323117485265 -0.23115323117485265 -0.23115323117485265 -0.23115323117485265 -0.23115323117485265 -0.23115323117485265 -0.23115323117485265 -0.23115323117485265 -0.23115323117485265 -0.23115323117485265 -0.23115323117485265 -0.23115323117485265 -0.22792673485377757 -0.23115323117485265 -0.18680081060525894 -0.18680081060525894 -0.22792673485377757 -0.23115323117485265 -0.23115323117485265 -0.23115323117485265 -0.22792673485377757 -0.23115323117485265 -0.23115323117485265 -0.22792673485377757 -0.23115323117485265 -0.23115323117485265 -0.22792673485377757 -0.22792673485377757 -0.23115323117485265 -0.23115323117485265 -0.23115323117485265 -0.23115323117485265 -0.23115323117485265 -0.23115323117485265 -0.23115323117485265 -0.23115323117485265 -0.23115323117485265 -0.22792673485377757 -0.23115323117485265 -0.23115323117485265 -0.1463197491294116 -0.22042650718697718 -0.1834986033585268 -0.18333289222395 -0.18528356058641587 -0.18505708147873406 -0.17010262685728972 -0.17010262685728972 -0.16644279176195498 -0.16292569319560318 -0.15151217254818247 -0.15015433761543776 -0.15076379179363636 -0.13718176774679253 -0.10717164796500567 -0.09834427903086175 -0.05646783131543406 -0.062096038318993206 -0.0540506367608819 -0.0540506367608819 -0.04316816363657956 -0.04639651613525776 -0.04639651613525776
-0.28592059511651297 -0.28592059511651297 -0.28592059511651297 -0.28592059511651297 -0.28592059511651297 -0.2677274293920085 -0.28592059511651297 -0.28592059511651297 -0.28592059511651297 -0.28592059511651297 -0.28592059511651297 -0.28592059511651297 -0.28592059511651297 -0.28592059511651297 -0.28592059511651297 -0.28592059511651297 -0.28592059511651297 -0.28592059511651297 -0.28592059511651297 -0.28592059511651297 -0.28592059511651297 -0.28592059511651297 -0.28592059511651297 -0.28592059511651297 -0.18680081060525894 -0.28592059511651297 -0.2677274293920085 -0.28592059511651297 -0.2677274293920085 -0.28592059511651297 -0.28592059511651297 -0.26243168892835433 -0.28592059511651297 -0.28592059511651297 -0.28592059511651297 -0.2677274293920085 -0.28592059511651297 -0.28592059511651297 -0.28592059511651297 -0.28592059511651297 -0.28592059511651297 -0.28592059511651297 -0.28592059511651297 -0.28592059511651297 -0.28592059511651297 -0.28592059511651297 -0.22792673485377757 -0.23115323117485265 -0.18680081060525894 -0.18680081060525894 -0.22792673485377757 -0.28592059511651297 -0.23115323117485265 -0.26243168892835433 -0.22792673485377757 -0.23115323117485265 -0.28592059511651297 -0.22792673485377757 -0.23115323117485265 -0.26243168892835433 -0.22792673485377757 -0.22792673485377757 -0.23115323117485265 -0.28592059511651297 -0.28592059511651297 -0.28592059511651297 -0.2677274293920085 -0.2677274293920085 -0.2677274293920085 -0.28592059511651297 -0.2677274293920085 -0.22792673485377757 -0.2580388130303047 -0.2404488369600046 -0.1463197491294116 -0.22042650718697718 -0.1834986033585268 -0.18333289222395 -0.18528356058641587 -0.18505708147873406 -0.17010262685728972 -0.17010262685728972 -0.16644279176195498 -0.16292569319560318 -0.15151217254818247 -0.15015433761543776 -0.15076379179363636 -0.13718176774679253 -0.10717164796500567 -0.09834427903086175 -0.05646783131543406 -0.062096038318993206 -0.0540506367608819 -0.0540506367608819 -0.04316816363657956 -0.04639651613525776 -0.04639651613525776
-0.47719096789632004 -0.47719096789632004 -0.47719096789632004 -0.444093918602788 -0.444093918602788 -0.2677274293920085 -0.444093918602788 -0.444093918602788 -0.47719096789632004 -0.47719096789632004 -0.444093918602788 -0.47719096789632004 -0.47719096789632004 -0.47719096789632004 -0.47719096789632004 -0.47719096789632004 -0.47719096789632004 -0.444093918602788 -0.444093918602788 -0.47719096789632004 -0.47719096789632004 -0.47719096789632004 -0.47719096789632004 -0.444093918602788 -0.18680081060525894 -0.47719096789632004 -0.2677274293920085 -0.444093918602788 -0.2677274293920085 -0.3899006671287962 -0.3611825009736173 -0.26243168892835433 -0.47719096789632004 -0.3899006671287962 -0.444093918602788 -0.2677274293920085 -0.444093918602788 -0.39450871338321275 -0.4368061244200766 -0.4368061244200766 -0.4368061244200766 -0.3899006671287962 -0.47719096789632004 -0.3899006671287962 -0.3899006671287962 -0.3870681790476593 -0.22792673485377757 -0.23115323117485265 -0.18680081060525894 -0.18680081060525894 -0.22792673485377757 -0.424615673119531 -0.23115323117485265 -0.26243168892835433 -0.22792673485377757 -0.23115323117485265 -0.3899006671287962 -0.22792673485377757 -0.23115323117485265 -0.26243168892835433 -0.22792673485377757 -0.22792673485377757 -0.23115323117485265 -0.3426958233058182 -0.3426958233058182 -0.28592059511651297 -0.2677274293920085 -0.2677274293920085 -0.2677274293920085 -0.2954912211319098 -0.2677274293920085 -0.22792673485377757 -0.2580388130303047 -0.2404488369600046 -0.1463197491294116 -0.22042650718697718 -0.1834986033585268 -0.18333289222395 -0.18528356058641587 -0.18505708147873406 -0.17010262685728972 -0.17010262685728972 -0.16644279176195498 -0.16292569319560318 -0.15151217254818247 -0.15015433761543776 -0.15076379179363636 -0.13718176774679253 -0.10717164796500567 -0.09834427903086175 -0.05646783131543406 -0.062096038318993206 -0.0540506367608819 -0.0540506367608819 -0.04316816363657956 -0.04639651613525776 -0.04639651613525776
-0.22042650718697718 -0.22042650718697718 -0.22042650718697718 -0.22042650718697718 -0.22042650718697718 -0.22042650718697718 -0.22042650718697718 -0.22042650718697718 -0.22042650718697718 -0.22042650718697718 -0.22042650718697718 -0.22042650718697718 -0.22042650718697718 -0.22042650718697718 -0.22042650718697718 -0.22042650718697718 -0.22042650718697718 -0.22042650718697718 -0.22042650718697718 -0.22042650718697718 -0.22042650718697718 -0.22042650718697718 -0.22042650718697718 -0.22042650718697718 -0.18680081060525894 -0.22042650718697718 -0.22042650718697718 -0.22042650718697718 -0.22042650718697718 -0.22042650718697718 -0.22042650718697718 -0.22042650718697718 -0.22042650718697718 -0.22042650718697718 -0.22042650718697718 -0.22042650718697718 -0.22042650718697718 -0.22042650718697718 -0.22042650718697718 -0.22042650718697718 -0.22042650718697718 -0.22042650718697718 -0.22042650718697718 -0.22042650718697718 -0.22042650718697718 -0.22042650718697718 -0.22042650718697718 -0.22042650718697718 -0.18680081060525894 -0.18680081060525894 -0.22042650718697718 -0.22042650718697718 -0.22042650718697718 -0.22042650718697718 -0.22042650718697718 -0.22042650718697718 -0.22042650718697718 -0.22042650718697718 -0.22042650718697718 -0.22042650718697718 -0.22042650718697718 -0.22042650718697718 -0.22042650718697718 -0.22042650718697718 -0.22042650718697718 -0.22042650718697718 -0.22042650718697718 -0.22042650718697718 -0.22042650718697718 -0.22042650718697718 -0.22042650718697718 -0.22042650718697718 -0.22042650718697718 -0.22042650718697718 -0.1463197491294116 -0.22042650718697718 -0.1834986033585268 -0.18333289222395 -0.18528356058641587 -0.18505708147873406 -0.17010262685728972 -0.17010262685728972 -0.16644279176195498 -0.16292569319560318 -0.15151217254818247 -0.15015433761543776 -0.15076379179363636 -0.13718176774679253 -0.10717164796500567 -0.09834427903086175 -0.05646783131543406 -0.062096038318993206 -0.0540506367608819 -0.0540506367608819 -0.04316816363657956 -0.04639651613525776 -0.04639651613525776
-0.16292569319560318 -0.16292569319560318 -0.16292569319560318 -0.16292569319560318 -0.16292569319560318 -0.16292569319560318 -0.16292569319560318 -0.16292569319560318 -0.16292569319560318 -0.16292569319560318 -0.16292569319560318 -0.16292569319560318 -0.16292569319560318 -0.16292569319560318 -0.16292569319560318 -0.16292569319560318 -0.16292569319560318 -0.16292569319560318 -0.16292569319560318 -0.16292569319560318 -0.16292569319560318 -0.16292569319560318 -0.16292569319560318 -0.16292569319560318 -0.16292569319560318 -0.16292569319560318 -0.16292569319560318 -0.16292569319560318 -0.16292569319560318 -0.16292569319560318 -0.16292569319560318 -0.16292569319560318 -0.16292569319560318 -0.16292569319560318 -0.16292569319560318 -0.16292569319560318 -0.16292569319560318 -0.16292569319560318 -0.16292569319560318 -0.16292569319560318 -0.16292569319560318 -0.16292569319560318 -0.16292569319560318 -0.16292569319560318 -0.16292569319560318 -0.16292569319560318 -0.16292569319560318 -0.16292569319560318 -0.16292569319560318 -0.16292569319560318 -0.16292569319560318 -0.16292569319560318 -0.16292569319560318 -0.16292569319560318 -0.16292569319560318 -0.16292569319560318 -0.16292569319560318 -0.16292569319560318 -0.16292569319560318 -0.16292569319560318 -0.16292569319560318 -0.16292569319560318 -0.16292569319560318 -0.16292569319560318 -0.16292569319560318 -0.16292569319560318 -0.16292569319560318 -0.16292569319560318 -0.16292569319560318 -0.16292569319560318 -0.16292569319560318 -0.16292569319560318 -0.16292569319560318 -0.16292569319560318 -0.1463197491294116 -0.16292569319560318 -0.16292569319560318 -0.16292569319560318 -0.16292569319560318 -0.16292569319560318 -0.16292569319560318 -0.16292569319560318 -0.16292569319560318 -0.16292569319560318 -0.15151217254818247 -0.15015433761543776 -0.15076379179363636 -0.13718176774679253 -0.10717164796500567 -0.09834427903086175 -0.05646783131543406 -0.062096038318993206 -0.0540506367608819 -0.0540506367608819 -0.04316816363657956 -0.04639651613525776 -0.04639651613525776
-0.22042650718697718 -0.22042650718697718 -0.22042650718697718 -0.22042650718697718 -0.22042650718697718 -0.22042650718697718 -0.22042650718697718 -0.22042650718697718 -0.22042650718697718 -0.22042650718697718 -0.22042650718697718 -0.22042650718697718 -0.22042650718697718 -0.22042650718697718 -0.22042650718697718 -0.22042650718697718 -0.22042650718697718 -0.22042650718697718 -0.22042650718697718 -0.22042650718697718 -0.22042650718697718 -0.22042650718697718 -0.22042650718697718 -0.22042650718697718 -0.18680081060525894 -0.22042650718697718 -0.22042650718697718 -0.22042650718697718 -0.22042650718697718 -0.22042650718697718 -0.22042650718697718 -0.22042650718697718 -0.22042650718697718 -0.22042650718697718 -0.22042650718697718 -0.22042650718697718 -0.22042650718697718 -0.22042650718697718 -0.22042650718697718 -0.22042650718697718 -0.22042650718697718 -0.22042650718697718 -0.22042650718697718 -0.22042650718697718 -0.22042650718697718 -0.22042650718697718 -0.22042650718697718 -0.22042650718697718 -0.18680081060525894 -0.18680081060525894 -0.22042650718697718 -0.22042650718697718 -0.22042650718697718 -0.22042650718697718 -0.22042650718697718 -0.22042650718697718 -0.22042650718697718 -0.22042650718697718 -0.22042650718697718 -0.22042650718697718 -0.22042650718697718 -0.22042650718697718 -0.22042650718697718 -0.22042650718697718 -0.22042650718697718 -0.22042650718697718 -0.22042650718697718 -0.22042650718697718 -0.22042650718697718 -0.22042650718697718 -0.22042650718697718 -0.22042650718697718 -0.22042650718697718 -0.22042650718697718 -0.1463197491294116 -0.22042650718697718 -0.1834986033585268 -0.18333289222395 -0.18528356058641587 -0.18505708147873406 -0.17010262685728972 -0.17010262685728972 -0.16644279176195498 -0.16292569319560318 -0.15151217254818247 -0.15015433761543776 -0.15076379179363636 -0.13718176774679253 -0.10717164796500567 -0.09834427903086175 -0.05646783131543406 -0.062096038318993206 -0.0540506367608819 -0.0540506367608819 -0.04316816363657956 -0.04639651613525776 -0.04639651613525776
-0.47719096789632004 -0.6366046782856764 -0.6366046782856764 -0.444093918602788 -0.444093918602788 -0.2677274293920085 -0.444093918602788 -0.444093918602788 -0.6366046782856764 -0.6366046782856764 -0.444093918602788 -0.6366046782856764 -0.6366046782856764 -0.6366046782856764 -0.6366046782856764 -0.6366046782856764 -0.6366046782856764 -0.444093918602788 -0.444093918602788 -0.6366046782856764 -0.5989991731655293 -0.5939491198095079 -0.6105313295505456 -0.444093918602788 -0.18680081060525894 -0.5857231367799619 -0.2677274293920085 -0.444093918602788 -0.2677274293920085 -0.3899006671287962 -0.3611825009736173 -0.26243168892835433 -0.47719096789632004 -0.3899006671287962 -0.444093918602788 -0.2677274293920085 -0.444093918602788 -0.39450871338321275 -0.4368061244200766 -0.4368061244200766 -0.4368061244200766 -0.3899006671287962 -0.47719096789632004 -0.3899006671287962 -0.3899006671287962 -0.3870681790476593 -0.22792673485377757 -0.23115323117485265 -0.18680081060525894 -0.18680081060525894 -0.22792673485377757 -0.424615673119531 -0.23115323117485265 -0.26243168892835433 -0.22792673485377757 -0.23115323117485265 -0.3899006671287962 -0.22792673485377757 -0.23115323117485265 -0.26243168892835433 -0.22792673485377757 -0.22792673485377757 -0.23115323117485265 -0.3426958233058182 -0.3426958233058182 -0.28592059511651297 -0.2677274293920085 -0.2677274293920085 -0.2677274293920085 -0.2954912211319098 -0.2677274293920085 -0.22792673485377757 -0.2580388130303047 -0.2404488369600046 -0.1463197491294116 -0.22042650718697718 -0.1834986033585268 -0.18333289222395 -0.18528356058641587 -0.18505708147873406 -0.17010262685728972 -0.17010262685728972 -0.16644279176195498 -0.16292569319560318 -0.15151217254818247 -0.15015433761543776 -0.15076379179363636 -0.13718176774679253 -0.10717164796500567 -0.09834427903086175 -0.05646783131543406 -0.062096038318993206 -0.0540506367608819 -0.0540506367608819 -0.04316816363657956 -0.04639651613525776 -0.04639651613525776
-0.22042650718697718 -0.22042650718697718 -0.22042650718697718 -0.22042650718697718 -0.22042650718697718 -0.22042650718697718 -0.22042650718697718 -0.22042650718697718 -0.22042650718697718 -0.22042650718697718 -0.22042650718697718 -0.22042650718697718 -0.22042650718697718 -0.22042650718697718 -0.22042650718697718 -0.22042650718697718 -0.22042650718697718 -0.22042650718697718 -0.22042650718697718 -0.22042650718697718 -0.22042650718697718 -0.22042650718697718 -0.22042650718697718 -0.22042650718697718 -0.18680081060525894 -0.22042650718697718 -0.22042650718697718 -0.22042650718697718 -0.22042650718697718 -0.22042650718697718 -0.22042650718697718 -0.22042650718697718 -0.22042650718697718 -0.22042650718697718 -0.22042650718697718 -0.22042650718697718 -0.22042650718697718 -0.22042650718697718 -0.22042650718697718 -0.22042650718697718 -0.22042650718697718 -0.22042650718697718 -0.22042650718697718 -0.22042650718697718 -0.22042650718697718 -0.22042650718697718 -0.22042650718697718 -0.22042650718697718 -0.18680081060525894 -0.18680081060525894 -0.22042650718697718 -0.22042650718697718 -0.22042650718697718 -0.22042650718697718 -0.22042650718697718 -0.22042650718697718 -0.22042650718697718 -0.22042650718697718 -0.22042650718697718 -0.22042650718697718 -0.22042650718697718 -0.22042650718697718 -0.22042650718697718 -0.22042650718697718 -0.22042650718697718 -0.22042650718697718 -0.22042650718697718 -0.22042650718697718 -0.22042650718697718 -0.22042650718697718 -0.22042650718697718 -0.22042650718697718 -0.22042650718697718 -0.22042650718697718 -0.1463197491294116 -0.22042650718697718 -0.1834986033585268 -0.18333289222395 -0.18528356058641587 -0.18505708147873406 -0.17010262685728972 -0.17010262685728972 -0.16644279176195498 -0.16292569319560318 -0.15151217254818247 -0.15015433761543776 -0.15076379179363636 -0.13718176774679253 -0.10717164796500567 -0.09834427903086175 -0.05646783131543406 -0.062096038318993206 -0.0540506367608819 -0.0540506367608819 -0.04316816363657956 -0.04639651613525776 -0.04639651613525776
-0.47719096789632004 -0.6788783550872136 -0.6788783550872136 -0.444093918602788 -0.444093918602788 -0.2677274293920085 -0.444093918602788 -0.444093918602788 -0.6788783550872136 -0.6788783550872136 -0.444093918602788 -0.6788783550872136 -0.6789131480417184 -0.6789131480417184 -0.6788783550872136 -0.6789131480417184 -0.6646728463444279 -0.444093918602788 -0.444093918602788 -0.6366046782856764 -0.5989991731655293 -0.5939491198095079 -0.6105313295505456 -0.444093918602788 -0.18680081060525894 -0.5857231367799619 -0.2677274293920085 -0.444093918602788 -0.2677274293920085 -0.3899006671287962 -0.3611825009736173 -0.26243168892835433 -0.47719096789632004 -0.3899006671287962 -0.444093918602788 -0.2677274293920085 -0.444093918602788 -0.39450871338321275 -0.4368061244200766 -0.4368061244200766 -0.4368061244200766 -0.3899006671287962 -0.47719096789632004 -0.3899006671287962 -0.3899006671287962 -0.3870681790476593 -0.22792673485377757 -0.23115323117485265 -0.18680081060525894 -0.18680081060525894 -0.22792673485377757 -0.424615673119531 -0.23115323117485265 -0.26243168892835433 -0.22792673485377757 -0.23115323117485265 -0.3899006671287962 -0.22792673485377757 -0.23115323117485265 -0.26243168892835433 -0.22792673485377757 -0.22792673485377757 -0.23115323117485265 -0.3426958233058182 -0.3426958233058182 -0.28592059511651297 -0.2677274293920085 -0.2677274293920085 -0.2677274293920085 -0.2954912211319098 -0.2677274293920085 -0.22792673485377757 -0.2580388130303047 -0.2404488369600046 -0.1463197491294116 -0.22042650718697718 -0.1834986033585268 -0.18333289222395 -0.18528356058641587 -0.18505708147873406 -0.17010262685728972 -0.17010262685728972 -0.16644279176195498 -0.16292569319560318 -0.15151217254818247 -0.15015433761543776 -0.15076379179363636 -0.13718176774679253 -0.10717164796500567 -0.09834427903086175 -0.05646783131543406 -0.062096038318993206 -0.0540506367608819 -0.0540506367608819 -0.04316816363657956 -0.04639651613525776 -0.04639651613525776
-0.47719096789632004 -0.6777738539534901 -0.6777738539534901 -0.444093918602788 -0.444093918602788 -0.2677274293920085 -0.444093918602788 -0.444093918602788 -0.6777738539534901 -0.6777738539534901 -0.444093918602788 -0.6777738539534901 -0.6777738539534901 -0.6777738539534901 -0.6777738539534901 -0.6777738539534901 -0.6646728463444279 -0.444093918602788 -0.444093918602788 -0.6366046782856764 -0.5989991731655293 -0.5939491198095079 -0.6105313295505456 -0.444093918602788 -0.18680081060525894 -0.5857231367799619 -0.2677274293920085 -0.444093918602788 -0.2677274293920085 -0.3899006671287962 -0.3611825009736173 -0.26243168892835433 -0.47719096789632004 -0.3899006671287962 -0.444093918602788 -0.2677274293920085 -0.444093918602788 -0.39450871338321275 -0.4368061244200766 -0.4368061244200766 -0.4368061244200766 -0.3899006671287962 -0.47719096789632004 -0.3899006671287962 -0.3899006671287962 -0.3870681790476593 -0.22792673485377757 -0.23115323117485265 -0.18680081060525894 -0.18680081060525894 -0.22792673485377757 -0.424615673119531 -0.23115323117485265 -0.26243168892835433 -0.22792673485377757 -0.23115323117485265 -0.3899006671287962 -0.22792673485377757 -0.23115323117485265 -0.26243168892835433 -0.22792673485377757 -0.22792673485377757 -0.23115323117485265 -0.3426958233058182 -0.3426958233058182 -0.28592059511651297 -0.2677274293920085 -0.2677274293920085 -0.2677274293920085 -0.2954912211319098 -0.2677274293920085 -0.22792673485377757 -0.2580388130303047 -0.2404488369600046 -0.1463197491294116 -0.22042650718697718 -0.1834986033585268 -0.18333289222395 -0.18528356058641587 -0.18505708147873406 -0.17010262685728972 -0.17010262685728972 -0.16644279176195498 -0.16292569319560318 -0.15151217254818247 -0.15015433761543776 -0.15076379179363636 -0.13718176774679253 -0.10717164796500567 -0.09834427903086175 -0.05646783131543406 -0.062096038318993206 -0.0540506367608819 -0.0540506367608819 -0.04316816363657956 -0.04639651613525776 -0.04639651613525776
-0.47719096789632004 -0.6674414069717876 -0.6674414069717876 -0.444093918602788 -0.444093918602788 -0.2677274293920085 -0.444093918602788 -0.444093918602788 -0.6674414069717876 -0.6674414069717876 -0.444093918602788 -0.6674414069717876 -0.6674414069717876 -0.6674414069717876 -0.6674414069717876 -0.6674414069717876 -0.6646728463444279 -0.444093918602788 -0.444093918602788 -0.6366046782856764 -0.5989991731655293 -0.5939491198095079 -0.6105313295505456 -0.444093918602788 -0.18680081060525894 -0.5857231367799619 -0.2677274293920085 -0.444093918602788 -0.2677274293920085 -0.3899006671287962 -0.3611825009736173 -0.26243168892835433 -0.47719096789632004 -0.3899006671287962 -0.444093918602788 -0.2677274293920085 -0.444093918602788 -0.39450871338321275 -0.4368061244200766 -0.4368061244200766 -0.4368061244200766 -0.3899006671287962 -0.47719096789632004 -0.3899006671287962 -0.3899006671287962 -0.3870681790476593 -0.22792673485377757 -0.23115323117485265 -0.18680081060525894 -0.18680081060525894 -0.22792673485377757 -0.424615673119531 -0.23115323117485265 -0.26243168892835433 -0.22792673485377757 -0.23115323117485265 -0.3899006671287962 -0.22792673485377757 -0.23115323117485265 -0.26243168892835433 -0.22792673485377757 -0.22792673485377757 -0.23115323117485265 -0.3426958233058182 -0.3426958233058182 -0.28592059511651297 -0.2677274293920085 -0.2677274293920085 -0.2677274293920085 -0.2954912211319098 -0.2677274293920085 -0.22792673485377757 -0.2580388130303047 -0.2404488369600046 -0.1463197491294116 -0.22042650718697718 -0.1834986033585268 -0.18333289222395 -0.18528356058641587 -0.18505708147873406 -0.17010262685728972 -0.17010262685728972 -0.16644279176195498 -0.16292569319560318 -0.15151217254818247 -0.15015433761543776 -0.15076379179363636 -0.13718176774679253 -0.10717164796500567 -0.09834427903086175 -0.05646783131543406 -0.062096038318993206 -0.0540506367608819 -0.0540506367608819 -0.04316816363657956 -0.04639651613525776 -0.04639651613525776
-0.18505708147873406 -0.18505708147873406 -0.18505708147873406 -0.18505708147873406 -0.18505708147873406 -0.18505708147873406 -0.18505708147873406 -0.18505708147873406 -0.18505708147873406 -0.18505708147873406 -0.18505708147873406 -0.18505708147873406 -0.18505708147873406 -0.18505708147873406 -0.18505708147873406 -0.18505708147873406 -0.18505708147873406 -0.18505708147873406 -0.18505708147873406 -0.18505708147873406 -0.18505708147873406 -0.18505708147873406 -0.18505708147873406 -0.18505708147873406 -0.18505708147873406 -0.18505708147873406 -0.18505708147873406 -0.18505708147873406 -0.18505708147873406 -0.18505708147873406 -0.18505708147873406 -0.18505708147873406 -0.18505708147873406 -0.18505708147873406 -0.18505708147873406 -0.18505708147873406 -0.18505708147873406 -0.18505708147873406 -0.18505708147873406 -0.18505708147873406 -0.18505708147873406 -0.18505708147873406 -0.18505708147873406 -0.18505708147873406 -0.18505708147873406 -0.18505708147873406 -0.18505708147873406 -0.18505708147873406 -0.18505708147873406 -0.18505708147873406 -0.18505708147873406 -0.18505708147873406 -0.18505708147873406 -0.18505708147873406 -0.18505708147873406 -0.18505708147873406 -0.18505708147873406 -0.18505708147873406 -0.18505708147873406 -0.18505708147873406 -0.18505708147873406 -0.18505708147873406 -0.18505708147873406 -0.18505708147873406 -0.18505708147873406 -0.18505708147873406 -0.18505708147873406 -0.18505708147873406 -0.18505708147873406 -0.18505708147873406 -0.18505708147873406 -0.18505708147873406 -0.18505708147873406 -0.18505708147873406 -0.1463197491294116 -0.18505708147873406 -0.1834986033585268 -0.18333289222395 -0.18505708147873406 -0.18505708147873406 -0.17010262685728972 -0.17010262685728972 -0.16644279176195498 -0.16292569319560318 -0.15151217254818247 -0.15015433761543776 -0.15076379179363636 -0.13718176774679253 -0.10717164796500567 -0.09834427903086175 -0.05646783131543406 -0.062096038318993206 -0.0540506367608819 -0.0540506367608819 -0.04316816363657956 -0.04639651613525776 -0.04639651613525776
-0.22042650718697718 -0.22042650718697718 -0.22042650718697718 -0.22042650718697718 -0.22042650718697718 -0.22042650718697718 -0.22042650718697718 -0.22042650718697718 -0.22042650718697718 -0.22042650718697718 -0.22042650718697718 -0.22042650718697718 -0.22042650718697718 -0.22042650718697718 -0.22042650718697718 -0.22042650718697718 -0.22042650718697718 -0.22042650718697718 -0.22042650718697718 -0.22042650718697718 -0.22042650718697718 -0.22042650718697718 -0.22042650718697718 -0.22042650718697718 -0.18680081060525894 -0.22042650718697718 -0.22042650718697718 -0.22042650718697718 -0.22042650718697718 -0.22042650718697718 -0.22042650718697718 -0.22042650718697718 -0.22042650718697718 -0.22042650718697718 -0.22042650718697718 -0.22042650718697718 -0.22042650718697718 -0.22042650718697718 -0.22042650718697718 -0.22042650718697718 -0.22042650718697718 -0.22042650718697718 -0.22042650718697718 -0.22042650718697718 -0.22042650718697718 -0.22042650718697718 -0.22042650718697718 -0.22042650718697718 -0.18680081060525894 -0.18680081060525894 -0.22042650718697718 -0.22042650718697718 -0.22042650718697718 -0.22042650718697718 -0.22042650718697718 -0.22042650718697718 -0.22042650718697718 -0.22042650718697718 -0.22042650718697718 -0.22042650718697718 -0.22042650718697718 -0.22042650718697718 -0.22042650718697718 -0.22042650718697718 -0.22042650718697718 -0.22042650718697718 -0.22042650718697718 -0.22042650718697718 -0.22042650718697718 -0.22042650718697718 -0.22042650718697718 -0.22042650718697718 -0.22042650718697718 -0.22042650718697718 -0.1463197491294116 -0.22042650718697718 -0.1834986033585268 -0.18333289222395 -0.18528356058641587 -0.18505708147873406 -0.17010262685728972 -0.17010262685728972 -0.16644279176195498 -0.16292569319560318 -0.15151217254818247 -0.15015433761543776 -0.15076379179363636 -0.13718176774679253 -0.10717164796500567 -0.09834427903086175 -0.05646783131543406 -0.062096038318993206 -0.0540506367608819 -0.0540506367608819 -0.04316816363657956 -0.04639651613525776 -0.04639651613525776
-0.23115323117485265 -0.23115323117485265 -0.23115323117485265 -0.23115323117485265 -0.23115323117485265 -0.23115323117485265 -0.23115323117485265 -0.23115323117485265 -0.23115323117485265 -0.23115323117485265 -0.23115323117485265 -0.23115323117485265 -0.23115323117485265 -0.23115323117485265 -0.23115323117485265 -0.23115323117485265 -0.23115323117485265 -0.23115323117485265 -0.23115323117485265 -0.23115323117485265 -0.23115323117485265 -0.23115323117485265 -0.23115323117485265 -0.23115323117485265 -0.18680081060525894 -0.23115323117485265 -0.23115323117485265 -0.23115323117485265 -0.23115323117485265 -0.23115323117485265 -0.23115323117485265 -0.23115323117485265 -0.23115323117485265 -0.23115323117485265 -0.23115323117485265 -0.23115323117485265 -0.23115323117485265 -0.23115323117485265 -0.23115323117485265 -0.23115323117485265 -0.23115323117485265 -0.23115323117485265 -0.23115323117485265 -0.23115323117485265 -0.23115323117485265 -0.23115323117485265 -0.22792673485377757 -0.23115323117485265 -0.18680081060525894 -0.18680081060525894 -0.22792673485377757 -0.23115323117485265 -0.23115323117485265 -0.23115323117485265 -0.22792673485377757 -0.23115323117485265 -0.23115323117485265 -0.22792673485377757 -0.23115323117485265 -0.23115323117485265 -0.22792673485377757 -0.22792673485377757 -0.23115323117485265 -0.23115323117485265 -0.23115323117485265 -0.23115323117485265 -0.23115323117485265 -0.23115323117485265 -0.23115323117485265 -0.23115323117485265 -0.23115323117485265 -0.22792673485377757 -0.23115323117485265 -0.23115323117485265 -0.1463197491294116 -0.22042650718697718 -0.1834986033585268 -0.18333289222395 -0.18528356058641587 -0.18505708147873406 -0.17010262685728972 -0.17010262685728972 -0.16644279176195498 -0.16292569319560318 -0.15151217254818247 -0.15015433761543776 -0.15076379179363636 -0.13718176774679253 -0.10717164796500567 -0.09834427903086175 -0.05646783131543406 -0.062096038318993206 -0.0540506367608819 -0.0540506367608819 -0.04316816363657956 -0.04639651613525776 -0.04639651613525776
-0.47719096789632004 -0.6366046782856764 -0.6366046782856764 -0.444093918602788 -0.444093918602788 -0.2677274293920085 -0.444093918602788 -0.444093918602788 -0.6366046782856764 -0.6366046782856764 -0.444093918602788 -0.6366046782856764 -0.6366046782856764 -0.6366046782856764 -0.6366046782856764 -0.6366046782856764 -0.6366046782856764 -0.444093918602788 -0.444093918602788 -0.6366046782856764 -0.5989991731655293 -0.5939491198095079 -0.6105313295505456 -0.444093918602788 -0.18680081060525894 -0.5857231367799619 -0.2677274293920085 -0.444093918602788 -0.2677274293920085 -0.3899006671287962 -0.3611825009736173 -0.26243168892835433 -0.47719096789632004 -0.3899006671287962 -0.444093918602788 -0.2677274293920085 -0.444093918602788 -0.39450871338321275 -0.4368061244200766 -0.4368061244200766 -0.4368061244200766 -0.3899006671287962 -0.47719096789632004 -0.3899006671287962 -0.3899006671287962 -0.3870681790476593 -0.22792673485377757 -0.23115323117485265 -0.18680081060525894 -0.18680081060525894 -0.22792673485377757 -0.424615673119531 -0.23115323117485265 -0.26243168892835433 -0.22792673485377757 -0.23115323117485265 -0.3899006671287962 -0.22792673485377757 -0.23115323117485265 -0.26243168892835433 -0.22792673485377757 -0.22792673485377757 -0.23115323117485265 -0.3426958233058182 -0.3426958233058182 -0.28592059511651297 -0.2677274293920085 -0.2677274293920085 -0.2677274293920085 -0.2954912211319098 -0.2677274293920085 -0.22792673485377757 -0.2580388130303047 -0.2404488369600046 -0.1463197491294116 -0.22042650718697718 -0.1834986033585268 -0.18333289222395 -0.18528356058641587 -0.18505708147873406 -0.17010262685728972 -0.17010262685728972 -0.16644279176195498 -0.16292569319560318 -0.15151217254818247 -0.15015433761543776 -0.15076379179363636 -0.13718176774679253 -0.10717164796500567 -0.09834427903086175 -0.05646783131543406 -0.062096038318993206 -0.0540506367608819 -0.0540506367608819 -0.04316816363657956 -0.04639651613525776 -0.04639651613525776
-0.47719096789632004 -0.5857231367799619 -0.5857231367799619 -0.444093918602788 -0.444093918602788 -0.2677274293920085 -0.444093918602788 -0.444093918602788 -0.5857231367799619 -0.5857231367799619 -0.444093918602788 -0.5857231367799619 -0.5857231367799619 -0.5857231367799619 -0.5857231367799619 -0.5857231367799619 -0.5857231367799619 -0.444093918602788 -0.444093918602788 -0.5857231367799619 -0.5857231367799619 -0.5857231367799619 -0.5857231367799619 -0.444093918602788 -0.18680081060525894 -0.5857231367799619 -0.2677274293920085 -0.444093918602788 -0.2677274293920085 -0.3899006671287962 -0.3611825009736173 -0.26243168892835433 -0.47719096789632004 -0.3899006671287962 -0.444093918602788 -0.2677274293920085 -0.444093918602788 -0.39450871338321275 -0.4368061244200766 -0.4368061244200766 -0.4368061244200766 -0.3899006671287962 -0.47719096789632004 -0.3899006671287962 -0.3899006671287962 -0.3870681790476593 -0.22792673485377757 -0.23115323117485265 -0.18680081060525894 -0.18680081060525894 -0.22792673485377757 -0.424615673119531 -0.23115323117485265 -0.26243168892835433 -0.22792673485377757 -0.23115323117485265 -0.3899006671287962 -0.22792673485377757 -0.23115323117485265 -0.26243168892835433 -0.22792673485377757 -0.22792673485377757 -0.23115323117485265 -0.3426958233058182 -0.3426958233058182 -0.28592059511651297 -0.2677274293920085 -0.2677274293920085 -0.2677274293920085 -0.2954912211319098 -0.2677274293920085 -0.22792673485377757 -0.2580388130303047 -0.2404488369600046 -0.1463197491294116 -0.22042650718697718 -0.1834986033585268 -0.18333289222395 -0.18528356058641587 -0.18505708147873406 -0.17010262685728972 -0.17010262685728972 -0.16644279176195498 -0.16292569319560318 -0.15151217254818247 -0.15015433761543776 -0.15076379179363636 -0.13718176774679253 -0.10717164796500567 -0.09834427903086175 -0.05646783131543406 -0.062096038318993206 -0.0540506367608819 -0.0540506367608819 -0.04316816363657956 -0.04639651613525776 -0.04639651613525776
-0.47719096789632004 -0.47719096789632004 -0.47719096789632004 -0.444093918602788 -0.444093918602788 -0.2677274293920085 -0.444093918602788 -0.444093918602788 -0.47719096789632004 -0.47719096789632004 -0.444093918602788 -0.47719096789632004 -0.47719096789632004 -0.47719096789632004 -0.47719096789632004 -0.47719096789632004 -0.47719096789632004 -0.444093918602788 -0.444093918602788 -0.47719096789632004 -0.47719096789632004 -0.47719096789632004 -0.47719096789632004 -0.444093918602788 -0.18680081060525894 -0.47719096789632004 -0.2677274293920085 -0.444093918602788 -0.2677274293920085 -0.3899006671287962 -0.3611825009736173 -0.26243168892835433 -0.47719096789632004 -0.3899006671287962 -0.444093918602788 -0.2677274293920085 -0.444093918602788 -0.39450871338321275 -0.4368061244200766 -0.4368061244200766 -0.4368061244200766 -0.3899006671287962 -0.47719096789632004 -0.3899006671287962 -0.3899006671287962 -0.3870681790476593 -0.22792673485377757 -0.23115323117485265 -0.18680081060525894 -0.18680081060525894 -0.22792673485377757 -0.424615673119531 -0.23115323117485265 -0.26243168892835433 -0.22792673485377757 -0.23115323117485265 -0.3899006671287962 -0.22792673485377757 -0.23115323117485265 -0.26243168892835433 -0.22792673485377757 -0.22792673485377757 -0.23115323117485265 -0.3426958233058182 -0.3426958233058182 -0.28592059511651297 -0.2677274293920085 -0.2677274293920085 -0.2677274293920085 -0.2954912211319098 -0.2677274293920085 -0.22792673485377757 -0.2580388130303047 -0.2404488369600046 -0.1463197491294116 -0.22042650718697718 -0.1834986033585268 -0.18333289222395 -0.18528356058641587 -0.18505708147873406 -0.17010262685728972 -0.17010262685728972 -0.16644279176195498 -0.16292569319560318 -0.15151217254818247 -0.15015433761543776 -0.15076379179363636 -0.13718176774679253 -0.10717164796500567 -0.09834427903086175 -0.05646783131543406 -0.062096038318993206 -0.0540506367608819 -0.0540506367608819 -0.04316816363657956 -0.04639651613525776 -0.04639651613525776
-0.3870681790476593 -0.3870681790476593 -0.3870681790476593 -0.3870681790476593 -0.3870681790476593 -0.2677274293920085 -0.3870681790476593 -0.3870681790476593 -0.3870681790476593 -0.3870681790476593 -0.3870681790476593 -0.3870681790476593 -0.3870681790476593 -0.3870681790476593 -0.3870681790476593 -0.3870681790476593 -0.3870681790476593 -0.3870681790476593 -0.3870681790476593 -0.3870681790476593 -0.3870681790476593 -0.3870681790476593 -0.3870681790476593 -0.3870681790476593 -0.18680081060525894 -0.3870681790476593 -0.2677274293920085 -0.3870681790476593 -0.2677274293920085 -0.3870681790476593 -0.3611825009736173 -0.26243168892835433 -0.3870681790476593 -0.3870681790476593 -0.3870681790476593 -0.2677274293920085 -0.3870681790476593 -0.3870681790476593 -0.3870681790476593 -0.3870681790476593 -0.3870681790476593 -0.3870681790476593 -0.3870681790476593 -0.3870681790476593 -0.3870681790476593 -0.3870681790476593 -0.22792673485377757 -0.23115323117485265 -0.18680081060525894 -0.18680081060525894 -0.22792673485377757 -0.3870681790476593 -0.23115323117485265 -0.26243168892835433 -0.22792673485377757 -0.23115323117485265 -0.3870681790476593 -0.22792673485377757 -0.23115323117485265 -0.26243168892835433 -0.22792673485377757 -0.22792673485377757 -0.23115323117485265 -0.3426958233058182 -0.3426958233058182 -0.28592059511651297 -0.2677274293920085 -0.2677274293920085 -0.2677274293920085 -0.2954912211319098 -0.2677274293920085 -0.22792673485377757 -0.2580388130303047 -0.2404488369600046 -0.1463197491294116 -0.22042650718697718 -0.1834986033585268 -0.18333289222395 -0.18528356058641587 -0.18505708147873406 -0.17010262685728972 -0.17010262685728972 -0.16644279176195498 -0.16292569319560318 -0.15151217254818247 -0.15015433761543776 -0.15076379179363636 -0.13718176774679253 -0.10717164796500567 -0.09834427903086175 -0.05646783131543406 -0.062096038318993206 -0.0540506367608819 -0.0540506367608819 -0.04316816363657956 -0.04639651613525776 -0.04639651613525776
-0.3870681790476593 -0.3870681790476593 -0.3870681790476593 -0.3870681790476593 -0.3870681790476593 -0.2677274293920085 -0.3870681790476593 -0.3870681790476593 -0.3870681790476593 -0.3870681790476593 -0.3870681790476593 -0.3870681790476593 -0.3870681790476593 -0.3870681790476593 -0.3870681790476593 -0.3870681790476593 -0.3870681790476593 -0.3870681790476593 -0.3870681790476593 -0.3870681790476593 -0.3870681790476593 -0.3870681790476593 -0.3870681790476593 -0.3870681790476593 -0.18680081060525894 -0.3870681790476593 -0.2677274293920085 -0.3870681790476593 -0.2677274293920085 -0.3870681790476593 -0.3611825009736173 -0.26243168892835433 -0.3870681790476593 -0.3870681790476593 -0.3870681790476593 -0.2677274293920085 -0.3870681790476593 -0.3870681790476593 -0.3870681790476593 -0.3870681790476593 -0.3870681790476593 -0.3870681790476593 -0.3870681790476593 -0.3870681790476593 -0.3870681790476593 -0.3870681790476593 -0.22792673485377757 -0.23115323117485265 -0.18680081060525894 -0.18680081060525894 -0.22792673485377757 -0.3870681790476593 -0.23115323117485265 -0.26243168892835433 -0.22792673485377757 -0.23115323117485265 -0.3870681790476593 -0.22792673485377757 -0.23115323117485265 -0.26243168892835433 -0.22792673485377757 -0.22792673485377757 -0.23115323117485265 -0.3426958233058182 -0.3426958233058182 -0.28592059511651297 -0.2677274293920085 -0.2677274293920085 -0.2677274293920085 -0.2954912211319098 -0.2677274293920085 -0.22792673485377757 -0.2580388130303047 -0.2404488369600046 -0.1463197491294116 -0.22042650718697718 -0.1834986033585268 -0.18333289222395 -0.18528356058641587 -0.18505708147873406 -0.17010262685728972 -0.17010262685728972 -0.16644279176195498 -0.16292569319560318 -0.15151217254818247 -0.15015433761543776 -0.15076379179363636 -0.13718176774679253 -0.10717164796500567 -0.09834427903086175 -0.05646783131543406 -0.062096038318993206 -0.0540506367608819 -0.0540506367608819 -0.04316816363657956 -0.04639651613525776 -0.04639651613525776
-0.22042650718697718 -0.22042650718697718 -0.22042650718697718 -0.22042650718697718 -0.22042650718697718 -0.22042650718697718 -0.22042650718697718 -0.22042650718697718 -0.22042650718697718 -0.22042650718697718 -0.22042650718697718 -0.22042650718697718 -0.22042650718697718 -0.22042650718697718 -0.22042650718697718 -0.22042650718697718 -0.22042650718697718 -0.22042650718697718 -0.22042650718697718 -0.22042650718697718 -0.22042650718697718 -0.22042650718697718 -0.22042650718697718 -0.22042650718697718 -0.18680081060525894 -0.22042650718697718 -0.22042650718697718 -0.22042650718697718 -0.22042650718697718 -0.22042650718697718 -0.22042650718697718 -0.22042650718697718 -0.22042650718697718 -0.22042650718697718 -0.22042650718697718 -0.22042650718697718 -0.22042650718697718 -0.22042650718697718 -0.22042650718697718 -0.22042650718697718 -0.22042650718697718 -0.22042650718697718 -0.22042650718697718 -0.22042650718697718 -0.22042650718697718 -0.22042650718697718 -0.22042650718697718 -0.22042650718697718 -0.18680081060525894 -0.18680081060525894 -0.22042650718697718 -0.22042650718697718 -0.22042650718697718 -0.22042650718697718 -0.22042650718697718 -0.22042650718697718 -0.22042650718697718 -0.22042650718697718 -0.22042650718697718 -0.22042650718697718 -0.22042650718697718 -0.22042650718697718 -0.22042650718697718 -0.22042650718697718 -0.22042650718697718 -0.22042650718697718 -0.22042650718697718 -0.22042650718697718 -0.22042650718697718 -0.22042650718697718 -0.22042650718697718 -0.22042650718697718 -0.22042650718697718 -0.22042650718697718 -0.1463197491294116 -0.22042650718697718 -0.1834986033585268 -0.18333289222395 -0.18528356058641587 -0.18505708147873406 -0.17010262685728972 -0.17010262685728972 -0.16644279176195498 -0.16292569319560318 -0.15151217254818247 -0.15015433761543776 -0.15076379179363636 -0.13718176774679253 -0.10717164796500567 -0.09834427903086175 -0.05646783131543406 -0.062096038318993206 -0.0540506367608819 -0.0540506367608819 -0.04316816363657956 -0.04639651613525776 -0.04639651613525776
-0.47719096789632004 -0.5484198002315978 -0.5484198002315978 -0.444093918602788 -0.444093918602788 -0.2677274293920085 -0.444093918602788 -0.444093918602788 -0.5484198002315978 -0.5484198002315978 -0.444093918602788 -0.5484198002315978 -0.5484198002315978 -0.5484198002315978 -0.5484198002315978 -0.5484198002315978 -0.5484198002315978 -0.444093918602788 -0.444093918602788 -0.5484198002315978 -0.5484198002315978 -0.5484198002315978 -0.5484198002315978 -0.444093918602788 -0.18680081060525894 -0.5484198002315978 -0.2677274293920085 -0.444093918602788 -0.2677274293920085 -0.3899006671287962 -0.3611825009736173 -0.26243168892835433 -0.47719096789632004 -0.3899006671287962 -0.444093918602788 -0.2677274293920085 -0.444093918602788 -0.39450871338321275 -0.4368061244200766 -0.4368061244200766 -0.4368061244200766 -0.3899006671287962 -0.47719096789632004 -0.3899006671287962 -0.3899006671287962 -0.3870681790476593 -0.22792673485377757 -0.23115323117485265 -0.18680081060525894 -0.18680081060525894 -0.22792673485377757 -0.424615673119531 -0.23115323117485265 -0.26243168892835433 -0.22792673485377757 -0.23115323117485265 -0.3899006671287962 -0.22792673485377757 -0.23115323117485265 -0.26243168892835433 -0.22792673485377757 -0.22792673485377757 -0.23115323117485265 -0.3426958233058182 -0.3426958233058182 -0.28592059511651297 -0.2677274293920085 -0.2677274293920085 -0.2677274293920085 -0.2954912211319098 -0.2677274293920085 -0.22792673485377757 -0.2580388130303047 -0.2404488369600046 -0.1463197491294116 -0.22042650718697718 -0.1834986033585268 -0.18333289222395 -0.18528356058641587 -0.18505708147873406 -0.17010262685728972 -0.17010262685728972 -0.16644279176195498 -0.16292569319560318 -0.15151217254818247 -0.15015433761543776 -0.15076379179363636 -0.13718176774679253 -0.10717164796500567 -0.09834427903086175 -0.05646783131543406 -0.062096038318993206 -0.0540506367608819 -0.0540506367608819 -0.04316816363657956 -0.04639651613525776 -0.04639651613525776
-0.444093918602788 -0.444093918602788 -0.444093918602788 -0.5052261642962518 -0.5052261642962518 -0.2677274293920085 -0.5052261642962518 -0.5052261642962518 -0.444093918602788 -0.444093918602788 -0.5052261642962518 -0.444093918602788 -0.444093918602788 -0.444093918602788 -0.444093918602788 -0.444093918602788 -0.444093918602788 -0.5052261642962518 -0.5052261642962518 -0.444093918602788 -0.444093918602788 -0.444093918602788 -0.444093918602788 -0.4446813757269676 -0.18680081060525894 -0.444093918602788 -0.2677274293920085 -0.5052261642962518 -0.2677274293920085 -0.3899006671287962 -0.3611825009736173 -0.26243168892835433 -0.444093918602788 -0.3899006671287962 -0.5052261642962518 -0.2677274293920085 -0.4674168062829956 -0.39450871338321275 -0.4368061244200766 -0.4368061244200766 -0.4368061244200766 -0.3899006671287962 -0.444093918602788 -0.3899006671287962 -0.3899006671287962 -0.3870681790476593 -0.22792673485377757 -0.23115323117485265 -0.18680081060525894 -0.18680081060525894 -0.22792673485377757 -0.424615673119531 -0.23115323117485265 -0.26243168892835433 -0.22792673485377757 -0.23115323117485265 -0.3899006671287962 -0.22792673485377757 -0.23115323117485265 -0.26243168892835433 -0.22792673485377757 -0.22792673485377757 -0.23115323117485265 -0.3426958233058182 -0.3426958233058182 -0.28592059511651297 -0.2677274293920085 -0.2677274293920085 -0.2677274293920085 -0.2954912211319098 -0.2677274293920085 -0.22792673485377757 -0.2580388130303047 -0.2404488369600046 -0.1463197491294116 -0.22042650718697718 -0.1834986033585268 -0.18333289222395 -0.18528356058641587 -0.18505708147873406 -0.17010262685728972 -0.17010262685728972 -0.16644279176195498 -0.16292569319560318 -0.15151217254818247 -0.15015433761543776 -0.15076379179363636 -0.13718176774679253 -0.10717164796500567 -0.09834427903086175 -0.05646783131543406 -0.062096038318993206 -0.0540506367608819 -0.0540506367608819 -0.04316816363657956 -0.04639651613525776 -0.04639651613525776
-0.3870681790476593 -0.3870681790476593 -0.3870681790476593 -0.3870681790476593 -0.3870681790476593 -0.2677274293920085 -0.3870681790476593 -0.3870681790476593 -0.3870681790476593 -0.3870681790476593 -0.3870681790476593 -0.3870681790476593 -0.3870681790476593 -0.3870681790476593 -0.3870681790476593 -0.3870681790476593 -0.3870681790476593 -0.3870681790476593 -0.3870681790476593 -0.3870681790476593 -0.3870681790476593 -0.3870681790476593 -0.3870681790476593 -0.3870681790476593 -0.18680081060525894 -0.3870681790476593 -0.2677274293920085 -0.3870681790476593 -0.2677274293920085 -0.3870681790476593 -0.3611825009736173 -0.26243168892835433 -0.3870681790476593 -0.3870681790476593 -0.3870681790476593 -0.2677274293920085 -0.3870681790476593 -0.3870681790476593 -0.3870681790476593 -0.3870681790476593 -0.3870681790476593 -0.3870681790476593 -0.3870681790476593 -0.3870681790476593 -0.3870681790476593 -0.3870681790476593 -0.22792673485377757 -0.23115323117485265 -0.18680081060525894 -0.18680081060525894 -0.22792673485377757 -0.3870681790476593 -0.23115323117485265 -0.26243168892835433 -0.22792673485377757 -0.23115323117485265 -0.3870681790476593 -0.22792673485377757 -0.23115323117485265 -0.26243168892835433 -0.22792673485377757 -0.22792673485377757 -0.23115323117485265 -0.3426958233058182 -0.3426958233058182 -0.28592059511651297 -0.2677274293920085 -0.2677274293920085 -0.2677274293920085 -0.2954912211319098 -0.2677274293920085 -0.22792673485377757 -0.2580388130303047 -0.2404488369600046 -0.1463197491294116 -0.22042650718697718 -0.1834986033585268 -0.18333289222395 -0.18528356058641587 -0.18505708147873406 -0.17010262685728972 -0.17010262685728972 -0.16644279176195498 -0.16292569319560318 -0.15151217254818247 -0.15015433761543776 -0.15076379179363636 -0.13718176774679253 -0.10717164796500567 -0.09834427903086175 -0.05646783131543406 -0.062096038318993206 -0.0540506367608819 -0.0540506367608819 -0.04316816363657956 -0.04639651613525776 -0.04639651613525776
-0.28592059511651297 -0.28592059511651297 -0.28592059511651297 -0.28592059511651297 -0.28592059511651297 -0.2677274293920085 -0.28592059511651297 -0.28592059511651297 -0.28592059511651297 -0.28592059511651297 -0.28592059511651297 -0.28592059511651297 -0.28592059511651297 -0.28592059511651297 -0.28592059511651297 -0.28592059511651297 -0.28592059511651297 -0.28592059511651297 -0.28592059511651297 -0.28592059511651297 -0.28592059511651297 -0.28592059511651297 -0.28592059511651297 -0.28592059511651297 -0.18680081060525894 -0.28592059511651297 -0.2677274293920085 -0.28592059511651297 -0.2677274293920085 -0.28592059511651297 -0.28592059511651297 -0.26243168892835433 -0.28592059511651297 -0.28592059511651297 -0.28592059511651297 -0.2677274293920085 -0.28592059511651297 -0.28592059511651297 -0.28592059511651297 -0.28592059511651297 -0.28592059511651297 -0.28592059511651297 -0.28592059511651297 -0.28592059511651297 -0.28592059511651297 -0.28592059511651297 -0.22792673485377757 -0.23115323117485265 -0.18680081060525894 -0.18680081060525894 -0.22792673485377757 -0.28592059511651297 -0.23115323117485265 -0.26243168892835433 -0.22792673485377757 -0.23115323117485265 -0.28592059511651297 -0.22792673485377757 -0.23115323117485265 -0.26243168892835433 -0.22792673485377757 -0.22792673485377757 -0.23115323117485265 -0.28592059511651297 -0.28592059511651297 -0.28592059511651297 -0.2677274293920085 -0.2677274293920085 -0.2677274293920085 -0.28592059511651297 -0.2677274293920085 -0.22792673485377757 -0.2580388130303047 -0.2404488369600046 -0.1463197491294116 -0.22042650718697718 -0.1834986033585268 -0.18333289222395 -0.18528356058641587 -0.18505708147873406 -0.17010262685728972 -0.17010262685728972 -0.16644279176195498 -0.16292569319560318 -0.15151217254818247 -0.15015433761543776 -0.15076379179363636 -0.13718176774679253 -0.10717164796500567 -0.09834427903086175 -0.05646783131543406 -0.062096038318993206 -0.0540506367608819 -0.0540506367608819 -0.04316816363657956 -0.04639651613525776 -0.04639651613525776
-0.444093918602788 -0.444093918602788 -0.444093918602788 -0.49435803897116204 -0.49435803897116204 -0.2677274293920085 -0.49435803897116204 -0.49435803897116204 -0.444093918602788 -0.444093918602788 -0.49435803897116204 -0.444093918602788 -0.444093918602788 -0.444093918602788 -0.444093918602788 -0.444093918602788 -0.444093918602788 -0.49435803897116204 -0.49435803897116204 -0.444093918602788 -0.444093918602788 -0.444093918602788 -0.444093918602788 -0.4446813757269676 -0.18680081060525894 -0.444093918602788 -0.2677274293920085 -0.49435803897116204 -0.2677274293920085 -0.3899006671287962 -0.3611825009736173 -0.26243168892835433 -0.444093918602788 -0.3899006671287962 -0.49435803897116204 -0.2677274293920085 -0.4674168062829956 -0.39450871338321275 -0.4368061244200766 -0.4368061244200766 -0.4368061244200766 -0.3899006671287962 -0.444093918602788 -0.3899006671287962 -0.3899006671287962 -0.3870681790476593 -0.22792673485377757 -0.23115323117485265 -0.18680081060525894 -0.18680081060525894 -0.22792673485377757 -0.424615673119531 -0.23115323117485265 -0.26243168892835433 -0.22792673485377757 -0.23115323117485265 -0.3899006671287962 -0.22792673485377757 -0.23115323117485265 -0.26243168892835433 -0.22792673485377757 -0.22792673485377757 -0.23115323117485265 -0.3426958233058182 -0.3426958233058182 -0.28592059511651297 -0.2677274293920085 -0.2677274293920085 -0.2677274293920085 -0.2954912211319098 -0.2677274293920085 -0.22792673485377757 -0.2580388130303047 -0.2404488369600046 -0.1463197491294116 -0.22042650718697718 -0.1834986033585268 -0.18333289222395 -0.18528356058641587 -0.18505708147873406 -0.17010262685728972 -0.17010262685728972 -0.16644279176195498 -0.16292569319560318 -0.15151217254818247 -0.15015433761543776 -0.15076379179363636 -0.13718176774679253 -0.10717164796500567 -0.09834427903086175 -0.05646783131543406 -0.062096038318993206 -0.0540506367608819 -0.0540506367608819 -0.04316816363657956 -0.04639651613525776 -0.04639651613525776
-0.2404488369600046 -0.2404488369600046 -0.2404488369600046 -0.2404488369600046 -0.2404488369600046 -0.2404488369600046 -0.2404488369600046 -0.2404488369600046 -0.2404488369600046 -0.2404488369600046 -0.2404488369600046 -0.2404488369600046 -0.2404488369600046 -0.2404488369600046 -0.2404488369600046 -0.2404488369600046 -0.2404488369600046 -0.2404488369600046 -0.2404488369600046 -0.2404488369600046 -0.2404488369600046 -0.2404488369600046 -0.2404488369600046 -0.2404488369600046 -0.18680081060525894 -0.2404488369600046 -0.2404488369600046 -0.2404488369600046 -0.2404488369600046 -0.2404488369600046 -0.2404488369600046 -0.2404488369600046 -0.2404488369600046 -0.2404488369600046 -0.2404488369600046 -0.2404488369600046 -0.2404488369600046 -0.2404488369600046 -0.2404488369600046 -0.2404488369600046 -0.2404488369600046 -0.2404488369600046 -0.2404488369600046 -0.2404488369600046 -0.2404488369600046 -0.2404488369600046 -0.22792673485377757 -0.23115323117485265 -0.18680081060525894 -0.18680081060525894 -0.22792673485377757 -0.2404488369600046 -0.23115323117485265 -0.2404488369600046 -0.22792673485377757 -0.23115323117485265 -0.2404488369600046 -0.22792673485377757 -0.23115323117485265 -0.2404488369600046 -0.22792673485377757 -0.22792673485377757 -0.23115323117485265 -0.2404488369600046 -0.2404488369600046 -0.2404488369600046 -0.2404488369600046 -0.2404488369600046 -0.2404488369600046 -0.2404488369600046 -0.2404488369600046 -0.22792673485377757 -0.2404488369600046 -0.2404488369600046 -0.1463197491294116 -0.22042650718697718 -0.1834986033585268 -0.18333289222395 -0.18528356058641587 -0.18505708147873406 -0.17010262685728972 -0.17010262685728972 -0.16644279176195498 -0.16292569319560318 -0.15151217254818247 -0.15015433761543776 -0.15076379179363636 -0.13718176774679253 -0.10717164796500567 -0.09834427903086175 -0.05646783131543406 -0.062096038318993206 -0.0540506367608819 -0.0540506367608819 -0.04316816363657956 -0.04639651613525776 -0.04639651613525776
-0.2580388130303047 -0.2580388130303047 -0.2580388130303047 -0.2580388130303047 -0.2580388130303047 -0.2580388130303047 -0.2580388130303047 -0.2580388130303047 -0.2580388130303047 -0.2580388130303047 -0.2580388130303047 -0.2580388130303047 -0.2580388130303047 -0.2580388130303047 -0.2580388130303047 -0.2580388130303047 -0.2580388130303047 -0.2580388130303047 -0.2580388130303047 -0.2580388130303047 -0.2580388130303047 -0.2580388130303047 -0.2580388130303047 -0.2580388130303047 -0.18680081060525894 -0.2580388130303047 -0.2580388130303047 -0.2580388130303047 -0.2580388130303047 -0.2580388130303047 -0.2580388130303047 -0.2580388130303047 -0.2580388130303047 -0.2580388130303047 -0.2580388130303047 -0.2580388130303047 -0.2580388130303047 -0.2580388130303047 -0.2580388130303047 -0.2580388130303047 -0.2580388130303047 -0.2580388130303047 -0.2580388130303047 -0.2580388130303047 -0.2580388130303047 -0.2580388130303047 -0.22792673485377757 -0.23115323117485265 -0.18680081060525894 -0.18680081060525894 -0.22792673485377757 -0.2580388130303047 -0.23115323117485265 -0.2580388130303047 -0.22792673485377757 -0.23115323117485265 -0.2580388130303047 -0.22792673485377757 -0.23115323117485265 -0.2580388130303047 -0.22792673485377757 -0.22792673485377757 -0.23115323117485265 -0.2580388130303047 -0.2580388130303047 -0.2580388130303047 -0.2580388130303047 -0.2580388130303047 -0.2580388130303047 -0.2580388130303047 -0.2580388130303047 -0.22792673485377757 -0.2580388130303047 -0.2404488369600046 -0.1463197491294116 -0.22042650718697718 -0.1834986033585268 -0.18333289222395 -0.18528356058641587 -0.18505708147873406 -0.17010262685728972 -0.17010262685728972 -0.16644279176195498 -0.16292569319560318 -0.15151217254818247 -0.15015433761543776 -0.15076379179363636 -0.13718176774679253 -0.10717164796500567 -0.09834427903086175 -0.05646783131543406 -0.062096038318993206 -0.0540506367608819 -0.0540506367608819 -0.04316816363657956 -0.04639651613525776 -0.04639651613525776
-0.2404488369600046 -0.2404488369600046 -0.2404488369600046 -0.2404488369600046 -0.2404488369600046 -0.2404488369600046 -0.2404488369600046 -0.2404488369600046 -0.2404488369600046 -0.2404488369600046 -0.2404488369600046 -0.2404488369600046 -0.2404488369600046 -0.2404488369600046 -0.2404488369600046 -0.2404488369600046 -0.2404488369600046 -0.2404488369600046 -0.2404488369600046 -0.2404488369600046 -0.2404488369600046 -0.2404488369600046 -0.2404488369600046 -0.2404488369600046 -0.18680081060525894 -0.2404488369600046 -0.2404488369600046 -0.2404488369600046 -0.2404488369600046 -0.2404488369600046 -0.2404488369600046 -0.2404488369600046 -0.2404488369600046 -0.2404488369600046 -0.2404488369600046 -0.2404488369600046 -0.2404488369600046 -0.2404488369600046 -0.2404488369600046 -0.2404488369600046 -0.2404488369600046 -0.2404488369600046 -0.2404488369600046 -0.2404488369600046 -0.2404488369600046 -0.2404488369600046 -0.22792673485377757 -0.23115323117485265 -0.18680081060525894 -0.18680081060525894 -0.22792673485377757 -0.2404488369600046 -0.23115323117485265 -0.2404488369600046 -0.22792673485377757 -0.23115323117485265 -0.2404488369600046 -0.22792673485377757 -0.23115323117485265 -0.2404488369600046 -0.22792673485377757 -0.22792673485377757 -0.23115323117485265 -0.2404488369600046 -0.2404488369600046 -0.2404488369600046 -0.2404488369600046 -0.2404488369600046 -0.2404488369600046 -0.2404488369600046 -0.2404488369600046 -0.22792673485377757 -0.2404488369600046 -0.2404488369600046 -0.1463197491294116 -0.22042650718697718 -0.1834986033585268 -0.18333289222395 -0.18528356058641587 -0.18505708147873406 -0.17010262685728972 -0.17010262685728972 -0.16644279176195498 -0.16292569319560318 -0.15151217254818247 -0.15015433761543776 -0.15076379179363636 -0.13718176774679253 -0.10717164796500567 -0.09834427903086175 -0.05646783131543406 -0.062096038318993206 -0.0540506367608819 -0.0540506367608819 -0.04316816363657956 -0.04639651613525776 -0.04639651613525776
-0.444093918602788 -0.444093918602788 -0.444093918602788 -0.4590502675151988 -0.4590502675151988 -0.2677274293920085 -0.4590502675151988 -0.4590502675151988 -0.444093918602788 -0.444093918602788 -0.4590502675151988 -0.444093918602788 -0.444093918602788 -0.444093918602788 -0.444093918602788 -0.444093918602788 -0.444093918602788 -0.4590502675151988 -0.4590502675151988 -0.444093918602788 -0.444093918602788 -0.444093918602788 -0.444093918602788 -0.4446813757269676 -0.18680081060525894 -0.444093918602788 -0.2677274293920085 -0.4590502675151988 -0.2677274293920085 -0.3899006671287962 -0.3611825009736173 -0.26243168892835433 -0.444093918602788 -0.3899006671287962 -0.4590502675151988 -0.2677274293920085 -0.4590502675151988 -0.39450871338321275 -0.4368061244200766 -0.4368061244200766 -0.4368061244200766 -0.3899006671287962 -0.444093918602788 -0.3899006671287962 -0.3899006671287962 -0.3870681790476593 -0.22792673485377757 -0.23115323117485265 -0.18680081060525894 -0.18680081060525894 -0.22792673485377757 -0.424615673119531 -0.23115323117485265 -0.26243168892835433 -0.22792673485377757 -0.23115323117485265 -0.3899006671287962 -0.22792673485377757 -0.23115323117485265 -0.26243168892835433 -0.22792673485377757 -0.22792673485377757 -0.23115323117485265 -0.3426958233058182 -0.3426958233058182 -0.28592059511651297 -0.2677274293920085 -0.2677274293920085 -0.2677274293920085 -0.2954912211319098 -0.2677274293920085 -0.22792673485377757 -0.2580388130303047 -0.2404488369600046 -0.1463197491294116 -0.22042650718697718 -0.1834986033585268 -0.18333289222395 -0.18528356058641587 -0.18505708147873406 -0.17010262685728972 -0.17010262685728972 -0.16644279176195498 -0.16292569319560318 -0.15151217254818247 -0.15015433761543776 -0.15076379179363636 -0.13718176774679253 -0.10717164796500567 -0.09834427903086175 -0.05646783131543406 -0.062096038318993206 -0.0540506367608819 -0.0540506367608819 -0.04316816363657956 -0.04639651613525776 -0.04639651613525776
-0.444093918602788 -0.444093918602788 -0.444093918602788 -0.45660274938157086 -0.45660274938157086 -0.2677274293920085 -0.45660274938157086 -0.45660274938157086 -0.444093918602788 -0.444093918602788 -0.45660274938157086 -0.444093918602788 -0.444093918602788 -0.444093918602788 -0.444093918602788 -0.444093918602788 -0.444093918602788 -0.45660274938157086 -0.45660274938157086 -0.444093918602788 -0.444093918602788 -0.444093918602788 -0.444093918602788 -0.4446813757269676 -0.18680081060525894 -0.444093918602788 -0.2677274293920085 -0.45660274938157086 -0.2677274293920085 -0.3899006671287962 -0.3611825009736173 -0.26243168892835433 -0.444093918602788 -0.3899006671287962 -0.45660274938157086 -0.2677274293920085 -0.45660274938157086 -0.39450871338321275 -0.4368061244200766 -0.4368061244200766 -0.4368061244200766 -0.3899006671287962 -0.444093918602788 -0.3899006671287962 -0.3899006671287962 -0.3870681790476593 -0.22792673485377757 -0.23115323117485265 -0.18680081060525894 -0.18680081060525894 -0.22792673485377757 -0.424615673119531 -0.23115323117485265 -0.26243168892835433 -0.22792673485377757 -0.23115323117485265 -0.3899006671287962 -0.22792673485377757 -0.23115323117485265 -0.26243168892835433 -0.22792673485377757 -0.22792673485377757 -0.23115323117485265 -0.3426958233058182 -0.3426958233058182 -0.28592059511651297 -0.2677274293920085 -0.2677274293920085 -0.2677274293920085 -0.2954912211319098 -0.2677274293920085 -0.22792673485377757 -0.2580388130303047 -0.2404488369600046 -0.1463197491294116 -0.22042650718697718 -0.1834986033585268 -0.18333289222395 -0.18528356058641587 -0.18505708147873406 -0.17010262685728972 -0.17010262685728972 -0.16644279176195498 -0.16292569319560318 -0.15151217254818247 -0.15015433761543776 -0.15076379179363636 -0.13718176774679253 -0.10717164796500567 -0.09834427903086175 -0.05646783131543406 -0.062096038318993206 -0.0540506367608819 -0.0540506367608819 -0.04316816363657956 -0.04639651613525776 -0.04639651613525776
-0.2580388130303047 -0.2580388130303047 -0.2580388130303047 -0.2580388130303047 -0.2580388130303047 -0.2580388130303047 -0.2580388130303047 -0.2580388130303047 -0.2580388130303047 -0.2580388130303047 -0.2580388130303047 -0.2580388130303047 -0.2580388130303047 -0.2580388130303047 -0.2580388130303047 -0.2580388130303047 -0.2580388130303047 -0.2580388130303047 -0.2580388130303047 -0.2580388130303047 -0.2580388130303047 -0.2580388130303047 -0.2580388130303047 -0.2580388130303047 -0.18680081060525894 -0.2580388130303047 -0.2580388130303047 -0.2580388130303047 -0.2580388130303047 -0.2580388130303047 -0.2580388130303047 -0.2580388130303047 -0.2580388130303047 -0.2580388130303047 -0.2580388130303047 -0.2580388130303047 -0.2580388130303047 -0.2580388130303047 -0.2580388130303047 -0.2580388130303047 -0.2580388130303047 -0.2580388130303047 -0.2580388130303047 -0.2580388130303047 -0.2580388130303047 -0.2580388130303047 -0.22792673485377757 -0.23115323117485265 -0.18680081060525894 -0.18680081060525894 -0.22792673485377757 -0.2580388130303047 -0.23115323117485265 -0.2580388130303047 -0.22792673485377757 -0.23115323117485265 -0.2580388130303047 -0.22792673485377757 -0.23115323117485265 -0.2580388130303047 -0.22792673485377757 -0.22792673485377757 -0.23115323117485265 -0.2580388130303047 -0.2580388130303047 -0.2580388130303047 -0.2580388130303047 -0.2580388130303047 -0.2580388130303047 -0.2580388130303047 -0.2580388130303047 -0.22792673485377757 -0.2580388130303047 -0.2404488369600046 -0.1463197491294116 -0.22042650718697718 -0.1834986033585268 -0.18333289222395 -0.18528356058641587 -0.18505708147873406 -0.17010262685728972 -0.17010262685728972 -0.16644279176195498 -0.16292569319560318 -0.15151217254818247 -0.15015433761543776 -0.15076379179363636 -0.13718176774679253 -0.10717164796500567 -0.09834427903086175 -0.05646783131543406 -0.062096038318993206 -0.0540506367608819 -0.0540506367608819 -0.04316816363657956 -0.04639651613525776 -0.04639651613525776
-0.3899006671287962 -0.3899006671287962 -0.3899006671287962 -0.3899006671287962 -0.3899006671287962 -0.2677274293920085 -0.3899006671287962 -0.3899006671287962 -0.3899006671287962 -0.3899006671287962 -0.3899006671287962 -0.3899006671287962 -0.3899006671287962 -0.3899006671287962 -0.3899006671287962 -0.3899006671287962 -0.3899006671287962 -0.3899006671287962 -0.3899006671287962 -0.3899006671287962 -0.3899006671287962 -0.3899006671287962 -0.3899006671287962 -0.3899006671287962 -0.18680081060525894 -0.3899006671287962 -0.2677274293920085 -0.3899006671287962 -0.2677274293920085 -0.3899006671287962 -0.3611825009736173 -0.26243168892835433 -0.3899006671287962 -0.3899006671287962 -0.3899006671287962 -0.2677274293920085 -0.3899006671287962 -0.3899006671287962 -0.3899006671287962 -0.3899006671287962 -0.3899006671287962 -0.3899006671287962 -0.3899006671287962 -0.3899006671287962 -0.3899006671287962 -0.3870681790476593 -0.22792673485377757 -0.23115323117485265 -0.18680081060525894 -0.18680081060525894 -0.22792673485377757 -0.3899006671287962 -0.23115323117485265 -0.26243168892835433 -0.22792673485377757 -0.23115323117485265 -0.3899006671287962 -0.22792673485377757 -0.23115323117485265 -0.26243168892835433 -0.22792673485377757 -0.22792673485377757 -0.23115323117485265 -0.3426958233058182 -0.3426958233058182 -0.28592059511651297 -0.2677274293920085 -0.2677274293920085 -0.2677274293920085 -0.2954912211319098 -0.2677274293920085 -0.22792673485377757 -0.2580388130303047 -0.2404488369600046 -0.1463197491294116 -0.22042650718697718 -0.1834986033585268 -0.18333289222395 -0.18528356058641587 -0.18505708147873406 -0.17010262685728972 -0.17010262685728972 -0.16644279176195498 -0.16292569319560318 -0.15151217254818247 -0.15015433761543776 -0.15076379179363636 -0.13718176774679253 -0.10717164796500567 -0.09834427903086175 -0.05646783131543406 -0.062096038318993206 -0.0540506367608819 -0.0540506367608819 -0.04316816363657956 -0.04639651613525776 -0.04639651613525776
-0.22792673485377757 -0.22792673485377757 -0.22792673485377757 -0.22792673485377757 -0.22792673485377757 -0.22792673485377757 -0.22792673485377757 -0.22792673485377757 -0.22792673485377757 -0.22792673485377757 -0.22792673485377757 -0.22792673485377757 -0.22792673485377757 -0.22792673485377757 -0.22792673485377757 -0.22792673485377757 -0.22792673485377757 -0.22792673485377757 -0.22792673485377757 -0.22792673485377757 -0.22792673485377757 -0.22792673485377757 -0.22792673485377757 -0.22792673485377757 -0.18680081060525894 -0.22792673485377757 -0.22792673485377757 -0.22792673485377757 -0.22792673485377757 -0.22792673485377757 -0.22792673485377757 -0.22792673485377757 -0.22792673485377757 -0.22792673485377757 -0.22792673485377757 -0.22792673485377757 -0.22792673485377757 -0.22792673485377757 -0.22792673485377757 -0.22792673485377757 -0.22792673485377757 -0.22792673485377757 -0.22792673485377757 -0.22792673485377757 -0.22792673485377757 -0.22792673485377757 -0.22792673485377757 -0.22792673485377757 -0.18680081060525894 -0.18680081060525894 -0.22792673485377757 -0.22792673485377757 -0.22792673485377757 -0.22792673485377757 -0.22792673485377757 -0.22792673485377757 -0.22792673485377757 -0.22792673485377757 -0.22792673485377757 -0.22792673485377757 -0.22792673485377757 -0.22792673485377757 -0.22792673485377757 -0.22792673485377757 -0.22792673485377757 -0.22792673485377757 -0.22792673485377757 -0.22792673485377757 -0.22792673485377757 -0.22792673485377757 -0.22792673485377757 -0.22792673485377757 -0.22792673485377757 -0.22792673485377757 -0.1463197491294116 -0.22042650718697718 -0.1834986033585268 -0.18333289222395 -0.18528356058641587 -0.18505708147873406 -0.17010262685728972 -0.17010262685728972 -0.16644279176195498 -0.16292569319560318 -0.15151217254818247 -0.15015433761543776 -0.15076379179363636 -0.13718176774679253 -0.10717164796500567 -0.09834427903086175 -0.05646783131543406 -0.062096038318993206 -0.0540506367608819 -0.0540506367608819 -0.04316816363657956 -0.04639651613525776 -0.04639651613525776
-0.3426958233058182 -0.3426958233058182 -0.3426958233058182 -0.3426958233058182 -0.3426958233058182 -0.2677274293920085 -0.3426958233058182 -0.3426958233058182 -0.3426958233058182 -0.3426958233058182 -0.3426958233058182 -0.3426958233058182 -0.3426958233058182 -0.3426958233058182 -0.3426958233058182 -0.3426958233058182 -0.3426958233058182 -0.3426958233058182 -0.3426958233058182 -0.3426958233058182 -0.3426958233058182 -0.3426958233058182 -0.3426958233058182 -0.3426958233058182 -0.18680081060525894 -0.3426958233058182 -0.2677274293920085 -0.3426958233058182 -0.2677274293920085 -0.3426958233058182 -0.3426958233058182 -0.26243168892835433 -0.3426958233058182 -0.3426958233058182 -0.3426958233058182 -0.2677274293920085 -0.3426958233058182 -0.3426958233058182 -0.3426958233058182 -0.3426958233058182 -0.3426958233058182 -0.3426958233058182 -0.3426958233058182 -0.3426958233058182 -0.3426958233058182 -0.3426958233058182 -0.22792673485377757 -0.23115323117485265 -0.18680081060525894 -0.18680081060525894 -0.22792673485377757 -0.3426958233058182 -0.23115323117485265 -0.26243168892835433 -0.22792673485377757 -0.23115323117485265 -0.3426958233058182 -0.22792673485377757 -0.23115323117485265 -0.26243168892835433 -0.22792673485377757 -0.22792673485377757 -0.23115323117485265 -0.3426958233058182 -0.3426958233058182 -0.28592059511651297 -0.2677274293920085 -0.2677274293920085 -0.2677274293920085 -0.2954912211319098 -0.2677274293920085 -0.22792673485377757 -0.2580388130303047 -0.2404488369600046 -0.1463197491294116 -0.22042650718697718 -0.1834986033585268 -0.18333289222395 -0.18528356058641587 -0.18505708147873406 -0.17010262685728972 -0.17010262685728972 -0.16644279176195498 -0.16292569319560318 -0.15151217254818247 -0.15015433761543776 -0.15076379179363636 -0.13718176774679253 -0.10717164796500567 -0.09834427903086175 -0.05646783131543406 -0.062096038318993206 -0.0540506367608819 -0.0540506367608819 -0.04316816363657956 -0.04639651613525776 -0.04639651613525776
-0.426180895405451 -0.426180895405451 -0.426180895405451 -0.426180895405451 -0.426180895405451 -0.2677274293920085 -0.426180895405451 -0.426180895405451 -0.426180895405451 -0.426180895405451 -0.426180895405451 -0.426180895405451 -0.426180895405451 -0.426180895405451 -0.426180895405451 -0.426180895405451 -0.426180895405451 -0.426180895405451 -0.426180895405451 -0.426180895405451 -0.426180895405451 -0.426180895405451 -0.426180895405451 -0.426180895405451 -0.18680081060525894 -0.426180895405451 -0.2677274293920085 -0.426180895405451 -0.2677274293920085 -0.3899006671287962 -0.3611825009736173 -0.26243168892835433 -0.426180895405451 -0.3899006671287962 -0.426180895405451 -0.2677274293920085 -0.426180895405451 -0.39450871338321275 -0.426180895405451 -0.426180895405451 -0.426180895405451 -0.3899006671287962 -0.426180895405451 -0.3899006671287962 -0.3899006671287962 -0.3870681790476593 -0.22792673485377757 -0.23115323117485265 -0.18680081060525894 -0.18680081060525894 -0.22792673485377757 -0.424615673119531 -0.23115323117485265 -0.26243168892835433 -0.22792673485377757 -0.23115323117485265 -0.3899006671287962 -0.22792673485377757 -0.23115323117485265 -0.26243168892835433 -0.22792673485377757 -0.22792673485377757 -0.23115323117485265 -0.3426958233058182 -0.3426958233058182 -0.28592059511651297 -0.2677274293920085 -0.2677274293920085 -0.2677274293920085 -0.2954912211319098 -0.2677274293920085 -0.22792673485377757 -0.2580388130303047 -0.2404488369600046 -0.1463197491294116 -0.22042650718697718 -0.1834986033585268 -0.18333289222395 -0.18528356058641587 -0.18505708147873406 -0.17010262685728972 -0.17010262685728972 -0.16644279176195498 -0.16292569319560318 -0.15151217254818247 -0.15015433761543776 -0.15076379179363636 -0.13718176774679253 -0.10717164796500567 -0.09834427903086175 -0.05646783131543406 -0.062096038318993206 -0.0540506367608819 -0.0540506367608819 -0.04316816363657956 -0.04639651613525776 -0.04639651613525776
-0.3426958233058182 -0.3426958233058182 -0.3426958233058182 -0.3426958233058182 -0.3426958233058182 -0.2677274293920085 -0.3426958233058182 -0.3426958233058182 -0.3426958233058182 -0.3426958233058182 -0.3426958233058182 -0.3426958233058182 -0.3426958233058182 -0.3426958233058182 -0.3426958233058182 -0.3426958233058182 -0.3426958233058182 -0.3426958233058182 -0.3426958233058182 -0.3426958233058182 -0.3426958233058182 -0.3426958233058182 -0.3426958233058182 -0.3426958233058182 -0.18680081060525894 -0.3426958233058182 -0.2677274293920085 -0.3426958233058182 -0.2677274293920085 -0.3426958233058182 -0.3426958233058182 -0.26243168892835433 -0.3426958233058182 -0.3426958233058182 -0.3426958233058182 -0.2677274293920085 -0.3426958233058182 -0.3426958233058182 -0.3426958233058182 -0.3426958233058182 -0.3426958233058182 -0.3426958233058182 -0.3426958233058182 -0.3426958233058182 -0.3426958233058182 -0.3426958233058182 -0.22792673485377757 -0.23115323117485265 -0.18680081060525894 -0.18680081060525894 -0.22792673485377757 -0.3426958233058182 -0.23115323117485265 -0.26243168892835433 -0.22792673485377757 -0.23115323117485265 -0.3426958233058182 -0.22792673485377757 -0.23115323117485265 -0.26243168892835433 -0.22792673485377757 -0.22792673485377757 -0.23115323117485265 -0.3426958233058182 -0.3426958233058182 -0.28592059511651297 -0.2677274293920085 -0.2677274293920085 -0.2677274293920085 -0.2954912211319098 -0.2677274293920085 -0.22792673485377757 -0.2580388130303047 -0.2404488369600046 -0.1463197491294116 -0.22042650718697718 -0.1834986033585268 -0.18333289222395 -0.18528356058641587 -0.18505708147873406 -0.17010262685728972 -0.17010262685728972 -0.16644279176195498 -0.16292569319560318 -0.15151217254818247 -0.15015433761543776 -0.15076379179363636 -0.13718176774679253 -0.10717164796500567 -0.09834427903086175 -0.05646783131543406 -0.062096038318993206 -0.0540506367608819 -0.0540506367608819 -0.04316816363657956 -0.04639651613525776 -0.04639651613525776
-0.3426958233058182 -0.3426958233058182 -0.3426958233058182 -0.3426958233058182 -0.3426958233058182 -0.2677274293920085 -0.3426958233058182 -0.3426958233058182 -0.3426958233058182 -0.3426958233058182 -0.3426958233058182 -0.3426958233058182 -0.3426958233058182 -0.3426958233058182 -0.3426958233058182 -0.3426958233058182 -0.3426958233058182 -0.3426958233058182 -0.3426958233058182 -0.3426958233058182 -0.3426958233058182 -0.3426958233058182 -0.3426958233058182 -0.3426958233058182 -0.18680081060525894 -0.3426958233058182 -0.2677274293920085 -0.3426958233058182 -0.2677274293920085 -0.3426958233058182 -0.3426958233058182 -0.26243168892835433 -0.3426958233058182 -0.3426958233058182 -0.3426958233058182 -0.2677274293920085 -0.3426958233058182 -0.3426958233058182 -0.3426958233058182 -0.3426958233058182 -0.3426958233058182 -0.3426958233058182 -0.3426958233058182 -0.3426958233058182 -0.3426958233058182 -0.3426958233058182 -0.22792673485377757 -0.23115323117485265 -0.18680081060525894 -0.18680081060525894 -0.22792673485377757 -0.3426958233058182 -0.23115323117485265 -0.26243168892835433 -0.22792673485377757 -0.23115323117485265 -0.3426958233058182 -0.22792673485377757 -0.23115323117485265 -0.26243168892835433 -0.22792673485377757 -0.22792673485377757 -0.23115323117485265 -0.3426958233058182 -0.3426958233058182 -0.28592059511651297 -0.2677274293920085 -0.2677274293920085 -0.2677274293920085 -0.2954912211319098 -0.2677274293920085 -0.22792673485377757 -0.2580388130303047 -0.2404488369600046 -0.1463197491294116 -0.22042650718697718 -0.1834986033585268 -0.18333289222395 -0.18528356058641587 -0.18505708147873406 -0.17010262685728972 -0.17010262685728972 -0.16644279176195498 -0.16292569319560318 -0.15151217254818247 -0.15015433761543776 -0.15076379179363636 -0.13718176774679253 -0.10717164796500567 -0.09834427903086175 -0.05646783131543406 -0.062096038318993206 -0.0540506367608819 -0.0540506367608819 -0.04316816363657956 -0.04639651613525776 -0.04639651613525776
-0.3611825009736173 -0.3611825009736173 -0.3611825009736173 -0.3611825009736173 -0.3611825009736173 -0.2677274293920085 -0.3611825009736173 -0.3611825009736173 -0.3611825009736173 -0.3611825009736173 -0.3611825009736173 -0.3611825009736173 -0.3611825009736173 -0.3611825009736173 -0.3611825009736173 -0.3611825009736173 -0.3611825009736173 -0.3611825009736173 -0.3611825009736173 -0.3611825009736173 -0.3611825009736173 -0.3611825009736173 -0.3611825009736173 -0.3611825009736173 -0.18680081060525894 -0.3611825009736173 -0.2677274293920085 -0.3611825009736173 -0.2677274293920085 -0.3611825009736173 -0.3611825009736173 -0.26243168892835433 -0.3611825009736173 -0.3611825009736173 -0.3611825009736173 -0.2677274293920085 -0.3611825009736173 -0.3611825009736173 -0.3611825009736173 -0.3611825009736173 -0.3611825009736173 -0.3611825009736173 -0.3611825009736173 -0.3611825009736173 -0.3611825009736173 -0.3611825009736173 -0.22792673485377757 -0.23115323117485265 -0.18680081060525894 -0.18680081060525894 -0.22792673485377757 -0.3611825009736173 -0.23115323117485265 -0.26243168892835433 -0.22792673485377757 -0.23115323117485265 -0.3611825009736173 -0.22792673485377757 -0.23115323117485265 -0.26243168892835433 -0.22792673485377757 -0.22792673485377757 -0.23115323117485265 -0.3426958233058182 -0.3426958233058182 -0.28592059511651297 -0.2677274293920085 -0.2677274293920085 -0.2677274293920085 -0.2954912211319098 -0.2677274293920085 -0.22792673485377757 -0.2580388130303047 -0.2404488369600046 -0.1463197491294116 -0.22042650718697718 -0.1834986033585268 -0.18333289222395 -0.18528356058641587 -0.18505708147873406 -0.17010262685728972 -0.17010262685728972 -0.16644279176195498 -0.16292569319560318 -0.15151217254818247 -0.15015433761543776 -0.15076379179363636 -0.13718176774679253 -0.10717164796500567 -0.09834427903086175 -0.05646783131543406 -0.062096038318993206 -0.0540506367608819 -0.0540506367608819 -0.04316816363657956 -0.04639651613525776 -0.04639651613525776
-0.3886781439447339 -0.3886781439447339 -0.3886781439447339 -0.3886781439447339 -0.3886781439447339 -0.2677274293920085 -0.3886781439447339 -0.3886781439447339 -0.3886781439447339 -0.3886781439447339 -0.3886781439447339 -0.3886781439447339 -0.3886781439447339 -0.3886781439447339 -0.3886781439447339 -0.3886781439447339 -0.3886781439447339 -0.3886781439447339 -0.3886781439447339 -0.3886781439447339 -0.3886781439447339 -0.3886781439447339 -0.3886781439447339 -0.3886781439447339 -0.18680081060525894 -0.3886781439447339 -0.2677274293920085 -0.3886781439447339 -0.2677274293920085 -0.3886781439447339 -0.3611825009736173 -0.26243168892835433 -0.3886781439447339 -0.3886781439447339 -0.3886781439447339 -0.2677274293920085 -0.3886781439447339 -0.3886781439447339 -0.3886781439447339 -0.3886781439447339 -0.3886781439447339 -0.3886781439447339 -0.3886781439447339 -0.3886781439447339 -0.3886781439447339 -0.3870681790476593 -0.22792673485377757 -0.23115323117485265 -0.18680081060525894 -0.18680081060525894 -0.22792673485377757 -0.3886781439447339 -0.23115323117485265 -0.26243168892835433 -0.22792673485377757 -0.23115323117485265 -0.3886781439447339 -0.22792673485377757 -0.23115323117485265 -0.26243168892835433 -0.22792673485377757 -0.22792673485377757 -0.23115323117485265 -0.3426958233058182 -0.3426958233058182 -0.28592059511651297 -0.2677274293920085 -0.2677274293920085 -0.2677274293920085 -0.2954912211319098 -0.2677274293920085 -0.22792673485377757 -0.2580388130303047 -0.2404488369600046 -0.1463197491294116 -0.22042650718697718 -0.1834986033585268 -0.18333289222395 -0.18528356058641587 -0.18505708147873406 -0.17010262685728972 -0.17010262685728972 -0.16644279176195498 -0.16292569319560318 -0.15151217254818247 -0.15015433761543776 -0.15076379179363636 -0.13718176774679253 -0.10717164796500567 -0.09834427903086175 -0.05646783131543406 -0.062096038318993206 -0.0540506367608819 -0.0540506367608819 -0.04316816363657956 -0.04639651613525776 -0.04639651613525776
-0.23115323117485265 -0.23115323117485265 -0.23115323117485265 -0.23115323117485265 -0.23115323117485265 -0.23115323117485265 -0.23115323117485265 -0.23115323117485265 -0.23115323117485265 -0.23115323117485265 -0.23115323117485265 -0.23115323117485265 -0.23115323117485265 -0.23115323117485265 -0.23115323117485265 -0.23115323117485265 -0.23115323117485265 -0.23115323117485265 -0.23115323117485265 -0.23115323117485265 -0.23115323117485265 -0.23115323117485265 -0.23115323117485265 -0.23115323117485265 -0.18680081060525894 -0.23115323117485265 -0.23115323117485265 -0.23115323117485265 -0.23115323117485265 -0.23115323117485265 -0.23115323117485265 -0.23115323117485265 -0.23115323117485265 -0.23115323117485265 -0.23115323117485265 -0.23115323117485265 -0.23115323117485265 -0.23115323117485265 -0.23115323117485265 -0.23115323117485265 -0.23115323117485265 -0.23115323117485265 -0.23115323117485265 -0.23115323117485265 -0.23115323117485265 -0.23115323117485265 -0.22792673485377757 -0.3132697370656484 -0.18680081060525894 -0.18680081060525894 -0.22792673485377757 -0.23115323117485265 -0.3132697370656484 -0.23115323117485265 -0.22792673485377757 -0.38559964927874996 -0.23115323117485265 -0.22792673485377757 -0.3132697370656484 -0.23115323117485265 -0.22792673485377757 -0.22792673485377757 -0.3132697370656484 -0.23115323117485265 -0.23115323117485265 -0.23115323117485265 -0.23115323117485265 -0.23115323117485265 -0.23115323117485265 -0.23115323117485265 -0.23115323117485265 -0.22792673485377757 -0.23115323117485265 -0.23115323117485265 -0.1463197491294116 -0.22042650718697718 -0.1834986033585268 -0.18333289222395 -0.18528356058641587 -0.18505708147873406 -0.17010262685728972 -0.17010262685728972 -0.16644279176195498 -0.16292569319560318 -0.15151217254818247 -0.15015433761543776 -0.15076379179363636 -0.13718176774679253 -0.10717164796500567 -0.09834427903086175 -0.05646783131543406 -0.062096038318993206 -0.0540506367608819 -0.0540506367608819 -0.04316816363657956 -0.04639651613525776 -0.04639651613525776
-0.22792673485377757 -0.22792673485377757 -0.22792673485377757 -0.22792673485377757 -0.22792673485377757 -0.22792673485377757 -0.22792673485377757 -0.22792673485377757 -0.22792673485377757 -0.22792673485377757 -0.22792673485377757 -0.22792673485377757 -0.22792673485377757 -0.22792673485377757 -0.22792673485377757 -0.22792673485377757 -0.22792673485377757 -0.22792673485377757 -0.22792673485377757 -0.22792673485377757 -0.22792673485377757 -0.22792673485377757 -0.22792673485377757 -0.22792673485377757 -0.18680081060525894 -0.22792673485377757 -0.22792673485377757 -0.22792673485377757 -0.22792673485377757 -0.22792673485377757 -0.22792673485377757 -0.22792673485377757 -0.22792673485377757 -0.22792673485377757 -0.22792673485377757 -0.22792673485377757 -0.22792673485377757 -0.22792673485377757 -0.22792673485377757 -0.22792673485377757 -0.22792673485377757 -0.22792673485377757 -0.22792673485377757 -0.22792673485377757 -0.22792673485377757 -0.22792673485377757 -0.36247727338247737 -0.22792673485377757 -0.18680081060525894 -0.18680081060525894 -0.36821473726990045 -0.22792673485377757 -0.22792673485377757 -0.22792673485377757 -0.3846068635568173 -0.22792673485377757 -0.22792673485377757 -0.36247727338247737 -0.22792673485377757 -0.22792673485377757 -0.33547284063822597 -0.32569286463140185 -0.22792673485377757 -0.22792673485377757 -0.22792673485377757 -0.22792673485377757 -0.22792673485377757 -0.22792673485377757 -0.22792673485377757 -0.22792673485377757 -0.22792673485377757 -0.24203169660618193 -0.22792673485377757 -0.22792673485377757 -0.1463197491294116 -0.22042650718697718 -0.1834986033585268 -0.18333289222395 -0.18528356058641587 -0.18505708147873406 -0.17010262685728972 -0.17010262685728972 -0.16644279176195498 -0.16292569319560318 -0.15151217254818247 -0.15015433761543776 -0.15076379179363636 -0.13718176774679253 -0.10717164796500567 -0.09834427903086175 -0.05646783131543406 -0.062096038318993206 -0.0540506367608819 -0.0540506367608819 -0.04316816363657956 -0.04639651613525776 -0.04639651613525776
-0.23115323117485265 -0.23115323117485265 -0.23115323117485265 -0.23115323117485265 -0.23115323117485265 -0.23115323117485265 -0.23115323117485265 -0.23115323117485265 -0.23115323117485265 -0.23115323117485265 -0.23115323117485265 -0.23115323117485265 -0.23115323117485265 -0.23115323117485265 -0.23115323117485265 -0.23115323117485265 -0.23115323117485265 -0.23115323117485265 -0.23115323117485265 -0.23115323117485265 -0.23115323117485265 -0.23115323117485265 -0.23115323117485265 -0.23115323117485265 -0.18680081060525894 -0.23115323117485265 -0.23115323117485265 -0.23115323117485265 -0.23115323117485265 -0.23115323117485265 -0.23115323117485265 -0.23115323117485265 -0.23115323117485265 -0.23115323117485265 -0.23115323117485265 -0.23115323117485265 -0.23115323117485265 -0.23115323117485265 -0.23115323117485265 -0.23115323117485265 -0.23115323117485265 -0.23115323117485265 -0.23115323117485265 -0.23115323117485265 -0.23115323117485265 -0.23115323117485265 -0.22792673485377757 -0.37598093290113627 -0.18680081060525894 -0.18680081060525894 -0.22792673485377757 -0.23115323117485265 -0.37598093290113627 -0.23115323117485265 -0.22792673485377757 -0.3132697370656484 -0.23115323117485265 -0.22792673485377757 -0.3679948786381074 -0.23115323117485265 -0.22792673485377757 -0.22792673485377757 -0.35313360905464525 -0.23115323117485265 -0.23115323117485265 -0.23115323117485265 -0.23115323117485265 -0.23115323117485265 -0.23115323117485265 -0.23115323117485265 -0.23115323117485265 -0.22792673485377757 -0.23115323117485265 -0.23115323117485265 -0.1463197491294116 -0.22042650718697718 -0.1834986033585268 -0.18333289222395 -0.18528356058641587 -0.18505708147873406 -0.17010262685728972 -0.17010262685728972 -0.16644279176195498 -0.16292569319560318 -0.15151217254818247 -0.15015433761543776 -0.15076379179363636 -0.13718176774679253 -0.10717164796500567 -0.09834427903086175 -0.05646783131543406 -0.062096038318993206 -0.0540506367608819 -0.0540506367608819 -0.04316816363657956 -0.04639651613525776 -0.04639651613525776
-0.22792673485377757 -0.22792673485377757 -0.22792673485377757 -0.22792673485377757 -0.22792673485377757 -0.22792673485377757 -0.22792673485377757 -0.22792673485377757 -0.22792673485377757 -0.22792673485377757 -0.22792673485377757 -0.22792673485377757 -0.22792673485377757 -0.22792673485377757 -0.22792673485377757 -0.22792673485377757 -0.22792673485377757 -0.22792673485377757 -0.22792673485377757 -0.22792673485377757 -0.22792673485377757 -0.22792673485377757 -0.22792673485377757 -0.22792673485377757 -0.18680081060525894 -0.22792673485377757 -0.22792673485377757 -0.22792673485377757 -0.22792673485377757 -0.22792673485377757 -0.22792673485377757 -0.22792673485377757 -0.22792673485377757 -0.22792673485377757 -0.22792673485377757 -0.22792673485377757 -0.22792673485377757 -0.22792673485377757 -0.22792673485377757 -0.22792673485377757 -0.22792673485377757 -0.22792673485377757 -0.22792673485377757 -0.22792673485377757 -0.22792673485377757 -0.22792673485377757 -0.36247727338247737 -0.22792673485377757 -0.18680081060525894 -0.18680081060525894 -0.37437180043985013 -0.22792673485377757 -0.22792673485377757 -0.22792673485377757 -0.36821473726990045 -0.22792673485377757 -0.22792673485377757 -0.36247727338247737 -0.22792673485377757 -0.22792673485377757 -0.33547284063822597 -0.32569286463140185 -0.22792673485377757 -0.22792673485377757 -0.22792673485377757 -0.22792673485377757 -0.22792673485377757 -0.22792673485377757 -0.22792673485377757 -0.22792673485377757 -0.22792673485377757 -0.24203169660618193 -0.22792673485377757 -0.22792673485377757 -0.1463197491294116 -0.22042650718697718 -0.1834986033585268 -0.18333289222395 -0.18528356058641587 -0.18505708147873406 -0.17010262685728972 -0.17010262685728972 -0.16644279176195498 -0.16292569319560318 -0.15151217254818247 -0.15015433761543776 -0.15076379179363636 -0.13718176774679253 -0.10717164796500567 -0.09834427903086175 -0.05646783131543406 -0.062096038318993206 -0.0540506367608819 -0.0540506367608819 -0.04316816363657956 -0.04639651613525776 -0.04639651613525776
-0.23115323117485265 -0.23115323117485265 -0.23115323117485265 -0.23115323117485265 -0.23115323117485265 -0.23115323117485265 -0.23115323117485265 -0.23115323117485265 -0.23115323117485265 -0.23115323117485265 -0.23115323117485265 -0.23115323117485265 -0.23115323117485265 -0.23115323117485265 -0.23115323117485265 -0.23115323117485265 -0.23115323117485265 -0.23115323117485265 -0.23115323117485265 -0.23115323117485265 -0.23115323117485265 -0.23115323117485265 -0.23115323117485265 -0.23115323117485265 -0.18680081060525894 -0.23115323117485265 -0.23115323117485265 -0.23115323117485265 -0.23115323117485265 -0.23115323117485265 -0.23115323117485265 -0.23115323117485265 -0.23115323117485265 -0.23115323117485265 -0.23115323117485265 -0.23115323117485265 -0.23115323117485265 -0.23115323117485265 -0.23115323117485265 -0.23115323117485265 -0.23115323117485265 -0.23115323117485265 -0.23115323117485265 -0.23115323117485265 -0.23115323117485265 -0.23115323117485265 -0.22792673485377757 -0.3666850833368909 -0.18680081060525894 -0.18680081060525894 -0.22792673485377757 -0.23115323117485265 -0.3666850833368909 -0.23115323117485265 -0.22792673485377757 -0.3132697370656484 -0.23115323117485265 -0.22792673485377757 -0.3666850833368909 -0.23115323117485265 -0.22792673485377757 -0.22792673485377757 -0.35313360905464525 -0.23115323117485265 -0.23115323117485265 -0.23115323117485265 -0.23115323117485265 -0.23115323117485265 -0.23115323117485265 -0.23115323117485265 -0.23115323117485265 -0.22792673485377757 -0.23115323117485265 -0.23115323117485265 -0.1463197491294116 -0.22042650718697718 -0.1834986033585268 -0.18333289222395 -0.18528356058641587 -0.18505708147873406 -0.17010262685728972 -0.17010262685728972 -0.16644279176195498 -0.16292569319560318 -0.15151217254818247 -0.15015433761543776 -0.15076379179363636 -0.13718176774679253 -0.10717164796500567 -0.09834427903086175 -0.05646783131543406 -0.062096038318993206 -0.0540506367608819 -0.0540506367608819 -0.04316816363657956 -0.04639651613525776 -0.04639651613525776
-0.22792673485377757 -0.22792673485377757 -0.22792673485377757 -0.22792673485377757 -0.22792673485377757 -0.22792673485377757 -0.22792673485377757 -0.22792673485377757 -0.22792673485377757 -0.22792673485377757 -0.22792673485377757 -0.22792673485377757 -0.22792673485377757 -0.22792673485377757 -0.22792673485377757 -0.22792673485377757 -0.22792673485377757 -0.22792673485377757 -0.22792673485377757 -0.22792673485377757 -0.22792673485377757 -0.22792673485377757 -0.22792673485377757 -0.22792673485377757 -0.18680081060525894 -0.22792673485377757 -0.22792673485377757 -0.22792673485377757 -0.22792673485377757 -0.22792673485377757 -0.22792673485377757 -0.22792673485377757 -0.22792673485377757 -0.22792673485377757 -0.22792673485377757 -0.22792673485377757 -0.22792673485377757 -0.22792673485377757 -0.22792673485377757 -0.22792673485377757 -0.22792673485377757 -0.22792673485377757 -0.22792673485377757 -0.22792673485377757 -0.22792673485377757 -0.22792673485377757 -0.3647590824414092 -0.22792673485377757 -0.18680081060525894 -0.18680081060525894 -0.36247727338247737 -0.22792673485377757 -0.22792673485377757 -0.22792673485377757 -0.36247727338247737 -0.22792673485377757 -0.22792673485377757 -0.3647590824414092 -0.22792673485377757 -0.22792673485377757 -0.33547284063822597 -0.32569286463140185 -0.22792673485377757 -0.22792673485377757 -0.22792673485377757 -0.22792673485377757 -0.22792673485377757 -0.22792673485377757 -0.22792673485377757 -0.22792673485377757 -0.22792673485377757 -0.24203169660618193 -0.22792673485377757 -0.22792673485377757 -0.1463197491294116 -0.22042650718697718 -0.1834986033585268 -0.18333289222395 -0.18528356058641587 -0.18505708147873406 -0.17010262685728972 -0.17010262685728972 -0.16644279176195498 -0.16292569319560318 -0.15151217254818247 -0.15015433761543776 -0.15076379179363636 -0.13718176774679253 -0.10717164796500567 -0.09834427903086175 -0.05646783131543406 -0.062096038318993206 -0.0540506367608819 -0.0540506367608819 -0.04316816363657956 -0.04639651613525776 -0.04639651613525776
-0.23115323117485265 -0.23115323117485265 -0.23115323117485265 -0.23115323117485265 -0.23115323117485265 -0.23115323117485265 -0.23115323117485265 -0.23115323117485265 -0.23115323117485265 -0.23115323117485265 -0.23115323117485265 -0.23115323117485265 -0.23115323117485265 -0.23115323117485265 -0.23115323117485265 -0.23115323117485265 -0.23115323117485265 -0.23115323117485265 -0.23115323117485265 -0.23115323117485265 -0.23115323117485265 -0.23115323117485265 -0.23115323117485265 -0.23115323117485265 -0.18680081060525894 -0.23115323117485265 -0.23115323117485265 -0.23115323117485265 -0.23115323117485265 -0.23115323117485265 -0.23115323117485265 -0.23115323117485265 -0.23115323117485265 -0.23115323117485265 -0.23115323117485265 -0.23115323117485265 -0.23115323117485265 -0.23115323117485265 -0.23115323117485265 -0.23115323117485265 -0.23115323117485265 -0.23115323117485265 -0.23115323117485265 -0.23115323117485265 -0.23115323117485265 -0.23115323117485265 -0.22792673485377757 -0.3132697370656484 -0.18680081060525894 -0.18680081060525894 -0.22792673485377757 -0.23115323117485265 -0.3132697370656484 -0.23115323117485265 -0.22792673485377757 -0.362481744685893 -0.23115323117485265 -0.22792673485377757 -0.3132697370656484 -0.23115323117485265 -0.22792673485377757 -0.22792673485377757 -0.3132697370656484 -0.23115323117485265 -0.23115323117485265 -0.23115323117485265 -0.23115323117485265 -0.23115323117485265 -0.23115323117485265 -0.23115323117485265 -0.23115323117485265 -0.22792673485377757 -0.23115323117485265 -0.23115323117485265 -0.1463197491294116 -0.22042650718697718 -0.1834986033585268 -0.18333289222395 -0.18528356058641587 -0.18505708147873406 -0.17010262685728972 -0.17010262685728972 -0.16644279176195498 -0.16292569319560318 -0.15151217254818247 -0.15015433761543776 -0.15076379179363636 -0.13718176774679253 -0.10717164796500567 -0.09834427903086175 -0.05646783131543406 -0.062096038318993206 -0.0540506367608819 -0.0540506367608819 -0.04316816363657956 -0.04639651613525776 -0.04639651613525776
-0.22792673485377757 -0.22792673485377757 -0.22792673485377757 -0.22792673485377757 -0.22792673485377757 -0.22792673485377757 -0.22792673485377757 -0.22792673485377757 -0.22792673485377757 -0.22792673485377757 -0.22792673485377757 -0.22792673485377757 -0.22792673485377757 -0.22792673485377757 -0.22792673485377757 -0.22792673485377757 -0.22792673485377757 -0.22792673485377757 -0.22792673485377757 -0.22792673485377757 -0.22792673485377757 -0.22792673485377757 -0.22792673485377757 -0.22792673485377757 -0.18680081060525894 -0.22792673485377757 -0.22792673485377757 -0.22792673485377757 -0.22792673485377757 -0.22792673485377757 -0.22792673485377757 -0.22792673485377757 -0.22792673485377757 -0.22792673485377757 -0.22792673485377757 -0.22792673485377757 -0.22792673485377757 -0.22792673485377757 -0.22792673485377757 -0.22792673485377757 -0.22792673485377757 -0.22792673485377757 -0.22792673485377757 -0.22792673485377757 -0.22792673485377757 -0.22792673485377757 -0.33547284063822597 -0.22792673485377757 -0.18680081060525894 -0.18680081060525894 -0.33547284063822597 -0.22792673485377757 -0.22792673485377757 -0.22792673485377757 -0.33547284063822597 -0.22792673485377757 -0.22792673485377757 -0.33547284063822597 -0.22792673485377757 -0.22792673485377757 -0.3615766356710014 -0.32569286463140185 -0.22792673485377757 -0.22792673485377757 -0.22792673485377757 -0.22792673485377757 -0.22792673485377757 -0.22792673485377757 -0.22792673485377757 -0.22792673485377757 -0.22792673485377757 -0.24203169660618193 -0.22792673485377757 -0.22792673485377757 -0.1463197491294116 -0.22042650718697718 -0.1834986033585268 -0.18333289222395 -0.18528356058641587 -0.18505708147873406 -0.17010262685728972 -0.17010262685728972 -0.16644279176195498 -0.16292569319560318 -0.15151217254818247 -0.15015433761543776 -0.15076379179363636 -0.13718176774679253 -0.10717164796500567 -0.09834427903086175 -0.05646783131543406 -0.062096038318993206 -0.0540506367608819 -0.0540506367608819 -0.04316816363657956 -0.04639651613525776 -0.04639651613525776
-0.22792673485377757 -0.22792673485377757 -0.22792673485377757 -0.22792673485377757 -0.22792673485377757 -0.22792673485377757 -0.22792673485377757 -0.22792673485377757 -0.22792673485377757 -0.22792673485377757 -0.22792673485377757 -0.22792673485377757 -0.22792673485377757 -0.22792673485377757 -0.22792673485377757 -0.22792673485377757 -0.22792673485377757 -0.22792673485377757 -0.22792673485377757 -0.22792673485377757 -0.22792673485377757 -0.22792673485377757 -0.22792673485377757 -0.22792673485377757 -0.18680081060525894 -0.22792673485377757 -0.22792673485377757 -0.22792673485377757 -0.22792673485377757 -0.22792673485377757 -0.22792673485377757 -0.22792673485377757 -0.22792673485377757 -0.22792673485377757 -0.22792673485377757 -0.22792673485377757 -0.22792673485377757 -0.22792673485377757 -0.22792673485377757 -0.22792673485377757 -0.22792673485377757 -0.22792673485377757 -0.22792673485377757 -0.22792673485377757 -0.22792673485377757 -0.22792673485377757 -0.22792673485377757 -0.22792673485377757 -0.18680081060525894 -0.18680081060525894 -0.22792673485377757 -0.22792673485377757 -0.22792673485377757 -0.22792673485377757 -0.22792673485377757 -0.22792673485377757 -0.22792673485377757 -0.22792673485377757 -0.22792673485377757 -0.22792673485377757 -0.22792673485377757 -0.22792673485377757 -0.22792673485377757 -0.22792673485377757 -0.22792673485377757 -0.22792673485377757 -0.22792673485377757 -0.22792673485377757 -0.22792673485377757 -0.22792673485377757 -0.22792673485377757 -0.22792673485377757 -0.22792673485377757 -0.22792673485377757 -0.1463197491294116 -0.22042650718697718 -0.1834986033585268 -0.18333289222395 -0.18528356058641587 -0.18505708147873406 -0.17010262685728972 -0.17010262685728972 -0.16644279176195498 -0.16292569319560318 -0.15151217254818247 -0.15015433761543776 -0.15076379179363636 -0.13718176774679253 -0.10717164796500567 -0.09834427903086175 -0.05646783131543406 -0.062096038318993206 -0.0540506367608819 -0.0540506367608819 -0.04316816363657956 -0.04639651613525776 -0.04639651613525776
-0.23115323117485265 -0.23115323117485265 -0.23115323117485265 -0.23115323117485265 -0.23115323117485265 -0.23115323117485265 -0.23115323117485265 -0.23115323117485265 -0.23115323117485265 -0.23115323117485265 -0.23115323117485265 -0.23115323117485265 -0.23115323117485265 -0.23115323117485265 -0.23115323117485265 -0.23115323117485265 -0.23115323117485265 -0.23115323117485265 -0.23115323117485265 -0.23115323117485265 -0.23115323117485265 -0.23115323117485265 -0.23115323117485265 -0.23115323117485265 -0.18680081060525894 -0.23115323117485265 -0.23115323117485265 -0.23115323117485265 -0.23115323117485265 -0.23115323117485265 -0.23115323117485265 -0.23115323117485265 -0.23115323117485265 -0.23115323117485265 -0.23115323117485265 -0.23115323117485265 -0.23115323117485265 -0.23115323117485265 -0.23115323117485265 -0.23115323117485265 -0.23115323117485265 -0.23115323117485265 -0.23115323117485265 -0.23115323117485265 -0.23115323117485265 -0.23115323117485265 -0.22792673485377757 -0.3259438969588966 -0.18680081060525894 -0.18680081060525894 -0.22792673485377757 -0.23115323117485265 -0.3259438969588966 -0.23115323117485265 -0.22792673485377757 -0.3132697370656484 -0.23115323117485265 -0.22792673485377757 -0.3259438969588966 -0.23115323117485265 -0.22792673485377757 -0.22792673485377757 -0.3259438969588966 -0.23115323117485265 -0.23115323117485265 -0.23115323117485265 -0.23115323117485265 -0.23115323117485265 -0.23115323117485265 -0.23115323117485265 -0.23115323117485265 -0.22792673485377757 -0.23115323117485265 -0.23115323117485265 -0.1463197491294116 -0.22042650718697718 -0.1834986033585268 -0.18333289222395 -0.18528356058641587 -0.18505708147873406 -0.17010262685728972 -0.17010262685728972 -0.16644279176195498 -0.16292569319560318 -0.15151217254818247 -0.15015433761543776 -0.15076379179363636 -0.13718176774679253 -0.10717164796500567 -0.09834427903086175 -0.05646783131543406 -0.062096038318993206 -0.0540506367608819 -0.0540506367608819 -0.04316816363657956 -0.04639651613525776 -0.04639651613525776
-0.22792673485377757 -0.22792673485377757 -0.22792673485377757 -0.22792673485377757 -0.22792673485377757 -0.22792673485377757 -0.22792673485377757 -0.22792673485377757 -0.22792673485377757 -0.22792673485377757 -0.22792673485377757 -0.22792673485377757 -0.22792673485377757 -0.22792673485377757 -0.22792673485377757 -0.22792673485377757 -0.22792673485377757 -0.22792673485377757 -0.22792673485377757 -0.22792673485377757 -0.22792673485377757 -0.22792673485377757 -0.22792673485377757 -0.22792673485377757 -0.18680081060525894 -0.22792673485377757 -0.22792673485377757 -0.22792673485377757 -0.22792673485377757 -0.22792673485377757 -0.22792673485377757 -0.22792673485377757 -0.22792673485377757 -0.22792673485377757 -0.22792673485377757 -0.22792673485377757 -0.22792673485377757 -0.22792673485377757 -0.22792673485377757 -0.22792673485377757 -0.22792673485377757 -0.22792673485377757 -0.22792673485377757 -0.22792673485377757 -0.22792673485377757 -0.22792673485377757 -0.3235588226912882 -0.22792673485377757 -0.18680081060525894 -0.18680081060525894 -0.3235588226912882 -0.22792673485377757 -0.22792673485377757 -0.22792673485377757 -0.3235588226912882 -0.22792673485377757 -0.22792673485377757 -0.3235588226912882 -0.22792673485377757 -0.22792673485377757 -0.3235588226912882 -0.3235588226912882 -0.22792673485377757 -0.22792673485377757 -0.22792673485377757 -0.22792673485377757 -0.22792673485377757 -0.22792673485377757 -0.22792673485377757 -0.22792673485377757 -0.22792673485377757 -0.24203169660618193 -0.22792673485377757 -0.22792673485377757 -0.1463197491294116 -0.22042650718697718 -0.1834986033585268 -0.18333289222395 -0.18528356058641587 -0.18505708147873406 -0.17010262685728972 -0.17010262685728972 -0.16644279176195498 -0.16292569319560318 -0.15151217254818247 -0.15015433761543776 -0.15076379179363636 -0.13718176774679253 -0.10717164796500567 -0.09834427903086175 -0.05646783131543406 -0.062096038318993206 -0.0540506367608819 -0.0540506367608819 -0.04316816363657956 -0.04639651613525776 -0.04639651613525776
-0.31898963918981976 -0.31898963918981976 -0.31898963918981976 -0.31898963918981976 -0.31898963918981976 -0.2677274293920085 -0.31898963918981976 -0.31898963918981976 -0.31898963918981976 -0.31898963918981976 -0.31898963918981976 -0.31898963918981976 -0.31898963918981976 -0.31898963918981976 -0.31898963918981976 -0.31898963918981976 -0.31898963918981976 -0.31898963918981976 -0.31898963918981976 -0.31898963918981976 -0.31898963918981976 -0.31898963918981976 -0.31898963918981976 -0.31898963918981976 -0.18680081060525894 -0.31898963918981976 -0.2677274293920085 -0.31898963918981976 -0.2677274293920085 -0.31898963918981976 -0.31898963918981976 -0.26243168892835433 -0.31898963918981976 -0.31898963918981976 -0.31898963918981976 -0.2677274293920085 -0.31898963918981976 -0.31898963918981976 -0.31898963918981976 -0.31898963918981976 -0.31898963918981976 -0.31898963918981976 -0.31898963918981976 -0.31898963918981976 -0.31898963918981976 -0.31898963918981976 -0.22792673485377757 -0.23115323117485265 -0.18680081060525894 -0.18680081060525894 -0.22792673485377757 -0.31898963918981976 -0.23115323117485265 -0.26243168892835433 -0.22792673485377757 -0.23115323117485265 -0.31898963918981976 -0.22792673485377757 -0.23115323117485265 -0.26243168892835433 -0.22792673485377757 -0.22792673485377757 -0.23115323117485265 -0.31898963918981976 -0.31898963918981976 -0.28592059511651297 -0.2677274293920085 -0.2677274293920085 -0.2677274293920085 -0.2954912211319098 -0.2677274293920085 -0.22792673485377757 -0.2580388130303047 -0.2404488369600046 -0.1463197491294116 -0.22042650718697718 -0.1834986033585268 -0.18333289222395 -0.18528356058641587 -0.18505708147873406 -0.17010262685728972 -0.17010262685728972 -0.16644279176195498 -0.16292569319560318 -0.15151217254818247 -0.15015433761543776 -0.15076379179363636 -0.13718176774679253 -0.10717164796500567 -0.09834427903086175 -0.05646783131543406 -0.062096038318993206 -0.0540506367608819 -0.0540506367608819 -0.04316816363657956 -0.04639651613525776 -0.04639651613525776
-0.3188373846759866 -0.3188373846759866 -0.3188373846759866 -0.3188373846759866 -0.3188373846759866 -0.2677274293920085 -0.3188373846759866 -0.3188373846759866 -0.3188373846759866 -0.3188373846759866 -0.3188373846759866 -0.3188373846759866 -0.3188373846759866 -0.3188373846759866 -0.3188373846759866 -0.3188373846759866 -0.3188373846759866 -0.3188373846759866 -0.3188373846759866 -0.3188373846759866 -0.3188373846759866 -0.3188373846759866 -0.3188373846759866 -0.3188373846759866 -0.18680081060525894 -0.3188373846759866 -0.2677274293920085 -0.3188373846759866 -0.2677274293920085 -0.3188373846759866 -0.3188373846759866 -0.26243168892835433 -0.3188373846759866 -0.3188373846759866 -0.3188373846759866 -0.2677274293920085 -0.3188373846759866 -0.3188373846759866 -0.3188373846759866 -0.3188373846759866 -0.3188373846759866 -0.3188373846759866 -0.3188373846759866 -0.3188373846759866 -0.3188373846759866 -0.3188373846759866 -0.22792673485377757 -0.23115323117485265 -0.18680081060525894 -0.18680081060525894 -0.22792673485377757 -0.3188373846759866 -0.23115323117485265 -0.26243168892835433 -0.22792673485377757 -0.23115323117485265 -0.3188373846759866 -0.22792673485377757 -0.23115323117485265 -0.26243168892835433 -0.22792673485377757 -0.22792673485377757 -0.23115323117485265 -0.3188373846759866 -0.3188373846759866 -0.28592059511651297 -0.2677274293920085 -0.2677274293920085 -0.2677274293920085 -0.2954912211319098 -0.2677274293920085 -0.22792673485377757 -0.2580388130303047 -0.2404488369600046 -0.1463197491294116 -0.22042650718697718 -0.1834986033585268 -0.18333289222395 -0.18528356058641587 -0.18505708147873406 -0.17010262685728972 -0.17010262685728972 -0.16644279176195498 -0.16292569319560318 -0.15151217254818247 -0.15015433761543776 -0.15076379179363636 -0.13718176774679253 -0.10717164796500567 -0.09834427903086175 -0.05646783131543406 -0.062096038318993206 -0.0540506367608819 -0.0540506367608819 -0.04316816363657956 -0.04639651613525776 -0.04639651613525776
-0.28592059511651297 -0.28592059511651297 -0.28592059511651297 -0.28592059511651297 -0.28592059511651297 -0.2677274293920085 -0.28592059511651297 -0.28592059511651297 -0.28592059511651297 -0.28592059511651297 -0.28592059511651297 -0.28592059511651297 -0.28592059511651297 -0.28592059511651297 -0.28592059511651297 -0.28592059511651297 -0.28592059511651297 -0.28592059511651297 -0.28592059511651297 -0.28592059511651297 -0.28592059511651297 -0.28592059511651297 -0.28592059511651297 -0.28592059511651297 -0.18680081060525894 -0.28592059511651297 -0.2677274293920085 -0.28592059511651297 -0.2677274293920085 -0.28592059511651297 -0.28592059511651297 -0.26243168892835433 -0.28592059511651297 -0.28592059511651297 -0.28592059511651297 -0.2677274293920085 -0.28592059511651297 -0.28592059511651297 -0.28592059511651297 -0.28592059511651297 -0.28592059511651297 -0.28592059511651297 -0.28592059511651297 -0.28592059511651297 -0.28592059511651297 -0.28592059511651297 -0.22792673485377757 -0.23115323117485265 -0.18680081060525894 -0.18680081060525894 -0.22792673485377757 -0.28592059511651297 -0.23115323117485265 -0.26243168892835433 -0.22792673485377757 -0.23115323117485265 -0.28592059511651297 -0.22792673485377757 -0.23115323117485265 -0.26243168892835433 -0.22792673485377757 -0.22792673485377757 -0.23115323117485265 -0.28592059511651297 -0.28592059511651297 -0.28592059511651297 -0.2677274293920085 -0.2677274293920085 -0.2677274293920085 -0.28592059511651297 -0.2677274293920085 -0.22792673485377757 -0.2580388130303047 -0.2404488369600046 -0.1463197491294116 -0.22042650718697718 -0.1834986033585268 -0.18333289222395 -0.18528356058641587 -0.18505708147873406 -0.17010262685728972 -0.17010262685728972 -0.16644279176195498 -0.16292569319560318 -0.15151217254818247 -0.15015433761543776 -0.15076379179363636 -0.13718176774679253 -0.10717164796500567 -0.09834427903086175 -0.05646783131543406 -0.062096038318993206 -0.0540506367608819 -0.0540506367608819 -0.04316816363657956 -0.04639651613525776 -0.04639651613525776
-0.2954912211319098 -0.2954912211319098 -0.2954912211319098 -0.2954912211319098 -0.2954912211319098 -0.2677274293920085 -0.2954912211319098 -0.2954912211319098 -0.2954912211319098 -0.2954912211319098 -0.2954912211319098 -0.2954912211319098 -0.2954912211319098 -0.2954912211319098 -0.2954912211319098 -0.2954912211319098 -0.2954912211319098 -0.2954912211319098 -0.2954912211319098 -0.2954912211319098 -0.2954912211319098 -0.2954912211319098 -0.2954912211319098 -0.2954912211319098 -0.18680081060525894 -0.2954912211319098 -0.2677274293920085 -0.2954912211319098 -0.2677274293920085 -0.2954912211319098 -0.2954912211319098 -0.26243168892835433 -0.2954912211319098 -0.2954912211319098 -0.2954912211319098 -0.2677274293920085 -0.2954912211319098 -0.2954912211319098 -0.2954912211319098 -0.2954912211319098 -0.2954912211319098 -0.2954912211319098 -0.2954912211319098 -0.2954912211319098 -0.2954912211319098 -0.2954912211319098 -0.22792673485377757 -0.23115323117485265 -0.18680081060525894 -0.18680081060525894 -0.22792673485377757 -0.2954912211319098 -0.23115323117485265 -0.26243168892835433 -0.22792673485377757 -0.23115323117485265 -0.2954912211319098 -0.22792673485377757 -0.23115323117485265 -0.26243168892835433 -0.22792673485377757 -0.22792673485377757 -0.23115323117485265 -0.2954912211319098 -0.2954912211319098 -0.28592059511651297 -0.2677274293920085 -0.2677274293920085 -0.2677274293920085 -0.2954912211319098 -0.2677274293920085 -0.22792673485377757 -0.2580388130303047 -0.2404488369600046 -0.1463197491294116 -0.22042650718697718 -0.1834986033585268 -0.18333289222395 -0.18528356058641587 -0.18505708147873406 -0.17010262685728972 -0.17010262685728972 -0.16644279176195498 -0.16292569319560318 -0.15151217254818247 -0.15015433761543776 -0.15076379179363636 -0.13718176774679253 -0.10717164796500567 -0.09834427903086175 -0.05646783131543406 -0.062096038318993206 -0.0540506367608819 -0.0540506367608819 -0.04316816363657956 -0.04639651613525776 -0.04639651613525776
-0.17010262685728972 -0.17010262685728972 -0.17010262685728972 -0.17010262685728972 -0.17010262685728972 -0.17010262685728972 -0.17010262685728972 -0.17010262685728972 -0.17010262685728972 -0.17010262685728972 -0.17010262685728972 -0.17010262685728972 -0.17010262685728972 -0.17010262685728972 -0.17010262685728972 -0.17010262685728972 -0.17010262685728972 -0.17010262685728972 -0.17010262685728972 -0.17010262685728972 -0.17010262685728972 -0.17010262685728972 -0.17010262685728972 -0.17010262685728972 -0.17010262685728972 -0.17010262685728972 -0.17010262685728972 -0.17010262685728972 -0.17010262685728972 -0.17010262685728972 -0.17010262685728972 -0.17010262685728972 -0.17010262685728972 -0.17010262685728972 -0.17010262685728972 -0.17010262685728972 -0.17010262685728972 -0.17010262685728972 -0.17010262685728972 -0.17010262685728972 -0.17010262685728972 -0.17010262685728972 -0.17010262685728972 -0.17010262685728972 -0.17010262685728972 -0.17010262685728972 -0.17010262685728972 -0.17010262685728972 -0.17010262685728972 -0.17010262685728972 -0.17010262685728972 -0.17010262685728972 -0.17010262685728972 -0.17010262685728972 -0.17010262685728972 -0.17010262685728972 -0.17010262685728972 -0.17010262685728972 -0.17010262685728972 -0.17010262685728972 -0.17010262685728972 -0.17010262685728972 -0.17010262685728972 -0.17010262685728972 -0.17010262685728972 -0.17010262685728972 -0.17010262685728972 -0.17010262685728972 -0.17010262685728972 -0.17010262685728972 -0.17010262685728972 -0.17010262685728972 -0.17010262685728972 -0.17010262685728972 -0.1463197491294116 -0.17010262685728972 -0.17010262685728972 -0.17010262685728972 -0.17010262685728972 -0.17010262685728972 -0.17010262685728972 -0.17010262685728972 -0.16644279176195498 -0.16292569319560318 -0.15151217254818247 -0.15015433761543776 -0.15076379179363636 -0.13718176774679253 -0.10717164796500567 -0.09834427903086175 -0.05646783131543406 -0.062096038318993206 -0.0540506367608819 -0.0540506367608819 -0.04316816363657956 -0.04639651613525776 -0.04639651613525776
-0.17010262685728972 -0.17010262685728972 -0.17010262685728972 -0.17010262685728972 -0.17010262685728972 -0.17010262685728972 -0.17010262685728972 -0.17010262685728972 -0.17010262685728972 -0.17010262685728972 -0.17010262685728972 -0.17010262685728972 -0.17010262685728972 -0.17010262685728972 -0.17010262685728972 -0.17010262685728972 -0.17010262685728972 -0.17010262685728972 -0.17010262685728972 -0.17010262685728972 -0.17010262685728972 -0.17010262685728972 -0.17010262685728972 -0.17010262685728972 -0.17010262685728972 -0.17010262685728972 -0.17010262685728972 -0.17010262685728972 -0.17010262685728972 -0.17010262685728972 -0.17010262685728972 -0.17010262685728972 -0.17010262685728972 -0.17010262685728972 -0.17010262685728972 -0.17010262685728972 -0.17010262685728972 -0.17010262685728972 -0.17010262685728972 -0.17010262685728972 -0.17010262685728972 -0.17010262685728972 -0.17010262685728972 -0.17010262685728972 -0.17010262685728972 -0.17010262685728972 -0.17010262685728972 -0.17010262685728972 -0.17010262685728972 -0.17010262685728972 -0.17010262685728972 -0.17010262685728972 -0.17010262685728972 -0.17010262685728972 -0.17010262685728972 -0.17010262685728972 -0.17010262685728972 -0.17010262685728972 -0.17010262685728972 -0.17010262685728972 -0.17010262685728972 -0.17010262685728972 -0.17010262685728972 -0.17010262685728972 -0.17010262685728972 -0.17010262685728972 -0.17010262685728972 -0.17010262685728972 -0.17010262685728972 -0.17010262685728972 -0.17010262685728972 -0.17010262685728972 -0.17010262685728972 -0.17010262685728972 -0.1463197491294116 -0.17010262685728972 -0.17010262685728972 -0.17010262685728972 -0.17010262685728972 -0.17010262685728972 -0.17010262685728972 -0.17010262685728972 -0.16644279176195498 -0.16292569319560318 -0.15151217254818247 -0.15015433761543776 -0.15076379179363636 -0.13718176774679253 -0.10717164796500567 -0.09834427903086175 -0.05646783131543406 -0.062096038318993206 -0.0540506367608819 -0.0540506367608819 -0.04316816363657956 -0.04639651613525776 -0.04639651613525776
-0.2580388130303047 -0.2580388130303047 -0.2580388130303047 -0.2580388130303047 -0.2580388130303047 -0.2580388130303047 -0.2580388130303047 -0.2580388130303047 -0.2580388130303047 -0.2580388130303047 -0.2580388130303047 -0.2580388130303047 -0.2580388130303047 -0.2580388130303047 -0.2580388130303047 -0.2580388130303047 -0.2580388130303047 -0.2580388130303047 -0.2580388130303047 -0.2580388130303047 -0.2580388130303047 -0.2580388130303047 -0.2580388130303047 -0.2580388130303047 -0.18680081060525894 -0.2580388130303047 -0.2580388130303047 -0.2580388130303047 -0.2580388130303047 -0.2580388130303047 -0.2580388130303047 -0.2580388130303047 -0.2580388130303047 -0.2580388130303047 -0.2580388130303047 -0.2580388130303047 -0.2580388130303047 -0.2580388130303047 -0.2580388130303047 -0.2580388130303047 -0.2580388130303047 -0.2580388130303047 -0.2580388130303047 -0.2580388130303047 -0.2580388130303047 -0.2580388130303047 -0.22792673485377757 -0.23115323117485265 -0.18680081060525894 -0.18680081060525894 -0.22792673485377757 -0.2580388130303047 -0.23115323117485265 -0.2580388130303047 -0.22792673485377757 -0.23115323117485265 -0.2580388130303047 -0.22792673485377757 -0.23115323117485265 -0.2580388130303047 -0.22792673485377757 -0.22792673485377757 -0.23115323117485265 -0.2580388130303047 -0.2580388130303047 -0.2580388130303047 -0.2580388130303047 -0.2580388130303047 -0.2580388130303047 -0.2580388130303047 -0.2580388130303047 -0.22792673485377757 -0.2580388130303047 -0.2404488369600046 -0.1463197491294116 -0.22042650718697718 -0.1834986033585268 -0.18333289222395 -0.18528356058641587 -0.18505708147873406 -0.17010262685728972 -0.17010262685728972 -0.16644279176195498 -0.16292569319560318 -0.15151217254818247 -0.15015433761543776 -0.15076379179363636 -0.13718176774679253 -0.10717164796500567 -0.09834427903086175 -0.05646783131543406 -0.062096038318993206 -0.0540506367608819 -0.0540506367608819 -0.04316816363657956 -0.04639651613525776 -0.04639651613525776
-0.2906149510758182 -0.2906149510758182 -0.2906149510758182 -0.2906149510758182 -0.2906149510758182 -0.2677274293920085 -0.2906149510758182 -0.2906149510758182 -0.2906149510758182 -0.2906149510758182 -0.2906149510758182 -0.2906149510758182 -0.2906149510758182 -0.2906149510758182 -0.2906149510758182 -0.2906149510758182 -0.2906149510758182 -0.2906149510758182 -0.2906149510758182 -0.2906149510758182 -0.2906149510758182 -0.2906149510758182 -0.2906149510758182 -0.2906149510758182 -0.18680081060525894 -0.2906149510758182 -0.2677274293920085 -0.2906149510758182 -0.2677274293920085 -0.2906149510758182 -0.2906149510758182 -0.26243168892835433 -0.2906149510758182 -0.2906149510758182 -0.2906149510758182 -0.2677274293920085 -0.2906149510758182 -0.2906149510758182 -0.2906149510758182 -0.2906149510758182 -0.2906149510758182 -0.2906149510758182 -0.2906149510758182 -0.2906149510758182 -0.2906149510758182 -0.2906149510758182 -0.22792673485377757 -0.23115323117485265 -0.18680081060525894 -0.18680081060525894 -0.22792673485377757 -0.2906149510758182 -0.23115323117485265 -0.26243168892835433 -0.22792673485377757 -0.23115323117485265 -0.2906149510758182 -0.22792673485377757 -0.23115323117485265 -0.26243168892835433 -0.22792673485377757 -0.22792673485377757 -0.23115323117485265 -0.2906149510758182 -0.2906149510758182 -0.28592059511651297 -0.2677274293920085 -0.2677274293920085 -0.2677274293920085 -0.2906149510758182 -0.2677274293920085 -0.22792673485377757 -0.2580388130303047 -0.2404488369600046 -0.1463197491294116 -0.22042650718697718 -0.1834986033585268 -0.18333289222395 -0.18528356058641587 -0.18505708147873406 -0.17010262685728972 -0.17010262685728972 -0.16644279176195498 -0.16292569319560318 -0.15151217254818247 -0.15015433761543776 -0.15076379179363636 -0.13718176774679253 -0.10717164796500567 -0.09834427903086175 -0.05646783131543406 -0.062096038318993206 -0.0540506367608819 -0.0540506367608819 -0.04316816363657956 -0.04639651613525776 -0.04639651613525776
-0.23115323117485265 -0.23115323117485265 -0.23115323117485265 -0.23115323117485265 -0.23115323117485265 -0.23115323117485265 -0.23115323117485265 -0.23115323117485265 -0.23115323117485265 -0.23115323117485265 -0.23115323117485265 -0.23115323117485265 -0.23115323117485265 -0.23115323117485265 -0.23115323117485265 -0.23115323117485265 -0.23115323117485265 -0.23115323117485265 -0.23115323117485265 -0.23115323117485265 -0.23115323117485265 -0.23115323117485265 -0.23115323117485265 -0.23115323117485265 -0.18680081060525894 -0.23115323117485265 -0.23115323117485265 -0.23115323117485265 -0.23115323117485265 -0.23115323117485265 -0.23115323117485265 -0.23115323117485265 -0.23115323117485265 -0.23115323117485265 -0.23115323117485265 -0.23115323117485265 -0.23115323117485265 -0.23115323117485265 -0.23115323117485265 -0.23115323117485265 -0.23115323117485265 -0.23115323117485265 -0.23115323117485265 -0.23115323117485265 -0.23115323117485265 -0.23115323117485265 -0.22792673485377757 -0.28470416450226727 -0.18680081060525894 -0.18680081060525894 -0.22792673485377757 -0.23115323117485265 -0.28470416450226727 -0.23115323117485265 -0.22792673485377757 -0.28470416450226727 -0.23115323117485265 -0.22792673485377757 -0.28470416450226727 -0.23115323117485265 -0.22792673485377757 -0.22792673485377757 -0.28470416450226727 -0.23115323117485265 -0.23115323117485265 -0.23115323117485265 -0.23115323117485265 -0.23115323117485265 -0.23115323117485265 -0.23115323117485265 -0.23115323117485265 -0.22792673485377757 -0.23115323117485265 -0.23115323117485265 -0.1463197491294116 -0.22042650718697718 -0.1834986033585268 -0.18333289222395 -0.18528356058641587 -0.18505708147873406 -0.17010262685728972 -0.17010262685728972 -0.16644279176195498 -0.16292569319560318 -0.15151217254818247 -0.15015433761543776 -0.15076379179363636 -0.13718176774679253 -0.10717164796500567 -0.09834427903086175 -0.05646783131543406 -0.062096038318993206 -0.0540506367608819 -0.0540506367608819 -0.04316816363657956 -0.04639651613525776 -0.04639651613525776
-0.28034332967312836 -0.28034332967312836 -0.28034332967312836 -0.28034332967312836 -0.28034332967312836 -0.2677274293920085 -0.28034332967312836 -0.28034332967312836 -0.28034332967312836 -0.28034332967312836 -0.28034332967312836 -0.28034332967312836 -0.28034332967312836 -0.28034332967312836 -0.28034332967312836 -0.28034332967312836 -0.28034332967312836 -0.28034332967312836 -0.28034332967312836 -0.28034332967312836 -0.28034332967312836 -0.28034332967312836 -0.28034332967312836 -0.28034332967312836 -0.18680081060525894 -0.28034332967312836 -0.2677274293920085 -0.28034332967312836 -0.2677274293920085 -0.28034332967312836 -0.28034332967312836 -0.26243168892835433 -0.28034332967312836 -0.28034332967312836 -0.28034332967312836 -0.2677274293920085 -0.28034332967312836 -0.28034332967312836 -0.28034332967312836 -0.28034332967312836 -0.28034332967312836 -0.28034332967312836 -0.28034332967312836 -0.28034332967312836 -0.28034332967312836 -0.28034332967312836 -0.22792673485377757 -0.23115323117485265 -0.18680081060525894 -0.18680081060525894 -0.22792673485377757 -0.28034332967312836 -0.23115323117485265 -0.26243168892835433 -0.22792673485377757 -0.23115323117485265 -0.28034332967312836 -0.22792673485377757 -0.23115323117485265 -0.26243168892835433 -0.22792673485377757 -0.22792673485377757 -0.23115323117485265 -0.28034332967312836 -0.28034332967312836 -0.28034332967312836 -0.2677274293920085 -0.2677274293920085 -0.2677274293920085 -0.28034332967312836 -0.2677274293920085 -0.22792673485377757 -0.2580388130303047 -0.2404488369600046 -0.1463197491294116 -0.22042650718697718 -0.1834986033585268 -0.18333289222395 -0.18528356058641587 -0.18505708147873406 -0.17010262685728972 -0.17010262685728972 -0.16644279176195498 -0.16292569319560318 -0.15151217254818247 -0.15015433761543776 -0.15076379179363636 -0.13718176774679253 -0.10717164796500567 -0.09834427903086175 -0.05646783131543406 -0.062096038318993206 -0.0540506367608819 -0.0540506367608819 -0.04316816363657956 -0.04639651613525776 -0.04639651613525776
-0.23115323117485265 -0.23115323117485265 -0.23115323117485265 -0.23115323117485265 -0.23115323117485265 -0.23115323117485265 -0.23115323117485265 -0.23115323117485265 -0.23115323117485265 -0.23115323117485265 -0.23115323117485265 -0.23115323117485265 -0.23115323117485265 -0.23115323117485265 -0.23115323117485265 -0.23115323117485265 -0.23115323117485265 -0.23115323117485265 -0.23115323117485265 -0.23115323117485265 -0.23115323117485265 -0.23115323117485265 -0.23115323117485265 -0.23115323117485265 -0.18680081060525894 -0.23115323117485265 -0.23115323117485265 -0.23115323117485265 -0.23115323117485265 -0.23115323117485265 -0.23115323117485265 -0.23115323117485265 -0.23115323117485265 -0.23115323117485265 -0.23115323117485265 -0.23115323117485265 -0.23115323117485265 -0.23115323117485265 -0.23115323117485265 -0.23115323117485265 -0.23115323117485265 -0.23115323117485265 -0.23115323117485265 -0.23115323117485265 -0.23115323117485265 -0.23115323117485265 -0.22792673485377757 -0.2794804736476434 -0.18680081060525894 -0.18680081060525894 -0.22792673485377757 -0.23115323117485265 -0.2794804736476434 -0.23115323117485265 -0.22792673485377757 -0.2794804736476434 -0.23115323117485265 -0.22792673485377757 -0.2794804736476434 -0.23115323117485265 -0.22792673485377757 -0.22792673485377757 -0.2794804736476434 -0.23115323117485265 -0.23115323117485265 -0.23115323117485265 -0.23115323117485265 -0.23115323117485265 -0.23115323117485265 -0.23115323117485265 -0.23115323117485265 -0.22792673485377757 -0.23115323117485265 -0.23115323117485265 -0.1463197491294116 -0.22042650718697718 -0.1834986033585268 -0.18333289222395 -0.18528356058641587 -0.18505708147873406 -0.17010262685728972 -0.17010262685728972 -0.16644279176195498 -0.16292569319560318 -0.15151217254818247 -0.15015433761543776 -0.15076379179363636 -0.13718176774679253 -0.10717164796500567 -0.09834427903086175 -0.05646783131543406 -0.062096038318993206 -0.0540506367608819 -0.0540506367608819 -0.04316816363657956 -0.04639651613525776 -0.04639651613525776
-0.22792673485377757 -0.22792673485377757 -0.22792673485377757 -0.22792673485377757 -0.22792673485377757 -0.22792673485377757 -0.22792673485377757 -0.22792673485377757 -0.22792673485377757 -0.22792673485377757 -0.22792673485377757 -0.22792673485377757 -0.22792673485377757 -0.22792673485377757 -0.22792673485377757 -0.22792673485377757 -0.22792673485377757 -0.22792673485377757 -0.22792673485377757 -0.22792673485377757 -0.22792673485377757 -0.22792673485377757 -0.22792673485377757 -0.22792673485377757 -0.18680081060525894 -0.22792673485377757 -0.22792673485377757 -0.22792673485377757 -0.22792673485377757 -0.22792673485377757 -0.22792673485377757 -0.22792673485377757 -0.22792673485377757 -0.22792673485377757 -0.22792673485377757 -0.22792673485377757 -0.22792673485377757 -0.22792673485377757 -0.22792673485377757 -0.22792673485377757 -0.22792673485377757 -0.22792673485377757 -0.22792673485377757 -0.22792673485377757 -0.22792673485377757 -0.22792673485377757 -0.2774122590922447 -0.22792673485377757 -0.18680081060525894 -0.18680081060525894 -0.2774122590922447 -0.22792673485377757 -0.22792673485377757 -0.22792673485377757 -0.2774122590922447 -0.22792673485377757 -0.22792673485377757 -0.2774122590922447 -0.22792673485377757 -0.22792673485377757 -0.2774122590922447 -0.2774122590922447 -0.22792673485377757 -0.22792673485377757 -0.22792673485377757 -0.22792673485377757 -0.22792673485377757 -0.22792673485377757 -0.22792673485377757 -0.22792673485377757 -0.22792673485377757 -0.24203169660618193 -0.22792673485377757 -0.22792673485377757 -0.1463197491294116 -0.22042650718697718 -0.1834986033585268 -0.18333289222395 -0.18528356058641587 -0.18505708147873406 -0.17010262685728972 -0.17010262685728972 -0.16644279176195498 -0.16292569319560318 -0.15151217254818247 -0.15015433761543776 -0.15076379179363636 -0.13718176774679253 -0.10717164796500567 -0.09834427903086175 -0.05646783131543406 -0.062096038318993206 -0.0540506367608819 -0.0540506367608819 -0.04316816363657956 -0.04639651613525776 -0.04639651613525776
-0.2438681042204958 -0.2438681042204958 -0.2438681042204958 -0.2438681042204958 -0.2438681042204958 -0.2438681042204958 -0.2438681042204958 -0.2438681042204958 -0.2438681042204958 -0.2438681042204958 -0.2438681042204958 -0.2438681042204958 -0.2438681042204958 -0.2438681042204958 -0.2438681042204958 -0.2438681042204958 -0.2438681042204958 -0.2438681042204958 -0.2438681042204958 -0.2438681042204958 -0.2438681042204958 -0.2438681042204958 -0.2438681042204958 -0.2438681042204958 -0.18680081060525894 -0.2438681042204958 -0.2438681042204958 -0.2438681042204958 -0.2438681042204958 -0.2438681042204958 -0.2438681042204958 -0.2438681042204958 -0.2438681042204958 -0.2438681042204958 -0.2438681042204958 -0.2438681042204958 -0.2438681042204958 -0.2438681042204958 -0.2438681042204958 -0.2438681042204958 -0.2438681042204958 -0.2438681042204958 -0.2438681042204958 -0.2438681042204958 -0.2438681042204958 -0.2438681042204958 -0.22792673485377757 -0.23115323117485265 -0.18680081060525894 -0.18680081060525894 -0.22792673485377757 -0.2438681042204958 -0.23115323117485265 -0.2438681042204958 -0.22792673485377757 -0.23115323117485265 -0.2438681042204958 -0.22792673485377757 -0.23115323117485265 -0.2438681042204958 -0.22792673485377757 -0.22792673485377757 -0.23115323117485265 -0.2438681042204958 -0.2438681042204958 -0.2438681042204958 -0.2438681042204958 -0.2438681042204958 -0.2438681042204958 -0.2438681042204958 -0.2438681042204958 -0.22792673485377757 -0.2438681042204958 -0.2404488369600046 -0.1463197491294116 -0.22042650718697718 -0.1834986033585268 -0.18333289222395 -0.18528356058641587 -0.18505708147873406 -0.17010262685728972 -0.17010262685728972 -0.16644279176195498 -0.16292569319560318 -0.15151217254818247 -0.15015433761543776 -0.15076379179363636 -0.13718176774679253 -0.10717164796500567 -0.09834427903086175 -0.05646783131543406 -0.062096038318993206 -0.0540506367608819 -0.0540506367608819 -0.04316816363657956 -0.04639651613525776 -0.04639651613525776
-0.2161345675632288 -0.2161345675632288 -0.2161345675632288 -0.2161345675632288 -0.2161345675632288 -0.2161345675632288 -0.2161345675632288 -0.2161345675632288 -0.2161345675632288 -0.2161345675632288 -0.2161345675632288 -0.2161345675632288 -0.2161345675632288 -0.2161345675632288 -0.2161345675632288 -0.2161345675632288 -0.2161345675632288 -0.2161345675632288 -0.2161345675632288 -0.2161345675632288 -0.2161345675632288 -0.2161345675632288 -0.2161345675632288 -0.2161345675632288 -0.18680081060525894 -0.2161345675632288 -0.2161345675632288 -0.2161345675632288 -0.2161345675632288 -0.2161345675632288 -0.2161345675632288 -0.2161345675632288 -0.2161345675632288 -0.2161345675632288 -0.2161345675632288 -0.2161345675632288 -0.2161345675632288 -0.2161345675632288 -0.2161345675632288 -0.2161345675632288 -0.2161345675632288 -0.2161345675632288 -0.2161345675632288 -0.2161345675632288 -0.2161345675632288 -0.2161345675632288 -0.2161345675632288 -0.2161345675632288 -0.18680081060525894 -0.18680081060525894 -0.2161345675632288 -0.2161345675632288 -0.2161345675632288 -0.2161345675632288 -0.2161345675632288 -0.2161345675632288 -0.2161345675632288 -0.2161345675632288 -0.2161345675632288 -0.2161345675632288 -0.2161345675632288 -0.2161345675632288 -0.2161345675632288 -0.2161345675632288 -0.2161345675632288 -0.2161345675632288 -0.2161345675632288 -0.2161345675632288 -0.2161345675632288 -0.2161345675632288 -0.2161345675632288 -0.2161345675632288 -0.2161345675632288 -0.2161345675632288 -0.1463197491294116 -0.2161345675632288 -0.1834986033585268 -0.18333289222395 -0.18528356058641587 -0.18505708147873406 -0.17010262685728972 -0.17010262685728972 -0.16644279176195498 -0.16292569319560318 -0.15151217254818247 -0.15015433761543776 -0.15076379179363636 -0.13718176774679253 -0.10717164796500567 -0.09834427903086175 -0.05646783131543406 -0.062096038318993206 -0.0540506367608819 -0.0540506367608819 -0.04316816363657956 -0.04639651613525776 -0.04639651613525776
-0.20671604454089523 -0.20671604454089523 -0.20671604454089523 -0.20671604454089523 -0.20671604454089523 -0.20671604454089523 -0.20671604454089523 -0.20671604454089523 -0.20671604454089523 -0.20671604454089523 -0.20671604454089523 -0.20671604454089523 -0.20671604454089523 -0.20671604454089523 -0.20671604454089523 -0.20671604454089523 -0.20671604454089523 -0.20671604454089523 -0.20671604454089523 -0.20671604454089523 -0.20671604454089523 -0.20671604454089523 -0.20671604454089523 -0.20671604454089523 -0.18680081060525894 -0.20671604454089523 -0.20671604454089523 -0.20671604454089523 -0.20671604454089523 -0.20671604454089523 -0.20671604454089523 -0.20671604454089523 -0.20671604454089523 -0.20671604454089523 -0.20671604454089523 -0.20671604454089523 -0.20671604454089523 -0.20671604454089523 -0.20671604454089523 -0.20671604454089523 -0.20671604454089523 -0.20671604454089523 -0.20671604454089523 -0.20671604454089523 -0.20671604454089523 -0.20671604454089523 -0.20671604454089523 -0.20671604454089523 -0.18680081060525894 -0.18680081060525894 -0.20671604454089523 -0.20671604454089523 -0.20671604454089523 -0.20671604454089523 -0.20671604454089523 -0.20671604454089523 -0.20671604454089523 -0.20671604454089523 -0.20671604454089523 -0.20671604454089523 -0.20671604454089523 -0.20671604454089523 -0.20671604454089523 -0.20671604454089523 -0.20671604454089523 -0.20671604454089523 -0.20671604454089523 -0.20671604454089523 -0.20671604454089523 -0.20671604454089523 -0.20671604454089523 -0.20671604454089523 -0.20671604454089523 -0.20671604454089523 -0.1463197491294116 -0.20671604454089523 -0.1834986033585268 -0.18333289222395 -0.18528356058641587 -0.18505708147873406 -0.17010262685728972 -0.17010262685728972 -0.16644279176195498 -0.16292569319560318 -0.15151217254818247 -0.15015433761543776 -0.15076379179363636 -0.13718176774679253 -0.10717164796500567 -0.09834427903086175 -0.05646783131543406 -0.062096038318993206 -0.0540506367608819 -0.0540506367608819 -0.04316816363657956 -0.04639651613525776 -0.04639651613525776
-0.20621040865418042 -0.20621040865418042 -0.20621040865418042 -0.20621040865418042 -0.20621040865418042 -0.20621040865418042 -0.20621040865418042 -0.20621040865418042 -0.20621040865418042 -0.20621040865418042 -0.20621040865418042 -0.20621040865418042 -0.20621040865418042 -0.20621040865418042 -0.20621040865418042 -0.20621040865418042 -0.20621040865418042 -0.20621040865418042 -0.20621040865418042 -0.20621040865418042 -0.20621040865418042 -0.20621040865418042 -0.20621040865418042 -0.20621040865418042 -0.18680081060525894 -0.20621040865418042 -0.20621040865418042 -0.20621040865418042 -0.20621040865418042 -0.20621040865418042 -0.20621040865418042 -0.20621040865418042 -0.20621040865418042 -0.20621040865418042 -0.20621040865418042 -0.20621040865418042 -0.20621040865418042 -0.20621040865418042 -0.20621040865418042 -0.20621040865418042 -0.20621040865418042 -0.20621040865418042 -0.20621040865418042 -0.20621040865418042 -0.20621040865418042 -0.20621040865418042 -0.20621040865418042 -0.20621040865418042 -0.18680081060525894 -0.18680081060525894 -0.20621040865418042 -0.20621040865418042 -0.20621040865418042 -0.20621040865418042 -0.20621040865418042 -0.20621040865418042 -0.20621040865418042 -0.20621040865418042 -0.20621040865418042 -0.20621040865418042 -0.20621040865418042 -0.20621040865418042 -0.20621040865418042 -0.20621040865418042 -0.20621040865418042 -0.20621040865418042 -0.20621040865418042 -0.20621040865418042 -0.20621040865418042 -0.20621040865418042 -0.20621040865418042 -0.20621040865418042 -0.20621040865418042 -0.20621040865418042 -0.1463197491294116 -0.20621040865418042 -0.1834986033585268 -0.18333289222395 -0.18528356058641587 -0.18505708147873406 -0.17010262685728972 -0.17010262685728972 -0.16644279176195498 -0.16292569319560318 -0.15151217254818247 -0.15015433761543776 -0.15076379179363636 -0.13718176774679253 -0.10717164796500567 -0.09834427903086175 -0.05646783131543406 -0.062096038318993206 -0.0540506367608819 -0.0540506367608819 -0.04316816363657956 -0.04639651613525776 -0.04639651613525776
-0.19941852624156414 -0.19941852624156414 -0.19941852624156414 -0.19941852624156414 -0.19941852624156414 -0.19941852624156414 -0.19941852624156414 -0.19941852624156414 -0.19941852624156414 -0.19941852624156414 -0.19941852624156414 -0.19941852624156414 -0.19941852624156414 -0.19941852624156414 -0.19941852624156414 -0.19941852624156414 -0.19941852624156414 -0.19941852624156414 -0.19941852624156414 -0.19941852624156414 -0.19941852624156414 -0.19941852624156414 -0.19941852624156414 -0.19941852624156414 -0.18680081060525894 -0.19941852624156414 -0.19941852624156414 -0.19941852624156414 -0.19941852624156414 -0.19941852624156414 -0.19941852624156414 -0.19941852624156414 -0.19941852624156414 -0.19941852624156414 -0.19941852624156414 -0.19941852624156414 -0.19941852624156414 -0.19941852624156414 -0.19941852624156414 -0.19941852624156414 -0.19941852624156414 -0.19941852624156414 -0.19941852624156414 -0.19941852624156414 -0.19941852624156414 -0.19941852624156414 -0.19941852624156414 -0.19941852624156414 -0.18680081060525894 -0.18680081060525894 -0.19941852624156414 -0.19941852624156414 -0.19941852624156414 -0.19941852624156414 -0.19941852624156414 -0.19941852624156414 -0.19941852624156414 -0.19941852624156414 -0.19941852624156414 -0.19941852624156414 -0.19941852624156414 -0.19941852624156414 -0.19941852624156414 -0.19941852624156414 -0.19941852624156414 -0.19941852624156414 -0.19941852624156414 -0.19941852624156414 -0.19941852624156414 -0.19941852624156414 -0.19941852624156414 -0.19941852624156414 -0.19941852624156414 -0.19941852624156414 -0.1463197491294116 -0.19941852624156414 -0.1834986033585268 -0.18333289222395 -0.18528356058641587 -0.18505708147873406 -0.17010262685728972 -0.17010262685728972 -0.16644279176195498 -0.16292569319560318 -0.15151217254818247 -0.15015433761543776 -0.15076379179363636 -0.13718176774679253 -0.10717164796500567 -0.09834427903086175 -0.05646783131543406 -0.062096038318993206 -0.0540506367608819 -0.0540506367608819 -0.04316816363657956 -0.04639651613525776 -0.04639651613525776
-0.18447428635369426 -0.18447428635369426 -0.18447428635369426 -0.18447428635369426 -0.18447428635369426 -0.18447428635369426 -0.18447428635369426 -0.18447428635369426 -0.18447428635369426 -0.18447428635369426 -0.18447428635369426 -0.18447428635369426 -0.18447428635369426 -0.18447428635369426 -0.18447428635369426 -0.18447428635369426 -0.18447428635369426 -0.18447428635369426 -0.18447428635369426 -0.18447428635369426 -0.18447428635369426 -0.18447428635369426 -0.18447428635369426 -0.18447428635369426 -0.18447428635369426 -0.18447428635369426 -0.18447428635369426 -0.18447428635369426 -0.18447428635369426 -0.18447428635369426 -0.18447428635369426 -0.18447428635369426 -0.18447428635369426 -0.18447428635369426 -0.18447428635369426 -0.18447428635369426 -0.18447428635369426 -0.18447428635369426 -0.18447428635369426 -0.18447428635369426 -0.18447428635369426 -0.18447428635369426 -0.18447428635369426 -0.18447428635369426 -0.18447428635369426 -0.18447428635369426 -0.18447428635369426 -0.18447428635369426 -0.18447428635369426 -0.18447428635369426 -0.18447428635369426 -0.18447428635369426 -0.18447428635369426 -0.18447428635369426 -0.18447428635369426 -0.18447428635369426 -0.18447428635369426 -0.18447428635369426 -0.18447428635369426 -0.18447428635369426 -0.18447428635369426 -0.18447428635369426 -0.18447428635369426 -0.18447428635369426 -0.18447428635369426 -0.18447428635369426 -0.18447428635369426 -0.18447428635369426 -0.18447428635369426 -0.18447428635369426 -0.18447428635369426 -0.18447428635369426 -0.18447428635369426 -0.18447428635369426 -0.1463197491294116 -0.18447428635369426 -0.1834986033585268 -0.18333289222395 -0.18447428635369426 -0.18447428635369426 -0.17010262685728972 -0.17010262685728972 -0.16644279176195498 -0.16292569319560318 -0.15151217254818247 -0.15015433761543776 -0.15076379179363636 -0.13718176774679253 -0.10717164796500567 -0.09834427903086175 -0.05646783131543406 -0.062096038318993206 -0.0540506367608819 -0.0540506367608819 -0.04316816363657956 -0.04639651613525776 -0.04639651613525776
-0.17163848959646488 -0.17163848959646488 -0.17163848959646488 -0.17163848959646488 -0.17163848959646488 -0.17163848959646488 -0.17163848959646488 -0.17163848959646488 -0.17163848959646488 -0.17163848959646488 -0.17163848959646488 -0.17163848959646488 -0.17163848959646488 -0.17163848959646488 -0.17163848959646488 -0.17163848959646488 -0.17163848959646488 -0.17163848959646488 -0.17163848959646488 -0.17163848959646488 -0.17163848959646488 -0.17163848959646488 -0.17163848959646488 -0.17163848959646488 -0.17163848959646488 -0.17163848959646488 -0.17163848959646488 -0.17163848959646488 -0.17163848959646488 -0.17163848959646488 -0.17163848959646488 -0.17163848959646488 -0.17163848959646488 -0.17163848959646488 -0.17163848959646488 -0.17163848959646488 -0.17163848959646488 -0.17163848959646488 -0.17163848959646488 -0.17163848959646488 -0.17163848959646488 -0.17163848959646488 -0.17163848959646488 -0.17163848959646488 -0.17163848959646488 -0.17163848959646488 -0.17163848959646488 -0.17163848959646488 -0.17163848959646488 -0.17163848959646488 -0.17163848959646488 -0.17163848959646488 -0.17163848959646488 -0.17163848959646488 -0.17163848959646488 -0.17163848959646488 -0.17163848959646488 -0.17163848959646488 -0.17163848959646488 -0.17163848959646488 -0.17163848959646488 -0.17163848959646488 -0.17163848959646488 -0.17163848959646488 -0.17163848959646488 -0.17163848959646488 -0.17163848959646488 -0.17163848959646488 -0.17163848959646488 -0.17163848959646488 -0.17163848959646488 -0.17163848959646488 -0.17163848959646488 -0.17163848959646488 -0.1463197491294116 -0.17163848959646488 -0.17163848959646488 -0.17163848959646488 -0.17163848959646488 -0.17163848959646488 -0.17010262685728972 -0.17010262685728972 -0.16644279176195498 -0.16292569319560318 -0.15151217254818247 -0.15015433761543776 -0.15076379179363636 -0.13718176774679253 -0.10717164796500567 -0.09834427903086175 -0.05646783131543406 -0.062096038318993206 -0.0540506367608819 -0.0540506367608819 -0.04316816363657956 -0.04639651613525776 -0.04639651613525776
-0.1656505735727472 -0.1656505735727472 -0.1656505735727472 -0.1656505735727472 -0.1656505735727472 -0.1656505735727472 -0.1656505735727472 -0.1656505735727472 -0.1656505735727472 -0.1656505735727472 -0.1656505735727472 -0.1656505735727472 -0.1656505735727472 -0.1656505735727472 -0.1656505735727472 -0.1656505735727472 -0.1656505735727472 -0.1656505735727472 -0.1656505735727472 -0.1656505735727472 -0.1656505735727472 -0.1656505735727472 -0.1656505735727472 -0.1656505735727472 -0.1656505735727472 -0.1656505735727472 -0.1656505735727472 -0.1656505735727472 -0.1656505735727472 -0.1656505735727472 -0.1656505735727472 -0.1656505735727472 -0.1656505735727472 -0.1656505735727472 -0.1656505735727472 -0.1656505735727472 -0.1656505735727472 -0.1656505735727472 -0.1656505735727472 -0.1656505735727472 -0.1656505735727472 -0.1656505735727472 -0.1656505735727472 -0.1656505735727472 -0.1656505735727472 -0.1656505735727472 -0.1656505735727472 -0.1656505735727472 -0.1656505735727472 -0.1656505735727472 -0.1656505735727472 -0.1656505735727472 -0.1656505735727472 -0.1656505735727472 -0.1656505735727472 -0.1656505735727472 -0.1656505735727472 -0.1656505735727472 -0.1656505735727472 -0.1656505735727472 -0.1656505735727472 -0.1656505735727472 -0.1656505735727472 -0.1656505735727472 -0.1656505735727472 -0.1656505735727472 -0.1656505735727472 -0.1656505735727472 -0.1656505735727472 -0.1656505735727472 -0.1656505735727472 -0.1656505735727472 -0.1656505735727472 -0.1656505735727472 -0.1463197491294116 -0.1656505735727472 -0.1656505735727472 -0.1656505735727472 -0.1656505735727472 -0.1656505735727472 -0.1656505735727472 -0.1656505735727472 -0.1656505735727472 -0.16292569319560318 -0.15151217254818247 -0.15015433761543776 -0.15076379179363636 -0.13718176774679253 -0.10717164796500567 -0.09834427903086175 -0.05646783131543406 -0.062096038318993206 -0.0540506367608819 -0.0540506367608819 -0.04316816363657956 -0.04639651613525776 -0.04639651613525776
-0.13082006515151082 -0.13082006515151082 -0.13082006515151082 -0.13082006515151082 -0.13082006515151082 -0.13082006515151082 -0.13082006515151082 -0.13082006515151082 -0.13082006515151082 -0.13082006515151082 -0.13082006515151082 -0.13082006515151082 -0.13082006515151082 -0.13082006515151082 -0.13082006515151082 -0.13082006515151082 -0.13082006515151082 -0.13082006515151082 -0.13082006515151082 -0.13082006515151082 -0.13082006515151082 -0.13082006515151082 -0.13082006515151082 -0.13082006515151082 -0.13082006515151082 -0.13082006515151082 -0.13082006515151082 -0.13082006515151082 -0.13082006515151082 -0.13082006515151082 -0.13082006515151082 -0.13082006515151082 -0.13082006515151082 -0.13082006515151082 -0.13082006515151082 -0.13082006515151082 -0.13082006515151082 -0.13082006515151082 -0.13082006515151082 -0.13082006515151082 -0.13082006515151082 -0.13082006515151082 -0.13082006515151082 -0.13082006515151082 -0.13082006515151082 -0.13082006515151082 -0.13082006515151082 -0.13082006515151082 -0.13082006515151082 -0.13082006515151082 -0.13082006515151082 -0.13082006515151082 -0.13082006515151082 -0.13082006515151082 -0.13082006515151082 -0.13082006515151082 -0.13082006515151082 -0.13082006515151082 -0.13082006515151082 -0.13082006515151082 -0.13082006515151082 -0.13082006515151082 -0.13082006515151082 -0.13082006515151082 -0.13082006515151082 -0.13082006515151082 -0.13082006515151082 -0.13082006515151082 -0.13082006515151082 -0.13082006515151082 -0.13082006515151082 -0.13082006515151082 -0.13082006515151082 -0.13082006515151082 -0.13082006515151082 -0.13082006515151082 -0.13082006515151082 -0.13082006515151082 -0.13082006515151082 -0.13082006515151082 -0.13082006515151082 -0.13082006515151082 -0.13082006515151082 -0.13082006515151082 -0.13082006515151082 -0.13082006515151082 -0.13082006515151082 -0.13082006515151082 -0.10717164796500567 -0.09834427903086175 -0.05646783131543406 -0.062096038318993206 -0.0540506367608819 -0.0540506367608819 -0.04316816363657956 -0.04639651613525776 -0.04639651613525776
-0.12633809922129474 -0.12633809922129474 -0.12633809922129474 -0.12633809922129474 -0.12633809922129474 -0.12633809922129474 -0.12633809922129474 -0.12633809922129474 -0.12633809922129474 -0.12633809922129474 -0.12633809922129474 -0.12633809922129474 -0.12633809922129474 -0.12633809922129474 -0.12633809922129474 -0.12633809922129474 -0.12633809922129474 -0.12633809922129474 -0.12633809922129474 -0.12633809922129474 -0.12633809922129474 -0.12633809922129474 -0.12633809922129474 -0.12633809922129474 -0.12633809922129474 -0.12633809922129474 -0.12633809922129474 -0.12633809922129474 -0.12633809922129474 -0.12633809922129474 -0.12633809922129474 -0.12633809922129474 -0.12633809922129474 -0.12633809922129474 -0.12633809922129474 -0.12633809922129474 -0.12633809922129474 -0.12633809922129474 -0.12633809922129474 -0.12633809922129474 -0.12633809922129474 -0.12633809922129474 -0.12633809922129474 -0.12633809922129474 -0.12633809922129474 -0.12633809922129474 -0.12633809922129474 -0.12633809922129474 -0.12633809922129474 -0.12633809922129474 -0.12633809922129474 -0.12633809922129474 -0.12633809922129474 -0.12633809922129474 -0.12633809922129474 -0.12633809922129474 -0.12633809922129474 -0.12633809922129474 -0.12633809922129474 -0.12633809922129474 -0.12633809922129474 -0.12633809922129474 -0.12633809922129474 -0.12633809922129474 -0.12633809922129474 -0.12633809922129474 -0.12633809922129474 -0.12633809922129474 -0.12633809922129474 -0.12633809922129474 -0.12633809922129474 -0.12633809922129474 -0.12633809922129474 -0.12633809922129474 -0.12633809922129474 -0.12633809922129474 -0.12633809922129474 -0.12633809922129474 -0.12633809922129474 -0.12633809922129474 -0.12633809922129474 -0.12633809922129474 -0.12633809922129474 -0.12633809922129474 -0.12633809922129474 -0.12633809922129474 -0.12633809922129474 -0.12633809922129474 -0.10717164796500567 -0.09834427903086175 -0.05646783131543406 -0.062096038318993206 -0.0540506367608819 -0.0540506367608819 -0.04316816363657956 -0.04639651613525776 -0.04639651613525776
-0.12615364208411153 -0.12615364208411153 -0.12615364208411153 -0.12615364208411153 -0.12615364208411153 -0.12615364208411153 -0.12615364208411153 -0.12615364208411153 -0.12615364208411153 -0.12615364208411153 -0.12615364208411153 -0.12615364208411153 -0.12615364208411153 -0.12615364208411153 -0.12615364208411153 -0.12615364208411153 -0.12615364208411153 -0.12615364208411153 -0.12615364208411153 -0.12615364208411153 -0.12615364208411153 -0.12615364208411153 -0.12615364208411153 -0.12615364208411153 -0.12615364208411153 -0.12615364208411153 -0.12615364208411153 -0.12615364208411153 -0.12615364208411153 -0.12615364208411153 -0.12615364208411153 -0.12615364208411153 -0.12615364208411153 -0.12615364208411153 -0.12615364208411153 -0.12615364208411153 -0.12615364208411153 -0.12615364208411153 -0.12615364208411153 -0.12615364208411153 -0.12615364208411153 -0.12615364208411153 -0.12615364208411153 -0.12615364208411153 -0.12615364208411153 -0.12615364208411153 -0.12615364208411153 -0.12615364208411153 -0.12615364208411153 -0.12615364208411153 -0.12615364208411153 -0.12615364208411153 -0.12615364208411153 -0.12615364208411153 -0.12615364208411153 -0.12615364208411153 -0.12615364208411153 -0.12615364208411153 -0.12615364208411153 -0.12615364208411153 -0.12615364208411153 -0.12615364208411153 -0.12615364208411153 -0.12615364208411153 -0.12615364208411153 -0.12615364208411153 -0.12615364208411153 -0.12615364208411153 -0.12615364208411153 -0.12615364208411153 -0.12615364208411153 -0.12615364208411153 -0.12615364208411153 -0.12615364208411153 -0.12615364208411153 -0.12615364208411153 -0.12615364208411153 -0.12615364208411153 -0.12615364208411153 -0.12615364208411153 -0.12615364208411153 -0.12615364208411153 -0.12615364208411153 -0.12615364208411153 -0.12615364208411153 -0.12615364208411153 -0.12615364208411153 -0.12615364208411153 -0.10717164796500567 -0.09834427903086175 -0.05646783131543406 -0.062096038318993206 -0.0540506367608819 -0.0540506367608819 -0.04316816363657956 -0.04639651613525776 -0.04639651613525776
-0.12302382940428407 -0.12302382940428407 -0.12302382940428407 -0.12302382940428407 -0.12302382940428407 -0.12302382940428407 -0.12302382940428407 -0.12302382940428407 -0.12302382940428407 -0.12302382940428407 -0.12302382940428407 -0.12302382940428407 -0.12302382940428407 -0.12302382940428407 -0.12302382940428407 -0.12302382940428407 -0.12302382940428407 -0.12302382940428407 -0.12302382940428407 -0.12302382940428407 -0.12302382940428407 -0.12302382940428407 -0.12302382940428407 -0.12302382940428407 -0.12302382940428407 -0.12302382940428407 -0.12302382940428407 -0.12302382940428407 -0.12302382940428407 -0.12302382940428407 -0.12302382940428407 -0.12302382940428407 -0.12302382940428407 -0.12302382940428407 -0.12302382940428407 -0.12302382940428407 -0.12302382940428407 -0.12302382940428407 -0.12302382940428407 -0.12302382940428407 -0.12302382940428407 -0.12302382940428407 -0.12302382940428407 -0.12302382940428407 -0.12302382940428407 -0.12302382940428407 -0.12302382940428407 -0.12302382940428407 -0.12302382940428407 -0.12302382940428407 -0.12302382940428407 -0.12302382940428407 -0.12302382940428407 -0.12302382940428407 -0.12302382940428407 -0.12302382940428407 -0.12302382940428407 -0.12302382940428407 -0.12302382940428407 -0.12302382940428407 -0.12302382940428407 -0.12302382940428407 -0.12302382940428407 -0.12302382940428407 -0.12302382940428407 -0.12302382940428407 -0.12302382940428407 -0.12302382940428407 -0.12302382940428407 -0.12302382940428407 -0.12302382940428407 -0.12302382940428407 -0.12302382940428407 -0.12302382940428407 -0.12302382940428407 -0.12302382940428407 -0.12302382940428407 -0.12302382940428407 -0.12302382940428407 -0.12302382940428407 -0.12302382940428407 -0.12302382940428407 -0.12302382940428407 -0.12302382940428407 -0.12302382940428407 -0.12302382940428407 -0.12302382940428407 -0.12302382940428407 -0.10717164796500567 -0.09834427903086175 -0.05646783131543406 -0.062096038318993206 -0.0540506367608819 -0.0540506367608819 -0.04316816363657956 -0.04639651613525776 -0.04639651613525776
-0.12257153373874849 -0.12257153373874849 -0.12257153373874849 -0.12257153373874849 -0.12257153373874849 -0.12257153373874849 -0.12257153373874849 -0.12257153373874849 -0.12257153373874849 -0.12257153373874849 -0.12257153373874849 -0.12257153373874849 -0.12257153373874849 -0.12257153373874849 -0.12257153373874849 -0.12257153373874849 -0.12257153373874849 -0.12257153373874849 -0.12257153373874849 -0.12257153373874849 -0.12257153373874849 -0.12257153373874849 -0.12257153373874849 -0.12257153373874849 -0.12257153373874849 -0.12257153373874849 -0.12257153373874849 -0.12257153373874849 -0.12257153373874849 -0.12257153373874849 -0.12257153373874849 -0.12257153373874849 -0.12257153373874849 -0.12257153373874849 -0.12257153373874849 -0.12257153373874849 -0.12257153373874849 -0.12257153373874849 -0.12257153373874849 -0.12257153373874849 -0.12257153373874849 -0.12257153373874849 -0.12257153373874849 -0.12257153373874849 -0.12257153373874849 -0.12257153373874849 -0.12257153373874849 -0.12257153373874849 -0.12257153373874849 -0.12257153373874849 -0.12257153373874849 -0.12257153373874849 -0.12257153373874849 -0.12257153373874849 -0.12257153373874849 -0.12257153373874849 -0.12257153373874849 -0.12257153373874849 -0.12257153373874849 -0.12257153373874849 -0.12257153373874849 -0.12257153373874849 -0.12257153373874849 -0.12257153373874849 -0.12257153373874849 -0.12257153373874849 -0.12257153373874849 -0.12257153373874849 -0.12257153373874849 -0.12257153373874849 -0.12257153373874849 -0.12257153373874849 -0.12257153373874849 -0.12257153373874849 -0.12257153373874849 -0.12257153373874849 -0.12257153373874849 -0.12257153373874849 -0.12257153373874849 -0.12257153373874849 -0.12257153373874849 -0.12257153373874849 -0.12257153373874849 -0.12257153373874849 -0.12257153373874849 -0.12257153373874849 -0.12257153373874849 -0.12257153373874849 -0.10717164796500567 -0.09834427903086175 -0.05646783131543406 -0.062096038318993206 -0.0540506367608819 -0.0540506367608819 -0.04316816363657956 -0.04639651613525776 -0.04639651613525776
-0.10717164796500567 -0.10717164796500567 -0.10717164796500567 -0.10717164796500567 -0.10717164796500567 -0.10717164796500567 -0.10717164796500567 -0.10717164796500567 -0.10717164796500567 -0.10717164796500567 -0.10717164796500567 -0.10717164796500567 -0.10717164796500567 -0.10717164796500567 -0.10717164796500567 -0.10717164796500567 -0.10717164796500567 -0.10717164796500567 -0.10717164796500567 -0.10717164796500567 -0.10717164796500567 -0.10717164796500567 -0.10717164796500567 -0.10717164796500567 -0.10717164796500567 -0.10717164796500567 -0.10717164796500567 -0.10717164796500567 -0.10717164796500567 -0.10717164796500567 -0.10717164796500567 -0.10717164796500567 -0.10717164796500567 -0.10717164796500567 -0.10717164796500567 -0.10717164796500567 -0.10717164796500567 -0.10717164796500567 -0.10717164796500567 -0.10717164796500567 -0.10717164796500567 -0.10717164796500567 -0.10717164796500567 -0.10717164796500567 -0.10717164796500567 -0.10717164796500567 -0.10717164796500567 -0.10717164796500567 -0.10717164796500567 -0.10717164796500567 -0.10717164796500567 -0.10717164796500567 -0.10717164796500567 -0.10717164796500567 -0.10717164796500567 -0.10717164796500567 -0.10717164796500567 -0.10717164796500567 -0.10717164796500567 -0.10717164796500567 -0.10717164796500567 -0.10717164796500567 -0.10717164796500567 -0.10717164796500567 -0.10717164796500567 -0.10717164796500567 -0.10717164796500567 -0.10717164796500567 -0.10717164796500567 -0.10717164796500567 -0.10717164796500567 -0.10717164796500567 -0.10717164796500567 -0.10717164796500567 -0.10717164796500567 -0.10717164796500567 -0.10717164796500567 -0.10717164796500567 -0.10717164796500567 -0.10717164796500567 -0.10717164796500567 -0.10717164796500567 -0.10717164796500567 -0.10717164796500567 -0.10717164796500567 -0.10717164796500567 -0.10717164796500567 -0.10717164796500567 -0.10717164796500567 -0.09834427903086175 -0.05646783131543406 -0.062096038318993206 -0.0540506367608819 -0.0540506367608819 -0.04316816363657956 -0.04639651613525776 -0.04639651613525776
-0.1206895849842973 -0.1206895849842973 -0.1206895849842973 -0.1206895849842973 -0.1206895849842973 -0.1206895849842973 -0.1206895849842973 -0.1206895849842973 -0.1206895849842973 -0.1206895849842973 -0.1206895849842973 -0.1206895849842973 -0.1206895849842973 -0.1206895849842973 -0.1206895849842973 -0.1206895849842973 -0.1206895849842973 -0.1206895849842973 -0.1206895849842973 -0.1206895849842973 -0.1206895849842973 -0.1206895849842973 -0.1206895849842973 -0.1206895849842973 -0.1206895849842973 -0.1206895849842973 -0.1206895849842973 -0.1206895849842973 -0.1206895849842973 -0.1206895849842973 -0.1206895849842973 -0.1206895849842973 -0.1206895849842973 -0.1206895849842973 -0.1206895849842973 -0.1206895849842973 -0.1206895849842973 -0.1206895849842973 -0.1206895849842973 -0.1206895849842973 -0.1206895849842973 -0.1206895849842973 -0.1206895849842973 -0.1206895849842973 -0.1206895849842973 -0.1206895849842973 -0.1206895849842973 -0.1206895849842973 -0.1206895849842973 -0.1206895849842973 -0.1206895849842973 -0.1206895849842973 -0.1206895849842973 -0.1206895849842973 -0.1206895849842973 -0.1206895849842973 -0.1206895849842973 -0.1206895849842973 -0.1206895849842973 -0.1206895849842973 -0.1206895849842973 -0.1206895849842973 -0.1206895849842973 -0.1206895849842973 -0.1206895849842973 -0.1206895849842973 -0.1206895849842973 -0.1206895849842973 -0.1206895849842973 -0.1206895849842973 -0.1206895849842973 -0.1206895849842973 -0.1206895849842973 -0.1206895849842973 -0.1206895849842973 -0.1206895849842973 -0.1206895849842973 -0.1206895849842973 -0.1206895849842973 -0.1206895849842973 -0.1206895849842973 -0.1206895849842973 -0.1206895849842973 -0.1206895849842973 -0.1206895849842973 -0.1206895849842973 -0.1206895849842973 -0.1206895849842973 -0.10717164796500567 -0.09834427903086175 -0.05646783131543406 -0.062096038318993206 -0.0540506367608819 -0.0540506367608819 -0.04316816363657956 -0.04639651613525776 -0.04639651613525776
-0.05746618524749809 -0.05746618524749809 -0.05746618524749809 -0.05746618524749809 -0.05746618524749809 -0.05746618524749809 -0.05746618524749809 -0.05746618524749809 -0.05746618524749809 -0.05746618524749809 -0.05746618524749809 -0.05746618524749809 -0.05746618524749809 -0.05746618524749809 -0.05746618524749809 -0.05746618524749809 -0.05746618524749809 -0.05746618524749809 -0.05746618524749809 -0.05746618524749809 -0.05746618524749809 -0.05746618524749809 -0.05746618524749809 -0.05746618524749809 -0.05746618524749809 -0.05746618524749809 -0.05746618524749809 -0.05746618524749809 -0.05746618524749809 -0.05746618524749809 -0.05746618524749809 -0.05746618524749809 -0.05746618524749809 -0.05746618524749809 -0.05746618524749809 -0.05746618524749809 -0.05746618524749809 -0.05746618524749809 -0.05746618524749809 -0.05746618524749809 -0.05746618524749809 -0.05746618524749809 -0.05746618524749809 -0.05746618524749809 -0.05746618524749809 -0.05746618524749809 -0.05746618524749809 -0.05746618524749809 -0.05746618524749809 -0.05746618524749809 -0.05746618524749809 -0.05746618524749809 -0.05746618524749809 -0.05746618524749809 -0.05746618524749809 -0.05746618524749809 -0.05746618524749809 -0.05746618524749809 -0.05746618524749809 -0.05746618524749809 -0.05746618524749809 -0.05746618524749809 -0.05746618524749809 -0.05746618524749809 -0.05746618524749809 -0.05746618524749809 -0.05746618524749809 -0.05746618524749809 -0.05746618524749809 -0.05746618524749809 -0.05746618524749809 -0.05746618524749809 -0.05746618524749809 -0.05746618524749809 -0.05746618524749809 -0.05746618524749809 -0.05746618524749809 -0.05746618524749809 -0.05746618524749809 -0.05746618524749809 -0.05746618524749809 -0.05746618524749809 -0.05746618524749809 -0.05746618524749809 -0.05746618524749809 -0.05746618524749809 -0.05746618524749809 -0.05746618524749809 -0.05746618524749809 -0.05746618524749809 -0.05646783131543406 -0.05746618524749809 -0.0540506367608819 -0.0540506367608819 -0.04316816363657956 -0.04639651613525776 -0.04639651613525776
-0.02717592608868493 -0.02717592608868493 -0.02717592608868493 -0.02717592608868493 -0.02717592608868493 -0.02717592608868493 -0.02717592608868493 -0.02717592608868493 -0.02717592608868493 -0.02717592608868493 -0.02717592608868493 -0.02717592608868493 -0.02717592608868493 -0.02717592608868493 -0.02717592608868493 -0.02717592608868493 -0.02717592608868493 -0.02717592608868493 -0.02717592608868493 -0.02717592608868493 -0.02717592608868493 -0.02717592608868493 -0.02717592608868493 -0.02717592608868493 -0.02717592608868493 -0.02717592608868493 -0.02717592608868493 -0.02717592608868493 -0.02717592608868493 -0.02717592608868493 -0.02717592608868493 -0.02717592608868493 -0.02717592608868493 -0.02717592608868493 -0.02717592608868493 -0.02717592608868493 -0.02717592608868493 -0.02717592608868493 -0.02717592608868493 -0.02717592608868493 -0.02717592608868493 -0.02717592608868493 -0.02717592608868493 -0.02717592608868493 -0.02717592608868493 -0.02717592608868493 -0.02717592608868493 -0.02717592608868493 -0.02717592608868493 -0.02717592608868493 -0.02717592608868493 -0.02717592608868493 -0.02717592608868493 -0.02717592608868493 -0.02717592608868493 -0.02717592608868493 -0.02717592608868493 -0.02717592608868493 -0.02717592608868493 -0.02717592608868493 -0.02717592608868493 -0.02717592608868493 -0.02717592608868493 -0.02717592608868493 -0.02717592608868493 -0.02717592608868493 -0.02717592608868493 -0.02717592608868493 -0.02717592608868493 -0.02717592608868493 -0.02717592608868493 -0.02717592608868493 -0.02717592608868493 -0.02717592608868493 -0.02717592608868493 -0.02717592608868493 -0.02717592608868493 -0.02717592608868493 -0.02717592608868493 -0.02717592608868493 -0.02717592608868493 -0.02717592608868493 -0.02717592608868493 -0.02717592608868493 -0.02717592608868493 -0.02717592608868493 -0.02717592608868493 -0.02717592608868493 -0.02717592608868493 -0.02717592608868493 -0.02717592608868493 -0.02717592608868493 -0.02717592608868493 -0.02717592608868493 -0.02717592608868493 -0.02717592608868493 -0.02717592608868493