-0.3160057818603882 -0.3160057818603882 -0.3160057818603882 -0.3160057818603882 -0.20353553184483406 -0.3160057818603882 -0.3160057818603882 -0.3160057818603882 -0.3160057818603882 -0.3160057818603882 -0.3160057818603882 -0.3160057818603882 -0.3160057818603882 -0.3160057818603882 -0.3160057818603882 -0.3160057818603882 -0.3160057818603882 -0.3160057818603882 -0.3160057818603882 -0.3160057818603882 -0.3160057818603882 -0.3160057818603882 -0.3160057818603882 -0.3160057818603882 -0.3160057818603882 -0.3160057818603882 -0.3160057818603882 -0.3160057818603882 -0.3160057818603882 -0.3160057818603882 -0.3160057818603882 -0.3160057818603882 -0.3160057818603882 -0.3160057818603882 -0.3160057818603882 -0.3160057818603882 -0.3160057818603882 -0.3160057818603882 -0.3160057818603882 -0.3160057818603882 -0.3160057818603882 -0.3160057818603882 -0.3160057818603882 -0.3160057818603882 -0.3160057818603882 -0.3160057818603882 -0.3160057818603882 -0.3160057818603882 -0.22224561133021567 -0.22567365222699193 -0.3160057818603882 -0.22224561133021567 -0.22567365222699193 -0.3160057818603882 -0.22224561133021567 -0.22567365222699193 -0.3160057818603882 -0.22224561133021567 -0.22567365222699193 -0.22224561133021567 -0.3160057818603882 -0.3160057818603882 -0.22567365222699193 -0.3160057818603882 -0.3160057818603882 -0.3160057818603882 -0.3008597136060934 -0.30356018076237085 -0.20353553184483406 -0.20353553184483406 -0.3160057818603882 -0.3160057818603882 -0.3160057818603882 -0.3160057818603882 -0.3160057818603882 -0.2561103426662814 -0.29129636319302193 -0.22224561133021567 -0.29129636319302193 -0.22567365222699193 -0.2934336346587955 -0.2919174480169343 -0.23626144387808534 -0.26743136365534803 -0.27025962786486346 -0.2561103426662814 -0.23626144387808534 -0.2561103426662814 -0.26346034662391615 -0.26346034662391615 -0.252449948104398 -0.23800081174500878 -0.23800081174500878 -0.2370013856589639 -0.1906430224654926 -0.19048784733284063 -0.18737108117074336 -0.1704541647297793 -0.14309716213307042 -0.09244232792471796 -0.09244232792471796 -0.09244232792471796 -0.09244232792471796 -0.09244232792471796 -0.09244232792471796 -0.09244232792471796 -0.10861209523036916 -0.08188623039719899
-0.14309716213307042 -0.14309716213307042 -0.14309716213307042 -0.14309716213307042 -0.14309716213307042 -0.14309716213307042 -0.14309716213307042 -0.14309716213307042 -0.14309716213307042 -0.14309716213307042 -0.14309716213307042 -0.14309716213307042 -0.14309716213307042 -0.14309716213307042 -0.14309716213307042 -0.14309716213307042 -0.14309716213307042 -0.14309716213307042 -0.14309716213307042 -0.14309716213307042 -0.14309716213307042 -0.14309716213307042 -0.14309716213307042 -0.14309716213307042 -0.14309716213307042 -0.14309716213307042 -0.14309716213307042 -0.14309716213307042 -0.14309716213307042 -0.14309716213307042 -0.14309716213307042 -0.14309716213307042 -0.14309716213307042 -0.14309716213307042 -0.14309716213307042 -0.14309716213307042 -0.14309716213307042 -0.14309716213307042 -0.14309716213307042 -0.14309716213307042 -0.14309716213307042 -0.14309716213307042 -0.14309716213307042 -0.14309716213307042 -0.14309716213307042 -0.14309716213307042 -0.14309716213307042 -0.14309716213307042 -0.14309716213307042 -0.14309716213307042 -0.14309716213307042 -0.14309716213307042 -0.14309716213307042 -0.14309716213307042 -0.14309716213307042 -0.14309716213307042 -0.14309716213307042 -0.14309716213307042 -0.14309716213307042 -0.14309716213307042 -0.14309716213307042 -0.14309716213307042 -0.14309716213307042 -0.14309716213307042 -0.14309716213307042 -0.14309716213307042 -0.14309716213307042 -0.14309716213307042 -0.14309716213307042 -0.14309716213307042 -0.14309716213307042 -0.14309716213307042 -0.14309716213307042 -0.14309716213307042 -0.14309716213307042 -0.14309716213307042 -0.14309716213307042 -0.14309716213307042 -0.14309716213307042 -0.14309716213307042 -0.14309716213307042 -0.14309716213307042 -0.14309716213307042 -0.14309716213307042 -0.14309716213307042 -0.14309716213307042 -0.14309716213307042 -0.14309716213307042 -0.14309716213307042 -0.14309716213307042 -0.14309716213307042 -0.14309716213307042 -0.14309716213307042 -0.14309716213307042 -0.14309716213307042 -0.14309716213307042 -0.14309716213307042 -0.14309716213307042 -0.14309716213307042 -0.09244232792471796 -0.09244232792471796 -0.09244232792471796 -0.09244232792471796 -0.09244232792471796 -0.09244232792471796 -0.09244232792471796 -0.10861209523036916 -0.08188623039719899
-0.27025962786486346 -0.27025962786486346 -0.27025962786486346 -0.27025962786486346 -0.20353553184483406 -0.27025962786486346 -0.27025962786486346 -0.27025962786486346 -0.27025962786486346 -0.27025962786486346 -0.27025962786486346 -0.27025962786486346 -0.27025962786486346 -0.27025962786486346 -0.27025962786486346 -0.27025962786486346 -0.27025962786486346 -0.27025962786486346 -0.27025962786486346 -0.27025962786486346 -0.27025962786486346 -0.27025962786486346 -0.27025962786486346 -0.27025962786486346 -0.27025962786486346 -0.27025962786486346 -0.27025962786486346 -0.27025962786486346 -0.27025962786486346 -0.27025962786486346 -0.27025962786486346 -0.27025962786486346 -0.27025962786486346 -0.27025962786486346 -0.27025962786486346 -0.27025962786486346 -0.27025962786486346 -0.27025962786486346 -0.27025962786486346 -0.27025962786486346 -0.27025962786486346 -0.27025962786486346 -0.27025962786486346 -0.27025962786486346 -0.27025962786486346 -0.27025962786486346 -0.27025962786486346 -0.27025962786486346 -0.22224561133021567 -0.22567365222699193 -0.27025962786486346 -0.22224561133021567 -0.22567365222699193 -0.27025962786486346 -0.22224561133021567 -0.22567365222699193 -0.27025962786486346 -0.22224561133021567 -0.22567365222699193 -0.22224561133021567 -0.27025962786486346 -0.27025962786486346 -0.22567365222699193 -0.27025962786486346 -0.27025962786486346 -0.27025962786486346 -0.27025962786486346 -0.27025962786486346 -0.20353553184483406 -0.20353553184483406 -0.27025962786486346 -0.27025962786486346 -0.27025962786486346 -0.27025962786486346 -0.27025962786486346 -0.2561103426662814 -0.27025962786486346 -0.22224561133021567 -0.27025962786486346 -0.22567365222699193 -0.27025962786486346 -0.27025962786486346 -0.23626144387808534 -0.26743136365534803 -0.27025962786486346 -0.2561103426662814 -0.23626144387808534 -0.2561103426662814 -0.26346034662391615 -0.26346034662391615 -0.252449948104398 -0.23800081174500878 -0.23800081174500878 -0.2370013856589639 -0.1906430224654926 -0.19048784733284063 -0.18737108117074336 -0.1704541647297793 -0.14309716213307042 -0.09244232792471796 -0.09244232792471796 -0.09244232792471796 -0.09244232792471796 -0.09244232792471796 -0.09244232792471796 -0.09244232792471796 -0.10861209523036916 -0.08188623039719899
-0.20353553184483406 -0.20353553184483406 -0.20353553184483406 -0.20353553184483406 -0.20353553184483406 -0.20353553184483406 -0.20353553184483406 -0.20353553184483406 -0.20353553184483406 -0.20353553184483406 -0.20353553184483406 -0.20353553184483406 -0.20353553184483406 -0.20353553184483406 -0.20353553184483406 -0.20353553184483406 -0.20353553184483406 -0.20353553184483406 -0.20353553184483406 -0.20353553184483406 -0.20353553184483406 -0.20353553184483406 -0.20353553184483406 -0.20353553184483406 -0.20353553184483406 -0.20353553184483406 -0.20353553184483406 -0.20353553184483406 -0.20353553184483406 -0.20353553184483406 -0.20353553184483406 -0.20353553184483406 -0.20353553184483406 -0.20353553184483406 -0.20353553184483406 -0.20353553184483406 -0.20353553184483406 -0.20353553184483406 -0.20353553184483406 -0.20353553184483406 -0.20353553184483406 -0.20353553184483406 -0.20353553184483406 -0.20353553184483406 -0.20353553184483406 -0.20353553184483406 -0.20353553184483406 -0.20353553184483406 -0.20353553184483406 -0.20353553184483406 -0.20353553184483406 -0.20353553184483406 -0.20353553184483406 -0.20353553184483406 -0.20353553184483406 -0.20353553184483406 -0.20353553184483406 -0.20353553184483406 -0.20353553184483406 -0.20353553184483406 -0.20353553184483406 -0.20353553184483406 -0.20353553184483406 -0.20353553184483406 -0.20353553184483406 -0.20353553184483406 -0.20353553184483406 -0.20353553184483406 -0.20353553184483406 -0.20353553184483406 -0.20353553184483406 -0.20353553184483406 -0.20353553184483406 -0.20353553184483406 -0.20353553184483406 -0.20353553184483406 -0.20353553184483406 -0.20353553184483406 -0.20353553184483406 -0.20353553184483406 -0.20353553184483406 -0.20353553184483406 -0.20353553184483406 -0.20353553184483406 -0.20353553184483406 -0.20353553184483406 -0.20353553184483406 -0.20353553184483406 -0.20353553184483406 -0.20353553184483406 -0.20353553184483406 -0.20353553184483406 -0.20353553184483406 -0.20353553184483406 -0.1906430224654926 -0.19048784733284063 -0.18737108117074336 -0.1704541647297793 -0.14309716213307042 -0.09244232792471796 -0.09244232792471796 -0.09244232792471796 -0.09244232792471796 -0.09244232792471796 -0.09244232792471796 -0.09244232792471796 -0.10861209523036916 -0.08188623039719899
-0.388981885529871 -0.388981885529871 -0.5886835611775963 -0.5886835611775963 -0.20353553184483406 -0.40335136551772655 -0.5886835611775963 -0.5886835611775963 -0.5886835611775963 -0.5886835611775963 -0.5886835611775963 -0.5886835611775963 -0.5886835611775963 -0.5886835611775963 -0.5886835611775963 -0.5886835611775963 -0.5886835611775963 -0.3712360945700985 -0.40335136551772655 -0.5886835611775963 -0.5886835611775963 -0.3712360945700985 -0.5886835611775963 -0.5886835611775963 -0.5886835611775963 -0.5886835611775963 -0.388981885529871 -0.5886835611775963 -0.5886835611775963 -0.5886835611775963 -0.5886835611775963 -0.388981885529871 -0.388981885529871 -0.388981885529871 -0.388981885529871 -0.5417197671146304 -0.388981885529871 -0.5338528588592198 -0.388981885529871 -0.388981885529871 -0.40335136551772655 -0.388981885529871 -0.388981885529871 -0.3215670188526232 -0.35495981383848385 -0.35495981383848385 -0.35495981383848385 -0.3215670188526232 -0.22224561133021567 -0.22567365222699193 -0.388981885529871 -0.22224561133021567 -0.22567365222699193 -0.3712360945700985 -0.22224561133021567 -0.22567365222699193 -0.35495981383848385 -0.22224561133021567 -0.22567365222699193 -0.22224561133021567 -0.3487863543176913 -0.3487863543176913 -0.22567365222699193 -0.3413116827250128 -0.3437789411737888 -0.3215670188526232 -0.3008597136060934 -0.30356018076237085 -0.20353553184483406 -0.20353553184483406 -0.32127575820291776 -0.3160057818603882 -0.3160057818603882 -0.3160057818603882 -0.3160057818603882 -0.2561103426662814 -0.29129636319302193 -0.22224561133021567 -0.29129636319302193 -0.22567365222699193 -0.2934336346587955 -0.2919174480169343 -0.23626144387808534 -0.26743136365534803 -0.27025962786486346 -0.2561103426662814 -0.23626144387808534 -0.2561103426662814 -0.26346034662391615 -0.26346034662391615 -0.252449948104398 -0.23800081174500878 -0.23800081174500878 -0.2370013856589639 -0.1906430224654926 -0.19048784733284063 -0.18737108117074336 -0.1704541647297793 -0.14309716213307042 -0.09244232792471796 -0.09244232792471796 -0.09244232792471796 -0.09244232792471796 -0.09244232792471796 -0.09244232792471796 -0.09244232792471796 -0.10861209523036916 -0.08188623039719899
-0.388981885529871 -0.388981885529871 -0.40335136551772655 -0.40335136551772655 -0.20353553184483406 -0.4252877687414557 -0.40335136551772655 -0.40335136551772655 -0.40335136551772655 -0.40335136551772655 -0.40335136551772655 -0.40335136551772655 -0.40335136551772655 -0.40335136551772655 -0.40335136551772655 -0.40335136551772655 -0.40335136551772655 -0.3712360945700985 -0.4252877687414557 -0.40335136551772655 -0.40335136551772655 -0.3712360945700985 -0.40335136551772655 -0.40335136551772655 -0.40335136551772655 -0.40335136551772655 -0.388981885529871 -0.40335136551772655 -0.40335136551772655 -0.40335136551772655 -0.40335136551772655 -0.388981885529871 -0.388981885529871 -0.388981885529871 -0.388981885529871 -0.40335136551772655 -0.388981885529871 -0.40335136551772655 -0.388981885529871 -0.388981885529871 -0.4252877687414557 -0.388981885529871 -0.388981885529871 -0.3215670188526232 -0.35495981383848385 -0.35495981383848385 -0.35495981383848385 -0.3215670188526232 -0.22224561133021567 -0.22567365222699193 -0.388981885529871 -0.22224561133021567 -0.22567365222699193 -0.3712360945700985 -0.22224561133021567 -0.22567365222699193 -0.35495981383848385 -0.22224561133021567 -0.22567365222699193 -0.22224561133021567 -0.3487863543176913 -0.3487863543176913 -0.22567365222699193 -0.3413116827250128 -0.3437789411737888 -0.3215670188526232 -0.3008597136060934 -0.30356018076237085 -0.20353553184483406 -0.20353553184483406 -0.32127575820291776 -0.3160057818603882 -0.3160057818603882 -0.3160057818603882 -0.3160057818603882 -0.2561103426662814 -0.29129636319302193 -0.22224561133021567 -0.29129636319302193 -0.22567365222699193 -0.2934336346587955 -0.2919174480169343 -0.23626144387808534 -0.26743136365534803 -0.27025962786486346 -0.2561103426662814 -0.23626144387808534 -0.2561103426662814 -0.26346034662391615 -0.26346034662391615 -0.252449948104398 -0.23800081174500878 -0.23800081174500878 -0.2370013856589639 -0.1906430224654926 -0.19048784733284063 -0.18737108117074336 -0.1704541647297793 -0.14309716213307042 -0.09244232792471796 -0.09244232792471796 -0.09244232792471796 -0.09244232792471796 -0.09244232792471796 -0.09244232792471796 -0.09244232792471796 -0.10861209523036916 -0.08188623039719899
-0.20353553184483406 -0.20353553184483406 -0.20353553184483406 -0.20353553184483406 -0.20353553184483406 -0.20353553184483406 -0.20353553184483406 -0.20353553184483406 -0.20353553184483406 -0.20353553184483406 -0.20353553184483406 -0.20353553184483406 -0.20353553184483406 -0.20353553184483406 -0.20353553184483406 -0.20353553184483406 -0.20353553184483406 -0.20353553184483406 -0.20353553184483406 -0.20353553184483406 -0.20353553184483406 -0.20353553184483406 -0.20353553184483406 -0.20353553184483406 -0.20353553184483406 -0.20353553184483406 -0.20353553184483406 -0.20353553184483406 -0.20353553184483406 -0.20353553184483406 -0.20353553184483406 -0.20353553184483406 -0.20353553184483406 -0.20353553184483406 -0.20353553184483406 -0.20353553184483406 -0.20353553184483406 -0.20353553184483406 -0.20353553184483406 -0.20353553184483406 -0.20353553184483406 -0.20353553184483406 -0.20353553184483406 -0.20353553184483406 -0.20353553184483406 -0.20353553184483406 -0.20353553184483406 -0.20353553184483406 -0.20353553184483406 -0.20353553184483406 -0.20353553184483406 -0.20353553184483406 -0.20353553184483406 -0.20353553184483406 -0.20353553184483406 -0.20353553184483406 -0.20353553184483406 -0.20353553184483406 -0.20353553184483406 -0.20353553184483406 -0.20353553184483406 -0.20353553184483406 -0.20353553184483406 -0.20353553184483406 -0.20353553184483406 -0.20353553184483406 -0.20353553184483406 -0.20353553184483406 -0.20353553184483406 -0.20353553184483406 -0.20353553184483406 -0.20353553184483406 -0.20353553184483406 -0.20353553184483406 -0.20353553184483406 -0.20353553184483406 -0.20353553184483406 -0.20353553184483406 -0.20353553184483406 -0.20353553184483406 -0.20353553184483406 -0.20353553184483406 -0.20353553184483406 -0.20353553184483406 -0.20353553184483406 -0.20353553184483406 -0.20353553184483406 -0.20353553184483406 -0.20353553184483406 -0.20353553184483406 -0.20353553184483406 -0.20353553184483406 -0.20353553184483406 -0.20353553184483406 -0.1906430224654926 -0.19048784733284063 -0.18737108117074336 -0.1704541647297793 -0.14309716213307042 -0.09244232792471796 -0.09244232792471796 -0.09244232792471796 -0.09244232792471796 -0.09244232792471796 -0.09244232792471796 -0.09244232792471796 -0.10861209523036916 -0.08188623039719899
-0.22224561133021567 -0.22224561133021567 -0.22224561133021567 -0.22224561133021567 -0.20353553184483406 -0.22224561133021567 -0.22224561133021567 -0.22224561133021567 -0.22224561133021567 -0.22224561133021567 -0.22224561133021567 -0.22224561133021567 -0.22224561133021567 -0.22224561133021567 -0.22224561133021567 -0.22224561133021567 -0.22224561133021567 -0.22224561133021567 -0.22224561133021567 -0.22224561133021567 -0.22224561133021567 -0.22224561133021567 -0.22224561133021567 -0.22224561133021567 -0.22224561133021567 -0.22224561133021567 -0.22224561133021567 -0.22224561133021567 -0.22224561133021567 -0.22224561133021567 -0.22224561133021567 -0.22224561133021567 -0.22224561133021567 -0.22224561133021567 -0.22224561133021567 -0.22224561133021567 -0.22224561133021567 -0.22224561133021567 -0.22224561133021567 -0.22224561133021567 -0.22224561133021567 -0.22224561133021567 -0.22224561133021567 -0.22224561133021567 -0.22224561133021567 -0.22224561133021567 -0.22224561133021567 -0.22224561133021567 -0.22224561133021567 -0.22224561133021567 -0.22224561133021567 -0.22224561133021567 -0.22224561133021567 -0.22224561133021567 -0.22224561133021567 -0.22224561133021567 -0.22224561133021567 -0.22224561133021567 -0.22224561133021567 -0.22224561133021567 -0.22224561133021567 -0.22224561133021567 -0.22224561133021567 -0.22224561133021567 -0.22224561133021567 -0.22224561133021567 -0.22224561133021567 -0.22224561133021567 -0.20353553184483406 -0.20353553184483406 -0.22224561133021567 -0.22224561133021567 -0.22224561133021567 -0.22224561133021567 -0.22224561133021567 -0.22224561133021567 -0.22224561133021567 -0.22224561133021567 -0.22224561133021567 -0.22224561133021567 -0.22224561133021567 -0.22224561133021567 -0.22224561133021567 -0.22224561133021567 -0.22224561133021567 -0.22224561133021567 -0.22224561133021567 -0.22224561133021567 -0.22224561133021567 -0.22224561133021567 -0.22224561133021567 -0.22224561133021567 -0.22224561133021567 -0.22224561133021567 -0.1906430224654926 -0.19048784733284063 -0.18737108117074336 -0.1704541647297793 -0.14309716213307042 -0.09244232792471796 -0.09244232792471796 -0.09244232792471796 -0.09244232792471796 -0.09244232792471796 -0.09244232792471796 -0.09244232792471796 -0.10861209523036916 -0.08188623039719899
-0.388981885529871 -0.388981885529871 -0.388981885529871 -0.388981885529871 -0.20353553184483406 -0.388981885529871 -0.388981885529871 -0.388981885529871 -0.388981885529871 -0.388981885529871 -0.388981885529871 -0.388981885529871 -0.388981885529871 -0.388981885529871 -0.388981885529871 -0.388981885529871 -0.388981885529871 -0.3712360945700985 -0.388981885529871 -0.388981885529871 -0.388981885529871 -0.3712360945700985 -0.388981885529871 -0.388981885529871 -0.388981885529871 -0.388981885529871 -0.388981885529871 -0.388981885529871 -0.388981885529871 -0.388981885529871 -0.388981885529871 -0.388981885529871 -0.388981885529871 -0.388981885529871 -0.388981885529871 -0.388981885529871 -0.388981885529871 -0.388981885529871 -0.388981885529871 -0.388981885529871 -0.388981885529871 -0.388981885529871 -0.388981885529871 -0.3215670188526232 -0.35495981383848385 -0.35495981383848385 -0.35495981383848385 -0.3215670188526232 -0.22224561133021567 -0.22567365222699193 -0.388981885529871 -0.22224561133021567 -0.22567365222699193 -0.3712360945700985 -0.22224561133021567 -0.22567365222699193 -0.35495981383848385 -0.22224561133021567 -0.22567365222699193 -0.22224561133021567 -0.3487863543176913 -0.3487863543176913 -0.22567365222699193 -0.3413116827250128 -0.3437789411737888 -0.3215670188526232 -0.3008597136060934 -0.30356018076237085 -0.20353553184483406 -0.20353553184483406 -0.32127575820291776 -0.3160057818603882 -0.3160057818603882 -0.3160057818603882 -0.3160057818603882 -0.2561103426662814 -0.29129636319302193 -0.22224561133021567 -0.29129636319302193 -0.22567365222699193 -0.2934336346587955 -0.2919174480169343 -0.23626144387808534 -0.26743136365534803 -0.27025962786486346 -0.2561103426662814 -0.23626144387808534 -0.2561103426662814 -0.26346034662391615 -0.26346034662391615 -0.252449948104398 -0.23800081174500878 -0.23800081174500878 -0.2370013856589639 -0.1906430224654926 -0.19048784733284063 -0.18737108117074336 -0.1704541647297793 -0.14309716213307042 -0.09244232792471796 -0.09244232792471796 -0.09244232792471796 -0.09244232792471796 -0.09244232792471796 -0.09244232792471796 -0.09244232792471796 -0.10861209523036916 -0.08188623039719899
-0.388981885529871 -0.388981885529871 -0.388981885529871 -0.388981885529871 -0.20353553184483406 -0.388981885529871 -0.388981885529871 -0.388981885529871 -0.388981885529871 -0.388981885529871 -0.388981885529871 -0.388981885529871 -0.388981885529871 -0.388981885529871 -0.388981885529871 -0.388981885529871 -0.388981885529871 -0.3712360945700985 -0.388981885529871 -0.388981885529871 -0.388981885529871 -0.3712360945700985 -0.388981885529871 -0.388981885529871 -0.388981885529871 -0.388981885529871 -0.388981885529871 -0.388981885529871 -0.388981885529871 -0.388981885529871 -0.388981885529871 -0.388981885529871 -0.388981885529871 -0.388981885529871 -0.388981885529871 -0.388981885529871 -0.388981885529871 -0.388981885529871 -0.388981885529871 -0.388981885529871 -0.388981885529871 -0.388981885529871 -0.388981885529871 -0.3215670188526232 -0.35495981383848385 -0.35495981383848385 -0.35495981383848385 -0.3215670188526232 -0.22224561133021567 -0.22567365222699193 -0.388981885529871 -0.22224561133021567 -0.22567365222699193 -0.3712360945700985 -0.22224561133021567 -0.22567365222699193 -0.35495981383848385 -0.22224561133021567 -0.22567365222699193 -0.22224561133021567 -0.3487863543176913 -0.3487863543176913 -0.22567365222699193 -0.3413116827250128 -0.3437789411737888 -0.3215670188526232 -0.3008597136060934 -0.30356018076237085 -0.20353553184483406 -0.20353553184483406 -0.32127575820291776 -0.3160057818603882 -0.3160057818603882 -0.3160057818603882 -0.3160057818603882 -0.2561103426662814 -0.29129636319302193 -0.22224561133021567 -0.29129636319302193 -0.22567365222699193 -0.2934336346587955 -0.2919174480169343 -0.23626144387808534 -0.26743136365534803 -0.27025962786486346 -0.2561103426662814 -0.23626144387808534 -0.2561103426662814 -0.26346034662391615 -0.26346034662391615 -0.252449948104398 -0.23800081174500878 -0.23800081174500878 -0.2370013856589639 -0.1906430224654926 -0.19048784733284063 -0.18737108117074336 -0.1704541647297793 -0.14309716213307042 -0.09244232792471796 -0.09244232792471796 -0.09244232792471796 -0.09244232792471796 -0.09244232792471796 -0.09244232792471796 -0.09244232792471796 -0.10861209523036916 -0.08188623039719899
-0.3413116827250128 -0.3413116827250128 -0.3413116827250128 -0.3413116827250128 -0.20353553184483406 -0.3413116827250128 -0.3413116827250128 -0.3413116827250128 -0.3413116827250128 -0.3413116827250128 -0.3413116827250128 -0.3413116827250128 -0.3413116827250128 -0.3413116827250128 -0.3413116827250128 -0.3413116827250128 -0.3413116827250128 -0.3413116827250128 -0.3413116827250128 -0.3413116827250128 -0.3413116827250128 -0.3413116827250128 -0.3413116827250128 -0.3413116827250128 -0.3413116827250128 -0.3413116827250128 -0.3413116827250128 -0.3413116827250128 -0.3413116827250128 -0.3413116827250128 -0.3413116827250128 -0.3413116827250128 -0.3413116827250128 -0.3413116827250128 -0.3413116827250128 -0.3413116827250128 -0.3413116827250128 -0.3413116827250128 -0.3413116827250128 -0.3413116827250128 -0.3413116827250128 -0.3413116827250128 -0.3413116827250128 -0.3215670188526232 -0.3413116827250128 -0.3413116827250128 -0.3413116827250128 -0.3215670188526232 -0.22224561133021567 -0.22567365222699193 -0.3413116827250128 -0.22224561133021567 -0.22567365222699193 -0.3413116827250128 -0.22224561133021567 -0.22567365222699193 -0.3413116827250128 -0.22224561133021567 -0.22567365222699193 -0.22224561133021567 -0.3413116827250128 -0.3413116827250128 -0.22567365222699193 -0.3413116827250128 -0.3413116827250128 -0.3215670188526232 -0.3008597136060934 -0.30356018076237085 -0.20353553184483406 -0.20353553184483406 -0.32127575820291776 -0.3160057818603882 -0.3160057818603882 -0.3160057818603882 -0.3160057818603882 -0.2561103426662814 -0.29129636319302193 -0.22224561133021567 -0.29129636319302193 -0.22567365222699193 -0.2934336346587955 -0.2919174480169343 -0.23626144387808534 -0.26743136365534803 -0.27025962786486346 -0.2561103426662814 -0.23626144387808534 -0.2561103426662814 -0.26346034662391615 -0.26346034662391615 -0.252449948104398 -0.23800081174500878 -0.23800081174500878 -0.2370013856589639 -0.1906430224654926 -0.19048784733284063 -0.18737108117074336 -0.1704541647297793 -0.14309716213307042 -0.09244232792471796 -0.09244232792471796 -0.09244232792471796 -0.09244232792471796 -0.09244232792471796 -0.09244232792471796 -0.09244232792471796 -0.10861209523036916 -0.08188623039719899
-0.388981885529871 -0.388981885529871 -0.5338528588592198 -0.5338528588592198 -0.20353553184483406 -0.40335136551772655 -0.5338528588592198 -0.5338528588592198 -0.5338528588592198 -0.5338528588592198 -0.5338528588592198 -0.5338528588592198 -0.5338528588592198 -0.5338528588592198 -0.5338528588592198 -0.5338528588592198 -0.5338528588592198 -0.3712360945700985 -0.40335136551772655 -0.5338528588592198 -0.5338528588592198 -0.3712360945700985 -0.5338528588592198 -0.5338528588592198 -0.5338528588592198 -0.5338528588592198 -0.388981885529871 -0.5338528588592198 -0.5338528588592198 -0.5338528588592198 -0.5338528588592198 -0.388981885529871 -0.388981885529871 -0.388981885529871 -0.388981885529871 -0.5338528588592198 -0.388981885529871 -0.5338528588592198 -0.388981885529871 -0.388981885529871 -0.40335136551772655 -0.388981885529871 -0.388981885529871 -0.3215670188526232 -0.35495981383848385 -0.35495981383848385 -0.35495981383848385 -0.3215670188526232 -0.22224561133021567 -0.22567365222699193 -0.388981885529871 -0.22224561133021567 -0.22567365222699193 -0.3712360945700985 -0.22224561133021567 -0.22567365222699193 -0.35495981383848385 -0.22224561133021567 -0.22567365222699193 -0.22224561133021567 -0.3487863543176913 -0.3487863543176913 -0.22567365222699193 -0.3413116827250128 -0.3437789411737888 -0.3215670188526232 -0.3008597136060934 -0.30356018076237085 -0.20353553184483406 -0.20353553184483406 -0.32127575820291776 -0.3160057818603882 -0.3160057818603882 -0.3160057818603882 -0.3160057818603882 -0.2561103426662814 -0.29129636319302193 -0.22224561133021567 -0.29129636319302193 -0.22567365222699193 -0.2934336346587955 -0.2919174480169343 -0.23626144387808534 -0.26743136365534803 -0.27025962786486346 -0.2561103426662814 -0.23626144387808534 -0.2561103426662814 -0.26346034662391615 -0.26346034662391615 -0.252449948104398 -0.23800081174500878 -0.23800081174500878 -0.2370013856589639 -0.1906430224654926 -0.19048784733284063 -0.18737108117074336 -0.1704541647297793 -0.14309716213307042 -0.09244232792471796 -0.09244232792471796 -0.09244232792471796 -0.09244232792471796 -0.09244232792471796 -0.09244232792471796 -0.09244232792471796 -0.10861209523036916 -0.08188623039719899
-0.32127575820291776 -0.32127575820291776 -0.32127575820291776 -0.32127575820291776 -0.20353553184483406 -0.32127575820291776 -0.32127575820291776 -0.32127575820291776 -0.32127575820291776 -0.32127575820291776 -0.32127575820291776 -0.32127575820291776 -0.32127575820291776 -0.32127575820291776 -0.32127575820291776 -0.32127575820291776 -0.32127575820291776 -0.32127575820291776 -0.32127575820291776 -0.32127575820291776 -0.32127575820291776 -0.32127575820291776 -0.32127575820291776 -0.32127575820291776 -0.32127575820291776 -0.32127575820291776 -0.32127575820291776 -0.32127575820291776 -0.32127575820291776 -0.32127575820291776 -0.32127575820291776 -0.32127575820291776 -0.32127575820291776 -0.32127575820291776 -0.32127575820291776 -0.32127575820291776 -0.32127575820291776 -0.32127575820291776 -0.32127575820291776 -0.32127575820291776 -0.32127575820291776 -0.32127575820291776 -0.32127575820291776 -0.32127575820291776 -0.32127575820291776 -0.32127575820291776 -0.32127575820291776 -0.32127575820291776 -0.22224561133021567 -0.22567365222699193 -0.32127575820291776 -0.22224561133021567 -0.22567365222699193 -0.32127575820291776 -0.22224561133021567 -0.22567365222699193 -0.32127575820291776 -0.22224561133021567 -0.22567365222699193 -0.22224561133021567 -0.32127575820291776 -0.32127575820291776 -0.22567365222699193 -0.32127575820291776 -0.32127575820291776 -0.32127575820291776 -0.3008597136060934 -0.30356018076237085 -0.20353553184483406 -0.20353553184483406 -0.32127575820291776 -0.3160057818603882 -0.3160057818603882 -0.3160057818603882 -0.3160057818603882 -0.2561103426662814 -0.29129636319302193 -0.22224561133021567 -0.29129636319302193 -0.22567365222699193 -0.2934336346587955 -0.2919174480169343 -0.23626144387808534 -0.26743136365534803 -0.27025962786486346 -0.2561103426662814 -0.23626144387808534 -0.2561103426662814 -0.26346034662391615 -0.26346034662391615 -0.252449948104398 -0.23800081174500878 -0.23800081174500878 -0.2370013856589639 -0.1906430224654926 -0.19048784733284063 -0.18737108117074336 -0.1704541647297793 -0.14309716213307042 -0.09244232792471796 -0.09244232792471796 -0.09244232792471796 -0.09244232792471796 -0.09244232792471796 -0.09244232792471796 -0.09244232792471796 -0.10861209523036916 -0.08188623039719899
-0.388981885529871 -0.388981885529871 -0.40335136551772655 -0.40335136551772655 -0.20353553184483406 -0.6435847058143377 -0.40335136551772655 -0.40335136551772655 -0.40335136551772655 -0.40335136551772655 -0.40335136551772655 -0.40335136551772655 -0.40335136551772655 -0.40335136551772655 -0.40335136551772655 -0.40335136551772655 -0.40335136551772655 -0.3712360945700985 -0.6435847058143377 -0.40335136551772655 -0.40335136551772655 -0.3712360945700985 -0.40335136551772655 -0.40335136551772655 -0.40335136551772655 -0.40335136551772655 -0.388981885529871 -0.40335136551772655 -0.40335136551772655 -0.40335136551772655 -0.40335136551772655 -0.388981885529871 -0.388981885529871 -0.388981885529871 -0.388981885529871 -0.40335136551772655 -0.388981885529871 -0.40335136551772655 -0.388981885529871 -0.388981885529871 -0.4252877687414557 -0.388981885529871 -0.388981885529871 -0.3215670188526232 -0.35495981383848385 -0.35495981383848385 -0.35495981383848385 -0.3215670188526232 -0.22224561133021567 -0.22567365222699193 -0.388981885529871 -0.22224561133021567 -0.22567365222699193 -0.3712360945700985 -0.22224561133021567 -0.22567365222699193 -0.35495981383848385 -0.22224561133021567 -0.22567365222699193 -0.22224561133021567 -0.3487863543176913 -0.3487863543176913 -0.22567365222699193 -0.3413116827250128 -0.3437789411737888 -0.3215670188526232 -0.3008597136060934 -0.30356018076237085 -0.20353553184483406 -0.20353553184483406 -0.32127575820291776 -0.3160057818603882 -0.3160057818603882 -0.3160057818603882 -0.3160057818603882 -0.2561103426662814 -0.29129636319302193 -0.22224561133021567 -0.29129636319302193 -0.22567365222699193 -0.2934336346587955 -0.2919174480169343 -0.23626144387808534 -0.26743136365534803 -0.27025962786486346 -0.2561103426662814 -0.23626144387808534 -0.2561103426662814 -0.26346034662391615 -0.26346034662391615 -0.252449948104398 -0.23800081174500878 -0.23800081174500878 -0.2370013856589639 -0.1906430224654926 -0.19048784733284063 -0.18737108117074336 -0.1704541647297793 -0.14309716213307042 -0.09244232792471796 -0.09244232792471796 -0.09244232792471796 -0.09244232792471796 -0.09244232792471796 -0.09244232792471796 -0.09244232792471796 -0.10861209523036916 -0.08188623039719899
-0.388981885529871 -0.388981885529871 -0.40335136551772655 -0.40335136551772655 -0.20353553184483406 -0.6435847058143377 -0.40335136551772655 -0.40335136551772655 -0.40335136551772655 -0.40335136551772655 -0.40335136551772655 -0.40335136551772655 -0.40335136551772655 -0.40335136551772655 -0.40335136551772655 -0.40335136551772655 -0.40335136551772655 -0.3712360945700985 -0.6435847058143377 -0.40335136551772655 -0.40335136551772655 -0.3712360945700985 -0.40335136551772655 -0.40335136551772655 -0.40335136551772655 -0.40335136551772655 -0.388981885529871 -0.40335136551772655 -0.40335136551772655 -0.40335136551772655 -0.40335136551772655 -0.388981885529871 -0.388981885529871 -0.388981885529871 -0.388981885529871 -0.40335136551772655 -0.388981885529871 -0.40335136551772655 -0.388981885529871 -0.388981885529871 -0.4252877687414557 -0.388981885529871 -0.388981885529871 -0.3215670188526232 -0.35495981383848385 -0.35495981383848385 -0.35495981383848385 -0.3215670188526232 -0.22224561133021567 -0.22567365222699193 -0.388981885529871 -0.22224561133021567 -0.22567365222699193 -0.3712360945700985 -0.22224561133021567 -0.22567365222699193 -0.35495981383848385 -0.22224561133021567 -0.22567365222699193 -0.22224561133021567 -0.3487863543176913 -0.3487863543176913 -0.22567365222699193 -0.3413116827250128 -0.3437789411737888 -0.3215670188526232 -0.3008597136060934 -0.30356018076237085 -0.20353553184483406 -0.20353553184483406 -0.32127575820291776 -0.3160057818603882 -0.3160057818603882 -0.3160057818603882 -0.3160057818603882 -0.2561103426662814 -0.29129636319302193 -0.22224561133021567 -0.29129636319302193 -0.22567365222699193 -0.2934336346587955 -0.2919174480169343 -0.23626144387808534 -0.26743136365534803 -0.27025962786486346 -0.2561103426662814 -0.23626144387808534 -0.2561103426662814 -0.26346034662391615 -0.26346034662391615 -0.252449948104398 -0.23800081174500878 -0.23800081174500878 -0.2370013856589639 -0.1906430224654926 -0.19048784733284063 -0.18737108117074336 -0.1704541647297793 -0.14309716213307042 -0.09244232792471796 -0.09244232792471796 -0.09244232792471796 -0.09244232792471796 -0.09244232792471796 -0.09244232792471796 -0.09244232792471796 -0.10861209523036916 -0.08188623039719899
-0.388981885529871 -0.388981885529871 -0.6242269088092383 -0.6242269088092383 -0.20353553184483406 -0.40335136551772655 -0.6001317136713896 -0.6242269088092383 -0.6242269088092383 -0.6242269088092383 -0.6242269088092383 -0.6242269088092383 -0.6242269088092383 -0.6242269088092383 -0.5930172951811848 -0.6242269088092383 -0.5930172951811848 -0.3712360945700985 -0.40335136551772655 -0.6242269088092383 -0.6242269088092383 -0.3712360945700985 -0.6001317136713896 -0.6322962296898407 -0.6242269088092383 -0.5930172951811848 -0.388981885529871 -0.5930172951811848 -0.5930172951811848 -0.6001317136713896 -0.5886835611775963 -0.388981885529871 -0.388981885529871 -0.388981885529871 -0.388981885529871 -0.5417197671146304 -0.388981885529871 -0.5338528588592198 -0.388981885529871 -0.388981885529871 -0.40335136551772655 -0.388981885529871 -0.388981885529871 -0.3215670188526232 -0.35495981383848385 -0.35495981383848385 -0.35495981383848385 -0.3215670188526232 -0.22224561133021567 -0.22567365222699193 -0.388981885529871 -0.22224561133021567 -0.22567365222699193 -0.3712360945700985 -0.22224561133021567 -0.22567365222699193 -0.35495981383848385 -0.22224561133021567 -0.22567365222699193 -0.22224561133021567 -0.3487863543176913 -0.3487863543176913 -0.22567365222699193 -0.3413116827250128 -0.3437789411737888 -0.3215670188526232 -0.3008597136060934 -0.30356018076237085 -0.20353553184483406 -0.20353553184483406 -0.32127575820291776 -0.3160057818603882 -0.3160057818603882 -0.3160057818603882 -0.3160057818603882 -0.2561103426662814 -0.29129636319302193 -0.22224561133021567 -0.29129636319302193 -0.22567365222699193 -0.2934336346587955 -0.2919174480169343 -0.23626144387808534 -0.26743136365534803 -0.27025962786486346 -0.2561103426662814 -0.23626144387808534 -0.2561103426662814 -0.26346034662391615 -0.26346034662391615 -0.252449948104398 -0.23800081174500878 -0.23800081174500878 -0.2370013856589639 -0.1906430224654926 -0.19048784733284063 -0.18737108117074336 -0.1704541647297793 -0.14309716213307042 -0.09244232792471796 -0.09244232792471796 -0.09244232792471796 -0.09244232792471796 -0.09244232792471796 -0.09244232792471796 -0.09244232792471796 -0.10861209523036916 -0.08188623039719899
-0.3712360945700985 -0.3712360945700985 -0.3712360945700985 -0.3712360945700985 -0.20353553184483406 -0.3712360945700985 -0.3712360945700985 -0.3712360945700985 -0.3712360945700985 -0.3712360945700985 -0.3712360945700985 -0.3712360945700985 -0.3712360945700985 -0.3712360945700985 -0.3712360945700985 -0.3712360945700985 -0.3712360945700985 -0.3712360945700985 -0.3712360945700985 -0.3712360945700985 -0.3712360945700985 -0.3712360945700985 -0.3712360945700985 -0.3712360945700985 -0.3712360945700985 -0.3712360945700985 -0.3712360945700985 -0.3712360945700985 -0.3712360945700985 -0.3712360945700985 -0.3712360945700985 -0.3712360945700985 -0.3712360945700985 -0.3712360945700985 -0.3712360945700985 -0.3712360945700985 -0.3712360945700985 -0.3712360945700985 -0.3712360945700985 -0.3712360945700985 -0.3712360945700985 -0.3712360945700985 -0.3712360945700985 -0.3215670188526232 -0.35495981383848385 -0.35495981383848385 -0.35495981383848385 -0.3215670188526232 -0.22224561133021567 -0.22567365222699193 -0.3712360945700985 -0.22224561133021567 -0.22567365222699193 -0.3712360945700985 -0.22224561133021567 -0.22567365222699193 -0.35495981383848385 -0.22224561133021567 -0.22567365222699193 -0.22224561133021567 -0.3487863543176913 -0.3487863543176913 -0.22567365222699193 -0.3413116827250128 -0.3437789411737888 -0.3215670188526232 -0.3008597136060934 -0.30356018076237085 -0.20353553184483406 -0.20353553184483406 -0.32127575820291776 -0.3160057818603882 -0.3160057818603882 -0.3160057818603882 -0.3160057818603882 -0.2561103426662814 -0.29129636319302193 -0.22224561133021567 -0.29129636319302193 -0.22567365222699193 -0.2934336346587955 -0.2919174480169343 -0.23626144387808534 -0.26743136365534803 -0.27025962786486346 -0.2561103426662814 -0.23626144387808534 -0.2561103426662814 -0.26346034662391615 -0.26346034662391615 -0.252449948104398 -0.23800081174500878 -0.23800081174500878 -0.2370013856589639 -0.1906430224654926 -0.19048784733284063 -0.18737108117074336 -0.1704541647297793 -0.14309716213307042 -0.09244232792471796 -0.09244232792471796 -0.09244232792471796 -0.09244232792471796 -0.09244232792471796 -0.09244232792471796 -0.09244232792471796 -0.10861209523036916 -0.08188623039719899
-0.3712360945700985 -0.3712360945700985 -0.3712360945700985 -0.3712360945700985 -0.20353553184483406 -0.3712360945700985 -0.3712360945700985 -0.3712360945700985 -0.3712360945700985 -0.3712360945700985 -0.3712360945700985 -0.3712360945700985 -0.3712360945700985 -0.3712360945700985 -0.3712360945700985 -0.3712360945700985 -0.3712360945700985 -0.3867259447093159 -0.3712360945700985 -0.3712360945700985 -0.3712360945700985 -0.3867259447093159 -0.3712360945700985 -0.3712360945700985 -0.3712360945700985 -0.3712360945700985 -0.3712360945700985 -0.3712360945700985 -0.3712360945700985 -0.3712360945700985 -0.3712360945700985 -0.3712360945700985 -0.3712360945700985 -0.3712360945700985 -0.3712360945700985 -0.3712360945700985 -0.3712360945700985 -0.3712360945700985 -0.3712360945700985 -0.3712360945700985 -0.3712360945700985 -0.3712360945700985 -0.3712360945700985 -0.3215670188526232 -0.35495981383848385 -0.35495981383848385 -0.35495981383848385 -0.3215670188526232 -0.22224561133021567 -0.22567365222699193 -0.3712360945700985 -0.22224561133021567 -0.22567365222699193 -0.3867259447093159 -0.22224561133021567 -0.22567365222699193 -0.35495981383848385 -0.22224561133021567 -0.22567365222699193 -0.22224561133021567 -0.3487863543176913 -0.3487863543176913 -0.22567365222699193 -0.3413116827250128 -0.3437789411737888 -0.3215670188526232 -0.3008597136060934 -0.30356018076237085 -0.20353553184483406 -0.20353553184483406 -0.32127575820291776 -0.3160057818603882 -0.3160057818603882 -0.3160057818603882 -0.3160057818603882 -0.2561103426662814 -0.29129636319302193 -0.22224561133021567 -0.29129636319302193 -0.22567365222699193 -0.2934336346587955 -0.2919174480169343 -0.23626144387808534 -0.26743136365534803 -0.27025962786486346 -0.2561103426662814 -0.23626144387808534 -0.2561103426662814 -0.26346034662391615 -0.26346034662391615 -0.252449948104398 -0.23800081174500878 -0.23800081174500878 -0.2370013856589639 -0.1906430224654926 -0.19048784733284063 -0.18737108117074336 -0.1704541647297793 -0.14309716213307042 -0.09244232792471796 -0.09244232792471796 -0.09244232792471796 -0.09244232792471796 -0.09244232792471796 -0.09244232792471796 -0.09244232792471796 -0.10861209523036916 -0.08188623039719899
-0.388981885529871 -0.388981885529871 -0.388981885529871 -0.388981885529871 -0.20353553184483406 -0.388981885529871 -0.388981885529871 -0.388981885529871 -0.388981885529871 -0.388981885529871 -0.388981885529871 -0.388981885529871 -0.388981885529871 -0.388981885529871 -0.388981885529871 -0.388981885529871 -0.388981885529871 -0.3712360945700985 -0.388981885529871 -0.388981885529871 -0.388981885529871 -0.3712360945700985 -0.388981885529871 -0.388981885529871 -0.388981885529871 -0.388981885529871 -0.388981885529871 -0.388981885529871 -0.388981885529871 -0.388981885529871 -0.388981885529871 -0.388981885529871 -0.388981885529871 -0.388981885529871 -0.388981885529871 -0.388981885529871 -0.388981885529871 -0.388981885529871 -0.388981885529871 -0.388981885529871 -0.388981885529871 -0.388981885529871 -0.388981885529871 -0.3215670188526232 -0.35495981383848385 -0.35495981383848385 -0.35495981383848385 -0.3215670188526232 -0.22224561133021567 -0.22567365222699193 -0.388981885529871 -0.22224561133021567 -0.22567365222699193 -0.3712360945700985 -0.22224561133021567 -0.22567365222699193 -0.35495981383848385 -0.22224561133021567 -0.22567365222699193 -0.22224561133021567 -0.3487863543176913 -0.3487863543176913 -0.22567365222699193 -0.3413116827250128 -0.3437789411737888 -0.3215670188526232 -0.3008597136060934 -0.30356018076237085 -0.20353553184483406 -0.20353553184483406 -0.32127575820291776 -0.3160057818603882 -0.3160057818603882 -0.3160057818603882 -0.3160057818603882 -0.2561103426662814 -0.29129636319302193 -0.22224561133021567 -0.29129636319302193 -0.22567365222699193 -0.2934336346587955 -0.2919174480169343 -0.23626144387808534 -0.26743136365534803 -0.27025962786486346 -0.2561103426662814 -0.23626144387808534 -0.2561103426662814 -0.26346034662391615 -0.26346034662391615 -0.252449948104398 -0.23800081174500878 -0.23800081174500878 -0.2370013856589639 -0.1906430224654926 -0.19048784733284063 -0.18737108117074336 -0.1704541647297793 -0.14309716213307042 -0.09244232792471796 -0.09244232792471796 -0.09244232792471796 -0.09244232792471796 -0.09244232792471796 -0.09244232792471796 -0.09244232792471796 -0.10861209523036916 -0.08188623039719899
-0.388981885529871 -0.388981885529871 -0.40335136551772655 -0.40335136551772655 -0.20353553184483406 -0.40335136551772655 -0.40335136551772655 -0.40335136551772655 -0.40335136551772655 -0.40335136551772655 -0.40335136551772655 -0.40335136551772655 -0.40335136551772655 -0.40335136551772655 -0.40335136551772655 -0.40335136551772655 -0.40335136551772655 -0.3712360945700985 -0.40335136551772655 -0.40335136551772655 -0.40335136551772655 -0.3712360945700985 -0.40335136551772655 -0.40335136551772655 -0.40335136551772655 -0.40335136551772655 -0.388981885529871 -0.40335136551772655 -0.40335136551772655 -0.40335136551772655 -0.40335136551772655 -0.388981885529871 -0.388981885529871 -0.388981885529871 -0.388981885529871 -0.40335136551772655 -0.388981885529871 -0.40335136551772655 -0.388981885529871 -0.388981885529871 -0.40335136551772655 -0.388981885529871 -0.388981885529871 -0.3215670188526232 -0.35495981383848385 -0.35495981383848385 -0.35495981383848385 -0.3215670188526232 -0.22224561133021567 -0.22567365222699193 -0.388981885529871 -0.22224561133021567 -0.22567365222699193 -0.3712360945700985 -0.22224561133021567 -0.22567365222699193 -0.35495981383848385 -0.22224561133021567 -0.22567365222699193 -0.22224561133021567 -0.3487863543176913 -0.3487863543176913 -0.22567365222699193 -0.3413116827250128 -0.3437789411737888 -0.3215670188526232 -0.3008597136060934 -0.30356018076237085 -0.20353553184483406 -0.20353553184483406 -0.32127575820291776 -0.3160057818603882 -0.3160057818603882 -0.3160057818603882 -0.3160057818603882 -0.2561103426662814 -0.29129636319302193 -0.22224561133021567 -0.29129636319302193 -0.22567365222699193 -0.2934336346587955 -0.2919174480169343 -0.23626144387808534 -0.26743136365534803 -0.27025962786486346 -0.2561103426662814 -0.23626144387808534 -0.2561103426662814 -0.26346034662391615 -0.26346034662391615 -0.252449948104398 -0.23800081174500878 -0.23800081174500878 -0.2370013856589639 -0.1906430224654926 -0.19048784733284063 -0.18737108117074336 -0.1704541647297793 -0.14309716213307042 -0.09244232792471796 -0.09244232792471796 -0.09244232792471796 -0.09244232792471796 -0.09244232792471796 -0.09244232792471796 -0.09244232792471796 -0.10861209523036916 -0.08188623039719899
-0.3712360945700985 -0.3712360945700985 -0.3712360945700985 -0.3712360945700985 -0.20353553184483406 -0.3712360945700985 -0.3712360945700985 -0.3712360945700985 -0.3712360945700985 -0.3712360945700985 -0.3712360945700985 -0.3712360945700985 -0.3712360945700985 -0.3712360945700985 -0.3712360945700985 -0.3712360945700985 -0.3712360945700985 -0.3712360945700985 -0.3712360945700985 -0.3712360945700985 -0.3712360945700985 -0.3712360945700985 -0.3712360945700985 -0.3712360945700985 -0.3712360945700985 -0.3712360945700985 -0.3712360945700985 -0.3712360945700985 -0.3712360945700985 -0.3712360945700985 -0.3712360945700985 -0.3712360945700985 -0.3712360945700985 -0.3712360945700985 -0.3712360945700985 -0.3712360945700985 -0.3712360945700985 -0.3712360945700985 -0.3712360945700985 -0.3712360945700985 -0.3712360945700985 -0.3712360945700985 -0.3712360945700985 -0.3215670188526232 -0.35495981383848385 -0.35495981383848385 -0.35495981383848385 -0.3215670188526232 -0.22224561133021567 -0.22567365222699193 -0.3712360945700985 -0.22224561133021567 -0.22567365222699193 -0.3712360945700985 -0.22224561133021567 -0.22567365222699193 -0.35495981383848385 -0.22224561133021567 -0.22567365222699193 -0.22224561133021567 -0.3487863543176913 -0.3487863543176913 -0.22567365222699193 -0.3413116827250128 -0.3437789411737888 -0.3215670188526232 -0.3008597136060934 -0.30356018076237085 -0.20353553184483406 -0.20353553184483406 -0.32127575820291776 -0.3160057818603882 -0.3160057818603882 -0.3160057818603882 -0.3160057818603882 -0.2561103426662814 -0.29129636319302193 -0.22224561133021567 -0.29129636319302193 -0.22567365222699193 -0.2934336346587955 -0.2919174480169343 -0.23626144387808534 -0.26743136365534803 -0.27025962786486346 -0.2561103426662814 -0.23626144387808534 -0.2561103426662814 -0.26346034662391615 -0.26346034662391615 -0.252449948104398 -0.23800081174500878 -0.23800081174500878 -0.2370013856589639 -0.1906430224654926 -0.19048784733284063 -0.18737108117074336 -0.1704541647297793 -0.14309716213307042 -0.09244232792471796 -0.09244232792471796 -0.09244232792471796 -0.09244232792471796 -0.09244232792471796 -0.09244232792471796 -0.09244232792471796 -0.10861209523036916 -0.08188623039719899
-0.388981885529871 -0.388981885529871 -0.6266342207537379 -0.6266342207537379 -0.20353553184483406 -0.40335136551772655 -0.6001317136713896 -0.6266342207537379 -0.6266342207537379 -0.6266342207537379 -0.6281104309230909 -0.6266342207537379 -0.6281104309230909 -0.6281104309230909 -0.5930172951811848 -0.6281104309230909 -0.5930172951811848 -0.3712360945700985 -0.40335136551772655 -0.6281104309230909 -0.6266342207537379 -0.3712360945700985 -0.6001317136713896 -0.6242269088092383 -0.6266342207537379 -0.5930172951811848 -0.388981885529871 -0.5930172951811848 -0.5930172951811848 -0.6001317136713896 -0.5886835611775963 -0.388981885529871 -0.388981885529871 -0.388981885529871 -0.388981885529871 -0.5417197671146304 -0.388981885529871 -0.5338528588592198 -0.388981885529871 -0.388981885529871 -0.40335136551772655 -0.388981885529871 -0.388981885529871 -0.3215670188526232 -0.35495981383848385 -0.35495981383848385 -0.35495981383848385 -0.3215670188526232 -0.22224561133021567 -0.22567365222699193 -0.388981885529871 -0.22224561133021567 -0.22567365222699193 -0.3712360945700985 -0.22224561133021567 -0.22567365222699193 -0.35495981383848385 -0.22224561133021567 -0.22567365222699193 -0.22224561133021567 -0.3487863543176913 -0.3487863543176913 -0.22567365222699193 -0.3413116827250128 -0.3437789411737888 -0.3215670188526232 -0.3008597136060934 -0.30356018076237085 -0.20353553184483406 -0.20353553184483406 -0.32127575820291776 -0.3160057818603882 -0.3160057818603882 -0.3160057818603882 -0.3160057818603882 -0.2561103426662814 -0.29129636319302193 -0.22224561133021567 -0.29129636319302193 -0.22567365222699193 -0.2934336346587955 -0.2919174480169343 -0.23626144387808534 -0.26743136365534803 -0.27025962786486346 -0.2561103426662814 -0.23626144387808534 -0.2561103426662814 -0.26346034662391615 -0.26346034662391615 -0.252449948104398 -0.23800081174500878 -0.23800081174500878 -0.2370013856589639 -0.1906430224654926 -0.19048784733284063 -0.18737108117074336 -0.1704541647297793 -0.14309716213307042 -0.09244232792471796 -0.09244232792471796 -0.09244232792471796 -0.09244232792471796 -0.09244232792471796 -0.09244232792471796 -0.09244232792471796 -0.10861209523036916 -0.08188623039719899
-0.252449948104398 -0.252449948104398 -0.252449948104398 -0.252449948104398 -0.20353553184483406 -0.252449948104398 -0.252449948104398 -0.252449948104398 -0.252449948104398 -0.252449948104398 -0.252449948104398 -0.252449948104398 -0.252449948104398 -0.252449948104398 -0.252449948104398 -0.252449948104398 -0.252449948104398 -0.252449948104398 -0.252449948104398 -0.252449948104398 -0.252449948104398 -0.252449948104398 -0.252449948104398 -0.252449948104398 -0.252449948104398 -0.252449948104398 -0.252449948104398 -0.252449948104398 -0.252449948104398 -0.252449948104398 -0.252449948104398 -0.252449948104398 -0.252449948104398 -0.252449948104398 -0.252449948104398 -0.252449948104398 -0.252449948104398 -0.252449948104398 -0.252449948104398 -0.252449948104398 -0.252449948104398 -0.252449948104398 -0.252449948104398 -0.252449948104398 -0.252449948104398 -0.252449948104398 -0.252449948104398 -0.252449948104398 -0.22224561133021567 -0.22567365222699193 -0.252449948104398 -0.22224561133021567 -0.22567365222699193 -0.252449948104398 -0.22224561133021567 -0.22567365222699193 -0.252449948104398 -0.22224561133021567 -0.22567365222699193 -0.22224561133021567 -0.252449948104398 -0.252449948104398 -0.22567365222699193 -0.252449948104398 -0.252449948104398 -0.252449948104398 -0.252449948104398 -0.252449948104398 -0.20353553184483406 -0.20353553184483406 -0.252449948104398 -0.252449948104398 -0.252449948104398 -0.252449948104398 -0.252449948104398 -0.252449948104398 -0.252449948104398 -0.22224561133021567 -0.252449948104398 -0.22567365222699193 -0.252449948104398 -0.252449948104398 -0.23626144387808534 -0.252449948104398 -0.252449948104398 -0.252449948104398 -0.23626144387808534 -0.252449948104398 -0.252449948104398 -0.252449948104398 -0.252449948104398 -0.23800081174500878 -0.23800081174500878 -0.2370013856589639 -0.1906430224654926 -0.19048784733284063 -0.18737108117074336 -0.1704541647297793 -0.14309716213307042 -0.09244232792471796 -0.09244232792471796 -0.09244232792471796 -0.09244232792471796 -0.09244232792471796 -0.09244232792471796 -0.09244232792471796 -0.10861209523036916 -0.08188623039719899
-0.3712360945700985 -0.3712360945700985 -0.3712360945700985 -0.3712360945700985 -0.20353553184483406 -0.3712360945700985 -0.3712360945700985 -0.3712360945700985 -0.3712360945700985 -0.3712360945700985 -0.3712360945700985 -0.3712360945700985 -0.3712360945700985 -0.3712360945700985 -0.3712360945700985 -0.3712360945700985 -0.3712360945700985 -0.3712360945700985 -0.3712360945700985 -0.3712360945700985 -0.3712360945700985 -0.3712360945700985 -0.3712360945700985 -0.3712360945700985 -0.3712360945700985 -0.3712360945700985 -0.3712360945700985 -0.3712360945700985 -0.3712360945700985 -0.3712360945700985 -0.3712360945700985 -0.3712360945700985 -0.3712360945700985 -0.3712360945700985 -0.3712360945700985 -0.3712360945700985 -0.3712360945700985 -0.3712360945700985 -0.3712360945700985 -0.3712360945700985 -0.3712360945700985 -0.3712360945700985 -0.3712360945700985 -0.3215670188526232 -0.35495981383848385 -0.35495981383848385 -0.35495981383848385 -0.3215670188526232 -0.22224561133021567 -0.22567365222699193 -0.3712360945700985 -0.22224561133021567 -0.22567365222699193 -0.3712360945700985 -0.22224561133021567 -0.22567365222699193 -0.35495981383848385 -0.22224561133021567 -0.22567365222699193 -0.22224561133021567 -0.3487863543176913 -0.3487863543176913 -0.22567365222699193 -0.3413116827250128 -0.3437789411737888 -0.3215670188526232 -0.3008597136060934 -0.30356018076237085 -0.20353553184483406 -0.20353553184483406 -0.32127575820291776 -0.3160057818603882 -0.3160057818603882 -0.3160057818603882 -0.3160057818603882 -0.2561103426662814 -0.29129636319302193 -0.22224561133021567 -0.29129636319302193 -0.22567365222699193 -0.2934336346587955 -0.2919174480169343 -0.23626144387808534 -0.26743136365534803 -0.27025962786486346 -0.2561103426662814 -0.23626144387808534 -0.2561103426662814 -0.26346034662391615 -0.26346034662391615 -0.252449948104398 -0.23800081174500878 -0.23800081174500878 -0.2370013856589639 -0.1906430224654926 -0.19048784733284063 -0.18737108117074336 -0.1704541647297793 -0.14309716213307042 -0.09244232792471796 -0.09244232792471796 -0.09244232792471796 -0.09244232792471796 -0.09244232792471796 -0.09244232792471796 -0.09244232792471796 -0.10861209523036916 -0.08188623039719899
-0.388981885529871 -0.388981885529871 -0.5338528588592198 -0.5338528588592198 -0.20353553184483406 -0.40335136551772655 -0.5338528588592198 -0.5338528588592198 -0.5338528588592198 -0.5338528588592198 -0.5338528588592198 -0.5338528588592198 -0.5338528588592198 -0.5338528588592198 -0.5338528588592198 -0.5338528588592198 -0.5338528588592198 -0.3712360945700985 -0.40335136551772655 -0.5338528588592198 -0.5338528588592198 -0.3712360945700985 -0.5338528588592198 -0.5338528588592198 -0.5338528588592198 -0.5338528588592198 -0.388981885529871 -0.5338528588592198 -0.5338528588592198 -0.5338528588592198 -0.5338528588592198 -0.388981885529871 -0.388981885529871 -0.388981885529871 -0.388981885529871 -0.5338528588592198 -0.388981885529871 -0.5338528588592198 -0.388981885529871 -0.388981885529871 -0.40335136551772655 -0.388981885529871 -0.388981885529871 -0.3215670188526232 -0.35495981383848385 -0.35495981383848385 -0.35495981383848385 -0.3215670188526232 -0.22224561133021567 -0.22567365222699193 -0.388981885529871 -0.22224561133021567 -0.22567365222699193 -0.3712360945700985 -0.22224561133021567 -0.22567365222699193 -0.35495981383848385 -0.22224561133021567 -0.22567365222699193 -0.22224561133021567 -0.3487863543176913 -0.3487863543176913 -0.22567365222699193 -0.3413116827250128 -0.3437789411737888 -0.3215670188526232 -0.3008597136060934 -0.30356018076237085 -0.20353553184483406 -0.20353553184483406 -0.32127575820291776 -0.3160057818603882 -0.3160057818603882 -0.3160057818603882 -0.3160057818603882 -0.2561103426662814 -0.29129636319302193 -0.22224561133021567 -0.29129636319302193 -0.22567365222699193 -0.2934336346587955 -0.2919174480169343 -0.23626144387808534 -0.26743136365534803 -0.27025962786486346 -0.2561103426662814 -0.23626144387808534 -0.2561103426662814 -0.26346034662391615 -0.26346034662391615 -0.252449948104398 -0.23800081174500878 -0.23800081174500878 -0.2370013856589639 -0.1906430224654926 -0.19048784733284063 -0.18737108117074336 -0.1704541647297793 -0.14309716213307042 -0.09244232792471796 -0.09244232792471796 -0.09244232792471796 -0.09244232792471796 -0.09244232792471796 -0.09244232792471796 -0.09244232792471796 -0.10861209523036916 -0.08188623039719899
-0.1704541647297793 -0.1704541647297793 -0.1704541647297793 -0.1704541647297793 -0.1704541647297793 -0.1704541647297793 -0.1704541647297793 -0.1704541647297793 -0.1704541647297793 -0.1704541647297793 -0.1704541647297793 -0.1704541647297793 -0.1704541647297793 -0.1704541647297793 -0.1704541647297793 -0.1704541647297793 -0.1704541647297793 -0.1704541647297793 -0.1704541647297793 -0.1704541647297793 -0.1704541647297793 -0.1704541647297793 -0.1704541647297793 -0.1704541647297793 -0.1704541647297793 -0.1704541647297793 -0.1704541647297793 -0.1704541647297793 -0.1704541647297793 -0.1704541647297793 -0.1704541647297793 -0.1704541647297793 -0.1704541647297793 -0.1704541647297793 -0.1704541647297793 -0.1704541647297793 -0.1704541647297793 -0.1704541647297793 -0.1704541647297793 -0.1704541647297793 -0.1704541647297793 -0.1704541647297793 -0.1704541647297793 -0.1704541647297793 -0.1704541647297793 -0.1704541647297793 -0.1704541647297793 -0.1704541647297793 -0.1704541647297793 -0.1704541647297793 -0.1704541647297793 -0.1704541647297793 -0.1704541647297793 -0.1704541647297793 -0.1704541647297793 -0.1704541647297793 -0.1704541647297793 -0.1704541647297793 -0.1704541647297793 -0.1704541647297793 -0.1704541647297793 -0.1704541647297793 -0.1704541647297793 -0.1704541647297793 -0.1704541647297793 -0.1704541647297793 -0.1704541647297793 -0.1704541647297793 -0.1704541647297793 -0.1704541647297793 -0.1704541647297793 -0.1704541647297793 -0.1704541647297793 -0.1704541647297793 -0.1704541647297793 -0.1704541647297793 -0.1704541647297793 -0.1704541647297793 -0.1704541647297793 -0.1704541647297793 -0.1704541647297793 -0.1704541647297793 -0.1704541647297793 -0.1704541647297793 -0.1704541647297793 -0.1704541647297793 -0.1704541647297793 -0.1704541647297793 -0.1704541647297793 -0.1704541647297793 -0.1704541647297793 -0.1704541647297793 -0.1704541647297793 -0.1704541647297793 -0.1704541647297793 -0.1704541647297793 -0.1704541647297793 -0.1704541647297793 -0.14309716213307042 -0.09244232792471796 -0.09244232792471796 -0.09244232792471796 -0.09244232792471796 -0.09244232792471796 -0.09244232792471796 -0.09244232792471796 -0.10861209523036916 -0.08188623039719899
-0.388981885529871 -0.388981885529871 -0.5886835611775963 -0.5886835611775963 -0.20353553184483406 -0.40335136551772655 -0.5886835611775963 -0.5886835611775963 -0.5886835611775963 -0.5886835611775963 -0.5886835611775963 -0.5886835611775963 -0.5886835611775963 -0.5886835611775963 -0.5886835611775963 -0.5886835611775963 -0.5886835611775963 -0.3712360945700985 -0.40335136551772655 -0.5886835611775963 -0.5886835611775963 -0.3712360945700985 -0.5886835611775963 -0.5886835611775963 -0.5886835611775963 -0.5886835611775963 -0.388981885529871 -0.5886835611775963 -0.5886835611775963 -0.5886835611775963 -0.5886835611775963 -0.388981885529871 -0.388981885529871 -0.388981885529871 -0.388981885529871 -0.5417197671146304 -0.388981885529871 -0.5338528588592198 -0.388981885529871 -0.388981885529871 -0.40335136551772655 -0.388981885529871 -0.388981885529871 -0.3215670188526232 -0.35495981383848385 -0.35495981383848385 -0.35495981383848385 -0.3215670188526232 -0.22224561133021567 -0.22567365222699193 -0.388981885529871 -0.22224561133021567 -0.22567365222699193 -0.3712360945700985 -0.22224561133021567 -0.22567365222699193 -0.35495981383848385 -0.22224561133021567 -0.22567365222699193 -0.22224561133021567 -0.3487863543176913 -0.3487863543176913 -0.22567365222699193 -0.3413116827250128 -0.3437789411737888 -0.3215670188526232 -0.3008597136060934 -0.30356018076237085 -0.20353553184483406 -0.20353553184483406 -0.32127575820291776 -0.3160057818603882 -0.3160057818603882 -0.3160057818603882 -0.3160057818603882 -0.2561103426662814 -0.29129636319302193 -0.22224561133021567 -0.29129636319302193 -0.22567365222699193 -0.2934336346587955 -0.2919174480169343 -0.23626144387808534 -0.26743136365534803 -0.27025962786486346 -0.2561103426662814 -0.23626144387808534 -0.2561103426662814 -0.26346034662391615 -0.26346034662391615 -0.252449948104398 -0.23800081174500878 -0.23800081174500878 -0.2370013856589639 -0.1906430224654926 -0.19048784733284063 -0.18737108117074336 -0.1704541647297793 -0.14309716213307042 -0.09244232792471796 -0.09244232792471796 -0.09244232792471796 -0.09244232792471796 -0.09244232792471796 -0.09244232792471796 -0.09244232792471796 -0.10861209523036916 -0.08188623039719899
-0.388981885529871 -0.388981885529871 -0.40335136551772655 -0.40335136551772655 -0.20353553184483406 -0.40335136551772655 -0.40335136551772655 -0.40335136551772655 -0.40335136551772655 -0.40335136551772655 -0.40335136551772655 -0.40335136551772655 -0.40335136551772655 -0.40335136551772655 -0.40335136551772655 -0.40335136551772655 -0.40335136551772655 -0.3712360945700985 -0.40335136551772655 -0.40335136551772655 -0.40335136551772655 -0.3712360945700985 -0.40335136551772655 -0.40335136551772655 -0.40335136551772655 -0.40335136551772655 -0.388981885529871 -0.40335136551772655 -0.40335136551772655 -0.40335136551772655 -0.40335136551772655 -0.388981885529871 -0.388981885529871 -0.388981885529871 -0.388981885529871 -0.40335136551772655 -0.388981885529871 -0.40335136551772655 -0.388981885529871 -0.388981885529871 -0.40335136551772655 -0.388981885529871 -0.388981885529871 -0.3215670188526232 -0.35495981383848385 -0.35495981383848385 -0.35495981383848385 -0.3215670188526232 -0.22224561133021567 -0.22567365222699193 -0.388981885529871 -0.22224561133021567 -0.22567365222699193 -0.3712360945700985 -0.22224561133021567 -0.22567365222699193 -0.35495981383848385 -0.22224561133021567 -0.22567365222699193 -0.22224561133021567 -0.3487863543176913 -0.3487863543176913 -0.22567365222699193 -0.3413116827250128 -0.3437789411737888 -0.3215670188526232 -0.3008597136060934 -0.30356018076237085 -0.20353553184483406 -0.20353553184483406 -0.32127575820291776 -0.3160057818603882 -0.3160057818603882 -0.3160057818603882 -0.3160057818603882 -0.2561103426662814 -0.29129636319302193 -0.22224561133021567 -0.29129636319302193 -0.22567365222699193 -0.2934336346587955 -0.2919174480169343 -0.23626144387808534 -0.26743136365534803 -0.27025962786486346 -0.2561103426662814 -0.23626144387808534 -0.2561103426662814 -0.26346034662391615 -0.26346034662391615 -0.252449948104398 -0.23800081174500878 -0.23800081174500878 -0.2370013856589639 -0.1906430224654926 -0.19048784733284063 -0.18737108117074336 -0.1704541647297793 -0.14309716213307042 -0.09244232792471796 -0.09244232792471796 -0.09244232792471796 -0.09244232792471796 -0.09244232792471796 -0.09244232792471796 -0.09244232792471796 -0.10861209523036916 -0.08188623039719899
-0.3008597136060934 -0.3008597136060934 -0.3008597136060934 -0.3008597136060934 -0.20353553184483406 -0.3008597136060934 -0.3008597136060934 -0.3008597136060934 -0.3008597136060934 -0.3008597136060934 -0.3008597136060934 -0.3008597136060934 -0.3008597136060934 -0.3008597136060934 -0.3008597136060934 -0.3008597136060934 -0.3008597136060934 -0.3008597136060934 -0.3008597136060934 -0.3008597136060934 -0.3008597136060934 -0.3008597136060934 -0.3008597136060934 -0.3008597136060934 -0.3008597136060934 -0.3008597136060934 -0.3008597136060934 -0.3008597136060934 -0.3008597136060934 -0.3008597136060934 -0.3008597136060934 -0.3008597136060934 -0.3008597136060934 -0.3008597136060934 -0.3008597136060934 -0.3008597136060934 -0.3008597136060934 -0.3008597136060934 -0.3008597136060934 -0.3008597136060934 -0.3008597136060934 -0.3008597136060934 -0.3008597136060934 -0.3008597136060934 -0.3008597136060934 -0.3008597136060934 -0.3008597136060934 -0.3008597136060934 -0.22224561133021567 -0.22567365222699193 -0.3008597136060934 -0.22224561133021567 -0.22567365222699193 -0.3008597136060934 -0.22224561133021567 -0.22567365222699193 -0.3008597136060934 -0.22224561133021567 -0.22567365222699193 -0.22224561133021567 -0.3008597136060934 -0.3008597136060934 -0.22567365222699193 -0.3008597136060934 -0.3008597136060934 -0.3008597136060934 -0.3008597136060934 -0.3008597136060934 -0.20353553184483406 -0.20353553184483406 -0.3008597136060934 -0.3008597136060934 -0.3008597136060934 -0.3008597136060934 -0.3008597136060934 -0.2561103426662814 -0.29129636319302193 -0.22224561133021567 -0.29129636319302193 -0.22567365222699193 -0.2934336346587955 -0.2919174480169343 -0.23626144387808534 -0.26743136365534803 -0.27025962786486346 -0.2561103426662814 -0.23626144387808534 -0.2561103426662814 -0.26346034662391615 -0.26346034662391615 -0.252449948104398 -0.23800081174500878 -0.23800081174500878 -0.2370013856589639 -0.1906430224654926 -0.19048784733284063 -0.18737108117074336 -0.1704541647297793 -0.14309716213307042 -0.09244232792471796 -0.09244232792471796 -0.09244232792471796 -0.09244232792471796 -0.09244232792471796 -0.09244232792471796 -0.09244232792471796 -0.10861209523036916 -0.08188623039719899
-0.27025962786486346 -0.27025962786486346 -0.27025962786486346 -0.27025962786486346 -0.20353553184483406 -0.27025962786486346 -0.27025962786486346 -0.27025962786486346 -0.27025962786486346 -0.27025962786486346 -0.27025962786486346 -0.27025962786486346 -0.27025962786486346 -0.27025962786486346 -0.27025962786486346 -0.27025962786486346 -0.27025962786486346 -0.27025962786486346 -0.27025962786486346 -0.27025962786486346 -0.27025962786486346 -0.27025962786486346 -0.27025962786486346 -0.27025962786486346 -0.27025962786486346 -0.27025962786486346 -0.27025962786486346 -0.27025962786486346 -0.27025962786486346 -0.27025962786486346 -0.27025962786486346 -0.27025962786486346 -0.27025962786486346 -0.27025962786486346 -0.27025962786486346 -0.27025962786486346 -0.27025962786486346 -0.27025962786486346 -0.27025962786486346 -0.27025962786486346 -0.27025962786486346 -0.27025962786486346 -0.27025962786486346 -0.27025962786486346 -0.27025962786486346 -0.27025962786486346 -0.27025962786486346 -0.27025962786486346 -0.22224561133021567 -0.22567365222699193 -0.27025962786486346 -0.22224561133021567 -0.22567365222699193 -0.27025962786486346 -0.22224561133021567 -0.22567365222699193 -0.27025962786486346 -0.22224561133021567 -0.22567365222699193 -0.22224561133021567 -0.27025962786486346 -0.27025962786486346 -0.22567365222699193 -0.27025962786486346 -0.27025962786486346 -0.27025962786486346 -0.27025962786486346 -0.27025962786486346 -0.20353553184483406 -0.20353553184483406 -0.27025962786486346 -0.27025962786486346 -0.27025962786486346 -0.27025962786486346 -0.27025962786486346 -0.2561103426662814 -0.27025962786486346 -0.22224561133021567 -0.27025962786486346 -0.22567365222699193 -0.27025962786486346 -0.27025962786486346 -0.23626144387808534 -0.26743136365534803 -0.27025962786486346 -0.2561103426662814 -0.23626144387808534 -0.2561103426662814 -0.26346034662391615 -0.26346034662391615 -0.252449948104398 -0.23800081174500878 -0.23800081174500878 -0.2370013856589639 -0.1906430224654926 -0.19048784733284063 -0.18737108117074336 -0.1704541647297793 -0.14309716213307042 -0.09244232792471796 -0.09244232792471796 -0.09244232792471796 -0.09244232792471796 -0.09244232792471796 -0.09244232792471796 -0.09244232792471796 -0.10861209523036916 -0.08188623039719899
-0.18737108117074336 -0.18737108117074336 -0.18737108117074336 -0.18737108117074336 -0.18737108117074336 -0.18737108117074336 -0.18737108117074336 -0.18737108117074336 -0.18737108117074336 -0.18737108117074336 -0.18737108117074336 -0.18737108117074336 -0.18737108117074336 -0.18737108117074336 -0.18737108117074336 -0.18737108117074336 -0.18737108117074336 -0.18737108117074336 -0.18737108117074336 -0.18737108117074336 -0.18737108117074336 -0.18737108117074336 -0.18737108117074336 -0.18737108117074336 -0.18737108117074336 -0.18737108117074336 -0.18737108117074336 -0.18737108117074336 -0.18737108117074336 -0.18737108117074336 -0.18737108117074336 -0.18737108117074336 -0.18737108117074336 -0.18737108117074336 -0.18737108117074336 -0.18737108117074336 -0.18737108117074336 -0.18737108117074336 -0.18737108117074336 -0.18737108117074336 -0.18737108117074336 -0.18737108117074336 -0.18737108117074336 -0.18737108117074336 -0.18737108117074336 -0.18737108117074336 -0.18737108117074336 -0.18737108117074336 -0.18737108117074336 -0.18737108117074336 -0.18737108117074336 -0.18737108117074336 -0.18737108117074336 -0.18737108117074336 -0.18737108117074336 -0.18737108117074336 -0.18737108117074336 -0.18737108117074336 -0.18737108117074336 -0.18737108117074336 -0.18737108117074336 -0.18737108117074336 -0.18737108117074336 -0.18737108117074336 -0.18737108117074336 -0.18737108117074336 -0.18737108117074336 -0.18737108117074336 -0.18737108117074336 -0.18737108117074336 -0.18737108117074336 -0.18737108117074336 -0.18737108117074336 -0.18737108117074336 -0.18737108117074336 -0.18737108117074336 -0.18737108117074336 -0.18737108117074336 -0.18737108117074336 -0.18737108117074336 -0.18737108117074336 -0.18737108117074336 -0.18737108117074336 -0.18737108117074336 -0.18737108117074336 -0.18737108117074336 -0.18737108117074336 -0.18737108117074336 -0.18737108117074336 -0.18737108117074336 -0.18737108117074336 -0.18737108117074336 -0.18737108117074336 -0.18737108117074336 -0.18737108117074336 -0.18737108117074336 -0.18737108117074336 -0.1704541647297793 -0.14309716213307042 -0.09244232792471796 -0.09244232792471796 -0.09244232792471796 -0.09244232792471796 -0.09244232792471796 -0.09244232792471796 -0.09244232792471796 -0.10861209523036916 -0.08188623039719899
-0.23626144387808534 -0.23626144387808534 -0.23626144387808534 -0.23626144387808534 -0.20353553184483406 -0.23626144387808534 -0.23626144387808534 -0.23626144387808534 -0.23626144387808534 -0.23626144387808534 -0.23626144387808534 -0.23626144387808534 -0.23626144387808534 -0.23626144387808534 -0.23626144387808534 -0.23626144387808534 -0.23626144387808534 -0.23626144387808534 -0.23626144387808534 -0.23626144387808534 -0.23626144387808534 -0.23626144387808534 -0.23626144387808534 -0.23626144387808534 -0.23626144387808534 -0.23626144387808534 -0.23626144387808534 -0.23626144387808534 -0.23626144387808534 -0.23626144387808534 -0.23626144387808534 -0.23626144387808534 -0.23626144387808534 -0.23626144387808534 -0.23626144387808534 -0.23626144387808534 -0.23626144387808534 -0.23626144387808534 -0.23626144387808534 -0.23626144387808534 -0.23626144387808534 -0.23626144387808534 -0.23626144387808534 -0.23626144387808534 -0.23626144387808534 -0.23626144387808534 -0.23626144387808534 -0.23626144387808534 -0.22224561133021567 -0.22567365222699193 -0.23626144387808534 -0.22224561133021567 -0.22567365222699193 -0.23626144387808534 -0.22224561133021567 -0.22567365222699193 -0.23626144387808534 -0.22224561133021567 -0.22567365222699193 -0.22224561133021567 -0.23626144387808534 -0.23626144387808534 -0.22567365222699193 -0.23626144387808534 -0.23626144387808534 -0.23626144387808534 -0.23626144387808534 -0.23626144387808534 -0.20353553184483406 -0.20353553184483406 -0.23626144387808534 -0.23626144387808534 -0.23626144387808534 -0.23626144387808534 -0.23626144387808534 -0.23626144387808534 -0.23626144387808534 -0.22224561133021567 -0.23626144387808534 -0.22567365222699193 -0.23626144387808534 -0.23626144387808534 -0.27081521840282824 -0.23626144387808534 -0.23626144387808534 -0.23626144387808534 -0.27081521840282824 -0.23626144387808534 -0.23626144387808534 -0.23626144387808534 -0.23626144387808534 -0.23626144387808534 -0.23626144387808534 -0.23626144387808534 -0.1906430224654926 -0.19048784733284063 -0.18737108117074336 -0.1704541647297793 -0.14309716213307042 -0.09244232792471796 -0.09244232792471796 -0.09244232792471796 -0.09244232792471796 -0.09244232792471796 -0.09244232792471796 -0.09244232792471796 -0.10861209523036916 -0.08188623039719899
-0.4409318743801913 -0.4409318743801913 -0.388981885529871 -0.388981885529871 -0.20353553184483406 -0.388981885529871 -0.388981885529871 -0.388981885529871 -0.388981885529871 -0.388981885529871 -0.388981885529871 -0.388981885529871 -0.388981885529871 -0.388981885529871 -0.388981885529871 -0.388981885529871 -0.388981885529871 -0.3712360945700985 -0.388981885529871 -0.388981885529871 -0.388981885529871 -0.3712360945700985 -0.388981885529871 -0.388981885529871 -0.388981885529871 -0.388981885529871 -0.4409318743801913 -0.388981885529871 -0.388981885529871 -0.388981885529871 -0.388981885529871 -0.4409318743801913 -0.4409318743801913 -0.4409318743801913 -0.4409318743801913 -0.388981885529871 -0.4409318743801913 -0.388981885529871 -0.4409318743801913 -0.4409318743801913 -0.388981885529871 -0.4409318743801913 -0.4151822352831601 -0.3215670188526232 -0.35495981383848385 -0.35495981383848385 -0.35495981383848385 -0.3215670188526232 -0.22224561133021567 -0.22567365222699193 -0.39294957829270727 -0.22224561133021567 -0.22567365222699193 -0.3712360945700985 -0.22224561133021567 -0.22567365222699193 -0.35495981383848385 -0.22224561133021567 -0.22567365222699193 -0.22224561133021567 -0.3487863543176913 -0.3487863543176913 -0.22567365222699193 -0.3413116827250128 -0.3437789411737888 -0.3215670188526232 -0.3008597136060934 -0.30356018076237085 -0.20353553184483406 -0.20353553184483406 -0.32127575820291776 -0.3160057818603882 -0.3160057818603882 -0.3160057818603882 -0.3160057818603882 -0.2561103426662814 -0.29129636319302193 -0.22224561133021567 -0.29129636319302193 -0.22567365222699193 -0.2934336346587955 -0.2919174480169343 -0.23626144387808534 -0.26743136365534803 -0.27025962786486346 -0.2561103426662814 -0.23626144387808534 -0.2561103426662814 -0.26346034662391615 -0.26346034662391615 -0.252449948104398 -0.23800081174500878 -0.23800081174500878 -0.2370013856589639 -0.1906430224654926 -0.19048784733284063 -0.18737108117074336 -0.1704541647297793 -0.14309716213307042 -0.09244232792471796 -0.09244232792471796 -0.09244232792471796 -0.09244232792471796 -0.09244232792471796 -0.09244232792471796 -0.09244232792471796 -0.10861209523036916 -0.08188623039719899
-0.4409318743801913 -0.4409318743801913 -0.388981885529871 -0.388981885529871 -0.20353553184483406 -0.388981885529871 -0.388981885529871 -0.388981885529871 -0.388981885529871 -0.388981885529871 -0.388981885529871 -0.388981885529871 -0.388981885529871 -0.388981885529871 -0.388981885529871 -0.388981885529871 -0.388981885529871 -0.3712360945700985 -0.388981885529871 -0.388981885529871 -0.388981885529871 -0.3712360945700985 -0.388981885529871 -0.388981885529871 -0.388981885529871 -0.388981885529871 -0.4409318743801913 -0.388981885529871 -0.388981885529871 -0.388981885529871 -0.388981885529871 -0.4409318743801913 -0.4409318743801913 -0.4409318743801913 -0.4409318743801913 -0.388981885529871 -0.4409318743801913 -0.388981885529871 -0.4409318743801913 -0.4409318743801913 -0.388981885529871 -0.4409318743801913 -0.4151822352831601 -0.3215670188526232 -0.35495981383848385 -0.35495981383848385 -0.35495981383848385 -0.3215670188526232 -0.22224561133021567 -0.22567365222699193 -0.39294957829270727 -0.22224561133021567 -0.22567365222699193 -0.3712360945700985 -0.22224561133021567 -0.22567365222699193 -0.35495981383848385 -0.22224561133021567 -0.22567365222699193 -0.22224561133021567 -0.3487863543176913 -0.3487863543176913 -0.22567365222699193 -0.3413116827250128 -0.3437789411737888 -0.3215670188526232 -0.3008597136060934 -0.30356018076237085 -0.20353553184483406 -0.20353553184483406 -0.32127575820291776 -0.3160057818603882 -0.3160057818603882 -0.3160057818603882 -0.3160057818603882 -0.2561103426662814 -0.29129636319302193 -0.22224561133021567 -0.29129636319302193 -0.22567365222699193 -0.2934336346587955 -0.2919174480169343 -0.23626144387808534 -0.26743136365534803 -0.27025962786486346 -0.2561103426662814 -0.23626144387808534 -0.2561103426662814 -0.26346034662391615 -0.26346034662391615 -0.252449948104398 -0.23800081174500878 -0.23800081174500878 -0.2370013856589639 -0.1906430224654926 -0.19048784733284063 -0.18737108117074336 -0.1704541647297793 -0.14309716213307042 -0.09244232792471796 -0.09244232792471796 -0.09244232792471796 -0.09244232792471796 -0.09244232792471796 -0.09244232792471796 -0.09244232792471796 -0.10861209523036916 -0.08188623039719899
-0.26346034662391615 -0.26346034662391615 -0.26346034662391615 -0.26346034662391615 -0.20353553184483406 -0.26346034662391615 -0.26346034662391615 -0.26346034662391615 -0.26346034662391615 -0.26346034662391615 -0.26346034662391615 -0.26346034662391615 -0.26346034662391615 -0.26346034662391615 -0.26346034662391615 -0.26346034662391615 -0.26346034662391615 -0.26346034662391615 -0.26346034662391615 -0.26346034662391615 -0.26346034662391615 -0.26346034662391615 -0.26346034662391615 -0.26346034662391615 -0.26346034662391615 -0.26346034662391615 -0.26346034662391615 -0.26346034662391615 -0.26346034662391615 -0.26346034662391615 -0.26346034662391615 -0.26346034662391615 -0.26346034662391615 -0.26346034662391615 -0.26346034662391615 -0.26346034662391615 -0.26346034662391615 -0.26346034662391615 -0.26346034662391615 -0.26346034662391615 -0.26346034662391615 -0.26346034662391615 -0.26346034662391615 -0.26346034662391615 -0.26346034662391615 -0.26346034662391615 -0.26346034662391615 -0.26346034662391615 -0.22224561133021567 -0.22567365222699193 -0.26346034662391615 -0.22224561133021567 -0.22567365222699193 -0.26346034662391615 -0.22224561133021567 -0.22567365222699193 -0.26346034662391615 -0.22224561133021567 -0.22567365222699193 -0.22224561133021567 -0.26346034662391615 -0.26346034662391615 -0.22567365222699193 -0.26346034662391615 -0.26346034662391615 -0.26346034662391615 -0.26346034662391615 -0.26346034662391615 -0.20353553184483406 -0.20353553184483406 -0.26346034662391615 -0.26346034662391615 -0.26346034662391615 -0.26346034662391615 -0.26346034662391615 -0.2561103426662814 -0.26346034662391615 -0.22224561133021567 -0.26346034662391615 -0.22567365222699193 -0.26346034662391615 -0.26346034662391615 -0.23626144387808534 -0.26346034662391615 -0.26346034662391615 -0.2561103426662814 -0.23626144387808534 -0.2561103426662814 -0.26346034662391615 -0.26346034662391615 -0.252449948104398 -0.23800081174500878 -0.23800081174500878 -0.2370013856589639 -0.1906430224654926 -0.19048784733284063 -0.18737108117074336 -0.1704541647297793 -0.14309716213307042 -0.09244232792471796 -0.09244232792471796 -0.09244232792471796 -0.09244232792471796 -0.09244232792471796 -0.09244232792471796 -0.09244232792471796 -0.10861209523036916 -0.08188623039719899
-0.3413116827250128 -0.3413116827250128 -0.3413116827250128 -0.3413116827250128 -0.20353553184483406 -0.3413116827250128 -0.3413116827250128 -0.3413116827250128 -0.3413116827250128 -0.3413116827250128 -0.3413116827250128 -0.3413116827250128 -0.3413116827250128 -0.3413116827250128 -0.3413116827250128 -0.3413116827250128 -0.3413116827250128 -0.3413116827250128 -0.3413116827250128 -0.3413116827250128 -0.3413116827250128 -0.3413116827250128 -0.3413116827250128 -0.3413116827250128 -0.3413116827250128 -0.3413116827250128 -0.3413116827250128 -0.3413116827250128 -0.3413116827250128 -0.3413116827250128 -0.3413116827250128 -0.3413116827250128 -0.3413116827250128 -0.3413116827250128 -0.3413116827250128 -0.3413116827250128 -0.3413116827250128 -0.3413116827250128 -0.3413116827250128 -0.3413116827250128 -0.3413116827250128 -0.3413116827250128 -0.3413116827250128 -0.3215670188526232 -0.3413116827250128 -0.3413116827250128 -0.3413116827250128 -0.3215670188526232 -0.22224561133021567 -0.22567365222699193 -0.3413116827250128 -0.22224561133021567 -0.22567365222699193 -0.3413116827250128 -0.22224561133021567 -0.22567365222699193 -0.3413116827250128 -0.22224561133021567 -0.22567365222699193 -0.22224561133021567 -0.3413116827250128 -0.3413116827250128 -0.22567365222699193 -0.3413116827250128 -0.3413116827250128 -0.3215670188526232 -0.3008597136060934 -0.30356018076237085 -0.20353553184483406 -0.20353553184483406 -0.32127575820291776 -0.3160057818603882 -0.3160057818603882 -0.3160057818603882 -0.3160057818603882 -0.2561103426662814 -0.29129636319302193 -0.22224561133021567 -0.29129636319302193 -0.22567365222699193 -0.2934336346587955 -0.2919174480169343 -0.23626144387808534 -0.26743136365534803 -0.27025962786486346 -0.2561103426662814 -0.23626144387808534 -0.2561103426662814 -0.26346034662391615 -0.26346034662391615 -0.252449948104398 -0.23800081174500878 -0.23800081174500878 -0.2370013856589639 -0.1906430224654926 -0.19048784733284063 -0.18737108117074336 -0.1704541647297793 -0.14309716213307042 -0.09244232792471796 -0.09244232792471796 -0.09244232792471796 -0.09244232792471796 -0.09244232792471796 -0.09244232792471796 -0.09244232792471796 -0.10861209523036916 -0.08188623039719899
-0.3413116827250128 -0.3413116827250128 -0.3413116827250128 -0.3413116827250128 -0.20353553184483406 -0.3413116827250128 -0.3413116827250128 -0.3413116827250128 -0.3413116827250128 -0.3413116827250128 -0.3413116827250128 -0.3413116827250128 -0.3413116827250128 -0.3413116827250128 -0.3413116827250128 -0.3413116827250128 -0.3413116827250128 -0.3413116827250128 -0.3413116827250128 -0.3413116827250128 -0.3413116827250128 -0.3413116827250128 -0.3413116827250128 -0.3413116827250128 -0.3413116827250128 -0.3413116827250128 -0.3413116827250128 -0.3413116827250128 -0.3413116827250128 -0.3413116827250128 -0.3413116827250128 -0.3413116827250128 -0.3413116827250128 -0.3413116827250128 -0.3413116827250128 -0.3413116827250128 -0.3413116827250128 -0.3413116827250128 -0.3413116827250128 -0.3413116827250128 -0.3413116827250128 -0.3413116827250128 -0.3413116827250128 -0.3215670188526232 -0.3413116827250128 -0.3413116827250128 -0.3413116827250128 -0.3215670188526232 -0.22224561133021567 -0.22567365222699193 -0.3413116827250128 -0.22224561133021567 -0.22567365222699193 -0.3413116827250128 -0.22224561133021567 -0.22567365222699193 -0.3413116827250128 -0.22224561133021567 -0.22567365222699193 -0.22224561133021567 -0.3413116827250128 -0.3413116827250128 -0.22567365222699193 -0.3413116827250128 -0.3413116827250128 -0.3215670188526232 -0.3008597136060934 -0.30356018076237085 -0.20353553184483406 -0.20353553184483406 -0.32127575820291776 -0.3160057818603882 -0.3160057818603882 -0.3160057818603882 -0.3160057818603882 -0.2561103426662814 -0.29129636319302193 -0.22224561133021567 -0.29129636319302193 -0.22567365222699193 -0.2934336346587955 -0.2919174480169343 -0.23626144387808534 -0.26743136365534803 -0.27025962786486346 -0.2561103426662814 -0.23626144387808534 -0.2561103426662814 -0.26346034662391615 -0.26346034662391615 -0.252449948104398 -0.23800081174500878 -0.23800081174500878 -0.2370013856589639 -0.1906430224654926 -0.19048784733284063 -0.18737108117074336 -0.1704541647297793 -0.14309716213307042 -0.09244232792471796 -0.09244232792471796 -0.09244232792471796 -0.09244232792471796 -0.09244232792471796 -0.09244232792471796 -0.09244232792471796 -0.10861209523036916 -0.08188623039719899
-0.22567365222699193 -0.22567365222699193 -0.22567365222699193 -0.22567365222699193 -0.20353553184483406 -0.22567365222699193 -0.22567365222699193 -0.22567365222699193 -0.22567365222699193 -0.22567365222699193 -0.22567365222699193 -0.22567365222699193 -0.22567365222699193 -0.22567365222699193 -0.22567365222699193 -0.22567365222699193 -0.22567365222699193 -0.22567365222699193 -0.22567365222699193 -0.22567365222699193 -0.22567365222699193 -0.22567365222699193 -0.22567365222699193 -0.22567365222699193 -0.22567365222699193 -0.22567365222699193 -0.22567365222699193 -0.22567365222699193 -0.22567365222699193 -0.22567365222699193 -0.22567365222699193 -0.22567365222699193 -0.22567365222699193 -0.22567365222699193 -0.22567365222699193 -0.22567365222699193 -0.22567365222699193 -0.22567365222699193 -0.22567365222699193 -0.22567365222699193 -0.22567365222699193 -0.22567365222699193 -0.22567365222699193 -0.22567365222699193 -0.22567365222699193 -0.22567365222699193 -0.22567365222699193 -0.22567365222699193 -0.22224561133021567 -0.22567365222699193 -0.22567365222699193 -0.22224561133021567 -0.22567365222699193 -0.22567365222699193 -0.22224561133021567 -0.22567365222699193 -0.22567365222699193 -0.22224561133021567 -0.22567365222699193 -0.22224561133021567 -0.22567365222699193 -0.22567365222699193 -0.22567365222699193 -0.22567365222699193 -0.22567365222699193 -0.22567365222699193 -0.22567365222699193 -0.22567365222699193 -0.20353553184483406 -0.20353553184483406 -0.22567365222699193 -0.22567365222699193 -0.22567365222699193 -0.22567365222699193 -0.22567365222699193 -0.22567365222699193 -0.22567365222699193 -0.22224561133021567 -0.22567365222699193 -0.22567365222699193 -0.22567365222699193 -0.22567365222699193 -0.22567365222699193 -0.22567365222699193 -0.22567365222699193 -0.22567365222699193 -0.22567365222699193 -0.22567365222699193 -0.22567365222699193 -0.22567365222699193 -0.22567365222699193 -0.22567365222699193 -0.22567365222699193 -0.22567365222699193 -0.1906430224654926 -0.19048784733284063 -0.18737108117074336 -0.1704541647297793 -0.14309716213307042 -0.09244232792471796 -0.09244232792471796 -0.09244232792471796 -0.09244232792471796 -0.09244232792471796 -0.09244232792471796 -0.09244232792471796 -0.10861209523036916 -0.08188623039719899
-0.22224561133021567 -0.22224561133021567 -0.22224561133021567 -0.22224561133021567 -0.20353553184483406 -0.22224561133021567 -0.22224561133021567 -0.22224561133021567 -0.22224561133021567 -0.22224561133021567 -0.22224561133021567 -0.22224561133021567 -0.22224561133021567 -0.22224561133021567 -0.22224561133021567 -0.22224561133021567 -0.22224561133021567 -0.22224561133021567 -0.22224561133021567 -0.22224561133021567 -0.22224561133021567 -0.22224561133021567 -0.22224561133021567 -0.22224561133021567 -0.22224561133021567 -0.22224561133021567 -0.22224561133021567 -0.22224561133021567 -0.22224561133021567 -0.22224561133021567 -0.22224561133021567 -0.22224561133021567 -0.22224561133021567 -0.22224561133021567 -0.22224561133021567 -0.22224561133021567 -0.22224561133021567 -0.22224561133021567 -0.22224561133021567 -0.22224561133021567 -0.22224561133021567 -0.22224561133021567 -0.22224561133021567 -0.22224561133021567 -0.22224561133021567 -0.22224561133021567 -0.22224561133021567 -0.22224561133021567 -0.388514791229325 -0.22224561133021567 -0.22224561133021567 -0.2953357119078002 -0.22224561133021567 -0.22224561133021567 -0.2953357119078002 -0.22224561133021567 -0.22224561133021567 -0.3611718041771359 -0.22224561133021567 -0.2953357119078002 -0.22224561133021567 -0.22224561133021567 -0.22224561133021567 -0.22224561133021567 -0.22224561133021567 -0.22224561133021567 -0.22224561133021567 -0.22224561133021567 -0.20353553184483406 -0.20353553184483406 -0.22224561133021567 -0.22224561133021567 -0.22224561133021567 -0.22224561133021567 -0.22224561133021567 -0.22224561133021567 -0.22224561133021567 -0.2953357119078002 -0.22224561133021567 -0.22224561133021567 -0.22224561133021567 -0.22224561133021567 -0.22224561133021567 -0.22224561133021567 -0.22224561133021567 -0.22224561133021567 -0.22224561133021567 -0.22224561133021567 -0.22224561133021567 -0.22224561133021567 -0.22224561133021567 -0.22224561133021567 -0.22224561133021567 -0.22224561133021567 -0.1906430224654926 -0.19048784733284063 -0.18737108117074336 -0.1704541647297793 -0.14309716213307042 -0.09244232792471796 -0.09244232792471796 -0.09244232792471796 -0.09244232792471796 -0.09244232792471796 -0.09244232792471796 -0.09244232792471796 -0.10861209523036916 -0.08188623039719899
-0.22567365222699193 -0.22567365222699193 -0.22567365222699193 -0.22567365222699193 -0.20353553184483406 -0.22567365222699193 -0.22567365222699193 -0.22567365222699193 -0.22567365222699193 -0.22567365222699193 -0.22567365222699193 -0.22567365222699193 -0.22567365222699193 -0.22567365222699193 -0.22567365222699193 -0.22567365222699193 -0.22567365222699193 -0.22567365222699193 -0.22567365222699193 -0.22567365222699193 -0.22567365222699193 -0.22567365222699193 -0.22567365222699193 -0.22567365222699193 -0.22567365222699193 -0.22567365222699193 -0.22567365222699193 -0.22567365222699193 -0.22567365222699193 -0.22567365222699193 -0.22567365222699193 -0.22567365222699193 -0.22567365222699193 -0.22567365222699193 -0.22567365222699193 -0.22567365222699193 -0.22567365222699193 -0.22567365222699193 -0.22567365222699193 -0.22567365222699193 -0.22567365222699193 -0.22567365222699193 -0.22567365222699193 -0.22567365222699193 -0.22567365222699193 -0.22567365222699193 -0.22567365222699193 -0.22567365222699193 -0.22224561133021567 -0.3883954735543802 -0.22567365222699193 -0.22224561133021567 -0.33662836731829526 -0.22567365222699193 -0.22224561133021567 -0.3145964408481509 -0.22567365222699193 -0.22224561133021567 -0.30707465778356574 -0.22224561133021567 -0.22567365222699193 -0.22567365222699193 -0.3145964408481509 -0.22567365222699193 -0.22567365222699193 -0.22567365222699193 -0.22567365222699193 -0.22567365222699193 -0.20353553184483406 -0.20353553184483406 -0.22567365222699193 -0.22567365222699193 -0.22567365222699193 -0.22567365222699193 -0.22567365222699193 -0.22567365222699193 -0.22567365222699193 -0.22224561133021567 -0.22567365222699193 -0.2650889036203608 -0.22567365222699193 -0.22567365222699193 -0.22567365222699193 -0.22567365222699193 -0.22567365222699193 -0.22567365222699193 -0.22567365222699193 -0.22567365222699193 -0.22567365222699193 -0.22567365222699193 -0.22567365222699193 -0.22567365222699193 -0.22567365222699193 -0.22567365222699193 -0.1906430224654926 -0.19048784733284063 -0.18737108117074336 -0.1704541647297793 -0.14309716213307042 -0.09244232792471796 -0.09244232792471796 -0.09244232792471796 -0.09244232792471796 -0.09244232792471796 -0.09244232792471796 -0.09244232792471796 -0.10861209523036916 -0.08188623039719899
-0.22224561133021567 -0.22224561133021567 -0.22224561133021567 -0.22224561133021567 -0.20353553184483406 -0.22224561133021567 -0.22224561133021567 -0.22224561133021567 -0.22224561133021567 -0.22224561133021567 -0.22224561133021567 -0.22224561133021567 -0.22224561133021567 -0.22224561133021567 -0.22224561133021567 -0.22224561133021567 -0.22224561133021567 -0.22224561133021567 -0.22224561133021567 -0.22224561133021567 -0.22224561133021567 -0.22224561133021567 -0.22224561133021567 -0.22224561133021567 -0.22224561133021567 -0.22224561133021567 -0.22224561133021567 -0.22224561133021567 -0.22224561133021567 -0.22224561133021567 -0.22224561133021567 -0.22224561133021567 -0.22224561133021567 -0.22224561133021567 -0.22224561133021567 -0.22224561133021567 -0.22224561133021567 -0.22224561133021567 -0.22224561133021567 -0.22224561133021567 -0.22224561133021567 -0.22224561133021567 -0.22224561133021567 -0.22224561133021567 -0.22224561133021567 -0.22224561133021567 -0.22224561133021567 -0.22224561133021567 -0.2953357119078002 -0.22224561133021567 -0.22224561133021567 -0.38160552650837437 -0.22224561133021567 -0.22224561133021567 -0.37217450694645626 -0.22224561133021567 -0.22224561133021567 -0.2953357119078002 -0.22224561133021567 -0.3147615050045478 -0.22224561133021567 -0.22224561133021567 -0.22224561133021567 -0.22224561133021567 -0.22224561133021567 -0.22224561133021567 -0.22224561133021567 -0.22224561133021567 -0.20353553184483406 -0.20353553184483406 -0.22224561133021567 -0.22224561133021567 -0.22224561133021567 -0.22224561133021567 -0.22224561133021567 -0.22224561133021567 -0.22224561133021567 -0.3004950961715644 -0.22224561133021567 -0.22224561133021567 -0.22224561133021567 -0.22224561133021567 -0.22224561133021567 -0.22224561133021567 -0.22224561133021567 -0.22224561133021567 -0.22224561133021567 -0.22224561133021567 -0.22224561133021567 -0.22224561133021567 -0.22224561133021567 -0.22224561133021567 -0.22224561133021567 -0.22224561133021567 -0.1906430224654926 -0.19048784733284063 -0.18737108117074336 -0.1704541647297793 -0.14309716213307042 -0.09244232792471796 -0.09244232792471796 -0.09244232792471796 -0.09244232792471796 -0.09244232792471796 -0.09244232792471796 -0.09244232792471796 -0.10861209523036916 -0.08188623039719899
-0.22567365222699193 -0.22567365222699193 -0.22567365222699193 -0.22567365222699193 -0.20353553184483406 -0.22567365222699193 -0.22567365222699193 -0.22567365222699193 -0.22567365222699193 -0.22567365222699193 -0.22567365222699193 -0.22567365222699193 -0.22567365222699193 -0.22567365222699193 -0.22567365222699193 -0.22567365222699193 -0.22567365222699193 -0.22567365222699193 -0.22567365222699193 -0.22567365222699193 -0.22567365222699193 -0.22567365222699193 -0.22567365222699193 -0.22567365222699193 -0.22567365222699193 -0.22567365222699193 -0.22567365222699193 -0.22567365222699193 -0.22567365222699193 -0.22567365222699193 -0.22567365222699193 -0.22567365222699193 -0.22567365222699193 -0.22567365222699193 -0.22567365222699193 -0.22567365222699193 -0.22567365222699193 -0.22567365222699193 -0.22567365222699193 -0.22567365222699193 -0.22567365222699193 -0.22567365222699193 -0.22567365222699193 -0.22567365222699193 -0.22567365222699193 -0.22567365222699193 -0.22567365222699193 -0.22567365222699193 -0.22224561133021567 -0.33662836731829526 -0.22567365222699193 -0.22224561133021567 -0.38066543373606926 -0.22567365222699193 -0.22224561133021567 -0.3145964408481509 -0.22567365222699193 -0.22224561133021567 -0.30707465778356574 -0.22224561133021567 -0.22567365222699193 -0.22567365222699193 -0.3145964408481509 -0.22567365222699193 -0.22567365222699193 -0.22567365222699193 -0.22567365222699193 -0.22567365222699193 -0.20353553184483406 -0.20353553184483406 -0.22567365222699193 -0.22567365222699193 -0.22567365222699193 -0.22567365222699193 -0.22567365222699193 -0.22567365222699193 -0.22567365222699193 -0.22224561133021567 -0.22567365222699193 -0.2650889036203608 -0.22567365222699193 -0.22567365222699193 -0.22567365222699193 -0.22567365222699193 -0.22567365222699193 -0.22567365222699193 -0.22567365222699193 -0.22567365222699193 -0.22567365222699193 -0.22567365222699193 -0.22567365222699193 -0.22567365222699193 -0.22567365222699193 -0.22567365222699193 -0.1906430224654926 -0.19048784733284063 -0.18737108117074336 -0.1704541647297793 -0.14309716213307042 -0.09244232792471796 -0.09244232792471796 -0.09244232792471796 -0.09244232792471796 -0.09244232792471796 -0.09244232792471796 -0.09244232792471796 -0.10861209523036916 -0.08188623039719899
-0.1704541647297793 -0.1704541647297793 -0.1704541647297793 -0.1704541647297793 -0.1704541647297793 -0.1704541647297793 -0.1704541647297793 -0.1704541647297793 -0.1704541647297793 -0.1704541647297793 -0.1704541647297793 -0.1704541647297793 -0.1704541647297793 -0.1704541647297793 -0.1704541647297793 -0.1704541647297793 -0.1704541647297793 -0.1704541647297793 -0.1704541647297793 -0.1704541647297793 -0.1704541647297793 -0.1704541647297793 -0.1704541647297793 -0.1704541647297793 -0.1704541647297793 -0.1704541647297793 -0.1704541647297793 -0.1704541647297793 -0.1704541647297793 -0.1704541647297793 -0.1704541647297793 -0.1704541647297793 -0.1704541647297793 -0.1704541647297793 -0.1704541647297793 -0.1704541647297793 -0.1704541647297793 -0.1704541647297793 -0.1704541647297793 -0.1704541647297793 -0.1704541647297793 -0.1704541647297793 -0.1704541647297793 -0.1704541647297793 -0.1704541647297793 -0.1704541647297793 -0.1704541647297793 -0.1704541647297793 -0.1704541647297793 -0.1704541647297793 -0.1704541647297793 -0.1704541647297793 -0.1704541647297793 -0.1704541647297793 -0.1704541647297793 -0.1704541647297793 -0.1704541647297793 -0.1704541647297793 -0.1704541647297793 -0.1704541647297793 -0.1704541647297793 -0.1704541647297793 -0.1704541647297793 -0.1704541647297793 -0.1704541647297793 -0.1704541647297793 -0.1704541647297793 -0.1704541647297793 -0.1704541647297793 -0.1704541647297793 -0.1704541647297793 -0.1704541647297793 -0.1704541647297793 -0.1704541647297793 -0.1704541647297793 -0.1704541647297793 -0.1704541647297793 -0.1704541647297793 -0.1704541647297793 -0.1704541647297793 -0.1704541647297793 -0.1704541647297793 -0.1704541647297793 -0.1704541647297793 -0.1704541647297793 -0.1704541647297793 -0.1704541647297793 -0.1704541647297793 -0.1704541647297793 -0.1704541647297793 -0.1704541647297793 -0.1704541647297793 -0.1704541647297793 -0.1704541647297793 -0.1704541647297793 -0.1704541647297793 -0.1704541647297793 -0.1704541647297793 -0.14309716213307042 -0.09244232792471796 -0.09244232792471796 -0.09244232792471796 -0.09244232792471796 -0.09244232792471796 -0.09244232792471796 -0.09244232792471796 -0.10861209523036916 -0.08188623039719899
-0.18737108117074336 -0.18737108117074336 -0.18737108117074336 -0.18737108117074336 -0.18737108117074336 -0.18737108117074336 -0.18737108117074336 -0.18737108117074336 -0.18737108117074336 -0.18737108117074336 -0.18737108117074336 -0.18737108117074336 -0.18737108117074336 -0.18737108117074336 -0.18737108117074336 -0.18737108117074336 -0.18737108117074336 -0.18737108117074336 -0.18737108117074336 -0.18737108117074336 -0.18737108117074336 -0.18737108117074336 -0.18737108117074336 -0.18737108117074336 -0.18737108117074336 -0.18737108117074336 -0.18737108117074336 -0.18737108117074336 -0.18737108117074336 -0.18737108117074336 -0.18737108117074336 -0.18737108117074336 -0.18737108117074336 -0.18737108117074336 -0.18737108117074336 -0.18737108117074336 -0.18737108117074336 -0.18737108117074336 -0.18737108117074336 -0.18737108117074336 -0.18737108117074336 -0.18737108117074336 -0.18737108117074336 -0.18737108117074336 -0.18737108117074336 -0.18737108117074336 -0.18737108117074336 -0.18737108117074336 -0.18737108117074336 -0.18737108117074336 -0.18737108117074336 -0.18737108117074336 -0.18737108117074336 -0.18737108117074336 -0.18737108117074336 -0.18737108117074336 -0.18737108117074336 -0.18737108117074336 -0.18737108117074336 -0.18737108117074336 -0.18737108117074336 -0.18737108117074336 -0.18737108117074336 -0.18737108117074336 -0.18737108117074336 -0.18737108117074336 -0.18737108117074336 -0.18737108117074336 -0.18737108117074336 -0.18737108117074336 -0.18737108117074336 -0.18737108117074336 -0.18737108117074336 -0.18737108117074336 -0.18737108117074336 -0.18737108117074336 -0.18737108117074336 -0.18737108117074336 -0.18737108117074336 -0.18737108117074336 -0.18737108117074336 -0.18737108117074336 -0.18737108117074336 -0.18737108117074336 -0.18737108117074336 -0.18737108117074336 -0.18737108117074336 -0.18737108117074336 -0.18737108117074336 -0.18737108117074336 -0.18737108117074336 -0.18737108117074336 -0.18737108117074336 -0.18737108117074336 -0.18737108117074336 -0.18737108117074336 -0.18737108117074336 -0.1704541647297793 -0.14309716213307042 -0.09244232792471796 -0.09244232792471796 -0.09244232792471796 -0.09244232792471796 -0.09244232792471796 -0.09244232792471796 -0.09244232792471796 -0.10861209523036916 -0.08188623039719899
-0.22224561133021567 -0.22224561133021567 -0.22224561133021567 -0.22224561133021567 -0.20353553184483406 -0.22224561133021567 -0.22224561133021567 -0.22224561133021567 -0.22224561133021567 -0.22224561133021567 -0.22224561133021567 -0.22224561133021567 -0.22224561133021567 -0.22224561133021567 -0.22224561133021567 -0.22224561133021567 -0.22224561133021567 -0.22224561133021567 -0.22224561133021567 -0.22224561133021567 -0.22224561133021567 -0.22224561133021567 -0.22224561133021567 -0.22224561133021567 -0.22224561133021567 -0.22224561133021567 -0.22224561133021567 -0.22224561133021567 -0.22224561133021567 -0.22224561133021567 -0.22224561133021567 -0.22224561133021567 -0.22224561133021567 -0.22224561133021567 -0.22224561133021567 -0.22224561133021567 -0.22224561133021567 -0.22224561133021567 -0.22224561133021567 -0.22224561133021567 -0.22224561133021567 -0.22224561133021567 -0.22224561133021567 -0.22224561133021567 -0.22224561133021567 -0.22224561133021567 -0.22224561133021567 -0.22224561133021567 -0.2953357119078002 -0.22224561133021567 -0.22224561133021567 -0.37217450694645626 -0.22224561133021567 -0.22224561133021567 -0.37334475641734644 -0.22224561133021567 -0.22224561133021567 -0.2953357119078002 -0.22224561133021567 -0.3147615050045478 -0.22224561133021567 -0.22224561133021567 -0.22224561133021567 -0.22224561133021567 -0.22224561133021567 -0.22224561133021567 -0.22224561133021567 -0.22224561133021567 -0.20353553184483406 -0.20353553184483406 -0.22224561133021567 -0.22224561133021567 -0.22224561133021567 -0.22224561133021567 -0.22224561133021567 -0.22224561133021567 -0.22224561133021567 -0.3004950961715644 -0.22224561133021567 -0.22224561133021567 -0.22224561133021567 -0.22224561133021567 -0.22224561133021567 -0.22224561133021567 -0.22224561133021567 -0.22224561133021567 -0.22224561133021567 -0.22224561133021567 -0.22224561133021567 -0.22224561133021567 -0.22224561133021567 -0.22224561133021567 -0.22224561133021567 -0.22224561133021567 -0.1906430224654926 -0.19048784733284063 -0.18737108117074336 -0.1704541647297793 -0.14309716213307042 -0.09244232792471796 -0.09244232792471796 -0.09244232792471796 -0.09244232792471796 -0.09244232792471796 -0.09244232792471796 -0.09244232792471796 -0.10861209523036916 -0.08188623039719899
-0.22567365222699193 -0.22567365222699193 -0.22567365222699193 -0.22567365222699193 -0.20353553184483406 -0.22567365222699193 -0.22567365222699193 -0.22567365222699193 -0.22567365222699193 -0.22567365222699193 -0.22567365222699193 -0.22567365222699193 -0.22567365222699193 -0.22567365222699193 -0.22567365222699193 -0.22567365222699193 -0.22567365222699193 -0.22567365222699193 -0.22567365222699193 -0.22567365222699193 -0.22567365222699193 -0.22567365222699193 -0.22567365222699193 -0.22567365222699193 -0.22567365222699193 -0.22567365222699193 -0.22567365222699193 -0.22567365222699193 -0.22567365222699193 -0.22567365222699193 -0.22567365222699193 -0.22567365222699193 -0.22567365222699193 -0.22567365222699193 -0.22567365222699193 -0.22567365222699193 -0.22567365222699193 -0.22567365222699193 -0.22567365222699193 -0.22567365222699193 -0.22567365222699193 -0.22567365222699193 -0.22567365222699193 -0.22567365222699193 -0.22567365222699193 -0.22567365222699193 -0.22567365222699193 -0.22567365222699193 -0.22224561133021567 -0.3145964408481509 -0.22567365222699193 -0.22224561133021567 -0.3145964408481509 -0.22567365222699193 -0.22224561133021567 -0.3720068092676753 -0.22567365222699193 -0.22224561133021567 -0.30707465778356574 -0.22224561133021567 -0.22567365222699193 -0.22567365222699193 -0.34131655709100195 -0.22567365222699193 -0.22567365222699193 -0.22567365222699193 -0.22567365222699193 -0.22567365222699193 -0.20353553184483406 -0.20353553184483406 -0.22567365222699193 -0.22567365222699193 -0.22567365222699193 -0.22567365222699193 -0.22567365222699193 -0.22567365222699193 -0.22567365222699193 -0.22224561133021567 -0.22567365222699193 -0.2650889036203608 -0.22567365222699193 -0.22567365222699193 -0.22567365222699193 -0.22567365222699193 -0.22567365222699193 -0.22567365222699193 -0.22567365222699193 -0.22567365222699193 -0.22567365222699193 -0.22567365222699193 -0.22567365222699193 -0.22567365222699193 -0.22567365222699193 -0.22567365222699193 -0.1906430224654926 -0.19048784733284063 -0.18737108117074336 -0.1704541647297793 -0.14309716213307042 -0.09244232792471796 -0.09244232792471796 -0.09244232792471796 -0.09244232792471796 -0.09244232792471796 -0.09244232792471796 -0.09244232792471796 -0.10861209523036916 -0.08188623039719899
-0.22567365222699193 -0.22567365222699193 -0.22567365222699193 -0.22567365222699193 -0.20353553184483406 -0.22567365222699193 -0.22567365222699193 -0.22567365222699193 -0.22567365222699193 -0.22567365222699193 -0.22567365222699193 -0.22567365222699193 -0.22567365222699193 -0.22567365222699193 -0.22567365222699193 -0.22567365222699193 -0.22567365222699193 -0.22567365222699193 -0.22567365222699193 -0.22567365222699193 -0.22567365222699193 -0.22567365222699193 -0.22567365222699193 -0.22567365222699193 -0.22567365222699193 -0.22567365222699193 -0.22567365222699193 -0.22567365222699193 -0.22567365222699193 -0.22567365222699193 -0.22567365222699193 -0.22567365222699193 -0.22567365222699193 -0.22567365222699193 -0.22567365222699193 -0.22567365222699193 -0.22567365222699193 -0.22567365222699193 -0.22567365222699193 -0.22567365222699193 -0.22567365222699193 -0.22567365222699193 -0.22567365222699193 -0.22567365222699193 -0.22567365222699193 -0.22567365222699193 -0.22567365222699193 -0.22567365222699193 -0.22224561133021567 -0.30707465778356574 -0.22567365222699193 -0.22224561133021567 -0.30707465778356574 -0.22567365222699193 -0.22224561133021567 -0.30707465778356574 -0.22567365222699193 -0.22224561133021567 -0.36312360222891393 -0.22224561133021567 -0.22567365222699193 -0.22567365222699193 -0.30707465778356574 -0.22567365222699193 -0.22567365222699193 -0.22567365222699193 -0.22567365222699193 -0.22567365222699193 -0.20353553184483406 -0.20353553184483406 -0.22567365222699193 -0.22567365222699193 -0.22567365222699193 -0.22567365222699193 -0.22567365222699193 -0.22567365222699193 -0.22567365222699193 -0.22224561133021567 -0.22567365222699193 -0.2650889036203608 -0.22567365222699193 -0.22567365222699193 -0.22567365222699193 -0.22567365222699193 -0.22567365222699193 -0.22567365222699193 -0.22567365222699193 -0.22567365222699193 -0.22567365222699193 -0.22567365222699193 -0.22567365222699193 -0.22567365222699193 -0.22567365222699193 -0.22567365222699193 -0.1906430224654926 -0.19048784733284063 -0.18737108117074336 -0.1704541647297793 -0.14309716213307042 -0.09244232792471796 -0.09244232792471796 -0.09244232792471796 -0.09244232792471796 -0.09244232792471796 -0.09244232792471796 -0.09244232792471796 -0.10861209523036916 -0.08188623039719899
-0.22224561133021567 -0.22224561133021567 -0.22224561133021567 -0.22224561133021567 -0.20353553184483406 -0.22224561133021567 -0.22224561133021567 -0.22224561133021567 -0.22224561133021567 -0.22224561133021567 -0.22224561133021567 -0.22224561133021567 -0.22224561133021567 -0.22224561133021567 -0.22224561133021567 -0.22224561133021567 -0.22224561133021567 -0.22224561133021567 -0.22224561133021567 -0.22224561133021567 -0.22224561133021567 -0.22224561133021567 -0.22224561133021567 -0.22224561133021567 -0.22224561133021567 -0.22224561133021567 -0.22224561133021567 -0.22224561133021567 -0.22224561133021567 -0.22224561133021567 -0.22224561133021567 -0.22224561133021567 -0.22224561133021567 -0.22224561133021567 -0.22224561133021567 -0.22224561133021567 -0.22224561133021567 -0.22224561133021567 -0.22224561133021567 -0.22224561133021567 -0.22224561133021567 -0.22224561133021567 -0.22224561133021567 -0.22224561133021567 -0.22224561133021567 -0.22224561133021567 -0.22224561133021567 -0.22224561133021567 -0.3611718041771359 -0.22224561133021567 -0.22224561133021567 -0.2953357119078002 -0.22224561133021567 -0.22224561133021567 -0.2953357119078002 -0.22224561133021567 -0.22224561133021567 -0.36266149174239126 -0.22224561133021567 -0.2953357119078002 -0.22224561133021567 -0.22224561133021567 -0.22224561133021567 -0.22224561133021567 -0.22224561133021567 -0.22224561133021567 -0.22224561133021567 -0.22224561133021567 -0.20353553184483406 -0.20353553184483406 -0.22224561133021567 -0.22224561133021567 -0.22224561133021567 -0.22224561133021567 -0.22224561133021567 -0.22224561133021567 -0.22224561133021567 -0.2953357119078002 -0.22224561133021567 -0.22224561133021567 -0.22224561133021567 -0.22224561133021567 -0.22224561133021567 -0.22224561133021567 -0.22224561133021567 -0.22224561133021567 -0.22224561133021567 -0.22224561133021567 -0.22224561133021567 -0.22224561133021567 -0.22224561133021567 -0.22224561133021567 -0.22224561133021567 -0.22224561133021567 -0.1906430224654926 -0.19048784733284063 -0.18737108117074336 -0.1704541647297793 -0.14309716213307042 -0.09244232792471796 -0.09244232792471796 -0.09244232792471796 -0.09244232792471796 -0.09244232792471796 -0.09244232792471796 -0.09244232792471796 -0.10861209523036916 -0.08188623039719899
-0.29129636319302193 -0.29129636319302193 -0.29129636319302193 -0.29129636319302193 -0.20353553184483406 -0.29129636319302193 -0.29129636319302193 -0.29129636319302193 -0.29129636319302193 -0.29129636319302193 -0.29129636319302193 -0.29129636319302193 -0.29129636319302193 -0.29129636319302193 -0.29129636319302193 -0.29129636319302193 -0.29129636319302193 -0.29129636319302193 -0.29129636319302193 -0.29129636319302193 -0.29129636319302193 -0.29129636319302193 -0.29129636319302193 -0.29129636319302193 -0.29129636319302193 -0.29129636319302193 -0.29129636319302193 -0.29129636319302193 -0.29129636319302193 -0.29129636319302193 -0.29129636319302193 -0.29129636319302193 -0.29129636319302193 -0.29129636319302193 -0.29129636319302193 -0.29129636319302193 -0.29129636319302193 -0.29129636319302193 -0.29129636319302193 -0.29129636319302193 -0.29129636319302193 -0.29129636319302193 -0.29129636319302193 -0.29129636319302193 -0.29129636319302193 -0.29129636319302193 -0.29129636319302193 -0.29129636319302193 -0.22224561133021567 -0.22567365222699193 -0.29129636319302193 -0.22224561133021567 -0.22567365222699193 -0.29129636319302193 -0.22224561133021567 -0.22567365222699193 -0.29129636319302193 -0.22224561133021567 -0.22567365222699193 -0.22224561133021567 -0.29129636319302193 -0.29129636319302193 -0.22567365222699193 -0.29129636319302193 -0.29129636319302193 -0.29129636319302193 -0.29129636319302193 -0.29129636319302193 -0.20353553184483406 -0.20353553184483406 -0.29129636319302193 -0.29129636319302193 -0.29129636319302193 -0.29129636319302193 -0.29129636319302193 -0.2561103426662814 -0.29129636319302193 -0.22224561133021567 -0.29129636319302193 -0.22567365222699193 -0.29129636319302193 -0.29129636319302193 -0.23626144387808534 -0.26743136365534803 -0.27025962786486346 -0.2561103426662814 -0.23626144387808534 -0.2561103426662814 -0.26346034662391615 -0.26346034662391615 -0.252449948104398 -0.23800081174500878 -0.23800081174500878 -0.2370013856589639 -0.1906430224654926 -0.19048784733284063 -0.18737108117074336 -0.1704541647297793 -0.14309716213307042 -0.09244232792471796 -0.09244232792471796 -0.09244232792471796 -0.09244232792471796 -0.09244232792471796 -0.09244232792471796 -0.09244232792471796 -0.10861209523036916 -0.08188623039719899
-0.14309716213307042 -0.14309716213307042 -0.14309716213307042 -0.14309716213307042 -0.14309716213307042 -0.14309716213307042 -0.14309716213307042 -0.14309716213307042 -0.14309716213307042 -0.14309716213307042 -0.14309716213307042 -0.14309716213307042 -0.14309716213307042 -0.14309716213307042 -0.14309716213307042 -0.14309716213307042 -0.14309716213307042 -0.14309716213307042 -0.14309716213307042 -0.14309716213307042 -0.14309716213307042 -0.14309716213307042 -0.14309716213307042 -0.14309716213307042 -0.14309716213307042 -0.14309716213307042 -0.14309716213307042 -0.14309716213307042 -0.14309716213307042 -0.14309716213307042 -0.14309716213307042 -0.14309716213307042 -0.14309716213307042 -0.14309716213307042 -0.14309716213307042 -0.14309716213307042 -0.14309716213307042 -0.14309716213307042 -0.14309716213307042 -0.14309716213307042 -0.14309716213307042 -0.14309716213307042 -0.14309716213307042 -0.14309716213307042 -0.14309716213307042 -0.14309716213307042 -0.14309716213307042 -0.14309716213307042 -0.14309716213307042 -0.14309716213307042 -0.14309716213307042 -0.14309716213307042 -0.14309716213307042 -0.14309716213307042 -0.14309716213307042 -0.14309716213307042 -0.14309716213307042 -0.14309716213307042 -0.14309716213307042 -0.14309716213307042 -0.14309716213307042 -0.14309716213307042 -0.14309716213307042 -0.14309716213307042 -0.14309716213307042 -0.14309716213307042 -0.14309716213307042 -0.14309716213307042 -0.14309716213307042 -0.14309716213307042 -0.14309716213307042 -0.14309716213307042 -0.14309716213307042 -0.14309716213307042 -0.14309716213307042 -0.14309716213307042 -0.14309716213307042 -0.14309716213307042 -0.14309716213307042 -0.14309716213307042 -0.14309716213307042 -0.14309716213307042 -0.14309716213307042 -0.14309716213307042 -0.14309716213307042 -0.14309716213307042 -0.14309716213307042 -0.14309716213307042 -0.14309716213307042 -0.14309716213307042 -0.14309716213307042 -0.14309716213307042 -0.14309716213307042 -0.14309716213307042 -0.14309716213307042 -0.14309716213307042 -0.14309716213307042 -0.14309716213307042 -0.14309716213307042 -0.09244232792471796 -0.09244232792471796 -0.09244232792471796 -0.09244232792471796 -0.09244232792471796 -0.09244232792471796 -0.09244232792471796 -0.10861209523036916 -0.08188623039719899
-0.22224561133021567 -0.22224561133021567 -0.22224561133021567 -0.22224561133021567 -0.20353553184483406 -0.22224561133021567 -0.22224561133021567 -0.22224561133021567 -0.22224561133021567 -0.22224561133021567 -0.22224561133021567 -0.22224561133021567 -0.22224561133021567 -0.22224561133021567 -0.22224561133021567 -0.22224561133021567 -0.22224561133021567 -0.22224561133021567 -0.22224561133021567 -0.22224561133021567 -0.22224561133021567 -0.22224561133021567 -0.22224561133021567 -0.22224561133021567 -0.22224561133021567 -0.22224561133021567 -0.22224561133021567 -0.22224561133021567 -0.22224561133021567 -0.22224561133021567 -0.22224561133021567 -0.22224561133021567 -0.22224561133021567 -0.22224561133021567 -0.22224561133021567 -0.22224561133021567 -0.22224561133021567 -0.22224561133021567 -0.22224561133021567 -0.22224561133021567 -0.22224561133021567 -0.22224561133021567 -0.22224561133021567 -0.22224561133021567 -0.22224561133021567 -0.22224561133021567 -0.22224561133021567 -0.22224561133021567 -0.2953357119078002 -0.22224561133021567 -0.22224561133021567 -0.3147615050045478 -0.22224561133021567 -0.22224561133021567 -0.3147615050045478 -0.22224561133021567 -0.22224561133021567 -0.2953357119078002 -0.22224561133021567 -0.3340096020828033 -0.22224561133021567 -0.22224561133021567 -0.22224561133021567 -0.22224561133021567 -0.22224561133021567 -0.22224561133021567 -0.22224561133021567 -0.22224561133021567 -0.20353553184483406 -0.20353553184483406 -0.22224561133021567 -0.22224561133021567 -0.22224561133021567 -0.22224561133021567 -0.22224561133021567 -0.22224561133021567 -0.22224561133021567 -0.3004950961715644 -0.22224561133021567 -0.22224561133021567 -0.22224561133021567 -0.22224561133021567 -0.22224561133021567 -0.22224561133021567 -0.22224561133021567 -0.22224561133021567 -0.22224561133021567 -0.22224561133021567 -0.22224561133021567 -0.22224561133021567 -0.22224561133021567 -0.22224561133021567 -0.22224561133021567 -0.22224561133021567 -0.1906430224654926 -0.19048784733284063 -0.18737108117074336 -0.1704541647297793 -0.14309716213307042 -0.09244232792471796 -0.09244232792471796 -0.09244232792471796 -0.09244232792471796 -0.09244232792471796 -0.09244232792471796 -0.09244232792471796 -0.10861209523036916 -0.08188623039719899
-0.22567365222699193 -0.22567365222699193 -0.22567365222699193 -0.22567365222699193 -0.20353553184483406 -0.22567365222699193 -0.22567365222699193 -0.22567365222699193 -0.22567365222699193 -0.22567365222699193 -0.22567365222699193 -0.22567365222699193 -0.22567365222699193 -0.22567365222699193 -0.22567365222699193 -0.22567365222699193 -0.22567365222699193 -0.22567365222699193 -0.22567365222699193 -0.22567365222699193 -0.22567365222699193 -0.22567365222699193 -0.22567365222699193 -0.22567365222699193 -0.22567365222699193 -0.22567365222699193 -0.22567365222699193 -0.22567365222699193 -0.22567365222699193 -0.22567365222699193 -0.22567365222699193 -0.22567365222699193 -0.22567365222699193 -0.22567365222699193 -0.22567365222699193 -0.22567365222699193 -0.22567365222699193 -0.22567365222699193 -0.22567365222699193 -0.22567365222699193 -0.22567365222699193 -0.22567365222699193 -0.22567365222699193 -0.22567365222699193 -0.22567365222699193 -0.22567365222699193 -0.22567365222699193 -0.22567365222699193 -0.22224561133021567 -0.3145964408481509 -0.22567365222699193 -0.22224561133021567 -0.3145964408481509 -0.22567365222699193 -0.22224561133021567 -0.33222948650019957 -0.22567365222699193 -0.22224561133021567 -0.30707465778356574 -0.22224561133021567 -0.22567365222699193 -0.22567365222699193 -0.33222948650019957 -0.22567365222699193 -0.22567365222699193 -0.22567365222699193 -0.22567365222699193 -0.22567365222699193 -0.20353553184483406 -0.20353553184483406 -0.22567365222699193 -0.22567365222699193 -0.22567365222699193 -0.22567365222699193 -0.22567365222699193 -0.22567365222699193 -0.22567365222699193 -0.22224561133021567 -0.22567365222699193 -0.2650889036203608 -0.22567365222699193 -0.22567365222699193 -0.22567365222699193 -0.22567365222699193 -0.22567365222699193 -0.22567365222699193 -0.22567365222699193 -0.22567365222699193 -0.22567365222699193 -0.22567365222699193 -0.22567365222699193 -0.22567365222699193 -0.22567365222699193 -0.22567365222699193 -0.1906430224654926 -0.19048784733284063 -0.18737108117074336 -0.1704541647297793 -0.14309716213307042 -0.09244232792471796 -0.09244232792471796 -0.09244232792471796 -0.09244232792471796 -0.09244232792471796 -0.09244232792471796 -0.09244232792471796 -0.10861209523036916 -0.08188623039719899
-0.29129636319302193 -0.29129636319302193 -0.29129636319302193 -0.29129636319302193 -0.20353553184483406 -0.29129636319302193 -0.29129636319302193 -0.29129636319302193 -0.29129636319302193 -0.29129636319302193 -0.29129636319302193 -0.29129636319302193 -0.29129636319302193 -0.29129636319302193 -0.29129636319302193 -0.29129636319302193 -0.29129636319302193 -0.29129636319302193 -0.29129636319302193 -0.29129636319302193 -0.29129636319302193 -0.29129636319302193 -0.29129636319302193 -0.29129636319302193 -0.29129636319302193 -0.29129636319302193 -0.29129636319302193 -0.29129636319302193 -0.29129636319302193 -0.29129636319302193 -0.29129636319302193 -0.29129636319302193 -0.29129636319302193 -0.29129636319302193 -0.29129636319302193 -0.29129636319302193 -0.29129636319302193 -0.29129636319302193 -0.29129636319302193 -0.29129636319302193 -0.29129636319302193 -0.29129636319302193 -0.29129636319302193 -0.29129636319302193 -0.29129636319302193 -0.29129636319302193 -0.29129636319302193 -0.29129636319302193 -0.22224561133021567 -0.22567365222699193 -0.29129636319302193 -0.22224561133021567 -0.22567365222699193 -0.29129636319302193 -0.22224561133021567 -0.22567365222699193 -0.29129636319302193 -0.22224561133021567 -0.22567365222699193 -0.22224561133021567 -0.29129636319302193 -0.29129636319302193 -0.22567365222699193 -0.29129636319302193 -0.29129636319302193 -0.29129636319302193 -0.29129636319302193 -0.29129636319302193 -0.20353553184483406 -0.20353553184483406 -0.29129636319302193 -0.29129636319302193 -0.29129636319302193 -0.29129636319302193 -0.29129636319302193 -0.2561103426662814 -0.29129636319302193 -0.22224561133021567 -0.29129636319302193 -0.22567365222699193 -0.29129636319302193 -0.29129636319302193 -0.23626144387808534 -0.26743136365534803 -0.27025962786486346 -0.2561103426662814 -0.23626144387808534 -0.2561103426662814 -0.26346034662391615 -0.26346034662391615 -0.252449948104398 -0.23800081174500878 -0.23800081174500878 -0.2370013856589639 -0.1906430224654926 -0.19048784733284063 -0.18737108117074336 -0.1704541647297793 -0.14309716213307042 -0.09244232792471796 -0.09244232792471796 -0.09244232792471796 -0.09244232792471796 -0.09244232792471796 -0.09244232792471796 -0.09244232792471796 -0.10861209523036916 -0.08188623039719899
-0.2561103426662814 -0.2561103426662814 -0.2561103426662814 -0.2561103426662814 -0.20353553184483406 -0.2561103426662814 -0.2561103426662814 -0.2561103426662814 -0.2561103426662814 -0.2561103426662814 -0.2561103426662814 -0.2561103426662814 -0.2561103426662814 -0.2561103426662814 -0.2561103426662814 -0.2561103426662814 -0.2561103426662814 -0.2561103426662814 -0.2561103426662814 -0.2561103426662814 -0.2561103426662814 -0.2561103426662814 -0.2561103426662814 -0.2561103426662814 -0.2561103426662814 -0.2561103426662814 -0.2561103426662814 -0.2561103426662814 -0.2561103426662814 -0.2561103426662814 -0.2561103426662814 -0.2561103426662814 -0.2561103426662814 -0.2561103426662814 -0.2561103426662814 -0.2561103426662814 -0.2561103426662814 -0.2561103426662814 -0.2561103426662814 -0.2561103426662814 -0.2561103426662814 -0.2561103426662814 -0.2561103426662814 -0.2561103426662814 -0.2561103426662814 -0.2561103426662814 -0.2561103426662814 -0.2561103426662814 -0.22224561133021567 -0.22567365222699193 -0.2561103426662814 -0.22224561133021567 -0.22567365222699193 -0.2561103426662814 -0.22224561133021567 -0.22567365222699193 -0.2561103426662814 -0.22224561133021567 -0.22567365222699193 -0.22224561133021567 -0.2561103426662814 -0.2561103426662814 -0.22567365222699193 -0.2561103426662814 -0.2561103426662814 -0.2561103426662814 -0.2561103426662814 -0.2561103426662814 -0.20353553184483406 -0.20353553184483406 -0.2561103426662814 -0.2561103426662814 -0.2561103426662814 -0.2561103426662814 -0.2561103426662814 -0.2561103426662814 -0.2561103426662814 -0.22224561133021567 -0.2561103426662814 -0.22567365222699193 -0.2561103426662814 -0.2561103426662814 -0.23626144387808534 -0.2561103426662814 -0.2561103426662814 -0.2561103426662814 -0.23626144387808534 -0.2561103426662814 -0.2561103426662814 -0.2561103426662814 -0.252449948104398 -0.23800081174500878 -0.23800081174500878 -0.2370013856589639 -0.1906430224654926 -0.19048784733284063 -0.18737108117074336 -0.1704541647297793 -0.14309716213307042 -0.09244232792471796 -0.09244232792471796 -0.09244232792471796 -0.09244232792471796 -0.09244232792471796 -0.09244232792471796 -0.09244232792471796 -0.10861209523036916 -0.08188623039719899
-0.29129636319302193 -0.29129636319302193 -0.29129636319302193 -0.29129636319302193 -0.20353553184483406 -0.29129636319302193 -0.29129636319302193 -0.29129636319302193 -0.29129636319302193 -0.29129636319302193 -0.29129636319302193 -0.29129636319302193 -0.29129636319302193 -0.29129636319302193 -0.29129636319302193 -0.29129636319302193 -0.29129636319302193 -0.29129636319302193 -0.29129636319302193 -0.29129636319302193 -0.29129636319302193 -0.29129636319302193 -0.29129636319302193 -0.29129636319302193 -0.29129636319302193 -0.29129636319302193 -0.29129636319302193 -0.29129636319302193 -0.29129636319302193 -0.29129636319302193 -0.29129636319302193 -0.29129636319302193 -0.29129636319302193 -0.29129636319302193 -0.29129636319302193 -0.29129636319302193 -0.29129636319302193 -0.29129636319302193 -0.29129636319302193 -0.29129636319302193 -0.29129636319302193 -0.29129636319302193 -0.29129636319302193 -0.29129636319302193 -0.29129636319302193 -0.29129636319302193 -0.29129636319302193 -0.29129636319302193 -0.22224561133021567 -0.22567365222699193 -0.29129636319302193 -0.22224561133021567 -0.22567365222699193 -0.29129636319302193 -0.22224561133021567 -0.22567365222699193 -0.29129636319302193 -0.22224561133021567 -0.22567365222699193 -0.22224561133021567 -0.29129636319302193 -0.29129636319302193 -0.22567365222699193 -0.29129636319302193 -0.29129636319302193 -0.29129636319302193 -0.29129636319302193 -0.29129636319302193 -0.20353553184483406 -0.20353553184483406 -0.29129636319302193 -0.29129636319302193 -0.29129636319302193 -0.29129636319302193 -0.29129636319302193 -0.2561103426662814 -0.29129636319302193 -0.22224561133021567 -0.29129636319302193 -0.22567365222699193 -0.29129636319302193 -0.29129636319302193 -0.23626144387808534 -0.26743136365534803 -0.27025962786486346 -0.2561103426662814 -0.23626144387808534 -0.2561103426662814 -0.26346034662391615 -0.26346034662391615 -0.252449948104398 -0.23800081174500878 -0.23800081174500878 -0.2370013856589639 -0.1906430224654926 -0.19048784733284063 -0.18737108117074336 -0.1704541647297793 -0.14309716213307042 -0.09244232792471796 -0.09244232792471796 -0.09244232792471796 -0.09244232792471796 -0.09244232792471796 -0.09244232792471796 -0.09244232792471796 -0.10861209523036916 -0.08188623039719899
-0.2561103426662814 -0.2561103426662814 -0.2561103426662814 -0.2561103426662814 -0.20353553184483406 -0.2561103426662814 -0.2561103426662814 -0.2561103426662814 -0.2561103426662814 -0.2561103426662814 -0.2561103426662814 -0.2561103426662814 -0.2561103426662814 -0.2561103426662814 -0.2561103426662814 -0.2561103426662814 -0.2561103426662814 -0.2561103426662814 -0.2561103426662814 -0.2561103426662814 -0.2561103426662814 -0.2561103426662814 -0.2561103426662814 -0.2561103426662814 -0.2561103426662814 -0.2561103426662814 -0.2561103426662814 -0.2561103426662814 -0.2561103426662814 -0.2561103426662814 -0.2561103426662814 -0.2561103426662814 -0.2561103426662814 -0.2561103426662814 -0.2561103426662814 -0.2561103426662814 -0.2561103426662814 -0.2561103426662814 -0.2561103426662814 -0.2561103426662814 -0.2561103426662814 -0.2561103426662814 -0.2561103426662814 -0.2561103426662814 -0.2561103426662814 -0.2561103426662814 -0.2561103426662814 -0.2561103426662814 -0.22224561133021567 -0.22567365222699193 -0.2561103426662814 -0.22224561133021567 -0.22567365222699193 -0.2561103426662814 -0.22224561133021567 -0.22567365222699193 -0.2561103426662814 -0.22224561133021567 -0.22567365222699193 -0.22224561133021567 -0.2561103426662814 -0.2561103426662814 -0.22567365222699193 -0.2561103426662814 -0.2561103426662814 -0.2561103426662814 -0.2561103426662814 -0.2561103426662814 -0.20353553184483406 -0.20353553184483406 -0.2561103426662814 -0.2561103426662814 -0.2561103426662814 -0.2561103426662814 -0.2561103426662814 -0.2561103426662814 -0.2561103426662814 -0.22224561133021567 -0.2561103426662814 -0.22567365222699193 -0.2561103426662814 -0.2561103426662814 -0.23626144387808534 -0.2561103426662814 -0.2561103426662814 -0.2561103426662814 -0.23626144387808534 -0.2561103426662814 -0.2561103426662814 -0.2561103426662814 -0.252449948104398 -0.23800081174500878 -0.23800081174500878 -0.2370013856589639 -0.1906430224654926 -0.19048784733284063 -0.18737108117074336 -0.1704541647297793 -0.14309716213307042 -0.09244232792471796 -0.09244232792471796 -0.09244232792471796 -0.09244232792471796 -0.09244232792471796 -0.09244232792471796 -0.09244232792471796 -0.10861209523036916 -0.08188623039719899
-0.252449948104398 -0.252449948104398 -0.252449948104398 -0.252449948104398 -0.20353553184483406 -0.252449948104398 -0.252449948104398 -0.252449948104398 -0.252449948104398 -0.252449948104398 -0.252449948104398 -0.252449948104398 -0.252449948104398 -0.252449948104398 -0.252449948104398 -0.252449948104398 -0.252449948104398 -0.252449948104398 -0.252449948104398 -0.252449948104398 -0.252449948104398 -0.252449948104398 -0.252449948104398 -0.252449948104398 -0.252449948104398 -0.252449948104398 -0.252449948104398 -0.252449948104398 -0.252449948104398 -0.252449948104398 -0.252449948104398 -0.252449948104398 -0.252449948104398 -0.252449948104398 -0.252449948104398 -0.252449948104398 -0.252449948104398 -0.252449948104398 -0.252449948104398 -0.252449948104398 -0.252449948104398 -0.252449948104398 -0.252449948104398 -0.252449948104398 -0.252449948104398 -0.252449948104398 -0.252449948104398 -0.252449948104398 -0.22224561133021567 -0.22567365222699193 -0.252449948104398 -0.22224561133021567 -0.22567365222699193 -0.252449948104398 -0.22224561133021567 -0.22567365222699193 -0.252449948104398 -0.22224561133021567 -0.22567365222699193 -0.22224561133021567 -0.252449948104398 -0.252449948104398 -0.22567365222699193 -0.252449948104398 -0.252449948104398 -0.252449948104398 -0.252449948104398 -0.252449948104398 -0.20353553184483406 -0.20353553184483406 -0.252449948104398 -0.252449948104398 -0.252449948104398 -0.252449948104398 -0.252449948104398 -0.252449948104398 -0.252449948104398 -0.22224561133021567 -0.252449948104398 -0.22567365222699193 -0.252449948104398 -0.252449948104398 -0.23626144387808534 -0.252449948104398 -0.252449948104398 -0.252449948104398 -0.23626144387808534 -0.252449948104398 -0.252449948104398 -0.252449948104398 -0.252449948104398 -0.23800081174500878 -0.23800081174500878 -0.2370013856589639 -0.1906430224654926 -0.19048784733284063 -0.18737108117074336 -0.1704541647297793 -0.14309716213307042 -0.09244232792471796 -0.09244232792471796 -0.09244232792471796 -0.09244232792471796 -0.09244232792471796 -0.09244232792471796 -0.09244232792471796 -0.10861209523036916 -0.08188623039719899
-0.2561103426662814 -0.2561103426662814 -0.2561103426662814 -0.2561103426662814 -0.20353553184483406 -0.2561103426662814 -0.2561103426662814 -0.2561103426662814 -0.2561103426662814 -0.2561103426662814 -0.2561103426662814 -0.2561103426662814 -0.2561103426662814 -0.2561103426662814 -0.2561103426662814 -0.2561103426662814 -0.2561103426662814 -0.2561103426662814 -0.2561103426662814 -0.2561103426662814 -0.2561103426662814 -0.2561103426662814 -0.2561103426662814 -0.2561103426662814 -0.2561103426662814 -0.2561103426662814 -0.2561103426662814 -0.2561103426662814 -0.2561103426662814 -0.2561103426662814 -0.2561103426662814 -0.2561103426662814 -0.2561103426662814 -0.2561103426662814 -0.2561103426662814 -0.2561103426662814 -0.2561103426662814 -0.2561103426662814 -0.2561103426662814 -0.2561103426662814 -0.2561103426662814 -0.2561103426662814 -0.2561103426662814 -0.2561103426662814 -0.2561103426662814 -0.2561103426662814 -0.2561103426662814 -0.2561103426662814 -0.22224561133021567 -0.22567365222699193 -0.2561103426662814 -0.22224561133021567 -0.22567365222699193 -0.2561103426662814 -0.22224561133021567 -0.22567365222699193 -0.2561103426662814 -0.22224561133021567 -0.22567365222699193 -0.22224561133021567 -0.2561103426662814 -0.2561103426662814 -0.22567365222699193 -0.2561103426662814 -0.2561103426662814 -0.2561103426662814 -0.2561103426662814 -0.2561103426662814 -0.20353553184483406 -0.20353553184483406 -0.2561103426662814 -0.2561103426662814 -0.2561103426662814 -0.2561103426662814 -0.2561103426662814 -0.26019819026193924 -0.2561103426662814 -0.22224561133021567 -0.2561103426662814 -0.22567365222699193 -0.2561103426662814 -0.2561103426662814 -0.23626144387808534 -0.2561103426662814 -0.2561103426662814 -0.27160283001747537 -0.23626144387808534 -0.2601517175332678 -0.2561103426662814 -0.2561103426662814 -0.252449948104398 -0.23800081174500878 -0.23800081174500878 -0.2370013856589639 -0.1906430224654926 -0.19048784733284063 -0.18737108117074336 -0.1704541647297793 -0.14309716213307042 -0.09244232792471796 -0.09244232792471796 -0.09244232792471796 -0.09244232792471796 -0.09244232792471796 -0.09244232792471796 -0.09244232792471796 -0.10861209523036916 -0.08188623039719899
-0.29984808421685977 -0.29984808421685977 -0.29984808421685977 -0.29984808421685977 -0.20353553184483406 -0.29984808421685977 -0.29984808421685977 -0.29984808421685977 -0.29984808421685977 -0.29984808421685977 -0.29984808421685977 -0.29984808421685977 -0.29984808421685977 -0.29984808421685977 -0.29984808421685977 -0.29984808421685977 -0.29984808421685977 -0.29984808421685977 -0.29984808421685977 -0.29984808421685977 -0.29984808421685977 -0.29984808421685977 -0.29984808421685977 -0.29984808421685977 -0.29984808421685977 -0.29984808421685977 -0.29984808421685977 -0.29984808421685977 -0.29984808421685977 -0.29984808421685977 -0.29984808421685977 -0.29984808421685977 -0.29984808421685977 -0.29984808421685977 -0.29984808421685977 -0.29984808421685977 -0.29984808421685977 -0.29984808421685977 -0.29984808421685977 -0.29984808421685977 -0.29984808421685977 -0.29984808421685977 -0.29984808421685977 -0.29984808421685977 -0.29984808421685977 -0.29984808421685977 -0.29984808421685977 -0.29984808421685977 -0.22224561133021567 -0.22567365222699193 -0.29984808421685977 -0.22224561133021567 -0.22567365222699193 -0.29984808421685977 -0.22224561133021567 -0.22567365222699193 -0.29984808421685977 -0.22224561133021567 -0.22567365222699193 -0.22224561133021567 -0.29984808421685977 -0.29984808421685977 -0.22567365222699193 -0.29984808421685977 -0.29984808421685977 -0.29984808421685977 -0.29984808421685977 -0.29984808421685977 -0.20353553184483406 -0.20353553184483406 -0.29984808421685977 -0.29984808421685977 -0.29984808421685977 -0.29984808421685977 -0.29984808421685977 -0.2561103426662814 -0.29129636319302193 -0.22224561133021567 -0.29129636319302193 -0.22567365222699193 -0.2934336346587955 -0.2919174480169343 -0.23626144387808534 -0.26743136365534803 -0.27025962786486346 -0.2561103426662814 -0.23626144387808534 -0.2561103426662814 -0.26346034662391615 -0.26346034662391615 -0.252449948104398 -0.23800081174500878 -0.23800081174500878 -0.2370013856589639 -0.1906430224654926 -0.19048784733284063 -0.18737108117074336 -0.1704541647297793 -0.14309716213307042 -0.09244232792471796 -0.09244232792471796 -0.09244232792471796 -0.09244232792471796 -0.09244232792471796 -0.09244232792471796 -0.09244232792471796 -0.10861209523036916 -0.08188623039719899
-0.2561103426662814 -0.2561103426662814 -0.2561103426662814 -0.2561103426662814 -0.20353553184483406 -0.2561103426662814 -0.2561103426662814 -0.2561103426662814 -0.2561103426662814 -0.2561103426662814 -0.2561103426662814 -0.2561103426662814 -0.2561103426662814 -0.2561103426662814 -0.2561103426662814 -0.2561103426662814 -0.2561103426662814 -0.2561103426662814 -0.2561103426662814 -0.2561103426662814 -0.2561103426662814 -0.2561103426662814 -0.2561103426662814 -0.2561103426662814 -0.2561103426662814 -0.2561103426662814 -0.2561103426662814 -0.2561103426662814 -0.2561103426662814 -0.2561103426662814 -0.2561103426662814 -0.2561103426662814 -0.2561103426662814 -0.2561103426662814 -0.2561103426662814 -0.2561103426662814 -0.2561103426662814 -0.2561103426662814 -0.2561103426662814 -0.2561103426662814 -0.2561103426662814 -0.2561103426662814 -0.2561103426662814 -0.2561103426662814 -0.2561103426662814 -0.2561103426662814 -0.2561103426662814 -0.2561103426662814 -0.22224561133021567 -0.22567365222699193 -0.2561103426662814 -0.22224561133021567 -0.22567365222699193 -0.2561103426662814 -0.22224561133021567 -0.22567365222699193 -0.2561103426662814 -0.22224561133021567 -0.22567365222699193 -0.22224561133021567 -0.2561103426662814 -0.2561103426662814 -0.22567365222699193 -0.2561103426662814 -0.2561103426662814 -0.2561103426662814 -0.2561103426662814 -0.2561103426662814 -0.20353553184483406 -0.20353553184483406 -0.2561103426662814 -0.2561103426662814 -0.2561103426662814 -0.2561103426662814 -0.2561103426662814 -0.26019819026193924 -0.2561103426662814 -0.22224561133021567 -0.2561103426662814 -0.22567365222699193 -0.2561103426662814 -0.2561103426662814 -0.23626144387808534 -0.2561103426662814 -0.2561103426662814 -0.27160283001747537 -0.23626144387808534 -0.2601517175332678 -0.2561103426662814 -0.2561103426662814 -0.252449948104398 -0.23800081174500878 -0.23800081174500878 -0.2370013856589639 -0.1906430224654926 -0.19048784733284063 -0.18737108117074336 -0.1704541647297793 -0.14309716213307042 -0.09244232792471796 -0.09244232792471796 -0.09244232792471796 -0.09244232792471796 -0.09244232792471796 -0.09244232792471796 -0.09244232792471796 -0.10861209523036916 -0.08188623039719899
-0.2561103426662814 -0.2561103426662814 -0.2561103426662814 -0.2561103426662814 -0.20353553184483406 -0.2561103426662814 -0.2561103426662814 -0.2561103426662814 -0.2561103426662814 -0.2561103426662814 -0.2561103426662814 -0.2561103426662814 -0.2561103426662814 -0.2561103426662814 -0.2561103426662814 -0.2561103426662814 -0.2561103426662814 -0.2561103426662814 -0.2561103426662814 -0.2561103426662814 -0.2561103426662814 -0.2561103426662814 -0.2561103426662814 -0.2561103426662814 -0.2561103426662814 -0.2561103426662814 -0.2561103426662814 -0.2561103426662814 -0.2561103426662814 -0.2561103426662814 -0.2561103426662814 -0.2561103426662814 -0.2561103426662814 -0.2561103426662814 -0.2561103426662814 -0.2561103426662814 -0.2561103426662814 -0.2561103426662814 -0.2561103426662814 -0.2561103426662814 -0.2561103426662814 -0.2561103426662814 -0.2561103426662814 -0.2561103426662814 -0.2561103426662814 -0.2561103426662814 -0.2561103426662814 -0.2561103426662814 -0.22224561133021567 -0.22567365222699193 -0.2561103426662814 -0.22224561133021567 -0.22567365222699193 -0.2561103426662814 -0.22224561133021567 -0.22567365222699193 -0.2561103426662814 -0.22224561133021567 -0.22567365222699193 -0.22224561133021567 -0.2561103426662814 -0.2561103426662814 -0.22567365222699193 -0.2561103426662814 -0.2561103426662814 -0.2561103426662814 -0.2561103426662814 -0.2561103426662814 -0.20353553184483406 -0.20353553184483406 -0.2561103426662814 -0.2561103426662814 -0.2561103426662814 -0.2561103426662814 -0.2561103426662814 -0.2561103426662814 -0.2561103426662814 -0.22224561133021567 -0.2561103426662814 -0.22567365222699193 -0.2561103426662814 -0.2561103426662814 -0.23626144387808534 -0.2561103426662814 -0.2561103426662814 -0.2561103426662814 -0.23626144387808534 -0.2561103426662814 -0.2561103426662814 -0.2561103426662814 -0.252449948104398 -0.23800081174500878 -0.23800081174500878 -0.2370013856589639 -0.1906430224654926 -0.19048784733284063 -0.18737108117074336 -0.1704541647297793 -0.14309716213307042 -0.09244232792471796 -0.09244232792471796 -0.09244232792471796 -0.09244232792471796 -0.09244232792471796 -0.09244232792471796 -0.09244232792471796 -0.10861209523036916 -0.08188623039719899
-0.29712728681280487 -0.29712728681280487 -0.29712728681280487 -0.29712728681280487 -0.20353553184483406 -0.29712728681280487 -0.29712728681280487 -0.29712728681280487 -0.29712728681280487 -0.29712728681280487 -0.29712728681280487 -0.29712728681280487 -0.29712728681280487 -0.29712728681280487 -0.29712728681280487 -0.29712728681280487 -0.29712728681280487 -0.29712728681280487 -0.29712728681280487 -0.29712728681280487 -0.29712728681280487 -0.29712728681280487 -0.29712728681280487 -0.29712728681280487 -0.29712728681280487 -0.29712728681280487 -0.29712728681280487 -0.29712728681280487 -0.29712728681280487 -0.29712728681280487 -0.29712728681280487 -0.29712728681280487 -0.29712728681280487 -0.29712728681280487 -0.29712728681280487 -0.29712728681280487 -0.29712728681280487 -0.29712728681280487 -0.29712728681280487 -0.29712728681280487 -0.29712728681280487 -0.29712728681280487 -0.29712728681280487 -0.29712728681280487 -0.29712728681280487 -0.29712728681280487 -0.29712728681280487 -0.29712728681280487 -0.22224561133021567 -0.22567365222699193 -0.29712728681280487 -0.22224561133021567 -0.22567365222699193 -0.29712728681280487 -0.22224561133021567 -0.22567365222699193 -0.29712728681280487 -0.22224561133021567 -0.22567365222699193 -0.22224561133021567 -0.29712728681280487 -0.29712728681280487 -0.22567365222699193 -0.29712728681280487 -0.29712728681280487 -0.29712728681280487 -0.29712728681280487 -0.29712728681280487 -0.20353553184483406 -0.20353553184483406 -0.29712728681280487 -0.29712728681280487 -0.29712728681280487 -0.29712728681280487 -0.29712728681280487 -0.2561103426662814 -0.29129636319302193 -0.22224561133021567 -0.29129636319302193 -0.22567365222699193 -0.2934336346587955 -0.2919174480169343 -0.23626144387808534 -0.26743136365534803 -0.27025962786486346 -0.2561103426662814 -0.23626144387808534 -0.2561103426662814 -0.26346034662391615 -0.26346034662391615 -0.252449948104398 -0.23800081174500878 -0.23800081174500878 -0.2370013856589639 -0.1906430224654926 -0.19048784733284063 -0.18737108117074336 -0.1704541647297793 -0.14309716213307042 -0.09244232792471796 -0.09244232792471796 -0.09244232792471796 -0.09244232792471796 -0.09244232792471796 -0.09244232792471796 -0.09244232792471796 -0.10861209523036916 -0.08188623039719899
-0.26346034662391615 -0.26346034662391615 -0.26346034662391615 -0.26346034662391615 -0.20353553184483406 -0.26346034662391615 -0.26346034662391615 -0.26346034662391615 -0.26346034662391615 -0.26346034662391615 -0.26346034662391615 -0.26346034662391615 -0.26346034662391615 -0.26346034662391615 -0.26346034662391615 -0.26346034662391615 -0.26346034662391615 -0.26346034662391615 -0.26346034662391615 -0.26346034662391615 -0.26346034662391615 -0.26346034662391615 -0.26346034662391615 -0.26346034662391615 -0.26346034662391615 -0.26346034662391615 -0.26346034662391615 -0.26346034662391615 -0.26346034662391615 -0.26346034662391615 -0.26346034662391615 -0.26346034662391615 -0.26346034662391615 -0.26346034662391615 -0.26346034662391615 -0.26346034662391615 -0.26346034662391615 -0.26346034662391615 -0.26346034662391615 -0.26346034662391615 -0.26346034662391615 -0.26346034662391615 -0.26346034662391615 -0.26346034662391615 -0.26346034662391615 -0.26346034662391615 -0.26346034662391615 -0.26346034662391615 -0.22224561133021567 -0.22567365222699193 -0.26346034662391615 -0.22224561133021567 -0.22567365222699193 -0.26346034662391615 -0.22224561133021567 -0.22567365222699193 -0.26346034662391615 -0.22224561133021567 -0.22567365222699193 -0.22224561133021567 -0.26346034662391615 -0.26346034662391615 -0.22567365222699193 -0.26346034662391615 -0.26346034662391615 -0.26346034662391615 -0.26346034662391615 -0.26346034662391615 -0.20353553184483406 -0.20353553184483406 -0.26346034662391615 -0.26346034662391615 -0.26346034662391615 -0.26346034662391615 -0.26346034662391615 -0.2561103426662814 -0.26346034662391615 -0.22224561133021567 -0.26346034662391615 -0.22567365222699193 -0.26346034662391615 -0.26346034662391615 -0.23626144387808534 -0.26346034662391615 -0.26346034662391615 -0.2561103426662814 -0.23626144387808534 -0.2561103426662814 -0.26346034662391615 -0.26346034662391615 -0.252449948104398 -0.23800081174500878 -0.23800081174500878 -0.2370013856589639 -0.1906430224654926 -0.19048784733284063 -0.18737108117074336 -0.1704541647297793 -0.14309716213307042 -0.09244232792471796 -0.09244232792471796 -0.09244232792471796 -0.09244232792471796 -0.09244232792471796 -0.09244232792471796 -0.09244232792471796 -0.10861209523036916 -0.08188623039719899
-0.22224561133021567 -0.22224561133021567 -0.22224561133021567 -0.22224561133021567 -0.20353553184483406 -0.22224561133021567 -0.22224561133021567 -0.22224561133021567 -0.22224561133021567 -0.22224561133021567 -0.22224561133021567 -0.22224561133021567 -0.22224561133021567 -0.22224561133021567 -0.22224561133021567 -0.22224561133021567 -0.22224561133021567 -0.22224561133021567 -0.22224561133021567 -0.22224561133021567 -0.22224561133021567 -0.22224561133021567 -0.22224561133021567 -0.22224561133021567 -0.22224561133021567 -0.22224561133021567 -0.22224561133021567 -0.22224561133021567 -0.22224561133021567 -0.22224561133021567 -0.22224561133021567 -0.22224561133021567 -0.22224561133021567 -0.22224561133021567 -0.22224561133021567 -0.22224561133021567 -0.22224561133021567 -0.22224561133021567 -0.22224561133021567 -0.22224561133021567 -0.22224561133021567 -0.22224561133021567 -0.22224561133021567 -0.22224561133021567 -0.22224561133021567 -0.22224561133021567 -0.22224561133021567 -0.22224561133021567 -0.2880558104702591 -0.22224561133021567 -0.22224561133021567 -0.2880558104702591 -0.22224561133021567 -0.22224561133021567 -0.2880558104702591 -0.22224561133021567 -0.22224561133021567 -0.2880558104702591 -0.22224561133021567 -0.2880558104702591 -0.22224561133021567 -0.22224561133021567 -0.22224561133021567 -0.22224561133021567 -0.22224561133021567 -0.22224561133021567 -0.22224561133021567 -0.22224561133021567 -0.20353553184483406 -0.20353553184483406 -0.22224561133021567 -0.22224561133021567 -0.22224561133021567 -0.22224561133021567 -0.22224561133021567 -0.22224561133021567 -0.22224561133021567 -0.2880558104702591 -0.22224561133021567 -0.22224561133021567 -0.22224561133021567 -0.22224561133021567 -0.22224561133021567 -0.22224561133021567 -0.22224561133021567 -0.22224561133021567 -0.22224561133021567 -0.22224561133021567 -0.22224561133021567 -0.22224561133021567 -0.22224561133021567 -0.22224561133021567 -0.22224561133021567 -0.22224561133021567 -0.1906430224654926 -0.19048784733284063 -0.18737108117074336 -0.1704541647297793 -0.14309716213307042 -0.09244232792471796 -0.09244232792471796 -0.09244232792471796 -0.09244232792471796 -0.09244232792471796 -0.09244232792471796 -0.09244232792471796 -0.10861209523036916 -0.08188623039719899
-0.22567365222699193 -0.22567365222699193 -0.22567365222699193 -0.22567365222699193 -0.20353553184483406 -0.22567365222699193 -0.22567365222699193 -0.22567365222699193 -0.22567365222699193 -0.22567365222699193 -0.22567365222699193 -0.22567365222699193 -0.22567365222699193 -0.22567365222699193 -0.22567365222699193 -0.22567365222699193 -0.22567365222699193 -0.22567365222699193 -0.22567365222699193 -0.22567365222699193 -0.22567365222699193 -0.22567365222699193 -0.22567365222699193 -0.22567365222699193 -0.22567365222699193 -0.22567365222699193 -0.22567365222699193 -0.22567365222699193 -0.22567365222699193 -0.22567365222699193 -0.22567365222699193 -0.22567365222699193 -0.22567365222699193 -0.22567365222699193 -0.22567365222699193 -0.22567365222699193 -0.22567365222699193 -0.22567365222699193 -0.22567365222699193 -0.22567365222699193 -0.22567365222699193 -0.22567365222699193 -0.22567365222699193 -0.22567365222699193 -0.22567365222699193 -0.22567365222699193 -0.22567365222699193 -0.22567365222699193 -0.22224561133021567 -0.2650889036203608 -0.22567365222699193 -0.22224561133021567 -0.2650889036203608 -0.22567365222699193 -0.22224561133021567 -0.2650889036203608 -0.22567365222699193 -0.22224561133021567 -0.2650889036203608 -0.22224561133021567 -0.22567365222699193 -0.22567365222699193 -0.2650889036203608 -0.22567365222699193 -0.22567365222699193 -0.22567365222699193 -0.22567365222699193 -0.22567365222699193 -0.20353553184483406 -0.20353553184483406 -0.22567365222699193 -0.22567365222699193 -0.22567365222699193 -0.22567365222699193 -0.22567365222699193 -0.22567365222699193 -0.22567365222699193 -0.22224561133021567 -0.22567365222699193 -0.28636957656098727 -0.22567365222699193 -0.22567365222699193 -0.22567365222699193 -0.22567365222699193 -0.22567365222699193 -0.22567365222699193 -0.22567365222699193 -0.22567365222699193 -0.22567365222699193 -0.22567365222699193 -0.22567365222699193 -0.22567365222699193 -0.22567365222699193 -0.22567365222699193 -0.1906430224654926 -0.19048784733284063 -0.18737108117074336 -0.1704541647297793 -0.14309716213307042 -0.09244232792471796 -0.09244232792471796 -0.09244232792471796 -0.09244232792471796 -0.09244232792471796 -0.09244232792471796 -0.09244232792471796 -0.10861209523036916 -0.08188623039719899
-0.22224561133021567 -0.22224561133021567 -0.22224561133021567 -0.22224561133021567 -0.20353553184483406 -0.22224561133021567 -0.22224561133021567 -0.22224561133021567 -0.22224561133021567 -0.22224561133021567 -0.22224561133021567 -0.22224561133021567 -0.22224561133021567 -0.22224561133021567 -0.22224561133021567 -0.22224561133021567 -0.22224561133021567 -0.22224561133021567 -0.22224561133021567 -0.22224561133021567 -0.22224561133021567 -0.22224561133021567 -0.22224561133021567 -0.22224561133021567 -0.22224561133021567 -0.22224561133021567 -0.22224561133021567 -0.22224561133021567 -0.22224561133021567 -0.22224561133021567 -0.22224561133021567 -0.22224561133021567 -0.22224561133021567 -0.22224561133021567 -0.22224561133021567 -0.22224561133021567 -0.22224561133021567 -0.22224561133021567 -0.22224561133021567 -0.22224561133021567 -0.22224561133021567 -0.22224561133021567 -0.22224561133021567 -0.22224561133021567 -0.22224561133021567 -0.22224561133021567 -0.22224561133021567 -0.22224561133021567 -0.284613406359701 -0.22224561133021567 -0.22224561133021567 -0.284613406359701 -0.22224561133021567 -0.22224561133021567 -0.284613406359701 -0.22224561133021567 -0.22224561133021567 -0.284613406359701 -0.22224561133021567 -0.284613406359701 -0.22224561133021567 -0.22224561133021567 -0.22224561133021567 -0.22224561133021567 -0.22224561133021567 -0.22224561133021567 -0.22224561133021567 -0.22224561133021567 -0.20353553184483406 -0.20353553184483406 -0.22224561133021567 -0.22224561133021567 -0.22224561133021567 -0.22224561133021567 -0.22224561133021567 -0.22224561133021567 -0.22224561133021567 -0.284613406359701 -0.22224561133021567 -0.22224561133021567 -0.22224561133021567 -0.22224561133021567 -0.22224561133021567 -0.22224561133021567 -0.22224561133021567 -0.22224561133021567 -0.22224561133021567 -0.22224561133021567 -0.22224561133021567 -0.22224561133021567 -0.22224561133021567 -0.22224561133021567 -0.22224561133021567 -0.22224561133021567 -0.1906430224654926 -0.19048784733284063 -0.18737108117074336 -0.1704541647297793 -0.14309716213307042 -0.09244232792471796 -0.09244232792471796 -0.09244232792471796 -0.09244232792471796 -0.09244232792471796 -0.09244232792471796 -0.09244232792471796 -0.10861209523036916 -0.08188623039719899
-0.2801733572679688 -0.2801733572679688 -0.2801733572679688 -0.2801733572679688 -0.20353553184483406 -0.2801733572679688 -0.2801733572679688 -0.2801733572679688 -0.2801733572679688 -0.2801733572679688 -0.2801733572679688 -0.2801733572679688 -0.2801733572679688 -0.2801733572679688 -0.2801733572679688 -0.2801733572679688 -0.2801733572679688 -0.2801733572679688 -0.2801733572679688 -0.2801733572679688 -0.2801733572679688 -0.2801733572679688 -0.2801733572679688 -0.2801733572679688 -0.2801733572679688 -0.2801733572679688 -0.2801733572679688 -0.2801733572679688 -0.2801733572679688 -0.2801733572679688 -0.2801733572679688 -0.2801733572679688 -0.2801733572679688 -0.2801733572679688 -0.2801733572679688 -0.2801733572679688 -0.2801733572679688 -0.2801733572679688 -0.2801733572679688 -0.2801733572679688 -0.2801733572679688 -0.2801733572679688 -0.2801733572679688 -0.2801733572679688 -0.2801733572679688 -0.2801733572679688 -0.2801733572679688 -0.2801733572679688 -0.22224561133021567 -0.22567365222699193 -0.2801733572679688 -0.22224561133021567 -0.22567365222699193 -0.2801733572679688 -0.22224561133021567 -0.22567365222699193 -0.2801733572679688 -0.22224561133021567 -0.22567365222699193 -0.22224561133021567 -0.2801733572679688 -0.2801733572679688 -0.22567365222699193 -0.2801733572679688 -0.2801733572679688 -0.2801733572679688 -0.2801733572679688 -0.2801733572679688 -0.20353553184483406 -0.20353553184483406 -0.2801733572679688 -0.2801733572679688 -0.2801733572679688 -0.2801733572679688 -0.2801733572679688 -0.2561103426662814 -0.2801733572679688 -0.22224561133021567 -0.2801733572679688 -0.22567365222699193 -0.2801733572679688 -0.2801733572679688 -0.23626144387808534 -0.26743136365534803 -0.27025962786486346 -0.2561103426662814 -0.23626144387808534 -0.2561103426662814 -0.26346034662391615 -0.26346034662391615 -0.252449948104398 -0.23800081174500878 -0.23800081174500878 -0.2370013856589639 -0.1906430224654926 -0.19048784733284063 -0.18737108117074336 -0.1704541647297793 -0.14309716213307042 -0.09244232792471796 -0.09244232792471796 -0.09244232792471796 -0.09244232792471796 -0.09244232792471796 -0.09244232792471796 -0.09244232792471796 -0.10861209523036916 -0.08188623039719899
-0.2791805295103048 -0.2791805295103048 -0.2791805295103048 -0.2791805295103048 -0.20353553184483406 -0.2791805295103048 -0.2791805295103048 -0.2791805295103048 -0.2791805295103048 -0.2791805295103048 -0.2791805295103048 -0.2791805295103048 -0.2791805295103048 -0.2791805295103048 -0.2791805295103048 -0.2791805295103048 -0.2791805295103048 -0.2791805295103048 -0.2791805295103048 -0.2791805295103048 -0.2791805295103048 -0.2791805295103048 -0.2791805295103048 -0.2791805295103048 -0.2791805295103048 -0.2791805295103048 -0.2791805295103048 -0.2791805295103048 -0.2791805295103048 -0.2791805295103048 -0.2791805295103048 -0.2791805295103048 -0.2791805295103048 -0.2791805295103048 -0.2791805295103048 -0.2791805295103048 -0.2791805295103048 -0.2791805295103048 -0.2791805295103048 -0.2791805295103048 -0.2791805295103048 -0.2791805295103048 -0.2791805295103048 -0.2791805295103048 -0.2791805295103048 -0.2791805295103048 -0.2791805295103048 -0.2791805295103048 -0.22224561133021567 -0.22567365222699193 -0.2791805295103048 -0.22224561133021567 -0.22567365222699193 -0.2791805295103048 -0.22224561133021567 -0.22567365222699193 -0.2791805295103048 -0.22224561133021567 -0.22567365222699193 -0.22224561133021567 -0.2791805295103048 -0.2791805295103048 -0.22567365222699193 -0.2791805295103048 -0.2791805295103048 -0.2791805295103048 -0.2791805295103048 -0.2791805295103048 -0.20353553184483406 -0.20353553184483406 -0.2791805295103048 -0.2791805295103048 -0.2791805295103048 -0.2791805295103048 -0.2791805295103048 -0.2561103426662814 -0.2791805295103048 -0.22224561133021567 -0.2791805295103048 -0.22567365222699193 -0.2791805295103048 -0.2791805295103048 -0.23626144387808534 -0.26743136365534803 -0.27025962786486346 -0.2561103426662814 -0.23626144387808534 -0.2561103426662814 -0.26346034662391615 -0.26346034662391615 -0.252449948104398 -0.23800081174500878 -0.23800081174500878 -0.2370013856589639 -0.1906430224654926 -0.19048784733284063 -0.18737108117074336 -0.1704541647297793 -0.14309716213307042 -0.09244232792471796 -0.09244232792471796 -0.09244232792471796 -0.09244232792471796 -0.09244232792471796 -0.09244232792471796 -0.09244232792471796 -0.10861209523036916 -0.08188623039719899
-0.2782614246851664 -0.2782614246851664 -0.2782614246851664 -0.2782614246851664 -0.20353553184483406 -0.2782614246851664 -0.2782614246851664 -0.2782614246851664 -0.2782614246851664 -0.2782614246851664 -0.2782614246851664 -0.2782614246851664 -0.2782614246851664 -0.2782614246851664 -0.2782614246851664 -0.2782614246851664 -0.2782614246851664 -0.2782614246851664 -0.2782614246851664 -0.2782614246851664 -0.2782614246851664 -0.2782614246851664 -0.2782614246851664 -0.2782614246851664 -0.2782614246851664 -0.2782614246851664 -0.2782614246851664 -0.2782614246851664 -0.2782614246851664 -0.2782614246851664 -0.2782614246851664 -0.2782614246851664 -0.2782614246851664 -0.2782614246851664 -0.2782614246851664 -0.2782614246851664 -0.2782614246851664 -0.2782614246851664 -0.2782614246851664 -0.2782614246851664 -0.2782614246851664 -0.2782614246851664 -0.2782614246851664 -0.2782614246851664 -0.2782614246851664 -0.2782614246851664 -0.2782614246851664 -0.2782614246851664 -0.22224561133021567 -0.22567365222699193 -0.2782614246851664 -0.22224561133021567 -0.22567365222699193 -0.2782614246851664 -0.22224561133021567 -0.22567365222699193 -0.2782614246851664 -0.22224561133021567 -0.22567365222699193 -0.22224561133021567 -0.2782614246851664 -0.2782614246851664 -0.22567365222699193 -0.2782614246851664 -0.2782614246851664 -0.2782614246851664 -0.2782614246851664 -0.2782614246851664 -0.20353553184483406 -0.20353553184483406 -0.2782614246851664 -0.2782614246851664 -0.2782614246851664 -0.2782614246851664 -0.2782614246851664 -0.2561103426662814 -0.2782614246851664 -0.22224561133021567 -0.2782614246851664 -0.22567365222699193 -0.2782614246851664 -0.2782614246851664 -0.23626144387808534 -0.26743136365534803 -0.27025962786486346 -0.2561103426662814 -0.23626144387808534 -0.2561103426662814 -0.26346034662391615 -0.26346034662391615 -0.252449948104398 -0.23800081174500878 -0.23800081174500878 -0.2370013856589639 -0.1906430224654926 -0.19048784733284063 -0.18737108117074336 -0.1704541647297793 -0.14309716213307042 -0.09244232792471796 -0.09244232792471796 -0.09244232792471796 -0.09244232792471796 -0.09244232792471796 -0.09244232792471796 -0.09244232792471796 -0.10861209523036916 -0.08188623039719899
-0.2781900667041 -0.2781900667041 -0.2781900667041 -0.2781900667041 -0.20353553184483406 -0.2781900667041 -0.2781900667041 -0.2781900667041 -0.2781900667041 -0.2781900667041 -0.2781900667041 -0.2781900667041 -0.2781900667041 -0.2781900667041 -0.2781900667041 -0.2781900667041 -0.2781900667041 -0.2781900667041 -0.2781900667041 -0.2781900667041 -0.2781900667041 -0.2781900667041 -0.2781900667041 -0.2781900667041 -0.2781900667041 -0.2781900667041 -0.2781900667041 -0.2781900667041 -0.2781900667041 -0.2781900667041 -0.2781900667041 -0.2781900667041 -0.2781900667041 -0.2781900667041 -0.2781900667041 -0.2781900667041 -0.2781900667041 -0.2781900667041 -0.2781900667041 -0.2781900667041 -0.2781900667041 -0.2781900667041 -0.2781900667041 -0.2781900667041 -0.2781900667041 -0.2781900667041 -0.2781900667041 -0.2781900667041 -0.22224561133021567 -0.22567365222699193 -0.2781900667041 -0.22224561133021567 -0.22567365222699193 -0.2781900667041 -0.22224561133021567 -0.22567365222699193 -0.2781900667041 -0.22224561133021567 -0.22567365222699193 -0.22224561133021567 -0.2781900667041 -0.2781900667041 -0.22567365222699193 -0.2781900667041 -0.2781900667041 -0.2781900667041 -0.2781900667041 -0.2781900667041 -0.20353553184483406 -0.20353553184483406 -0.2781900667041 -0.2781900667041 -0.2781900667041 -0.2781900667041 -0.2781900667041 -0.2561103426662814 -0.2781900667041 -0.22224561133021567 -0.2781900667041 -0.22567365222699193 -0.2781900667041 -0.2781900667041 -0.23626144387808534 -0.26743136365534803 -0.27025962786486346 -0.2561103426662814 -0.23626144387808534 -0.2561103426662814 -0.26346034662391615 -0.26346034662391615 -0.252449948104398 -0.23800081174500878 -0.23800081174500878 -0.2370013856589639 -0.1906430224654926 -0.19048784733284063 -0.18737108117074336 -0.1704541647297793 -0.14309716213307042 -0.09244232792471796 -0.09244232792471796 -0.09244232792471796 -0.09244232792471796 -0.09244232792471796 -0.09244232792471796 -0.09244232792471796 -0.10861209523036916 -0.08188623039719899
-0.2734623689554146 -0.2734623689554146 -0.2734623689554146 -0.2734623689554146 -0.20353553184483406 -0.2734623689554146 -0.2734623689554146 -0.2734623689554146 -0.2734623689554146 -0.2734623689554146 -0.2734623689554146 -0.2734623689554146 -0.2734623689554146 -0.2734623689554146 -0.2734623689554146 -0.2734623689554146 -0.2734623689554146 -0.2734623689554146 -0.2734623689554146 -0.2734623689554146 -0.2734623689554146 -0.2734623689554146 -0.2734623689554146 -0.2734623689554146 -0.2734623689554146 -0.2734623689554146 -0.2734623689554146 -0.2734623689554146 -0.2734623689554146 -0.2734623689554146 -0.2734623689554146 -0.2734623689554146 -0.2734623689554146 -0.2734623689554146 -0.2734623689554146 -0.2734623689554146 -0.2734623689554146 -0.2734623689554146 -0.2734623689554146 -0.2734623689554146 -0.2734623689554146 -0.2734623689554146 -0.2734623689554146 -0.2734623689554146 -0.2734623689554146 -0.2734623689554146 -0.2734623689554146 -0.2734623689554146 -0.22224561133021567 -0.22567365222699193 -0.2734623689554146 -0.22224561133021567 -0.22567365222699193 -0.2734623689554146 -0.22224561133021567 -0.22567365222699193 -0.2734623689554146 -0.22224561133021567 -0.22567365222699193 -0.22224561133021567 -0.2734623689554146 -0.2734623689554146 -0.22567365222699193 -0.2734623689554146 -0.2734623689554146 -0.2734623689554146 -0.2734623689554146 -0.2734623689554146 -0.20353553184483406 -0.20353553184483406 -0.2734623689554146 -0.2734623689554146 -0.2734623689554146 -0.2734623689554146 -0.2734623689554146 -0.2561103426662814 -0.2734623689554146 -0.22224561133021567 -0.2734623689554146 -0.22567365222699193 -0.2734623689554146 -0.2734623689554146 -0.23626144387808534 -0.26743136365534803 -0.27025962786486346 -0.2561103426662814 -0.23626144387808534 -0.2561103426662814 -0.26346034662391615 -0.26346034662391615 -0.252449948104398 -0.23800081174500878 -0.23800081174500878 -0.2370013856589639 -0.1906430224654926 -0.19048784733284063 -0.18737108117074336 -0.1704541647297793 -0.14309716213307042 -0.09244232792471796 -0.09244232792471796 -0.09244232792471796 -0.09244232792471796 -0.09244232792471796 -0.09244232792471796 -0.09244232792471796 -0.10861209523036916 -0.08188623039719899
-0.2731104804285845 -0.2731104804285845 -0.2731104804285845 -0.2731104804285845 -0.20353553184483406 -0.2731104804285845 -0.2731104804285845 -0.2731104804285845 -0.2731104804285845 -0.2731104804285845 -0.2731104804285845 -0.2731104804285845 -0.2731104804285845 -0.2731104804285845 -0.2731104804285845 -0.2731104804285845 -0.2731104804285845 -0.2731104804285845 -0.2731104804285845 -0.2731104804285845 -0.2731104804285845 -0.2731104804285845 -0.2731104804285845 -0.2731104804285845 -0.2731104804285845 -0.2731104804285845 -0.2731104804285845 -0.2731104804285845 -0.2731104804285845 -0.2731104804285845 -0.2731104804285845 -0.2731104804285845 -0.2731104804285845 -0.2731104804285845 -0.2731104804285845 -0.2731104804285845 -0.2731104804285845 -0.2731104804285845 -0.2731104804285845 -0.2731104804285845 -0.2731104804285845 -0.2731104804285845 -0.2731104804285845 -0.2731104804285845 -0.2731104804285845 -0.2731104804285845 -0.2731104804285845 -0.2731104804285845 -0.22224561133021567 -0.22567365222699193 -0.2731104804285845 -0.22224561133021567 -0.22567365222699193 -0.2731104804285845 -0.22224561133021567 -0.22567365222699193 -0.2731104804285845 -0.22224561133021567 -0.22567365222699193 -0.22224561133021567 -0.2731104804285845 -0.2731104804285845 -0.22567365222699193 -0.2731104804285845 -0.2731104804285845 -0.2731104804285845 -0.2731104804285845 -0.2731104804285845 -0.20353553184483406 -0.20353553184483406 -0.2731104804285845 -0.2731104804285845 -0.2731104804285845 -0.2731104804285845 -0.2731104804285845 -0.2561103426662814 -0.2731104804285845 -0.22224561133021567 -0.2731104804285845 -0.22567365222699193 -0.2731104804285845 -0.2731104804285845 -0.23626144387808534 -0.26743136365534803 -0.27025962786486346 -0.2561103426662814 -0.23626144387808534 -0.2561103426662814 -0.26346034662391615 -0.26346034662391615 -0.252449948104398 -0.23800081174500878 -0.23800081174500878 -0.2370013856589639 -0.1906430224654926 -0.19048784733284063 -0.18737108117074336 -0.1704541647297793 -0.14309716213307042 -0.09244232792471796 -0.09244232792471796 -0.09244232792471796 -0.09244232792471796 -0.09244232792471796 -0.09244232792471796 -0.09244232792471796 -0.10861209523036916 -0.08188623039719899
-0.27310954880655613 -0.27310954880655613 -0.27310954880655613 -0.27310954880655613 -0.20353553184483406 -0.27310954880655613 -0.27310954880655613 -0.27310954880655613 -0.27310954880655613 -0.27310954880655613 -0.27310954880655613 -0.27310954880655613 -0.27310954880655613 -0.27310954880655613 -0.27310954880655613 -0.27310954880655613 -0.27310954880655613 -0.27310954880655613 -0.27310954880655613 -0.27310954880655613 -0.27310954880655613 -0.27310954880655613 -0.27310954880655613 -0.27310954880655613 -0.27310954880655613 -0.27310954880655613 -0.27310954880655613 -0.27310954880655613 -0.27310954880655613 -0.27310954880655613 -0.27310954880655613 -0.27310954880655613 -0.27310954880655613 -0.27310954880655613 -0.27310954880655613 -0.27310954880655613 -0.27310954880655613 -0.27310954880655613 -0.27310954880655613 -0.27310954880655613 -0.27310954880655613 -0.27310954880655613 -0.27310954880655613 -0.27310954880655613 -0.27310954880655613 -0.27310954880655613 -0.27310954880655613 -0.27310954880655613 -0.22224561133021567 -0.22567365222699193 -0.27310954880655613 -0.22224561133021567 -0.22567365222699193 -0.27310954880655613 -0.22224561133021567 -0.22567365222699193 -0.27310954880655613 -0.22224561133021567 -0.22567365222699193 -0.22224561133021567 -0.27310954880655613 -0.27310954880655613 -0.22567365222699193 -0.27310954880655613 -0.27310954880655613 -0.27310954880655613 -0.27310954880655613 -0.27310954880655613 -0.20353553184483406 -0.20353553184483406 -0.27310954880655613 -0.27310954880655613 -0.27310954880655613 -0.27310954880655613 -0.27310954880655613 -0.2561103426662814 -0.27310954880655613 -0.22224561133021567 -0.27310954880655613 -0.22567365222699193 -0.27310954880655613 -0.27310954880655613 -0.23626144387808534 -0.26743136365534803 -0.27025962786486346 -0.2561103426662814 -0.23626144387808534 -0.2561103426662814 -0.26346034662391615 -0.26346034662391615 -0.252449948104398 -0.23800081174500878 -0.23800081174500878 -0.2370013856589639 -0.1906430224654926 -0.19048784733284063 -0.18737108117074336 -0.1704541647297793 -0.14309716213307042 -0.09244232792471796 -0.09244232792471796 -0.09244232792471796 -0.09244232792471796 -0.09244232792471796 -0.09244232792471796 -0.09244232792471796 -0.10861209523036916 -0.08188623039719899
-0.2686484441127334 -0.2686484441127334 -0.2686484441127334 -0.2686484441127334 -0.20353553184483406 -0.2686484441127334 -0.2686484441127334 -0.2686484441127334 -0.2686484441127334 -0.2686484441127334 -0.2686484441127334 -0.2686484441127334 -0.2686484441127334 -0.2686484441127334 -0.2686484441127334 -0.2686484441127334 -0.2686484441127334 -0.2686484441127334 -0.2686484441127334 -0.2686484441127334 -0.2686484441127334 -0.2686484441127334 -0.2686484441127334 -0.2686484441127334 -0.2686484441127334 -0.2686484441127334 -0.2686484441127334 -0.2686484441127334 -0.2686484441127334 -0.2686484441127334 -0.2686484441127334 -0.2686484441127334 -0.2686484441127334 -0.2686484441127334 -0.2686484441127334 -0.2686484441127334 -0.2686484441127334 -0.2686484441127334 -0.2686484441127334 -0.2686484441127334 -0.2686484441127334 -0.2686484441127334 -0.2686484441127334 -0.2686484441127334 -0.2686484441127334 -0.2686484441127334 -0.2686484441127334 -0.2686484441127334 -0.22224561133021567 -0.22567365222699193 -0.2686484441127334 -0.22224561133021567 -0.22567365222699193 -0.2686484441127334 -0.22224561133021567 -0.22567365222699193 -0.2686484441127334 -0.22224561133021567 -0.22567365222699193 -0.22224561133021567 -0.2686484441127334 -0.2686484441127334 -0.22567365222699193 -0.2686484441127334 -0.2686484441127334 -0.2686484441127334 -0.2686484441127334 -0.2686484441127334 -0.20353553184483406 -0.20353553184483406 -0.2686484441127334 -0.2686484441127334 -0.2686484441127334 -0.2686484441127334 -0.2686484441127334 -0.2561103426662814 -0.2686484441127334 -0.22224561133021567 -0.2686484441127334 -0.22567365222699193 -0.2686484441127334 -0.2686484441127334 -0.23626144387808534 -0.26743136365534803 -0.2686484441127334 -0.2561103426662814 -0.23626144387808534 -0.2561103426662814 -0.26346034662391615 -0.26346034662391615 -0.252449948104398 -0.23800081174500878 -0.23800081174500878 -0.2370013856589639 -0.1906430224654926 -0.19048784733284063 -0.18737108117074336 -0.1704541647297793 -0.14309716213307042 -0.09244232792471796 -0.09244232792471796 -0.09244232792471796 -0.09244232792471796 -0.09244232792471796 -0.09244232792471796 -0.09244232792471796 -0.10861209523036916 -0.08188623039719899
-0.2670215347322125 -0.2670215347322125 -0.2670215347322125 -0.2670215347322125 -0.20353553184483406 -0.2670215347322125 -0.2670215347322125 -0.2670215347322125 -0.2670215347322125 -0.2670215347322125 -0.2670215347322125 -0.2670215347322125 -0.2670215347322125 -0.2670215347322125 -0.2670215347322125 -0.2670215347322125 -0.2670215347322125 -0.2670215347322125 -0.2670215347322125 -0.2670215347322125 -0.2670215347322125 -0.2670215347322125 -0.2670215347322125 -0.2670215347322125 -0.2670215347322125 -0.2670215347322125 -0.2670215347322125 -0.2670215347322125 -0.2670215347322125 -0.2670215347322125 -0.2670215347322125 -0.2670215347322125 -0.2670215347322125 -0.2670215347322125 -0.2670215347322125 -0.2670215347322125 -0.2670215347322125 -0.2670215347322125 -0.2670215347322125 -0.2670215347322125 -0.2670215347322125 -0.2670215347322125 -0.2670215347322125 -0.2670215347322125 -0.2670215347322125 -0.2670215347322125 -0.2670215347322125 -0.2670215347322125 -0.22224561133021567 -0.22567365222699193 -0.2670215347322125 -0.22224561133021567 -0.22567365222699193 -0.2670215347322125 -0.22224561133021567 -0.22567365222699193 -0.2670215347322125 -0.22224561133021567 -0.22567365222699193 -0.22224561133021567 -0.2670215347322125 -0.2670215347322125 -0.22567365222699193 -0.2670215347322125 -0.2670215347322125 -0.2670215347322125 -0.2670215347322125 -0.2670215347322125 -0.20353553184483406 -0.20353553184483406 -0.2670215347322125 -0.2670215347322125 -0.2670215347322125 -0.2670215347322125 -0.2670215347322125 -0.2561103426662814 -0.2670215347322125 -0.22224561133021567 -0.2670215347322125 -0.22567365222699193 -0.2670215347322125 -0.2670215347322125 -0.23626144387808534 -0.2670215347322125 -0.2670215347322125 -0.2561103426662814 -0.23626144387808534 -0.2561103426662814 -0.26346034662391615 -0.26346034662391615 -0.252449948104398 -0.23800081174500878 -0.23800081174500878 -0.2370013856589639 -0.1906430224654926 -0.19048784733284063 -0.18737108117074336 -0.1704541647297793 -0.14309716213307042 -0.09244232792471796 -0.09244232792471796 -0.09244232792471796 -0.09244232792471796 -0.09244232792471796 -0.09244232792471796 -0.09244232792471796 -0.10861209523036916 -0.08188623039719899
-0.26541917095490697 -0.26541917095490697 -0.26541917095490697 -0.26541917095490697 -0.20353553184483406 -0.26541917095490697 -0.26541917095490697 -0.26541917095490697 -0.26541917095490697 -0.26541917095490697 -0.26541917095490697 -0.26541917095490697 -0.26541917095490697 -0.26541917095490697 -0.26541917095490697 -0.26541917095490697 -0.26541917095490697 -0.26541917095490697 -0.26541917095490697 -0.26541917095490697 -0.26541917095490697 -0.26541917095490697 -0.26541917095490697 -0.26541917095490697 -0.26541917095490697 -0.26541917095490697 -0.26541917095490697 -0.26541917095490697 -0.26541917095490697 -0.26541917095490697 -0.26541917095490697 -0.26541917095490697 -0.26541917095490697 -0.26541917095490697 -0.26541917095490697 -0.26541917095490697 -0.26541917095490697 -0.26541917095490697 -0.26541917095490697 -0.26541917095490697 -0.26541917095490697 -0.26541917095490697 -0.26541917095490697 -0.26541917095490697 -0.26541917095490697 -0.26541917095490697 -0.26541917095490697 -0.26541917095490697 -0.22224561133021567 -0.22567365222699193 -0.26541917095490697 -0.22224561133021567 -0.22567365222699193 -0.26541917095490697 -0.22224561133021567 -0.22567365222699193 -0.26541917095490697 -0.22224561133021567 -0.22567365222699193 -0.22224561133021567 -0.26541917095490697 -0.26541917095490697 -0.22567365222699193 -0.26541917095490697 -0.26541917095490697 -0.26541917095490697 -0.26541917095490697 -0.26541917095490697 -0.20353553184483406 -0.20353553184483406 -0.26541917095490697 -0.26541917095490697 -0.26541917095490697 -0.26541917095490697 -0.26541917095490697 -0.2561103426662814 -0.26541917095490697 -0.22224561133021567 -0.26541917095490697 -0.22567365222699193 -0.26541917095490697 -0.26541917095490697 -0.23626144387808534 -0.26541917095490697 -0.26541917095490697 -0.2561103426662814 -0.23626144387808534 -0.2561103426662814 -0.26346034662391615 -0.26346034662391615 -0.252449948104398 -0.23800081174500878 -0.23800081174500878 -0.2370013856589639 -0.1906430224654926 -0.19048784733284063 -0.18737108117074336 -0.1704541647297793 -0.14309716213307042 -0.09244232792471796 -0.09244232792471796 -0.09244232792471796 -0.09244232792471796 -0.09244232792471796 -0.09244232792471796 -0.09244232792471796 -0.10861209523036916 -0.08188623039719899
-0.26383051412794317 -0.26383051412794317 -0.26383051412794317 -0.26383051412794317 -0.20353553184483406 -0.26383051412794317 -0.26383051412794317 -0.26383051412794317 -0.26383051412794317 -0.26383051412794317 -0.26383051412794317 -0.26383051412794317 -0.26383051412794317 -0.26383051412794317 -0.26383051412794317 -0.26383051412794317 -0.26383051412794317 -0.26383051412794317 -0.26383051412794317 -0.26383051412794317 -0.26383051412794317 -0.26383051412794317 -0.26383051412794317 -0.26383051412794317 -0.26383051412794317 -0.26383051412794317 -0.26383051412794317 -0.26383051412794317 -0.26383051412794317 -0.26383051412794317 -0.26383051412794317 -0.26383051412794317 -0.26383051412794317 -0.26383051412794317 -0.26383051412794317 -0.26383051412794317 -0.26383051412794317 -0.26383051412794317 -0.26383051412794317 -0.26383051412794317 -0.26383051412794317 -0.26383051412794317 -0.26383051412794317 -0.26383051412794317 -0.26383051412794317 -0.26383051412794317 -0.26383051412794317 -0.26383051412794317 -0.22224561133021567 -0.22567365222699193 -0.26383051412794317 -0.22224561133021567 -0.22567365222699193 -0.26383051412794317 -0.22224561133021567 -0.22567365222699193 -0.26383051412794317 -0.22224561133021567 -0.22567365222699193 -0.22224561133021567 -0.26383051412794317 -0.26383051412794317 -0.22567365222699193 -0.26383051412794317 -0.26383051412794317 -0.26383051412794317 -0.26383051412794317 -0.26383051412794317 -0.20353553184483406 -0.20353553184483406 -0.26383051412794317 -0.26383051412794317 -0.26383051412794317 -0.26383051412794317 -0.26383051412794317 -0.2561103426662814 -0.26383051412794317 -0.22224561133021567 -0.26383051412794317 -0.22567365222699193 -0.26383051412794317 -0.26383051412794317 -0.23626144387808534 -0.26383051412794317 -0.26383051412794317 -0.2561103426662814 -0.23626144387808534 -0.2561103426662814 -0.26346034662391615 -0.26346034662391615 -0.252449948104398 -0.23800081174500878 -0.23800081174500878 -0.2370013856589639 -0.1906430224654926 -0.19048784733284063 -0.18737108117074336 -0.1704541647297793 -0.14309716213307042 -0.09244232792471796 -0.09244232792471796 -0.09244232792471796 -0.09244232792471796 -0.09244232792471796 -0.09244232792471796 -0.09244232792471796 -0.10861209523036916 -0.08188623039719899
-0.2584075382117998 -0.2584075382117998 -0.2584075382117998 -0.2584075382117998 -0.20353553184483406 -0.2584075382117998 -0.2584075382117998 -0.2584075382117998 -0.2584075382117998 -0.2584075382117998 -0.2584075382117998 -0.2584075382117998 -0.2584075382117998 -0.2584075382117998 -0.2584075382117998 -0.2584075382117998 -0.2584075382117998 -0.2584075382117998 -0.2584075382117998 -0.2584075382117998 -0.2584075382117998 -0.2584075382117998 -0.2584075382117998 -0.2584075382117998 -0.2584075382117998 -0.2584075382117998 -0.2584075382117998 -0.2584075382117998 -0.2584075382117998 -0.2584075382117998 -0.2584075382117998 -0.2584075382117998 -0.2584075382117998 -0.2584075382117998 -0.2584075382117998 -0.2584075382117998 -0.2584075382117998 -0.2584075382117998 -0.2584075382117998 -0.2584075382117998 -0.2584075382117998 -0.2584075382117998 -0.2584075382117998 -0.2584075382117998 -0.2584075382117998 -0.2584075382117998 -0.2584075382117998 -0.2584075382117998 -0.22224561133021567 -0.22567365222699193 -0.2584075382117998 -0.22224561133021567 -0.22567365222699193 -0.2584075382117998 -0.22224561133021567 -0.22567365222699193 -0.2584075382117998 -0.22224561133021567 -0.22567365222699193 -0.22224561133021567 -0.2584075382117998 -0.2584075382117998 -0.22567365222699193 -0.2584075382117998 -0.2584075382117998 -0.2584075382117998 -0.2584075382117998 -0.2584075382117998 -0.20353553184483406 -0.20353553184483406 -0.2584075382117998 -0.2584075382117998 -0.2584075382117998 -0.2584075382117998 -0.2584075382117998 -0.2561103426662814 -0.2584075382117998 -0.22224561133021567 -0.2584075382117998 -0.22567365222699193 -0.2584075382117998 -0.2584075382117998 -0.23626144387808534 -0.2584075382117998 -0.2584075382117998 -0.2561103426662814 -0.23626144387808534 -0.2561103426662814 -0.2584075382117998 -0.2584075382117998 -0.252449948104398 -0.23800081174500878 -0.23800081174500878 -0.2370013856589639 -0.1906430224654926 -0.19048784733284063 -0.18737108117074336 -0.1704541647297793 -0.14309716213307042 -0.09244232792471796 -0.09244232792471796 -0.09244232792471796 -0.09244232792471796 -0.09244232792471796 -0.09244232792471796 -0.09244232792471796 -0.10861209523036916 -0.08188623039719899
-0.2542833823308932 -0.2542833823308932 -0.2542833823308932 -0.2542833823308932 -0.20353553184483406 -0.2542833823308932 -0.2542833823308932 -0.2542833823308932 -0.2542833823308932 -0.2542833823308932 -0.2542833823308932 -0.2542833823308932 -0.2542833823308932 -0.2542833823308932 -0.2542833823308932 -0.2542833823308932 -0.2542833823308932 -0.2542833823308932 -0.2542833823308932 -0.2542833823308932 -0.2542833823308932 -0.2542833823308932 -0.2542833823308932 -0.2542833823308932 -0.2542833823308932 -0.2542833823308932 -0.2542833823308932 -0.2542833823308932 -0.2542833823308932 -0.2542833823308932 -0.2542833823308932 -0.2542833823308932 -0.2542833823308932 -0.2542833823308932 -0.2542833823308932 -0.2542833823308932 -0.2542833823308932 -0.2542833823308932 -0.2542833823308932 -0.2542833823308932 -0.2542833823308932 -0.2542833823308932 -0.2542833823308932 -0.2542833823308932 -0.2542833823308932 -0.2542833823308932 -0.2542833823308932 -0.2542833823308932 -0.22224561133021567 -0.22567365222699193 -0.2542833823308932 -0.22224561133021567 -0.22567365222699193 -0.2542833823308932 -0.22224561133021567 -0.22567365222699193 -0.2542833823308932 -0.22224561133021567 -0.22567365222699193 -0.22224561133021567 -0.2542833823308932 -0.2542833823308932 -0.22567365222699193 -0.2542833823308932 -0.2542833823308932 -0.2542833823308932 -0.2542833823308932 -0.2542833823308932 -0.20353553184483406 -0.20353553184483406 -0.2542833823308932 -0.2542833823308932 -0.2542833823308932 -0.2542833823308932 -0.2542833823308932 -0.2542833823308932 -0.2542833823308932 -0.22224561133021567 -0.2542833823308932 -0.22567365222699193 -0.2542833823308932 -0.2542833823308932 -0.23626144387808534 -0.2542833823308932 -0.2542833823308932 -0.2542833823308932 -0.23626144387808534 -0.2542833823308932 -0.2542833823308932 -0.2542833823308932 -0.252449948104398 -0.23800081174500878 -0.23800081174500878 -0.2370013856589639 -0.1906430224654926 -0.19048784733284063 -0.18737108117074336 -0.1704541647297793 -0.14309716213307042 -0.09244232792471796 -0.09244232792471796 -0.09244232792471796 -0.09244232792471796 -0.09244232792471796 -0.09244232792471796 -0.09244232792471796 -0.10861209523036916 -0.08188623039719899
-0.18737108117074336 -0.18737108117074336 -0.18737108117074336 -0.18737108117074336 -0.18737108117074336 -0.18737108117074336 -0.18737108117074336 -0.18737108117074336 -0.18737108117074336 -0.18737108117074336 -0.18737108117074336 -0.18737108117074336 -0.18737108117074336 -0.18737108117074336 -0.18737108117074336 -0.18737108117074336 -0.18737108117074336 -0.18737108117074336 -0.18737108117074336 -0.18737108117074336 -0.18737108117074336 -0.18737108117074336 -0.18737108117074336 -0.18737108117074336 -0.18737108117074336 -0.18737108117074336 -0.18737108117074336 -0.18737108117074336 -0.18737108117074336 -0.18737108117074336 -0.18737108117074336 -0.18737108117074336 -0.18737108117074336 -0.18737108117074336 -0.18737108117074336 -0.18737108117074336 -0.18737108117074336 -0.18737108117074336 -0.18737108117074336 -0.18737108117074336 -0.18737108117074336 -0.18737108117074336 -0.18737108117074336 -0.18737108117074336 -0.18737108117074336 -0.18737108117074336 -0.18737108117074336 -0.18737108117074336 -0.18737108117074336 -0.18737108117074336 -0.18737108117074336 -0.18737108117074336 -0.18737108117074336 -0.18737108117074336 -0.18737108117074336 -0.18737108117074336 -0.18737108117074336 -0.18737108117074336 -0.18737108117074336 -0.18737108117074336 -0.18737108117074336 -0.18737108117074336 -0.18737108117074336 -0.18737108117074336 -0.18737108117074336 -0.18737108117074336 -0.18737108117074336 -0.18737108117074336 -0.18737108117074336 -0.18737108117074336 -0.18737108117074336 -0.18737108117074336 -0.18737108117074336 -0.18737108117074336 -0.18737108117074336 -0.18737108117074336 -0.18737108117074336 -0.18737108117074336 -0.18737108117074336 -0.18737108117074336 -0.18737108117074336 -0.18737108117074336 -0.18737108117074336 -0.18737108117074336 -0.18737108117074336 -0.18737108117074336 -0.18737108117074336 -0.18737108117074336 -0.18737108117074336 -0.18737108117074336 -0.18737108117074336 -0.18737108117074336 -0.18737108117074336 -0.18737108117074336 -0.18737108117074336 -0.18737108117074336 -0.18737108117074336 -0.1704541647297793 -0.14309716213307042 -0.09244232792471796 -0.09244232792471796 -0.09244232792471796 -0.09244232792471796 -0.09244232792471796 -0.09244232792471796 -0.09244232792471796 -0.10861209523036916 -0.08188623039719899
-0.20353553184483406 -0.20353553184483406 -0.20353553184483406 -0.20353553184483406 -0.20353553184483406 -0.20353553184483406 -0.20353553184483406 -0.20353553184483406 -0.20353553184483406 -0.20353553184483406 -0.20353553184483406 -0.20353553184483406 -0.20353553184483406 -0.20353553184483406 -0.20353553184483406 -0.20353553184483406 -0.20353553184483406 -0.20353553184483406 -0.20353553184483406 -0.20353553184483406 -0.20353553184483406 -0.20353553184483406 -0.20353553184483406 -0.20353553184483406 -0.20353553184483406 -0.20353553184483406 -0.20353553184483406 -0.20353553184483406 -0.20353553184483406 -0.20353553184483406 -0.20353553184483406 -0.20353553184483406 -0.20353553184483406 -0.20353553184483406 -0.20353553184483406 -0.20353553184483406 -0.20353553184483406 -0.20353553184483406 -0.20353553184483406 -0.20353553184483406 -0.20353553184483406 -0.20353553184483406 -0.20353553184483406 -0.20353553184483406 -0.20353553184483406 -0.20353553184483406 -0.20353553184483406 -0.20353553184483406 -0.20353553184483406 -0.20353553184483406 -0.20353553184483406 -0.20353553184483406 -0.20353553184483406 -0.20353553184483406 -0.20353553184483406 -0.20353553184483406 -0.20353553184483406 -0.20353553184483406 -0.20353553184483406 -0.20353553184483406 -0.20353553184483406 -0.20353553184483406 -0.20353553184483406 -0.20353553184483406 -0.20353553184483406 -0.20353553184483406 -0.20353553184483406 -0.20353553184483406 -0.20353553184483406 -0.20353553184483406 -0.20353553184483406 -0.20353553184483406 -0.20353553184483406 -0.20353553184483406 -0.20353553184483406 -0.20353553184483406 -0.20353553184483406 -0.20353553184483406 -0.20353553184483406 -0.20353553184483406 -0.20353553184483406 -0.20353553184483406 -0.20353553184483406 -0.20353553184483406 -0.20353553184483406 -0.20353553184483406 -0.20353553184483406 -0.20353553184483406 -0.20353553184483406 -0.20353553184483406 -0.20353553184483406 -0.20353553184483406 -0.20353553184483406 -0.20353553184483406 -0.1906430224654926 -0.19048784733284063 -0.18737108117074336 -0.1704541647297793 -0.14309716213307042 -0.09244232792471796 -0.09244232792471796 -0.09244232792471796 -0.09244232792471796 -0.09244232792471796 -0.09244232792471796 -0.09244232792471796 -0.10861209523036916 -0.08188623039719899
-0.23626144387808534 -0.23626144387808534 -0.23626144387808534 -0.23626144387808534 -0.20353553184483406 -0.23626144387808534 -0.23626144387808534 -0.23626144387808534 -0.23626144387808534 -0.23626144387808534 -0.23626144387808534 -0.23626144387808534 -0.23626144387808534 -0.23626144387808534 -0.23626144387808534 -0.23626144387808534 -0.23626144387808534 -0.23626144387808534 -0.23626144387808534 -0.23626144387808534 -0.23626144387808534 -0.23626144387808534 -0.23626144387808534 -0.23626144387808534 -0.23626144387808534 -0.23626144387808534 -0.23626144387808534 -0.23626144387808534 -0.23626144387808534 -0.23626144387808534 -0.23626144387808534 -0.23626144387808534 -0.23626144387808534 -0.23626144387808534 -0.23626144387808534 -0.23626144387808534 -0.23626144387808534 -0.23626144387808534 -0.23626144387808534 -0.23626144387808534 -0.23626144387808534 -0.23626144387808534 -0.23626144387808534 -0.23626144387808534 -0.23626144387808534 -0.23626144387808534 -0.23626144387808534 -0.23626144387808534 -0.22224561133021567 -0.22567365222699193 -0.23626144387808534 -0.22224561133021567 -0.22567365222699193 -0.23626144387808534 -0.22224561133021567 -0.22567365222699193 -0.23626144387808534 -0.22224561133021567 -0.22567365222699193 -0.22224561133021567 -0.23626144387808534 -0.23626144387808534 -0.22567365222699193 -0.23626144387808534 -0.23626144387808534 -0.23626144387808534 -0.23626144387808534 -0.23626144387808534 -0.20353553184483406 -0.20353553184483406 -0.23626144387808534 -0.23626144387808534 -0.23626144387808534 -0.23626144387808534 -0.23626144387808534 -0.23626144387808534 -0.23626144387808534 -0.22224561133021567 -0.23626144387808534 -0.22567365222699193 -0.23626144387808534 -0.23626144387808534 -0.23626144387808534 -0.23626144387808534 -0.23626144387808534 -0.23626144387808534 -0.23626144387808534 -0.23626144387808534 -0.23626144387808534 -0.23626144387808534 -0.23626144387808534 -0.23626144387808534 -0.23626144387808534 -0.23626144387808534 -0.1906430224654926 -0.19048784733284063 -0.18737108117074336 -0.1704541647297793 -0.14309716213307042 -0.09244232792471796 -0.09244232792471796 -0.09244232792471796 -0.09244232792471796 -0.09244232792471796 -0.09244232792471796 -0.09244232792471796 -0.10861209523036916 -0.08188623039719899
-0.2113666410973255 -0.2113666410973255 -0.2113666410973255 -0.2113666410973255 -0.20353553184483406 -0.2113666410973255 -0.2113666410973255 -0.2113666410973255 -0.2113666410973255 -0.2113666410973255 -0.2113666410973255 -0.2113666410973255 -0.2113666410973255 -0.2113666410973255 -0.2113666410973255 -0.2113666410973255 -0.2113666410973255 -0.2113666410973255 -0.2113666410973255 -0.2113666410973255 -0.2113666410973255 -0.2113666410973255 -0.2113666410973255 -0.2113666410973255 -0.2113666410973255 -0.2113666410973255 -0.2113666410973255 -0.2113666410973255 -0.2113666410973255 -0.2113666410973255 -0.2113666410973255 -0.2113666410973255 -0.2113666410973255 -0.2113666410973255 -0.2113666410973255 -0.2113666410973255 -0.2113666410973255 -0.2113666410973255 -0.2113666410973255 -0.2113666410973255 -0.2113666410973255 -0.2113666410973255 -0.2113666410973255 -0.2113666410973255 -0.2113666410973255 -0.2113666410973255 -0.2113666410973255 -0.2113666410973255 -0.2113666410973255 -0.2113666410973255 -0.2113666410973255 -0.2113666410973255 -0.2113666410973255 -0.2113666410973255 -0.2113666410973255 -0.2113666410973255 -0.2113666410973255 -0.2113666410973255 -0.2113666410973255 -0.2113666410973255 -0.2113666410973255 -0.2113666410973255 -0.2113666410973255 -0.2113666410973255 -0.2113666410973255 -0.2113666410973255 -0.2113666410973255 -0.2113666410973255 -0.20353553184483406 -0.20353553184483406 -0.2113666410973255 -0.2113666410973255 -0.2113666410973255 -0.2113666410973255 -0.2113666410973255 -0.2113666410973255 -0.2113666410973255 -0.2113666410973255 -0.2113666410973255 -0.2113666410973255 -0.2113666410973255 -0.2113666410973255 -0.2113666410973255 -0.2113666410973255 -0.2113666410973255 -0.2113666410973255 -0.2113666410973255 -0.2113666410973255 -0.2113666410973255 -0.2113666410973255 -0.2113666410973255 -0.2113666410973255 -0.2113666410973255 -0.2113666410973255 -0.1906430224654926 -0.19048784733284063 -0.18737108117074336 -0.1704541647297793 -0.14309716213307042 -0.09244232792471796 -0.09244232792471796 -0.09244232792471796 -0.09244232792471796 -0.09244232792471796 -0.09244232792471796 -0.09244232792471796 -0.10861209523036916 -0.08188623039719899
-0.1906430224654926 -0.1906430224654926 -0.1906430224654926 -0.1906430224654926 -0.1906430224654926 -0.1906430224654926 -0.1906430224654926 -0.1906430224654926 -0.1906430224654926 -0.1906430224654926 -0.1906430224654926 -0.1906430224654926 -0.1906430224654926 -0.1906430224654926 -0.1906430224654926 -0.1906430224654926 -0.1906430224654926 -0.1906430224654926 -0.1906430224654926 -0.1906430224654926 -0.1906430224654926 -0.1906430224654926 -0.1906430224654926 -0.1906430224654926 -0.1906430224654926 -0.1906430224654926 -0.1906430224654926 -0.1906430224654926 -0.1906430224654926 -0.1906430224654926 -0.1906430224654926 -0.1906430224654926 -0.1906430224654926 -0.1906430224654926 -0.1906430224654926 -0.1906430224654926 -0.1906430224654926 -0.1906430224654926 -0.1906430224654926 -0.1906430224654926 -0.1906430224654926 -0.1906430224654926 -0.1906430224654926 -0.1906430224654926 -0.1906430224654926 -0.1906430224654926 -0.1906430224654926 -0.1906430224654926 -0.1906430224654926 -0.1906430224654926 -0.1906430224654926 -0.1906430224654926 -0.1906430224654926 -0.1906430224654926 -0.1906430224654926 -0.1906430224654926 -0.1906430224654926 -0.1906430224654926 -0.1906430224654926 -0.1906430224654926 -0.1906430224654926 -0.1906430224654926 -0.1906430224654926 -0.1906430224654926 -0.1906430224654926 -0.1906430224654926 -0.1906430224654926 -0.1906430224654926 -0.1906430224654926 -0.1906430224654926 -0.1906430224654926 -0.1906430224654926 -0.1906430224654926 -0.1906430224654926 -0.1906430224654926 -0.1906430224654926 -0.1906430224654926 -0.1906430224654926 -0.1906430224654926 -0.1906430224654926 -0.1906430224654926 -0.1906430224654926 -0.1906430224654926 -0.1906430224654926 -0.1906430224654926 -0.1906430224654926 -0.1906430224654926 -0.1906430224654926 -0.1906430224654926 -0.1906430224654926 -0.1906430224654926 -0.1906430224654926 -0.1906430224654926 -0.1906430224654926 -0.20743302617065912 -0.19048784733284063 -0.18737108117074336 -0.1704541647297793 -0.14309716213307042 -0.09244232792471796 -0.09244232792471796 -0.09244232792471796 -0.09244232792471796 -0.09244232792471796 -0.09244232792471796 -0.09244232792471796 -0.10861209523036916 -0.08188623039719899
-0.14309716213307042 -0.14309716213307042 -0.14309716213307042 -0.14309716213307042 -0.14309716213307042 -0.14309716213307042 -0.14309716213307042 -0.14309716213307042 -0.14309716213307042 -0.14309716213307042 -0.14309716213307042 -0.14309716213307042 -0.14309716213307042 -0.14309716213307042 -0.14309716213307042 -0.14309716213307042 -0.14309716213307042 -0.14309716213307042 -0.14309716213307042 -0.14309716213307042 -0.14309716213307042 -0.14309716213307042 -0.14309716213307042 -0.14309716213307042 -0.14309716213307042 -0.14309716213307042 -0.14309716213307042 -0.14309716213307042 -0.14309716213307042 -0.14309716213307042 -0.14309716213307042 -0.14309716213307042 -0.14309716213307042 -0.14309716213307042 -0.14309716213307042 -0.14309716213307042 -0.14309716213307042 -0.14309716213307042 -0.14309716213307042 -0.14309716213307042 -0.14309716213307042 -0.14309716213307042 -0.14309716213307042 -0.14309716213307042 -0.14309716213307042 -0.14309716213307042 -0.14309716213307042 -0.14309716213307042 -0.14309716213307042 -0.14309716213307042 -0.14309716213307042 -0.14309716213307042 -0.14309716213307042 -0.14309716213307042 -0.14309716213307042 -0.14309716213307042 -0.14309716213307042 -0.14309716213307042 -0.14309716213307042 -0.14309716213307042 -0.14309716213307042 -0.14309716213307042 -0.14309716213307042 -0.14309716213307042 -0.14309716213307042 -0.14309716213307042 -0.14309716213307042 -0.14309716213307042 -0.14309716213307042 -0.14309716213307042 -0.14309716213307042 -0.14309716213307042 -0.14309716213307042 -0.14309716213307042 -0.14309716213307042 -0.14309716213307042 -0.14309716213307042 -0.14309716213307042 -0.14309716213307042 -0.14309716213307042 -0.14309716213307042 -0.14309716213307042 -0.14309716213307042 -0.14309716213307042 -0.14309716213307042 -0.14309716213307042 -0.14309716213307042 -0.14309716213307042 -0.14309716213307042 -0.14309716213307042 -0.14309716213307042 -0.14309716213307042 -0.14309716213307042 -0.14309716213307042 -0.14309716213307042 -0.14309716213307042 -0.14309716213307042 -0.14309716213307042 -0.14309716213307042 -0.09244232792471796 -0.09244232792471796 -0.09244232792471796 -0.09244232792471796 -0.09244232792471796 -0.09244232792471796 -0.09244232792471796 -0.10861209523036916 -0.08188623039719899
-0.14309716213307042 -0.14309716213307042 -0.14309716213307042 -0.14309716213307042 -0.14309716213307042 -0.14309716213307042 -0.14309716213307042 -0.14309716213307042 -0.14309716213307042 -0.14309716213307042 -0.14309716213307042 -0.14309716213307042 -0.14309716213307042 -0.14309716213307042 -0.14309716213307042 -0.14309716213307042 -0.14309716213307042 -0.14309716213307042 -0.14309716213307042 -0.14309716213307042 -0.14309716213307042 -0.14309716213307042 -0.14309716213307042 -0.14309716213307042 -0.14309716213307042 -0.14309716213307042 -0.14309716213307042 -0.14309716213307042 -0.14309716213307042 -0.14309716213307042 -0.14309716213307042 -0.14309716213307042 -0.14309716213307042 -0.14309716213307042 -0.14309716213307042 -0.14309716213307042 -0.14309716213307042 -0.14309716213307042 -0.14309716213307042 -0.14309716213307042 -0.14309716213307042 -0.14309716213307042 -0.14309716213307042 -0.14309716213307042 -0.14309716213307042 -0.14309716213307042 -0.14309716213307042 -0.14309716213307042 -0.14309716213307042 -0.14309716213307042 -0.14309716213307042 -0.14309716213307042 -0.14309716213307042 -0.14309716213307042 -0.14309716213307042 -0.14309716213307042 -0.14309716213307042 -0.14309716213307042 -0.14309716213307042 -0.14309716213307042 -0.14309716213307042 -0.14309716213307042 -0.14309716213307042 -0.14309716213307042 -0.14309716213307042 -0.14309716213307042 -0.14309716213307042 -0.14309716213307042 -0.14309716213307042 -0.14309716213307042 -0.14309716213307042 -0.14309716213307042 -0.14309716213307042 -0.14309716213307042 -0.14309716213307042 -0.14309716213307042 -0.14309716213307042 -0.14309716213307042 -0.14309716213307042 -0.14309716213307042 -0.14309716213307042 -0.14309716213307042 -0.14309716213307042 -0.14309716213307042 -0.14309716213307042 -0.14309716213307042 -0.14309716213307042 -0.14309716213307042 -0.14309716213307042 -0.14309716213307042 -0.14309716213307042 -0.14309716213307042 -0.14309716213307042 -0.14309716213307042 -0.14309716213307042 -0.14309716213307042 -0.14309716213307042 -0.14309716213307042 -0.14309716213307042 -0.09244232792471796 -0.09244232792471796 -0.09244232792471796 -0.09244232792471796 -0.09244232792471796 -0.09244232792471796 -0.09244232792471796 -0.10861209523036916 -0.08188623039719899
-0.1704541647297793 -0.1704541647297793 -0.1704541647297793 -0.1704541647297793 -0.1704541647297793 -0.1704541647297793 -0.1704541647297793 -0.1704541647297793 -0.1704541647297793 -0.1704541647297793 -0.1704541647297793 -0.1704541647297793 -0.1704541647297793 -0.1704541647297793 -0.1704541647297793 -0.1704541647297793 -0.1704541647297793 -0.1704541647297793 -0.1704541647297793 -0.1704541647297793 -0.1704541647297793 -0.1704541647297793 -0.1704541647297793 -0.1704541647297793 -0.1704541647297793 -0.1704541647297793 -0.1704541647297793 -0.1704541647297793 -0.1704541647297793 -0.1704541647297793 -0.1704541647297793 -0.1704541647297793 -0.1704541647297793 -0.1704541647297793 -0.1704541647297793 -0.1704541647297793 -0.1704541647297793 -0.1704541647297793 -0.1704541647297793 -0.1704541647297793 -0.1704541647297793 -0.1704541647297793 -0.1704541647297793 -0.1704541647297793 -0.1704541647297793 -0.1704541647297793 -0.1704541647297793 -0.1704541647297793 -0.1704541647297793 -0.1704541647297793 -0.1704541647297793 -0.1704541647297793 -0.1704541647297793 -0.1704541647297793 -0.1704541647297793 -0.1704541647297793 -0.1704541647297793 -0.1704541647297793 -0.1704541647297793 -0.1704541647297793 -0.1704541647297793 -0.1704541647297793 -0.1704541647297793 -0.1704541647297793 -0.1704541647297793 -0.1704541647297793 -0.1704541647297793 -0.1704541647297793 -0.1704541647297793 -0.1704541647297793 -0.1704541647297793 -0.1704541647297793 -0.1704541647297793 -0.1704541647297793 -0.1704541647297793 -0.1704541647297793 -0.1704541647297793 -0.1704541647297793 -0.1704541647297793 -0.1704541647297793 -0.1704541647297793 -0.1704541647297793 -0.1704541647297793 -0.1704541647297793 -0.1704541647297793 -0.1704541647297793 -0.1704541647297793 -0.1704541647297793 -0.1704541647297793 -0.1704541647297793 -0.1704541647297793 -0.1704541647297793 -0.1704541647297793 -0.1704541647297793 -0.1704541647297793 -0.1704541647297793 -0.1704541647297793 -0.17220077718696933 -0.14309716213307042 -0.09244232792471796 -0.09244232792471796 -0.09244232792471796 -0.09244232792471796 -0.09244232792471796 -0.09244232792471796 -0.09244232792471796 -0.10861209523036916 -0.08188623039719899
-0.08188623039719899 -0.08188623039719899 -0.08188623039719899 -0.08188623039719899 -0.08188623039719899 -0.08188623039719899 -0.08188623039719899 -0.08188623039719899 -0.08188623039719899 -0.08188623039719899 -0.08188623039719899 -0.08188623039719899 -0.08188623039719899 -0.08188623039719899 -0.08188623039719899 -0.08188623039719899 -0.08188623039719899 -0.08188623039719899 -0.08188623039719899 -0.08188623039719899 -0.08188623039719899 -0.08188623039719899 -0.08188623039719899 -0.08188623039719899 -0.08188623039719899 -0.08188623039719899 -0.08188623039719899 -0.08188623039719899 -0.08188623039719899 -0.08188623039719899 -0.08188623039719899 -0.08188623039719899 -0.08188623039719899 -0.08188623039719899 -0.08188623039719899 -0.08188623039719899 -0.08188623039719899 -0.08188623039719899 -0.08188623039719899 -0.08188623039719899 -0.08188623039719899 -0.08188623039719899 -0.08188623039719899 -0.08188623039719899 -0.08188623039719899 -0.08188623039719899 -0.08188623039719899 -0.08188623039719899 -0.08188623039719899 -0.08188623039719899 -0.08188623039719899 -0.08188623039719899 -0.08188623039719899 -0.08188623039719899 -0.08188623039719899 -0.08188623039719899 -0.08188623039719899 -0.08188623039719899 -0.08188623039719899 -0.08188623039719899 -0.08188623039719899 -0.08188623039719899 -0.08188623039719899 -0.08188623039719899 -0.08188623039719899 -0.08188623039719899 -0.08188623039719899 -0.08188623039719899 -0.08188623039719899 -0.08188623039719899 -0.08188623039719899 -0.08188623039719899 -0.08188623039719899 -0.08188623039719899 -0.08188623039719899 -0.08188623039719899 -0.08188623039719899 -0.08188623039719899 -0.08188623039719899 -0.08188623039719899 -0.08188623039719899 -0.08188623039719899 -0.08188623039719899 -0.08188623039719899 -0.08188623039719899 -0.08188623039719899 -0.08188623039719899 -0.08188623039719899 -0.08188623039719899 -0.08188623039719899 -0.08188623039719899 -0.08188623039719899 -0.08188623039719899 -0.08188623039719899 -0.08188623039719899 -0.08188623039719899 -0.08188623039719899 -0.08188623039719899 -0.08188623039719899 -0.08188623039719899 -0.08188623039719899 -0.08188623039719899 -0.08188623039719899 -0.08188623039719899 -0.08188623039719899 -0.08188623039719899 -0.08188623039719899 -0.08188623039719899
-0.08188623039719899 -0.08188623039719899 -0.08188623039719899 -0.08188623039719899 -0.08188623039719899 -0.08188623039719899 -0.08188623039719899 -0.08188623039719899 -0.08188623039719899 -0.08188623039719899 -0.08188623039719899 -0.08188623039719899 -0.08188623039719899 -0.08188623039719899 -0.08188623039719899 -0.08188623039719899 -0.08188623039719899 -0.08188623039719899 -0.08188623039719899 -0.08188623039719899 -0.08188623039719899 -0.08188623039719899 -0.08188623039719899 -0.08188623039719899 -0.08188623039719899 -0.08188623039719899 -0.08188623039719899 -0.08188623039719899 -0.08188623039719899 -0.08188623039719899 -0.08188623039719899 -0.08188623039719899 -0.08188623039719899 -0.08188623039719899 -0.08188623039719899 -0.08188623039719899 -0.08188623039719899 -0.08188623039719899 -0.08188623039719899 -0.08188623039719899 -0.08188623039719899 -0.08188623039719899 -0.08188623039719899 -0.08188623039719899 -0.08188623039719899 -0.08188623039719899 -0.08188623039719899 -0.08188623039719899 -0.08188623039719899 -0.08188623039719899 -0.08188623039719899 -0.08188623039719899 -0.08188623039719899 -0.08188623039719899 -0.08188623039719899 -0.08188623039719899 -0.08188623039719899 -0.08188623039719899 -0.08188623039719899 -0.08188623039719899 -0.08188623039719899 -0.08188623039719899 -0.08188623039719899 -0.08188623039719899 -0.08188623039719899 -0.08188623039719899 -0.08188623039719899 -0.08188623039719899 -0.08188623039719899 -0.08188623039719899 -0.08188623039719899 -0.08188623039719899 -0.08188623039719899 -0.08188623039719899 -0.08188623039719899 -0.08188623039719899 -0.08188623039719899 -0.08188623039719899 -0.08188623039719899 -0.08188623039719899 -0.08188623039719899 -0.08188623039719899 -0.08188623039719899 -0.08188623039719899 -0.08188623039719899 -0.08188623039719899 -0.08188623039719899 -0.08188623039719899 -0.08188623039719899 -0.08188623039719899 -0.08188623039719899 -0.08188623039719899 -0.08188623039719899 -0.08188623039719899 -0.08188623039719899 -0.08188623039719899 -0.08188623039719899 -0.08188623039719899 -0.08188623039719899 -0.08188623039719899 -0.08188623039719899 -0.08188623039719899 -0.08188623039719899 -0.08188623039719899 -0.08188623039719899 -0.08188623039719899 -0.08188623039719899 -0.08188623039719899
-0.08188623039719899 -0.08188623039719899 -0.08188623039719899 -0.08188623039719899 -0.08188623039719899 -0.08188623039719899 -0.08188623039719899 -0.08188623039719899 -0.08188623039719899 -0.08188623039719899 -0.08188623039719899 -0.08188623039719899 -0.08188623039719899 -0.08188623039719899 -0.08188623039719899 -0.08188623039719899 -0.08188623039719899 -0.08188623039719899 -0.08188623039719899 -0.08188623039719899 -0.08188623039719899 -0.08188623039719899 -0.08188623039719899 -0.08188623039719899 -0.08188623039719899 -0.08188623039719899 -0.08188623039719899 -0.08188623039719899 -0.08188623039719899 -0.08188623039719899 -0.08188623039719899 -0.08188623039719899 -0.08188623039719899 -0.08188623039719899 -0.08188623039719899 -0.08188623039719899 -0.08188623039719899 -0.08188623039719899 -0.08188623039719899 -0.08188623039719899 -0.08188623039719899 -0.08188623039719899 -0.08188623039719899 -0.08188623039719899 -0.08188623039719899 -0.08188623039719899 -0.08188623039719899 -0.08188623039719899 -0.08188623039719899 -0.08188623039719899 -0.08188623039719899 -0.08188623039719899 -0.08188623039719899 -0.08188623039719899 -0.08188623039719899 -0.08188623039719899 -0.08188623039719899 -0.08188623039719899 -0.08188623039719899 -0.08188623039719899 -0.08188623039719899 -0.08188623039719899 -0.08188623039719899 -0.08188623039719899 -0.08188623039719899 -0.08188623039719899 -0.08188623039719899 -0.08188623039719899 -0.08188623039719899 -0.08188623039719899 -0.08188623039719899 -0.08188623039719899 -0.08188623039719899 -0.08188623039719899 -0.08188623039719899 -0.08188623039719899 -0.08188623039719899 -0.08188623039719899 -0.08188623039719899 -0.08188623039719899 -0.08188623039719899 -0.08188623039719899 -0.08188623039719899 -0.08188623039719899 -0.08188623039719899 -0.08188623039719899 -0.08188623039719899 -0.08188623039719899 -0.08188623039719899 -0.08188623039719899 -0.08188623039719899 -0.08188623039719899 -0.08188623039719899 -0.08188623039719899 -0.08188623039719899 -0.08188623039719899 -0.08188623039719899 -0.08188623039719899 -0.08188623039719899 -0.08188623039719899 -0.08188623039719899 -0.08188623039719899 -0.08188623039719899 -0.08188623039719899 -0.08188623039719899 -0.08188623039719899 -0.08188623039719899 -0.08188623039719899
-0.1365611094416481 -0.1365611094416481 -0.1365611094416481 -0.1365611094416481 -0.1365611094416481 -0.1365611094416481 -0.1365611094416481 -0.1365611094416481 -0.1365611094416481 -0.1365611094416481 -0.1365611094416481 -0.1365611094416481 -0.1365611094416481 -0.1365611094416481 -0.1365611094416481 -0.1365611094416481 -0.1365611094416481 -0.1365611094416481 -0.1365611094416481 -0.1365611094416481 -0.1365611094416481 -0.1365611094416481 -0.1365611094416481 -0.1365611094416481 -0.1365611094416481 -0.1365611094416481 -0.1365611094416481 -0.1365611094416481 -0.1365611094416481 -0.1365611094416481 -0.1365611094416481 -0.1365611094416481 -0.1365611094416481 -0.1365611094416481 -0.1365611094416481 -0.1365611094416481 -0.1365611094416481 -0.1365611094416481 -0.1365611094416481 -0.1365611094416481 -0.1365611094416481 -0.1365611094416481 -0.1365611094416481 -0.1365611094416481 -0.1365611094416481 -0.1365611094416481 -0.1365611094416481 -0.1365611094416481 -0.1365611094416481 -0.1365611094416481 -0.1365611094416481 -0.1365611094416481 -0.1365611094416481 -0.1365611094416481 -0.1365611094416481 -0.1365611094416481 -0.1365611094416481 -0.1365611094416481 -0.1365611094416481 -0.1365611094416481 -0.1365611094416481 -0.1365611094416481 -0.1365611094416481 -0.1365611094416481 -0.1365611094416481 -0.1365611094416481 -0.1365611094416481 -0.1365611094416481 -0.1365611094416481 -0.1365611094416481 -0.1365611094416481 -0.1365611094416481 -0.1365611094416481 -0.1365611094416481 -0.1365611094416481 -0.1365611094416481 -0.1365611094416481 -0.1365611094416481 -0.1365611094416481 -0.1365611094416481 -0.1365611094416481 -0.1365611094416481 -0.1365611094416481 -0.1365611094416481 -0.1365611094416481 -0.1365611094416481 -0.1365611094416481 -0.1365611094416481 -0.1365611094416481 -0.1365611094416481 -0.1365611094416481 -0.1365611094416481 -0.1365611094416481 -0.1365611094416481 -0.1365611094416481 -0.1365611094416481 -0.1365611094416481 -0.1365611094416481 -0.1365611094416481 -0.09244232792471796 -0.09244232792471796 -0.09244232792471796 -0.09244232792471796 -0.09244232792471796 -0.09244232792471796 -0.09244232792471796 -0.10861209523036916 -0.08188623039719899
-0.08188623039719899 -0.08188623039719899 -0.08188623039719899 -0.08188623039719899 -0.08188623039719899 -0.08188623039719899 -0.08188623039719899 -0.08188623039719899 -0.08188623039719899 -0.08188623039719899 -0.08188623039719899 -0.08188623039719899 -0.08188623039719899 -0.08188623039719899 -0.08188623039719899 -0.08188623039719899 -0.08188623039719899 -0.08188623039719899 -0.08188623039719899 -0.08188623039719899 -0.08188623039719899 -0.08188623039719899 -0.08188623039719899 -0.08188623039719899 -0.08188623039719899 -0.08188623039719899 -0.08188623039719899 -0.08188623039719899 -0.08188623039719899 -0.08188623039719899 -0.08188623039719899 -0.08188623039719899 -0.08188623039719899 -0.08188623039719899 -0.08188623039719899 -0.08188623039719899 -0.08188623039719899 -0.08188623039719899 -0.08188623039719899 -0.08188623039719899 -0.08188623039719899 -0.08188623039719899 -0.08188623039719899 -0.08188623039719899 -0.08188623039719899 -0.08188623039719899 -0.08188623039719899 -0.08188623039719899 -0.08188623039719899 -0.08188623039719899 -0.08188623039719899 -0.08188623039719899 -0.08188623039719899 -0.08188623039719899 -0.08188623039719899 -0.08188623039719899 -0.08188623039719899 -0.08188623039719899 -0.08188623039719899 -0.08188623039719899 -0.08188623039719899 -0.08188623039719899 -0.08188623039719899 -0.08188623039719899 -0.08188623039719899 -0.08188623039719899 -0.08188623039719899 -0.08188623039719899 -0.08188623039719899 -0.08188623039719899 -0.08188623039719899 -0.08188623039719899 -0.08188623039719899 -0.08188623039719899 -0.08188623039719899 -0.08188623039719899 -0.08188623039719899 -0.08188623039719899 -0.08188623039719899 -0.08188623039719899 -0.08188623039719899 -0.08188623039719899 -0.08188623039719899 -0.08188623039719899 -0.08188623039719899 -0.08188623039719899 -0.08188623039719899 -0.08188623039719899 -0.08188623039719899 -0.08188623039719899 -0.08188623039719899 -0.08188623039719899 -0.08188623039719899 -0.08188623039719899 -0.08188623039719899 -0.08188623039719899 -0.08188623039719899 -0.08188623039719899 -0.08188623039719899 -0.08188623039719899 -0.08188623039719899 -0.08188623039719899 -0.08188623039719899 -0.08188623039719899 -0.08188623039719899 -0.08188623039719899 -0.08188623039719899 -0.08188623039719899
-0.0631685080330513 -0.0631685080330513 -0.0631685080330513 -0.0631685080330513 -0.0631685080330513 -0.0631685080330513 -0.0631685080330513 -0.0631685080330513 -0.0631685080330513 -0.0631685080330513 -0.0631685080330513 -0.0631685080330513 -0.0631685080330513 -0.0631685080330513 -0.0631685080330513 -0.0631685080330513 -0.0631685080330513 -0.0631685080330513 -0.0631685080330513 -0.0631685080330513 -0.0631685080330513 -0.0631685080330513 -0.0631685080330513 -0.0631685080330513 -0.0631685080330513 -0.0631685080330513 -0.0631685080330513 -0.0631685080330513 -0.0631685080330513 -0.0631685080330513 -0.0631685080330513 -0.0631685080330513 -0.0631685080330513 -0.0631685080330513 -0.0631685080330513 -0.0631685080330513 -0.0631685080330513 -0.0631685080330513 -0.0631685080330513 -0.0631685080330513 -0.0631685080330513 -0.0631685080330513 -0.0631685080330513 -0.0631685080330513 -0.0631685080330513 -0.0631685080330513 -0.0631685080330513 -0.0631685080330513 -0.0631685080330513 -0.0631685080330513 -0.0631685080330513 -0.0631685080330513 -0.0631685080330513 -0.0631685080330513 -0.0631685080330513 -0.0631685080330513 -0.0631685080330513 -0.0631685080330513 -0.0631685080330513 -0.0631685080330513 -0.0631685080330513 -0.0631685080330513 -0.0631685080330513 -0.0631685080330513 -0.0631685080330513 -0.0631685080330513 -0.0631685080330513 -0.0631685080330513 -0.0631685080330513 -0.0631685080330513 -0.0631685080330513 -0.0631685080330513 -0.0631685080330513 -0.0631685080330513 -0.0631685080330513 -0.0631685080330513 -0.0631685080330513 -0.0631685080330513 -0.0631685080330513 -0.0631685080330513 -0.0631685080330513 -0.0631685080330513 -0.0631685080330513 -0.0631685080330513 -0.0631685080330513 -0.0631685080330513 -0.0631685080330513 -0.0631685080330513 -0.0631685080330513 -0.0631685080330513 -0.0631685080330513 -0.0631685080330513 -0.0631685080330513 -0.0631685080330513 -0.0631685080330513 -0.0631685080330513 -0.0631685080330513 -0.0631685080330513 -0.0631685080330513 -0.0631685080330513 -0.0631685080330513 -0.0631685080330513 -0.0631685080330513 -0.0631685080330513 -0.0631685080330513 -0.0631685080330513 -0.0631685080330513 -0.0631685080330513