-0.37385994087224644 -0.454576821843476 -0.486980876771462 -0.46398030032787513 -0.34525241177079746 -0.46398030032787513 -0.37385994087224644 -0.34525241177079746 -0.486980876771462 -0.37385994087224644 -0.18780923769946778 -0.6981646186750332 -0.37385994087224644 -0.37385994087224644 -0.4020420752477847 -0.37385994087224644 -0.34525241177079746 -0.34525241177079746 -0.34525241177079746 -0.34525241177079746 -0.37385994087224644 -0.37385994087224644 -0.46398030032787513 -0.46398030032787513 -0.34525241177079746 -0.34525241177079746 -0.37385994087224644 -0.4020420752477847 -0.4020420752477847 -0.46398030032787513 -0.30293822109356205 -0.37385994087224644 -0.4020420752477847 -0.4680658271123611 -0.3610202327382055 -0.3610202327382055 -0.3509736080192047 -0.37385994087224644 -0.37385994087224644 -0.4020420752477847 -0.22317121506957385 -0.22317121506957385 -0.22630341182371366 -0.22630341182371366 -0.22317121506957385 -0.22630341182371366 -0.34525241177079746 -0.34525241177079746 -0.30293822109356205 -0.22317121506957385 -0.18780923769946778 -0.18780923769946778 -0.22630341182371366 -0.34525241177079746 -0.18780923769946778 -0.22630341182371366 -0.36260553050481303 -0.30293822109356205 -0.2900315329299479 -0.3261205711559552 -0.22317121506957385 -0.22630341182371366 -0.2990369680908323 -0.2990369680908323 -0.2990369680908323 -0.30015209337902654 -0.28263066283144306 -0.28263066283144306 -0.2832310968969723 -0.2510129404658595 -0.2537526703201183 -0.24659748381816948 -0.24607646176938686 -0.20945343779655382 -0.23964894205554246 -0.13929596235882102 -0.1913684417400766 -0.13929596235882102 -0.16196334120412 -0.13929596235882102 -0.13539984258135088 -0.13616106267817707 -0.13368674091098706 -0.131099050735774 -0.12922719457274306 -0.10183010042626754 -0.10116452724823892 -0.10096304308373494 -0.09955626004847055 -0.03478238421278174
-0.09955626004847055 -0.09955626004847055 -0.09955626004847055 -0.09955626004847055 -0.09955626004847055 -0.09955626004847055 -0.09955626004847055 -0.09955626004847055 -0.09955626004847055 -0.09955626004847055 -0.09955626004847055 -0.09955626004847055 -0.09955626004847055 -0.09955626004847055 -0.09955626004847055 -0.09955626004847055 -0.09955626004847055 -0.09955626004847055 -0.09955626004847055 -0.09955626004847055 -0.09955626004847055 -0.09955626004847055 -0.09955626004847055 -0.09955626004847055 -0.09955626004847055 -0.09955626004847055 -0.09955626004847055 -0.09955626004847055 -0.09955626004847055 -0.09955626004847055 -0.09955626004847055 -0.09955626004847055 -0.09955626004847055 -0.09955626004847055 -0.09955626004847055 -0.09955626004847055 -0.09955626004847055 -0.09955626004847055 -0.09955626004847055 -0.09955626004847055 -0.09955626004847055 -0.09955626004847055 -0.09955626004847055 -0.09955626004847055 -0.09955626004847055 -0.09955626004847055 -0.09955626004847055 -0.09955626004847055 -0.09955626004847055 -0.09955626004847055 -0.09955626004847055 -0.09955626004847055 -0.09955626004847055 -0.09955626004847055 -0.09955626004847055 -0.09955626004847055 -0.09955626004847055 -0.09955626004847055 -0.09955626004847055 -0.09955626004847055 -0.09955626004847055 -0.09955626004847055 -0.09955626004847055 -0.09955626004847055 -0.09955626004847055 -0.09955626004847055 -0.09955626004847055 -0.09955626004847055 -0.09955626004847055 -0.09955626004847055 -0.09955626004847055 -0.09955626004847055 -0.09955626004847055 -0.09955626004847055 -0.09955626004847055 -0.09955626004847055 -0.09955626004847055 -0.09955626004847055 -0.09955626004847055 -0.09955626004847055 -0.09955626004847055 -0.09955626004847055 -0.09955626004847055 -0.09955626004847055 -0.09955626004847055 -0.09955626004847055 -0.09955626004847055 -0.09955626004847055 -0.09955626004847055 -0.03478238421278174
-0.4299661655480128 -0.37385994087224644 -0.37385994087224644 -0.37385994087224644 -0.34525241177079746 -0.37385994087224644 -0.4299661655480128 -0.34525241177079746 -0.37385994087224644 -0.4299661655480128 -0.18780923769946778 -0.37385994087224644 -0.4299661655480128 -0.4299661655480128 -0.37385994087224644 -0.4299661655480128 -0.34525241177079746 -0.34525241177079746 -0.34525241177079746 -0.34525241177079746 -0.4299661655480128 -0.4299661655480128 -0.37385994087224644 -0.37385994087224644 -0.34525241177079746 -0.34525241177079746 -0.4299661655480128 -0.37385994087224644 -0.37385994087224644 -0.37385994087224644 -0.30293822109356205 -0.4299661655480128 -0.37385994087224644 -0.37385994087224644 -0.3610202327382055 -0.3610202327382055 -0.3509736080192047 -0.4299661655480128 -0.4299661655480128 -0.37385994087224644 -0.22317121506957385 -0.22317121506957385 -0.22630341182371366 -0.22630341182371366 -0.22317121506957385 -0.22630341182371366 -0.34525241177079746 -0.34525241177079746 -0.30293822109356205 -0.22317121506957385 -0.18780923769946778 -0.18780923769946778 -0.22630341182371366 -0.34525241177079746 -0.18780923769946778 -0.22630341182371366 -0.36260553050481303 -0.30293822109356205 -0.2900315329299479 -0.3261205711559552 -0.22317121506957385 -0.22630341182371366 -0.2990369680908323 -0.2990369680908323 -0.2990369680908323 -0.30015209337902654 -0.28263066283144306 -0.28263066283144306 -0.2832310968969723 -0.2510129404658595 -0.2537526703201183 -0.24659748381816948 -0.24607646176938686 -0.20945343779655382 -0.23964894205554246 -0.13929596235882102 -0.1913684417400766 -0.13929596235882102 -0.16196334120412 -0.13929596235882102 -0.13539984258135088 -0.13616106267817707 -0.13368674091098706 -0.131099050735774 -0.12922719457274306 -0.10183010042626754 -0.10116452724823892 -0.10096304308373494 -0.09955626004847055 -0.03478238421278174
-0.4299661655480128 -0.37385994087224644 -0.37385994087224644 -0.37385994087224644 -0.34525241177079746 -0.37385994087224644 -0.4299661655480128 -0.34525241177079746 -0.37385994087224644 -0.4299661655480128 -0.18780923769946778 -0.37385994087224644 -0.4299661655480128 -0.4299661655480128 -0.37385994087224644 -0.4299661655480128 -0.34525241177079746 -0.34525241177079746 -0.34525241177079746 -0.34525241177079746 -0.4299661655480128 -0.4299661655480128 -0.37385994087224644 -0.37385994087224644 -0.34525241177079746 -0.34525241177079746 -0.4299661655480128 -0.37385994087224644 -0.37385994087224644 -0.37385994087224644 -0.30293822109356205 -0.4299661655480128 -0.37385994087224644 -0.37385994087224644 -0.3610202327382055 -0.3610202327382055 -0.3509736080192047 -0.4299661655480128 -0.4299661655480128 -0.37385994087224644 -0.22317121506957385 -0.22317121506957385 -0.22630341182371366 -0.22630341182371366 -0.22317121506957385 -0.22630341182371366 -0.34525241177079746 -0.34525241177079746 -0.30293822109356205 -0.22317121506957385 -0.18780923769946778 -0.18780923769946778 -0.22630341182371366 -0.34525241177079746 -0.18780923769946778 -0.22630341182371366 -0.36260553050481303 -0.30293822109356205 -0.2900315329299479 -0.3261205711559552 -0.22317121506957385 -0.22630341182371366 -0.2990369680908323 -0.2990369680908323 -0.2990369680908323 -0.30015209337902654 -0.28263066283144306 -0.28263066283144306 -0.2832310968969723 -0.2510129404658595 -0.2537526703201183 -0.24659748381816948 -0.24607646176938686 -0.20945343779655382 -0.23964894205554246 -0.13929596235882102 -0.1913684417400766 -0.13929596235882102 -0.16196334120412 -0.13929596235882102 -0.13539984258135088 -0.13616106267817707 -0.13368674091098706 -0.131099050735774 -0.12922719457274306 -0.10183010042626754 -0.10116452724823892 -0.10096304308373494 -0.09955626004847055 -0.03478238421278174
-0.4299661655480128 -0.37385994087224644 -0.37385994087224644 -0.37385994087224644 -0.34525241177079746 -0.37385994087224644 -0.4299661655480128 -0.34525241177079746 -0.37385994087224644 -0.4299661655480128 -0.18780923769946778 -0.37385994087224644 -0.4299661655480128 -0.4299661655480128 -0.37385994087224644 -0.4299661655480128 -0.34525241177079746 -0.34525241177079746 -0.34525241177079746 -0.34525241177079746 -0.4299661655480128 -0.4299661655480128 -0.37385994087224644 -0.37385994087224644 -0.34525241177079746 -0.34525241177079746 -0.4299661655480128 -0.37385994087224644 -0.37385994087224644 -0.37385994087224644 -0.30293822109356205 -0.4299661655480128 -0.37385994087224644 -0.37385994087224644 -0.3610202327382055 -0.3610202327382055 -0.3509736080192047 -0.4299661655480128 -0.4299661655480128 -0.37385994087224644 -0.22317121506957385 -0.22317121506957385 -0.22630341182371366 -0.22630341182371366 -0.22317121506957385 -0.22630341182371366 -0.34525241177079746 -0.34525241177079746 -0.30293822109356205 -0.22317121506957385 -0.18780923769946778 -0.18780923769946778 -0.22630341182371366 -0.34525241177079746 -0.18780923769946778 -0.22630341182371366 -0.36260553050481303 -0.30293822109356205 -0.2900315329299479 -0.3261205711559552 -0.22317121506957385 -0.22630341182371366 -0.2990369680908323 -0.2990369680908323 -0.2990369680908323 -0.30015209337902654 -0.28263066283144306 -0.28263066283144306 -0.2832310968969723 -0.2510129404658595 -0.2537526703201183 -0.24659748381816948 -0.24607646176938686 -0.20945343779655382 -0.23964894205554246 -0.13929596235882102 -0.1913684417400766 -0.13929596235882102 -0.16196334120412 -0.13929596235882102 -0.13539984258135088 -0.13616106267817707 -0.13368674091098706 -0.131099050735774 -0.12922719457274306 -0.10183010042626754 -0.10116452724823892 -0.10096304308373494 -0.09955626004847055 -0.03478238421278174
-0.37385994087224644 -0.37385994087224644 -0.37385994087224644 -0.37385994087224644 -0.34525241177079746 -0.37385994087224644 -0.37385994087224644 -0.34525241177079746 -0.37385994087224644 -0.37385994087224644 -0.18780923769946778 -0.37385994087224644 -0.37385994087224644 -0.37385994087224644 -0.37385994087224644 -0.37385994087224644 -0.34525241177079746 -0.34525241177079746 -0.34525241177079746 -0.34525241177079746 -0.37385994087224644 -0.37385994087224644 -0.37385994087224644 -0.37385994087224644 -0.34525241177079746 -0.34525241177079746 -0.37385994087224644 -0.37385994087224644 -0.37385994087224644 -0.37385994087224644 -0.30293822109356205 -0.37385994087224644 -0.37385994087224644 -0.37385994087224644 -0.3610202327382055 -0.3610202327382055 -0.3509736080192047 -0.37385994087224644 -0.37385994087224644 -0.37385994087224644 -0.22317121506957385 -0.22317121506957385 -0.22630341182371366 -0.22630341182371366 -0.22317121506957385 -0.22630341182371366 -0.34525241177079746 -0.34525241177079746 -0.30293822109356205 -0.22317121506957385 -0.18780923769946778 -0.18780923769946778 -0.22630341182371366 -0.34525241177079746 -0.18780923769946778 -0.22630341182371366 -0.36260553050481303 -0.30293822109356205 -0.2900315329299479 -0.3261205711559552 -0.22317121506957385 -0.22630341182371366 -0.2990369680908323 -0.2990369680908323 -0.2990369680908323 -0.30015209337902654 -0.28263066283144306 -0.28263066283144306 -0.2832310968969723 -0.2510129404658595 -0.2537526703201183 -0.24659748381816948 -0.24607646176938686 -0.20945343779655382 -0.23964894205554246 -0.13929596235882102 -0.1913684417400766 -0.13929596235882102 -0.16196334120412 -0.13929596235882102 -0.13539984258135088 -0.13616106267817707 -0.13368674091098706 -0.131099050735774 -0.12922719457274306 -0.10183010042626754 -0.10116452724823892 -0.10096304308373494 -0.09955626004847055 -0.03478238421278174
-0.09955626004847055 -0.09955626004847055 -0.09955626004847055 -0.09955626004847055 -0.09955626004847055 -0.09955626004847055 -0.09955626004847055 -0.09955626004847055 -0.09955626004847055 -0.09955626004847055 -0.09955626004847055 -0.09955626004847055 -0.09955626004847055 -0.09955626004847055 -0.09955626004847055 -0.09955626004847055 -0.09955626004847055 -0.09955626004847055 -0.09955626004847055 -0.09955626004847055 -0.09955626004847055 -0.09955626004847055 -0.09955626004847055 -0.09955626004847055 -0.09955626004847055 -0.09955626004847055 -0.09955626004847055 -0.09955626004847055 -0.09955626004847055 -0.09955626004847055 -0.09955626004847055 -0.09955626004847055 -0.09955626004847055 -0.09955626004847055 -0.09955626004847055 -0.09955626004847055 -0.09955626004847055 -0.09955626004847055 -0.09955626004847055 -0.09955626004847055 -0.09955626004847055 -0.09955626004847055 -0.09955626004847055 -0.09955626004847055 -0.09955626004847055 -0.09955626004847055 -0.09955626004847055 -0.09955626004847055 -0.09955626004847055 -0.09955626004847055 -0.09955626004847055 -0.09955626004847055 -0.09955626004847055 -0.09955626004847055 -0.09955626004847055 -0.09955626004847055 -0.09955626004847055 -0.09955626004847055 -0.09955626004847055 -0.09955626004847055 -0.09955626004847055 -0.09955626004847055 -0.09955626004847055 -0.09955626004847055 -0.09955626004847055 -0.09955626004847055 -0.09955626004847055 -0.09955626004847055 -0.09955626004847055 -0.09955626004847055 -0.09955626004847055 -0.09955626004847055 -0.09955626004847055 -0.09955626004847055 -0.09955626004847055 -0.09955626004847055 -0.09955626004847055 -0.09955626004847055 -0.09955626004847055 -0.09955626004847055 -0.09955626004847055 -0.09955626004847055 -0.09955626004847055 -0.09955626004847055 -0.09955626004847055 -0.09955626004847055 -0.09955626004847055 -0.09955626004847055 -0.09955626004847055 -0.03478238421278174
-0.09955626004847055 -0.09955626004847055 -0.09955626004847055 -0.09955626004847055 -0.09955626004847055 -0.09955626004847055 -0.09955626004847055 -0.09955626004847055 -0.09955626004847055 -0.09955626004847055 -0.09955626004847055 -0.09955626004847055 -0.09955626004847055 -0.09955626004847055 -0.09955626004847055 -0.09955626004847055 -0.09955626004847055 -0.09955626004847055 -0.09955626004847055 -0.09955626004847055 -0.09955626004847055 -0.09955626004847055 -0.09955626004847055 -0.09955626004847055 -0.09955626004847055 -0.09955626004847055 -0.09955626004847055 -0.09955626004847055 -0.09955626004847055 -0.09955626004847055 -0.09955626004847055 -0.09955626004847055 -0.09955626004847055 -0.09955626004847055 -0.09955626004847055 -0.09955626004847055 -0.09955626004847055 -0.09955626004847055 -0.09955626004847055 -0.09955626004847055 -0.09955626004847055 -0.09955626004847055 -0.09955626004847055 -0.09955626004847055 -0.09955626004847055 -0.09955626004847055 -0.09955626004847055 -0.09955626004847055 -0.09955626004847055 -0.09955626004847055 -0.09955626004847055 -0.09955626004847055 -0.09955626004847055 -0.09955626004847055 -0.09955626004847055 -0.09955626004847055 -0.09955626004847055 -0.09955626004847055 -0.09955626004847055 -0.09955626004847055 -0.09955626004847055 -0.09955626004847055 -0.09955626004847055 -0.09955626004847055 -0.09955626004847055 -0.09955626004847055 -0.09955626004847055 -0.09955626004847055 -0.09955626004847055 -0.09955626004847055 -0.09955626004847055 -0.09955626004847055 -0.09955626004847055 -0.09955626004847055 -0.09955626004847055 -0.09955626004847055 -0.09955626004847055 -0.09955626004847055 -0.09955626004847055 -0.09955626004847055 -0.09955626004847055 -0.09955626004847055 -0.09955626004847055 -0.09955626004847055 -0.09955626004847055 -0.09955626004847055 -0.09955626004847055 -0.09955626004847055 -0.09955626004847055 -0.03478238421278174
-0.30015209337902654 -0.30015209337902654 -0.30015209337902654 -0.30015209337902654 -0.30015209337902654 -0.30015209337902654 -0.30015209337902654 -0.30015209337902654 -0.30015209337902654 -0.30015209337902654 -0.18780923769946778 -0.30015209337902654 -0.30015209337902654 -0.30015209337902654 -0.30015209337902654 -0.30015209337902654 -0.30015209337902654 -0.30015209337902654 -0.30015209337902654 -0.30015209337902654 -0.30015209337902654 -0.30015209337902654 -0.30015209337902654 -0.30015209337902654 -0.30015209337902654 -0.30015209337902654 -0.30015209337902654 -0.30015209337902654 -0.30015209337902654 -0.30015209337902654 -0.30015209337902654 -0.30015209337902654 -0.30015209337902654 -0.30015209337902654 -0.30015209337902654 -0.30015209337902654 -0.30015209337902654 -0.30015209337902654 -0.30015209337902654 -0.30015209337902654 -0.22317121506957385 -0.22317121506957385 -0.22630341182371366 -0.22630341182371366 -0.22317121506957385 -0.22630341182371366 -0.30015209337902654 -0.30015209337902654 -0.30015209337902654 -0.22317121506957385 -0.18780923769946778 -0.18780923769946778 -0.22630341182371366 -0.30015209337902654 -0.18780923769946778 -0.22630341182371366 -0.30015209337902654 -0.30015209337902654 -0.2900315329299479 -0.30015209337902654 -0.22317121506957385 -0.22630341182371366 -0.2990369680908323 -0.2990369680908323 -0.2990369680908323 -0.30889381364195195 -0.28263066283144306 -0.28263066283144306 -0.2832310968969723 -0.2510129404658595 -0.2537526703201183 -0.24659748381816948 -0.24607646176938686 -0.20945343779655382 -0.23964894205554246 -0.13929596235882102 -0.1913684417400766 -0.13929596235882102 -0.16196334120412 -0.13929596235882102 -0.13539984258135088 -0.13616106267817707 -0.13368674091098706 -0.131099050735774 -0.12922719457274306 -0.10183010042626754 -0.10116452724823892 -0.10096304308373494 -0.09955626004847055 -0.03478238421278174
-0.30015209337902654 -0.30015209337902654 -0.30015209337902654 -0.30015209337902654 -0.30015209337902654 -0.30015209337902654 -0.30015209337902654 -0.30015209337902654 -0.30015209337902654 -0.30015209337902654 -0.18780923769946778 -0.30015209337902654 -0.30015209337902654 -0.30015209337902654 -0.30015209337902654 -0.30015209337902654 -0.30015209337902654 -0.30015209337902654 -0.30015209337902654 -0.30015209337902654 -0.30015209337902654 -0.30015209337902654 -0.30015209337902654 -0.30015209337902654 -0.30015209337902654 -0.30015209337902654 -0.30015209337902654 -0.30015209337902654 -0.30015209337902654 -0.30015209337902654 -0.30015209337902654 -0.30015209337902654 -0.30015209337902654 -0.30015209337902654 -0.30015209337902654 -0.30015209337902654 -0.30015209337902654 -0.30015209337902654 -0.30015209337902654 -0.30015209337902654 -0.22317121506957385 -0.22317121506957385 -0.22630341182371366 -0.22630341182371366 -0.22317121506957385 -0.22630341182371366 -0.30015209337902654 -0.30015209337902654 -0.30015209337902654 -0.22317121506957385 -0.18780923769946778 -0.18780923769946778 -0.22630341182371366 -0.30015209337902654 -0.18780923769946778 -0.22630341182371366 -0.30015209337902654 -0.30015209337902654 -0.2900315329299479 -0.30015209337902654 -0.22317121506957385 -0.22630341182371366 -0.2990369680908323 -0.2990369680908323 -0.2990369680908323 -0.30889381364195195 -0.28263066283144306 -0.28263066283144306 -0.2832310968969723 -0.2510129404658595 -0.2537526703201183 -0.24659748381816948 -0.24607646176938686 -0.20945343779655382 -0.23964894205554246 -0.13929596235882102 -0.1913684417400766 -0.13929596235882102 -0.16196334120412 -0.13929596235882102 -0.13539984258135088 -0.13616106267817707 -0.13368674091098706 -0.131099050735774 -0.12922719457274306 -0.10183010042626754 -0.10116452724823892 -0.10096304308373494 -0.09955626004847055 -0.03478238421278174
-0.6629460901870915 -0.37385994087224644 -0.37385994087224644 -0.37385994087224644 -0.34525241177079746 -0.37385994087224644 -0.6629460901870915 -0.34525241177079746 -0.37385994087224644 -0.6629460901870915 -0.18780923769946778 -0.37385994087224644 -0.6916486666798048 -0.6418589159112119 -0.37385994087224644 -0.630562400691348 -0.34525241177079746 -0.34525241177079746 -0.34525241177079746 -0.34525241177079746 -0.6325834393056886 -0.6237458688515313 -0.37385994087224644 -0.37385994087224644 -0.34525241177079746 -0.34525241177079746 -0.5778665932761301 -0.37385994087224644 -0.37385994087224644 -0.37385994087224644 -0.30293822109356205 -0.47745301983212995 -0.37385994087224644 -0.37385994087224644 -0.3610202327382055 -0.3610202327382055 -0.3509736080192047 -0.4299661655480128 -0.43419648204301475 -0.37385994087224644 -0.22317121506957385 -0.22317121506957385 -0.22630341182371366 -0.22630341182371366 -0.22317121506957385 -0.22630341182371366 -0.34525241177079746 -0.34525241177079746 -0.30293822109356205 -0.22317121506957385 -0.18780923769946778 -0.18780923769946778 -0.22630341182371366 -0.34525241177079746 -0.18780923769946778 -0.22630341182371366 -0.36260553050481303 -0.30293822109356205 -0.2900315329299479 -0.3261205711559552 -0.22317121506957385 -0.22630341182371366 -0.2990369680908323 -0.2990369680908323 -0.2990369680908323 -0.30015209337902654 -0.28263066283144306 -0.28263066283144306 -0.2832310968969723 -0.2510129404658595 -0.2537526703201183 -0.24659748381816948 -0.24607646176938686 -0.20945343779655382 -0.23964894205554246 -0.13929596235882102 -0.1913684417400766 -0.13929596235882102 -0.16196334120412 -0.13929596235882102 -0.13539984258135088 -0.13616106267817707 -0.13368674091098706 -0.131099050735774 -0.12922719457274306 -0.10183010042626754 -0.10116452724823892 -0.10096304308373494 -0.09955626004847055 -0.03478238421278174
-0.6418589159112119 -0.37385994087224644 -0.37385994087224644 -0.37385994087224644 -0.34525241177079746 -0.37385994087224644 -0.6418589159112119 -0.34525241177079746 -0.37385994087224644 -0.6418589159112119 -0.18780923769946778 -0.37385994087224644 -0.6418589159112119 -0.6418589159112119 -0.37385994087224644 -0.630562400691348 -0.34525241177079746 -0.34525241177079746 -0.34525241177079746 -0.34525241177079746 -0.6325834393056886 -0.6237458688515313 -0.37385994087224644 -0.37385994087224644 -0.34525241177079746 -0.34525241177079746 -0.5778665932761301 -0.37385994087224644 -0.37385994087224644 -0.37385994087224644 -0.30293822109356205 -0.47745301983212995 -0.37385994087224644 -0.37385994087224644 -0.3610202327382055 -0.3610202327382055 -0.3509736080192047 -0.4299661655480128 -0.43419648204301475 -0.37385994087224644 -0.22317121506957385 -0.22317121506957385 -0.22630341182371366 -0.22630341182371366 -0.22317121506957385 -0.22630341182371366 -0.34525241177079746 -0.34525241177079746 -0.30293822109356205 -0.22317121506957385 -0.18780923769946778 -0.18780923769946778 -0.22630341182371366 -0.34525241177079746 -0.18780923769946778 -0.22630341182371366 -0.36260553050481303 -0.30293822109356205 -0.2900315329299479 -0.3261205711559552 -0.22317121506957385 -0.22630341182371366 -0.2990369680908323 -0.2990369680908323 -0.2990369680908323 -0.30015209337902654 -0.28263066283144306 -0.28263066283144306 -0.2832310968969723 -0.2510129404658595 -0.2537526703201183 -0.24659748381816948 -0.24607646176938686 -0.20945343779655382 -0.23964894205554246 -0.13929596235882102 -0.1913684417400766 -0.13929596235882102 -0.16196334120412 -0.13929596235882102 -0.13539984258135088 -0.13616106267817707 -0.13368674091098706 -0.131099050735774 -0.12922719457274306 -0.10183010042626754 -0.10116452724823892 -0.10096304308373494 -0.09955626004847055 -0.03478238421278174
-0.6629460901870915 -0.37385994087224644 -0.37385994087224644 -0.37385994087224644 -0.34525241177079746 -0.37385994087224644 -0.6629460901870915 -0.34525241177079746 -0.37385994087224644 -0.6629460901870915 -0.18780923769946778 -0.37385994087224644 -0.6704106082160063 -0.6418589159112119 -0.37385994087224644 -0.630562400691348 -0.34525241177079746 -0.34525241177079746 -0.34525241177079746 -0.34525241177079746 -0.6325834393056886 -0.6237458688515313 -0.37385994087224644 -0.37385994087224644 -0.34525241177079746 -0.34525241177079746 -0.5778665932761301 -0.37385994087224644 -0.37385994087224644 -0.37385994087224644 -0.30293822109356205 -0.47745301983212995 -0.37385994087224644 -0.37385994087224644 -0.3610202327382055 -0.3610202327382055 -0.3509736080192047 -0.4299661655480128 -0.43419648204301475 -0.37385994087224644 -0.22317121506957385 -0.22317121506957385 -0.22630341182371366 -0.22630341182371366 -0.22317121506957385 -0.22630341182371366 -0.34525241177079746 -0.34525241177079746 -0.30293822109356205 -0.22317121506957385 -0.18780923769946778 -0.18780923769946778 -0.22630341182371366 -0.34525241177079746 -0.18780923769946778 -0.22630341182371366 -0.36260553050481303 -0.30293822109356205 -0.2900315329299479 -0.3261205711559552 -0.22317121506957385 -0.22630341182371366 -0.2990369680908323 -0.2990369680908323 -0.2990369680908323 -0.30015209337902654 -0.28263066283144306 -0.28263066283144306 -0.2832310968969723 -0.2510129404658595 -0.2537526703201183 -0.24659748381816948 -0.24607646176938686 -0.20945343779655382 -0.23964894205554246 -0.13929596235882102 -0.1913684417400766 -0.13929596235882102 -0.16196334120412 -0.13929596235882102 -0.13539984258135088 -0.13616106267817707 -0.13368674091098706 -0.131099050735774 -0.12922719457274306 -0.10183010042626754 -0.10116452724823892 -0.10096304308373494 -0.09955626004847055 -0.03478238421278174
-0.37385994087224644 -0.454576821843476 -0.454576821843476 -0.454576821843476 -0.34525241177079746 -0.454576821843476 -0.37385994087224644 -0.34525241177079746 -0.454576821843476 -0.37385994087224644 -0.18780923769946778 -0.454576821843476 -0.37385994087224644 -0.37385994087224644 -0.4020420752477847 -0.37385994087224644 -0.34525241177079746 -0.34525241177079746 -0.34525241177079746 -0.34525241177079746 -0.37385994087224644 -0.37385994087224644 -0.454576821843476 -0.454576821843476 -0.34525241177079746 -0.34525241177079746 -0.37385994087224644 -0.4020420752477847 -0.4020420752477847 -0.454576821843476 -0.30293822109356205 -0.37385994087224644 -0.4020420752477847 -0.454576821843476 -0.3610202327382055 -0.3610202327382055 -0.3509736080192047 -0.37385994087224644 -0.37385994087224644 -0.4020420752477847 -0.22317121506957385 -0.22317121506957385 -0.22630341182371366 -0.22630341182371366 -0.22317121506957385 -0.22630341182371366 -0.34525241177079746 -0.34525241177079746 -0.30293822109356205 -0.22317121506957385 -0.18780923769946778 -0.18780923769946778 -0.22630341182371366 -0.34525241177079746 -0.18780923769946778 -0.22630341182371366 -0.36260553050481303 -0.30293822109356205 -0.2900315329299479 -0.3261205711559552 -0.22317121506957385 -0.22630341182371366 -0.2990369680908323 -0.2990369680908323 -0.2990369680908323 -0.30015209337902654 -0.28263066283144306 -0.28263066283144306 -0.2832310968969723 -0.2510129404658595 -0.2537526703201183 -0.24659748381816948 -0.24607646176938686 -0.20945343779655382 -0.23964894205554246 -0.13929596235882102 -0.1913684417400766 -0.13929596235882102 -0.16196334120412 -0.13929596235882102 -0.13539984258135088 -0.13616106267817707 -0.13368674091098706 -0.131099050735774 -0.12922719457274306 -0.10183010042626754 -0.10116452724823892 -0.10096304308373494 -0.09955626004847055 -0.03478238421278174
-0.37385994087224644 -0.37385994087224644 -0.37385994087224644 -0.37385994087224644 -0.34525241177079746 -0.37385994087224644 -0.37385994087224644 -0.34525241177079746 -0.37385994087224644 -0.37385994087224644 -0.18780923769946778 -0.37385994087224644 -0.37385994087224644 -0.37385994087224644 -0.37385994087224644 -0.37385994087224644 -0.34525241177079746 -0.34525241177079746 -0.34525241177079746 -0.34525241177079746 -0.37385994087224644 -0.37385994087224644 -0.37385994087224644 -0.37385994087224644 -0.34525241177079746 -0.34525241177079746 -0.37385994087224644 -0.37385994087224644 -0.37385994087224644 -0.37385994087224644 -0.30293822109356205 -0.37385994087224644 -0.37385994087224644 -0.37385994087224644 -0.3610202327382055 -0.3610202327382055 -0.3509736080192047 -0.37385994087224644 -0.37385994087224644 -0.37385994087224644 -0.22317121506957385 -0.22317121506957385 -0.22630341182371366 -0.22630341182371366 -0.22317121506957385 -0.22630341182371366 -0.34525241177079746 -0.34525241177079746 -0.30293822109356205 -0.22317121506957385 -0.18780923769946778 -0.18780923769946778 -0.22630341182371366 -0.34525241177079746 -0.18780923769946778 -0.22630341182371366 -0.36260553050481303 -0.30293822109356205 -0.2900315329299479 -0.3261205711559552 -0.22317121506957385 -0.22630341182371366 -0.2990369680908323 -0.2990369680908323 -0.2990369680908323 -0.30015209337902654 -0.28263066283144306 -0.28263066283144306 -0.2832310968969723 -0.2510129404658595 -0.2537526703201183 -0.24659748381816948 -0.24607646176938686 -0.20945343779655382 -0.23964894205554246 -0.13929596235882102 -0.1913684417400766 -0.13929596235882102 -0.16196334120412 -0.13929596235882102 -0.13539984258135088 -0.13616106267817707 -0.13368674091098706 -0.131099050735774 -0.12922719457274306 -0.10183010042626754 -0.10116452724823892 -0.10096304308373494 -0.09955626004847055 -0.03478238421278174
-0.6237458688515313 -0.37385994087224644 -0.37385994087224644 -0.37385994087224644 -0.34525241177079746 -0.37385994087224644 -0.6237458688515313 -0.34525241177079746 -0.37385994087224644 -0.6237458688515313 -0.18780923769946778 -0.37385994087224644 -0.6237458688515313 -0.6237458688515313 -0.37385994087224644 -0.6237458688515313 -0.34525241177079746 -0.34525241177079746 -0.34525241177079746 -0.34525241177079746 -0.6237458688515313 -0.6237458688515313 -0.37385994087224644 -0.37385994087224644 -0.34525241177079746 -0.34525241177079746 -0.5778665932761301 -0.37385994087224644 -0.37385994087224644 -0.37385994087224644 -0.30293822109356205 -0.47745301983212995 -0.37385994087224644 -0.37385994087224644 -0.3610202327382055 -0.3610202327382055 -0.3509736080192047 -0.4299661655480128 -0.43419648204301475 -0.37385994087224644 -0.22317121506957385 -0.22317121506957385 -0.22630341182371366 -0.22630341182371366 -0.22317121506957385 -0.22630341182371366 -0.34525241177079746 -0.34525241177079746 -0.30293822109356205 -0.22317121506957385 -0.18780923769946778 -0.18780923769946778 -0.22630341182371366 -0.34525241177079746 -0.18780923769946778 -0.22630341182371366 -0.36260553050481303 -0.30293822109356205 -0.2900315329299479 -0.3261205711559552 -0.22317121506957385 -0.22630341182371366 -0.2990369680908323 -0.2990369680908323 -0.2990369680908323 -0.30015209337902654 -0.28263066283144306 -0.28263066283144306 -0.2832310968969723 -0.2510129404658595 -0.2537526703201183 -0.24659748381816948 -0.24607646176938686 -0.20945343779655382 -0.23964894205554246 -0.13929596235882102 -0.1913684417400766 -0.13929596235882102 -0.16196334120412 -0.13929596235882102 -0.13539984258135088 -0.13616106267817707 -0.13368674091098706 -0.131099050735774 -0.12922719457274306 -0.10183010042626754 -0.10116452724823892 -0.10096304308373494 -0.09955626004847055 -0.03478238421278174
-0.22317121506957385 -0.22317121506957385 -0.22317121506957385 -0.22317121506957385 -0.22317121506957385 -0.22317121506957385 -0.22317121506957385 -0.22317121506957385 -0.22317121506957385 -0.22317121506957385 -0.18780923769946778 -0.22317121506957385 -0.22317121506957385 -0.22317121506957385 -0.22317121506957385 -0.22317121506957385 -0.22317121506957385 -0.22317121506957385 -0.22317121506957385 -0.22317121506957385 -0.22317121506957385 -0.22317121506957385 -0.22317121506957385 -0.22317121506957385 -0.22317121506957385 -0.22317121506957385 -0.22317121506957385 -0.22317121506957385 -0.22317121506957385 -0.22317121506957385 -0.22317121506957385 -0.22317121506957385 -0.22317121506957385 -0.22317121506957385 -0.22317121506957385 -0.22317121506957385 -0.22317121506957385 -0.22317121506957385 -0.22317121506957385 -0.22317121506957385 -0.22317121506957385 -0.22317121506957385 -0.22317121506957385 -0.22317121506957385 -0.22317121506957385 -0.22317121506957385 -0.22317121506957385 -0.22317121506957385 -0.22317121506957385 -0.22317121506957385 -0.18780923769946778 -0.18780923769946778 -0.22317121506957385 -0.22317121506957385 -0.18780923769946778 -0.22317121506957385 -0.22317121506957385 -0.22317121506957385 -0.22317121506957385 -0.22317121506957385 -0.22317121506957385 -0.22317121506957385 -0.22317121506957385 -0.22317121506957385 -0.22317121506957385 -0.22317121506957385 -0.22317121506957385 -0.22317121506957385 -0.22317121506957385 -0.22317121506957385 -0.22317121506957385 -0.22317121506957385 -0.22317121506957385 -0.20945343779655382 -0.22317121506957385 -0.13929596235882102 -0.1913684417400766 -0.13929596235882102 -0.16196334120412 -0.13929596235882102 -0.13539984258135088 -0.13616106267817707 -0.13368674091098706 -0.131099050735774 -0.12922719457274306 -0.10183010042626754 -0.10116452724823892 -0.10096304308373494 -0.09955626004847055 -0.03478238421278174
-0.22317121506957385 -0.22317121506957385 -0.22317121506957385 -0.22317121506957385 -0.22317121506957385 -0.22317121506957385 -0.22317121506957385 -0.22317121506957385 -0.22317121506957385 -0.22317121506957385 -0.18780923769946778 -0.22317121506957385 -0.22317121506957385 -0.22317121506957385 -0.22317121506957385 -0.22317121506957385 -0.22317121506957385 -0.22317121506957385 -0.22317121506957385 -0.22317121506957385 -0.22317121506957385 -0.22317121506957385 -0.22317121506957385 -0.22317121506957385 -0.22317121506957385 -0.22317121506957385 -0.22317121506957385 -0.22317121506957385 -0.22317121506957385 -0.22317121506957385 -0.22317121506957385 -0.22317121506957385 -0.22317121506957385 -0.22317121506957385 -0.22317121506957385 -0.22317121506957385 -0.22317121506957385 -0.22317121506957385 -0.22317121506957385 -0.22317121506957385 -0.22317121506957385 -0.22317121506957385 -0.22317121506957385 -0.22317121506957385 -0.22317121506957385 -0.22317121506957385 -0.22317121506957385 -0.22317121506957385 -0.22317121506957385 -0.22317121506957385 -0.18780923769946778 -0.18780923769946778 -0.22317121506957385 -0.22317121506957385 -0.18780923769946778 -0.22317121506957385 -0.22317121506957385 -0.22317121506957385 -0.22317121506957385 -0.22317121506957385 -0.22317121506957385 -0.22317121506957385 -0.22317121506957385 -0.22317121506957385 -0.22317121506957385 -0.22317121506957385 -0.22317121506957385 -0.22317121506957385 -0.22317121506957385 -0.22317121506957385 -0.22317121506957385 -0.22317121506957385 -0.22317121506957385 -0.20945343779655382 -0.22317121506957385 -0.13929596235882102 -0.1913684417400766 -0.13929596235882102 -0.16196334120412 -0.13929596235882102 -0.13539984258135088 -0.13616106267817707 -0.13368674091098706 -0.131099050735774 -0.12922719457274306 -0.10183010042626754 -0.10116452724823892 -0.10096304308373494 -0.09955626004847055 -0.03478238421278174
-0.28263066283144306 -0.28263066283144306 -0.28263066283144306 -0.28263066283144306 -0.28263066283144306 -0.28263066283144306 -0.28263066283144306 -0.28263066283144306 -0.28263066283144306 -0.28263066283144306 -0.18780923769946778 -0.28263066283144306 -0.28263066283144306 -0.28263066283144306 -0.28263066283144306 -0.28263066283144306 -0.28263066283144306 -0.28263066283144306 -0.28263066283144306 -0.28263066283144306 -0.28263066283144306 -0.28263066283144306 -0.28263066283144306 -0.28263066283144306 -0.28263066283144306 -0.28263066283144306 -0.28263066283144306 -0.28263066283144306 -0.28263066283144306 -0.28263066283144306 -0.28263066283144306 -0.28263066283144306 -0.28263066283144306 -0.28263066283144306 -0.28263066283144306 -0.28263066283144306 -0.28263066283144306 -0.28263066283144306 -0.28263066283144306 -0.28263066283144306 -0.22317121506957385 -0.22317121506957385 -0.22630341182371366 -0.22630341182371366 -0.22317121506957385 -0.22630341182371366 -0.28263066283144306 -0.28263066283144306 -0.28263066283144306 -0.22317121506957385 -0.18780923769946778 -0.18780923769946778 -0.22630341182371366 -0.28263066283144306 -0.18780923769946778 -0.22630341182371366 -0.28263066283144306 -0.28263066283144306 -0.28263066283144306 -0.28263066283144306 -0.22317121506957385 -0.22630341182371366 -0.28263066283144306 -0.28263066283144306 -0.28263066283144306 -0.28263066283144306 -0.28263066283144306 -0.28263066283144306 -0.28263066283144306 -0.2510129404658595 -0.2537526703201183 -0.24659748381816948 -0.24607646176938686 -0.20945343779655382 -0.23964894205554246 -0.13929596235882102 -0.1913684417400766 -0.13929596235882102 -0.16196334120412 -0.13929596235882102 -0.13539984258135088 -0.13616106267817707 -0.13368674091098706 -0.131099050735774 -0.12922719457274306 -0.10183010042626754 -0.10116452724823892 -0.10096304308373494 -0.09955626004847055 -0.03478238421278174
-0.37385994087224644 -0.454576821843476 -0.454576821843476 -0.454576821843476 -0.34525241177079746 -0.454576821843476 -0.37385994087224644 -0.34525241177079746 -0.454576821843476 -0.37385994087224644 -0.18780923769946778 -0.454576821843476 -0.37385994087224644 -0.37385994087224644 -0.4020420752477847 -0.37385994087224644 -0.34525241177079746 -0.34525241177079746 -0.34525241177079746 -0.34525241177079746 -0.37385994087224644 -0.37385994087224644 -0.454576821843476 -0.454576821843476 -0.34525241177079746 -0.34525241177079746 -0.37385994087224644 -0.4020420752477847 -0.4020420752477847 -0.454576821843476 -0.30293822109356205 -0.37385994087224644 -0.4020420752477847 -0.454576821843476 -0.3610202327382055 -0.3610202327382055 -0.3509736080192047 -0.37385994087224644 -0.37385994087224644 -0.4020420752477847 -0.22317121506957385 -0.22317121506957385 -0.22630341182371366 -0.22630341182371366 -0.22317121506957385 -0.22630341182371366 -0.34525241177079746 -0.34525241177079746 -0.30293822109356205 -0.22317121506957385 -0.18780923769946778 -0.18780923769946778 -0.22630341182371366 -0.34525241177079746 -0.18780923769946778 -0.22630341182371366 -0.36260553050481303 -0.30293822109356205 -0.2900315329299479 -0.3261205711559552 -0.22317121506957385 -0.22630341182371366 -0.2990369680908323 -0.2990369680908323 -0.2990369680908323 -0.30015209337902654 -0.28263066283144306 -0.28263066283144306 -0.2832310968969723 -0.2510129404658595 -0.2537526703201183 -0.24659748381816948 -0.24607646176938686 -0.20945343779655382 -0.23964894205554246 -0.13929596235882102 -0.1913684417400766 -0.13929596235882102 -0.16196334120412 -0.13929596235882102 -0.13539984258135088 -0.13616106267817707 -0.13368674091098706 -0.131099050735774 -0.12922719457274306 -0.10183010042626754 -0.10116452724823892 -0.10096304308373494 -0.09955626004847055 -0.03478238421278174
-0.20945343779655382 -0.20945343779655382 -0.20945343779655382 -0.20945343779655382 -0.20945343779655382 -0.20945343779655382 -0.20945343779655382 -0.20945343779655382 -0.20945343779655382 -0.20945343779655382 -0.18780923769946778 -0.20945343779655382 -0.20945343779655382 -0.20945343779655382 -0.20945343779655382 -0.20945343779655382 -0.20945343779655382 -0.20945343779655382 -0.20945343779655382 -0.20945343779655382 -0.20945343779655382 -0.20945343779655382 -0.20945343779655382 -0.20945343779655382 -0.20945343779655382 -0.20945343779655382 -0.20945343779655382 -0.20945343779655382 -0.20945343779655382 -0.20945343779655382 -0.20945343779655382 -0.20945343779655382 -0.20945343779655382 -0.20945343779655382 -0.20945343779655382 -0.20945343779655382 -0.20945343779655382 -0.20945343779655382 -0.20945343779655382 -0.20945343779655382 -0.20945343779655382 -0.20945343779655382 -0.20945343779655382 -0.20945343779655382 -0.20945343779655382 -0.20945343779655382 -0.20945343779655382 -0.20945343779655382 -0.20945343779655382 -0.20945343779655382 -0.18780923769946778 -0.18780923769946778 -0.20945343779655382 -0.20945343779655382 -0.18780923769946778 -0.20945343779655382 -0.20945343779655382 -0.20945343779655382 -0.20945343779655382 -0.20945343779655382 -0.20945343779655382 -0.20945343779655382 -0.20945343779655382 -0.20945343779655382 -0.20945343779655382 -0.20945343779655382 -0.20945343779655382 -0.20945343779655382 -0.20945343779655382 -0.20945343779655382 -0.20945343779655382 -0.20945343779655382 -0.20945343779655382 -0.20945343779655382 -0.20945343779655382 -0.13929596235882102 -0.1913684417400766 -0.13929596235882102 -0.16196334120412 -0.13929596235882102 -0.13539984258135088 -0.13616106267817707 -0.13368674091098706 -0.131099050735774 -0.12922719457274306 -0.10183010042626754 -0.10116452724823892 -0.10096304308373494 -0.09955626004847055 -0.03478238421278174
-0.4299661655480128 -0.37385994087224644 -0.37385994087224644 -0.37385994087224644 -0.34525241177079746 -0.37385994087224644 -0.4299661655480128 -0.34525241177079746 -0.37385994087224644 -0.4299661655480128 -0.18780923769946778 -0.37385994087224644 -0.4299661655480128 -0.4299661655480128 -0.37385994087224644 -0.4299661655480128 -0.34525241177079746 -0.34525241177079746 -0.34525241177079746 -0.34525241177079746 -0.4299661655480128 -0.4299661655480128 -0.37385994087224644 -0.37385994087224644 -0.34525241177079746 -0.34525241177079746 -0.4299661655480128 -0.37385994087224644 -0.37385994087224644 -0.37385994087224644 -0.30293822109356205 -0.4299661655480128 -0.37385994087224644 -0.37385994087224644 -0.3610202327382055 -0.3610202327382055 -0.3509736080192047 -0.4299661655480128 -0.4299661655480128 -0.37385994087224644 -0.22317121506957385 -0.22317121506957385 -0.22630341182371366 -0.22630341182371366 -0.22317121506957385 -0.22630341182371366 -0.34525241177079746 -0.34525241177079746 -0.30293822109356205 -0.22317121506957385 -0.18780923769946778 -0.18780923769946778 -0.22630341182371366 -0.34525241177079746 -0.18780923769946778 -0.22630341182371366 -0.36260553050481303 -0.30293822109356205 -0.2900315329299479 -0.3261205711559552 -0.22317121506957385 -0.22630341182371366 -0.2990369680908323 -0.2990369680908323 -0.2990369680908323 -0.30015209337902654 -0.28263066283144306 -0.28263066283144306 -0.2832310968969723 -0.2510129404658595 -0.2537526703201183 -0.24659748381816948 -0.24607646176938686 -0.20945343779655382 -0.23964894205554246 -0.13929596235882102 -0.1913684417400766 -0.13929596235882102 -0.16196334120412 -0.13929596235882102 -0.13539984258135088 -0.13616106267817707 -0.13368674091098706 -0.131099050735774 -0.12922719457274306 -0.10183010042626754 -0.10116452724823892 -0.10096304308373494 -0.09955626004847055 -0.03478238421278174
-0.20945343779655382 -0.20945343779655382 -0.20945343779655382 -0.20945343779655382 -0.20945343779655382 -0.20945343779655382 -0.20945343779655382 -0.20945343779655382 -0.20945343779655382 -0.20945343779655382 -0.18780923769946778 -0.20945343779655382 -0.20945343779655382 -0.20945343779655382 -0.20945343779655382 -0.20945343779655382 -0.20945343779655382 -0.20945343779655382 -0.20945343779655382 -0.20945343779655382 -0.20945343779655382 -0.20945343779655382 -0.20945343779655382 -0.20945343779655382 -0.20945343779655382 -0.20945343779655382 -0.20945343779655382 -0.20945343779655382 -0.20945343779655382 -0.20945343779655382 -0.20945343779655382 -0.20945343779655382 -0.20945343779655382 -0.20945343779655382 -0.20945343779655382 -0.20945343779655382 -0.20945343779655382 -0.20945343779655382 -0.20945343779655382 -0.20945343779655382 -0.20945343779655382 -0.20945343779655382 -0.20945343779655382 -0.20945343779655382 -0.20945343779655382 -0.20945343779655382 -0.20945343779655382 -0.20945343779655382 -0.20945343779655382 -0.20945343779655382 -0.18780923769946778 -0.18780923769946778 -0.20945343779655382 -0.20945343779655382 -0.18780923769946778 -0.20945343779655382 -0.20945343779655382 -0.20945343779655382 -0.20945343779655382 -0.20945343779655382 -0.20945343779655382 -0.20945343779655382 -0.20945343779655382 -0.20945343779655382 -0.20945343779655382 -0.20945343779655382 -0.20945343779655382 -0.20945343779655382 -0.20945343779655382 -0.20945343779655382 -0.20945343779655382 -0.20945343779655382 -0.20945343779655382 -0.20945343779655382 -0.20945343779655382 -0.13929596235882102 -0.1913684417400766 -0.13929596235882102 -0.16196334120412 -0.13929596235882102 -0.13539984258135088 -0.13616106267817707 -0.13368674091098706 -0.131099050735774 -0.12922719457274306 -0.10183010042626754 -0.10116452724823892 -0.10096304308373494 -0.09955626004847055 -0.03478238421278174
-0.20945343779655382 -0.20945343779655382 -0.20945343779655382 -0.20945343779655382 -0.20945343779655382 -0.20945343779655382 -0.20945343779655382 -0.20945343779655382 -0.20945343779655382 -0.20945343779655382 -0.18780923769946778 -0.20945343779655382 -0.20945343779655382 -0.20945343779655382 -0.20945343779655382 -0.20945343779655382 -0.20945343779655382 -0.20945343779655382 -0.20945343779655382 -0.20945343779655382 -0.20945343779655382 -0.20945343779655382 -0.20945343779655382 -0.20945343779655382 -0.20945343779655382 -0.20945343779655382 -0.20945343779655382 -0.20945343779655382 -0.20945343779655382 -0.20945343779655382 -0.20945343779655382 -0.20945343779655382 -0.20945343779655382 -0.20945343779655382 -0.20945343779655382 -0.20945343779655382 -0.20945343779655382 -0.20945343779655382 -0.20945343779655382 -0.20945343779655382 -0.20945343779655382 -0.20945343779655382 -0.20945343779655382 -0.20945343779655382 -0.20945343779655382 -0.20945343779655382 -0.20945343779655382 -0.20945343779655382 -0.20945343779655382 -0.20945343779655382 -0.18780923769946778 -0.18780923769946778 -0.20945343779655382 -0.20945343779655382 -0.18780923769946778 -0.20945343779655382 -0.20945343779655382 -0.20945343779655382 -0.20945343779655382 -0.20945343779655382 -0.20945343779655382 -0.20945343779655382 -0.20945343779655382 -0.20945343779655382 -0.20945343779655382 -0.20945343779655382 -0.20945343779655382 -0.20945343779655382 -0.20945343779655382 -0.20945343779655382 -0.20945343779655382 -0.20945343779655382 -0.20945343779655382 -0.20945343779655382 -0.20945343779655382 -0.13929596235882102 -0.1913684417400766 -0.13929596235882102 -0.16196334120412 -0.13929596235882102 -0.13539984258135088 -0.13616106267817707 -0.13368674091098706 -0.131099050735774 -0.12922719457274306 -0.10183010042626754 -0.10116452724823892 -0.10096304308373494 -0.09955626004847055 -0.03478238421278174
-0.18780923769946778 -0.18780923769946778 -0.18780923769946778 -0.18780923769946778 -0.18780923769946778 -0.18780923769946778 -0.18780923769946778 -0.18780923769946778 -0.18780923769946778 -0.18780923769946778 -0.18780923769946778 -0.18780923769946778 -0.18780923769946778 -0.18780923769946778 -0.18780923769946778 -0.18780923769946778 -0.18780923769946778 -0.18780923769946778 -0.18780923769946778 -0.18780923769946778 -0.18780923769946778 -0.18780923769946778 -0.18780923769946778 -0.18780923769946778 -0.18780923769946778 -0.18780923769946778 -0.18780923769946778 -0.18780923769946778 -0.18780923769946778 -0.18780923769946778 -0.18780923769946778 -0.18780923769946778 -0.18780923769946778 -0.18780923769946778 -0.18780923769946778 -0.18780923769946778 -0.18780923769946778 -0.18780923769946778 -0.18780923769946778 -0.18780923769946778 -0.18780923769946778 -0.18780923769946778 -0.18780923769946778 -0.18780923769946778 -0.18780923769946778 -0.18780923769946778 -0.18780923769946778 -0.18780923769946778 -0.18780923769946778 -0.18780923769946778 -0.18780923769946778 -0.18780923769946778 -0.18780923769946778 -0.18780923769946778 -0.18780923769946778 -0.18780923769946778 -0.18780923769946778 -0.18780923769946778 -0.18780923769946778 -0.18780923769946778 -0.18780923769946778 -0.18780923769946778 -0.18780923769946778 -0.18780923769946778 -0.18780923769946778 -0.18780923769946778 -0.18780923769946778 -0.18780923769946778 -0.18780923769946778 -0.18780923769946778 -0.18780923769946778 -0.18780923769946778 -0.18780923769946778 -0.18780923769946778 -0.18780923769946778 -0.13929596235882102 -0.18780923769946778 -0.13929596235882102 -0.16196334120412 -0.13929596235882102 -0.13539984258135088 -0.13616106267817707 -0.13368674091098706 -0.131099050735774 -0.12922719457274306 -0.10183010042626754 -0.10116452724823892 -0.10096304308373494 -0.09955626004847055 -0.03478238421278174
-0.37385994087224644 -0.37385994087224644 -0.37385994087224644 -0.37385994087224644 -0.34525241177079746 -0.37385994087224644 -0.37385994087224644 -0.34525241177079746 -0.37385994087224644 -0.37385994087224644 -0.18780923769946778 -0.37385994087224644 -0.37385994087224644 -0.37385994087224644 -0.37385994087224644 -0.37385994087224644 -0.34525241177079746 -0.34525241177079746 -0.34525241177079746 -0.34525241177079746 -0.37385994087224644 -0.37385994087224644 -0.37385994087224644 -0.37385994087224644 -0.34525241177079746 -0.34525241177079746 -0.37385994087224644 -0.37385994087224644 -0.37385994087224644 -0.37385994087224644 -0.30293822109356205 -0.37385994087224644 -0.37385994087224644 -0.37385994087224644 -0.3610202327382055 -0.3610202327382055 -0.3509736080192047 -0.37385994087224644 -0.37385994087224644 -0.37385994087224644 -0.22317121506957385 -0.22317121506957385 -0.22630341182371366 -0.22630341182371366 -0.22317121506957385 -0.22630341182371366 -0.34525241177079746 -0.34525241177079746 -0.30293822109356205 -0.22317121506957385 -0.18780923769946778 -0.18780923769946778 -0.22630341182371366 -0.34525241177079746 -0.18780923769946778 -0.22630341182371366 -0.36260553050481303 -0.30293822109356205 -0.2900315329299479 -0.3261205711559552 -0.22317121506957385 -0.22630341182371366 -0.2990369680908323 -0.2990369680908323 -0.2990369680908323 -0.30015209337902654 -0.28263066283144306 -0.28263066283144306 -0.2832310968969723 -0.2510129404658595 -0.2537526703201183 -0.24659748381816948 -0.24607646176938686 -0.20945343779655382 -0.23964894205554246 -0.13929596235882102 -0.1913684417400766 -0.13929596235882102 -0.16196334120412 -0.13929596235882102 -0.13539984258135088 -0.13616106267817707 -0.13368674091098706 -0.131099050735774 -0.12922719457274306 -0.10183010042626754 -0.10116452724823892 -0.10096304308373494 -0.09955626004847055 -0.03478238421278174
-0.5778665932761301 -0.37385994087224644 -0.37385994087224644 -0.37385994087224644 -0.34525241177079746 -0.37385994087224644 -0.5778665932761301 -0.34525241177079746 -0.37385994087224644 -0.5778665932761301 -0.18780923769946778 -0.37385994087224644 -0.5778665932761301 -0.5778665932761301 -0.37385994087224644 -0.5778665932761301 -0.34525241177079746 -0.34525241177079746 -0.34525241177079746 -0.34525241177079746 -0.5778665932761301 -0.5778665932761301 -0.37385994087224644 -0.37385994087224644 -0.34525241177079746 -0.34525241177079746 -0.5778665932761301 -0.37385994087224644 -0.37385994087224644 -0.37385994087224644 -0.30293822109356205 -0.47745301983212995 -0.37385994087224644 -0.37385994087224644 -0.3610202327382055 -0.3610202327382055 -0.3509736080192047 -0.4299661655480128 -0.43419648204301475 -0.37385994087224644 -0.22317121506957385 -0.22317121506957385 -0.22630341182371366 -0.22630341182371366 -0.22317121506957385 -0.22630341182371366 -0.34525241177079746 -0.34525241177079746 -0.30293822109356205 -0.22317121506957385 -0.18780923769946778 -0.18780923769946778 -0.22630341182371366 -0.34525241177079746 -0.18780923769946778 -0.22630341182371366 -0.36260553050481303 -0.30293822109356205 -0.2900315329299479 -0.3261205711559552 -0.22317121506957385 -0.22630341182371366 -0.2990369680908323 -0.2990369680908323 -0.2990369680908323 -0.30015209337902654 -0.28263066283144306 -0.28263066283144306 -0.2832310968969723 -0.2510129404658595 -0.2537526703201183 -0.24659748381816948 -0.24607646176938686 -0.20945343779655382 -0.23964894205554246 -0.13929596235882102 -0.1913684417400766 -0.13929596235882102 -0.16196334120412 -0.13929596235882102 -0.13539984258135088 -0.13616106267817707 -0.13368674091098706 -0.131099050735774 -0.12922719457274306 -0.10183010042626754 -0.10116452724823892 -0.10096304308373494 -0.09955626004847055 -0.03478238421278174
-0.617300114118141 -0.37385994087224644 -0.37385994087224644 -0.37385994087224644 -0.34525241177079746 -0.37385994087224644 -0.617300114118141 -0.34525241177079746 -0.37385994087224644 -0.617300114118141 -0.18780923769946778 -0.37385994087224644 -0.617300114118141 -0.617300114118141 -0.37385994087224644 -0.617300114118141 -0.34525241177079746 -0.34525241177079746 -0.34525241177079746 -0.34525241177079746 -0.617300114118141 -0.617300114118141 -0.37385994087224644 -0.37385994087224644 -0.34525241177079746 -0.34525241177079746 -0.5778665932761301 -0.37385994087224644 -0.37385994087224644 -0.37385994087224644 -0.30293822109356205 -0.47745301983212995 -0.37385994087224644 -0.37385994087224644 -0.3610202327382055 -0.3610202327382055 -0.3509736080192047 -0.4299661655480128 -0.43419648204301475 -0.37385994087224644 -0.22317121506957385 -0.22317121506957385 -0.22630341182371366 -0.22630341182371366 -0.22317121506957385 -0.22630341182371366 -0.34525241177079746 -0.34525241177079746 -0.30293822109356205 -0.22317121506957385 -0.18780923769946778 -0.18780923769946778 -0.22630341182371366 -0.34525241177079746 -0.18780923769946778 -0.22630341182371366 -0.36260553050481303 -0.30293822109356205 -0.2900315329299479 -0.3261205711559552 -0.22317121506957385 -0.22630341182371366 -0.2990369680908323 -0.2990369680908323 -0.2990369680908323 -0.30015209337902654 -0.28263066283144306 -0.28263066283144306 -0.2832310968969723 -0.2510129404658595 -0.2537526703201183 -0.24659748381816948 -0.24607646176938686 -0.20945343779655382 -0.23964894205554246 -0.13929596235882102 -0.1913684417400766 -0.13929596235882102 -0.16196334120412 -0.13929596235882102 -0.13539984258135088 -0.13616106267817707 -0.13368674091098706 -0.131099050735774 -0.12922719457274306 -0.10183010042626754 -0.10116452724823892 -0.10096304308373494 -0.09955626004847055 -0.03478238421278174
-0.28263066283144306 -0.28263066283144306 -0.28263066283144306 -0.28263066283144306 -0.28263066283144306 -0.28263066283144306 -0.28263066283144306 -0.28263066283144306 -0.28263066283144306 -0.28263066283144306 -0.18780923769946778 -0.28263066283144306 -0.28263066283144306 -0.28263066283144306 -0.28263066283144306 -0.28263066283144306 -0.28263066283144306 -0.28263066283144306 -0.28263066283144306 -0.28263066283144306 -0.28263066283144306 -0.28263066283144306 -0.28263066283144306 -0.28263066283144306 -0.28263066283144306 -0.28263066283144306 -0.28263066283144306 -0.28263066283144306 -0.28263066283144306 -0.28263066283144306 -0.28263066283144306 -0.28263066283144306 -0.28263066283144306 -0.28263066283144306 -0.28263066283144306 -0.28263066283144306 -0.28263066283144306 -0.28263066283144306 -0.28263066283144306 -0.28263066283144306 -0.22317121506957385 -0.22317121506957385 -0.22630341182371366 -0.22630341182371366 -0.22317121506957385 -0.22630341182371366 -0.28263066283144306 -0.28263066283144306 -0.28263066283144306 -0.22317121506957385 -0.18780923769946778 -0.18780923769946778 -0.22630341182371366 -0.28263066283144306 -0.18780923769946778 -0.22630341182371366 -0.28263066283144306 -0.28263066283144306 -0.28263066283144306 -0.28263066283144306 -0.22317121506957385 -0.22630341182371366 -0.28263066283144306 -0.28263066283144306 -0.28263066283144306 -0.28263066283144306 -0.28263066283144306 -0.28263066283144306 -0.28263066283144306 -0.2510129404658595 -0.2537526703201183 -0.24659748381816948 -0.24607646176938686 -0.20945343779655382 -0.23964894205554246 -0.13929596235882102 -0.1913684417400766 -0.13929596235882102 -0.16196334120412 -0.13929596235882102 -0.13539984258135088 -0.13616106267817707 -0.13368674091098706 -0.131099050735774 -0.12922719457274306 -0.10183010042626754 -0.10116452724823892 -0.10096304308373494 -0.09955626004847055 -0.03478238421278174
-0.20945343779655382 -0.20945343779655382 -0.20945343779655382 -0.20945343779655382 -0.20945343779655382 -0.20945343779655382 -0.20945343779655382 -0.20945343779655382 -0.20945343779655382 -0.20945343779655382 -0.18780923769946778 -0.20945343779655382 -0.20945343779655382 -0.20945343779655382 -0.20945343779655382 -0.20945343779655382 -0.20945343779655382 -0.20945343779655382 -0.20945343779655382 -0.20945343779655382 -0.20945343779655382 -0.20945343779655382 -0.20945343779655382 -0.20945343779655382 -0.20945343779655382 -0.20945343779655382 -0.20945343779655382 -0.20945343779655382 -0.20945343779655382 -0.20945343779655382 -0.20945343779655382 -0.20945343779655382 -0.20945343779655382 -0.20945343779655382 -0.20945343779655382 -0.20945343779655382 -0.20945343779655382 -0.20945343779655382 -0.20945343779655382 -0.20945343779655382 -0.20945343779655382 -0.20945343779655382 -0.20945343779655382 -0.20945343779655382 -0.20945343779655382 -0.20945343779655382 -0.20945343779655382 -0.20945343779655382 -0.20945343779655382 -0.20945343779655382 -0.18780923769946778 -0.18780923769946778 -0.20945343779655382 -0.20945343779655382 -0.18780923769946778 -0.20945343779655382 -0.20945343779655382 -0.20945343779655382 -0.20945343779655382 -0.20945343779655382 -0.20945343779655382 -0.20945343779655382 -0.20945343779655382 -0.20945343779655382 -0.20945343779655382 -0.20945343779655382 -0.20945343779655382 -0.20945343779655382 -0.20945343779655382 -0.20945343779655382 -0.20945343779655382 -0.20945343779655382 -0.20945343779655382 -0.20945343779655382 -0.20945343779655382 -0.13929596235882102 -0.1913684417400766 -0.13929596235882102 -0.16196334120412 -0.13929596235882102 -0.13539984258135088 -0.13616106267817707 -0.13368674091098706 -0.131099050735774 -0.12922719457274306 -0.10183010042626754 -0.10116452724823892 -0.10096304308373494 -0.09955626004847055 -0.03478238421278174
-0.20945343779655382 -0.20945343779655382 -0.20945343779655382 -0.20945343779655382 -0.20945343779655382 -0.20945343779655382 -0.20945343779655382 -0.20945343779655382 -0.20945343779655382 -0.20945343779655382 -0.18780923769946778 -0.20945343779655382 -0.20945343779655382 -0.20945343779655382 -0.20945343779655382 -0.20945343779655382 -0.20945343779655382 -0.20945343779655382 -0.20945343779655382 -0.20945343779655382 -0.20945343779655382 -0.20945343779655382 -0.20945343779655382 -0.20945343779655382 -0.20945343779655382 -0.20945343779655382 -0.20945343779655382 -0.20945343779655382 -0.20945343779655382 -0.20945343779655382 -0.20945343779655382 -0.20945343779655382 -0.20945343779655382 -0.20945343779655382 -0.20945343779655382 -0.20945343779655382 -0.20945343779655382 -0.20945343779655382 -0.20945343779655382 -0.20945343779655382 -0.20945343779655382 -0.20945343779655382 -0.20945343779655382 -0.20945343779655382 -0.20945343779655382 -0.20945343779655382 -0.20945343779655382 -0.20945343779655382 -0.20945343779655382 -0.20945343779655382 -0.18780923769946778 -0.18780923769946778 -0.20945343779655382 -0.20945343779655382 -0.18780923769946778 -0.20945343779655382 -0.20945343779655382 -0.20945343779655382 -0.20945343779655382 -0.20945343779655382 -0.20945343779655382 -0.20945343779655382 -0.20945343779655382 -0.20945343779655382 -0.20945343779655382 -0.20945343779655382 -0.20945343779655382 -0.20945343779655382 -0.20945343779655382 -0.20945343779655382 -0.20945343779655382 -0.20945343779655382 -0.20945343779655382 -0.20945343779655382 -0.20945343779655382 -0.13929596235882102 -0.1913684417400766 -0.13929596235882102 -0.16196334120412 -0.13929596235882102 -0.13539984258135088 -0.13616106267817707 -0.13368674091098706 -0.131099050735774 -0.12922719457274306 -0.10183010042626754 -0.10116452724823892 -0.10096304308373494 -0.09955626004847055 -0.03478238421278174
-0.3610202327382055 -0.3610202327382055 -0.3610202327382055 -0.3610202327382055 -0.34525241177079746 -0.3610202327382055 -0.3610202327382055 -0.34525241177079746 -0.3610202327382055 -0.3610202327382055 -0.18780923769946778 -0.3610202327382055 -0.3610202327382055 -0.3610202327382055 -0.3610202327382055 -0.3610202327382055 -0.34525241177079746 -0.34525241177079746 -0.34525241177079746 -0.34525241177079746 -0.3610202327382055 -0.3610202327382055 -0.3610202327382055 -0.3610202327382055 -0.34525241177079746 -0.34525241177079746 -0.3610202327382055 -0.3610202327382055 -0.3610202327382055 -0.3610202327382055 -0.30293822109356205 -0.3610202327382055 -0.3610202327382055 -0.3610202327382055 -0.3610202327382055 -0.3610202327382055 -0.3509736080192047 -0.3610202327382055 -0.3610202327382055 -0.3610202327382055 -0.22317121506957385 -0.22317121506957385 -0.22630341182371366 -0.22630341182371366 -0.22317121506957385 -0.22630341182371366 -0.34525241177079746 -0.34525241177079746 -0.30293822109356205 -0.22317121506957385 -0.18780923769946778 -0.18780923769946778 -0.22630341182371366 -0.34525241177079746 -0.18780923769946778 -0.22630341182371366 -0.3610202327382055 -0.30293822109356205 -0.2900315329299479 -0.3261205711559552 -0.22317121506957385 -0.22630341182371366 -0.2990369680908323 -0.2990369680908323 -0.2990369680908323 -0.30015209337902654 -0.28263066283144306 -0.28263066283144306 -0.2832310968969723 -0.2510129404658595 -0.2537526703201183 -0.24659748381816948 -0.24607646176938686 -0.20945343779655382 -0.23964894205554246 -0.13929596235882102 -0.1913684417400766 -0.13929596235882102 -0.16196334120412 -0.13929596235882102 -0.13539984258135088 -0.13616106267817707 -0.13368674091098706 -0.131099050735774 -0.12922719457274306 -0.10183010042626754 -0.10116452724823892 -0.10096304308373494 -0.09955626004847055 -0.03478238421278174
-0.3261205711559552 -0.3261205711559552 -0.3261205711559552 -0.3261205711559552 -0.3261205711559552 -0.3261205711559552 -0.3261205711559552 -0.3261205711559552 -0.3261205711559552 -0.3261205711559552 -0.18780923769946778 -0.3261205711559552 -0.3261205711559552 -0.3261205711559552 -0.3261205711559552 -0.3261205711559552 -0.3261205711559552 -0.3261205711559552 -0.3261205711559552 -0.3261205711559552 -0.3261205711559552 -0.3261205711559552 -0.3261205711559552 -0.3261205711559552 -0.3261205711559552 -0.3261205711559552 -0.3261205711559552 -0.3261205711559552 -0.3261205711559552 -0.3261205711559552 -0.30293822109356205 -0.3261205711559552 -0.3261205711559552 -0.3261205711559552 -0.3261205711559552 -0.3261205711559552 -0.3261205711559552 -0.3261205711559552 -0.3261205711559552 -0.3261205711559552 -0.22317121506957385 -0.22317121506957385 -0.22630341182371366 -0.22630341182371366 -0.22317121506957385 -0.22630341182371366 -0.3261205711559552 -0.3261205711559552 -0.30293822109356205 -0.22317121506957385 -0.18780923769946778 -0.18780923769946778 -0.22630341182371366 -0.3261205711559552 -0.18780923769946778 -0.22630341182371366 -0.3261205711559552 -0.30293822109356205 -0.2900315329299479 -0.3261205711559552 -0.22317121506957385 -0.22630341182371366 -0.2990369680908323 -0.2990369680908323 -0.2990369680908323 -0.30015209337902654 -0.28263066283144306 -0.28263066283144306 -0.2832310968969723 -0.2510129404658595 -0.2537526703201183 -0.24659748381816948 -0.24607646176938686 -0.20945343779655382 -0.23964894205554246 -0.13929596235882102 -0.1913684417400766 -0.13929596235882102 -0.16196334120412 -0.13929596235882102 -0.13539984258135088 -0.13616106267817707 -0.13368674091098706 -0.131099050735774 -0.12922719457274306 -0.10183010042626754 -0.10116452724823892 -0.10096304308373494 -0.09955626004847055 -0.03478238421278174
-0.34525241177079746 -0.34525241177079746 -0.34525241177079746 -0.34525241177079746 -0.34525241177079746 -0.34525241177079746 -0.34525241177079746 -0.34525241177079746 -0.34525241177079746 -0.34525241177079746 -0.18780923769946778 -0.34525241177079746 -0.34525241177079746 -0.34525241177079746 -0.34525241177079746 -0.34525241177079746 -0.34525241177079746 -0.34525241177079746 -0.34525241177079746 -0.34525241177079746 -0.34525241177079746 -0.34525241177079746 -0.34525241177079746 -0.34525241177079746 -0.34525241177079746 -0.34525241177079746 -0.34525241177079746 -0.34525241177079746 -0.34525241177079746 -0.34525241177079746 -0.30293822109356205 -0.34525241177079746 -0.34525241177079746 -0.34525241177079746 -0.34525241177079746 -0.34525241177079746 -0.34525241177079746 -0.34525241177079746 -0.34525241177079746 -0.34525241177079746 -0.22317121506957385 -0.22317121506957385 -0.22630341182371366 -0.22630341182371366 -0.22317121506957385 -0.22630341182371366 -0.34525241177079746 -0.34525241177079746 -0.30293822109356205 -0.22317121506957385 -0.18780923769946778 -0.18780923769946778 -0.22630341182371366 -0.34525241177079746 -0.18780923769946778 -0.22630341182371366 -0.34525241177079746 -0.30293822109356205 -0.2900315329299479 -0.3261205711559552 -0.22317121506957385 -0.22630341182371366 -0.2990369680908323 -0.2990369680908323 -0.2990369680908323 -0.30015209337902654 -0.28263066283144306 -0.28263066283144306 -0.2832310968969723 -0.2510129404658595 -0.2537526703201183 -0.24659748381816948 -0.24607646176938686 -0.20945343779655382 -0.23964894205554246 -0.13929596235882102 -0.1913684417400766 -0.13929596235882102 -0.16196334120412 -0.13929596235882102 -0.13539984258135088 -0.13616106267817707 -0.13368674091098706 -0.131099050735774 -0.12922719457274306 -0.10183010042626754 -0.10116452724823892 -0.10096304308373494 -0.09955626004847055 -0.03478238421278174
-0.34525241177079746 -0.34525241177079746 -0.34525241177079746 -0.34525241177079746 -0.3706021724720231 -0.34525241177079746 -0.34525241177079746 -0.3706021724720231 -0.34525241177079746 -0.34525241177079746 -0.18780923769946778 -0.34525241177079746 -0.34525241177079746 -0.34525241177079746 -0.34525241177079746 -0.34525241177079746 -0.3706021724720231 -0.3706021724720231 -0.3706021724720231 -0.3706021724720231 -0.34525241177079746 -0.34525241177079746 -0.34525241177079746 -0.34525241177079746 -0.3706021724720231 -0.3706021724720231 -0.34525241177079746 -0.34525241177079746 -0.34525241177079746 -0.34525241177079746 -0.30293822109356205 -0.34525241177079746 -0.34525241177079746 -0.34525241177079746 -0.34525241177079746 -0.34525241177079746 -0.34525241177079746 -0.34525241177079746 -0.34525241177079746 -0.34525241177079746 -0.22317121506957385 -0.22317121506957385 -0.22630341182371366 -0.22630341182371366 -0.22317121506957385 -0.22630341182371366 -0.3706021724720231 -0.3706021724720231 -0.30293822109356205 -0.22317121506957385 -0.18780923769946778 -0.18780923769946778 -0.22630341182371366 -0.3706021724720231 -0.18780923769946778 -0.22630341182371366 -0.34525241177079746 -0.30293822109356205 -0.2900315329299479 -0.3261205711559552 -0.22317121506957385 -0.22630341182371366 -0.2990369680908323 -0.2990369680908323 -0.2990369680908323 -0.30015209337902654 -0.28263066283144306 -0.28263066283144306 -0.2832310968969723 -0.2510129404658595 -0.2537526703201183 -0.24659748381816948 -0.24607646176938686 -0.20945343779655382 -0.23964894205554246 -0.13929596235882102 -0.1913684417400766 -0.13929596235882102 -0.16196334120412 -0.13929596235882102 -0.13539984258135088 -0.13616106267817707 -0.13368674091098706 -0.131099050735774 -0.12922719457274306 -0.10183010042626754 -0.10116452724823892 -0.10096304308373494 -0.09955626004847055 -0.03478238421278174
-0.28263066283144306 -0.28263066283144306 -0.28263066283144306 -0.28263066283144306 -0.28263066283144306 -0.28263066283144306 -0.28263066283144306 -0.28263066283144306 -0.28263066283144306 -0.28263066283144306 -0.18780923769946778 -0.28263066283144306 -0.28263066283144306 -0.28263066283144306 -0.28263066283144306 -0.28263066283144306 -0.28263066283144306 -0.28263066283144306 -0.28263066283144306 -0.28263066283144306 -0.28263066283144306 -0.28263066283144306 -0.28263066283144306 -0.28263066283144306 -0.28263066283144306 -0.28263066283144306 -0.28263066283144306 -0.28263066283144306 -0.28263066283144306 -0.28263066283144306 -0.28263066283144306 -0.28263066283144306 -0.28263066283144306 -0.28263066283144306 -0.28263066283144306 -0.28263066283144306 -0.28263066283144306 -0.28263066283144306 -0.28263066283144306 -0.28263066283144306 -0.22317121506957385 -0.22317121506957385 -0.22630341182371366 -0.22630341182371366 -0.22317121506957385 -0.22630341182371366 -0.28263066283144306 -0.28263066283144306 -0.28263066283144306 -0.22317121506957385 -0.18780923769946778 -0.18780923769946778 -0.22630341182371366 -0.28263066283144306 -0.18780923769946778 -0.22630341182371366 -0.28263066283144306 -0.28263066283144306 -0.28263066283144306 -0.28263066283144306 -0.22317121506957385 -0.22630341182371366 -0.28263066283144306 -0.28263066283144306 -0.28263066283144306 -0.28263066283144306 -0.28263066283144306 -0.28263066283144306 -0.28263066283144306 -0.2510129404658595 -0.2537526703201183 -0.24659748381816948 -0.24607646176938686 -0.20945343779655382 -0.23964894205554246 -0.13929596235882102 -0.1913684417400766 -0.13929596235882102 -0.16196334120412 -0.13929596235882102 -0.13539984258135088 -0.13616106267817707 -0.13368674091098706 -0.131099050735774 -0.12922719457274306 -0.10183010042626754 -0.10116452724823892 -0.10096304308373494 -0.09955626004847055 -0.03478238421278174
-0.37385994087224644 -0.42829574354283445 -0.42829574354283445 -0.42829574354283445 -0.34525241177079746 -0.42829574354283445 -0.37385994087224644 -0.34525241177079746 -0.42829574354283445 -0.37385994087224644 -0.18780923769946778 -0.42829574354283445 -0.37385994087224644 -0.37385994087224644 -0.4020420752477847 -0.37385994087224644 -0.34525241177079746 -0.34525241177079746 -0.34525241177079746 -0.34525241177079746 -0.37385994087224644 -0.37385994087224644 -0.42829574354283445 -0.42829574354283445 -0.34525241177079746 -0.34525241177079746 -0.37385994087224644 -0.4020420752477847 -0.4020420752477847 -0.42829574354283445 -0.30293822109356205 -0.37385994087224644 -0.4020420752477847 -0.42829574354283445 -0.3610202327382055 -0.3610202327382055 -0.3509736080192047 -0.37385994087224644 -0.37385994087224644 -0.4020420752477847 -0.22317121506957385 -0.22317121506957385 -0.22630341182371366 -0.22630341182371366 -0.22317121506957385 -0.22630341182371366 -0.34525241177079746 -0.34525241177079746 -0.30293822109356205 -0.22317121506957385 -0.18780923769946778 -0.18780923769946778 -0.22630341182371366 -0.34525241177079746 -0.18780923769946778 -0.22630341182371366 -0.36260553050481303 -0.30293822109356205 -0.2900315329299479 -0.3261205711559552 -0.22317121506957385 -0.22630341182371366 -0.2990369680908323 -0.2990369680908323 -0.2990369680908323 -0.30015209337902654 -0.28263066283144306 -0.28263066283144306 -0.2832310968969723 -0.2510129404658595 -0.2537526703201183 -0.24659748381816948 -0.24607646176938686 -0.20945343779655382 -0.23964894205554246 -0.13929596235882102 -0.1913684417400766 -0.13929596235882102 -0.16196334120412 -0.13929596235882102 -0.13539984258135088 -0.13616106267817707 -0.13368674091098706 -0.131099050735774 -0.12922719457274306 -0.10183010042626754 -0.10116452724823892 -0.10096304308373494 -0.09955626004847055 -0.03478238421278174
-0.37385994087224644 -0.4001686755708855 -0.4001686755708855 -0.4001686755708855 -0.34525241177079746 -0.4001686755708855 -0.37385994087224644 -0.34525241177079746 -0.4001686755708855 -0.37385994087224644 -0.18780923769946778 -0.4001686755708855 -0.37385994087224644 -0.37385994087224644 -0.4001686755708855 -0.37385994087224644 -0.34525241177079746 -0.34525241177079746 -0.34525241177079746 -0.34525241177079746 -0.37385994087224644 -0.37385994087224644 -0.4001686755708855 -0.4001686755708855 -0.34525241177079746 -0.34525241177079746 -0.37385994087224644 -0.4001686755708855 -0.4001686755708855 -0.4001686755708855 -0.30293822109356205 -0.37385994087224644 -0.4001686755708855 -0.4001686755708855 -0.3610202327382055 -0.3610202327382055 -0.3509736080192047 -0.37385994087224644 -0.37385994087224644 -0.4001686755708855 -0.22317121506957385 -0.22317121506957385 -0.22630341182371366 -0.22630341182371366 -0.22317121506957385 -0.22630341182371366 -0.34525241177079746 -0.34525241177079746 -0.30293822109356205 -0.22317121506957385 -0.18780923769946778 -0.18780923769946778 -0.22630341182371366 -0.34525241177079746 -0.18780923769946778 -0.22630341182371366 -0.36260553050481303 -0.30293822109356205 -0.2900315329299479 -0.3261205711559552 -0.22317121506957385 -0.22630341182371366 -0.2990369680908323 -0.2990369680908323 -0.2990369680908323 -0.30015209337902654 -0.28263066283144306 -0.28263066283144306 -0.2832310968969723 -0.2510129404658595 -0.2537526703201183 -0.24659748381816948 -0.24607646176938686 -0.20945343779655382 -0.23964894205554246 -0.13929596235882102 -0.1913684417400766 -0.13929596235882102 -0.16196334120412 -0.13929596235882102 -0.13539984258135088 -0.13616106267817707 -0.13368674091098706 -0.131099050735774 -0.12922719457274306 -0.10183010042626754 -0.10116452724823892 -0.10096304308373494 -0.09955626004847055 -0.03478238421278174
-0.22317121506957385 -0.22317121506957385 -0.22317121506957385 -0.22317121506957385 -0.22317121506957385 -0.22317121506957385 -0.22317121506957385 -0.22317121506957385 -0.22317121506957385 -0.22317121506957385 -0.18780923769946778 -0.22317121506957385 -0.22317121506957385 -0.22317121506957385 -0.22317121506957385 -0.22317121506957385 -0.22317121506957385 -0.22317121506957385 -0.22317121506957385 -0.22317121506957385 -0.22317121506957385 -0.22317121506957385 -0.22317121506957385 -0.22317121506957385 -0.22317121506957385 -0.22317121506957385 -0.22317121506957385 -0.22317121506957385 -0.22317121506957385 -0.22317121506957385 -0.22317121506957385 -0.22317121506957385 -0.22317121506957385 -0.22317121506957385 -0.22317121506957385 -0.22317121506957385 -0.22317121506957385 -0.22317121506957385 -0.22317121506957385 -0.22317121506957385 -0.30299601940476223 -0.30299601940476223 -0.22317121506957385 -0.22317121506957385 -0.388514791229325 -0.22317121506957385 -0.22317121506957385 -0.22317121506957385 -0.22317121506957385 -0.30299601940476223 -0.18780923769946778 -0.18780923769946778 -0.22317121506957385 -0.22317121506957385 -0.18780923769946778 -0.22317121506957385 -0.22317121506957385 -0.22317121506957385 -0.22317121506957385 -0.22317121506957385 -0.30299601940476223 -0.22317121506957385 -0.22317121506957385 -0.22317121506957385 -0.22317121506957385 -0.22317121506957385 -0.22317121506957385 -0.22317121506957385 -0.22317121506957385 -0.22317121506957385 -0.22317121506957385 -0.22317121506957385 -0.22317121506957385 -0.20945343779655382 -0.22317121506957385 -0.13929596235882102 -0.1913684417400766 -0.13929596235882102 -0.16196334120412 -0.13929596235882102 -0.13539984258135088 -0.13616106267817707 -0.13368674091098706 -0.131099050735774 -0.12922719457274306 -0.10183010042626754 -0.10116452724823892 -0.10096304308373494 -0.09955626004847055 -0.03478238421278174
-0.22630341182371366 -0.22630341182371366 -0.22630341182371366 -0.22630341182371366 -0.22630341182371366 -0.22630341182371366 -0.22630341182371366 -0.22630341182371366 -0.22630341182371366 -0.22630341182371366 -0.18780923769946778 -0.22630341182371366 -0.22630341182371366 -0.22630341182371366 -0.22630341182371366 -0.22630341182371366 -0.22630341182371366 -0.22630341182371366 -0.22630341182371366 -0.22630341182371366 -0.22630341182371366 -0.22630341182371366 -0.22630341182371366 -0.22630341182371366 -0.22630341182371366 -0.22630341182371366 -0.22630341182371366 -0.22630341182371366 -0.22630341182371366 -0.22630341182371366 -0.22630341182371366 -0.22630341182371366 -0.22630341182371366 -0.22630341182371366 -0.22630341182371366 -0.22630341182371366 -0.22630341182371366 -0.22630341182371366 -0.22630341182371366 -0.22630341182371366 -0.22317121506957385 -0.22317121506957385 -0.3487321063313011 -0.3330909990089744 -0.22317121506957385 -0.3883954735543802 -0.22630341182371366 -0.22630341182371366 -0.22630341182371366 -0.22317121506957385 -0.18780923769946778 -0.18780923769946778 -0.3330909990089744 -0.22630341182371366 -0.18780923769946778 -0.31813744384676945 -0.22630341182371366 -0.22630341182371366 -0.22630341182371366 -0.22630341182371366 -0.22317121506957385 -0.2892792640815671 -0.22630341182371366 -0.22630341182371366 -0.22630341182371366 -0.22630341182371366 -0.22630341182371366 -0.22630341182371366 -0.22630341182371366 -0.22630341182371366 -0.22630341182371366 -0.22630341182371366 -0.22630341182371366 -0.20945343779655382 -0.22630341182371366 -0.13929596235882102 -0.1913684417400766 -0.13929596235882102 -0.16196334120412 -0.13929596235882102 -0.13539984258135088 -0.13616106267817707 -0.13368674091098706 -0.131099050735774 -0.12922719457274306 -0.10183010042626754 -0.10116452724823892 -0.10096304308373494 -0.09955626004847055 -0.03478238421278174
-0.22317121506957385 -0.22317121506957385 -0.22317121506957385 -0.22317121506957385 -0.22317121506957385 -0.22317121506957385 -0.22317121506957385 -0.22317121506957385 -0.22317121506957385 -0.22317121506957385 -0.18780923769946778 -0.22317121506957385 -0.22317121506957385 -0.22317121506957385 -0.22317121506957385 -0.22317121506957385 -0.22317121506957385 -0.22317121506957385 -0.22317121506957385 -0.22317121506957385 -0.22317121506957385 -0.22317121506957385 -0.22317121506957385 -0.22317121506957385 -0.22317121506957385 -0.22317121506957385 -0.22317121506957385 -0.22317121506957385 -0.22317121506957385 -0.22317121506957385 -0.22317121506957385 -0.22317121506957385 -0.22317121506957385 -0.22317121506957385 -0.22317121506957385 -0.22317121506957385 -0.22317121506957385 -0.22317121506957385 -0.22317121506957385 -0.22317121506957385 -0.38160552650837437 -0.38160552650837437 -0.22317121506957385 -0.22317121506957385 -0.30299601940476223 -0.22317121506957385 -0.22317121506957385 -0.22317121506957385 -0.22317121506957385 -0.336301964182595 -0.18780923769946778 -0.18780923769946778 -0.22317121506957385 -0.22317121506957385 -0.18780923769946778 -0.22317121506957385 -0.22317121506957385 -0.22317121506957385 -0.22317121506957385 -0.22317121506957385 -0.3223168623823805 -0.22317121506957385 -0.22317121506957385 -0.22317121506957385 -0.22317121506957385 -0.22317121506957385 -0.22317121506957385 -0.22317121506957385 -0.22317121506957385 -0.22317121506957385 -0.22317121506957385 -0.22317121506957385 -0.22317121506957385 -0.20945343779655382 -0.22317121506957385 -0.13929596235882102 -0.1913684417400766 -0.13929596235882102 -0.16196334120412 -0.13929596235882102 -0.13539984258135088 -0.13616106267817707 -0.13368674091098706 -0.131099050735774 -0.12922719457274306 -0.10183010042626754 -0.10116452724823892 -0.10096304308373494 -0.09955626004847055 -0.03478238421278174
-0.22630341182371366 -0.22630341182371366 -0.22630341182371366 -0.22630341182371366 -0.22630341182371366 -0.22630341182371366 -0.22630341182371366 -0.22630341182371366 -0.22630341182371366 -0.22630341182371366 -0.18780923769946778 -0.22630341182371366 -0.22630341182371366 -0.22630341182371366 -0.22630341182371366 -0.22630341182371366 -0.22630341182371366 -0.22630341182371366 -0.22630341182371366 -0.22630341182371366 -0.22630341182371366 -0.22630341182371366 -0.22630341182371366 -0.22630341182371366 -0.22630341182371366 -0.22630341182371366 -0.22630341182371366 -0.22630341182371366 -0.22630341182371366 -0.22630341182371366 -0.22630341182371366 -0.22630341182371366 -0.22630341182371366 -0.22630341182371366 -0.22630341182371366 -0.22630341182371366 -0.22630341182371366 -0.22630341182371366 -0.22630341182371366 -0.22630341182371366 -0.22317121506957385 -0.22317121506957385 -0.38066543373606926 -0.3330909990089744 -0.22317121506957385 -0.3487321063313011 -0.22630341182371366 -0.22630341182371366 -0.22630341182371366 -0.22317121506957385 -0.18780923769946778 -0.18780923769946778 -0.3330909990089744 -0.22630341182371366 -0.18780923769946778 -0.31813744384676945 -0.22630341182371366 -0.22630341182371366 -0.22630341182371366 -0.22630341182371366 -0.22317121506957385 -0.2892792640815671 -0.22630341182371366 -0.22630341182371366 -0.22630341182371366 -0.22630341182371366 -0.22630341182371366 -0.22630341182371366 -0.22630341182371366 -0.22630341182371366 -0.22630341182371366 -0.22630341182371366 -0.22630341182371366 -0.20945343779655382 -0.22630341182371366 -0.13929596235882102 -0.1913684417400766 -0.13929596235882102 -0.16196334120412 -0.13929596235882102 -0.13539984258135088 -0.13616106267817707 -0.13368674091098706 -0.131099050735774 -0.12922719457274306 -0.10183010042626754 -0.10116452724823892 -0.10096304308373494 -0.09955626004847055 -0.03478238421278174
-0.22317121506957385 -0.22317121506957385 -0.22317121506957385 -0.22317121506957385 -0.22317121506957385 -0.22317121506957385 -0.22317121506957385 -0.22317121506957385 -0.22317121506957385 -0.22317121506957385 -0.18780923769946778 -0.22317121506957385 -0.22317121506957385 -0.22317121506957385 -0.22317121506957385 -0.22317121506957385 -0.22317121506957385 -0.22317121506957385 -0.22317121506957385 -0.22317121506957385 -0.22317121506957385 -0.22317121506957385 -0.22317121506957385 -0.22317121506957385 -0.22317121506957385 -0.22317121506957385 -0.22317121506957385 -0.22317121506957385 -0.22317121506957385 -0.22317121506957385 -0.22317121506957385 -0.22317121506957385 -0.22317121506957385 -0.22317121506957385 -0.22317121506957385 -0.22317121506957385 -0.22317121506957385 -0.22317121506957385 -0.22317121506957385 -0.22317121506957385 -0.22317121506957385 -0.22317121506957385 -0.22317121506957385 -0.22317121506957385 -0.22317121506957385 -0.22317121506957385 -0.22317121506957385 -0.22317121506957385 -0.22317121506957385 -0.22317121506957385 -0.18780923769946778 -0.18780923769946778 -0.22317121506957385 -0.22317121506957385 -0.18780923769946778 -0.22317121506957385 -0.22317121506957385 -0.22317121506957385 -0.22317121506957385 -0.22317121506957385 -0.22317121506957385 -0.22317121506957385 -0.22317121506957385 -0.22317121506957385 -0.22317121506957385 -0.22317121506957385 -0.22317121506957385 -0.22317121506957385 -0.22317121506957385 -0.22317121506957385 -0.22317121506957385 -0.22317121506957385 -0.22317121506957385 -0.20945343779655382 -0.22317121506957385 -0.13929596235882102 -0.1913684417400766 -0.13929596235882102 -0.16196334120412 -0.13929596235882102 -0.13539984258135088 -0.13616106267817707 -0.13368674091098706 -0.131099050735774 -0.12922719457274306 -0.10183010042626754 -0.10116452724823892 -0.10096304308373494 -0.09955626004847055 -0.03478238421278174
-0.20945343779655382 -0.20945343779655382 -0.20945343779655382 -0.20945343779655382 -0.20945343779655382 -0.20945343779655382 -0.20945343779655382 -0.20945343779655382 -0.20945343779655382 -0.20945343779655382 -0.18780923769946778 -0.20945343779655382 -0.20945343779655382 -0.20945343779655382 -0.20945343779655382 -0.20945343779655382 -0.20945343779655382 -0.20945343779655382 -0.20945343779655382 -0.20945343779655382 -0.20945343779655382 -0.20945343779655382 -0.20945343779655382 -0.20945343779655382 -0.20945343779655382 -0.20945343779655382 -0.20945343779655382 -0.20945343779655382 -0.20945343779655382 -0.20945343779655382 -0.20945343779655382 -0.20945343779655382 -0.20945343779655382 -0.20945343779655382 -0.20945343779655382 -0.20945343779655382 -0.20945343779655382 -0.20945343779655382 -0.20945343779655382 -0.20945343779655382 -0.20945343779655382 -0.20945343779655382 -0.20945343779655382 -0.20945343779655382 -0.20945343779655382 -0.20945343779655382 -0.20945343779655382 -0.20945343779655382 -0.20945343779655382 -0.20945343779655382 -0.18780923769946778 -0.18780923769946778 -0.20945343779655382 -0.20945343779655382 -0.18780923769946778 -0.20945343779655382 -0.20945343779655382 -0.20945343779655382 -0.20945343779655382 -0.20945343779655382 -0.20945343779655382 -0.20945343779655382 -0.20945343779655382 -0.20945343779655382 -0.20945343779655382 -0.20945343779655382 -0.20945343779655382 -0.20945343779655382 -0.20945343779655382 -0.20945343779655382 -0.20945343779655382 -0.20945343779655382 -0.20945343779655382 -0.20945343779655382 -0.20945343779655382 -0.13929596235882102 -0.1913684417400766 -0.13929596235882102 -0.16196334120412 -0.13929596235882102 -0.13539984258135088 -0.13616106267817707 -0.13368674091098706 -0.131099050735774 -0.12922719457274306 -0.10183010042626754 -0.10116452724823892 -0.10096304308373494 -0.09955626004847055 -0.03478238421278174
-0.22317121506957385 -0.22317121506957385 -0.22317121506957385 -0.22317121506957385 -0.22317121506957385 -0.22317121506957385 -0.22317121506957385 -0.22317121506957385 -0.22317121506957385 -0.22317121506957385 -0.18780923769946778 -0.22317121506957385 -0.22317121506957385 -0.22317121506957385 -0.22317121506957385 -0.22317121506957385 -0.22317121506957385 -0.22317121506957385 -0.22317121506957385 -0.22317121506957385 -0.22317121506957385 -0.22317121506957385 -0.22317121506957385 -0.22317121506957385 -0.22317121506957385 -0.22317121506957385 -0.22317121506957385 -0.22317121506957385 -0.22317121506957385 -0.22317121506957385 -0.22317121506957385 -0.22317121506957385 -0.22317121506957385 -0.22317121506957385 -0.22317121506957385 -0.22317121506957385 -0.22317121506957385 -0.22317121506957385 -0.22317121506957385 -0.22317121506957385 -0.37334475641734644 -0.37334475641734644 -0.22317121506957385 -0.22317121506957385 -0.30299601940476223 -0.22317121506957385 -0.22317121506957385 -0.22317121506957385 -0.22317121506957385 -0.336301964182595 -0.18780923769946778 -0.18780923769946778 -0.22317121506957385 -0.22317121506957385 -0.18780923769946778 -0.22317121506957385 -0.22317121506957385 -0.22317121506957385 -0.22317121506957385 -0.22317121506957385 -0.3223168623823805 -0.22317121506957385 -0.22317121506957385 -0.22317121506957385 -0.22317121506957385 -0.22317121506957385 -0.22317121506957385 -0.22317121506957385 -0.22317121506957385 -0.22317121506957385 -0.22317121506957385 -0.22317121506957385 -0.22317121506957385 -0.20945343779655382 -0.22317121506957385 -0.13929596235882102 -0.1913684417400766 -0.13929596235882102 -0.16196334120412 -0.13929596235882102 -0.13539984258135088 -0.13616106267817707 -0.13368674091098706 -0.131099050735774 -0.12922719457274306 -0.10183010042626754 -0.10116452724823892 -0.10096304308373494 -0.09955626004847055 -0.03478238421278174
-0.22630341182371366 -0.22630341182371366 -0.22630341182371366 -0.22630341182371366 -0.22630341182371366 -0.22630341182371366 -0.22630341182371366 -0.22630341182371366 -0.22630341182371366 -0.22630341182371366 -0.18780923769946778 -0.22630341182371366 -0.22630341182371366 -0.22630341182371366 -0.22630341182371366 -0.22630341182371366 -0.22630341182371366 -0.22630341182371366 -0.22630341182371366 -0.22630341182371366 -0.22630341182371366 -0.22630341182371366 -0.22630341182371366 -0.22630341182371366 -0.22630341182371366 -0.22630341182371366 -0.22630341182371366 -0.22630341182371366 -0.22630341182371366 -0.22630341182371366 -0.22630341182371366 -0.22630341182371366 -0.22630341182371366 -0.22630341182371366 -0.22630341182371366 -0.22630341182371366 -0.22630341182371366 -0.22630341182371366 -0.22630341182371366 -0.22630341182371366 -0.22317121506957385 -0.22317121506957385 -0.3330909990089744 -0.3720068092676753 -0.22317121506957385 -0.3330909990089744 -0.22630341182371366 -0.22630341182371366 -0.22630341182371366 -0.22317121506957385 -0.18780923769946778 -0.18780923769946778 -0.3622457322208331 -0.22630341182371366 -0.18780923769946778 -0.31813744384676945 -0.22630341182371366 -0.22630341182371366 -0.22630341182371366 -0.22630341182371366 -0.22317121506957385 -0.2892792640815671 -0.22630341182371366 -0.22630341182371366 -0.22630341182371366 -0.22630341182371366 -0.22630341182371366 -0.22630341182371366 -0.22630341182371366 -0.22630341182371366 -0.22630341182371366 -0.22630341182371366 -0.22630341182371366 -0.20945343779655382 -0.22630341182371366 -0.13929596235882102 -0.1913684417400766 -0.13929596235882102 -0.16196334120412 -0.13929596235882102 -0.13539984258135088 -0.13616106267817707 -0.13368674091098706 -0.131099050735774 -0.12922719457274306 -0.10183010042626754 -0.10116452724823892 -0.10096304308373494 -0.09955626004847055 -0.03478238421278174
-0.22630341182371366 -0.22630341182371366 -0.22630341182371366 -0.22630341182371366 -0.22630341182371366 -0.22630341182371366 -0.22630341182371366 -0.22630341182371366 -0.22630341182371366 -0.22630341182371366 -0.18780923769946778 -0.22630341182371366 -0.22630341182371366 -0.22630341182371366 -0.22630341182371366 -0.22630341182371366 -0.22630341182371366 -0.22630341182371366 -0.22630341182371366 -0.22630341182371366 -0.22630341182371366 -0.22630341182371366 -0.22630341182371366 -0.22630341182371366 -0.22630341182371366 -0.22630341182371366 -0.22630341182371366 -0.22630341182371366 -0.22630341182371366 -0.22630341182371366 -0.22630341182371366 -0.22630341182371366 -0.22630341182371366 -0.22630341182371366 -0.22630341182371366 -0.22630341182371366 -0.22630341182371366 -0.22630341182371366 -0.22630341182371366 -0.22630341182371366 -0.22317121506957385 -0.22317121506957385 -0.31813744384676945 -0.31813744384676945 -0.22317121506957385 -0.31813744384676945 -0.22630341182371366 -0.22630341182371366 -0.22630341182371366 -0.22317121506957385 -0.18780923769946778 -0.18780923769946778 -0.31813744384676945 -0.22630341182371366 -0.18780923769946778 -0.36312360222891393 -0.22630341182371366 -0.22630341182371366 -0.22630341182371366 -0.22630341182371366 -0.22317121506957385 -0.2892792640815671 -0.22630341182371366 -0.22630341182371366 -0.22630341182371366 -0.22630341182371366 -0.22630341182371366 -0.22630341182371366 -0.22630341182371366 -0.22630341182371366 -0.22630341182371366 -0.22630341182371366 -0.22630341182371366 -0.20945343779655382 -0.22630341182371366 -0.13929596235882102 -0.1913684417400766 -0.13929596235882102 -0.16196334120412 -0.13929596235882102 -0.13539984258135088 -0.13616106267817707 -0.13368674091098706 -0.131099050735774 -0.12922719457274306 -0.10183010042626754 -0.10116452724823892 -0.10096304308373494 -0.09955626004847055 -0.03478238421278174
-0.22317121506957385 -0.22317121506957385 -0.22317121506957385 -0.22317121506957385 -0.22317121506957385 -0.22317121506957385 -0.22317121506957385 -0.22317121506957385 -0.22317121506957385 -0.22317121506957385 -0.18780923769946778 -0.22317121506957385 -0.22317121506957385 -0.22317121506957385 -0.22317121506957385 -0.22317121506957385 -0.22317121506957385 -0.22317121506957385 -0.22317121506957385 -0.22317121506957385 -0.22317121506957385 -0.22317121506957385 -0.22317121506957385 -0.22317121506957385 -0.22317121506957385 -0.22317121506957385 -0.22317121506957385 -0.22317121506957385 -0.22317121506957385 -0.22317121506957385 -0.22317121506957385 -0.22317121506957385 -0.22317121506957385 -0.22317121506957385 -0.22317121506957385 -0.22317121506957385 -0.22317121506957385 -0.22317121506957385 -0.22317121506957385 -0.22317121506957385 -0.30299601940476223 -0.30299601940476223 -0.22317121506957385 -0.22317121506957385 -0.36266149174239126 -0.22317121506957385 -0.22317121506957385 -0.22317121506957385 -0.22317121506957385 -0.30299601940476223 -0.18780923769946778 -0.18780923769946778 -0.22317121506957385 -0.22317121506957385 -0.18780923769946778 -0.22317121506957385 -0.22317121506957385 -0.22317121506957385 -0.22317121506957385 -0.22317121506957385 -0.30299601940476223 -0.22317121506957385 -0.22317121506957385 -0.22317121506957385 -0.22317121506957385 -0.22317121506957385 -0.22317121506957385 -0.22317121506957385 -0.22317121506957385 -0.22317121506957385 -0.22317121506957385 -0.22317121506957385 -0.22317121506957385 -0.20945343779655382 -0.22317121506957385 -0.13929596235882102 -0.1913684417400766 -0.13929596235882102 -0.16196334120412 -0.13929596235882102 -0.13539984258135088 -0.13616106267817707 -0.13368674091098706 -0.131099050735774 -0.12922719457274306 -0.10183010042626754 -0.10116452724823892 -0.10096304308373494 -0.09955626004847055 -0.03478238421278174
-0.20945343779655382 -0.20945343779655382 -0.20945343779655382 -0.20945343779655382 -0.20945343779655382 -0.20945343779655382 -0.20945343779655382 -0.20945343779655382 -0.20945343779655382 -0.20945343779655382 -0.18780923769946778 -0.20945343779655382 -0.20945343779655382 -0.20945343779655382 -0.20945343779655382 -0.20945343779655382 -0.20945343779655382 -0.20945343779655382 -0.20945343779655382 -0.20945343779655382 -0.20945343779655382 -0.20945343779655382 -0.20945343779655382 -0.20945343779655382 -0.20945343779655382 -0.20945343779655382 -0.20945343779655382 -0.20945343779655382 -0.20945343779655382 -0.20945343779655382 -0.20945343779655382 -0.20945343779655382 -0.20945343779655382 -0.20945343779655382 -0.20945343779655382 -0.20945343779655382 -0.20945343779655382 -0.20945343779655382 -0.20945343779655382 -0.20945343779655382 -0.20945343779655382 -0.20945343779655382 -0.20945343779655382 -0.20945343779655382 -0.20945343779655382 -0.20945343779655382 -0.20945343779655382 -0.20945343779655382 -0.20945343779655382 -0.20945343779655382 -0.18780923769946778 -0.18780923769946778 -0.20945343779655382 -0.20945343779655382 -0.18780923769946778 -0.20945343779655382 -0.20945343779655382 -0.20945343779655382 -0.20945343779655382 -0.20945343779655382 -0.20945343779655382 -0.20945343779655382 -0.20945343779655382 -0.20945343779655382 -0.20945343779655382 -0.20945343779655382 -0.20945343779655382 -0.20945343779655382 -0.20945343779655382 -0.20945343779655382 -0.20945343779655382 -0.20945343779655382 -0.20945343779655382 -0.20945343779655382 -0.20945343779655382 -0.13929596235882102 -0.1913684417400766 -0.13929596235882102 -0.16196334120412 -0.13929596235882102 -0.13539984258135088 -0.13616106267817707 -0.13368674091098706 -0.131099050735774 -0.12922719457274306 -0.10183010042626754 -0.10116452724823892 -0.10096304308373494 -0.09955626004847055 -0.03478238421278174
-0.12922719457274306 -0.12922719457274306 -0.12922719457274306 -0.12922719457274306 -0.12922719457274306 -0.12922719457274306 -0.12922719457274306 -0.12922719457274306 -0.12922719457274306 -0.12922719457274306 -0.12922719457274306 -0.12922719457274306 -0.12922719457274306 -0.12922719457274306 -0.12922719457274306 -0.12922719457274306 -0.12922719457274306 -0.12922719457274306 -0.12922719457274306 -0.12922719457274306 -0.12922719457274306 -0.12922719457274306 -0.12922719457274306 -0.12922719457274306 -0.12922719457274306 -0.12922719457274306 -0.12922719457274306 -0.12922719457274306 -0.12922719457274306 -0.12922719457274306 -0.12922719457274306 -0.12922719457274306 -0.12922719457274306 -0.12922719457274306 -0.12922719457274306 -0.12922719457274306 -0.12922719457274306 -0.12922719457274306 -0.12922719457274306 -0.12922719457274306 -0.12922719457274306 -0.12922719457274306 -0.12922719457274306 -0.12922719457274306 -0.12922719457274306 -0.12922719457274306 -0.12922719457274306 -0.12922719457274306 -0.12922719457274306 -0.12922719457274306 -0.12922719457274306 -0.12922719457274306 -0.12922719457274306 -0.12922719457274306 -0.12922719457274306 -0.12922719457274306 -0.12922719457274306 -0.12922719457274306 -0.12922719457274306 -0.12922719457274306 -0.12922719457274306 -0.12922719457274306 -0.12922719457274306 -0.12922719457274306 -0.12922719457274306 -0.12922719457274306 -0.12922719457274306 -0.12922719457274306 -0.12922719457274306 -0.12922719457274306 -0.12922719457274306 -0.12922719457274306 -0.12922719457274306 -0.12922719457274306 -0.12922719457274306 -0.12922719457274306 -0.12922719457274306 -0.12922719457274306 -0.12922719457274306 -0.12922719457274306 -0.12922719457274306 -0.12922719457274306 -0.12922719457274306 -0.12922719457274306 -0.12922719457274306 -0.10183010042626754 -0.10116452724823892 -0.10096304308373494 -0.09955626004847055 -0.03478238421278174
-0.22317121506957385 -0.22317121506957385 -0.22317121506957385 -0.22317121506957385 -0.22317121506957385 -0.22317121506957385 -0.22317121506957385 -0.22317121506957385 -0.22317121506957385 -0.22317121506957385 -0.18780923769946778 -0.22317121506957385 -0.22317121506957385 -0.22317121506957385 -0.22317121506957385 -0.22317121506957385 -0.22317121506957385 -0.22317121506957385 -0.22317121506957385 -0.22317121506957385 -0.22317121506957385 -0.22317121506957385 -0.22317121506957385 -0.22317121506957385 -0.22317121506957385 -0.22317121506957385 -0.22317121506957385 -0.22317121506957385 -0.22317121506957385 -0.22317121506957385 -0.22317121506957385 -0.22317121506957385 -0.22317121506957385 -0.22317121506957385 -0.22317121506957385 -0.22317121506957385 -0.22317121506957385 -0.22317121506957385 -0.22317121506957385 -0.22317121506957385 -0.3340096020828033 -0.3340096020828033 -0.22317121506957385 -0.22317121506957385 -0.30299601940476223 -0.22317121506957385 -0.22317121506957385 -0.22317121506957385 -0.22317121506957385 -0.3340096020828033 -0.18780923769946778 -0.18780923769946778 -0.22317121506957385 -0.22317121506957385 -0.18780923769946778 -0.22317121506957385 -0.22317121506957385 -0.22317121506957385 -0.22317121506957385 -0.22317121506957385 -0.3223168623823805 -0.22317121506957385 -0.22317121506957385 -0.22317121506957385 -0.22317121506957385 -0.22317121506957385 -0.22317121506957385 -0.22317121506957385 -0.22317121506957385 -0.22317121506957385 -0.22317121506957385 -0.22317121506957385 -0.22317121506957385 -0.20945343779655382 -0.22317121506957385 -0.13929596235882102 -0.1913684417400766 -0.13929596235882102 -0.16196334120412 -0.13929596235882102 -0.13539984258135088 -0.13616106267817707 -0.13368674091098706 -0.131099050735774 -0.12922719457274306 -0.10183010042626754 -0.10116452724823892 -0.10096304308373494 -0.09955626004847055 -0.03478238421278174
-0.22630341182371366 -0.22630341182371366 -0.22630341182371366 -0.22630341182371366 -0.22630341182371366 -0.22630341182371366 -0.22630341182371366 -0.22630341182371366 -0.22630341182371366 -0.22630341182371366 -0.18780923769946778 -0.22630341182371366 -0.22630341182371366 -0.22630341182371366 -0.22630341182371366 -0.22630341182371366 -0.22630341182371366 -0.22630341182371366 -0.22630341182371366 -0.22630341182371366 -0.22630341182371366 -0.22630341182371366 -0.22630341182371366 -0.22630341182371366 -0.22630341182371366 -0.22630341182371366 -0.22630341182371366 -0.22630341182371366 -0.22630341182371366 -0.22630341182371366 -0.22630341182371366 -0.22630341182371366 -0.22630341182371366 -0.22630341182371366 -0.22630341182371366 -0.22630341182371366 -0.22630341182371366 -0.22630341182371366 -0.22630341182371366 -0.22630341182371366 -0.22317121506957385 -0.22317121506957385 -0.33222948650019957 -0.33222948650019957 -0.22317121506957385 -0.33222948650019957 -0.22630341182371366 -0.22630341182371366 -0.22630341182371366 -0.22317121506957385 -0.18780923769946778 -0.18780923769946778 -0.33222948650019957 -0.22630341182371366 -0.18780923769946778 -0.31813744384676945 -0.22630341182371366 -0.22630341182371366 -0.22630341182371366 -0.22630341182371366 -0.22317121506957385 -0.2892792640815671 -0.22630341182371366 -0.22630341182371366 -0.22630341182371366 -0.22630341182371366 -0.22630341182371366 -0.22630341182371366 -0.22630341182371366 -0.22630341182371366 -0.22630341182371366 -0.22630341182371366 -0.22630341182371366 -0.20945343779655382 -0.22630341182371366 -0.13929596235882102 -0.1913684417400766 -0.13929596235882102 -0.16196334120412 -0.13929596235882102 -0.13539984258135088 -0.13616106267817707 -0.13368674091098706 -0.131099050735774 -0.12922719457274306 -0.10183010042626754 -0.10116452724823892 -0.10096304308373494 -0.09955626004847055 -0.03478238421278174
-0.20945343779655382 -0.20945343779655382 -0.20945343779655382 -0.20945343779655382 -0.20945343779655382 -0.20945343779655382 -0.20945343779655382 -0.20945343779655382 -0.20945343779655382 -0.20945343779655382 -0.18780923769946778 -0.20945343779655382 -0.20945343779655382 -0.20945343779655382 -0.20945343779655382 -0.20945343779655382 -0.20945343779655382 -0.20945343779655382 -0.20945343779655382 -0.20945343779655382 -0.20945343779655382 -0.20945343779655382 -0.20945343779655382 -0.20945343779655382 -0.20945343779655382 -0.20945343779655382 -0.20945343779655382 -0.20945343779655382 -0.20945343779655382 -0.20945343779655382 -0.20945343779655382 -0.20945343779655382 -0.20945343779655382 -0.20945343779655382 -0.20945343779655382 -0.20945343779655382 -0.20945343779655382 -0.20945343779655382 -0.20945343779655382 -0.20945343779655382 -0.20945343779655382 -0.20945343779655382 -0.20945343779655382 -0.20945343779655382 -0.20945343779655382 -0.20945343779655382 -0.20945343779655382 -0.20945343779655382 -0.20945343779655382 -0.20945343779655382 -0.18780923769946778 -0.18780923769946778 -0.20945343779655382 -0.20945343779655382 -0.18780923769946778 -0.20945343779655382 -0.20945343779655382 -0.20945343779655382 -0.20945343779655382 -0.20945343779655382 -0.20945343779655382 -0.20945343779655382 -0.20945343779655382 -0.20945343779655382 -0.20945343779655382 -0.20945343779655382 -0.20945343779655382 -0.20945343779655382 -0.20945343779655382 -0.20945343779655382 -0.20945343779655382 -0.20945343779655382 -0.20945343779655382 -0.20945343779655382 -0.20945343779655382 -0.13929596235882102 -0.1913684417400766 -0.13929596235882102 -0.16196334120412 -0.13929596235882102 -0.13539984258135088 -0.13616106267817707 -0.13368674091098706 -0.131099050735774 -0.12922719457274306 -0.10183010042626754 -0.10116452724823892 -0.10096304308373494 -0.09955626004847055 -0.03478238421278174
-0.20945343779655382 -0.20945343779655382 -0.20945343779655382 -0.20945343779655382 -0.20945343779655382 -0.20945343779655382 -0.20945343779655382 -0.20945343779655382 -0.20945343779655382 -0.20945343779655382 -0.18780923769946778 -0.20945343779655382 -0.20945343779655382 -0.20945343779655382 -0.20945343779655382 -0.20945343779655382 -0.20945343779655382 -0.20945343779655382 -0.20945343779655382 -0.20945343779655382 -0.20945343779655382 -0.20945343779655382 -0.20945343779655382 -0.20945343779655382 -0.20945343779655382 -0.20945343779655382 -0.20945343779655382 -0.20945343779655382 -0.20945343779655382 -0.20945343779655382 -0.20945343779655382 -0.20945343779655382 -0.20945343779655382 -0.20945343779655382 -0.20945343779655382 -0.20945343779655382 -0.20945343779655382 -0.20945343779655382 -0.20945343779655382 -0.20945343779655382 -0.20945343779655382 -0.20945343779655382 -0.20945343779655382 -0.20945343779655382 -0.20945343779655382 -0.20945343779655382 -0.20945343779655382 -0.20945343779655382 -0.20945343779655382 -0.20945343779655382 -0.18780923769946778 -0.18780923769946778 -0.20945343779655382 -0.20945343779655382 -0.18780923769946778 -0.20945343779655382 -0.20945343779655382 -0.20945343779655382 -0.20945343779655382 -0.20945343779655382 -0.20945343779655382 -0.20945343779655382 -0.20945343779655382 -0.20945343779655382 -0.20945343779655382 -0.20945343779655382 -0.20945343779655382 -0.20945343779655382 -0.20945343779655382 -0.20945343779655382 -0.20945343779655382 -0.20945343779655382 -0.20945343779655382 -0.20945343779655382 -0.20945343779655382 -0.13929596235882102 -0.1913684417400766 -0.13929596235882102 -0.16196334120412 -0.13929596235882102 -0.13539984258135088 -0.13616106267817707 -0.13368674091098706 -0.131099050735774 -0.12922719457274306 -0.10183010042626754 -0.10116452724823892 -0.10096304308373494 -0.09955626004847055 -0.03478238421278174
-0.22317121506957385 -0.22317121506957385 -0.22317121506957385 -0.22317121506957385 -0.22317121506957385 -0.22317121506957385 -0.22317121506957385 -0.22317121506957385 -0.22317121506957385 -0.22317121506957385 -0.18780923769946778 -0.22317121506957385 -0.22317121506957385 -0.22317121506957385 -0.22317121506957385 -0.22317121506957385 -0.22317121506957385 -0.22317121506957385 -0.22317121506957385 -0.22317121506957385 -0.22317121506957385 -0.22317121506957385 -0.22317121506957385 -0.22317121506957385 -0.22317121506957385 -0.22317121506957385 -0.22317121506957385 -0.22317121506957385 -0.22317121506957385 -0.22317121506957385 -0.22317121506957385 -0.22317121506957385 -0.22317121506957385 -0.22317121506957385 -0.22317121506957385 -0.22317121506957385 -0.22317121506957385 -0.22317121506957385 -0.22317121506957385 -0.22317121506957385 -0.22317121506957385 -0.22317121506957385 -0.22317121506957385 -0.22317121506957385 -0.22317121506957385 -0.22317121506957385 -0.22317121506957385 -0.22317121506957385 -0.22317121506957385 -0.22317121506957385 -0.18780923769946778 -0.18780923769946778 -0.22317121506957385 -0.22317121506957385 -0.18780923769946778 -0.22317121506957385 -0.22317121506957385 -0.22317121506957385 -0.22317121506957385 -0.22317121506957385 -0.22317121506957385 -0.22317121506957385 -0.22317121506957385 -0.22317121506957385 -0.22317121506957385 -0.22317121506957385 -0.22317121506957385 -0.22317121506957385 -0.22317121506957385 -0.22317121506957385 -0.22317121506957385 -0.22317121506957385 -0.22317121506957385 -0.20945343779655382 -0.22317121506957385 -0.13929596235882102 -0.1913684417400766 -0.13929596235882102 -0.16196334120412 -0.13929596235882102 -0.13539984258135088 -0.13616106267817707 -0.13368674091098706 -0.131099050735774 -0.12922719457274306 -0.10183010042626754 -0.10116452724823892 -0.10096304308373494 -0.09955626004847055 -0.03478238421278174
-0.3125350405988304 -0.3125350405988304 -0.3125350405988304 -0.3125350405988304 -0.3125350405988304 -0.3125350405988304 -0.3125350405988304 -0.3125350405988304 -0.3125350405988304 -0.3125350405988304 -0.18780923769946778 -0.3125350405988304 -0.3125350405988304 -0.3125350405988304 -0.3125350405988304 -0.3125350405988304 -0.3125350405988304 -0.3125350405988304 -0.3125350405988304 -0.3125350405988304 -0.3125350405988304 -0.3125350405988304 -0.3125350405988304 -0.3125350405988304 -0.3125350405988304 -0.3125350405988304 -0.3125350405988304 -0.3125350405988304 -0.3125350405988304 -0.3125350405988304 -0.30293822109356205 -0.3125350405988304 -0.3125350405988304 -0.3125350405988304 -0.3125350405988304 -0.3125350405988304 -0.3125350405988304 -0.3125350405988304 -0.3125350405988304 -0.3125350405988304 -0.22317121506957385 -0.22317121506957385 -0.22630341182371366 -0.22630341182371366 -0.22317121506957385 -0.22630341182371366 -0.3125350405988304 -0.3125350405988304 -0.30293822109356205 -0.22317121506957385 -0.18780923769946778 -0.18780923769946778 -0.22630341182371366 -0.3125350405988304 -0.18780923769946778 -0.22630341182371366 -0.3125350405988304 -0.30293822109356205 -0.2900315329299479 -0.3125350405988304 -0.22317121506957385 -0.22630341182371366 -0.2990369680908323 -0.2990369680908323 -0.2990369680908323 -0.30015209337902654 -0.28263066283144306 -0.28263066283144306 -0.2832310968969723 -0.2510129404658595 -0.2537526703201183 -0.24659748381816948 -0.24607646176938686 -0.20945343779655382 -0.23964894205554246 -0.13929596235882102 -0.1913684417400766 -0.13929596235882102 -0.16196334120412 -0.13929596235882102 -0.13539984258135088 -0.13616106267817707 -0.13368674091098706 -0.131099050735774 -0.12922719457274306 -0.10183010042626754 -0.10116452724823892 -0.10096304308373494 -0.09955626004847055 -0.03478238421278174
-0.18780923769946778 -0.18780923769946778 -0.18780923769946778 -0.18780923769946778 -0.18780923769946778 -0.18780923769946778 -0.18780923769946778 -0.18780923769946778 -0.18780923769946778 -0.18780923769946778 -0.18780923769946778 -0.18780923769946778 -0.18780923769946778 -0.18780923769946778 -0.18780923769946778 -0.18780923769946778 -0.18780923769946778 -0.18780923769946778 -0.18780923769946778 -0.18780923769946778 -0.18780923769946778 -0.18780923769946778 -0.18780923769946778 -0.18780923769946778 -0.18780923769946778 -0.18780923769946778 -0.18780923769946778 -0.18780923769946778 -0.18780923769946778 -0.18780923769946778 -0.18780923769946778 -0.18780923769946778 -0.18780923769946778 -0.18780923769946778 -0.18780923769946778 -0.18780923769946778 -0.18780923769946778 -0.18780923769946778 -0.18780923769946778 -0.18780923769946778 -0.18780923769946778 -0.18780923769946778 -0.18780923769946778 -0.18780923769946778 -0.18780923769946778 -0.18780923769946778 -0.18780923769946778 -0.18780923769946778 -0.18780923769946778 -0.18780923769946778 -0.18780923769946778 -0.18780923769946778 -0.18780923769946778 -0.18780923769946778 -0.18780923769946778 -0.18780923769946778 -0.18780923769946778 -0.18780923769946778 -0.18780923769946778 -0.18780923769946778 -0.18780923769946778 -0.18780923769946778 -0.18780923769946778 -0.18780923769946778 -0.18780923769946778 -0.18780923769946778 -0.18780923769946778 -0.18780923769946778 -0.18780923769946778 -0.18780923769946778 -0.18780923769946778 -0.18780923769946778 -0.18780923769946778 -0.18780923769946778 -0.18780923769946778 -0.13929596235882102 -0.18780923769946778 -0.13929596235882102 -0.16196334120412 -0.13929596235882102 -0.13539984258135088 -0.13616106267817707 -0.13368674091098706 -0.131099050735774 -0.12922719457274306 -0.10183010042626754 -0.10116452724823892 -0.10096304308373494 -0.09955626004847055 -0.03478238421278174
-0.30293822109356205 -0.30293822109356205 -0.30293822109356205 -0.30293822109356205 -0.30293822109356205 -0.30293822109356205 -0.30293822109356205 -0.30293822109356205 -0.30293822109356205 -0.30293822109356205 -0.18780923769946778 -0.30293822109356205 -0.30293822109356205 -0.30293822109356205 -0.30293822109356205 -0.30293822109356205 -0.30293822109356205 -0.30293822109356205 -0.30293822109356205 -0.30293822109356205 -0.30293822109356205 -0.30293822109356205 -0.30293822109356205 -0.30293822109356205 -0.30293822109356205 -0.30293822109356205 -0.30293822109356205 -0.30293822109356205 -0.30293822109356205 -0.30293822109356205 -0.3068026198911439 -0.30293822109356205 -0.30293822109356205 -0.30293822109356205 -0.30293822109356205 -0.30293822109356205 -0.30293822109356205 -0.30293822109356205 -0.30293822109356205 -0.30293822109356205 -0.22317121506957385 -0.22317121506957385 -0.22630341182371366 -0.22630341182371366 -0.22317121506957385 -0.22630341182371366 -0.30293822109356205 -0.30293822109356205 -0.3068026198911439 -0.22317121506957385 -0.18780923769946778 -0.18780923769946778 -0.22630341182371366 -0.30293822109356205 -0.18780923769946778 -0.22630341182371366 -0.30293822109356205 -0.3068026198911439 -0.2900315329299479 -0.30293822109356205 -0.22317121506957385 -0.22630341182371366 -0.2990369680908323 -0.2990369680908323 -0.2990369680908323 -0.30015209337902654 -0.28263066283144306 -0.28263066283144306 -0.2832310968969723 -0.2510129404658595 -0.2537526703201183 -0.24659748381816948 -0.24607646176938686 -0.20945343779655382 -0.23964894205554246 -0.13929596235882102 -0.1913684417400766 -0.13929596235882102 -0.16196334120412 -0.13929596235882102 -0.13539984258135088 -0.13616106267817707 -0.13368674091098706 -0.131099050735774 -0.12922719457274306 -0.10183010042626754 -0.10116452724823892 -0.10096304308373494 -0.09955626004847055 -0.03478238421278174
-0.29984808421685977 -0.29984808421685977 -0.29984808421685977 -0.29984808421685977 -0.29984808421685977 -0.29984808421685977 -0.29984808421685977 -0.29984808421685977 -0.29984808421685977 -0.29984808421685977 -0.18780923769946778 -0.29984808421685977 -0.29984808421685977 -0.29984808421685977 -0.29984808421685977 -0.29984808421685977 -0.29984808421685977 -0.29984808421685977 -0.29984808421685977 -0.29984808421685977 -0.29984808421685977 -0.29984808421685977 -0.29984808421685977 -0.29984808421685977 -0.29984808421685977 -0.29984808421685977 -0.29984808421685977 -0.29984808421685977 -0.29984808421685977 -0.29984808421685977 -0.29984808421685977 -0.29984808421685977 -0.29984808421685977 -0.29984808421685977 -0.29984808421685977 -0.29984808421685977 -0.29984808421685977 -0.29984808421685977 -0.29984808421685977 -0.29984808421685977 -0.22317121506957385 -0.22317121506957385 -0.22630341182371366 -0.22630341182371366 -0.22317121506957385 -0.22630341182371366 -0.29984808421685977 -0.29984808421685977 -0.29984808421685977 -0.22317121506957385 -0.18780923769946778 -0.18780923769946778 -0.22630341182371366 -0.29984808421685977 -0.18780923769946778 -0.22630341182371366 -0.29984808421685977 -0.29984808421685977 -0.2900315329299479 -0.29984808421685977 -0.22317121506957385 -0.22630341182371366 -0.2990369680908323 -0.2990369680908323 -0.2990369680908323 -0.29984808421685977 -0.28263066283144306 -0.28263066283144306 -0.2832310968969723 -0.2510129404658595 -0.2537526703201183 -0.24659748381816948 -0.24607646176938686 -0.20945343779655382 -0.23964894205554246 -0.13929596235882102 -0.1913684417400766 -0.13929596235882102 -0.16196334120412 -0.13929596235882102 -0.13539984258135088 -0.13616106267817707 -0.13368674091098706 -0.131099050735774 -0.12922719457274306 -0.10183010042626754 -0.10116452724823892 -0.10096304308373494 -0.09955626004847055 -0.03478238421278174
-0.298856207148734 -0.298856207148734 -0.298856207148734 -0.298856207148734 -0.298856207148734 -0.298856207148734 -0.298856207148734 -0.298856207148734 -0.298856207148734 -0.298856207148734 -0.18780923769946778 -0.298856207148734 -0.298856207148734 -0.298856207148734 -0.298856207148734 -0.298856207148734 -0.298856207148734 -0.298856207148734 -0.298856207148734 -0.298856207148734 -0.298856207148734 -0.298856207148734 -0.298856207148734 -0.298856207148734 -0.298856207148734 -0.298856207148734 -0.298856207148734 -0.298856207148734 -0.298856207148734 -0.298856207148734 -0.298856207148734 -0.298856207148734 -0.298856207148734 -0.298856207148734 -0.298856207148734 -0.298856207148734 -0.298856207148734 -0.298856207148734 -0.298856207148734 -0.298856207148734 -0.22317121506957385 -0.22317121506957385 -0.22630341182371366 -0.22630341182371366 -0.22317121506957385 -0.22630341182371366 -0.298856207148734 -0.298856207148734 -0.298856207148734 -0.22317121506957385 -0.18780923769946778 -0.18780923769946778 -0.22630341182371366 -0.298856207148734 -0.18780923769946778 -0.22630341182371366 -0.298856207148734 -0.298856207148734 -0.2900315329299479 -0.298856207148734 -0.22317121506957385 -0.22630341182371366 -0.298856207148734 -0.298856207148734 -0.298856207148734 -0.298856207148734 -0.28263066283144306 -0.28263066283144306 -0.2832310968969723 -0.2510129404658595 -0.2537526703201183 -0.24659748381816948 -0.24607646176938686 -0.20945343779655382 -0.23964894205554246 -0.13929596235882102 -0.1913684417400766 -0.13929596235882102 -0.16196334120412 -0.13929596235882102 -0.13539984258135088 -0.13616106267817707 -0.13368674091098706 -0.131099050735774 -0.12922719457274306 -0.10183010042626754 -0.10116452724823892 -0.10096304308373494 -0.09955626004847055 -0.03478238421278174
-0.29712852015475477 -0.29712852015475477 -0.29712852015475477 -0.29712852015475477 -0.29712852015475477 -0.29712852015475477 -0.29712852015475477 -0.29712852015475477 -0.29712852015475477 -0.29712852015475477 -0.18780923769946778 -0.29712852015475477 -0.29712852015475477 -0.29712852015475477 -0.29712852015475477 -0.29712852015475477 -0.29712852015475477 -0.29712852015475477 -0.29712852015475477 -0.29712852015475477 -0.29712852015475477 -0.29712852015475477 -0.29712852015475477 -0.29712852015475477 -0.29712852015475477 -0.29712852015475477 -0.29712852015475477 -0.29712852015475477 -0.29712852015475477 -0.29712852015475477 -0.29712852015475477 -0.29712852015475477 -0.29712852015475477 -0.29712852015475477 -0.29712852015475477 -0.29712852015475477 -0.29712852015475477 -0.29712852015475477 -0.29712852015475477 -0.29712852015475477 -0.22317121506957385 -0.22317121506957385 -0.22630341182371366 -0.22630341182371366 -0.22317121506957385 -0.22630341182371366 -0.29712852015475477 -0.29712852015475477 -0.29712852015475477 -0.22317121506957385 -0.18780923769946778 -0.18780923769946778 -0.22630341182371366 -0.29712852015475477 -0.18780923769946778 -0.22630341182371366 -0.29712852015475477 -0.29712852015475477 -0.2900315329299479 -0.29712852015475477 -0.22317121506957385 -0.22630341182371366 -0.29712852015475477 -0.29712852015475477 -0.29712852015475477 -0.29712852015475477 -0.28263066283144306 -0.28263066283144306 -0.2832310968969723 -0.2510129404658595 -0.2537526703201183 -0.24659748381816948 -0.24607646176938686 -0.20945343779655382 -0.23964894205554246 -0.13929596235882102 -0.1913684417400766 -0.13929596235882102 -0.16196334120412 -0.13929596235882102 -0.13539984258135088 -0.13616106267817707 -0.13368674091098706 -0.131099050735774 -0.12922719457274306 -0.10183010042626754 -0.10116452724823892 -0.10096304308373494 -0.09955626004847055 -0.03478238421278174
-0.29712728681280487 -0.29712728681280487 -0.29712728681280487 -0.29712728681280487 -0.29712728681280487 -0.29712728681280487 -0.29712728681280487 -0.29712728681280487 -0.29712728681280487 -0.29712728681280487 -0.18780923769946778 -0.29712728681280487 -0.29712728681280487 -0.29712728681280487 -0.29712728681280487 -0.29712728681280487 -0.29712728681280487 -0.29712728681280487 -0.29712728681280487 -0.29712728681280487 -0.29712728681280487 -0.29712728681280487 -0.29712728681280487 -0.29712728681280487 -0.29712728681280487 -0.29712728681280487 -0.29712728681280487 -0.29712728681280487 -0.29712728681280487 -0.29712728681280487 -0.29712728681280487 -0.29712728681280487 -0.29712728681280487 -0.29712728681280487 -0.29712728681280487 -0.29712728681280487 -0.29712728681280487 -0.29712728681280487 -0.29712728681280487 -0.29712728681280487 -0.22317121506957385 -0.22317121506957385 -0.22630341182371366 -0.22630341182371366 -0.22317121506957385 -0.22630341182371366 -0.29712728681280487 -0.29712728681280487 -0.29712728681280487 -0.22317121506957385 -0.18780923769946778 -0.18780923769946778 -0.22630341182371366 -0.29712728681280487 -0.18780923769946778 -0.22630341182371366 -0.29712728681280487 -0.29712728681280487 -0.2900315329299479 -0.29712728681280487 -0.22317121506957385 -0.22630341182371366 -0.29712728681280487 -0.29712728681280487 -0.29712728681280487 -0.29712728681280487 -0.28263066283144306 -0.28263066283144306 -0.2832310968969723 -0.2510129404658595 -0.2537526703201183 -0.24659748381816948 -0.24607646176938686 -0.20945343779655382 -0.23964894205554246 -0.13929596235882102 -0.1913684417400766 -0.13929596235882102 -0.16196334120412 -0.13929596235882102 -0.13539984258135088 -0.13616106267817707 -0.13368674091098706 -0.131099050735774 -0.12922719457274306 -0.10183010042626754 -0.10116452724823892 -0.10096304308373494 -0.09955626004847055 -0.03478238421278174
-0.28263066283144306 -0.28263066283144306 -0.28263066283144306 -0.28263066283144306 -0.28263066283144306 -0.28263066283144306 -0.28263066283144306 -0.28263066283144306 -0.28263066283144306 -0.28263066283144306 -0.18780923769946778 -0.28263066283144306 -0.28263066283144306 -0.28263066283144306 -0.28263066283144306 -0.28263066283144306 -0.28263066283144306 -0.28263066283144306 -0.28263066283144306 -0.28263066283144306 -0.28263066283144306 -0.28263066283144306 -0.28263066283144306 -0.28263066283144306 -0.28263066283144306 -0.28263066283144306 -0.28263066283144306 -0.28263066283144306 -0.28263066283144306 -0.28263066283144306 -0.28263066283144306 -0.28263066283144306 -0.28263066283144306 -0.28263066283144306 -0.28263066283144306 -0.28263066283144306 -0.28263066283144306 -0.28263066283144306 -0.28263066283144306 -0.28263066283144306 -0.22317121506957385 -0.22317121506957385 -0.22630341182371366 -0.22630341182371366 -0.22317121506957385 -0.22630341182371366 -0.28263066283144306 -0.28263066283144306 -0.28263066283144306 -0.22317121506957385 -0.18780923769946778 -0.18780923769946778 -0.22630341182371366 -0.28263066283144306 -0.18780923769946778 -0.22630341182371366 -0.28263066283144306 -0.28263066283144306 -0.28263066283144306 -0.28263066283144306 -0.22317121506957385 -0.22630341182371366 -0.28263066283144306 -0.28263066283144306 -0.28263066283144306 -0.28263066283144306 -0.28263066283144306 -0.28263066283144306 -0.28263066283144306 -0.2510129404658595 -0.2537526703201183 -0.24659748381816948 -0.24607646176938686 -0.20945343779655382 -0.23964894205554246 -0.13929596235882102 -0.1913684417400766 -0.13929596235882102 -0.16196334120412 -0.13929596235882102 -0.13539984258135088 -0.13616106267817707 -0.13368674091098706 -0.131099050735774 -0.12922719457274306 -0.10183010042626754 -0.10116452724823892 -0.10096304308373494 -0.09955626004847055 -0.03478238421278174
-0.22317121506957385 -0.22317121506957385 -0.22317121506957385 -0.22317121506957385 -0.22317121506957385 -0.22317121506957385 -0.22317121506957385 -0.22317121506957385 -0.22317121506957385 -0.22317121506957385 -0.18780923769946778 -0.22317121506957385 -0.22317121506957385 -0.22317121506957385 -0.22317121506957385 -0.22317121506957385 -0.22317121506957385 -0.22317121506957385 -0.22317121506957385 -0.22317121506957385 -0.22317121506957385 -0.22317121506957385 -0.22317121506957385 -0.22317121506957385 -0.22317121506957385 -0.22317121506957385 -0.22317121506957385 -0.22317121506957385 -0.22317121506957385 -0.22317121506957385 -0.22317121506957385 -0.22317121506957385 -0.22317121506957385 -0.22317121506957385 -0.22317121506957385 -0.22317121506957385 -0.22317121506957385 -0.22317121506957385 -0.22317121506957385 -0.22317121506957385 -0.2880558104702591 -0.2880558104702591 -0.22317121506957385 -0.22317121506957385 -0.2880558104702591 -0.22317121506957385 -0.22317121506957385 -0.22317121506957385 -0.22317121506957385 -0.2880558104702591 -0.18780923769946778 -0.18780923769946778 -0.22317121506957385 -0.22317121506957385 -0.18780923769946778 -0.22317121506957385 -0.22317121506957385 -0.22317121506957385 -0.22317121506957385 -0.22317121506957385 -0.2880558104702591 -0.22317121506957385 -0.22317121506957385 -0.22317121506957385 -0.22317121506957385 -0.22317121506957385 -0.22317121506957385 -0.22317121506957385 -0.22317121506957385 -0.22317121506957385 -0.22317121506957385 -0.22317121506957385 -0.22317121506957385 -0.20945343779655382 -0.22317121506957385 -0.13929596235882102 -0.1913684417400766 -0.13929596235882102 -0.16196334120412 -0.13929596235882102 -0.13539984258135088 -0.13616106267817707 -0.13368674091098706 -0.131099050735774 -0.12922719457274306 -0.10183010042626754 -0.10116452724823892 -0.10096304308373494 -0.09955626004847055 -0.03478238421278174
-0.22630341182371366 -0.22630341182371366 -0.22630341182371366 -0.22630341182371366 -0.22630341182371366 -0.22630341182371366 -0.22630341182371366 -0.22630341182371366 -0.22630341182371366 -0.22630341182371366 -0.18780923769946778 -0.22630341182371366 -0.22630341182371366 -0.22630341182371366 -0.22630341182371366 -0.22630341182371366 -0.22630341182371366 -0.22630341182371366 -0.22630341182371366 -0.22630341182371366 -0.22630341182371366 -0.22630341182371366 -0.22630341182371366 -0.22630341182371366 -0.22630341182371366 -0.22630341182371366 -0.22630341182371366 -0.22630341182371366 -0.22630341182371366 -0.22630341182371366 -0.22630341182371366 -0.22630341182371366 -0.22630341182371366 -0.22630341182371366 -0.22630341182371366 -0.22630341182371366 -0.22630341182371366 -0.22630341182371366 -0.22630341182371366 -0.22630341182371366 -0.22317121506957385 -0.22317121506957385 -0.28636957656098727 -0.28636957656098727 -0.22317121506957385 -0.28636957656098727 -0.22630341182371366 -0.22630341182371366 -0.22630341182371366 -0.22317121506957385 -0.18780923769946778 -0.18780923769946778 -0.28636957656098727 -0.22630341182371366 -0.18780923769946778 -0.28636957656098727 -0.22630341182371366 -0.22630341182371366 -0.22630341182371366 -0.22630341182371366 -0.22317121506957385 -0.28636957656098727 -0.22630341182371366 -0.22630341182371366 -0.22630341182371366 -0.22630341182371366 -0.22630341182371366 -0.22630341182371366 -0.22630341182371366 -0.22630341182371366 -0.22630341182371366 -0.22630341182371366 -0.22630341182371366 -0.20945343779655382 -0.22630341182371366 -0.13929596235882102 -0.1913684417400766 -0.13929596235882102 -0.16196334120412 -0.13929596235882102 -0.13539984258135088 -0.13616106267817707 -0.13368674091098706 -0.131099050735774 -0.12922719457274306 -0.10183010042626754 -0.10116452724823892 -0.10096304308373494 -0.09955626004847055 -0.03478238421278174
-0.22317121506957385 -0.22317121506957385 -0.22317121506957385 -0.22317121506957385 -0.22317121506957385 -0.22317121506957385 -0.22317121506957385 -0.22317121506957385 -0.22317121506957385 -0.22317121506957385 -0.18780923769946778 -0.22317121506957385 -0.22317121506957385 -0.22317121506957385 -0.22317121506957385 -0.22317121506957385 -0.22317121506957385 -0.22317121506957385 -0.22317121506957385 -0.22317121506957385 -0.22317121506957385 -0.22317121506957385 -0.22317121506957385 -0.22317121506957385 -0.22317121506957385 -0.22317121506957385 -0.22317121506957385 -0.22317121506957385 -0.22317121506957385 -0.22317121506957385 -0.22317121506957385 -0.22317121506957385 -0.22317121506957385 -0.22317121506957385 -0.22317121506957385 -0.22317121506957385 -0.22317121506957385 -0.22317121506957385 -0.22317121506957385 -0.22317121506957385 -0.284613406359701 -0.284613406359701 -0.22317121506957385 -0.22317121506957385 -0.284613406359701 -0.22317121506957385 -0.22317121506957385 -0.22317121506957385 -0.22317121506957385 -0.284613406359701 -0.18780923769946778 -0.18780923769946778 -0.22317121506957385 -0.22317121506957385 -0.18780923769946778 -0.22317121506957385 -0.22317121506957385 -0.22317121506957385 -0.22317121506957385 -0.22317121506957385 -0.284613406359701 -0.22317121506957385 -0.22317121506957385 -0.22317121506957385 -0.22317121506957385 -0.22317121506957385 -0.22317121506957385 -0.22317121506957385 -0.22317121506957385 -0.22317121506957385 -0.22317121506957385 -0.22317121506957385 -0.22317121506957385 -0.20945343779655382 -0.22317121506957385 -0.13929596235882102 -0.1913684417400766 -0.13929596235882102 -0.16196334120412 -0.13929596235882102 -0.13539984258135088 -0.13616106267817707 -0.13368674091098706 -0.131099050735774 -0.12922719457274306 -0.10183010042626754 -0.10116452724823892 -0.10096304308373494 -0.09955626004847055 -0.03478238421278174
-0.2801733572679688 -0.2801733572679688 -0.2801733572679688 -0.2801733572679688 -0.2801733572679688 -0.2801733572679688 -0.2801733572679688 -0.2801733572679688 -0.2801733572679688 -0.2801733572679688 -0.18780923769946778 -0.2801733572679688 -0.2801733572679688 -0.2801733572679688 -0.2801733572679688 -0.2801733572679688 -0.2801733572679688 -0.2801733572679688 -0.2801733572679688 -0.2801733572679688 -0.2801733572679688 -0.2801733572679688 -0.2801733572679688 -0.2801733572679688 -0.2801733572679688 -0.2801733572679688 -0.2801733572679688 -0.2801733572679688 -0.2801733572679688 -0.2801733572679688 -0.2801733572679688 -0.2801733572679688 -0.2801733572679688 -0.2801733572679688 -0.2801733572679688 -0.2801733572679688 -0.2801733572679688 -0.2801733572679688 -0.2801733572679688 -0.2801733572679688 -0.22317121506957385 -0.22317121506957385 -0.22630341182371366 -0.22630341182371366 -0.22317121506957385 -0.22630341182371366 -0.2801733572679688 -0.2801733572679688 -0.2801733572679688 -0.22317121506957385 -0.18780923769946778 -0.18780923769946778 -0.22630341182371366 -0.2801733572679688 -0.18780923769946778 -0.22630341182371366 -0.2801733572679688 -0.2801733572679688 -0.2801733572679688 -0.2801733572679688 -0.22317121506957385 -0.22630341182371366 -0.2801733572679688 -0.2801733572679688 -0.2801733572679688 -0.2801733572679688 -0.2801733572679688 -0.2801733572679688 -0.2801733572679688 -0.2510129404658595 -0.2537526703201183 -0.24659748381816948 -0.24607646176938686 -0.20945343779655382 -0.23964894205554246 -0.13929596235882102 -0.1913684417400766 -0.13929596235882102 -0.16196334120412 -0.13929596235882102 -0.13539984258135088 -0.13616106267817707 -0.13368674091098706 -0.131099050735774 -0.12922719457274306 -0.10183010042626754 -0.10116452724823892 -0.10096304308373494 -0.09955626004847055 -0.03478238421278174
-0.2791805295103048 -0.2791805295103048 -0.2791805295103048 -0.2791805295103048 -0.2791805295103048 -0.2791805295103048 -0.2791805295103048 -0.2791805295103048 -0.2791805295103048 -0.2791805295103048 -0.18780923769946778 -0.2791805295103048 -0.2791805295103048 -0.2791805295103048 -0.2791805295103048 -0.2791805295103048 -0.2791805295103048 -0.2791805295103048 -0.2791805295103048 -0.2791805295103048 -0.2791805295103048 -0.2791805295103048 -0.2791805295103048 -0.2791805295103048 -0.2791805295103048 -0.2791805295103048 -0.2791805295103048 -0.2791805295103048 -0.2791805295103048 -0.2791805295103048 -0.2791805295103048 -0.2791805295103048 -0.2791805295103048 -0.2791805295103048 -0.2791805295103048 -0.2791805295103048 -0.2791805295103048 -0.2791805295103048 -0.2791805295103048 -0.2791805295103048 -0.22317121506957385 -0.22317121506957385 -0.22630341182371366 -0.22630341182371366 -0.22317121506957385 -0.22630341182371366 -0.2791805295103048 -0.2791805295103048 -0.2791805295103048 -0.22317121506957385 -0.18780923769946778 -0.18780923769946778 -0.22630341182371366 -0.2791805295103048 -0.18780923769946778 -0.22630341182371366 -0.2791805295103048 -0.2791805295103048 -0.2791805295103048 -0.2791805295103048 -0.22317121506957385 -0.22630341182371366 -0.2791805295103048 -0.2791805295103048 -0.2791805295103048 -0.2791805295103048 -0.2791805295103048 -0.2791805295103048 -0.2791805295103048 -0.2510129404658595 -0.2537526703201183 -0.24659748381816948 -0.24607646176938686 -0.20945343779655382 -0.23964894205554246 -0.13929596235882102 -0.1913684417400766 -0.13929596235882102 -0.16196334120412 -0.13929596235882102 -0.13539984258135088 -0.13616106267817707 -0.13368674091098706 -0.131099050735774 -0.12922719457274306 -0.10183010042626754 -0.10116452724823892 -0.10096304308373494 -0.09955626004847055 -0.03478238421278174
-0.2782614246851664 -0.2782614246851664 -0.2782614246851664 -0.2782614246851664 -0.2782614246851664 -0.2782614246851664 -0.2782614246851664 -0.2782614246851664 -0.2782614246851664 -0.2782614246851664 -0.18780923769946778 -0.2782614246851664 -0.2782614246851664 -0.2782614246851664 -0.2782614246851664 -0.2782614246851664 -0.2782614246851664 -0.2782614246851664 -0.2782614246851664 -0.2782614246851664 -0.2782614246851664 -0.2782614246851664 -0.2782614246851664 -0.2782614246851664 -0.2782614246851664 -0.2782614246851664 -0.2782614246851664 -0.2782614246851664 -0.2782614246851664 -0.2782614246851664 -0.2782614246851664 -0.2782614246851664 -0.2782614246851664 -0.2782614246851664 -0.2782614246851664 -0.2782614246851664 -0.2782614246851664 -0.2782614246851664 -0.2782614246851664 -0.2782614246851664 -0.22317121506957385 -0.22317121506957385 -0.22630341182371366 -0.22630341182371366 -0.22317121506957385 -0.22630341182371366 -0.2782614246851664 -0.2782614246851664 -0.2782614246851664 -0.22317121506957385 -0.18780923769946778 -0.18780923769946778 -0.22630341182371366 -0.2782614246851664 -0.18780923769946778 -0.22630341182371366 -0.2782614246851664 -0.2782614246851664 -0.2782614246851664 -0.2782614246851664 -0.22317121506957385 -0.22630341182371366 -0.2782614246851664 -0.2782614246851664 -0.2782614246851664 -0.2782614246851664 -0.2782614246851664 -0.2782614246851664 -0.2782614246851664 -0.2510129404658595 -0.2537526703201183 -0.24659748381816948 -0.24607646176938686 -0.20945343779655382 -0.23964894205554246 -0.13929596235882102 -0.1913684417400766 -0.13929596235882102 -0.16196334120412 -0.13929596235882102 -0.13539984258135088 -0.13616106267817707 -0.13368674091098706 -0.131099050735774 -0.12922719457274306 -0.10183010042626754 -0.10116452724823892 -0.10096304308373494 -0.09955626004847055 -0.03478238421278174
-0.2781900667041 -0.2781900667041 -0.2781900667041 -0.2781900667041 -0.2781900667041 -0.2781900667041 -0.2781900667041 -0.2781900667041 -0.2781900667041 -0.2781900667041 -0.18780923769946778 -0.2781900667041 -0.2781900667041 -0.2781900667041 -0.2781900667041 -0.2781900667041 -0.2781900667041 -0.2781900667041 -0.2781900667041 -0.2781900667041 -0.2781900667041 -0.2781900667041 -0.2781900667041 -0.2781900667041 -0.2781900667041 -0.2781900667041 -0.2781900667041 -0.2781900667041 -0.2781900667041 -0.2781900667041 -0.2781900667041 -0.2781900667041 -0.2781900667041 -0.2781900667041 -0.2781900667041 -0.2781900667041 -0.2781900667041 -0.2781900667041 -0.2781900667041 -0.2781900667041 -0.22317121506957385 -0.22317121506957385 -0.22630341182371366 -0.22630341182371366 -0.22317121506957385 -0.22630341182371366 -0.2781900667041 -0.2781900667041 -0.2781900667041 -0.22317121506957385 -0.18780923769946778 -0.18780923769946778 -0.22630341182371366 -0.2781900667041 -0.18780923769946778 -0.22630341182371366 -0.2781900667041 -0.2781900667041 -0.2781900667041 -0.2781900667041 -0.22317121506957385 -0.22630341182371366 -0.2781900667041 -0.2781900667041 -0.2781900667041 -0.2781900667041 -0.2781900667041 -0.2781900667041 -0.2781900667041 -0.2510129404658595 -0.2537526703201183 -0.24659748381816948 -0.24607646176938686 -0.20945343779655382 -0.23964894205554246 -0.13929596235882102 -0.1913684417400766 -0.13929596235882102 -0.16196334120412 -0.13929596235882102 -0.13539984258135088 -0.13616106267817707 -0.13368674091098706 -0.131099050735774 -0.12922719457274306 -0.10183010042626754 -0.10116452724823892 -0.10096304308373494 -0.09955626004847055 -0.03478238421278174
-0.16196334120412 -0.16196334120412 -0.16196334120412 -0.16196334120412 -0.16196334120412 -0.16196334120412 -0.16196334120412 -0.16196334120412 -0.16196334120412 -0.16196334120412 -0.16196334120412 -0.16196334120412 -0.16196334120412 -0.16196334120412 -0.16196334120412 -0.16196334120412 -0.16196334120412 -0.16196334120412 -0.16196334120412 -0.16196334120412 -0.16196334120412 -0.16196334120412 -0.16196334120412 -0.16196334120412 -0.16196334120412 -0.16196334120412 -0.16196334120412 -0.16196334120412 -0.16196334120412 -0.16196334120412 -0.16196334120412 -0.16196334120412 -0.16196334120412 -0.16196334120412 -0.16196334120412 -0.16196334120412 -0.16196334120412 -0.16196334120412 -0.16196334120412 -0.16196334120412 -0.16196334120412 -0.16196334120412 -0.16196334120412 -0.16196334120412 -0.16196334120412 -0.16196334120412 -0.16196334120412 -0.16196334120412 -0.16196334120412 -0.16196334120412 -0.16196334120412 -0.16196334120412 -0.16196334120412 -0.16196334120412 -0.16196334120412 -0.16196334120412 -0.16196334120412 -0.16196334120412 -0.16196334120412 -0.16196334120412 -0.16196334120412 -0.16196334120412 -0.16196334120412 -0.16196334120412 -0.16196334120412 -0.16196334120412 -0.16196334120412 -0.16196334120412 -0.16196334120412 -0.16196334120412 -0.16196334120412 -0.16196334120412 -0.16196334120412 -0.16196334120412 -0.16196334120412 -0.13929596235882102 -0.16196334120412 -0.13929596235882102 -0.16196334120412 -0.13929596235882102 -0.13539984258135088 -0.13616106267817707 -0.13368674091098706 -0.131099050735774 -0.12922719457274306 -0.10183010042626754 -0.10116452724823892 -0.10096304308373494 -0.09955626004847055 -0.03478238421278174
-0.12922719457274306 -0.12922719457274306 -0.12922719457274306 -0.12922719457274306 -0.12922719457274306 -0.12922719457274306 -0.12922719457274306 -0.12922719457274306 -0.12922719457274306 -0.12922719457274306 -0.12922719457274306 -0.12922719457274306 -0.12922719457274306 -0.12922719457274306 -0.12922719457274306 -0.12922719457274306 -0.12922719457274306 -0.12922719457274306 -0.12922719457274306 -0.12922719457274306 -0.12922719457274306 -0.12922719457274306 -0.12922719457274306 -0.12922719457274306 -0.12922719457274306 -0.12922719457274306 -0.12922719457274306 -0.12922719457274306 -0.12922719457274306 -0.12922719457274306 -0.12922719457274306 -0.12922719457274306 -0.12922719457274306 -0.12922719457274306 -0.12922719457274306 -0.12922719457274306 -0.12922719457274306 -0.12922719457274306 -0.12922719457274306 -0.12922719457274306 -0.12922719457274306 -0.12922719457274306 -0.12922719457274306 -0.12922719457274306 -0.12922719457274306 -0.12922719457274306 -0.12922719457274306 -0.12922719457274306 -0.12922719457274306 -0.12922719457274306 -0.12922719457274306 -0.12922719457274306 -0.12922719457274306 -0.12922719457274306 -0.12922719457274306 -0.12922719457274306 -0.12922719457274306 -0.12922719457274306 -0.12922719457274306 -0.12922719457274306 -0.12922719457274306 -0.12922719457274306 -0.12922719457274306 -0.12922719457274306 -0.12922719457274306 -0.12922719457274306 -0.12922719457274306 -0.12922719457274306 -0.12922719457274306 -0.12922719457274306 -0.12922719457274306 -0.12922719457274306 -0.12922719457274306 -0.12922719457274306 -0.12922719457274306 -0.12922719457274306 -0.12922719457274306 -0.12922719457274306 -0.12922719457274306 -0.12922719457274306 -0.12922719457274306 -0.12922719457274306 -0.12922719457274306 -0.12922719457274306 -0.12922719457274306 -0.10183010042626754 -0.10116452724823892 -0.10096304308373494 -0.09955626004847055 -0.03478238421278174
-0.12922719457274306 -0.12922719457274306 -0.12922719457274306 -0.12922719457274306 -0.12922719457274306 -0.12922719457274306 -0.12922719457274306 -0.12922719457274306 -0.12922719457274306 -0.12922719457274306 -0.12922719457274306 -0.12922719457274306 -0.12922719457274306 -0.12922719457274306 -0.12922719457274306 -0.12922719457274306 -0.12922719457274306 -0.12922719457274306 -0.12922719457274306 -0.12922719457274306 -0.12922719457274306 -0.12922719457274306 -0.12922719457274306 -0.12922719457274306 -0.12922719457274306 -0.12922719457274306 -0.12922719457274306 -0.12922719457274306 -0.12922719457274306 -0.12922719457274306 -0.12922719457274306 -0.12922719457274306 -0.12922719457274306 -0.12922719457274306 -0.12922719457274306 -0.12922719457274306 -0.12922719457274306 -0.12922719457274306 -0.12922719457274306 -0.12922719457274306 -0.12922719457274306 -0.12922719457274306 -0.12922719457274306 -0.12922719457274306 -0.12922719457274306 -0.12922719457274306 -0.12922719457274306 -0.12922719457274306 -0.12922719457274306 -0.12922719457274306 -0.12922719457274306 -0.12922719457274306 -0.12922719457274306 -0.12922719457274306 -0.12922719457274306 -0.12922719457274306 -0.12922719457274306 -0.12922719457274306 -0.12922719457274306 -0.12922719457274306 -0.12922719457274306 -0.12922719457274306 -0.12922719457274306 -0.12922719457274306 -0.12922719457274306 -0.12922719457274306 -0.12922719457274306 -0.12922719457274306 -0.12922719457274306 -0.12922719457274306 -0.12922719457274306 -0.12922719457274306 -0.12922719457274306 -0.12922719457274306 -0.12922719457274306 -0.12922719457274306 -0.12922719457274306 -0.12922719457274306 -0.12922719457274306 -0.12922719457274306 -0.12922719457274306 -0.12922719457274306 -0.12922719457274306 -0.12922719457274306 -0.12922719457274306 -0.10183010042626754 -0.10116452724823892 -0.10096304308373494 -0.09955626004847055 -0.03478238421278174
-0.22317121506957385 -0.22317121506957385 -0.22317121506957385 -0.22317121506957385 -0.22317121506957385 -0.22317121506957385 -0.22317121506957385 -0.22317121506957385 -0.22317121506957385 -0.22317121506957385 -0.18780923769946778 -0.22317121506957385 -0.22317121506957385 -0.22317121506957385 -0.22317121506957385 -0.22317121506957385 -0.22317121506957385 -0.22317121506957385 -0.22317121506957385 -0.22317121506957385 -0.22317121506957385 -0.22317121506957385 -0.22317121506957385 -0.22317121506957385 -0.22317121506957385 -0.22317121506957385 -0.22317121506957385 -0.22317121506957385 -0.22317121506957385 -0.22317121506957385 -0.22317121506957385 -0.22317121506957385 -0.22317121506957385 -0.22317121506957385 -0.22317121506957385 -0.22317121506957385 -0.22317121506957385 -0.22317121506957385 -0.22317121506957385 -0.22317121506957385 -0.22317121506957385 -0.22317121506957385 -0.22317121506957385 -0.22317121506957385 -0.22317121506957385 -0.22317121506957385 -0.22317121506957385 -0.22317121506957385 -0.22317121506957385 -0.22317121506957385 -0.18780923769946778 -0.18780923769946778 -0.22317121506957385 -0.22317121506957385 -0.18780923769946778 -0.22317121506957385 -0.22317121506957385 -0.22317121506957385 -0.22317121506957385 -0.22317121506957385 -0.22317121506957385 -0.22317121506957385 -0.22317121506957385 -0.22317121506957385 -0.22317121506957385 -0.22317121506957385 -0.22317121506957385 -0.22317121506957385 -0.22317121506957385 -0.22317121506957385 -0.22317121506957385 -0.22317121506957385 -0.22317121506957385 -0.20945343779655382 -0.22317121506957385 -0.13929596235882102 -0.1913684417400766 -0.13929596235882102 -0.16196334120412 -0.13929596235882102 -0.13539984258135088 -0.13616106267817707 -0.13368674091098706 -0.131099050735774 -0.12922719457274306 -0.10183010042626754 -0.10116452724823892 -0.10096304308373494 -0.09955626004847055 -0.03478238421278174
-0.22630341182371366 -0.22630341182371366 -0.22630341182371366 -0.22630341182371366 -0.22630341182371366 -0.22630341182371366 -0.22630341182371366 -0.22630341182371366 -0.22630341182371366 -0.22630341182371366 -0.18780923769946778 -0.22630341182371366 -0.22630341182371366 -0.22630341182371366 -0.22630341182371366 -0.22630341182371366 -0.22630341182371366 -0.22630341182371366 -0.22630341182371366 -0.22630341182371366 -0.22630341182371366 -0.22630341182371366 -0.22630341182371366 -0.22630341182371366 -0.22630341182371366 -0.22630341182371366 -0.22630341182371366 -0.22630341182371366 -0.22630341182371366 -0.22630341182371366 -0.22630341182371366 -0.22630341182371366 -0.22630341182371366 -0.22630341182371366 -0.22630341182371366 -0.22630341182371366 -0.22630341182371366 -0.22630341182371366 -0.22630341182371366 -0.22630341182371366 -0.22317121506957385 -0.22317121506957385 -0.22630341182371366 -0.22630341182371366 -0.22317121506957385 -0.22630341182371366 -0.22630341182371366 -0.22630341182371366 -0.22630341182371366 -0.22317121506957385 -0.18780923769946778 -0.18780923769946778 -0.22630341182371366 -0.22630341182371366 -0.18780923769946778 -0.22630341182371366 -0.22630341182371366 -0.22630341182371366 -0.22630341182371366 -0.22630341182371366 -0.22317121506957385 -0.22630341182371366 -0.22630341182371366 -0.22630341182371366 -0.22630341182371366 -0.22630341182371366 -0.22630341182371366 -0.22630341182371366 -0.22630341182371366 -0.22630341182371366 -0.22630341182371366 -0.22630341182371366 -0.22630341182371366 -0.20945343779655382 -0.22630341182371366 -0.13929596235882102 -0.1913684417400766 -0.13929596235882102 -0.16196334120412 -0.13929596235882102 -0.13539984258135088 -0.13616106267817707 -0.13368674091098706 -0.131099050735774 -0.12922719457274306 -0.10183010042626754 -0.10116452724823892 -0.10096304308373494 -0.09955626004847055 -0.03478238421278174
-0.23964894205554246 -0.23964894205554246 -0.23964894205554246 -0.23964894205554246 -0.23964894205554246 -0.23964894205554246 -0.23964894205554246 -0.23964894205554246 -0.23964894205554246 -0.23964894205554246 -0.18780923769946778 -0.23964894205554246 -0.23964894205554246 -0.23964894205554246 -0.23964894205554246 -0.23964894205554246 -0.23964894205554246 -0.23964894205554246 -0.23964894205554246 -0.23964894205554246 -0.23964894205554246 -0.23964894205554246 -0.23964894205554246 -0.23964894205554246 -0.23964894205554246 -0.23964894205554246 -0.23964894205554246 -0.23964894205554246 -0.23964894205554246 -0.23964894205554246 -0.23964894205554246 -0.23964894205554246 -0.23964894205554246 -0.23964894205554246 -0.23964894205554246 -0.23964894205554246 -0.23964894205554246 -0.23964894205554246 -0.23964894205554246 -0.23964894205554246 -0.22317121506957385 -0.22317121506957385 -0.22630341182371366 -0.22630341182371366 -0.22317121506957385 -0.22630341182371366 -0.23964894205554246 -0.23964894205554246 -0.23964894205554246 -0.22317121506957385 -0.18780923769946778 -0.18780923769946778 -0.22630341182371366 -0.23964894205554246 -0.18780923769946778 -0.22630341182371366 -0.23964894205554246 -0.23964894205554246 -0.23964894205554246 -0.23964894205554246 -0.22317121506957385 -0.22630341182371366 -0.23964894205554246 -0.23964894205554246 -0.23964894205554246 -0.23964894205554246 -0.23964894205554246 -0.23964894205554246 -0.23964894205554246 -0.23964894205554246 -0.23964894205554246 -0.23964894205554246 -0.23964894205554246 -0.20945343779655382 -0.23964894205554246 -0.13929596235882102 -0.1913684417400766 -0.13929596235882102 -0.16196334120412 -0.13929596235882102 -0.13539984258135088 -0.13616106267817707 -0.13368674091098706 -0.131099050735774 -0.12922719457274306 -0.10183010042626754 -0.10116452724823892 -0.10096304308373494 -0.09955626004847055 -0.03478238421278174
-0.2510129404658595 -0.2510129404658595 -0.2510129404658595 -0.2510129404658595 -0.2510129404658595 -0.2510129404658595 -0.2510129404658595 -0.2510129404658595 -0.2510129404658595 -0.2510129404658595 -0.18780923769946778 -0.2510129404658595 -0.2510129404658595 -0.2510129404658595 -0.2510129404658595 -0.2510129404658595 -0.2510129404658595 -0.2510129404658595 -0.2510129404658595 -0.2510129404658595 -0.2510129404658595 -0.2510129404658595 -0.2510129404658595 -0.2510129404658595 -0.2510129404658595 -0.2510129404658595 -0.2510129404658595 -0.2510129404658595 -0.2510129404658595 -0.2510129404658595 -0.2510129404658595 -0.2510129404658595 -0.2510129404658595 -0.2510129404658595 -0.2510129404658595 -0.2510129404658595 -0.2510129404658595 -0.2510129404658595 -0.2510129404658595 -0.2510129404658595 -0.22317121506957385 -0.22317121506957385 -0.22630341182371366 -0.22630341182371366 -0.22317121506957385 -0.22630341182371366 -0.2510129404658595 -0.2510129404658595 -0.2510129404658595 -0.22317121506957385 -0.18780923769946778 -0.18780923769946778 -0.22630341182371366 -0.2510129404658595 -0.18780923769946778 -0.22630341182371366 -0.2510129404658595 -0.2510129404658595 -0.2510129404658595 -0.2510129404658595 -0.22317121506957385 -0.22630341182371366 -0.2510129404658595 -0.2510129404658595 -0.2510129404658595 -0.2510129404658595 -0.2510129404658595 -0.2510129404658595 -0.2510129404658595 -0.2510129404658595 -0.2510129404658595 -0.24659748381816948 -0.24607646176938686 -0.20945343779655382 -0.23964894205554246 -0.13929596235882102 -0.1913684417400766 -0.13929596235882102 -0.16196334120412 -0.13929596235882102 -0.13539984258135088 -0.13616106267817707 -0.13368674091098706 -0.131099050735774 -0.12922719457274306 -0.10183010042626754 -0.10116452724823892 -0.10096304308373494 -0.09955626004847055 -0.03478238421278174
-0.2584075382117998 -0.2584075382117998 -0.2584075382117998 -0.2584075382117998 -0.2584075382117998 -0.2584075382117998 -0.2584075382117998 -0.2584075382117998 -0.2584075382117998 -0.2584075382117998 -0.18780923769946778 -0.2584075382117998 -0.2584075382117998 -0.2584075382117998 -0.2584075382117998 -0.2584075382117998 -0.2584075382117998 -0.2584075382117998 -0.2584075382117998 -0.2584075382117998 -0.2584075382117998 -0.2584075382117998 -0.2584075382117998 -0.2584075382117998 -0.2584075382117998 -0.2584075382117998 -0.2584075382117998 -0.2584075382117998 -0.2584075382117998 -0.2584075382117998 -0.2584075382117998 -0.2584075382117998 -0.2584075382117998 -0.2584075382117998 -0.2584075382117998 -0.2584075382117998 -0.2584075382117998 -0.2584075382117998 -0.2584075382117998 -0.2584075382117998 -0.22317121506957385 -0.22317121506957385 -0.22630341182371366 -0.22630341182371366 -0.22317121506957385 -0.22630341182371366 -0.2584075382117998 -0.2584075382117998 -0.2584075382117998 -0.22317121506957385 -0.18780923769946778 -0.18780923769946778 -0.22630341182371366 -0.2584075382117998 -0.18780923769946778 -0.22630341182371366 -0.2584075382117998 -0.2584075382117998 -0.2584075382117998 -0.2584075382117998 -0.22317121506957385 -0.22630341182371366 -0.2584075382117998 -0.2584075382117998 -0.2584075382117998 -0.2584075382117998 -0.2584075382117998 -0.2584075382117998 -0.2584075382117998 -0.2510129404658595 -0.2537526703201183 -0.24659748381816948 -0.24607646176938686 -0.20945343779655382 -0.23964894205554246 -0.13929596235882102 -0.1913684417400766 -0.13929596235882102 -0.16196334120412 -0.13929596235882102 -0.13539984258135088 -0.13616106267817707 -0.13368674091098706 -0.131099050735774 -0.12922719457274306 -0.10183010042626754 -0.10116452724823892 -0.10096304308373494 -0.09955626004847055 -0.03478238421278174
-0.2542833823308932 -0.2542833823308932 -0.2542833823308932 -0.2542833823308932 -0.2542833823308932 -0.2542833823308932 -0.2542833823308932 -0.2542833823308932 -0.2542833823308932 -0.2542833823308932 -0.18780923769946778 -0.2542833823308932 -0.2542833823308932 -0.2542833823308932 -0.2542833823308932 -0.2542833823308932 -0.2542833823308932 -0.2542833823308932 -0.2542833823308932 -0.2542833823308932 -0.2542833823308932 -0.2542833823308932 -0.2542833823308932 -0.2542833823308932 -0.2542833823308932 -0.2542833823308932 -0.2542833823308932 -0.2542833823308932 -0.2542833823308932 -0.2542833823308932 -0.2542833823308932 -0.2542833823308932 -0.2542833823308932 -0.2542833823308932 -0.2542833823308932 -0.2542833823308932 -0.2542833823308932 -0.2542833823308932 -0.2542833823308932 -0.2542833823308932 -0.22317121506957385 -0.22317121506957385 -0.22630341182371366 -0.22630341182371366 -0.22317121506957385 -0.22630341182371366 -0.2542833823308932 -0.2542833823308932 -0.2542833823308932 -0.22317121506957385 -0.18780923769946778 -0.18780923769946778 -0.22630341182371366 -0.2542833823308932 -0.18780923769946778 -0.22630341182371366 -0.2542833823308932 -0.2542833823308932 -0.2542833823308932 -0.2542833823308932 -0.22317121506957385 -0.22630341182371366 -0.2542833823308932 -0.2542833823308932 -0.2542833823308932 -0.2542833823308932 -0.2542833823308932 -0.2542833823308932 -0.2542833823308932 -0.2510129404658595 -0.2537526703201183 -0.24659748381816948 -0.24607646176938686 -0.20945343779655382 -0.23964894205554246 -0.13929596235882102 -0.1913684417400766 -0.13929596235882102 -0.16196334120412 -0.13929596235882102 -0.13539984258135088 -0.13616106267817707 -0.13368674091098706 -0.131099050735774 -0.12922719457274306 -0.10183010042626754 -0.10116452724823892 -0.10096304308373494 -0.09955626004847055 -0.03478238421278174
-0.16196334120412 -0.16196334120412 -0.16196334120412 -0.16196334120412 -0.16196334120412 -0.16196334120412 -0.16196334120412 -0.16196334120412 -0.16196334120412 -0.16196334120412 -0.16196334120412 -0.16196334120412 -0.16196334120412 -0.16196334120412 -0.16196334120412 -0.16196334120412 -0.16196334120412 -0.16196334120412 -0.16196334120412 -0.16196334120412 -0.16196334120412 -0.16196334120412 -0.16196334120412 -0.16196334120412 -0.16196334120412 -0.16196334120412 -0.16196334120412 -0.16196334120412 -0.16196334120412 -0.16196334120412 -0.16196334120412 -0.16196334120412 -0.16196334120412 -0.16196334120412 -0.16196334120412 -0.16196334120412 -0.16196334120412 -0.16196334120412 -0.16196334120412 -0.16196334120412 -0.16196334120412 -0.16196334120412 -0.16196334120412 -0.16196334120412 -0.16196334120412 -0.16196334120412 -0.16196334120412 -0.16196334120412 -0.16196334120412 -0.16196334120412 -0.16196334120412 -0.16196334120412 -0.16196334120412 -0.16196334120412 -0.16196334120412 -0.16196334120412 -0.16196334120412 -0.16196334120412 -0.16196334120412 -0.16196334120412 -0.16196334120412 -0.16196334120412 -0.16196334120412 -0.16196334120412 -0.16196334120412 -0.16196334120412 -0.16196334120412 -0.16196334120412 -0.16196334120412 -0.16196334120412 -0.16196334120412 -0.16196334120412 -0.16196334120412 -0.16196334120412 -0.16196334120412 -0.13929596235882102 -0.16196334120412 -0.13929596235882102 -0.16196334120412 -0.13929596235882102 -0.13539984258135088 -0.13616106267817707 -0.13368674091098706 -0.131099050735774 -0.12922719457274306 -0.10183010042626754 -0.10116452724823892 -0.10096304308373494 -0.09955626004847055 -0.03478238421278174
-0.1913684417400766 -0.1913684417400766 -0.1913684417400766 -0.1913684417400766 -0.1913684417400766 -0.1913684417400766 -0.1913684417400766 -0.1913684417400766 -0.1913684417400766 -0.1913684417400766 -0.18780923769946778 -0.1913684417400766 -0.1913684417400766 -0.1913684417400766 -0.1913684417400766 -0.1913684417400766 -0.1913684417400766 -0.1913684417400766 -0.1913684417400766 -0.1913684417400766 -0.1913684417400766 -0.1913684417400766 -0.1913684417400766 -0.1913684417400766 -0.1913684417400766 -0.1913684417400766 -0.1913684417400766 -0.1913684417400766 -0.1913684417400766 -0.1913684417400766 -0.1913684417400766 -0.1913684417400766 -0.1913684417400766 -0.1913684417400766 -0.1913684417400766 -0.1913684417400766 -0.1913684417400766 -0.1913684417400766 -0.1913684417400766 -0.1913684417400766 -0.1913684417400766 -0.1913684417400766 -0.1913684417400766 -0.1913684417400766 -0.1913684417400766 -0.1913684417400766 -0.1913684417400766 -0.1913684417400766 -0.1913684417400766 -0.1913684417400766 -0.18780923769946778 -0.18780923769946778 -0.1913684417400766 -0.1913684417400766 -0.18780923769946778 -0.1913684417400766 -0.1913684417400766 -0.1913684417400766 -0.1913684417400766 -0.1913684417400766 -0.1913684417400766 -0.1913684417400766 -0.1913684417400766 -0.1913684417400766 -0.1913684417400766 -0.1913684417400766 -0.1913684417400766 -0.1913684417400766 -0.1913684417400766 -0.1913684417400766 -0.1913684417400766 -0.1913684417400766 -0.1913684417400766 -0.1913684417400766 -0.1913684417400766 -0.13929596235882102 -0.1913684417400766 -0.13929596235882102 -0.16196334120412 -0.13929596235882102 -0.13539984258135088 -0.13616106267817707 -0.13368674091098706 -0.131099050735774 -0.12922719457274306 -0.10183010042626754 -0.10116452724823892 -0.10096304308373494 -0.09955626004847055 -0.03478238421278174
-0.2396938119476352 -0.2396938119476352 -0.2396938119476352 -0.2396938119476352 -0.2396938119476352 -0.2396938119476352 -0.2396938119476352 -0.2396938119476352 -0.2396938119476352 -0.2396938119476352 -0.18780923769946778 -0.2396938119476352 -0.2396938119476352 -0.2396938119476352 -0.2396938119476352 -0.2396938119476352 -0.2396938119476352 -0.2396938119476352 -0.2396938119476352 -0.2396938119476352 -0.2396938119476352 -0.2396938119476352 -0.2396938119476352 -0.2396938119476352 -0.2396938119476352 -0.2396938119476352 -0.2396938119476352 -0.2396938119476352 -0.2396938119476352 -0.2396938119476352 -0.2396938119476352 -0.2396938119476352 -0.2396938119476352 -0.2396938119476352 -0.2396938119476352 -0.2396938119476352 -0.2396938119476352 -0.2396938119476352 -0.2396938119476352 -0.2396938119476352 -0.22317121506957385 -0.22317121506957385 -0.22630341182371366 -0.22630341182371366 -0.22317121506957385 -0.22630341182371366 -0.2396938119476352 -0.2396938119476352 -0.2396938119476352 -0.22317121506957385 -0.18780923769946778 -0.18780923769946778 -0.22630341182371366 -0.2396938119476352 -0.18780923769946778 -0.22630341182371366 -0.2396938119476352 -0.2396938119476352 -0.2396938119476352 -0.2396938119476352 -0.22317121506957385 -0.22630341182371366 -0.2396938119476352 -0.2396938119476352 -0.2396938119476352 -0.2396938119476352 -0.2396938119476352 -0.2396938119476352 -0.2396938119476352 -0.2396938119476352 -0.2396938119476352 -0.2396938119476352 -0.2396938119476352 -0.20945343779655382 -0.23964894205554246 -0.13929596235882102 -0.1913684417400766 -0.13929596235882102 -0.16196334120412 -0.13929596235882102 -0.13539984258135088 -0.13616106267817707 -0.13368674091098706 -0.131099050735774 -0.12922719457274306 -0.10183010042626754 -0.10116452724823892 -0.10096304308373494 -0.09955626004847055 -0.03478238421278174
-0.2113666410973255 -0.2113666410973255 -0.2113666410973255 -0.2113666410973255 -0.2113666410973255 -0.2113666410973255 -0.2113666410973255 -0.2113666410973255 -0.2113666410973255 -0.2113666410973255 -0.18780923769946778 -0.2113666410973255 -0.2113666410973255 -0.2113666410973255 -0.2113666410973255 -0.2113666410973255 -0.2113666410973255 -0.2113666410973255 -0.2113666410973255 -0.2113666410973255 -0.2113666410973255 -0.2113666410973255 -0.2113666410973255 -0.2113666410973255 -0.2113666410973255 -0.2113666410973255 -0.2113666410973255 -0.2113666410973255 -0.2113666410973255 -0.2113666410973255 -0.2113666410973255 -0.2113666410973255 -0.2113666410973255 -0.2113666410973255 -0.2113666410973255 -0.2113666410973255 -0.2113666410973255 -0.2113666410973255 -0.2113666410973255 -0.2113666410973255 -0.2113666410973255 -0.2113666410973255 -0.2113666410973255 -0.2113666410973255 -0.2113666410973255 -0.2113666410973255 -0.2113666410973255 -0.2113666410973255 -0.2113666410973255 -0.2113666410973255 -0.18780923769946778 -0.18780923769946778 -0.2113666410973255 -0.2113666410973255 -0.18780923769946778 -0.2113666410973255 -0.2113666410973255 -0.2113666410973255 -0.2113666410973255 -0.2113666410973255 -0.2113666410973255 -0.2113666410973255 -0.2113666410973255 -0.2113666410973255 -0.2113666410973255 -0.2113666410973255 -0.2113666410973255 -0.2113666410973255 -0.2113666410973255 -0.2113666410973255 -0.2113666410973255 -0.2113666410973255 -0.2113666410973255 -0.20945343779655382 -0.2113666410973255 -0.13929596235882102 -0.1913684417400766 -0.13929596235882102 -0.16196334120412 -0.13929596235882102 -0.13539984258135088 -0.13616106267817707 -0.13368674091098706 -0.131099050735774 -0.12922719457274306 -0.10183010042626754 -0.10116452724823892 -0.10096304308373494 -0.09955626004847055 -0.03478238421278174
-0.20743302617065912 -0.20743302617065912 -0.20743302617065912 -0.20743302617065912 -0.20743302617065912 -0.20743302617065912 -0.20743302617065912 -0.20743302617065912 -0.20743302617065912 -0.20743302617065912 -0.18780923769946778 -0.20743302617065912 -0.20743302617065912 -0.20743302617065912 -0.20743302617065912 -0.20743302617065912 -0.20743302617065912 -0.20743302617065912 -0.20743302617065912 -0.20743302617065912 -0.20743302617065912 -0.20743302617065912 -0.20743302617065912 -0.20743302617065912 -0.20743302617065912 -0.20743302617065912 -0.20743302617065912 -0.20743302617065912 -0.20743302617065912 -0.20743302617065912 -0.20743302617065912 -0.20743302617065912 -0.20743302617065912 -0.20743302617065912 -0.20743302617065912 -0.20743302617065912 -0.20743302617065912 -0.20743302617065912 -0.20743302617065912 -0.20743302617065912 -0.20743302617065912 -0.20743302617065912 -0.20743302617065912 -0.20743302617065912 -0.20743302617065912 -0.20743302617065912 -0.20743302617065912 -0.20743302617065912 -0.20743302617065912 -0.20743302617065912 -0.18780923769946778 -0.18780923769946778 -0.20743302617065912 -0.20743302617065912 -0.18780923769946778 -0.20743302617065912 -0.20743302617065912 -0.20743302617065912 -0.20743302617065912 -0.20743302617065912 -0.20743302617065912 -0.20743302617065912 -0.20743302617065912 -0.20743302617065912 -0.20743302617065912 -0.20743302617065912 -0.20743302617065912 -0.20743302617065912 -0.20743302617065912 -0.20743302617065912 -0.20743302617065912 -0.20743302617065912 -0.20743302617065912 -0.20743302617065912 -0.20743302617065912 -0.13929596235882102 -0.1913684417400766 -0.13929596235882102 -0.16196334120412 -0.13929596235882102 -0.13539984258135088 -0.13616106267817707 -0.13368674091098706 -0.131099050735774 -0.12922719457274306 -0.10183010042626754 -0.10116452724823892 -0.10096304308373494 -0.09955626004847055 -0.03478238421278174
-0.09955626004847055 -0.09955626004847055 -0.09955626004847055 -0.09955626004847055 -0.09955626004847055 -0.09955626004847055 -0.09955626004847055 -0.09955626004847055 -0.09955626004847055 -0.09955626004847055 -0.09955626004847055 -0.09955626004847055 -0.09955626004847055 -0.09955626004847055 -0.09955626004847055 -0.09955626004847055 -0.09955626004847055 -0.09955626004847055 -0.09955626004847055 -0.09955626004847055 -0.09955626004847055 -0.09955626004847055 -0.09955626004847055 -0.09955626004847055 -0.09955626004847055 -0.09955626004847055 -0.09955626004847055 -0.09955626004847055 -0.09955626004847055 -0.09955626004847055 -0.09955626004847055 -0.09955626004847055 -0.09955626004847055 -0.09955626004847055 -0.09955626004847055 -0.09955626004847055 -0.09955626004847055 -0.09955626004847055 -0.09955626004847055 -0.09955626004847055 -0.09955626004847055 -0.09955626004847055 -0.09955626004847055 -0.09955626004847055 -0.09955626004847055 -0.09955626004847055 -0.09955626004847055 -0.09955626004847055 -0.09955626004847055 -0.09955626004847055 -0.09955626004847055 -0.09955626004847055 -0.09955626004847055 -0.09955626004847055 -0.09955626004847055 -0.09955626004847055 -0.09955626004847055 -0.09955626004847055 -0.09955626004847055 -0.09955626004847055 -0.09955626004847055 -0.09955626004847055 -0.09955626004847055 -0.09955626004847055 -0.09955626004847055 -0.09955626004847055 -0.09955626004847055 -0.09955626004847055 -0.09955626004847055 -0.09955626004847055 -0.09955626004847055 -0.09955626004847055 -0.09955626004847055 -0.09955626004847055 -0.09955626004847055 -0.09955626004847055 -0.09955626004847055 -0.09955626004847055 -0.09955626004847055 -0.09955626004847055 -0.09955626004847055 -0.09955626004847055 -0.09955626004847055 -0.09955626004847055 -0.09955626004847055 -0.09955626004847055 -0.09955626004847055 -0.09955626004847055 -0.09955626004847055 -0.03478238421278174
-0.09955626004847055 -0.09955626004847055 -0.09955626004847055 -0.09955626004847055 -0.09955626004847055 -0.09955626004847055 -0.09955626004847055 -0.09955626004847055 -0.09955626004847055 -0.09955626004847055 -0.09955626004847055 -0.09955626004847055 -0.09955626004847055 -0.09955626004847055 -0.09955626004847055 -0.09955626004847055 -0.09955626004847055 -0.09955626004847055 -0.09955626004847055 -0.09955626004847055 -0.09955626004847055 -0.09955626004847055 -0.09955626004847055 -0.09955626004847055 -0.09955626004847055 -0.09955626004847055 -0.09955626004847055 -0.09955626004847055 -0.09955626004847055 -0.09955626004847055 -0.09955626004847055 -0.09955626004847055 -0.09955626004847055 -0.09955626004847055 -0.09955626004847055 -0.09955626004847055 -0.09955626004847055 -0.09955626004847055 -0.09955626004847055 -0.09955626004847055 -0.09955626004847055 -0.09955626004847055 -0.09955626004847055 -0.09955626004847055 -0.09955626004847055 -0.09955626004847055 -0.09955626004847055 -0.09955626004847055 -0.09955626004847055 -0.09955626004847055 -0.09955626004847055 -0.09955626004847055 -0.09955626004847055 -0.09955626004847055 -0.09955626004847055 -0.09955626004847055 -0.09955626004847055 -0.09955626004847055 -0.09955626004847055 -0.09955626004847055 -0.09955626004847055 -0.09955626004847055 -0.09955626004847055 -0.09955626004847055 -0.09955626004847055 -0.09955626004847055 -0.09955626004847055 -0.09955626004847055 -0.09955626004847055 -0.09955626004847055 -0.09955626004847055 -0.09955626004847055 -0.09955626004847055 -0.09955626004847055 -0.09955626004847055 -0.09955626004847055 -0.09955626004847055 -0.09955626004847055 -0.09955626004847055 -0.09955626004847055 -0.09955626004847055 -0.09955626004847055 -0.09955626004847055 -0.09955626004847055 -0.09955626004847055 -0.09955626004847055 -0.09955626004847055 -0.09955626004847055 -0.09955626004847055 -0.03478238421278174
-0.17220077718696933 -0.17220077718696933 -0.17220077718696933 -0.17220077718696933 -0.17220077718696933 -0.17220077718696933 -0.17220077718696933 -0.17220077718696933 -0.17220077718696933 -0.17220077718696933 -0.17220077718696933 -0.17220077718696933 -0.17220077718696933 -0.17220077718696933 -0.17220077718696933 -0.17220077718696933 -0.17220077718696933 -0.17220077718696933 -0.17220077718696933 -0.17220077718696933 -0.17220077718696933 -0.17220077718696933 -0.17220077718696933 -0.17220077718696933 -0.17220077718696933 -0.17220077718696933 -0.17220077718696933 -0.17220077718696933 -0.17220077718696933 -0.17220077718696933 -0.17220077718696933 -0.17220077718696933 -0.17220077718696933 -0.17220077718696933 -0.17220077718696933 -0.17220077718696933 -0.17220077718696933 -0.17220077718696933 -0.17220077718696933 -0.17220077718696933 -0.17220077718696933 -0.17220077718696933 -0.17220077718696933 -0.17220077718696933 -0.17220077718696933 -0.17220077718696933 -0.17220077718696933 -0.17220077718696933 -0.17220077718696933 -0.17220077718696933 -0.17220077718696933 -0.17220077718696933 -0.17220077718696933 -0.17220077718696933 -0.17220077718696933 -0.17220077718696933 -0.17220077718696933 -0.17220077718696933 -0.17220077718696933 -0.17220077718696933 -0.17220077718696933 -0.17220077718696933 -0.17220077718696933 -0.17220077718696933 -0.17220077718696933 -0.17220077718696933 -0.17220077718696933 -0.17220077718696933 -0.17220077718696933 -0.17220077718696933 -0.17220077718696933 -0.17220077718696933 -0.17220077718696933 -0.17220077718696933 -0.17220077718696933 -0.13929596235882102 -0.17220077718696933 -0.13929596235882102 -0.16196334120412 -0.13929596235882102 -0.13539984258135088 -0.13616106267817707 -0.13368674091098706 -0.131099050735774 -0.12922719457274306 -0.10183010042626754 -0.10116452724823892 -0.10096304308373494 -0.09955626004847055 -0.03478238421278174
-0.14212952060140535 -0.14212952060140535 -0.14212952060140535 -0.14212952060140535 -0.14212952060140535 -0.14212952060140535 -0.14212952060140535 -0.14212952060140535 -0.14212952060140535 -0.14212952060140535 -0.14212952060140535 -0.14212952060140535 -0.14212952060140535 -0.14212952060140535 -0.14212952060140535 -0.14212952060140535 -0.14212952060140535 -0.14212952060140535 -0.14212952060140535 -0.14212952060140535 -0.14212952060140535 -0.14212952060140535 -0.14212952060140535 -0.14212952060140535 -0.14212952060140535 -0.14212952060140535 -0.14212952060140535 -0.14212952060140535 -0.14212952060140535 -0.14212952060140535 -0.14212952060140535 -0.14212952060140535 -0.14212952060140535 -0.14212952060140535 -0.14212952060140535 -0.14212952060140535 -0.14212952060140535 -0.14212952060140535 -0.14212952060140535 -0.14212952060140535 -0.14212952060140535 -0.14212952060140535 -0.14212952060140535 -0.14212952060140535 -0.14212952060140535 -0.14212952060140535 -0.14212952060140535 -0.14212952060140535 -0.14212952060140535 -0.14212952060140535 -0.14212952060140535 -0.14212952060140535 -0.14212952060140535 -0.14212952060140535 -0.14212952060140535 -0.14212952060140535 -0.14212952060140535 -0.14212952060140535 -0.14212952060140535 -0.14212952060140535 -0.14212952060140535 -0.14212952060140535 -0.14212952060140535 -0.14212952060140535 -0.14212952060140535 -0.14212952060140535 -0.14212952060140535 -0.14212952060140535 -0.14212952060140535 -0.14212952060140535 -0.14212952060140535 -0.14212952060140535 -0.14212952060140535 -0.14212952060140535 -0.14212952060140535 -0.13929596235882102 -0.14212952060140535 -0.13929596235882102 -0.14212952060140535 -0.13929596235882102 -0.13539984258135088 -0.13616106267817707 -0.13368674091098706 -0.131099050735774 -0.12922719457274306 -0.10183010042626754 -0.10116452724823892 -0.10096304308373494 -0.09955626004847055 -0.03478238421278174
-0.12922719457274306 -0.12922719457274306 -0.12922719457274306 -0.12922719457274306 -0.12922719457274306 -0.12922719457274306 -0.12922719457274306 -0.12922719457274306 -0.12922719457274306 -0.12922719457274306 -0.12922719457274306 -0.12922719457274306 -0.12922719457274306 -0.12922719457274306 -0.12922719457274306 -0.12922719457274306 -0.12922719457274306 -0.12922719457274306 -0.12922719457274306 -0.12922719457274306 -0.12922719457274306 -0.12922719457274306 -0.12922719457274306 -0.12922719457274306 -0.12922719457274306 -0.12922719457274306 -0.12922719457274306 -0.12922719457274306 -0.12922719457274306 -0.12922719457274306 -0.12922719457274306 -0.12922719457274306 -0.12922719457274306 -0.12922719457274306 -0.12922719457274306 -0.12922719457274306 -0.12922719457274306 -0.12922719457274306 -0.12922719457274306 -0.12922719457274306 -0.12922719457274306 -0.12922719457274306 -0.12922719457274306 -0.12922719457274306 -0.12922719457274306 -0.12922719457274306 -0.12922719457274306 -0.12922719457274306 -0.12922719457274306 -0.12922719457274306 -0.12922719457274306 -0.12922719457274306 -0.12922719457274306 -0.12922719457274306 -0.12922719457274306 -0.12922719457274306 -0.12922719457274306 -0.12922719457274306 -0.12922719457274306 -0.12922719457274306 -0.12922719457274306 -0.12922719457274306 -0.12922719457274306 -0.12922719457274306 -0.12922719457274306 -0.12922719457274306 -0.12922719457274306 -0.12922719457274306 -0.12922719457274306 -0.12922719457274306 -0.12922719457274306 -0.12922719457274306 -0.12922719457274306 -0.12922719457274306 -0.12922719457274306 -0.12922719457274306 -0.12922719457274306 -0.12922719457274306 -0.12922719457274306 -0.12922719457274306 -0.12922719457274306 -0.12922719457274306 -0.12922719457274306 -0.12922719457274306 -0.12922719457274306 -0.10183010042626754 -0.10116452724823892 -0.10096304308373494 -0.09955626004847055 -0.03478238421278174
-0.1396220788378505 -0.1396220788378505 -0.1396220788378505 -0.1396220788378505 -0.1396220788378505 -0.1396220788378505 -0.1396220788378505 -0.1396220788378505 -0.1396220788378505 -0.1396220788378505 -0.1396220788378505 -0.1396220788378505 -0.1396220788378505 -0.1396220788378505 -0.1396220788378505 -0.1396220788378505 -0.1396220788378505 -0.1396220788378505 -0.1396220788378505 -0.1396220788378505 -0.1396220788378505 -0.1396220788378505 -0.1396220788378505 -0.1396220788378505 -0.1396220788378505 -0.1396220788378505 -0.1396220788378505 -0.1396220788378505 -0.1396220788378505 -0.1396220788378505 -0.1396220788378505 -0.1396220788378505 -0.1396220788378505 -0.1396220788378505 -0.1396220788378505 -0.1396220788378505 -0.1396220788378505 -0.1396220788378505 -0.1396220788378505 -0.1396220788378505 -0.1396220788378505 -0.1396220788378505 -0.1396220788378505 -0.1396220788378505 -0.1396220788378505 -0.1396220788378505 -0.1396220788378505 -0.1396220788378505 -0.1396220788378505 -0.1396220788378505 -0.1396220788378505 -0.1396220788378505 -0.1396220788378505 -0.1396220788378505 -0.1396220788378505 -0.1396220788378505 -0.1396220788378505 -0.1396220788378505 -0.1396220788378505 -0.1396220788378505 -0.1396220788378505 -0.1396220788378505 -0.1396220788378505 -0.1396220788378505 -0.1396220788378505 -0.1396220788378505 -0.1396220788378505 -0.1396220788378505 -0.1396220788378505 -0.1396220788378505 -0.1396220788378505 -0.1396220788378505 -0.1396220788378505 -0.1396220788378505 -0.1396220788378505 -0.13929596235882102 -0.1396220788378505 -0.13929596235882102 -0.1396220788378505 -0.13929596235882102 -0.13539984258135088 -0.13616106267817707 -0.13368674091098706 -0.131099050735774 -0.12922719457274306 -0.10183010042626754 -0.10116452724823892 -0.10096304308373494 -0.09955626004847055 -0.03478238421278174
-0.1365611094416481 -0.1365611094416481 -0.1365611094416481 -0.1365611094416481 -0.1365611094416481 -0.1365611094416481 -0.1365611094416481 -0.1365611094416481 -0.1365611094416481 -0.1365611094416481 -0.1365611094416481 -0.1365611094416481 -0.1365611094416481 -0.1365611094416481 -0.1365611094416481 -0.1365611094416481 -0.1365611094416481 -0.1365611094416481 -0.1365611094416481 -0.1365611094416481 -0.1365611094416481 -0.1365611094416481 -0.1365611094416481 -0.1365611094416481 -0.1365611094416481 -0.1365611094416481 -0.1365611094416481 -0.1365611094416481 -0.1365611094416481 -0.1365611094416481 -0.1365611094416481 -0.1365611094416481 -0.1365611094416481 -0.1365611094416481 -0.1365611094416481 -0.1365611094416481 -0.1365611094416481 -0.1365611094416481 -0.1365611094416481 -0.1365611094416481 -0.1365611094416481 -0.1365611094416481 -0.1365611094416481 -0.1365611094416481 -0.1365611094416481 -0.1365611094416481 -0.1365611094416481 -0.1365611094416481 -0.1365611094416481 -0.1365611094416481 -0.1365611094416481 -0.1365611094416481 -0.1365611094416481 -0.1365611094416481 -0.1365611094416481 -0.1365611094416481 -0.1365611094416481 -0.1365611094416481 -0.1365611094416481 -0.1365611094416481 -0.1365611094416481 -0.1365611094416481 -0.1365611094416481 -0.1365611094416481 -0.1365611094416481 -0.1365611094416481 -0.1365611094416481 -0.1365611094416481 -0.1365611094416481 -0.1365611094416481 -0.1365611094416481 -0.1365611094416481 -0.1365611094416481 -0.1365611094416481 -0.1365611094416481 -0.1365611094416481 -0.1365611094416481 -0.1365611094416481 -0.1365611094416481 -0.1365611094416481 -0.13539984258135088 -0.13616106267817707 -0.13368674091098706 -0.131099050735774 -0.12922719457274306 -0.10183010042626754 -0.10116452724823892 -0.10096304308373494 -0.09955626004847055 -0.03478238421278174
-0.03478238421278174 -0.03478238421278174 -0.03478238421278174 -0.03478238421278174 -0.03478238421278174 -0.03478238421278174 -0.03478238421278174 -0.03478238421278174 -0.03478238421278174 -0.03478238421278174 -0.03478238421278174 -0.03478238421278174 -0.03478238421278174 -0.03478238421278174 -0.03478238421278174 -0.03478238421278174 -0.03478238421278174 -0.03478238421278174 -0.03478238421278174 -0.03478238421278174 -0.03478238421278174 -0.03478238421278174 -0.03478238421278174 -0.03478238421278174 -0.03478238421278174 -0.03478238421278174 -0.03478238421278174 -0.03478238421278174 -0.03478238421278174 -0.03478238421278174 -0.03478238421278174 -0.03478238421278174 -0.03478238421278174 -0.03478238421278174 -0.03478238421278174 -0.03478238421278174 -0.03478238421278174 -0.03478238421278174 -0.03478238421278174 -0.03478238421278174 -0.03478238421278174 -0.03478238421278174 -0.03478238421278174 -0.03478238421278174 -0.03478238421278174 -0.03478238421278174 -0.03478238421278174 -0.03478238421278174 -0.03478238421278174 -0.03478238421278174 -0.03478238421278174 -0.03478238421278174 -0.03478238421278174 -0.03478238421278174 -0.03478238421278174 -0.03478238421278174 -0.03478238421278174 -0.03478238421278174 -0.03478238421278174 -0.03478238421278174 -0.03478238421278174 -0.03478238421278174 -0.03478238421278174 -0.03478238421278174 -0.03478238421278174 -0.03478238421278174 -0.03478238421278174 -0.03478238421278174 -0.03478238421278174 -0.03478238421278174 -0.03478238421278174 -0.03478238421278174 -0.03478238421278174 -0.03478238421278174 -0.03478238421278174 -0.03478238421278174 -0.03478238421278174 -0.03478238421278174 -0.03478238421278174 -0.03478238421278174 -0.03478238421278174 -0.03478238421278174 -0.03478238421278174 -0.03478238421278174 -0.03478238421278174 -0.03478238421278174 -0.03478238421278174 -0.03478238421278174 -0.03478238421278174 -0.03478238421278174
-0.0631685080330513 -0.0631685080330513 -0.0631685080330513 -0.0631685080330513 -0.0631685080330513 -0.0631685080330513 -0.0631685080330513 -0.0631685080330513 -0.0631685080330513 -0.0631685080330513 -0.0631685080330513 -0.0631685080330513 -0.0631685080330513 -0.0631685080330513 -0.0631685080330513 -0.0631685080330513 -0.0631685080330513 -0.0631685080330513 -0.0631685080330513 -0.0631685080330513 -0.0631685080330513 -0.0631685080330513 -0.0631685080330513 -0.0631685080330513 -0.0631685080330513 -0.0631685080330513 -0.0631685080330513 -0.0631685080330513 -0.0631685080330513 -0.0631685080330513 -0.0631685080330513 -0.0631685080330513 -0.0631685080330513 -0.0631685080330513 -0.0631685080330513 -0.0631685080330513 -0.0631685080330513 -0.0631685080330513 -0.0631685080330513 -0.0631685080330513 -0.0631685080330513 -0.0631685080330513 -0.0631685080330513 -0.0631685080330513 -0.0631685080330513 -0.0631685080330513 -0.0631685080330513 -0.0631685080330513 -0.0631685080330513 -0.0631685080330513 -0.0631685080330513 -0.0631685080330513 -0.0631685080330513 -0.0631685080330513 -0.0631685080330513 -0.0631685080330513 -0.0631685080330513 -0.0631685080330513 -0.0631685080330513 -0.0631685080330513 -0.0631685080330513 -0.0631685080330513 -0.0631685080330513 -0.0631685080330513 -0.0631685080330513 -0.0631685080330513 -0.0631685080330513 -0.0631685080330513 -0.0631685080330513 -0.0631685080330513 -0.0631685080330513 -0.0631685080330513 -0.0631685080330513 -0.0631685080330513 -0.0631685080330513 -0.0631685080330513 -0.0631685080330513 -0.0631685080330513 -0.0631685080330513 -0.0631685080330513 -0.0631685080330513 -0.0631685080330513 -0.0631685080330513 -0.0631685080330513 -0.0631685080330513 -0.0631685080330513 -0.0631685080330513 -0.0631685080330513 -0.0631685080330513 -0.03478238421278174