-0.3478157657845959 -0.3478157657845959 -0.3478157657845959 -0.3478157657845959 -0.3478157657845959 -0.3478157657845959 -0.3478157657845959 -0.3478157657845959 -0.2810557040078787 -0.3478157657845959 -0.3478157657845959 -0.3478157657845959 -0.3478157657845959 -0.3478157657845959 -0.3478157657845959 -0.3478157657845959 -0.3478157657845959 -0.3478157657845959 -0.3478157657845959 -0.3478157657845959 -0.3478157657845959 -0.3478157657845959 -0.3478157657845959 -0.3478157657845959 -0.3478157657845959 -0.3478157657845959 -0.3478157657845959 -0.3478157657845959 -0.3478157657845959 -0.3478157657845959 -0.19888506729384528 -0.3478157657845959 -0.3478157657845959 -0.3478157657845959 -0.3478157657845959 -0.28743918845284816 -0.3478157657845959 -0.2810557040078787 -0.3478157657845959 -0.3478157657845959 -0.28743918845284816 -0.28743918845284816 -0.3478157657845959 -0.3478157657845959 -0.3478157657845959 -0.3478157657845959 -0.3478157657845959 -0.3478157657845959 -0.3478157657845959 -0.2810557040078787 -0.2810557040078787 -0.3478157657845959 -0.3478157657845959 -0.3478157657845959 -0.2457238361529283 -0.3478157657845959 -0.3478157657845959 -0.19888506729384528 -0.30465158591214453 -0.30465158591214453 -0.22713002994941628 -0.22812406892408477 -0.22713002994941628 -0.22812406892408477 -0.22713002994941628 -0.22812406892408477 -0.22713002994941628 -0.3478157657845959 -0.22812406892408477 -0.2457238361529283 -0.22713002994941628 -0.3478157657845959 -0.22713002994941628 -0.3478157657845959 -0.22812406892408477 -0.2910831897350783 -0.2910831897350783 -0.2910831897350783 -0.28112522574906906 -0.14576873237876967 -0.27120883402619844 -0.22713002994941628 -0.25982577480618435 -0.21409170335795727 -0.1995259280529714 -0.19736164869341716 -0.1821068647573436 -0.17614167262846486 -0.1739098427424842 -0.1627888159462234 -0.1627888159462234 -0.1627888159462234 -0.1627888159462234 -0.13493349044006586 -0.12960204680651732 -0.12190901523893742 -0.12190901523893742 -0.0820882152549233 -0.09868027573317253 -0.03281880387148894 -0.03281880387148894 -0.03281880387148894 -0.03883199429684344 -0.03883199429684344 -0.03928866302395971 -0.03281880387148894 -0.027831361676233755 -0.004454610170621243
-0.5801132093453981 -0.5801132093453981 -0.5801132093453981 -0.5801132093453981 -0.4920997726369036 -0.5801132093453981 -0.4920997726369036 -0.4920997726369036 -0.2810557040078787 -0.3478157657845959 -0.3478157657845959 -0.3478157657845959 -0.3478157657845959 -0.5801132093453981 -0.3478157657845959 -0.3478157657845959 -0.3478157657845959 -0.3478157657845959 -0.3478157657845959 -0.5801132093453981 -0.3478157657845959 -0.4920997726369036 -0.3478157657845959 -0.3478157657845959 -0.3478157657845959 -0.3478157657845959 -0.43078755476491404 -0.43078755476491404 -0.3478157657845959 -0.3742494640628821 -0.19888506729384528 -0.3478157657845959 -0.3478157657845959 -0.41897199989951445 -0.4920997726369036 -0.28743918845284816 -0.4920997726369036 -0.2810557040078787 -0.43078755476491404 -0.43078755476491404 -0.28743918845284816 -0.28743918845284816 -0.43078755476491404 -0.43078755476491404 -0.4920997726369036 -0.4269639815696264 -0.3478157657845959 -0.3478157657845959 -0.43078755476491404 -0.2810557040078787 -0.2810557040078787 -0.43078755476491404 -0.43078755476491404 -0.3478157657845959 -0.2457238361529283 -0.3478157657845959 -0.3478157657845959 -0.19888506729384528 -0.30465158591214453 -0.30465158591214453 -0.22713002994941628 -0.22812406892408477 -0.22713002994941628 -0.22812406892408477 -0.22713002994941628 -0.22812406892408477 -0.22713002994941628 -0.3962309228082263 -0.22812406892408477 -0.2457238361529283 -0.22713002994941628 -0.3478157657845959 -0.22713002994941628 -0.3478157657845959 -0.22812406892408477 -0.2910831897350783 -0.2910831897350783 -0.2910831897350783 -0.28112522574906906 -0.14576873237876967 -0.27120883402619844 -0.22713002994941628 -0.25982577480618435 -0.21409170335795727 -0.1995259280529714 -0.19736164869341716 -0.1821068647573436 -0.17614167262846486 -0.1739098427424842 -0.1627888159462234 -0.1627888159462234 -0.1627888159462234 -0.1627888159462234 -0.13493349044006586 -0.12960204680651732 -0.12190901523893742 -0.12190901523893742 -0.0820882152549233 -0.09868027573317253 -0.03281880387148894 -0.03281880387148894 -0.03281880387148894 -0.03883199429684344 -0.03883199429684344 -0.03928866302395971 -0.03281880387148894 -0.027831361676233755 -0.004454610170621243
-0.3478157657845959 -0.3478157657845959 -0.3478157657845959 -0.3478157657845959 -0.3478157657845959 -0.3478157657845959 -0.3478157657845959 -0.3478157657845959 -0.2810557040078787 -0.5512430657687283 -0.5512430657687283 -0.5512430657687283 -0.571985978082023 -0.3478157657845959 -0.5512430657687283 -0.5512430657687283 -0.5512430657687283 -0.5512430657687283 -0.571985978082023 -0.3478157657845959 -0.5512430657687283 -0.3478157657845959 -0.5512430657687283 -0.571985978082023 -0.5512430657687283 -0.571985978082023 -0.3478157657845959 -0.3478157657845959 -0.571985978082023 -0.3478157657845959 -0.19888506729384528 -0.571985978082023 -0.5512430657687283 -0.3478157657845959 -0.3478157657845959 -0.28743918845284816 -0.3478157657845959 -0.2810557040078787 -0.3478157657845959 -0.3478157657845959 -0.28743918845284816 -0.28743918845284816 -0.3478157657845959 -0.3478157657845959 -0.3478157657845959 -0.3478157657845959 -0.4686932544103909 -0.47301892908293836 -0.3478157657845959 -0.2810557040078787 -0.2810557040078787 -0.3478157657845959 -0.3478157657845959 -0.4584190234342771 -0.2457238361529283 -0.44006304448803996 -0.44988319435804547 -0.19888506729384528 -0.30465158591214453 -0.30465158591214453 -0.22713002994941628 -0.22812406892408477 -0.22713002994941628 -0.22812406892408477 -0.22713002994941628 -0.22812406892408477 -0.22713002994941628 -0.3478157657845959 -0.22812406892408477 -0.2457238361529283 -0.22713002994941628 -0.36905128704578893 -0.22713002994941628 -0.34978606364198145 -0.22812406892408477 -0.2910831897350783 -0.2910831897350783 -0.2910831897350783 -0.28112522574906906 -0.14576873237876967 -0.27120883402619844 -0.22713002994941628 -0.25982577480618435 -0.21409170335795727 -0.1995259280529714 -0.19736164869341716 -0.1821068647573436 -0.17614167262846486 -0.1739098427424842 -0.1627888159462234 -0.1627888159462234 -0.1627888159462234 -0.1627888159462234 -0.13493349044006586 -0.12960204680651732 -0.12190901523893742 -0.12190901523893742 -0.0820882152549233 -0.09868027573317253 -0.03281880387148894 -0.03281880387148894 -0.03281880387148894 -0.03883199429684344 -0.03883199429684344 -0.03928866302395971 -0.03281880387148894 -0.027831361676233755 -0.004454610170621243
-0.3478157657845959 -0.3478157657845959 -0.3478157657845959 -0.3478157657845959 -0.3478157657845959 -0.3478157657845959 -0.3478157657845959 -0.3478157657845959 -0.2810557040078787 -0.5512430657687283 -0.5512430657687283 -0.5512430657687283 -0.716315256552842 -0.3478157657845959 -0.5512430657687283 -0.5512430657687283 -0.5512430657687283 -0.5512430657687283 -0.6836839091151885 -0.3478157657845959 -0.5512430657687283 -0.3478157657845959 -0.5512430657687283 -0.6453408261344615 -0.5512430657687283 -0.6195864612643196 -0.3478157657845959 -0.3478157657845959 -0.5959919044981549 -0.3478157657845959 -0.19888506729384528 -0.571985978082023 -0.5512430657687283 -0.3478157657845959 -0.3478157657845959 -0.28743918845284816 -0.3478157657845959 -0.2810557040078787 -0.3478157657845959 -0.3478157657845959 -0.28743918845284816 -0.28743918845284816 -0.3478157657845959 -0.3478157657845959 -0.3478157657845959 -0.3478157657845959 -0.4686932544103909 -0.47301892908293836 -0.3478157657845959 -0.2810557040078787 -0.2810557040078787 -0.3478157657845959 -0.3478157657845959 -0.4584190234342771 -0.2457238361529283 -0.44006304448803996 -0.44988319435804547 -0.19888506729384528 -0.30465158591214453 -0.30465158591214453 -0.22713002994941628 -0.22812406892408477 -0.22713002994941628 -0.22812406892408477 -0.22713002994941628 -0.22812406892408477 -0.22713002994941628 -0.3478157657845959 -0.22812406892408477 -0.2457238361529283 -0.22713002994941628 -0.36905128704578893 -0.22713002994941628 -0.34978606364198145 -0.22812406892408477 -0.2910831897350783 -0.2910831897350783 -0.2910831897350783 -0.28112522574906906 -0.14576873237876967 -0.27120883402619844 -0.22713002994941628 -0.25982577480618435 -0.21409170335795727 -0.1995259280529714 -0.19736164869341716 -0.1821068647573436 -0.17614167262846486 -0.1739098427424842 -0.1627888159462234 -0.1627888159462234 -0.1627888159462234 -0.1627888159462234 -0.13493349044006586 -0.12960204680651732 -0.12190901523893742 -0.12190901523893742 -0.0820882152549233 -0.09868027573317253 -0.03281880387148894 -0.03281880387148894 -0.03281880387148894 -0.03883199429684344 -0.03883199429684344 -0.03928866302395971 -0.03281880387148894 -0.027831361676233755 -0.004454610170621243
-0.0820882152549233 -0.0820882152549233 -0.0820882152549233 -0.0820882152549233 -0.0820882152549233 -0.0820882152549233 -0.0820882152549233 -0.0820882152549233 -0.0820882152549233 -0.0820882152549233 -0.0820882152549233 -0.0820882152549233 -0.0820882152549233 -0.0820882152549233 -0.0820882152549233 -0.0820882152549233 -0.0820882152549233 -0.0820882152549233 -0.0820882152549233 -0.0820882152549233 -0.0820882152549233 -0.0820882152549233 -0.0820882152549233 -0.0820882152549233 -0.0820882152549233 -0.0820882152549233 -0.0820882152549233 -0.0820882152549233 -0.0820882152549233 -0.0820882152549233 -0.0820882152549233 -0.0820882152549233 -0.0820882152549233 -0.0820882152549233 -0.0820882152549233 -0.0820882152549233 -0.0820882152549233 -0.0820882152549233 -0.0820882152549233 -0.0820882152549233 -0.0820882152549233 -0.0820882152549233 -0.0820882152549233 -0.0820882152549233 -0.0820882152549233 -0.0820882152549233 -0.0820882152549233 -0.0820882152549233 -0.0820882152549233 -0.0820882152549233 -0.0820882152549233 -0.0820882152549233 -0.0820882152549233 -0.0820882152549233 -0.0820882152549233 -0.0820882152549233 -0.0820882152549233 -0.0820882152549233 -0.0820882152549233 -0.0820882152549233 -0.0820882152549233 -0.0820882152549233 -0.0820882152549233 -0.0820882152549233 -0.0820882152549233 -0.0820882152549233 -0.0820882152549233 -0.0820882152549233 -0.0820882152549233 -0.0820882152549233 -0.0820882152549233 -0.0820882152549233 -0.0820882152549233 -0.0820882152549233 -0.0820882152549233 -0.0820882152549233 -0.0820882152549233 -0.0820882152549233 -0.0820882152549233 -0.0820882152549233 -0.0820882152549233 -0.0820882152549233 -0.0820882152549233 -0.0820882152549233 -0.0820882152549233 -0.0820882152549233 -0.0820882152549233 -0.0820882152549233 -0.0820882152549233 -0.0820882152549233 -0.0820882152549233 -0.0820882152549233 -0.0820882152549233 -0.0820882152549233 -0.0820882152549233 -0.0820882152549233 -0.0820882152549233 -0.12268200794467034 -0.0820882152549233 -0.03281880387148894 -0.03281880387148894 -0.03281880387148894 -0.03883199429684344 -0.03883199429684344 -0.03928866302395971 -0.03281880387148894 -0.027831361676233755 -0.004454610170621243
-0.4920997726369036 -0.4920997726369036 -0.4920997726369036 -0.4920997726369036 -0.5023521700077409 -0.4920997726369036 -0.568126034806787 -0.5023521700077409 -0.2810557040078787 -0.3478157657845959 -0.3478157657845959 -0.3478157657845959 -0.3478157657845959 -0.4920997726369036 -0.3478157657845959 -0.3478157657845959 -0.3478157657845959 -0.3478157657845959 -0.3478157657845959 -0.4920997726369036 -0.3478157657845959 -0.5580211394902436 -0.3478157657845959 -0.3478157657845959 -0.3478157657845959 -0.3478157657845959 -0.43078755476491404 -0.43078755476491404 -0.3478157657845959 -0.3742494640628821 -0.19888506729384528 -0.3478157657845959 -0.3478157657845959 -0.41897199989951445 -0.568126034806787 -0.28743918845284816 -0.49741746920515423 -0.2810557040078787 -0.43078755476491404 -0.43078755476491404 -0.28743918845284816 -0.28743918845284816 -0.43078755476491404 -0.43078755476491404 -0.5212909093920722 -0.4269639815696264 -0.3478157657845959 -0.3478157657845959 -0.43078755476491404 -0.2810557040078787 -0.2810557040078787 -0.43078755476491404 -0.43078755476491404 -0.3478157657845959 -0.2457238361529283 -0.3478157657845959 -0.3478157657845959 -0.19888506729384528 -0.30465158591214453 -0.30465158591214453 -0.22713002994941628 -0.22812406892408477 -0.22713002994941628 -0.22812406892408477 -0.22713002994941628 -0.22812406892408477 -0.22713002994941628 -0.3962309228082263 -0.22812406892408477 -0.2457238361529283 -0.22713002994941628 -0.3478157657845959 -0.22713002994941628 -0.3478157657845959 -0.22812406892408477 -0.2910831897350783 -0.2910831897350783 -0.2910831897350783 -0.28112522574906906 -0.14576873237876967 -0.27120883402619844 -0.22713002994941628 -0.25982577480618435 -0.21409170335795727 -0.1995259280529714 -0.19736164869341716 -0.1821068647573436 -0.17614167262846486 -0.1739098427424842 -0.1627888159462234 -0.1627888159462234 -0.1627888159462234 -0.1627888159462234 -0.13493349044006586 -0.12960204680651732 -0.12190901523893742 -0.12190901523893742 -0.0820882152549233 -0.09868027573317253 -0.03281880387148894 -0.03281880387148894 -0.03281880387148894 -0.03883199429684344 -0.03883199429684344 -0.03928866302395971 -0.03281880387148894 -0.027831361676233755 -0.004454610170621243
-0.3478157657845959 -0.3478157657845959 -0.3478157657845959 -0.3478157657845959 -0.3478157657845959 -0.3478157657845959 -0.3478157657845959 -0.3478157657845959 -0.2810557040078787 -0.44006304448803996 -0.44006304448803996 -0.44006304448803996 -0.44006304448803996 -0.3478157657845959 -0.44006304448803996 -0.44006304448803996 -0.44006304448803996 -0.44006304448803996 -0.44006304448803996 -0.3478157657845959 -0.44006304448803996 -0.3478157657845959 -0.44006304448803996 -0.44006304448803996 -0.44006304448803996 -0.44006304448803996 -0.3478157657845959 -0.3478157657845959 -0.44006304448803996 -0.3478157657845959 -0.19888506729384528 -0.44006304448803996 -0.44006304448803996 -0.3478157657845959 -0.3478157657845959 -0.28743918845284816 -0.3478157657845959 -0.2810557040078787 -0.3478157657845959 -0.3478157657845959 -0.28743918845284816 -0.28743918845284816 -0.3478157657845959 -0.3478157657845959 -0.3478157657845959 -0.3478157657845959 -0.44006304448803996 -0.44006304448803996 -0.3478157657845959 -0.2810557040078787 -0.2810557040078787 -0.3478157657845959 -0.3478157657845959 -0.44006304448803996 -0.2457238361529283 -0.44006304448803996 -0.44006304448803996 -0.19888506729384528 -0.30465158591214453 -0.30465158591214453 -0.22713002994941628 -0.22812406892408477 -0.22713002994941628 -0.22812406892408477 -0.22713002994941628 -0.22812406892408477 -0.22713002994941628 -0.3478157657845959 -0.22812406892408477 -0.2457238361529283 -0.22713002994941628 -0.36905128704578893 -0.22713002994941628 -0.34978606364198145 -0.22812406892408477 -0.2910831897350783 -0.2910831897350783 -0.2910831897350783 -0.28112522574906906 -0.14576873237876967 -0.27120883402619844 -0.22713002994941628 -0.25982577480618435 -0.21409170335795727 -0.1995259280529714 -0.19736164869341716 -0.1821068647573436 -0.17614167262846486 -0.1739098427424842 -0.1627888159462234 -0.1627888159462234 -0.1627888159462234 -0.1627888159462234 -0.13493349044006586 -0.12960204680651732 -0.12190901523893742 -0.12190901523893742 -0.0820882152549233 -0.09868027573317253 -0.03281880387148894 -0.03281880387148894 -0.03281880387148894 -0.03883199429684344 -0.03883199429684344 -0.03928866302395971 -0.03281880387148894 -0.027831361676233755 -0.004454610170621243
-0.3478157657845959 -0.3478157657845959 -0.3478157657845959 -0.3478157657845959 -0.3478157657845959 -0.3478157657845959 -0.3478157657845959 -0.3478157657845959 -0.2810557040078787 -0.3478157657845959 -0.3478157657845959 -0.3478157657845959 -0.3478157657845959 -0.3478157657845959 -0.3478157657845959 -0.3478157657845959 -0.3478157657845959 -0.3478157657845959 -0.3478157657845959 -0.3478157657845959 -0.3478157657845959 -0.3478157657845959 -0.3478157657845959 -0.3478157657845959 -0.3478157657845959 -0.3478157657845959 -0.3478157657845959 -0.3478157657845959 -0.3478157657845959 -0.3478157657845959 -0.19888506729384528 -0.3478157657845959 -0.3478157657845959 -0.3478157657845959 -0.3478157657845959 -0.28743918845284816 -0.3478157657845959 -0.2810557040078787 -0.3478157657845959 -0.3478157657845959 -0.28743918845284816 -0.28743918845284816 -0.3478157657845959 -0.3478157657845959 -0.3478157657845959 -0.3478157657845959 -0.3478157657845959 -0.3478157657845959 -0.3478157657845959 -0.2810557040078787 -0.2810557040078787 -0.3478157657845959 -0.3478157657845959 -0.3478157657845959 -0.2457238361529283 -0.3478157657845959 -0.3478157657845959 -0.19888506729384528 -0.30465158591214453 -0.30465158591214453 -0.22713002994941628 -0.22812406892408477 -0.22713002994941628 -0.22812406892408477 -0.22713002994941628 -0.22812406892408477 -0.22713002994941628 -0.3478157657845959 -0.22812406892408477 -0.2457238361529283 -0.22713002994941628 -0.3478157657845959 -0.22713002994941628 -0.3478157657845959 -0.22812406892408477 -0.2910831897350783 -0.2910831897350783 -0.2910831897350783 -0.28112522574906906 -0.14576873237876967 -0.27120883402619844 -0.22713002994941628 -0.25982577480618435 -0.21409170335795727 -0.1995259280529714 -0.19736164869341716 -0.1821068647573436 -0.17614167262846486 -0.1739098427424842 -0.1627888159462234 -0.1627888159462234 -0.1627888159462234 -0.1627888159462234 -0.13493349044006586 -0.12960204680651732 -0.12190901523893742 -0.12190901523893742 -0.0820882152549233 -0.09868027573317253 -0.03281880387148894 -0.03281880387148894 -0.03281880387148894 -0.03883199429684344 -0.03883199429684344 -0.03928866302395971 -0.03281880387148894 -0.027831361676233755 -0.004454610170621243
-0.3478157657845959 -0.3478157657845959 -0.3478157657845959 -0.3478157657845959 -0.3478157657845959 -0.3478157657845959 -0.3478157657845959 -0.3478157657845959 -0.2810557040078787 -0.4584190234342771 -0.4584190234342771 -0.4584190234342771 -0.4584190234342771 -0.3478157657845959 -0.4584190234342771 -0.4584190234342771 -0.4584190234342771 -0.4584190234342771 -0.4584190234342771 -0.3478157657845959 -0.4584190234342771 -0.3478157657845959 -0.4584190234342771 -0.4584190234342771 -0.4584190234342771 -0.4584190234342771 -0.3478157657845959 -0.3478157657845959 -0.4584190234342771 -0.3478157657845959 -0.19888506729384528 -0.4584190234342771 -0.4584190234342771 -0.3478157657845959 -0.3478157657845959 -0.28743918845284816 -0.3478157657845959 -0.2810557040078787 -0.3478157657845959 -0.3478157657845959 -0.28743918845284816 -0.28743918845284816 -0.3478157657845959 -0.3478157657845959 -0.3478157657845959 -0.3478157657845959 -0.4584190234342771 -0.4584190234342771 -0.3478157657845959 -0.2810557040078787 -0.2810557040078787 -0.3478157657845959 -0.3478157657845959 -0.4584190234342771 -0.2457238361529283 -0.44006304448803996 -0.44988319435804547 -0.19888506729384528 -0.30465158591214453 -0.30465158591214453 -0.22713002994941628 -0.22812406892408477 -0.22713002994941628 -0.22812406892408477 -0.22713002994941628 -0.22812406892408477 -0.22713002994941628 -0.3478157657845959 -0.22812406892408477 -0.2457238361529283 -0.22713002994941628 -0.36905128704578893 -0.22713002994941628 -0.34978606364198145 -0.22812406892408477 -0.2910831897350783 -0.2910831897350783 -0.2910831897350783 -0.28112522574906906 -0.14576873237876967 -0.27120883402619844 -0.22713002994941628 -0.25982577480618435 -0.21409170335795727 -0.1995259280529714 -0.19736164869341716 -0.1821068647573436 -0.17614167262846486 -0.1739098427424842 -0.1627888159462234 -0.1627888159462234 -0.1627888159462234 -0.1627888159462234 -0.13493349044006586 -0.12960204680651732 -0.12190901523893742 -0.12190901523893742 -0.0820882152549233 -0.09868027573317253 -0.03281880387148894 -0.03281880387148894 -0.03281880387148894 -0.03883199429684344 -0.03883199429684344 -0.03928866302395971 -0.03281880387148894 -0.027831361676233755 -0.004454610170621243
-0.3478157657845959 -0.3478157657845959 -0.3478157657845959 -0.3478157657845959 -0.3478157657845959 -0.3478157657845959 -0.3478157657845959 -0.3478157657845959 -0.2810557040078787 -0.3478157657845959 -0.3478157657845959 -0.3478157657845959 -0.3478157657845959 -0.3478157657845959 -0.3478157657845959 -0.3478157657845959 -0.3478157657845959 -0.3478157657845959 -0.3478157657845959 -0.3478157657845959 -0.3478157657845959 -0.3478157657845959 -0.3478157657845959 -0.3478157657845959 -0.3478157657845959 -0.3478157657845959 -0.3478157657845959 -0.3478157657845959 -0.3478157657845959 -0.3478157657845959 -0.19888506729384528 -0.3478157657845959 -0.3478157657845959 -0.3478157657845959 -0.3478157657845959 -0.28743918845284816 -0.3478157657845959 -0.2810557040078787 -0.3478157657845959 -0.3478157657845959 -0.28743918845284816 -0.28743918845284816 -0.3478157657845959 -0.3478157657845959 -0.3478157657845959 -0.3478157657845959 -0.3478157657845959 -0.3478157657845959 -0.3478157657845959 -0.2810557040078787 -0.2810557040078787 -0.3478157657845959 -0.3478157657845959 -0.3478157657845959 -0.2457238361529283 -0.3478157657845959 -0.3478157657845959 -0.19888506729384528 -0.30465158591214453 -0.30465158591214453 -0.22713002994941628 -0.22812406892408477 -0.22713002994941628 -0.22812406892408477 -0.22713002994941628 -0.22812406892408477 -0.22713002994941628 -0.3478157657845959 -0.22812406892408477 -0.2457238361529283 -0.22713002994941628 -0.3478157657845959 -0.22713002994941628 -0.3478157657845959 -0.22812406892408477 -0.2910831897350783 -0.2910831897350783 -0.2910831897350783 -0.28112522574906906 -0.14576873237876967 -0.27120883402619844 -0.22713002994941628 -0.25982577480618435 -0.21409170335795727 -0.1995259280529714 -0.19736164869341716 -0.1821068647573436 -0.17614167262846486 -0.1739098427424842 -0.1627888159462234 -0.1627888159462234 -0.1627888159462234 -0.1627888159462234 -0.13493349044006586 -0.12960204680651732 -0.12190901523893742 -0.12190901523893742 -0.0820882152549233 -0.09868027573317253 -0.03281880387148894 -0.03281880387148894 -0.03281880387148894 -0.03883199429684344 -0.03883199429684344 -0.03928866302395971 -0.03281880387148894 -0.027831361676233755 -0.004454610170621243
-0.3478157657845959 -0.3478157657845959 -0.3478157657845959 -0.3478157657845959 -0.3478157657845959 -0.3478157657845959 -0.3478157657845959 -0.3478157657845959 -0.2810557040078787 -0.6676380327061119 -0.6676380327061119 -0.6899680092891793 -0.5512430657687283 -0.3478157657845959 -0.6676380327061119 -0.6727858906535793 -0.6899680092891793 -0.6899680092891793 -0.5512430657687283 -0.3478157657845959 -0.6568867251360341 -0.3478157657845959 -0.6676380327061119 -0.5512430657687283 -0.6116113332488385 -0.5512430657687283 -0.3478157657845959 -0.3478157657845959 -0.5512430657687283 -0.3478157657845959 -0.19888506729384528 -0.5512430657687283 -0.5540045622617185 -0.3478157657845959 -0.3478157657845959 -0.28743918845284816 -0.3478157657845959 -0.2810557040078787 -0.3478157657845959 -0.3478157657845959 -0.28743918845284816 -0.28743918845284816 -0.3478157657845959 -0.3478157657845959 -0.3478157657845959 -0.3478157657845959 -0.4686932544103909 -0.47301892908293836 -0.3478157657845959 -0.2810557040078787 -0.2810557040078787 -0.3478157657845959 -0.3478157657845959 -0.4584190234342771 -0.2457238361529283 -0.44006304448803996 -0.44988319435804547 -0.19888506729384528 -0.30465158591214453 -0.30465158591214453 -0.22713002994941628 -0.22812406892408477 -0.22713002994941628 -0.22812406892408477 -0.22713002994941628 -0.22812406892408477 -0.22713002994941628 -0.3478157657845959 -0.22812406892408477 -0.2457238361529283 -0.22713002994941628 -0.36905128704578893 -0.22713002994941628 -0.34978606364198145 -0.22812406892408477 -0.2910831897350783 -0.2910831897350783 -0.2910831897350783 -0.28112522574906906 -0.14576873237876967 -0.27120883402619844 -0.22713002994941628 -0.25982577480618435 -0.21409170335795727 -0.1995259280529714 -0.19736164869341716 -0.1821068647573436 -0.17614167262846486 -0.1739098427424842 -0.1627888159462234 -0.1627888159462234 -0.1627888159462234 -0.1627888159462234 -0.13493349044006586 -0.12960204680651732 -0.12190901523893742 -0.12190901523893742 -0.0820882152549233 -0.09868027573317253 -0.03281880387148894 -0.03281880387148894 -0.03281880387148894 -0.03883199429684344 -0.03883199429684344 -0.03928866302395971 -0.03281880387148894 -0.027831361676233755 -0.004454610170621243
-0.3478157657845959 -0.3478157657845959 -0.3478157657845959 -0.3478157657845959 -0.3478157657845959 -0.3478157657845959 -0.3478157657845959 -0.3478157657845959 -0.2810557040078787 -0.44006304448803996 -0.44006304448803996 -0.44006304448803996 -0.44006304448803996 -0.3478157657845959 -0.44006304448803996 -0.44006304448803996 -0.44006304448803996 -0.44006304448803996 -0.44006304448803996 -0.3478157657845959 -0.44006304448803996 -0.3478157657845959 -0.44006304448803996 -0.44006304448803996 -0.44006304448803996 -0.44006304448803996 -0.3478157657845959 -0.3478157657845959 -0.44006304448803996 -0.3478157657845959 -0.19888506729384528 -0.44006304448803996 -0.44006304448803996 -0.3478157657845959 -0.3478157657845959 -0.28743918845284816 -0.3478157657845959 -0.2810557040078787 -0.3478157657845959 -0.3478157657845959 -0.28743918845284816 -0.28743918845284816 -0.3478157657845959 -0.3478157657845959 -0.3478157657845959 -0.3478157657845959 -0.44006304448803996 -0.44006304448803996 -0.3478157657845959 -0.2810557040078787 -0.2810557040078787 -0.3478157657845959 -0.3478157657845959 -0.44006304448803996 -0.2457238361529283 -0.44006304448803996 -0.44006304448803996 -0.19888506729384528 -0.30465158591214453 -0.30465158591214453 -0.22713002994941628 -0.22812406892408477 -0.22713002994941628 -0.22812406892408477 -0.22713002994941628 -0.22812406892408477 -0.22713002994941628 -0.3478157657845959 -0.22812406892408477 -0.2457238361529283 -0.22713002994941628 -0.36905128704578893 -0.22713002994941628 -0.34978606364198145 -0.22812406892408477 -0.2910831897350783 -0.2910831897350783 -0.2910831897350783 -0.28112522574906906 -0.14576873237876967 -0.27120883402619844 -0.22713002994941628 -0.25982577480618435 -0.21409170335795727 -0.1995259280529714 -0.19736164869341716 -0.1821068647573436 -0.17614167262846486 -0.1739098427424842 -0.1627888159462234 -0.1627888159462234 -0.1627888159462234 -0.1627888159462234 -0.13493349044006586 -0.12960204680651732 -0.12190901523893742 -0.12190901523893742 -0.0820882152549233 -0.09868027573317253 -0.03281880387148894 -0.03281880387148894 -0.03281880387148894 -0.03883199429684344 -0.03883199429684344 -0.03928866302395971 -0.03281880387148894 -0.027831361676233755 -0.004454610170621243
-0.3478157657845959 -0.3478157657845959 -0.3478157657845959 -0.3478157657845959 -0.3478157657845959 -0.3478157657845959 -0.3478157657845959 -0.3478157657845959 -0.2810557040078787 -0.6568867251360341 -0.6568867251360341 -0.6568867251360341 -0.5512430657687283 -0.3478157657845959 -0.6568867251360341 -0.6568867251360341 -0.6568867251360341 -0.6568867251360341 -0.5512430657687283 -0.3478157657845959 -0.6568867251360341 -0.3478157657845959 -0.6568867251360341 -0.5512430657687283 -0.6116113332488385 -0.5512430657687283 -0.3478157657845959 -0.3478157657845959 -0.5512430657687283 -0.3478157657845959 -0.19888506729384528 -0.5512430657687283 -0.5540045622617185 -0.3478157657845959 -0.3478157657845959 -0.28743918845284816 -0.3478157657845959 -0.2810557040078787 -0.3478157657845959 -0.3478157657845959 -0.28743918845284816 -0.28743918845284816 -0.3478157657845959 -0.3478157657845959 -0.3478157657845959 -0.3478157657845959 -0.4686932544103909 -0.47301892908293836 -0.3478157657845959 -0.2810557040078787 -0.2810557040078787 -0.3478157657845959 -0.3478157657845959 -0.4584190234342771 -0.2457238361529283 -0.44006304448803996 -0.44988319435804547 -0.19888506729384528 -0.30465158591214453 -0.30465158591214453 -0.22713002994941628 -0.22812406892408477 -0.22713002994941628 -0.22812406892408477 -0.22713002994941628 -0.22812406892408477 -0.22713002994941628 -0.3478157657845959 -0.22812406892408477 -0.2457238361529283 -0.22713002994941628 -0.36905128704578893 -0.22713002994941628 -0.34978606364198145 -0.22812406892408477 -0.2910831897350783 -0.2910831897350783 -0.2910831897350783 -0.28112522574906906 -0.14576873237876967 -0.27120883402619844 -0.22713002994941628 -0.25982577480618435 -0.21409170335795727 -0.1995259280529714 -0.19736164869341716 -0.1821068647573436 -0.17614167262846486 -0.1739098427424842 -0.1627888159462234 -0.1627888159462234 -0.1627888159462234 -0.1627888159462234 -0.13493349044006586 -0.12960204680651732 -0.12190901523893742 -0.12190901523893742 -0.0820882152549233 -0.09868027573317253 -0.03281880387148894 -0.03281880387148894 -0.03281880387148894 -0.03883199429684344 -0.03883199429684344 -0.03928866302395971 -0.03281880387148894 -0.027831361676233755 -0.004454610170621243
-0.3478157657845959 -0.3478157657845959 -0.3478157657845959 -0.3478157657845959 -0.3478157657845959 -0.3478157657845959 -0.3478157657845959 -0.3478157657845959 -0.2810557040078787 -0.6116113332488385 -0.6116113332488385 -0.6116113332488385 -0.5512430657687283 -0.3478157657845959 -0.6116113332488385 -0.6116113332488385 -0.6116113332488385 -0.6116113332488385 -0.5512430657687283 -0.3478157657845959 -0.6116113332488385 -0.3478157657845959 -0.6116113332488385 -0.5512430657687283 -0.6116113332488385 -0.5512430657687283 -0.3478157657845959 -0.3478157657845959 -0.5512430657687283 -0.3478157657845959 -0.19888506729384528 -0.5512430657687283 -0.5540045622617185 -0.3478157657845959 -0.3478157657845959 -0.28743918845284816 -0.3478157657845959 -0.2810557040078787 -0.3478157657845959 -0.3478157657845959 -0.28743918845284816 -0.28743918845284816 -0.3478157657845959 -0.3478157657845959 -0.3478157657845959 -0.3478157657845959 -0.4686932544103909 -0.47301892908293836 -0.3478157657845959 -0.2810557040078787 -0.2810557040078787 -0.3478157657845959 -0.3478157657845959 -0.4584190234342771 -0.2457238361529283 -0.44006304448803996 -0.44988319435804547 -0.19888506729384528 -0.30465158591214453 -0.30465158591214453 -0.22713002994941628 -0.22812406892408477 -0.22713002994941628 -0.22812406892408477 -0.22713002994941628 -0.22812406892408477 -0.22713002994941628 -0.3478157657845959 -0.22812406892408477 -0.2457238361529283 -0.22713002994941628 -0.36905128704578893 -0.22713002994941628 -0.34978606364198145 -0.22812406892408477 -0.2910831897350783 -0.2910831897350783 -0.2910831897350783 -0.28112522574906906 -0.14576873237876967 -0.27120883402619844 -0.22713002994941628 -0.25982577480618435 -0.21409170335795727 -0.1995259280529714 -0.19736164869341716 -0.1821068647573436 -0.17614167262846486 -0.1739098427424842 -0.1627888159462234 -0.1627888159462234 -0.1627888159462234 -0.1627888159462234 -0.13493349044006586 -0.12960204680651732 -0.12190901523893742 -0.12190901523893742 -0.0820882152549233 -0.09868027573317253 -0.03281880387148894 -0.03281880387148894 -0.03281880387148894 -0.03883199429684344 -0.03883199429684344 -0.03928866302395971 -0.03281880387148894 -0.027831361676233755 -0.004454610170621243
-0.21409170335795727 -0.21409170335795727 -0.21409170335795727 -0.21409170335795727 -0.21409170335795727 -0.21409170335795727 -0.21409170335795727 -0.21409170335795727 -0.21409170335795727 -0.21409170335795727 -0.21409170335795727 -0.21409170335795727 -0.21409170335795727 -0.21409170335795727 -0.21409170335795727 -0.21409170335795727 -0.21409170335795727 -0.21409170335795727 -0.21409170335795727 -0.21409170335795727 -0.21409170335795727 -0.21409170335795727 -0.21409170335795727 -0.21409170335795727 -0.21409170335795727 -0.21409170335795727 -0.21409170335795727 -0.21409170335795727 -0.21409170335795727 -0.21409170335795727 -0.19888506729384528 -0.21409170335795727 -0.21409170335795727 -0.21409170335795727 -0.21409170335795727 -0.21409170335795727 -0.21409170335795727 -0.21409170335795727 -0.21409170335795727 -0.21409170335795727 -0.21409170335795727 -0.21409170335795727 -0.21409170335795727 -0.21409170335795727 -0.21409170335795727 -0.21409170335795727 -0.21409170335795727 -0.21409170335795727 -0.21409170335795727 -0.21409170335795727 -0.21409170335795727 -0.21409170335795727 -0.21409170335795727 -0.21409170335795727 -0.21409170335795727 -0.21409170335795727 -0.21409170335795727 -0.19888506729384528 -0.21409170335795727 -0.21409170335795727 -0.21409170335795727 -0.21409170335795727 -0.21409170335795727 -0.21409170335795727 -0.21409170335795727 -0.21409170335795727 -0.21409170335795727 -0.21409170335795727 -0.21409170335795727 -0.21409170335795727 -0.21409170335795727 -0.21409170335795727 -0.21409170335795727 -0.21409170335795727 -0.21409170335795727 -0.21409170335795727 -0.21409170335795727 -0.21409170335795727 -0.21409170335795727 -0.14576873237876967 -0.21409170335795727 -0.21409170335795727 -0.21409170335795727 -0.21409170335795727 -0.1995259280529714 -0.19736164869341716 -0.1821068647573436 -0.17614167262846486 -0.1739098427424842 -0.1627888159462234 -0.1627888159462234 -0.1627888159462234 -0.1627888159462234 -0.13493349044006586 -0.12960204680651732 -0.12190901523893742 -0.12190901523893742 -0.0820882152549233 -0.09868027573317253 -0.03281880387148894 -0.03281880387148894 -0.03281880387148894 -0.03883199429684344 -0.03883199429684344 -0.03928866302395971 -0.03281880387148894 -0.027831361676233755 -0.004454610170621243
-0.3478157657845959 -0.3478157657845959 -0.3478157657845959 -0.3478157657845959 -0.3478157657845959 -0.3478157657845959 -0.3478157657845959 -0.3478157657845959 -0.2810557040078787 -0.6568867251360341 -0.6568867251360341 -0.6568867251360341 -0.5512430657687283 -0.3478157657845959 -0.6568867251360341 -0.6568867251360341 -0.6568867251360341 -0.6568867251360341 -0.5512430657687283 -0.3478157657845959 -0.6786370330876106 -0.3478157657845959 -0.6568867251360341 -0.5512430657687283 -0.6116113332488385 -0.5512430657687283 -0.3478157657845959 -0.3478157657845959 -0.5512430657687283 -0.3478157657845959 -0.19888506729384528 -0.5512430657687283 -0.5540045622617185 -0.3478157657845959 -0.3478157657845959 -0.28743918845284816 -0.3478157657845959 -0.2810557040078787 -0.3478157657845959 -0.3478157657845959 -0.28743918845284816 -0.28743918845284816 -0.3478157657845959 -0.3478157657845959 -0.3478157657845959 -0.3478157657845959 -0.4686932544103909 -0.47301892908293836 -0.3478157657845959 -0.2810557040078787 -0.2810557040078787 -0.3478157657845959 -0.3478157657845959 -0.4584190234342771 -0.2457238361529283 -0.44006304448803996 -0.44988319435804547 -0.19888506729384528 -0.30465158591214453 -0.30465158591214453 -0.22713002994941628 -0.22812406892408477 -0.22713002994941628 -0.22812406892408477 -0.22713002994941628 -0.22812406892408477 -0.22713002994941628 -0.3478157657845959 -0.22812406892408477 -0.2457238361529283 -0.22713002994941628 -0.36905128704578893 -0.22713002994941628 -0.34978606364198145 -0.22812406892408477 -0.2910831897350783 -0.2910831897350783 -0.2910831897350783 -0.28112522574906906 -0.14576873237876967 -0.27120883402619844 -0.22713002994941628 -0.25982577480618435 -0.21409170335795727 -0.1995259280529714 -0.19736164869341716 -0.1821068647573436 -0.17614167262846486 -0.1739098427424842 -0.1627888159462234 -0.1627888159462234 -0.1627888159462234 -0.1627888159462234 -0.13493349044006586 -0.12960204680651732 -0.12190901523893742 -0.12190901523893742 -0.0820882152549233 -0.09868027573317253 -0.03281880387148894 -0.03281880387148894 -0.03281880387148894 -0.03883199429684344 -0.03883199429684344 -0.03928866302395971 -0.03281880387148894 -0.027831361676233755 -0.004454610170621243
-0.22713002994941628 -0.22713002994941628 -0.22713002994941628 -0.22713002994941628 -0.22713002994941628 -0.22713002994941628 -0.22713002994941628 -0.22713002994941628 -0.22713002994941628 -0.22713002994941628 -0.22713002994941628 -0.22713002994941628 -0.22713002994941628 -0.22713002994941628 -0.22713002994941628 -0.22713002994941628 -0.22713002994941628 -0.22713002994941628 -0.22713002994941628 -0.22713002994941628 -0.22713002994941628 -0.22713002994941628 -0.22713002994941628 -0.22713002994941628 -0.22713002994941628 -0.22713002994941628 -0.22713002994941628 -0.22713002994941628 -0.22713002994941628 -0.22713002994941628 -0.19888506729384528 -0.22713002994941628 -0.22713002994941628 -0.22713002994941628 -0.22713002994941628 -0.22713002994941628 -0.22713002994941628 -0.22713002994941628 -0.22713002994941628 -0.22713002994941628 -0.22713002994941628 -0.22713002994941628 -0.22713002994941628 -0.22713002994941628 -0.22713002994941628 -0.22713002994941628 -0.22713002994941628 -0.22713002994941628 -0.22713002994941628 -0.22713002994941628 -0.22713002994941628 -0.22713002994941628 -0.22713002994941628 -0.22713002994941628 -0.22713002994941628 -0.22713002994941628 -0.22713002994941628 -0.19888506729384528 -0.22713002994941628 -0.22713002994941628 -0.22713002994941628 -0.22713002994941628 -0.22713002994941628 -0.22713002994941628 -0.22713002994941628 -0.22713002994941628 -0.22713002994941628 -0.22713002994941628 -0.22713002994941628 -0.22713002994941628 -0.22713002994941628 -0.22713002994941628 -0.22713002994941628 -0.22713002994941628 -0.22713002994941628 -0.22713002994941628 -0.22713002994941628 -0.22713002994941628 -0.22713002994941628 -0.14576873237876967 -0.22713002994941628 -0.22713002994941628 -0.22713002994941628 -0.21409170335795727 -0.1995259280529714 -0.19736164869341716 -0.1821068647573436 -0.17614167262846486 -0.1739098427424842 -0.1627888159462234 -0.1627888159462234 -0.1627888159462234 -0.1627888159462234 -0.13493349044006586 -0.12960204680651732 -0.12190901523893742 -0.12190901523893742 -0.0820882152549233 -0.09868027573317253 -0.03281880387148894 -0.03281880387148894 -0.03281880387148894 -0.03883199429684344 -0.03883199429684344 -0.03928866302395971 -0.03281880387148894 -0.027831361676233755 -0.004454610170621243
-0.22713002994941628 -0.22713002994941628 -0.22713002994941628 -0.22713002994941628 -0.22713002994941628 -0.22713002994941628 -0.22713002994941628 -0.22713002994941628 -0.22713002994941628 -0.22713002994941628 -0.22713002994941628 -0.22713002994941628 -0.22713002994941628 -0.22713002994941628 -0.22713002994941628 -0.22713002994941628 -0.22713002994941628 -0.22713002994941628 -0.22713002994941628 -0.22713002994941628 -0.22713002994941628 -0.22713002994941628 -0.22713002994941628 -0.22713002994941628 -0.22713002994941628 -0.22713002994941628 -0.22713002994941628 -0.22713002994941628 -0.22713002994941628 -0.22713002994941628 -0.19888506729384528 -0.22713002994941628 -0.22713002994941628 -0.22713002994941628 -0.22713002994941628 -0.22713002994941628 -0.22713002994941628 -0.22713002994941628 -0.22713002994941628 -0.22713002994941628 -0.22713002994941628 -0.22713002994941628 -0.22713002994941628 -0.22713002994941628 -0.22713002994941628 -0.22713002994941628 -0.22713002994941628 -0.22713002994941628 -0.22713002994941628 -0.22713002994941628 -0.22713002994941628 -0.22713002994941628 -0.22713002994941628 -0.22713002994941628 -0.22713002994941628 -0.22713002994941628 -0.22713002994941628 -0.19888506729384528 -0.22713002994941628 -0.22713002994941628 -0.22713002994941628 -0.22713002994941628 -0.22713002994941628 -0.22713002994941628 -0.22713002994941628 -0.22713002994941628 -0.22713002994941628 -0.22713002994941628 -0.22713002994941628 -0.22713002994941628 -0.22713002994941628 -0.22713002994941628 -0.22713002994941628 -0.22713002994941628 -0.22713002994941628 -0.22713002994941628 -0.22713002994941628 -0.22713002994941628 -0.22713002994941628 -0.14576873237876967 -0.22713002994941628 -0.22713002994941628 -0.22713002994941628 -0.21409170335795727 -0.1995259280529714 -0.19736164869341716 -0.1821068647573436 -0.17614167262846486 -0.1739098427424842 -0.1627888159462234 -0.1627888159462234 -0.1627888159462234 -0.1627888159462234 -0.13493349044006586 -0.12960204680651732 -0.12190901523893742 -0.12190901523893742 -0.0820882152549233 -0.09868027573317253 -0.03281880387148894 -0.03281880387148894 -0.03281880387148894 -0.03883199429684344 -0.03883199429684344 -0.03928866302395971 -0.03281880387148894 -0.027831361676233755 -0.004454610170621243
-0.4920997726369036 -0.4920997726369036 -0.4920997726369036 -0.4920997726369036 -0.5023521700077409 -0.4920997726369036 -0.5212909093920722 -0.5023521700077409 -0.2810557040078787 -0.3478157657845959 -0.3478157657845959 -0.3478157657845959 -0.3478157657845959 -0.4920997726369036 -0.3478157657845959 -0.3478157657845959 -0.3478157657845959 -0.3478157657845959 -0.3478157657845959 -0.4920997726369036 -0.3478157657845959 -0.5212909093920722 -0.3478157657845959 -0.3478157657845959 -0.3478157657845959 -0.3478157657845959 -0.43078755476491404 -0.43078755476491404 -0.3478157657845959 -0.3742494640628821 -0.19888506729384528 -0.3478157657845959 -0.3478157657845959 -0.41897199989951445 -0.5212909093920722 -0.28743918845284816 -0.49741746920515423 -0.2810557040078787 -0.43078755476491404 -0.43078755476491404 -0.28743918845284816 -0.28743918845284816 -0.43078755476491404 -0.43078755476491404 -0.5212909093920722 -0.4269639815696264 -0.3478157657845959 -0.3478157657845959 -0.43078755476491404 -0.2810557040078787 -0.2810557040078787 -0.43078755476491404 -0.43078755476491404 -0.3478157657845959 -0.2457238361529283 -0.3478157657845959 -0.3478157657845959 -0.19888506729384528 -0.30465158591214453 -0.30465158591214453 -0.22713002994941628 -0.22812406892408477 -0.22713002994941628 -0.22812406892408477 -0.22713002994941628 -0.22812406892408477 -0.22713002994941628 -0.3962309228082263 -0.22812406892408477 -0.2457238361529283 -0.22713002994941628 -0.3478157657845959 -0.22713002994941628 -0.3478157657845959 -0.22812406892408477 -0.2910831897350783 -0.2910831897350783 -0.2910831897350783 -0.28112522574906906 -0.14576873237876967 -0.27120883402619844 -0.22713002994941628 -0.25982577480618435 -0.21409170335795727 -0.1995259280529714 -0.19736164869341716 -0.1821068647573436 -0.17614167262846486 -0.1739098427424842 -0.1627888159462234 -0.1627888159462234 -0.1627888159462234 -0.1627888159462234 -0.13493349044006586 -0.12960204680651732 -0.12190901523893742 -0.12190901523893742 -0.0820882152549233 -0.09868027573317253 -0.03281880387148894 -0.03281880387148894 -0.03281880387148894 -0.03883199429684344 -0.03883199429684344 -0.03928866302395971 -0.03281880387148894 -0.027831361676233755 -0.004454610170621243
-0.3478157657845959 -0.3478157657845959 -0.3478157657845959 -0.3478157657845959 -0.3478157657845959 -0.3478157657845959 -0.3478157657845959 -0.3478157657845959 -0.2810557040078787 -0.6568867251360341 -0.6568867251360341 -0.6568867251360341 -0.5512430657687283 -0.3478157657845959 -0.6568867251360341 -0.6568867251360341 -0.6568867251360341 -0.6568867251360341 -0.5512430657687283 -0.3478157657845959 -0.6708108541782184 -0.3478157657845959 -0.6568867251360341 -0.5512430657687283 -0.6116113332488385 -0.5512430657687283 -0.3478157657845959 -0.3478157657845959 -0.5512430657687283 -0.3478157657845959 -0.19888506729384528 -0.5512430657687283 -0.5540045622617185 -0.3478157657845959 -0.3478157657845959 -0.28743918845284816 -0.3478157657845959 -0.2810557040078787 -0.3478157657845959 -0.3478157657845959 -0.28743918845284816 -0.28743918845284816 -0.3478157657845959 -0.3478157657845959 -0.3478157657845959 -0.3478157657845959 -0.4686932544103909 -0.47301892908293836 -0.3478157657845959 -0.2810557040078787 -0.2810557040078787 -0.3478157657845959 -0.3478157657845959 -0.4584190234342771 -0.2457238361529283 -0.44006304448803996 -0.44988319435804547 -0.19888506729384528 -0.30465158591214453 -0.30465158591214453 -0.22713002994941628 -0.22812406892408477 -0.22713002994941628 -0.22812406892408477 -0.22713002994941628 -0.22812406892408477 -0.22713002994941628 -0.3478157657845959 -0.22812406892408477 -0.2457238361529283 -0.22713002994941628 -0.36905128704578893 -0.22713002994941628 -0.34978606364198145 -0.22812406892408477 -0.2910831897350783 -0.2910831897350783 -0.2910831897350783 -0.28112522574906906 -0.14576873237876967 -0.27120883402619844 -0.22713002994941628 -0.25982577480618435 -0.21409170335795727 -0.1995259280529714 -0.19736164869341716 -0.1821068647573436 -0.17614167262846486 -0.1739098427424842 -0.1627888159462234 -0.1627888159462234 -0.1627888159462234 -0.1627888159462234 -0.13493349044006586 -0.12960204680651732 -0.12190901523893742 -0.12190901523893742 -0.0820882152549233 -0.09868027573317253 -0.03281880387148894 -0.03281880387148894 -0.03281880387148894 -0.03883199429684344 -0.03883199429684344 -0.03928866302395971 -0.03281880387148894 -0.027831361676233755 -0.004454610170621243
-0.3478157657845959 -0.3478157657845959 -0.3478157657845959 -0.3478157657845959 -0.3478157657845959 -0.3478157657845959 -0.3478157657845959 -0.3478157657845959 -0.2810557040078787 -0.6673517451893353 -0.6673517451893353 -0.6673517451893353 -0.5512430657687283 -0.3478157657845959 -0.6673517451893353 -0.6673517451893353 -0.6673517451893353 -0.6673517451893353 -0.5512430657687283 -0.3478157657845959 -0.6568867251360341 -0.3478157657845959 -0.6673517451893353 -0.5512430657687283 -0.6116113332488385 -0.5512430657687283 -0.3478157657845959 -0.3478157657845959 -0.5512430657687283 -0.3478157657845959 -0.19888506729384528 -0.5512430657687283 -0.5540045622617185 -0.3478157657845959 -0.3478157657845959 -0.28743918845284816 -0.3478157657845959 -0.2810557040078787 -0.3478157657845959 -0.3478157657845959 -0.28743918845284816 -0.28743918845284816 -0.3478157657845959 -0.3478157657845959 -0.3478157657845959 -0.3478157657845959 -0.4686932544103909 -0.47301892908293836 -0.3478157657845959 -0.2810557040078787 -0.2810557040078787 -0.3478157657845959 -0.3478157657845959 -0.4584190234342771 -0.2457238361529283 -0.44006304448803996 -0.44988319435804547 -0.19888506729384528 -0.30465158591214453 -0.30465158591214453 -0.22713002994941628 -0.22812406892408477 -0.22713002994941628 -0.22812406892408477 -0.22713002994941628 -0.22812406892408477 -0.22713002994941628 -0.3478157657845959 -0.22812406892408477 -0.2457238361529283 -0.22713002994941628 -0.36905128704578893 -0.22713002994941628 -0.34978606364198145 -0.22812406892408477 -0.2910831897350783 -0.2910831897350783 -0.2910831897350783 -0.28112522574906906 -0.14576873237876967 -0.27120883402619844 -0.22713002994941628 -0.25982577480618435 -0.21409170335795727 -0.1995259280529714 -0.19736164869341716 -0.1821068647573436 -0.17614167262846486 -0.1739098427424842 -0.1627888159462234 -0.1627888159462234 -0.1627888159462234 -0.1627888159462234 -0.13493349044006586 -0.12960204680651732 -0.12190901523893742 -0.12190901523893742 -0.0820882152549233 -0.09868027573317253 -0.03281880387148894 -0.03281880387148894 -0.03281880387148894 -0.03883199429684344 -0.03883199429684344 -0.03928866302395971 -0.03281880387148894 -0.027831361676233755 -0.004454610170621243
-0.22713002994941628 -0.22713002994941628 -0.22713002994941628 -0.22713002994941628 -0.22713002994941628 -0.22713002994941628 -0.22713002994941628 -0.22713002994941628 -0.22713002994941628 -0.22713002994941628 -0.22713002994941628 -0.22713002994941628 -0.22713002994941628 -0.22713002994941628 -0.22713002994941628 -0.22713002994941628 -0.22713002994941628 -0.22713002994941628 -0.22713002994941628 -0.22713002994941628 -0.22713002994941628 -0.22713002994941628 -0.22713002994941628 -0.22713002994941628 -0.22713002994941628 -0.22713002994941628 -0.22713002994941628 -0.22713002994941628 -0.22713002994941628 -0.22713002994941628 -0.19888506729384528 -0.22713002994941628 -0.22713002994941628 -0.22713002994941628 -0.22713002994941628 -0.22713002994941628 -0.22713002994941628 -0.22713002994941628 -0.22713002994941628 -0.22713002994941628 -0.22713002994941628 -0.22713002994941628 -0.22713002994941628 -0.22713002994941628 -0.22713002994941628 -0.22713002994941628 -0.22713002994941628 -0.22713002994941628 -0.22713002994941628 -0.22713002994941628 -0.22713002994941628 -0.22713002994941628 -0.22713002994941628 -0.22713002994941628 -0.22713002994941628 -0.22713002994941628 -0.22713002994941628 -0.19888506729384528 -0.22713002994941628 -0.22713002994941628 -0.22713002994941628 -0.22713002994941628 -0.22713002994941628 -0.22713002994941628 -0.22713002994941628 -0.22713002994941628 -0.22713002994941628 -0.22713002994941628 -0.22713002994941628 -0.22713002994941628 -0.22713002994941628 -0.22713002994941628 -0.22713002994941628 -0.22713002994941628 -0.22713002994941628 -0.22713002994941628 -0.22713002994941628 -0.22713002994941628 -0.22713002994941628 -0.14576873237876967 -0.22713002994941628 -0.22713002994941628 -0.22713002994941628 -0.21409170335795727 -0.1995259280529714 -0.19736164869341716 -0.1821068647573436 -0.17614167262846486 -0.1739098427424842 -0.1627888159462234 -0.1627888159462234 -0.1627888159462234 -0.1627888159462234 -0.13493349044006586 -0.12960204680651732 -0.12190901523893742 -0.12190901523893742 -0.0820882152549233 -0.09868027573317253 -0.03281880387148894 -0.03281880387148894 -0.03281880387148894 -0.03883199429684344 -0.03883199429684344 -0.03928866302395971 -0.03281880387148894 -0.027831361676233755 -0.004454610170621243
-0.3478157657845959 -0.3478157657845959 -0.3478157657845959 -0.3478157657845959 -0.3478157657845959 -0.3478157657845959 -0.3478157657845959 -0.3478157657845959 -0.2810557040078787 -0.44006304448803996 -0.44006304448803996 -0.44006304448803996 -0.44006304448803996 -0.3478157657845959 -0.44006304448803996 -0.44006304448803996 -0.44006304448803996 -0.44006304448803996 -0.44006304448803996 -0.3478157657845959 -0.44006304448803996 -0.3478157657845959 -0.44006304448803996 -0.44006304448803996 -0.44006304448803996 -0.44006304448803996 -0.3478157657845959 -0.3478157657845959 -0.44006304448803996 -0.3478157657845959 -0.19888506729384528 -0.44006304448803996 -0.44006304448803996 -0.3478157657845959 -0.3478157657845959 -0.28743918845284816 -0.3478157657845959 -0.2810557040078787 -0.3478157657845959 -0.3478157657845959 -0.28743918845284816 -0.28743918845284816 -0.3478157657845959 -0.3478157657845959 -0.3478157657845959 -0.3478157657845959 -0.44006304448803996 -0.44006304448803996 -0.3478157657845959 -0.2810557040078787 -0.2810557040078787 -0.3478157657845959 -0.3478157657845959 -0.44006304448803996 -0.2457238361529283 -0.44006304448803996 -0.44006304448803996 -0.19888506729384528 -0.30465158591214453 -0.30465158591214453 -0.22713002994941628 -0.22812406892408477 -0.22713002994941628 -0.22812406892408477 -0.22713002994941628 -0.22812406892408477 -0.22713002994941628 -0.3478157657845959 -0.22812406892408477 -0.2457238361529283 -0.22713002994941628 -0.36905128704578893 -0.22713002994941628 -0.34978606364198145 -0.22812406892408477 -0.2910831897350783 -0.2910831897350783 -0.2910831897350783 -0.28112522574906906 -0.14576873237876967 -0.27120883402619844 -0.22713002994941628 -0.25982577480618435 -0.21409170335795727 -0.1995259280529714 -0.19736164869341716 -0.1821068647573436 -0.17614167262846486 -0.1739098427424842 -0.1627888159462234 -0.1627888159462234 -0.1627888159462234 -0.1627888159462234 -0.13493349044006586 -0.12960204680651732 -0.12190901523893742 -0.12190901523893742 -0.0820882152549233 -0.09868027573317253 -0.03281880387148894 -0.03281880387148894 -0.03281880387148894 -0.03883199429684344 -0.03883199429684344 -0.03928866302395971 -0.03281880387148894 -0.027831361676233755 -0.004454610170621243
-0.3478157657845959 -0.3478157657845959 -0.3478157657845959 -0.3478157657845959 -0.3478157657845959 -0.3478157657845959 -0.3478157657845959 -0.3478157657845959 -0.2810557040078787 -0.6568867251360341 -0.6568867251360341 -0.6568867251360341 -0.5512430657687283 -0.3478157657845959 -0.6568867251360341 -0.6568867251360341 -0.6568867251360341 -0.6568867251360341 -0.5512430657687283 -0.3478157657845959 -0.6611723630412757 -0.3478157657845959 -0.6568867251360341 -0.5512430657687283 -0.6116113332488385 -0.5512430657687283 -0.3478157657845959 -0.3478157657845959 -0.5512430657687283 -0.3478157657845959 -0.19888506729384528 -0.5512430657687283 -0.5540045622617185 -0.3478157657845959 -0.3478157657845959 -0.28743918845284816 -0.3478157657845959 -0.2810557040078787 -0.3478157657845959 -0.3478157657845959 -0.28743918845284816 -0.28743918845284816 -0.3478157657845959 -0.3478157657845959 -0.3478157657845959 -0.3478157657845959 -0.4686932544103909 -0.47301892908293836 -0.3478157657845959 -0.2810557040078787 -0.2810557040078787 -0.3478157657845959 -0.3478157657845959 -0.4584190234342771 -0.2457238361529283 -0.44006304448803996 -0.44988319435804547 -0.19888506729384528 -0.30465158591214453 -0.30465158591214453 -0.22713002994941628 -0.22812406892408477 -0.22713002994941628 -0.22812406892408477 -0.22713002994941628 -0.22812406892408477 -0.22713002994941628 -0.3478157657845959 -0.22812406892408477 -0.2457238361529283 -0.22713002994941628 -0.36905128704578893 -0.22713002994941628 -0.34978606364198145 -0.22812406892408477 -0.2910831897350783 -0.2910831897350783 -0.2910831897350783 -0.28112522574906906 -0.14576873237876967 -0.27120883402619844 -0.22713002994941628 -0.25982577480618435 -0.21409170335795727 -0.1995259280529714 -0.19736164869341716 -0.1821068647573436 -0.17614167262846486 -0.1739098427424842 -0.1627888159462234 -0.1627888159462234 -0.1627888159462234 -0.1627888159462234 -0.13493349044006586 -0.12960204680651732 -0.12190901523893742 -0.12190901523893742 -0.0820882152549233 -0.09868027573317253 -0.03281880387148894 -0.03281880387148894 -0.03281880387148894 -0.03883199429684344 -0.03883199429684344 -0.03928866302395971 -0.03281880387148894 -0.027831361676233755 -0.004454610170621243
-0.3478157657845959 -0.3478157657845959 -0.3478157657845959 -0.3478157657845959 -0.3478157657845959 -0.3478157657845959 -0.3478157657845959 -0.3478157657845959 -0.2810557040078787 -0.6116113332488385 -0.6116113332488385 -0.6116113332488385 -0.5512430657687283 -0.3478157657845959 -0.6116113332488385 -0.6116113332488385 -0.6116113332488385 -0.6116113332488385 -0.5512430657687283 -0.3478157657845959 -0.6116113332488385 -0.3478157657845959 -0.6116113332488385 -0.5512430657687283 -0.6116113332488385 -0.5512430657687283 -0.3478157657845959 -0.3478157657845959 -0.5512430657687283 -0.3478157657845959 -0.19888506729384528 -0.5512430657687283 -0.5540045622617185 -0.3478157657845959 -0.3478157657845959 -0.28743918845284816 -0.3478157657845959 -0.2810557040078787 -0.3478157657845959 -0.3478157657845959 -0.28743918845284816 -0.28743918845284816 -0.3478157657845959 -0.3478157657845959 -0.3478157657845959 -0.3478157657845959 -0.4686932544103909 -0.47301892908293836 -0.3478157657845959 -0.2810557040078787 -0.2810557040078787 -0.3478157657845959 -0.3478157657845959 -0.4584190234342771 -0.2457238361529283 -0.44006304448803996 -0.44988319435804547 -0.19888506729384528 -0.30465158591214453 -0.30465158591214453 -0.22713002994941628 -0.22812406892408477 -0.22713002994941628 -0.22812406892408477 -0.22713002994941628 -0.22812406892408477 -0.22713002994941628 -0.3478157657845959 -0.22812406892408477 -0.2457238361529283 -0.22713002994941628 -0.36905128704578893 -0.22713002994941628 -0.34978606364198145 -0.22812406892408477 -0.2910831897350783 -0.2910831897350783 -0.2910831897350783 -0.28112522574906906 -0.14576873237876967 -0.27120883402619844 -0.22713002994941628 -0.25982577480618435 -0.21409170335795727 -0.1995259280529714 -0.19736164869341716 -0.1821068647573436 -0.17614167262846486 -0.1739098427424842 -0.1627888159462234 -0.1627888159462234 -0.1627888159462234 -0.1627888159462234 -0.13493349044006586 -0.12960204680651732 -0.12190901523893742 -0.12190901523893742 -0.0820882152549233 -0.09868027573317253 -0.03281880387148894 -0.03281880387148894 -0.03281880387148894 -0.03883199429684344 -0.03883199429684344 -0.03928866302395971 -0.03281880387148894 -0.027831361676233755 -0.004454610170621243
-0.3742494640628821 -0.3742494640628821 -0.3742494640628821 -0.3742494640628821 -0.3742494640628821 -0.3742494640628821 -0.3742494640628821 -0.3742494640628821 -0.2810557040078787 -0.3478157657845959 -0.3478157657845959 -0.3478157657845959 -0.3478157657845959 -0.3742494640628821 -0.3478157657845959 -0.3478157657845959 -0.3478157657845959 -0.3478157657845959 -0.3478157657845959 -0.3742494640628821 -0.3478157657845959 -0.3742494640628821 -0.3478157657845959 -0.3478157657845959 -0.3478157657845959 -0.3478157657845959 -0.3742494640628821 -0.3742494640628821 -0.3478157657845959 -0.3742494640628821 -0.19888506729384528 -0.3478157657845959 -0.3478157657845959 -0.3742494640628821 -0.3742494640628821 -0.28743918845284816 -0.3742494640628821 -0.2810557040078787 -0.3742494640628821 -0.3742494640628821 -0.28743918845284816 -0.28743918845284816 -0.3742494640628821 -0.3742494640628821 -0.3742494640628821 -0.3742494640628821 -0.3478157657845959 -0.3478157657845959 -0.3742494640628821 -0.2810557040078787 -0.2810557040078787 -0.3742494640628821 -0.3742494640628821 -0.3478157657845959 -0.2457238361529283 -0.3478157657845959 -0.3478157657845959 -0.19888506729384528 -0.30465158591214453 -0.30465158591214453 -0.22713002994941628 -0.22812406892408477 -0.22713002994941628 -0.22812406892408477 -0.22713002994941628 -0.22812406892408477 -0.22713002994941628 -0.3742494640628821 -0.22812406892408477 -0.2457238361529283 -0.22713002994941628 -0.3478157657845959 -0.22713002994941628 -0.3478157657845959 -0.22812406892408477 -0.2910831897350783 -0.2910831897350783 -0.2910831897350783 -0.28112522574906906 -0.14576873237876967 -0.27120883402619844 -0.22713002994941628 -0.25982577480618435 -0.21409170335795727 -0.1995259280529714 -0.19736164869341716 -0.1821068647573436 -0.17614167262846486 -0.1739098427424842 -0.1627888159462234 -0.1627888159462234 -0.1627888159462234 -0.1627888159462234 -0.13493349044006586 -0.12960204680651732 -0.12190901523893742 -0.12190901523893742 -0.0820882152549233 -0.09868027573317253 -0.03281880387148894 -0.03281880387148894 -0.03281880387148894 -0.03883199429684344 -0.03883199429684344 -0.03928866302395971 -0.03281880387148894 -0.027831361676233755 -0.004454610170621243
-0.5801132093453981 -0.5801132093453981 -0.5967963093020694 -0.5967963093020694 -0.4920997726369036 -0.5967963093020694 -0.4920997726369036 -0.4920997726369036 -0.2810557040078787 -0.3478157657845959 -0.3478157657845959 -0.3478157657845959 -0.3478157657845959 -0.6444040515719603 -0.3478157657845959 -0.3478157657845959 -0.3478157657845959 -0.3478157657845959 -0.3478157657845959 -0.5967963093020694 -0.3478157657845959 -0.4920997726369036 -0.3478157657845959 -0.3478157657845959 -0.3478157657845959 -0.3478157657845959 -0.43078755476491404 -0.43078755476491404 -0.3478157657845959 -0.3742494640628821 -0.19888506729384528 -0.3478157657845959 -0.3478157657845959 -0.41897199989951445 -0.4920997726369036 -0.28743918845284816 -0.4920997726369036 -0.2810557040078787 -0.43078755476491404 -0.43078755476491404 -0.28743918845284816 -0.28743918845284816 -0.43078755476491404 -0.43078755476491404 -0.4920997726369036 -0.4269639815696264 -0.3478157657845959 -0.3478157657845959 -0.43078755476491404 -0.2810557040078787 -0.2810557040078787 -0.43078755476491404 -0.43078755476491404 -0.3478157657845959 -0.2457238361529283 -0.3478157657845959 -0.3478157657845959 -0.19888506729384528 -0.30465158591214453 -0.30465158591214453 -0.22713002994941628 -0.22812406892408477 -0.22713002994941628 -0.22812406892408477 -0.22713002994941628 -0.22812406892408477 -0.22713002994941628 -0.3962309228082263 -0.22812406892408477 -0.2457238361529283 -0.22713002994941628 -0.3478157657845959 -0.22713002994941628 -0.3478157657845959 -0.22812406892408477 -0.2910831897350783 -0.2910831897350783 -0.2910831897350783 -0.28112522574906906 -0.14576873237876967 -0.27120883402619844 -0.22713002994941628 -0.25982577480618435 -0.21409170335795727 -0.1995259280529714 -0.19736164869341716 -0.1821068647573436 -0.17614167262846486 -0.1739098427424842 -0.1627888159462234 -0.1627888159462234 -0.1627888159462234 -0.1627888159462234 -0.13493349044006586 -0.12960204680651732 -0.12190901523893742 -0.12190901523893742 -0.0820882152549233 -0.09868027573317253 -0.03281880387148894 -0.03281880387148894 -0.03281880387148894 -0.03883199429684344 -0.03883199429684344 -0.03928866302395971 -0.03281880387148894 -0.027831361676233755 -0.004454610170621243
-0.3478157657845959 -0.3478157657845959 -0.3478157657845959 -0.3478157657845959 -0.3478157657845959 -0.3478157657845959 -0.3478157657845959 -0.3478157657845959 -0.2810557040078787 -0.36905128704578893 -0.36905128704578893 -0.36905128704578893 -0.36905128704578893 -0.3478157657845959 -0.36905128704578893 -0.36905128704578893 -0.36905128704578893 -0.36905128704578893 -0.36905128704578893 -0.3478157657845959 -0.36905128704578893 -0.3478157657845959 -0.36905128704578893 -0.36905128704578893 -0.36905128704578893 -0.36905128704578893 -0.3478157657845959 -0.3478157657845959 -0.36905128704578893 -0.3478157657845959 -0.19888506729384528 -0.36905128704578893 -0.36905128704578893 -0.3478157657845959 -0.3478157657845959 -0.28743918845284816 -0.3478157657845959 -0.2810557040078787 -0.3478157657845959 -0.3478157657845959 -0.28743918845284816 -0.28743918845284816 -0.3478157657845959 -0.3478157657845959 -0.3478157657845959 -0.3478157657845959 -0.36905128704578893 -0.36905128704578893 -0.3478157657845959 -0.2810557040078787 -0.2810557040078787 -0.3478157657845959 -0.3478157657845959 -0.36905128704578893 -0.2457238361529283 -0.36905128704578893 -0.36905128704578893 -0.19888506729384528 -0.30465158591214453 -0.30465158591214453 -0.22713002994941628 -0.22812406892408477 -0.22713002994941628 -0.22812406892408477 -0.22713002994941628 -0.22812406892408477 -0.22713002994941628 -0.3478157657845959 -0.22812406892408477 -0.2457238361529283 -0.22713002994941628 -0.36905128704578893 -0.22713002994941628 -0.34978606364198145 -0.22812406892408477 -0.2910831897350783 -0.2910831897350783 -0.2910831897350783 -0.28112522574906906 -0.14576873237876967 -0.27120883402619844 -0.22713002994941628 -0.25982577480618435 -0.21409170335795727 -0.1995259280529714 -0.19736164869341716 -0.1821068647573436 -0.17614167262846486 -0.1739098427424842 -0.1627888159462234 -0.1627888159462234 -0.1627888159462234 -0.1627888159462234 -0.13493349044006586 -0.12960204680651732 -0.12190901523893742 -0.12190901523893742 -0.0820882152549233 -0.09868027573317253 -0.03281880387148894 -0.03281880387148894 -0.03281880387148894 -0.03883199429684344 -0.03883199429684344 -0.03928866302395971 -0.03281880387148894 -0.027831361676233755 -0.004454610170621243
-0.3478157657845959 -0.3478157657845959 -0.3478157657845959 -0.3478157657845959 -0.3478157657845959 -0.3478157657845959 -0.3478157657845959 -0.3478157657845959 -0.2810557040078787 -0.44006304448803996 -0.44006304448803996 -0.44006304448803996 -0.44006304448803996 -0.3478157657845959 -0.44006304448803996 -0.44006304448803996 -0.44006304448803996 -0.44006304448803996 -0.44006304448803996 -0.3478157657845959 -0.44006304448803996 -0.3478157657845959 -0.44006304448803996 -0.44006304448803996 -0.44006304448803996 -0.44006304448803996 -0.3478157657845959 -0.3478157657845959 -0.44006304448803996 -0.3478157657845959 -0.19888506729384528 -0.44006304448803996 -0.44006304448803996 -0.3478157657845959 -0.3478157657845959 -0.28743918845284816 -0.3478157657845959 -0.2810557040078787 -0.3478157657845959 -0.3478157657845959 -0.28743918845284816 -0.28743918845284816 -0.3478157657845959 -0.3478157657845959 -0.3478157657845959 -0.3478157657845959 -0.44006304448803996 -0.44006304448803996 -0.3478157657845959 -0.2810557040078787 -0.2810557040078787 -0.3478157657845959 -0.3478157657845959 -0.44006304448803996 -0.2457238361529283 -0.44006304448803996 -0.44006304448803996 -0.19888506729384528 -0.30465158591214453 -0.30465158591214453 -0.22713002994941628 -0.22812406892408477 -0.22713002994941628 -0.22812406892408477 -0.22713002994941628 -0.22812406892408477 -0.22713002994941628 -0.3478157657845959 -0.22812406892408477 -0.2457238361529283 -0.22713002994941628 -0.36905128704578893 -0.22713002994941628 -0.34978606364198145 -0.22812406892408477 -0.2910831897350783 -0.2910831897350783 -0.2910831897350783 -0.28112522574906906 -0.14576873237876967 -0.27120883402619844 -0.22713002994941628 -0.25982577480618435 -0.21409170335795727 -0.1995259280529714 -0.19736164869341716 -0.1821068647573436 -0.17614167262846486 -0.1739098427424842 -0.1627888159462234 -0.1627888159462234 -0.1627888159462234 -0.1627888159462234 -0.13493349044006586 -0.12960204680651732 -0.12190901523893742 -0.12190901523893742 -0.0820882152549233 -0.09868027573317253 -0.03281880387148894 -0.03281880387148894 -0.03281880387148894 -0.03883199429684344 -0.03883199429684344 -0.03928866302395971 -0.03281880387148894 -0.027831361676233755 -0.004454610170621243
-0.3478157657845959 -0.3478157657845959 -0.3478157657845959 -0.3478157657845959 -0.3478157657845959 -0.3478157657845959 -0.3478157657845959 -0.3478157657845959 -0.2810557040078787 -0.44006304448803996 -0.44006304448803996 -0.44006304448803996 -0.44006304448803996 -0.3478157657845959 -0.44006304448803996 -0.44006304448803996 -0.44006304448803996 -0.44006304448803996 -0.44006304448803996 -0.3478157657845959 -0.44006304448803996 -0.3478157657845959 -0.44006304448803996 -0.44006304448803996 -0.44006304448803996 -0.44006304448803996 -0.3478157657845959 -0.3478157657845959 -0.44006304448803996 -0.3478157657845959 -0.19888506729384528 -0.44006304448803996 -0.44006304448803996 -0.3478157657845959 -0.3478157657845959 -0.28743918845284816 -0.3478157657845959 -0.2810557040078787 -0.3478157657845959 -0.3478157657845959 -0.28743918845284816 -0.28743918845284816 -0.3478157657845959 -0.3478157657845959 -0.3478157657845959 -0.3478157657845959 -0.44006304448803996 -0.44006304448803996 -0.3478157657845959 -0.2810557040078787 -0.2810557040078787 -0.3478157657845959 -0.3478157657845959 -0.44006304448803996 -0.2457238361529283 -0.45166394764185996 -0.44006304448803996 -0.19888506729384528 -0.30465158591214453 -0.30465158591214453 -0.22713002994941628 -0.22812406892408477 -0.22713002994941628 -0.22812406892408477 -0.22713002994941628 -0.22812406892408477 -0.22713002994941628 -0.3478157657845959 -0.22812406892408477 -0.2457238361529283 -0.22713002994941628 -0.36905128704578893 -0.22713002994941628 -0.34978606364198145 -0.22812406892408477 -0.2910831897350783 -0.2910831897350783 -0.2910831897350783 -0.28112522574906906 -0.14576873237876967 -0.27120883402619844 -0.22713002994941628 -0.25982577480618435 -0.21409170335795727 -0.1995259280529714 -0.19736164869341716 -0.1821068647573436 -0.17614167262846486 -0.1739098427424842 -0.1627888159462234 -0.1627888159462234 -0.1627888159462234 -0.1627888159462234 -0.13493349044006586 -0.12960204680651732 -0.12190901523893742 -0.12190901523893742 -0.0820882152549233 -0.09868027573317253 -0.03281880387148894 -0.03281880387148894 -0.03281880387148894 -0.03883199429684344 -0.03883199429684344 -0.03928866302395971 -0.03281880387148894 -0.027831361676233755 -0.004454610170621243
-0.3478157657845959 -0.3478157657845959 -0.3478157657845959 -0.3478157657845959 -0.3478157657845959 -0.3478157657845959 -0.3478157657845959 -0.3478157657845959 -0.2810557040078787 -0.5512430657687283 -0.5512430657687283 -0.5512430657687283 -0.5512430657687283 -0.3478157657845959 -0.5512430657687283 -0.5512430657687283 -0.5512430657687283 -0.5512430657687283 -0.5512430657687283 -0.3478157657845959 -0.5512430657687283 -0.3478157657845959 -0.5512430657687283 -0.5512430657687283 -0.5512430657687283 -0.5512430657687283 -0.3478157657845959 -0.3478157657845959 -0.5512430657687283 -0.3478157657845959 -0.19888506729384528 -0.5512430657687283 -0.5512430657687283 -0.3478157657845959 -0.3478157657845959 -0.28743918845284816 -0.3478157657845959 -0.2810557040078787 -0.3478157657845959 -0.3478157657845959 -0.28743918845284816 -0.28743918845284816 -0.3478157657845959 -0.3478157657845959 -0.3478157657845959 -0.3478157657845959 -0.4686932544103909 -0.47301892908293836 -0.3478157657845959 -0.2810557040078787 -0.2810557040078787 -0.3478157657845959 -0.3478157657845959 -0.4584190234342771 -0.2457238361529283 -0.44006304448803996 -0.44988319435804547 -0.19888506729384528 -0.30465158591214453 -0.30465158591214453 -0.22713002994941628 -0.22812406892408477 -0.22713002994941628 -0.22812406892408477 -0.22713002994941628 -0.22812406892408477 -0.22713002994941628 -0.3478157657845959 -0.22812406892408477 -0.2457238361529283 -0.22713002994941628 -0.36905128704578893 -0.22713002994941628 -0.34978606364198145 -0.22812406892408477 -0.2910831897350783 -0.2910831897350783 -0.2910831897350783 -0.28112522574906906 -0.14576873237876967 -0.27120883402619844 -0.22713002994941628 -0.25982577480618435 -0.21409170335795727 -0.1995259280529714 -0.19736164869341716 -0.1821068647573436 -0.17614167262846486 -0.1739098427424842 -0.1627888159462234 -0.1627888159462234 -0.1627888159462234 -0.1627888159462234 -0.13493349044006586 -0.12960204680651732 -0.12190901523893742 -0.12190901523893742 -0.0820882152549233 -0.09868027573317253 -0.03281880387148894 -0.03281880387148894 -0.03281880387148894 -0.03883199429684344 -0.03883199429684344 -0.03928866302395971 -0.03281880387148894 -0.027831361676233755 -0.004454610170621243
-0.4920997726369036 -0.4920997726369036 -0.4920997726369036 -0.4920997726369036 -0.4920997726369036 -0.4920997726369036 -0.4920997726369036 -0.4920997726369036 -0.2810557040078787 -0.3478157657845959 -0.3478157657845959 -0.3478157657845959 -0.3478157657845959 -0.4920997726369036 -0.3478157657845959 -0.3478157657845959 -0.3478157657845959 -0.3478157657845959 -0.3478157657845959 -0.4920997726369036 -0.3478157657845959 -0.4920997726369036 -0.3478157657845959 -0.3478157657845959 -0.3478157657845959 -0.3478157657845959 -0.43078755476491404 -0.43078755476491404 -0.3478157657845959 -0.3742494640628821 -0.19888506729384528 -0.3478157657845959 -0.3478157657845959 -0.41897199989951445 -0.4920997726369036 -0.28743918845284816 -0.4920997726369036 -0.2810557040078787 -0.43078755476491404 -0.43078755476491404 -0.28743918845284816 -0.28743918845284816 -0.43078755476491404 -0.43078755476491404 -0.4920997726369036 -0.4269639815696264 -0.3478157657845959 -0.3478157657845959 -0.43078755476491404 -0.2810557040078787 -0.2810557040078787 -0.43078755476491404 -0.43078755476491404 -0.3478157657845959 -0.2457238361529283 -0.3478157657845959 -0.3478157657845959 -0.19888506729384528 -0.30465158591214453 -0.30465158591214453 -0.22713002994941628 -0.22812406892408477 -0.22713002994941628 -0.22812406892408477 -0.22713002994941628 -0.22812406892408477 -0.22713002994941628 -0.3962309228082263 -0.22812406892408477 -0.2457238361529283 -0.22713002994941628 -0.3478157657845959 -0.22713002994941628 -0.3478157657845959 -0.22812406892408477 -0.2910831897350783 -0.2910831897350783 -0.2910831897350783 -0.28112522574906906 -0.14576873237876967 -0.27120883402619844 -0.22713002994941628 -0.25982577480618435 -0.21409170335795727 -0.1995259280529714 -0.19736164869341716 -0.1821068647573436 -0.17614167262846486 -0.1739098427424842 -0.1627888159462234 -0.1627888159462234 -0.1627888159462234 -0.1627888159462234 -0.13493349044006586 -0.12960204680651732 -0.12190901523893742 -0.12190901523893742 -0.0820882152549233 -0.09868027573317253 -0.03281880387148894 -0.03281880387148894 -0.03281880387148894 -0.03883199429684344 -0.03883199429684344 -0.03928866302395971 -0.03281880387148894 -0.027831361676233755 -0.004454610170621243
-0.43078755476491404 -0.43078755476491404 -0.43078755476491404 -0.43078755476491404 -0.43078755476491404 -0.43078755476491404 -0.43078755476491404 -0.43078755476491404 -0.2810557040078787 -0.3478157657845959 -0.3478157657845959 -0.3478157657845959 -0.3478157657845959 -0.43078755476491404 -0.3478157657845959 -0.3478157657845959 -0.3478157657845959 -0.3478157657845959 -0.3478157657845959 -0.43078755476491404 -0.3478157657845959 -0.43078755476491404 -0.3478157657845959 -0.3478157657845959 -0.3478157657845959 -0.3478157657845959 -0.43078755476491404 -0.43078755476491404 -0.3478157657845959 -0.3742494640628821 -0.19888506729384528 -0.3478157657845959 -0.3478157657845959 -0.41897199989951445 -0.43078755476491404 -0.28743918845284816 -0.43078755476491404 -0.2810557040078787 -0.43078755476491404 -0.43078755476491404 -0.28743918845284816 -0.28743918845284816 -0.43078755476491404 -0.43078755476491404 -0.43078755476491404 -0.4269639815696264 -0.3478157657845959 -0.3478157657845959 -0.43078755476491404 -0.2810557040078787 -0.2810557040078787 -0.43078755476491404 -0.43078755476491404 -0.3478157657845959 -0.2457238361529283 -0.3478157657845959 -0.3478157657845959 -0.19888506729384528 -0.30465158591214453 -0.30465158591214453 -0.22713002994941628 -0.22812406892408477 -0.22713002994941628 -0.22812406892408477 -0.22713002994941628 -0.22812406892408477 -0.22713002994941628 -0.3962309228082263 -0.22812406892408477 -0.2457238361529283 -0.22713002994941628 -0.3478157657845959 -0.22713002994941628 -0.3478157657845959 -0.22812406892408477 -0.2910831897350783 -0.2910831897350783 -0.2910831897350783 -0.28112522574906906 -0.14576873237876967 -0.27120883402619844 -0.22713002994941628 -0.25982577480618435 -0.21409170335795727 -0.1995259280529714 -0.19736164869341716 -0.1821068647573436 -0.17614167262846486 -0.1739098427424842 -0.1627888159462234 -0.1627888159462234 -0.1627888159462234 -0.1627888159462234 -0.13493349044006586 -0.12960204680651732 -0.12190901523893742 -0.12190901523893742 -0.0820882152549233 -0.09868027573317253 -0.03281880387148894 -0.03281880387148894 -0.03281880387148894 -0.03883199429684344 -0.03883199429684344 -0.03928866302395971 -0.03281880387148894 -0.027831361676233755 -0.004454610170621243
-0.5801132093453981 -0.5801132093453981 -0.5836575485647018 -0.5836575485647018 -0.4920997726369036 -0.5836575485647018 -0.4920997726369036 -0.4920997726369036 -0.2810557040078787 -0.3478157657845959 -0.3478157657845959 -0.3478157657845959 -0.3478157657845959 -0.5836575485647018 -0.3478157657845959 -0.3478157657845959 -0.3478157657845959 -0.3478157657845959 -0.3478157657845959 -0.5836575485647018 -0.3478157657845959 -0.4920997726369036 -0.3478157657845959 -0.3478157657845959 -0.3478157657845959 -0.3478157657845959 -0.43078755476491404 -0.43078755476491404 -0.3478157657845959 -0.3742494640628821 -0.19888506729384528 -0.3478157657845959 -0.3478157657845959 -0.41897199989951445 -0.4920997726369036 -0.28743918845284816 -0.4920997726369036 -0.2810557040078787 -0.43078755476491404 -0.43078755476491404 -0.28743918845284816 -0.28743918845284816 -0.43078755476491404 -0.43078755476491404 -0.4920997726369036 -0.4269639815696264 -0.3478157657845959 -0.3478157657845959 -0.43078755476491404 -0.2810557040078787 -0.2810557040078787 -0.43078755476491404 -0.43078755476491404 -0.3478157657845959 -0.2457238361529283 -0.3478157657845959 -0.3478157657845959 -0.19888506729384528 -0.30465158591214453 -0.30465158591214453 -0.22713002994941628 -0.22812406892408477 -0.22713002994941628 -0.22812406892408477 -0.22713002994941628 -0.22812406892408477 -0.22713002994941628 -0.3962309228082263 -0.22812406892408477 -0.2457238361529283 -0.22713002994941628 -0.3478157657845959 -0.22713002994941628 -0.3478157657845959 -0.22812406892408477 -0.2910831897350783 -0.2910831897350783 -0.2910831897350783 -0.28112522574906906 -0.14576873237876967 -0.27120883402619844 -0.22713002994941628 -0.25982577480618435 -0.21409170335795727 -0.1995259280529714 -0.19736164869341716 -0.1821068647573436 -0.17614167262846486 -0.1739098427424842 -0.1627888159462234 -0.1627888159462234 -0.1627888159462234 -0.1627888159462234 -0.13493349044006586 -0.12960204680651732 -0.12190901523893742 -0.12190901523893742 -0.0820882152549233 -0.09868027573317253 -0.03281880387148894 -0.03281880387148894 -0.03281880387148894 -0.03883199429684344 -0.03883199429684344 -0.03928866302395971 -0.03281880387148894 -0.027831361676233755 -0.004454610170621243
-0.3478157657845959 -0.3478157657845959 -0.3478157657845959 -0.3478157657845959 -0.3478157657845959 -0.3478157657845959 -0.3478157657845959 -0.3478157657845959 -0.2810557040078787 -0.3478157657845959 -0.3478157657845959 -0.3478157657845959 -0.3478157657845959 -0.3478157657845959 -0.3478157657845959 -0.3478157657845959 -0.3478157657845959 -0.3478157657845959 -0.3478157657845959 -0.3478157657845959 -0.3478157657845959 -0.3478157657845959 -0.3478157657845959 -0.3478157657845959 -0.3478157657845959 -0.3478157657845959 -0.3478157657845959 -0.3478157657845959 -0.3478157657845959 -0.3478157657845959 -0.19888506729384528 -0.3478157657845959 -0.3478157657845959 -0.3478157657845959 -0.3478157657845959 -0.28743918845284816 -0.3478157657845959 -0.2810557040078787 -0.3478157657845959 -0.3478157657845959 -0.28743918845284816 -0.28743918845284816 -0.3478157657845959 -0.3478157657845959 -0.3478157657845959 -0.3478157657845959 -0.3478157657845959 -0.3478157657845959 -0.3478157657845959 -0.2810557040078787 -0.2810557040078787 -0.3478157657845959 -0.3478157657845959 -0.3478157657845959 -0.2457238361529283 -0.3478157657845959 -0.3478157657845959 -0.19888506729384528 -0.30465158591214453 -0.30465158591214453 -0.22713002994941628 -0.22812406892408477 -0.22713002994941628 -0.22812406892408477 -0.22713002994941628 -0.22812406892408477 -0.22713002994941628 -0.3478157657845959 -0.22812406892408477 -0.2457238361529283 -0.22713002994941628 -0.3478157657845959 -0.22713002994941628 -0.3478157657845959 -0.22812406892408477 -0.2910831897350783 -0.2910831897350783 -0.2910831897350783 -0.28112522574906906 -0.14576873237876967 -0.27120883402619844 -0.22713002994941628 -0.25982577480618435 -0.21409170335795727 -0.1995259280529714 -0.19736164869341716 -0.1821068647573436 -0.17614167262846486 -0.1739098427424842 -0.1627888159462234 -0.1627888159462234 -0.1627888159462234 -0.1627888159462234 -0.13493349044006586 -0.12960204680651732 -0.12190901523893742 -0.12190901523893742 -0.0820882152549233 -0.09868027573317253 -0.03281880387148894 -0.03281880387148894 -0.03281880387148894 -0.03883199429684344 -0.03883199429684344 -0.03928866302395971 -0.03281880387148894 -0.027831361676233755 -0.004454610170621243
-0.3742494640628821 -0.3742494640628821 -0.3742494640628821 -0.3742494640628821 -0.3742494640628821 -0.3742494640628821 -0.3742494640628821 -0.3742494640628821 -0.2810557040078787 -0.3478157657845959 -0.3478157657845959 -0.3478157657845959 -0.3478157657845959 -0.3742494640628821 -0.3478157657845959 -0.3478157657845959 -0.3478157657845959 -0.3478157657845959 -0.3478157657845959 -0.3742494640628821 -0.3478157657845959 -0.3742494640628821 -0.3478157657845959 -0.3478157657845959 -0.3478157657845959 -0.3478157657845959 -0.3742494640628821 -0.3742494640628821 -0.3478157657845959 -0.3742494640628821 -0.19888506729384528 -0.3478157657845959 -0.3478157657845959 -0.3742494640628821 -0.3742494640628821 -0.28743918845284816 -0.3742494640628821 -0.2810557040078787 -0.3742494640628821 -0.3742494640628821 -0.28743918845284816 -0.28743918845284816 -0.3742494640628821 -0.3742494640628821 -0.3742494640628821 -0.3742494640628821 -0.3478157657845959 -0.3478157657845959 -0.3742494640628821 -0.2810557040078787 -0.2810557040078787 -0.3742494640628821 -0.3742494640628821 -0.3478157657845959 -0.2457238361529283 -0.3478157657845959 -0.3478157657845959 -0.19888506729384528 -0.30465158591214453 -0.30465158591214453 -0.22713002994941628 -0.22812406892408477 -0.22713002994941628 -0.22812406892408477 -0.22713002994941628 -0.22812406892408477 -0.22713002994941628 -0.3742494640628821 -0.22812406892408477 -0.2457238361529283 -0.22713002994941628 -0.3478157657845959 -0.22713002994941628 -0.3478157657845959 -0.22812406892408477 -0.2910831897350783 -0.2910831897350783 -0.2910831897350783 -0.28112522574906906 -0.14576873237876967 -0.27120883402619844 -0.22713002994941628 -0.25982577480618435 -0.21409170335795727 -0.1995259280529714 -0.19736164869341716 -0.1821068647573436 -0.17614167262846486 -0.1739098427424842 -0.1627888159462234 -0.1627888159462234 -0.1627888159462234 -0.1627888159462234 -0.13493349044006586 -0.12960204680651732 -0.12190901523893742 -0.12190901523893742 -0.0820882152549233 -0.09868027573317253 -0.03281880387148894 -0.03281880387148894 -0.03281880387148894 -0.03883199429684344 -0.03883199429684344 -0.03928866302395971 -0.03281880387148894 -0.027831361676233755 -0.004454610170621243
-0.5554830000383518 -0.5554830000383518 -0.5554830000383518 -0.5554830000383518 -0.4920997726369036 -0.5554830000383518 -0.4920997726369036 -0.4920997726369036 -0.2810557040078787 -0.3478157657845959 -0.3478157657845959 -0.3478157657845959 -0.3478157657845959 -0.5554830000383518 -0.3478157657845959 -0.3478157657845959 -0.3478157657845959 -0.3478157657845959 -0.3478157657845959 -0.5554830000383518 -0.3478157657845959 -0.4920997726369036 -0.3478157657845959 -0.3478157657845959 -0.3478157657845959 -0.3478157657845959 -0.43078755476491404 -0.43078755476491404 -0.3478157657845959 -0.3742494640628821 -0.19888506729384528 -0.3478157657845959 -0.3478157657845959 -0.41897199989951445 -0.4920997726369036 -0.28743918845284816 -0.4920997726369036 -0.2810557040078787 -0.43078755476491404 -0.43078755476491404 -0.28743918845284816 -0.28743918845284816 -0.43078755476491404 -0.43078755476491404 -0.4920997726369036 -0.4269639815696264 -0.3478157657845959 -0.3478157657845959 -0.43078755476491404 -0.2810557040078787 -0.2810557040078787 -0.43078755476491404 -0.43078755476491404 -0.3478157657845959 -0.2457238361529283 -0.3478157657845959 -0.3478157657845959 -0.19888506729384528 -0.30465158591214453 -0.30465158591214453 -0.22713002994941628 -0.22812406892408477 -0.22713002994941628 -0.22812406892408477 -0.22713002994941628 -0.22812406892408477 -0.22713002994941628 -0.3962309228082263 -0.22812406892408477 -0.2457238361529283 -0.22713002994941628 -0.3478157657845959 -0.22713002994941628 -0.3478157657845959 -0.22812406892408477 -0.2910831897350783 -0.2910831897350783 -0.2910831897350783 -0.28112522574906906 -0.14576873237876967 -0.27120883402619844 -0.22713002994941628 -0.25982577480618435 -0.21409170335795727 -0.1995259280529714 -0.19736164869341716 -0.1821068647573436 -0.17614167262846486 -0.1739098427424842 -0.1627888159462234 -0.1627888159462234 -0.1627888159462234 -0.1627888159462234 -0.13493349044006586 -0.12960204680651732 -0.12190901523893742 -0.12190901523893742 -0.0820882152549233 -0.09868027573317253 -0.03281880387148894 -0.03281880387148894 -0.03281880387148894 -0.03883199429684344 -0.03883199429684344 -0.03928866302395971 -0.03281880387148894 -0.027831361676233755 -0.004454610170621243
-0.21409170335795727 -0.21409170335795727 -0.21409170335795727 -0.21409170335795727 -0.21409170335795727 -0.21409170335795727 -0.21409170335795727 -0.21409170335795727 -0.21409170335795727 -0.21409170335795727 -0.21409170335795727 -0.21409170335795727 -0.21409170335795727 -0.21409170335795727 -0.21409170335795727 -0.21409170335795727 -0.21409170335795727 -0.21409170335795727 -0.21409170335795727 -0.21409170335795727 -0.21409170335795727 -0.21409170335795727 -0.21409170335795727 -0.21409170335795727 -0.21409170335795727 -0.21409170335795727 -0.21409170335795727 -0.21409170335795727 -0.21409170335795727 -0.21409170335795727 -0.19888506729384528 -0.21409170335795727 -0.21409170335795727 -0.21409170335795727 -0.21409170335795727 -0.21409170335795727 -0.21409170335795727 -0.21409170335795727 -0.21409170335795727 -0.21409170335795727 -0.21409170335795727 -0.21409170335795727 -0.21409170335795727 -0.21409170335795727 -0.21409170335795727 -0.21409170335795727 -0.21409170335795727 -0.21409170335795727 -0.21409170335795727 -0.21409170335795727 -0.21409170335795727 -0.21409170335795727 -0.21409170335795727 -0.21409170335795727 -0.21409170335795727 -0.21409170335795727 -0.21409170335795727 -0.19888506729384528 -0.21409170335795727 -0.21409170335795727 -0.21409170335795727 -0.21409170335795727 -0.21409170335795727 -0.21409170335795727 -0.21409170335795727 -0.21409170335795727 -0.21409170335795727 -0.21409170335795727 -0.21409170335795727 -0.21409170335795727 -0.21409170335795727 -0.21409170335795727 -0.21409170335795727 -0.21409170335795727 -0.21409170335795727 -0.21409170335795727 -0.21409170335795727 -0.21409170335795727 -0.21409170335795727 -0.14576873237876967 -0.21409170335795727 -0.21409170335795727 -0.21409170335795727 -0.21409170335795727 -0.1995259280529714 -0.19736164869341716 -0.1821068647573436 -0.17614167262846486 -0.1739098427424842 -0.1627888159462234 -0.1627888159462234 -0.1627888159462234 -0.1627888159462234 -0.13493349044006586 -0.12960204680651732 -0.12190901523893742 -0.12190901523893742 -0.0820882152549233 -0.09868027573317253 -0.03281880387148894 -0.03281880387148894 -0.03281880387148894 -0.03883199429684344 -0.03883199429684344 -0.03928866302395971 -0.03281880387148894 -0.027831361676233755 -0.004454610170621243
-0.3742494640628821 -0.3742494640628821 -0.3742494640628821 -0.3742494640628821 -0.3742494640628821 -0.3742494640628821 -0.3742494640628821 -0.3742494640628821 -0.2810557040078787 -0.3478157657845959 -0.3478157657845959 -0.3478157657845959 -0.3478157657845959 -0.3742494640628821 -0.3478157657845959 -0.3478157657845959 -0.3478157657845959 -0.3478157657845959 -0.3478157657845959 -0.3742494640628821 -0.3478157657845959 -0.3742494640628821 -0.3478157657845959 -0.3478157657845959 -0.3478157657845959 -0.3478157657845959 -0.3742494640628821 -0.3742494640628821 -0.3478157657845959 -0.3742494640628821 -0.19888506729384528 -0.3478157657845959 -0.3478157657845959 -0.3742494640628821 -0.3742494640628821 -0.28743918845284816 -0.3742494640628821 -0.2810557040078787 -0.3742494640628821 -0.3742494640628821 -0.28743918845284816 -0.28743918845284816 -0.3742494640628821 -0.3742494640628821 -0.3742494640628821 -0.3742494640628821 -0.3478157657845959 -0.3478157657845959 -0.3742494640628821 -0.2810557040078787 -0.2810557040078787 -0.3742494640628821 -0.3742494640628821 -0.3478157657845959 -0.2457238361529283 -0.3478157657845959 -0.3478157657845959 -0.19888506729384528 -0.30465158591214453 -0.30465158591214453 -0.22713002994941628 -0.22812406892408477 -0.22713002994941628 -0.22812406892408477 -0.22713002994941628 -0.22812406892408477 -0.22713002994941628 -0.3742494640628821 -0.22812406892408477 -0.2457238361529283 -0.22713002994941628 -0.3478157657845959 -0.22713002994941628 -0.3478157657845959 -0.22812406892408477 -0.2910831897350783 -0.2910831897350783 -0.2910831897350783 -0.28112522574906906 -0.14576873237876967 -0.27120883402619844 -0.22713002994941628 -0.25982577480618435 -0.21409170335795727 -0.1995259280529714 -0.19736164869341716 -0.1821068647573436 -0.17614167262846486 -0.1739098427424842 -0.1627888159462234 -0.1627888159462234 -0.1627888159462234 -0.1627888159462234 -0.13493349044006586 -0.12960204680651732 -0.12190901523893742 -0.12190901523893742 -0.0820882152549233 -0.09868027573317253 -0.03281880387148894 -0.03281880387148894 -0.03281880387148894 -0.03883199429684344 -0.03883199429684344 -0.03928866302395971 -0.03281880387148894 -0.027831361676233755 -0.004454610170621243
-0.2810557040078787 -0.2810557040078787 -0.2810557040078787 -0.2810557040078787 -0.2810557040078787 -0.2810557040078787 -0.2810557040078787 -0.2810557040078787 -0.2810557040078787 -0.2810557040078787 -0.2810557040078787 -0.2810557040078787 -0.2810557040078787 -0.2810557040078787 -0.2810557040078787 -0.2810557040078787 -0.2810557040078787 -0.2810557040078787 -0.2810557040078787 -0.2810557040078787 -0.2810557040078787 -0.2810557040078787 -0.2810557040078787 -0.2810557040078787 -0.2810557040078787 -0.2810557040078787 -0.2810557040078787 -0.2810557040078787 -0.2810557040078787 -0.2810557040078787 -0.19888506729384528 -0.2810557040078787 -0.2810557040078787 -0.2810557040078787 -0.2810557040078787 -0.2810557040078787 -0.2810557040078787 -0.2810557040078787 -0.2810557040078787 -0.2810557040078787 -0.2810557040078787 -0.2810557040078787 -0.2810557040078787 -0.2810557040078787 -0.2810557040078787 -0.2810557040078787 -0.2810557040078787 -0.2810557040078787 -0.2810557040078787 -0.2810557040078787 -0.2810557040078787 -0.2810557040078787 -0.2810557040078787 -0.2810557040078787 -0.2457238361529283 -0.2810557040078787 -0.2810557040078787 -0.19888506729384528 -0.2810557040078787 -0.2810557040078787 -0.22713002994941628 -0.22812406892408477 -0.22713002994941628 -0.22812406892408477 -0.22713002994941628 -0.22812406892408477 -0.22713002994941628 -0.2810557040078787 -0.22812406892408477 -0.2457238361529283 -0.22713002994941628 -0.2810557040078787 -0.22713002994941628 -0.2810557040078787 -0.22812406892408477 -0.2810557040078787 -0.2810557040078787 -0.2810557040078787 -0.2810557040078787 -0.14576873237876967 -0.27120883402619844 -0.22713002994941628 -0.25982577480618435 -0.21409170335795727 -0.1995259280529714 -0.19736164869341716 -0.1821068647573436 -0.17614167262846486 -0.1739098427424842 -0.1627888159462234 -0.1627888159462234 -0.1627888159462234 -0.1627888159462234 -0.13493349044006586 -0.12960204680651732 -0.12190901523893742 -0.12190901523893742 -0.0820882152549233 -0.09868027573317253 -0.03281880387148894 -0.03281880387148894 -0.03281880387148894 -0.03883199429684344 -0.03883199429684344 -0.03928866302395971 -0.03281880387148894 -0.027831361676233755 -0.004454610170621243
-0.3478157657845959 -0.3478157657845959 -0.3478157657845959 -0.3478157657845959 -0.3478157657845959 -0.3478157657845959 -0.3478157657845959 -0.3478157657845959 -0.2810557040078787 -0.3478157657845959 -0.3478157657845959 -0.3478157657845959 -0.3478157657845959 -0.3478157657845959 -0.3478157657845959 -0.3478157657845959 -0.3478157657845959 -0.3478157657845959 -0.3478157657845959 -0.3478157657845959 -0.3478157657845959 -0.3478157657845959 -0.3478157657845959 -0.3478157657845959 -0.3478157657845959 -0.3478157657845959 -0.3478157657845959 -0.3478157657845959 -0.3478157657845959 -0.3478157657845959 -0.19888506729384528 -0.3478157657845959 -0.3478157657845959 -0.3478157657845959 -0.3478157657845959 -0.28743918845284816 -0.3478157657845959 -0.2810557040078787 -0.3478157657845959 -0.3478157657845959 -0.28743918845284816 -0.28743918845284816 -0.3478157657845959 -0.3478157657845959 -0.3478157657845959 -0.3478157657845959 -0.3478157657845959 -0.3478157657845959 -0.3478157657845959 -0.2810557040078787 -0.2810557040078787 -0.3478157657845959 -0.3478157657845959 -0.3478157657845959 -0.2457238361529283 -0.3478157657845959 -0.3478157657845959 -0.19888506729384528 -0.30465158591214453 -0.30465158591214453 -0.22713002994941628 -0.22812406892408477 -0.22713002994941628 -0.22812406892408477 -0.22713002994941628 -0.22812406892408477 -0.22713002994941628 -0.3478157657845959 -0.22812406892408477 -0.2457238361529283 -0.22713002994941628 -0.3478157657845959 -0.22713002994941628 -0.3478157657845959 -0.22812406892408477 -0.2910831897350783 -0.2910831897350783 -0.2910831897350783 -0.28112522574906906 -0.14576873237876967 -0.27120883402619844 -0.22713002994941628 -0.25982577480618435 -0.21409170335795727 -0.1995259280529714 -0.19736164869341716 -0.1821068647573436 -0.17614167262846486 -0.1739098427424842 -0.1627888159462234 -0.1627888159462234 -0.1627888159462234 -0.1627888159462234 -0.13493349044006586 -0.12960204680651732 -0.12190901523893742 -0.12190901523893742 -0.0820882152549233 -0.09868027573317253 -0.03281880387148894 -0.03281880387148894 -0.03281880387148894 -0.03883199429684344 -0.03883199429684344 -0.03928866302395971 -0.03281880387148894 -0.027831361676233755 -0.004454610170621243
-0.41897199989951445 -0.41897199989951445 -0.41897199989951445 -0.41897199989951445 -0.41897199989951445 -0.41897199989951445 -0.41897199989951445 -0.41897199989951445 -0.2810557040078787 -0.3478157657845959 -0.3478157657845959 -0.3478157657845959 -0.3478157657845959 -0.41897199989951445 -0.3478157657845959 -0.3478157657845959 -0.3478157657845959 -0.3478157657845959 -0.3478157657845959 -0.41897199989951445 -0.3478157657845959 -0.41897199989951445 -0.3478157657845959 -0.3478157657845959 -0.3478157657845959 -0.3478157657845959 -0.41897199989951445 -0.41897199989951445 -0.3478157657845959 -0.3742494640628821 -0.19888506729384528 -0.3478157657845959 -0.3478157657845959 -0.41897199989951445 -0.41897199989951445 -0.28743918845284816 -0.41897199989951445 -0.2810557040078787 -0.41897199989951445 -0.41897199989951445 -0.28743918845284816 -0.28743918845284816 -0.41897199989951445 -0.41897199989951445 -0.41897199989951445 -0.41897199989951445 -0.3478157657845959 -0.3478157657845959 -0.41897199989951445 -0.2810557040078787 -0.2810557040078787 -0.41897199989951445 -0.41897199989951445 -0.3478157657845959 -0.2457238361529283 -0.3478157657845959 -0.3478157657845959 -0.19888506729384528 -0.30465158591214453 -0.30465158591214453 -0.22713002994941628 -0.22812406892408477 -0.22713002994941628 -0.22812406892408477 -0.22713002994941628 -0.22812406892408477 -0.22713002994941628 -0.3962309228082263 -0.22812406892408477 -0.2457238361529283 -0.22713002994941628 -0.3478157657845959 -0.22713002994941628 -0.3478157657845959 -0.22812406892408477 -0.2910831897350783 -0.2910831897350783 -0.2910831897350783 -0.28112522574906906 -0.14576873237876967 -0.27120883402619844 -0.22713002994941628 -0.25982577480618435 -0.21409170335795727 -0.1995259280529714 -0.19736164869341716 -0.1821068647573436 -0.17614167262846486 -0.1739098427424842 -0.1627888159462234 -0.1627888159462234 -0.1627888159462234 -0.1627888159462234 -0.13493349044006586 -0.12960204680651732 -0.12190901523893742 -0.12190901523893742 -0.0820882152549233 -0.09868027573317253 -0.03281880387148894 -0.03281880387148894 -0.03281880387148894 -0.03883199429684344 -0.03883199429684344 -0.03928866302395971 -0.03281880387148894 -0.027831361676233755 -0.004454610170621243
-0.3962309228082263 -0.3962309228082263 -0.3962309228082263 -0.3962309228082263 -0.3962309228082263 -0.3962309228082263 -0.3962309228082263 -0.3962309228082263 -0.2810557040078787 -0.3478157657845959 -0.3478157657845959 -0.3478157657845959 -0.3478157657845959 -0.3962309228082263 -0.3478157657845959 -0.3478157657845959 -0.3478157657845959 -0.3478157657845959 -0.3478157657845959 -0.3962309228082263 -0.3478157657845959 -0.3962309228082263 -0.3478157657845959 -0.3478157657845959 -0.3478157657845959 -0.3478157657845959 -0.3962309228082263 -0.3962309228082263 -0.3478157657845959 -0.3742494640628821 -0.19888506729384528 -0.3478157657845959 -0.3478157657845959 -0.3962309228082263 -0.3962309228082263 -0.28743918845284816 -0.3962309228082263 -0.2810557040078787 -0.3962309228082263 -0.3962309228082263 -0.28743918845284816 -0.28743918845284816 -0.3962309228082263 -0.3962309228082263 -0.3962309228082263 -0.3962309228082263 -0.3478157657845959 -0.3478157657845959 -0.3962309228082263 -0.2810557040078787 -0.2810557040078787 -0.3962309228082263 -0.3962309228082263 -0.3478157657845959 -0.2457238361529283 -0.3478157657845959 -0.3478157657845959 -0.19888506729384528 -0.30465158591214453 -0.30465158591214453 -0.22713002994941628 -0.22812406892408477 -0.22713002994941628 -0.22812406892408477 -0.22713002994941628 -0.22812406892408477 -0.22713002994941628 -0.3962309228082263 -0.22812406892408477 -0.2457238361529283 -0.22713002994941628 -0.3478157657845959 -0.22713002994941628 -0.3478157657845959 -0.22812406892408477 -0.2910831897350783 -0.2910831897350783 -0.2910831897350783 -0.28112522574906906 -0.14576873237876967 -0.27120883402619844 -0.22713002994941628 -0.25982577480618435 -0.21409170335795727 -0.1995259280529714 -0.19736164869341716 -0.1821068647573436 -0.17614167262846486 -0.1739098427424842 -0.1627888159462234 -0.1627888159462234 -0.1627888159462234 -0.1627888159462234 -0.13493349044006586 -0.12960204680651732 -0.12190901523893742 -0.12190901523893742 -0.0820882152549233 -0.09868027573317253 -0.03281880387148894 -0.03281880387148894 -0.03281880387148894 -0.03883199429684344 -0.03883199429684344 -0.03928866302395971 -0.03281880387148894 -0.027831361676233755 -0.004454610170621243
-0.3478157657845959 -0.3478157657845959 -0.3478157657845959 -0.3478157657845959 -0.3478157657845959 -0.3478157657845959 -0.3478157657845959 -0.3478157657845959 -0.2810557040078787 -0.3478157657845959 -0.3478157657845959 -0.3478157657845959 -0.3478157657845959 -0.3478157657845959 -0.3478157657845959 -0.3478157657845959 -0.3478157657845959 -0.3478157657845959 -0.3478157657845959 -0.3478157657845959 -0.3478157657845959 -0.3478157657845959 -0.3478157657845959 -0.3478157657845959 -0.3478157657845959 -0.3478157657845959 -0.3478157657845959 -0.3478157657845959 -0.3478157657845959 -0.3478157657845959 -0.19888506729384528 -0.3478157657845959 -0.3478157657845959 -0.3478157657845959 -0.3478157657845959 -0.28743918845284816 -0.3478157657845959 -0.2810557040078787 -0.3478157657845959 -0.3478157657845959 -0.28743918845284816 -0.28743918845284816 -0.3478157657845959 -0.3478157657845959 -0.3478157657845959 -0.3478157657845959 -0.3478157657845959 -0.3478157657845959 -0.3478157657845959 -0.2810557040078787 -0.2810557040078787 -0.3478157657845959 -0.3478157657845959 -0.3478157657845959 -0.2457238361529283 -0.3478157657845959 -0.3478157657845959 -0.19888506729384528 -0.30465158591214453 -0.30465158591214453 -0.22713002994941628 -0.22812406892408477 -0.22713002994941628 -0.22812406892408477 -0.22713002994941628 -0.22812406892408477 -0.22713002994941628 -0.3478157657845959 -0.22812406892408477 -0.2457238361529283 -0.22713002994941628 -0.3478157657845959 -0.22713002994941628 -0.3478157657845959 -0.22812406892408477 -0.2910831897350783 -0.2910831897350783 -0.2910831897350783 -0.28112522574906906 -0.14576873237876967 -0.27120883402619844 -0.22713002994941628 -0.25982577480618435 -0.21409170335795727 -0.1995259280529714 -0.19736164869341716 -0.1821068647573436 -0.17614167262846486 -0.1739098427424842 -0.1627888159462234 -0.1627888159462234 -0.1627888159462234 -0.1627888159462234 -0.13493349044006586 -0.12960204680651732 -0.12190901523893742 -0.12190901523893742 -0.0820882152549233 -0.09868027573317253 -0.03281880387148894 -0.03281880387148894 -0.03281880387148894 -0.03883199429684344 -0.03883199429684344 -0.03928866302395971 -0.03281880387148894 -0.027831361676233755 -0.004454610170621243
-0.1627888159462234 -0.1627888159462234 -0.1627888159462234 -0.1627888159462234 -0.1627888159462234 -0.1627888159462234 -0.1627888159462234 -0.1627888159462234 -0.1627888159462234 -0.1627888159462234 -0.1627888159462234 -0.1627888159462234 -0.1627888159462234 -0.1627888159462234 -0.1627888159462234 -0.1627888159462234 -0.1627888159462234 -0.1627888159462234 -0.1627888159462234 -0.1627888159462234 -0.1627888159462234 -0.1627888159462234 -0.1627888159462234 -0.1627888159462234 -0.1627888159462234 -0.1627888159462234 -0.1627888159462234 -0.1627888159462234 -0.1627888159462234 -0.1627888159462234 -0.1627888159462234 -0.1627888159462234 -0.1627888159462234 -0.1627888159462234 -0.1627888159462234 -0.1627888159462234 -0.1627888159462234 -0.1627888159462234 -0.1627888159462234 -0.1627888159462234 -0.1627888159462234 -0.1627888159462234 -0.1627888159462234 -0.1627888159462234 -0.1627888159462234 -0.1627888159462234 -0.1627888159462234 -0.1627888159462234 -0.1627888159462234 -0.1627888159462234 -0.1627888159462234 -0.1627888159462234 -0.1627888159462234 -0.1627888159462234 -0.1627888159462234 -0.1627888159462234 -0.1627888159462234 -0.1627888159462234 -0.1627888159462234 -0.1627888159462234 -0.1627888159462234 -0.1627888159462234 -0.1627888159462234 -0.1627888159462234 -0.1627888159462234 -0.1627888159462234 -0.1627888159462234 -0.1627888159462234 -0.1627888159462234 -0.1627888159462234 -0.1627888159462234 -0.1627888159462234 -0.1627888159462234 -0.1627888159462234 -0.1627888159462234 -0.1627888159462234 -0.1627888159462234 -0.1627888159462234 -0.1627888159462234 -0.14576873237876967 -0.1627888159462234 -0.1627888159462234 -0.1627888159462234 -0.1627888159462234 -0.1627888159462234 -0.1627888159462234 -0.1627888159462234 -0.1627888159462234 -0.1627888159462234 -0.1627888159462234 -0.1627888159462234 -0.1627888159462234 -0.1627888159462234 -0.13493349044006586 -0.12960204680651732 -0.12190901523893742 -0.12190901523893742 -0.0820882152549233 -0.09868027573317253 -0.03281880387148894 -0.03281880387148894 -0.03281880387148894 -0.03883199429684344 -0.03883199429684344 -0.03928866302395971 -0.03281880387148894 -0.027831361676233755 -0.004454610170621243
-0.1627888159462234 -0.1627888159462234 -0.1627888159462234 -0.1627888159462234 -0.1627888159462234 -0.1627888159462234 -0.1627888159462234 -0.1627888159462234 -0.1627888159462234 -0.1627888159462234 -0.1627888159462234 -0.1627888159462234 -0.1627888159462234 -0.1627888159462234 -0.1627888159462234 -0.1627888159462234 -0.1627888159462234 -0.1627888159462234 -0.1627888159462234 -0.1627888159462234 -0.1627888159462234 -0.1627888159462234 -0.1627888159462234 -0.1627888159462234 -0.1627888159462234 -0.1627888159462234 -0.1627888159462234 -0.1627888159462234 -0.1627888159462234 -0.1627888159462234 -0.1627888159462234 -0.1627888159462234 -0.1627888159462234 -0.1627888159462234 -0.1627888159462234 -0.1627888159462234 -0.1627888159462234 -0.1627888159462234 -0.1627888159462234 -0.1627888159462234 -0.1627888159462234 -0.1627888159462234 -0.1627888159462234 -0.1627888159462234 -0.1627888159462234 -0.1627888159462234 -0.1627888159462234 -0.1627888159462234 -0.1627888159462234 -0.1627888159462234 -0.1627888159462234 -0.1627888159462234 -0.1627888159462234 -0.1627888159462234 -0.1627888159462234 -0.1627888159462234 -0.1627888159462234 -0.1627888159462234 -0.1627888159462234 -0.1627888159462234 -0.1627888159462234 -0.1627888159462234 -0.1627888159462234 -0.1627888159462234 -0.1627888159462234 -0.1627888159462234 -0.1627888159462234 -0.1627888159462234 -0.1627888159462234 -0.1627888159462234 -0.1627888159462234 -0.1627888159462234 -0.1627888159462234 -0.1627888159462234 -0.1627888159462234 -0.1627888159462234 -0.1627888159462234 -0.1627888159462234 -0.1627888159462234 -0.14576873237876967 -0.1627888159462234 -0.1627888159462234 -0.1627888159462234 -0.1627888159462234 -0.1627888159462234 -0.1627888159462234 -0.1627888159462234 -0.1627888159462234 -0.1627888159462234 -0.1627888159462234 -0.1627888159462234 -0.1627888159462234 -0.1627888159462234 -0.13493349044006586 -0.12960204680651732 -0.12190901523893742 -0.12190901523893742 -0.0820882152549233 -0.09868027573317253 -0.03281880387148894 -0.03281880387148894 -0.03281880387148894 -0.03883199429684344 -0.03883199429684344 -0.03928866302395971 -0.03281880387148894 -0.027831361676233755 -0.004454610170621243
-0.1627888159462234 -0.1627888159462234 -0.1627888159462234 -0.1627888159462234 -0.1627888159462234 -0.1627888159462234 -0.1627888159462234 -0.1627888159462234 -0.1627888159462234 -0.1627888159462234 -0.1627888159462234 -0.1627888159462234 -0.1627888159462234 -0.1627888159462234 -0.1627888159462234 -0.1627888159462234 -0.1627888159462234 -0.1627888159462234 -0.1627888159462234 -0.1627888159462234 -0.1627888159462234 -0.1627888159462234 -0.1627888159462234 -0.1627888159462234 -0.1627888159462234 -0.1627888159462234 -0.1627888159462234 -0.1627888159462234 -0.1627888159462234 -0.1627888159462234 -0.1627888159462234 -0.1627888159462234 -0.1627888159462234 -0.1627888159462234 -0.1627888159462234 -0.1627888159462234 -0.1627888159462234 -0.1627888159462234 -0.1627888159462234 -0.1627888159462234 -0.1627888159462234 -0.1627888159462234 -0.1627888159462234 -0.1627888159462234 -0.1627888159462234 -0.1627888159462234 -0.1627888159462234 -0.1627888159462234 -0.1627888159462234 -0.1627888159462234 -0.1627888159462234 -0.1627888159462234 -0.1627888159462234 -0.1627888159462234 -0.1627888159462234 -0.1627888159462234 -0.1627888159462234 -0.1627888159462234 -0.1627888159462234 -0.1627888159462234 -0.1627888159462234 -0.1627888159462234 -0.1627888159462234 -0.1627888159462234 -0.1627888159462234 -0.1627888159462234 -0.1627888159462234 -0.1627888159462234 -0.1627888159462234 -0.1627888159462234 -0.1627888159462234 -0.1627888159462234 -0.1627888159462234 -0.1627888159462234 -0.1627888159462234 -0.1627888159462234 -0.1627888159462234 -0.1627888159462234 -0.1627888159462234 -0.14576873237876967 -0.1627888159462234 -0.1627888159462234 -0.1627888159462234 -0.1627888159462234 -0.1627888159462234 -0.1627888159462234 -0.1627888159462234 -0.1627888159462234 -0.1627888159462234 -0.1627888159462234 -0.1627888159462234 -0.1627888159462234 -0.1627888159462234 -0.13493349044006586 -0.12960204680651732 -0.12190901523893742 -0.12190901523893742 -0.0820882152549233 -0.09868027573317253 -0.03281880387148894 -0.03281880387148894 -0.03281880387148894 -0.03883199429684344 -0.03883199429684344 -0.03928866302395971 -0.03281880387148894 -0.027831361676233755 -0.004454610170621243
-0.28743918845284816 -0.28743918845284816 -0.28743918845284816 -0.28743918845284816 -0.28743918845284816 -0.28743918845284816 -0.28743918845284816 -0.28743918845284816 -0.2810557040078787 -0.28743918845284816 -0.28743918845284816 -0.28743918845284816 -0.28743918845284816 -0.28743918845284816 -0.28743918845284816 -0.28743918845284816 -0.28743918845284816 -0.28743918845284816 -0.28743918845284816 -0.28743918845284816 -0.28743918845284816 -0.28743918845284816 -0.28743918845284816 -0.28743918845284816 -0.28743918845284816 -0.28743918845284816 -0.28743918845284816 -0.28743918845284816 -0.28743918845284816 -0.28743918845284816 -0.19888506729384528 -0.28743918845284816 -0.28743918845284816 -0.28743918845284816 -0.28743918845284816 -0.28743918845284816 -0.28743918845284816 -0.2810557040078787 -0.28743918845284816 -0.28743918845284816 -0.28743918845284816 -0.28743918845284816 -0.28743918845284816 -0.28743918845284816 -0.28743918845284816 -0.28743918845284816 -0.28743918845284816 -0.28743918845284816 -0.28743918845284816 -0.2810557040078787 -0.2810557040078787 -0.28743918845284816 -0.28743918845284816 -0.28743918845284816 -0.2457238361529283 -0.28743918845284816 -0.28743918845284816 -0.19888506729384528 -0.28743918845284816 -0.28743918845284816 -0.22713002994941628 -0.22812406892408477 -0.22713002994941628 -0.22812406892408477 -0.22713002994941628 -0.22812406892408477 -0.22713002994941628 -0.28743918845284816 -0.22812406892408477 -0.2457238361529283 -0.22713002994941628 -0.28743918845284816 -0.22713002994941628 -0.28743918845284816 -0.22812406892408477 -0.28743918845284816 -0.28743918845284816 -0.28743918845284816 -0.28112522574906906 -0.14576873237876967 -0.27120883402619844 -0.22713002994941628 -0.25982577480618435 -0.21409170335795727 -0.1995259280529714 -0.19736164869341716 -0.1821068647573436 -0.17614167262846486 -0.1739098427424842 -0.1627888159462234 -0.1627888159462234 -0.1627888159462234 -0.1627888159462234 -0.13493349044006586 -0.12960204680651732 -0.12190901523893742 -0.12190901523893742 -0.0820882152549233 -0.09868027573317253 -0.03281880387148894 -0.03281880387148894 -0.03281880387148894 -0.03883199429684344 -0.03883199429684344 -0.03928866302395971 -0.03281880387148894 -0.027831361676233755 -0.004454610170621243
-0.22812406892408477 -0.22812406892408477 -0.22812406892408477 -0.22812406892408477 -0.22812406892408477 -0.22812406892408477 -0.22812406892408477 -0.22812406892408477 -0.22812406892408477 -0.22812406892408477 -0.22812406892408477 -0.22812406892408477 -0.22812406892408477 -0.22812406892408477 -0.22812406892408477 -0.22812406892408477 -0.22812406892408477 -0.22812406892408477 -0.22812406892408477 -0.22812406892408477 -0.22812406892408477 -0.22812406892408477 -0.22812406892408477 -0.22812406892408477 -0.22812406892408477 -0.22812406892408477 -0.22812406892408477 -0.22812406892408477 -0.22812406892408477 -0.22812406892408477 -0.19888506729384528 -0.22812406892408477 -0.22812406892408477 -0.22812406892408477 -0.22812406892408477 -0.22812406892408477 -0.22812406892408477 -0.22812406892408477 -0.22812406892408477 -0.22812406892408477 -0.22812406892408477 -0.22812406892408477 -0.22812406892408477 -0.22812406892408477 -0.22812406892408477 -0.22812406892408477 -0.22812406892408477 -0.22812406892408477 -0.22812406892408477 -0.22812406892408477 -0.22812406892408477 -0.22812406892408477 -0.22812406892408477 -0.22812406892408477 -0.22812406892408477 -0.22812406892408477 -0.22812406892408477 -0.19888506729384528 -0.22812406892408477 -0.22812406892408477 -0.22713002994941628 -0.309886856261268 -0.22713002994941628 -0.309886856261268 -0.22713002994941628 -0.3954104580114922 -0.22713002994941628 -0.22812406892408477 -0.309886856261268 -0.22812406892408477 -0.22713002994941628 -0.22812406892408477 -0.22713002994941628 -0.22812406892408477 -0.309886856261268 -0.22812406892408477 -0.22812406892408477 -0.22812406892408477 -0.22812406892408477 -0.14576873237876967 -0.22812406892408477 -0.22713002994941628 -0.22812406892408477 -0.21409170335795727 -0.1995259280529714 -0.19736164869341716 -0.1821068647573436 -0.17614167262846486 -0.1739098427424842 -0.1627888159462234 -0.1627888159462234 -0.1627888159462234 -0.1627888159462234 -0.13493349044006586 -0.12960204680651732 -0.12190901523893742 -0.12190901523893742 -0.0820882152549233 -0.09868027573317253 -0.03281880387148894 -0.03281880387148894 -0.03281880387148894 -0.03883199429684344 -0.03883199429684344 -0.03928866302395971 -0.03281880387148894 -0.027831361676233755 -0.004454610170621243
-0.22713002994941628 -0.22713002994941628 -0.22713002994941628 -0.22713002994941628 -0.22713002994941628 -0.22713002994941628 -0.22713002994941628 -0.22713002994941628 -0.22713002994941628 -0.22713002994941628 -0.22713002994941628 -0.22713002994941628 -0.22713002994941628 -0.22713002994941628 -0.22713002994941628 -0.22713002994941628 -0.22713002994941628 -0.22713002994941628 -0.22713002994941628 -0.22713002994941628 -0.22713002994941628 -0.22713002994941628 -0.22713002994941628 -0.22713002994941628 -0.22713002994941628 -0.22713002994941628 -0.22713002994941628 -0.22713002994941628 -0.22713002994941628 -0.22713002994941628 -0.19888506729384528 -0.22713002994941628 -0.22713002994941628 -0.22713002994941628 -0.22713002994941628 -0.22713002994941628 -0.22713002994941628 -0.22713002994941628 -0.22713002994941628 -0.22713002994941628 -0.22713002994941628 -0.22713002994941628 -0.22713002994941628 -0.22713002994941628 -0.22713002994941628 -0.22713002994941628 -0.22713002994941628 -0.22713002994941628 -0.22713002994941628 -0.22713002994941628 -0.22713002994941628 -0.22713002994941628 -0.22713002994941628 -0.22713002994941628 -0.22713002994941628 -0.22713002994941628 -0.22713002994941628 -0.19888506729384528 -0.22713002994941628 -0.22713002994941628 -0.36214277997625555 -0.22713002994941628 -0.3679762173734803 -0.22713002994941628 -0.3941100065566859 -0.22713002994941628 -0.36214277997625555 -0.22713002994941628 -0.22713002994941628 -0.22713002994941628 -0.3354811527992121 -0.22713002994941628 -0.3202034540668203 -0.22713002994941628 -0.22713002994941628 -0.22713002994941628 -0.22713002994941628 -0.22713002994941628 -0.22713002994941628 -0.14576873237876967 -0.22713002994941628 -0.23532284632626882 -0.22713002994941628 -0.21409170335795727 -0.1995259280529714 -0.19736164869341716 -0.1821068647573436 -0.17614167262846486 -0.1739098427424842 -0.1627888159462234 -0.1627888159462234 -0.1627888159462234 -0.1627888159462234 -0.13493349044006586 -0.12960204680651732 -0.12190901523893742 -0.12190901523893742 -0.0820882152549233 -0.09868027573317253 -0.03281880387148894 -0.03281880387148894 -0.03281880387148894 -0.03883199429684344 -0.03883199429684344 -0.03928866302395971 -0.03281880387148894 -0.027831361676233755 -0.004454610170621243
-0.39380565592943856 -0.39380565592943856 -0.39380565592943856 -0.39380565592943856 -0.39380565592943856 -0.39380565592943856 -0.39380565592943856 -0.39380565592943856 -0.2810557040078787 -0.3478157657845959 -0.3478157657845959 -0.3478157657845959 -0.3478157657845959 -0.39380565592943856 -0.3478157657845959 -0.3478157657845959 -0.3478157657845959 -0.3478157657845959 -0.3478157657845959 -0.39380565592943856 -0.3478157657845959 -0.39380565592943856 -0.3478157657845959 -0.3478157657845959 -0.3478157657845959 -0.3478157657845959 -0.39380565592943856 -0.39380565592943856 -0.3478157657845959 -0.3742494640628821 -0.19888506729384528 -0.3478157657845959 -0.3478157657845959 -0.39380565592943856 -0.39380565592943856 -0.28743918845284816 -0.39380565592943856 -0.2810557040078787 -0.39380565592943856 -0.39380565592943856 -0.28743918845284816 -0.28743918845284816 -0.39380565592943856 -0.39380565592943856 -0.39380565592943856 -0.39380565592943856 -0.3478157657845959 -0.3478157657845959 -0.39380565592943856 -0.2810557040078787 -0.2810557040078787 -0.39380565592943856 -0.39380565592943856 -0.3478157657845959 -0.2457238361529283 -0.3478157657845959 -0.3478157657845959 -0.19888506729384528 -0.30465158591214453 -0.30465158591214453 -0.22713002994941628 -0.22812406892408477 -0.22713002994941628 -0.22812406892408477 -0.22713002994941628 -0.22812406892408477 -0.22713002994941628 -0.39380565592943856 -0.22812406892408477 -0.2457238361529283 -0.22713002994941628 -0.3478157657845959 -0.22713002994941628 -0.3478157657845959 -0.22812406892408477 -0.2910831897350783 -0.2910831897350783 -0.2910831897350783 -0.28112522574906906 -0.14576873237876967 -0.27120883402619844 -0.22713002994941628 -0.25982577480618435 -0.21409170335795727 -0.1995259280529714 -0.19736164869341716 -0.1821068647573436 -0.17614167262846486 -0.1739098427424842 -0.1627888159462234 -0.1627888159462234 -0.1627888159462234 -0.1627888159462234 -0.13493349044006586 -0.12960204680651732 -0.12190901523893742 -0.12190901523893742 -0.0820882152549233 -0.09868027573317253 -0.03281880387148894 -0.03281880387148894 -0.03281880387148894 -0.03883199429684344 -0.03883199429684344 -0.03928866302395971 -0.03281880387148894 -0.027831361676233755 -0.004454610170621243
-0.22812406892408477 -0.22812406892408477 -0.22812406892408477 -0.22812406892408477 -0.22812406892408477 -0.22812406892408477 -0.22812406892408477 -0.22812406892408477 -0.22812406892408477 -0.22812406892408477 -0.22812406892408477 -0.22812406892408477 -0.22812406892408477 -0.22812406892408477 -0.22812406892408477 -0.22812406892408477 -0.22812406892408477 -0.22812406892408477 -0.22812406892408477 -0.22812406892408477 -0.22812406892408477 -0.22812406892408477 -0.22812406892408477 -0.22812406892408477 -0.22812406892408477 -0.22812406892408477 -0.22812406892408477 -0.22812406892408477 -0.22812406892408477 -0.22812406892408477 -0.19888506729384528 -0.22812406892408477 -0.22812406892408477 -0.22812406892408477 -0.22812406892408477 -0.22812406892408477 -0.22812406892408477 -0.22812406892408477 -0.22812406892408477 -0.22812406892408477 -0.22812406892408477 -0.22812406892408477 -0.22812406892408477 -0.22812406892408477 -0.22812406892408477 -0.22812406892408477 -0.22812406892408477 -0.22812406892408477 -0.22812406892408477 -0.22812406892408477 -0.22812406892408477 -0.22812406892408477 -0.22812406892408477 -0.22812406892408477 -0.22812406892408477 -0.22812406892408477 -0.22812406892408477 -0.19888506729384528 -0.22812406892408477 -0.22812406892408477 -0.22713002994941628 -0.39348940910742414 -0.22713002994941628 -0.39348940910742414 -0.22713002994941628 -0.309886856261268 -0.22713002994941628 -0.22812406892408477 -0.3655456313114264 -0.22812406892408477 -0.22713002994941628 -0.22812406892408477 -0.22713002994941628 -0.22812406892408477 -0.34737701512427543 -0.22812406892408477 -0.22812406892408477 -0.22812406892408477 -0.22812406892408477 -0.14576873237876967 -0.22812406892408477 -0.22713002994941628 -0.22812406892408477 -0.21409170335795727 -0.1995259280529714 -0.19736164869341716 -0.1821068647573436 -0.17614167262846486 -0.1739098427424842 -0.1627888159462234 -0.1627888159462234 -0.1627888159462234 -0.1627888159462234 -0.13493349044006586 -0.12960204680651732 -0.12190901523893742 -0.12190901523893742 -0.0820882152549233 -0.09868027573317253 -0.03281880387148894 -0.03281880387148894 -0.03281880387148894 -0.03883199429684344 -0.03883199429684344 -0.03928866302395971 -0.03281880387148894 -0.027831361676233755 -0.004454610170621243
-0.22713002994941628 -0.22713002994941628 -0.22713002994941628 -0.22713002994941628 -0.22713002994941628 -0.22713002994941628 -0.22713002994941628 -0.22713002994941628 -0.22713002994941628 -0.22713002994941628 -0.22713002994941628 -0.22713002994941628 -0.22713002994941628 -0.22713002994941628 -0.22713002994941628 -0.22713002994941628 -0.22713002994941628 -0.22713002994941628 -0.22713002994941628 -0.22713002994941628 -0.22713002994941628 -0.22713002994941628 -0.22713002994941628 -0.22713002994941628 -0.22713002994941628 -0.22713002994941628 -0.22713002994941628 -0.22713002994941628 -0.22713002994941628 -0.22713002994941628 -0.19888506729384528 -0.22713002994941628 -0.22713002994941628 -0.22713002994941628 -0.22713002994941628 -0.22713002994941628 -0.22713002994941628 -0.22713002994941628 -0.22713002994941628 -0.22713002994941628 -0.22713002994941628 -0.22713002994941628 -0.22713002994941628 -0.22713002994941628 -0.22713002994941628 -0.22713002994941628 -0.22713002994941628 -0.22713002994941628 -0.22713002994941628 -0.22713002994941628 -0.22713002994941628 -0.22713002994941628 -0.22713002994941628 -0.22713002994941628 -0.22713002994941628 -0.22713002994941628 -0.22713002994941628 -0.19888506729384528 -0.22713002994941628 -0.22713002994941628 -0.36214277997625555 -0.22713002994941628 -0.39164129134097153 -0.22713002994941628 -0.3679762173734803 -0.22713002994941628 -0.36214277997625555 -0.22713002994941628 -0.22713002994941628 -0.22713002994941628 -0.3354811527992121 -0.22713002994941628 -0.3202034540668203 -0.22713002994941628 -0.22713002994941628 -0.22713002994941628 -0.22713002994941628 -0.22713002994941628 -0.22713002994941628 -0.14576873237876967 -0.22713002994941628 -0.23532284632626882 -0.22713002994941628 -0.21409170335795727 -0.1995259280529714 -0.19736164869341716 -0.1821068647573436 -0.17614167262846486 -0.1739098427424842 -0.1627888159462234 -0.1627888159462234 -0.1627888159462234 -0.1627888159462234 -0.13493349044006586 -0.12960204680651732 -0.12190901523893742 -0.12190901523893742 -0.0820882152549233 -0.09868027573317253 -0.03281880387148894 -0.03281880387148894 -0.03281880387148894 -0.03883199429684344 -0.03883199429684344 -0.03928866302395971 -0.03281880387148894 -0.027831361676233755 -0.004454610170621243
-0.3478157657845959 -0.3478157657845959 -0.3478157657845959 -0.3478157657845959 -0.3478157657845959 -0.3478157657845959 -0.3478157657845959 -0.3478157657845959 -0.2810557040078787 -0.3478157657845959 -0.3478157657845959 -0.3478157657845959 -0.3478157657845959 -0.3478157657845959 -0.3478157657845959 -0.3478157657845959 -0.3478157657845959 -0.3478157657845959 -0.3478157657845959 -0.3478157657845959 -0.3478157657845959 -0.3478157657845959 -0.3478157657845959 -0.3478157657845959 -0.3478157657845959 -0.3478157657845959 -0.3478157657845959 -0.3478157657845959 -0.3478157657845959 -0.3478157657845959 -0.19888506729384528 -0.3478157657845959 -0.3478157657845959 -0.3478157657845959 -0.3478157657845959 -0.28743918845284816 -0.3478157657845959 -0.2810557040078787 -0.3478157657845959 -0.3478157657845959 -0.28743918845284816 -0.28743918845284816 -0.3478157657845959 -0.3478157657845959 -0.3478157657845959 -0.3478157657845959 -0.3478157657845959 -0.3478157657845959 -0.3478157657845959 -0.2810557040078787 -0.2810557040078787 -0.3478157657845959 -0.3478157657845959 -0.3478157657845959 -0.2457238361529283 -0.3478157657845959 -0.3478157657845959 -0.19888506729384528 -0.30465158591214453 -0.30465158591214453 -0.22713002994941628 -0.22812406892408477 -0.22713002994941628 -0.22812406892408477 -0.22713002994941628 -0.22812406892408477 -0.22713002994941628 -0.3478157657845959 -0.22812406892408477 -0.2457238361529283 -0.22713002994941628 -0.3478157657845959 -0.22713002994941628 -0.3478157657845959 -0.22812406892408477 -0.2910831897350783 -0.2910831897350783 -0.2910831897350783 -0.28112522574906906 -0.14576873237876967 -0.27120883402619844 -0.22713002994941628 -0.25982577480618435 -0.21409170335795727 -0.1995259280529714 -0.19736164869341716 -0.1821068647573436 -0.17614167262846486 -0.1739098427424842 -0.1627888159462234 -0.1627888159462234 -0.1627888159462234 -0.1627888159462234 -0.13493349044006586 -0.12960204680651732 -0.12190901523893742 -0.12190901523893742 -0.0820882152549233 -0.09868027573317253 -0.03281880387148894 -0.03281880387148894 -0.03281880387148894 -0.03883199429684344 -0.03883199429684344 -0.03928866302395971 -0.03281880387148894 -0.027831361676233755 -0.004454610170621243
-0.22812406892408477 -0.22812406892408477 -0.22812406892408477 -0.22812406892408477 -0.22812406892408477 -0.22812406892408477 -0.22812406892408477 -0.22812406892408477 -0.22812406892408477 -0.22812406892408477 -0.22812406892408477 -0.22812406892408477 -0.22812406892408477 -0.22812406892408477 -0.22812406892408477 -0.22812406892408477 -0.22812406892408477 -0.22812406892408477 -0.22812406892408477 -0.22812406892408477 -0.22812406892408477 -0.22812406892408477 -0.22812406892408477 -0.22812406892408477 -0.22812406892408477 -0.22812406892408477 -0.22812406892408477 -0.22812406892408477 -0.22812406892408477 -0.22812406892408477 -0.19888506729384528 -0.22812406892408477 -0.22812406892408477 -0.22812406892408477 -0.22812406892408477 -0.22812406892408477 -0.22812406892408477 -0.22812406892408477 -0.22812406892408477 -0.22812406892408477 -0.22812406892408477 -0.22812406892408477 -0.22812406892408477 -0.22812406892408477 -0.22812406892408477 -0.22812406892408477 -0.22812406892408477 -0.22812406892408477 -0.22812406892408477 -0.22812406892408477 -0.22812406892408477 -0.22812406892408477 -0.22812406892408477 -0.22812406892408477 -0.22812406892408477 -0.22812406892408477 -0.22812406892408477 -0.19888506729384528 -0.22812406892408477 -0.22812406892408477 -0.22713002994941628 -0.3881630630369936 -0.22713002994941628 -0.3881630630369936 -0.22713002994941628 -0.309886856261268 -0.22713002994941628 -0.22812406892408477 -0.3655456313114264 -0.22812406892408477 -0.22713002994941628 -0.22812406892408477 -0.22713002994941628 -0.22812406892408477 -0.34737701512427543 -0.22812406892408477 -0.22812406892408477 -0.22812406892408477 -0.22812406892408477 -0.14576873237876967 -0.22812406892408477 -0.22713002994941628 -0.22812406892408477 -0.21409170335795727 -0.1995259280529714 -0.19736164869341716 -0.1821068647573436 -0.17614167262846486 -0.1739098427424842 -0.1627888159462234 -0.1627888159462234 -0.1627888159462234 -0.1627888159462234 -0.13493349044006586 -0.12960204680651732 -0.12190901523893742 -0.12190901523893742 -0.0820882152549233 -0.09868027573317253 -0.03281880387148894 -0.03281880387148894 -0.03281880387148894 -0.03883199429684344 -0.03883199429684344 -0.03928866302395971 -0.03281880387148894 -0.027831361676233755 -0.004454610170621243
-0.22713002994941628 -0.22713002994941628 -0.22713002994941628 -0.22713002994941628 -0.22713002994941628 -0.22713002994941628 -0.22713002994941628 -0.22713002994941628 -0.22713002994941628 -0.22713002994941628 -0.22713002994941628 -0.22713002994941628 -0.22713002994941628 -0.22713002994941628 -0.22713002994941628 -0.22713002994941628 -0.22713002994941628 -0.22713002994941628 -0.22713002994941628 -0.22713002994941628 -0.22713002994941628 -0.22713002994941628 -0.22713002994941628 -0.22713002994941628 -0.22713002994941628 -0.22713002994941628 -0.22713002994941628 -0.22713002994941628 -0.22713002994941628 -0.22713002994941628 -0.19888506729384528 -0.22713002994941628 -0.22713002994941628 -0.22713002994941628 -0.22713002994941628 -0.22713002994941628 -0.22713002994941628 -0.22713002994941628 -0.22713002994941628 -0.22713002994941628 -0.22713002994941628 -0.22713002994941628 -0.22713002994941628 -0.22713002994941628 -0.22713002994941628 -0.22713002994941628 -0.22713002994941628 -0.22713002994941628 -0.22713002994941628 -0.22713002994941628 -0.22713002994941628 -0.22713002994941628 -0.22713002994941628 -0.22713002994941628 -0.22713002994941628 -0.22713002994941628 -0.22713002994941628 -0.19888506729384528 -0.22713002994941628 -0.22713002994941628 -0.3858380311441473 -0.22713002994941628 -0.36214277997625555 -0.22713002994941628 -0.36214277997625555 -0.22713002994941628 -0.3858380311441473 -0.22713002994941628 -0.22713002994941628 -0.22713002994941628 -0.3354811527992121 -0.22713002994941628 -0.3202034540668203 -0.22713002994941628 -0.22713002994941628 -0.22713002994941628 -0.22713002994941628 -0.22713002994941628 -0.22713002994941628 -0.14576873237876967 -0.22713002994941628 -0.23532284632626882 -0.22713002994941628 -0.21409170335795727 -0.1995259280529714 -0.19736164869341716 -0.1821068647573436 -0.17614167262846486 -0.1739098427424842 -0.1627888159462234 -0.1627888159462234 -0.1627888159462234 -0.1627888159462234 -0.13493349044006586 -0.12960204680651732 -0.12190901523893742 -0.12190901523893742 -0.0820882152549233 -0.09868027573317253 -0.03281880387148894 -0.03281880387148894 -0.03281880387148894 -0.03883199429684344 -0.03883199429684344 -0.03928866302395971 -0.03281880387148894 -0.027831361676233755 -0.004454610170621243
-0.1627888159462234 -0.1627888159462234 -0.1627888159462234 -0.1627888159462234 -0.1627888159462234 -0.1627888159462234 -0.1627888159462234 -0.1627888159462234 -0.1627888159462234 -0.1627888159462234 -0.1627888159462234 -0.1627888159462234 -0.1627888159462234 -0.1627888159462234 -0.1627888159462234 -0.1627888159462234 -0.1627888159462234 -0.1627888159462234 -0.1627888159462234 -0.1627888159462234 -0.1627888159462234 -0.1627888159462234 -0.1627888159462234 -0.1627888159462234 -0.1627888159462234 -0.1627888159462234 -0.1627888159462234 -0.1627888159462234 -0.1627888159462234 -0.1627888159462234 -0.1627888159462234 -0.1627888159462234 -0.1627888159462234 -0.1627888159462234 -0.1627888159462234 -0.1627888159462234 -0.1627888159462234 -0.1627888159462234 -0.1627888159462234 -0.1627888159462234 -0.1627888159462234 -0.1627888159462234 -0.1627888159462234 -0.1627888159462234 -0.1627888159462234 -0.1627888159462234 -0.1627888159462234 -0.1627888159462234 -0.1627888159462234 -0.1627888159462234 -0.1627888159462234 -0.1627888159462234 -0.1627888159462234 -0.1627888159462234 -0.1627888159462234 -0.1627888159462234 -0.1627888159462234 -0.1627888159462234 -0.1627888159462234 -0.1627888159462234 -0.1627888159462234 -0.1627888159462234 -0.1627888159462234 -0.1627888159462234 -0.1627888159462234 -0.1627888159462234 -0.1627888159462234 -0.1627888159462234 -0.1627888159462234 -0.1627888159462234 -0.1627888159462234 -0.1627888159462234 -0.1627888159462234 -0.1627888159462234 -0.1627888159462234 -0.1627888159462234 -0.1627888159462234 -0.1627888159462234 -0.1627888159462234 -0.14576873237876967 -0.1627888159462234 -0.1627888159462234 -0.1627888159462234 -0.1627888159462234 -0.1627888159462234 -0.1627888159462234 -0.1627888159462234 -0.1627888159462234 -0.1627888159462234 -0.1627888159462234 -0.1627888159462234 -0.1627888159462234 -0.1627888159462234 -0.13493349044006586 -0.12960204680651732 -0.12190901523893742 -0.12190901523893742 -0.0820882152549233 -0.09868027573317253 -0.03281880387148894 -0.03281880387148894 -0.03281880387148894 -0.03883199429684344 -0.03883199429684344 -0.03928866302395971 -0.03281880387148894 -0.027831361676233755 -0.004454610170621243
-0.22812406892408477 -0.22812406892408477 -0.22812406892408477 -0.22812406892408477 -0.22812406892408477 -0.22812406892408477 -0.22812406892408477 -0.22812406892408477 -0.22812406892408477 -0.22812406892408477 -0.22812406892408477 -0.22812406892408477 -0.22812406892408477 -0.22812406892408477 -0.22812406892408477 -0.22812406892408477 -0.22812406892408477 -0.22812406892408477 -0.22812406892408477 -0.22812406892408477 -0.22812406892408477 -0.22812406892408477 -0.22812406892408477 -0.22812406892408477 -0.22812406892408477 -0.22812406892408477 -0.22812406892408477 -0.22812406892408477 -0.22812406892408477 -0.22812406892408477 -0.19888506729384528 -0.22812406892408477 -0.22812406892408477 -0.22812406892408477 -0.22812406892408477 -0.22812406892408477 -0.22812406892408477 -0.22812406892408477 -0.22812406892408477 -0.22812406892408477 -0.22812406892408477 -0.22812406892408477 -0.22812406892408477 -0.22812406892408477 -0.22812406892408477 -0.22812406892408477 -0.22812406892408477 -0.22812406892408477 -0.22812406892408477 -0.22812406892408477 -0.22812406892408477 -0.22812406892408477 -0.22812406892408477 -0.22812406892408477 -0.22812406892408477 -0.22812406892408477 -0.22812406892408477 -0.19888506729384528 -0.22812406892408477 -0.22812406892408477 -0.22713002994941628 -0.309886856261268 -0.22713002994941628 -0.309886856261268 -0.22713002994941628 -0.36484408899453435 -0.22713002994941628 -0.22812406892408477 -0.309886856261268 -0.22812406892408477 -0.22713002994941628 -0.22812406892408477 -0.22713002994941628 -0.22812406892408477 -0.309886856261268 -0.22812406892408477 -0.22812406892408477 -0.22812406892408477 -0.22812406892408477 -0.14576873237876967 -0.22812406892408477 -0.22713002994941628 -0.22812406892408477 -0.21409170335795727 -0.1995259280529714 -0.19736164869341716 -0.1821068647573436 -0.17614167262846486 -0.1739098427424842 -0.1627888159462234 -0.1627888159462234 -0.1627888159462234 -0.1627888159462234 -0.13493349044006586 -0.12960204680651732 -0.12190901523893742 -0.12190901523893742 -0.0820882152549233 -0.09868027573317253 -0.03281880387148894 -0.03281880387148894 -0.03281880387148894 -0.03883199429684344 -0.03883199429684344 -0.03928866302395971 -0.03281880387148894 -0.027831361676233755 -0.004454610170621243
-0.22713002994941628 -0.22713002994941628 -0.22713002994941628 -0.22713002994941628 -0.22713002994941628 -0.22713002994941628 -0.22713002994941628 -0.22713002994941628 -0.22713002994941628 -0.22713002994941628 -0.22713002994941628 -0.22713002994941628 -0.22713002994941628 -0.22713002994941628 -0.22713002994941628 -0.22713002994941628 -0.22713002994941628 -0.22713002994941628 -0.22713002994941628 -0.22713002994941628 -0.22713002994941628 -0.22713002994941628 -0.22713002994941628 -0.22713002994941628 -0.22713002994941628 -0.22713002994941628 -0.22713002994941628 -0.22713002994941628 -0.22713002994941628 -0.22713002994941628 -0.19888506729384528 -0.22713002994941628 -0.22713002994941628 -0.22713002994941628 -0.22713002994941628 -0.22713002994941628 -0.22713002994941628 -0.22713002994941628 -0.22713002994941628 -0.22713002994941628 -0.22713002994941628 -0.22713002994941628 -0.22713002994941628 -0.22713002994941628 -0.22713002994941628 -0.22713002994941628 -0.22713002994941628 -0.22713002994941628 -0.22713002994941628 -0.22713002994941628 -0.22713002994941628 -0.22713002994941628 -0.22713002994941628 -0.22713002994941628 -0.22713002994941628 -0.22713002994941628 -0.22713002994941628 -0.19888506729384528 -0.22713002994941628 -0.22713002994941628 -0.3354811527992121 -0.22713002994941628 -0.3354811527992121 -0.22713002994941628 -0.3354811527992121 -0.22713002994941628 -0.3354811527992121 -0.22713002994941628 -0.22713002994941628 -0.22713002994941628 -0.36415509779799127 -0.22713002994941628 -0.3202034540668203 -0.22713002994941628 -0.22713002994941628 -0.22713002994941628 -0.22713002994941628 -0.22713002994941628 -0.22713002994941628 -0.14576873237876967 -0.22713002994941628 -0.23532284632626882 -0.22713002994941628 -0.21409170335795727 -0.1995259280529714 -0.19736164869341716 -0.1821068647573436 -0.17614167262846486 -0.1739098427424842 -0.1627888159462234 -0.1627888159462234 -0.1627888159462234 -0.1627888159462234 -0.13493349044006586 -0.12960204680651732 -0.12190901523893742 -0.12190901523893742 -0.0820882152549233 -0.09868027573317253 -0.03281880387148894 -0.03281880387148894 -0.03281880387148894 -0.03883199429684344 -0.03883199429684344 -0.03928866302395971 -0.03281880387148894 -0.027831361676233755 -0.004454610170621243
-0.22812406892408477 -0.22812406892408477 -0.22812406892408477 -0.22812406892408477 -0.22812406892408477 -0.22812406892408477 -0.22812406892408477 -0.22812406892408477 -0.22812406892408477 -0.22812406892408477 -0.22812406892408477 -0.22812406892408477 -0.22812406892408477 -0.22812406892408477 -0.22812406892408477 -0.22812406892408477 -0.22812406892408477 -0.22812406892408477 -0.22812406892408477 -0.22812406892408477 -0.22812406892408477 -0.22812406892408477 -0.22812406892408477 -0.22812406892408477 -0.22812406892408477 -0.22812406892408477 -0.22812406892408477 -0.22812406892408477 -0.22812406892408477 -0.22812406892408477 -0.19888506729384528 -0.22812406892408477 -0.22812406892408477 -0.22812406892408477 -0.22812406892408477 -0.22812406892408477 -0.22812406892408477 -0.22812406892408477 -0.22812406892408477 -0.22812406892408477 -0.22812406892408477 -0.22812406892408477 -0.22812406892408477 -0.22812406892408477 -0.22812406892408477 -0.22812406892408477 -0.22812406892408477 -0.22812406892408477 -0.22812406892408477 -0.22812406892408477 -0.22812406892408477 -0.22812406892408477 -0.22812406892408477 -0.22812406892408477 -0.22812406892408477 -0.22812406892408477 -0.22812406892408477 -0.19888506729384528 -0.22812406892408477 -0.22812406892408477 -0.22713002994941628 -0.35275228430015976 -0.22713002994941628 -0.35275228430015976 -0.22713002994941628 -0.309886856261268 -0.22713002994941628 -0.22812406892408477 -0.35275228430015976 -0.22812406892408477 -0.22713002994941628 -0.22812406892408477 -0.22713002994941628 -0.22812406892408477 -0.34737701512427543 -0.22812406892408477 -0.22812406892408477 -0.22812406892408477 -0.22812406892408477 -0.14576873237876967 -0.22812406892408477 -0.22713002994941628 -0.22812406892408477 -0.21409170335795727 -0.1995259280529714 -0.19736164869341716 -0.1821068647573436 -0.17614167262846486 -0.1739098427424842 -0.1627888159462234 -0.1627888159462234 -0.1627888159462234 -0.1627888159462234 -0.13493349044006586 -0.12960204680651732 -0.12190901523893742 -0.12190901523893742 -0.0820882152549233 -0.09868027573317253 -0.03281880387148894 -0.03281880387148894 -0.03281880387148894 -0.03883199429684344 -0.03883199429684344 -0.03928866302395971 -0.03281880387148894 -0.027831361676233755 -0.004454610170621243
-0.1627888159462234 -0.1627888159462234 -0.1627888159462234 -0.1627888159462234 -0.1627888159462234 -0.1627888159462234 -0.1627888159462234 -0.1627888159462234 -0.1627888159462234 -0.1627888159462234 -0.1627888159462234 -0.1627888159462234 -0.1627888159462234 -0.1627888159462234 -0.1627888159462234 -0.1627888159462234 -0.1627888159462234 -0.1627888159462234 -0.1627888159462234 -0.1627888159462234 -0.1627888159462234 -0.1627888159462234 -0.1627888159462234 -0.1627888159462234 -0.1627888159462234 -0.1627888159462234 -0.1627888159462234 -0.1627888159462234 -0.1627888159462234 -0.1627888159462234 -0.1627888159462234 -0.1627888159462234 -0.1627888159462234 -0.1627888159462234 -0.1627888159462234 -0.1627888159462234 -0.1627888159462234 -0.1627888159462234 -0.1627888159462234 -0.1627888159462234 -0.1627888159462234 -0.1627888159462234 -0.1627888159462234 -0.1627888159462234 -0.1627888159462234 -0.1627888159462234 -0.1627888159462234 -0.1627888159462234 -0.1627888159462234 -0.1627888159462234 -0.1627888159462234 -0.1627888159462234 -0.1627888159462234 -0.1627888159462234 -0.1627888159462234 -0.1627888159462234 -0.1627888159462234 -0.1627888159462234 -0.1627888159462234 -0.1627888159462234 -0.1627888159462234 -0.1627888159462234 -0.1627888159462234 -0.1627888159462234 -0.1627888159462234 -0.1627888159462234 -0.1627888159462234 -0.1627888159462234 -0.1627888159462234 -0.1627888159462234 -0.1627888159462234 -0.1627888159462234 -0.1627888159462234 -0.1627888159462234 -0.1627888159462234 -0.1627888159462234 -0.1627888159462234 -0.1627888159462234 -0.1627888159462234 -0.14576873237876967 -0.1627888159462234 -0.1627888159462234 -0.1627888159462234 -0.1627888159462234 -0.1627888159462234 -0.1627888159462234 -0.1627888159462234 -0.1627888159462234 -0.1627888159462234 -0.1627888159462234 -0.1627888159462234 -0.1627888159462234 -0.1627888159462234 -0.13493349044006586 -0.12960204680651732 -0.12190901523893742 -0.12190901523893742 -0.0820882152549233 -0.09868027573317253 -0.03281880387148894 -0.03281880387148894 -0.03281880387148894 -0.03883199429684344 -0.03883199429684344 -0.03928866302395971 -0.03281880387148894 -0.027831361676233755 -0.004454610170621243
-0.1739098427424842 -0.1739098427424842 -0.1739098427424842 -0.1739098427424842 -0.1739098427424842 -0.1739098427424842 -0.1739098427424842 -0.1739098427424842 -0.1739098427424842 -0.1739098427424842 -0.1739098427424842 -0.1739098427424842 -0.1739098427424842 -0.1739098427424842 -0.1739098427424842 -0.1739098427424842 -0.1739098427424842 -0.1739098427424842 -0.1739098427424842 -0.1739098427424842 -0.1739098427424842 -0.1739098427424842 -0.1739098427424842 -0.1739098427424842 -0.1739098427424842 -0.1739098427424842 -0.1739098427424842 -0.1739098427424842 -0.1739098427424842 -0.1739098427424842 -0.1739098427424842 -0.1739098427424842 -0.1739098427424842 -0.1739098427424842 -0.1739098427424842 -0.1739098427424842 -0.1739098427424842 -0.1739098427424842 -0.1739098427424842 -0.1739098427424842 -0.1739098427424842 -0.1739098427424842 -0.1739098427424842 -0.1739098427424842 -0.1739098427424842 -0.1739098427424842 -0.1739098427424842 -0.1739098427424842 -0.1739098427424842 -0.1739098427424842 -0.1739098427424842 -0.1739098427424842 -0.1739098427424842 -0.1739098427424842 -0.1739098427424842 -0.1739098427424842 -0.1739098427424842 -0.1739098427424842 -0.1739098427424842 -0.1739098427424842 -0.1739098427424842 -0.1739098427424842 -0.1739098427424842 -0.1739098427424842 -0.1739098427424842 -0.1739098427424842 -0.1739098427424842 -0.1739098427424842 -0.1739098427424842 -0.1739098427424842 -0.1739098427424842 -0.1739098427424842 -0.1739098427424842 -0.1739098427424842 -0.1739098427424842 -0.1739098427424842 -0.1739098427424842 -0.1739098427424842 -0.1739098427424842 -0.14576873237876967 -0.1739098427424842 -0.1739098427424842 -0.1739098427424842 -0.1739098427424842 -0.1739098427424842 -0.1739098427424842 -0.1739098427424842 -0.1739098427424842 -0.1739098427424842 -0.1627888159462234 -0.1627888159462234 -0.1627888159462234 -0.1627888159462234 -0.13493349044006586 -0.12960204680651732 -0.12190901523893742 -0.12190901523893742 -0.0820882152549233 -0.09868027573317253 -0.03281880387148894 -0.03281880387148894 -0.03281880387148894 -0.03883199429684344 -0.03883199429684344 -0.03928866302395971 -0.03281880387148894 -0.027831361676233755 -0.004454610170621243
-0.22713002994941628 -0.22713002994941628 -0.22713002994941628 -0.22713002994941628 -0.22713002994941628 -0.22713002994941628 -0.22713002994941628 -0.22713002994941628 -0.22713002994941628 -0.22713002994941628 -0.22713002994941628 -0.22713002994941628 -0.22713002994941628 -0.22713002994941628 -0.22713002994941628 -0.22713002994941628 -0.22713002994941628 -0.22713002994941628 -0.22713002994941628 -0.22713002994941628 -0.22713002994941628 -0.22713002994941628 -0.22713002994941628 -0.22713002994941628 -0.22713002994941628 -0.22713002994941628 -0.22713002994941628 -0.22713002994941628 -0.22713002994941628 -0.22713002994941628 -0.19888506729384528 -0.22713002994941628 -0.22713002994941628 -0.22713002994941628 -0.22713002994941628 -0.22713002994941628 -0.22713002994941628 -0.22713002994941628 -0.22713002994941628 -0.22713002994941628 -0.22713002994941628 -0.22713002994941628 -0.22713002994941628 -0.22713002994941628 -0.22713002994941628 -0.22713002994941628 -0.22713002994941628 -0.22713002994941628 -0.22713002994941628 -0.22713002994941628 -0.22713002994941628 -0.22713002994941628 -0.22713002994941628 -0.22713002994941628 -0.22713002994941628 -0.22713002994941628 -0.22713002994941628 -0.19888506729384528 -0.22713002994941628 -0.22713002994941628 -0.3498929322554733 -0.22713002994941628 -0.3498929322554733 -0.22713002994941628 -0.3498929322554733 -0.22713002994941628 -0.3498929322554733 -0.22713002994941628 -0.22713002994941628 -0.22713002994941628 -0.3354811527992121 -0.22713002994941628 -0.3202034540668203 -0.22713002994941628 -0.22713002994941628 -0.22713002994941628 -0.22713002994941628 -0.22713002994941628 -0.22713002994941628 -0.14576873237876967 -0.22713002994941628 -0.23532284632626882 -0.22713002994941628 -0.21409170335795727 -0.1995259280529714 -0.19736164869341716 -0.1821068647573436 -0.17614167262846486 -0.1739098427424842 -0.1627888159462234 -0.1627888159462234 -0.1627888159462234 -0.1627888159462234 -0.13493349044006586 -0.12960204680651732 -0.12190901523893742 -0.12190901523893742 -0.0820882152549233 -0.09868027573317253 -0.03281880387148894 -0.03281880387148894 -0.03281880387148894 -0.03883199429684344 -0.03883199429684344 -0.03928866302395971 -0.03281880387148894 -0.027831361676233755 -0.004454610170621243
-0.34630217475288366 -0.34630217475288366 -0.34630217475288366 -0.34630217475288366 -0.34630217475288366 -0.34630217475288366 -0.34630217475288366 -0.34630217475288366 -0.2810557040078787 -0.34630217475288366 -0.34630217475288366 -0.34630217475288366 -0.34630217475288366 -0.34630217475288366 -0.34630217475288366 -0.34630217475288366 -0.34630217475288366 -0.34630217475288366 -0.34630217475288366 -0.34630217475288366 -0.34630217475288366 -0.34630217475288366 -0.34630217475288366 -0.34630217475288366 -0.34630217475288366 -0.34630217475288366 -0.34630217475288366 -0.34630217475288366 -0.34630217475288366 -0.34630217475288366 -0.19888506729384528 -0.34630217475288366 -0.34630217475288366 -0.34630217475288366 -0.34630217475288366 -0.28743918845284816 -0.34630217475288366 -0.2810557040078787 -0.34630217475288366 -0.34630217475288366 -0.28743918845284816 -0.28743918845284816 -0.34630217475288366 -0.34630217475288366 -0.34630217475288366 -0.34630217475288366 -0.34630217475288366 -0.34630217475288366 -0.34630217475288366 -0.2810557040078787 -0.2810557040078787 -0.34630217475288366 -0.34630217475288366 -0.34630217475288366 -0.2457238361529283 -0.34630217475288366 -0.34630217475288366 -0.19888506729384528 -0.30465158591214453 -0.30465158591214453 -0.22713002994941628 -0.22812406892408477 -0.22713002994941628 -0.22812406892408477 -0.22713002994941628 -0.22812406892408477 -0.22713002994941628 -0.34630217475288366 -0.22812406892408477 -0.2457238361529283 -0.22713002994941628 -0.34630217475288366 -0.22713002994941628 -0.34630217475288366 -0.22812406892408477 -0.2910831897350783 -0.2910831897350783 -0.2910831897350783 -0.28112522574906906 -0.14576873237876967 -0.27120883402619844 -0.22713002994941628 -0.25982577480618435 -0.21409170335795727 -0.1995259280529714 -0.19736164869341716 -0.1821068647573436 -0.17614167262846486 -0.1739098427424842 -0.1627888159462234 -0.1627888159462234 -0.1627888159462234 -0.1627888159462234 -0.13493349044006586 -0.12960204680651732 -0.12190901523893742 -0.12190901523893742 -0.0820882152549233 -0.09868027573317253 -0.03281880387148894 -0.03281880387148894 -0.03281880387148894 -0.03883199429684344 -0.03883199429684344 -0.03928866302395971 -0.03281880387148894 -0.027831361676233755 -0.004454610170621243
-0.34543467205537937 -0.34543467205537937 -0.34543467205537937 -0.34543467205537937 -0.34543467205537937 -0.34543467205537937 -0.34543467205537937 -0.34543467205537937 -0.2810557040078787 -0.34543467205537937 -0.34543467205537937 -0.34543467205537937 -0.34543467205537937 -0.34543467205537937 -0.34543467205537937 -0.34543467205537937 -0.34543467205537937 -0.34543467205537937 -0.34543467205537937 -0.34543467205537937 -0.34543467205537937 -0.34543467205537937 -0.34543467205537937 -0.34543467205537937 -0.34543467205537937 -0.34543467205537937 -0.34543467205537937 -0.34543467205537937 -0.34543467205537937 -0.34543467205537937 -0.19888506729384528 -0.34543467205537937 -0.34543467205537937 -0.34543467205537937 -0.34543467205537937 -0.28743918845284816 -0.34543467205537937 -0.2810557040078787 -0.34543467205537937 -0.34543467205537937 -0.28743918845284816 -0.28743918845284816 -0.34543467205537937 -0.34543467205537937 -0.34543467205537937 -0.34543467205537937 -0.34543467205537937 -0.34543467205537937 -0.34543467205537937 -0.2810557040078787 -0.2810557040078787 -0.34543467205537937 -0.34543467205537937 -0.34543467205537937 -0.2457238361529283 -0.34543467205537937 -0.34543467205537937 -0.19888506729384528 -0.30465158591214453 -0.30465158591214453 -0.22713002994941628 -0.22812406892408477 -0.22713002994941628 -0.22812406892408477 -0.22713002994941628 -0.22812406892408477 -0.22713002994941628 -0.34543467205537937 -0.22812406892408477 -0.2457238361529283 -0.22713002994941628 -0.34543467205537937 -0.22713002994941628 -0.34543467205537937 -0.22812406892408477 -0.2910831897350783 -0.2910831897350783 -0.2910831897350783 -0.28112522574906906 -0.14576873237876967 -0.27120883402619844 -0.22713002994941628 -0.25982577480618435 -0.21409170335795727 -0.1995259280529714 -0.19736164869341716 -0.1821068647573436 -0.17614167262846486 -0.1739098427424842 -0.1627888159462234 -0.1627888159462234 -0.1627888159462234 -0.1627888159462234 -0.13493349044006586 -0.12960204680651732 -0.12190901523893742 -0.12190901523893742 -0.0820882152549233 -0.09868027573317253 -0.03281880387148894 -0.03281880387148894 -0.03281880387148894 -0.03883199429684344 -0.03883199429684344 -0.03928866302395971 -0.03281880387148894 -0.027831361676233755 -0.004454610170621243
-0.09868027573317253 -0.09868027573317253 -0.09868027573317253 -0.09868027573317253 -0.09868027573317253 -0.09868027573317253 -0.09868027573317253 -0.09868027573317253 -0.09868027573317253 -0.09868027573317253 -0.09868027573317253 -0.09868027573317253 -0.09868027573317253 -0.09868027573317253 -0.09868027573317253 -0.09868027573317253 -0.09868027573317253 -0.09868027573317253 -0.09868027573317253 -0.09868027573317253 -0.09868027573317253 -0.09868027573317253 -0.09868027573317253 -0.09868027573317253 -0.09868027573317253 -0.09868027573317253 -0.09868027573317253 -0.09868027573317253 -0.09868027573317253 -0.09868027573317253 -0.09868027573317253 -0.09868027573317253 -0.09868027573317253 -0.09868027573317253 -0.09868027573317253 -0.09868027573317253 -0.09868027573317253 -0.09868027573317253 -0.09868027573317253 -0.09868027573317253 -0.09868027573317253 -0.09868027573317253 -0.09868027573317253 -0.09868027573317253 -0.09868027573317253 -0.09868027573317253 -0.09868027573317253 -0.09868027573317253 -0.09868027573317253 -0.09868027573317253 -0.09868027573317253 -0.09868027573317253 -0.09868027573317253 -0.09868027573317253 -0.09868027573317253 -0.09868027573317253 -0.09868027573317253 -0.09868027573317253 -0.09868027573317253 -0.09868027573317253 -0.09868027573317253 -0.09868027573317253 -0.09868027573317253 -0.09868027573317253 -0.09868027573317253 -0.09868027573317253 -0.09868027573317253 -0.09868027573317253 -0.09868027573317253 -0.09868027573317253 -0.09868027573317253 -0.09868027573317253 -0.09868027573317253 -0.09868027573317253 -0.09868027573317253 -0.09868027573317253 -0.09868027573317253 -0.09868027573317253 -0.09868027573317253 -0.09868027573317253 -0.09868027573317253 -0.09868027573317253 -0.09868027573317253 -0.09868027573317253 -0.09868027573317253 -0.09868027573317253 -0.09868027573317253 -0.09868027573317253 -0.09868027573317253 -0.09868027573317253 -0.09868027573317253 -0.09868027573317253 -0.09868027573317253 -0.09868027573317253 -0.09868027573317253 -0.09868027573317253 -0.09868027573317253 -0.0820882152549233 -0.09868027573317253 -0.03281880387148894 -0.03281880387148894 -0.03281880387148894 -0.03883199429684344 -0.03883199429684344 -0.03928866302395971 -0.03281880387148894 -0.027831361676233755 -0.004454610170621243
-0.1627888159462234 -0.1627888159462234 -0.1627888159462234 -0.1627888159462234 -0.1627888159462234 -0.1627888159462234 -0.1627888159462234 -0.1627888159462234 -0.1627888159462234 -0.1627888159462234 -0.1627888159462234 -0.1627888159462234 -0.1627888159462234 -0.1627888159462234 -0.1627888159462234 -0.1627888159462234 -0.1627888159462234 -0.1627888159462234 -0.1627888159462234 -0.1627888159462234 -0.1627888159462234 -0.1627888159462234 -0.1627888159462234 -0.1627888159462234 -0.1627888159462234 -0.1627888159462234 -0.1627888159462234 -0.1627888159462234 -0.1627888159462234 -0.1627888159462234 -0.1627888159462234 -0.1627888159462234 -0.1627888159462234 -0.1627888159462234 -0.1627888159462234 -0.1627888159462234 -0.1627888159462234 -0.1627888159462234 -0.1627888159462234 -0.1627888159462234 -0.1627888159462234 -0.1627888159462234 -0.1627888159462234 -0.1627888159462234 -0.1627888159462234 -0.1627888159462234 -0.1627888159462234 -0.1627888159462234 -0.1627888159462234 -0.1627888159462234 -0.1627888159462234 -0.1627888159462234 -0.1627888159462234 -0.1627888159462234 -0.1627888159462234 -0.1627888159462234 -0.1627888159462234 -0.1627888159462234 -0.1627888159462234 -0.1627888159462234 -0.1627888159462234 -0.1627888159462234 -0.1627888159462234 -0.1627888159462234 -0.1627888159462234 -0.1627888159462234 -0.1627888159462234 -0.1627888159462234 -0.1627888159462234 -0.1627888159462234 -0.1627888159462234 -0.1627888159462234 -0.1627888159462234 -0.1627888159462234 -0.1627888159462234 -0.1627888159462234 -0.1627888159462234 -0.1627888159462234 -0.1627888159462234 -0.14576873237876967 -0.1627888159462234 -0.1627888159462234 -0.1627888159462234 -0.1627888159462234 -0.1627888159462234 -0.1627888159462234 -0.1627888159462234 -0.1627888159462234 -0.1627888159462234 -0.1627888159462234 -0.1627888159462234 -0.1627888159462234 -0.1627888159462234 -0.13493349044006586 -0.12960204680651732 -0.12190901523893742 -0.12190901523893742 -0.0820882152549233 -0.09868027573317253 -0.03281880387148894 -0.03281880387148894 -0.03281880387148894 -0.03883199429684344 -0.03883199429684344 -0.03928866302395971 -0.03281880387148894 -0.027831361676233755 -0.004454610170621243
-0.0820882152549233 -0.0820882152549233 -0.0820882152549233 -0.0820882152549233 -0.0820882152549233 -0.0820882152549233 -0.0820882152549233 -0.0820882152549233 -0.0820882152549233 -0.0820882152549233 -0.0820882152549233 -0.0820882152549233 -0.0820882152549233 -0.0820882152549233 -0.0820882152549233 -0.0820882152549233 -0.0820882152549233 -0.0820882152549233 -0.0820882152549233 -0.0820882152549233 -0.0820882152549233 -0.0820882152549233 -0.0820882152549233 -0.0820882152549233 -0.0820882152549233 -0.0820882152549233 -0.0820882152549233 -0.0820882152549233 -0.0820882152549233 -0.0820882152549233 -0.0820882152549233 -0.0820882152549233 -0.0820882152549233 -0.0820882152549233 -0.0820882152549233 -0.0820882152549233 -0.0820882152549233 -0.0820882152549233 -0.0820882152549233 -0.0820882152549233 -0.0820882152549233 -0.0820882152549233 -0.0820882152549233 -0.0820882152549233 -0.0820882152549233 -0.0820882152549233 -0.0820882152549233 -0.0820882152549233 -0.0820882152549233 -0.0820882152549233 -0.0820882152549233 -0.0820882152549233 -0.0820882152549233 -0.0820882152549233 -0.0820882152549233 -0.0820882152549233 -0.0820882152549233 -0.0820882152549233 -0.0820882152549233 -0.0820882152549233 -0.0820882152549233 -0.0820882152549233 -0.0820882152549233 -0.0820882152549233 -0.0820882152549233 -0.0820882152549233 -0.0820882152549233 -0.0820882152549233 -0.0820882152549233 -0.0820882152549233 -0.0820882152549233 -0.0820882152549233 -0.0820882152549233 -0.0820882152549233 -0.0820882152549233 -0.0820882152549233 -0.0820882152549233 -0.0820882152549233 -0.0820882152549233 -0.0820882152549233 -0.0820882152549233 -0.0820882152549233 -0.0820882152549233 -0.0820882152549233 -0.0820882152549233 -0.0820882152549233 -0.0820882152549233 -0.0820882152549233 -0.0820882152549233 -0.0820882152549233 -0.0820882152549233 -0.0820882152549233 -0.0820882152549233 -0.0820882152549233 -0.0820882152549233 -0.0820882152549233 -0.0820882152549233 -0.0820882152549233 -0.0820882152549233 -0.03281880387148894 -0.03281880387148894 -0.03281880387148894 -0.03883199429684344 -0.03883199429684344 -0.03928866302395971 -0.03281880387148894 -0.027831361676233755 -0.004454610170621243
-0.0820882152549233 -0.0820882152549233 -0.0820882152549233 -0.0820882152549233 -0.0820882152549233 -0.0820882152549233 -0.0820882152549233 -0.0820882152549233 -0.0820882152549233 -0.0820882152549233 -0.0820882152549233 -0.0820882152549233 -0.0820882152549233 -0.0820882152549233 -0.0820882152549233 -0.0820882152549233 -0.0820882152549233 -0.0820882152549233 -0.0820882152549233 -0.0820882152549233 -0.0820882152549233 -0.0820882152549233 -0.0820882152549233 -0.0820882152549233 -0.0820882152549233 -0.0820882152549233 -0.0820882152549233 -0.0820882152549233 -0.0820882152549233 -0.0820882152549233 -0.0820882152549233 -0.0820882152549233 -0.0820882152549233 -0.0820882152549233 -0.0820882152549233 -0.0820882152549233 -0.0820882152549233 -0.0820882152549233 -0.0820882152549233 -0.0820882152549233 -0.0820882152549233 -0.0820882152549233 -0.0820882152549233 -0.0820882152549233 -0.0820882152549233 -0.0820882152549233 -0.0820882152549233 -0.0820882152549233 -0.0820882152549233 -0.0820882152549233 -0.0820882152549233 -0.0820882152549233 -0.0820882152549233 -0.0820882152549233 -0.0820882152549233 -0.0820882152549233 -0.0820882152549233 -0.0820882152549233 -0.0820882152549233 -0.0820882152549233 -0.0820882152549233 -0.0820882152549233 -0.0820882152549233 -0.0820882152549233 -0.0820882152549233 -0.0820882152549233 -0.0820882152549233 -0.0820882152549233 -0.0820882152549233 -0.0820882152549233 -0.0820882152549233 -0.0820882152549233 -0.0820882152549233 -0.0820882152549233 -0.0820882152549233 -0.0820882152549233 -0.0820882152549233 -0.0820882152549233 -0.0820882152549233 -0.0820882152549233 -0.0820882152549233 -0.0820882152549233 -0.0820882152549233 -0.0820882152549233 -0.0820882152549233 -0.0820882152549233 -0.0820882152549233 -0.0820882152549233 -0.0820882152549233 -0.0820882152549233 -0.0820882152549233 -0.0820882152549233 -0.0820882152549233 -0.0820882152549233 -0.0820882152549233 -0.0820882152549233 -0.0820882152549233 -0.0820882152549233 -0.0820882152549233 -0.03281880387148894 -0.03281880387148894 -0.03281880387148894 -0.03883199429684344 -0.03883199429684344 -0.03928866302395971 -0.03281880387148894 -0.027831361676233755 -0.004454610170621243
-0.0820882152549233 -0.0820882152549233 -0.0820882152549233 -0.0820882152549233 -0.0820882152549233 -0.0820882152549233 -0.0820882152549233 -0.0820882152549233 -0.0820882152549233 -0.0820882152549233 -0.0820882152549233 -0.0820882152549233 -0.0820882152549233 -0.0820882152549233 -0.0820882152549233 -0.0820882152549233 -0.0820882152549233 -0.0820882152549233 -0.0820882152549233 -0.0820882152549233 -0.0820882152549233 -0.0820882152549233 -0.0820882152549233 -0.0820882152549233 -0.0820882152549233 -0.0820882152549233 -0.0820882152549233 -0.0820882152549233 -0.0820882152549233 -0.0820882152549233 -0.0820882152549233 -0.0820882152549233 -0.0820882152549233 -0.0820882152549233 -0.0820882152549233 -0.0820882152549233 -0.0820882152549233 -0.0820882152549233 -0.0820882152549233 -0.0820882152549233 -0.0820882152549233 -0.0820882152549233 -0.0820882152549233 -0.0820882152549233 -0.0820882152549233 -0.0820882152549233 -0.0820882152549233 -0.0820882152549233 -0.0820882152549233 -0.0820882152549233 -0.0820882152549233 -0.0820882152549233 -0.0820882152549233 -0.0820882152549233 -0.0820882152549233 -0.0820882152549233 -0.0820882152549233 -0.0820882152549233 -0.0820882152549233 -0.0820882152549233 -0.0820882152549233 -0.0820882152549233 -0.0820882152549233 -0.0820882152549233 -0.0820882152549233 -0.0820882152549233 -0.0820882152549233 -0.0820882152549233 -0.0820882152549233 -0.0820882152549233 -0.0820882152549233 -0.0820882152549233 -0.0820882152549233 -0.0820882152549233 -0.0820882152549233 -0.0820882152549233 -0.0820882152549233 -0.0820882152549233 -0.0820882152549233 -0.0820882152549233 -0.0820882152549233 -0.0820882152549233 -0.0820882152549233 -0.0820882152549233 -0.0820882152549233 -0.0820882152549233 -0.0820882152549233 -0.0820882152549233 -0.0820882152549233 -0.0820882152549233 -0.0820882152549233 -0.0820882152549233 -0.0820882152549233 -0.0820882152549233 -0.0820882152549233 -0.0820882152549233 -0.0820882152549233 -0.0820882152549233 -0.0820882152549233 -0.03281880387148894 -0.03281880387148894 -0.03281880387148894 -0.03883199429684344 -0.03883199429684344 -0.03928866302395971 -0.03281880387148894 -0.027831361676233755 -0.004454610170621243
-0.32194403723493625 -0.32194403723493625 -0.32194403723493625 -0.32194403723493625 -0.32194403723493625 -0.32194403723493625 -0.32194403723493625 -0.32194403723493625 -0.2810557040078787 -0.32194403723493625 -0.32194403723493625 -0.32194403723493625 -0.32194403723493625 -0.32194403723493625 -0.32194403723493625 -0.32194403723493625 -0.32194403723493625 -0.32194403723493625 -0.32194403723493625 -0.32194403723493625 -0.32194403723493625 -0.32194403723493625 -0.32194403723493625 -0.32194403723493625 -0.32194403723493625 -0.32194403723493625 -0.32194403723493625 -0.32194403723493625 -0.32194403723493625 -0.32194403723493625 -0.19888506729384528 -0.32194403723493625 -0.32194403723493625 -0.32194403723493625 -0.32194403723493625 -0.28743918845284816 -0.32194403723493625 -0.2810557040078787 -0.32194403723493625 -0.32194403723493625 -0.28743918845284816 -0.28743918845284816 -0.32194403723493625 -0.32194403723493625 -0.32194403723493625 -0.32194403723493625 -0.32194403723493625 -0.32194403723493625 -0.32194403723493625 -0.2810557040078787 -0.2810557040078787 -0.32194403723493625 -0.32194403723493625 -0.32194403723493625 -0.2457238361529283 -0.32194403723493625 -0.32194403723493625 -0.19888506729384528 -0.30465158591214453 -0.30465158591214453 -0.22713002994941628 -0.22812406892408477 -0.22713002994941628 -0.22812406892408477 -0.22713002994941628 -0.22812406892408477 -0.22713002994941628 -0.32194403723493625 -0.22812406892408477 -0.2457238361529283 -0.22713002994941628 -0.32194403723493625 -0.22713002994941628 -0.32194403723493625 -0.22812406892408477 -0.2910831897350783 -0.2910831897350783 -0.2910831897350783 -0.28112522574906906 -0.14576873237876967 -0.27120883402619844 -0.22713002994941628 -0.25982577480618435 -0.21409170335795727 -0.1995259280529714 -0.19736164869341716 -0.1821068647573436 -0.17614167262846486 -0.1739098427424842 -0.1627888159462234 -0.1627888159462234 -0.1627888159462234 -0.1627888159462234 -0.13493349044006586 -0.12960204680651732 -0.12190901523893742 -0.12190901523893742 -0.0820882152549233 -0.09868027573317253 -0.03281880387148894 -0.03281880387148894 -0.03281880387148894 -0.03883199429684344 -0.03883199429684344 -0.03928866302395971 -0.03281880387148894 -0.027831361676233755 -0.004454610170621243
-0.12190901523893742 -0.12190901523893742 -0.12190901523893742 -0.12190901523893742 -0.12190901523893742 -0.12190901523893742 -0.12190901523893742 -0.12190901523893742 -0.12190901523893742 -0.12190901523893742 -0.12190901523893742 -0.12190901523893742 -0.12190901523893742 -0.12190901523893742 -0.12190901523893742 -0.12190901523893742 -0.12190901523893742 -0.12190901523893742 -0.12190901523893742 -0.12190901523893742 -0.12190901523893742 -0.12190901523893742 -0.12190901523893742 -0.12190901523893742 -0.12190901523893742 -0.12190901523893742 -0.12190901523893742 -0.12190901523893742 -0.12190901523893742 -0.12190901523893742 -0.12190901523893742 -0.12190901523893742 -0.12190901523893742 -0.12190901523893742 -0.12190901523893742 -0.12190901523893742 -0.12190901523893742 -0.12190901523893742 -0.12190901523893742 -0.12190901523893742 -0.12190901523893742 -0.12190901523893742 -0.12190901523893742 -0.12190901523893742 -0.12190901523893742 -0.12190901523893742 -0.12190901523893742 -0.12190901523893742 -0.12190901523893742 -0.12190901523893742 -0.12190901523893742 -0.12190901523893742 -0.12190901523893742 -0.12190901523893742 -0.12190901523893742 -0.12190901523893742 -0.12190901523893742 -0.12190901523893742 -0.12190901523893742 -0.12190901523893742 -0.12190901523893742 -0.12190901523893742 -0.12190901523893742 -0.12190901523893742 -0.12190901523893742 -0.12190901523893742 -0.12190901523893742 -0.12190901523893742 -0.12190901523893742 -0.12190901523893742 -0.12190901523893742 -0.12190901523893742 -0.12190901523893742 -0.12190901523893742 -0.12190901523893742 -0.12190901523893742 -0.12190901523893742 -0.12190901523893742 -0.12190901523893742 -0.12190901523893742 -0.12190901523893742 -0.12190901523893742 -0.12190901523893742 -0.12190901523893742 -0.12190901523893742 -0.12190901523893742 -0.12190901523893742 -0.12190901523893742 -0.12190901523893742 -0.12190901523893742 -0.12190901523893742 -0.12190901523893742 -0.12190901523893742 -0.12190901523893742 -0.12190901523893742 -0.12190901523893742 -0.12190901523893742 -0.0820882152549233 -0.09868027573317253 -0.03281880387148894 -0.03281880387148894 -0.03281880387148894 -0.03883199429684344 -0.03883199429684344 -0.03928866302395971 -0.03281880387148894 -0.027831361676233755 -0.004454610170621243
-0.12190901523893742 -0.12190901523893742 -0.12190901523893742 -0.12190901523893742 -0.12190901523893742 -0.12190901523893742 -0.12190901523893742 -0.12190901523893742 -0.12190901523893742 -0.12190901523893742 -0.12190901523893742 -0.12190901523893742 -0.12190901523893742 -0.12190901523893742 -0.12190901523893742 -0.12190901523893742 -0.12190901523893742 -0.12190901523893742 -0.12190901523893742 -0.12190901523893742 -0.12190901523893742 -0.12190901523893742 -0.12190901523893742 -0.12190901523893742 -0.12190901523893742 -0.12190901523893742 -0.12190901523893742 -0.12190901523893742 -0.12190901523893742 -0.12190901523893742 -0.12190901523893742 -0.12190901523893742 -0.12190901523893742 -0.12190901523893742 -0.12190901523893742 -0.12190901523893742 -0.12190901523893742 -0.12190901523893742 -0.12190901523893742 -0.12190901523893742 -0.12190901523893742 -0.12190901523893742 -0.12190901523893742 -0.12190901523893742 -0.12190901523893742 -0.12190901523893742 -0.12190901523893742 -0.12190901523893742 -0.12190901523893742 -0.12190901523893742 -0.12190901523893742 -0.12190901523893742 -0.12190901523893742 -0.12190901523893742 -0.12190901523893742 -0.12190901523893742 -0.12190901523893742 -0.12190901523893742 -0.12190901523893742 -0.12190901523893742 -0.12190901523893742 -0.12190901523893742 -0.12190901523893742 -0.12190901523893742 -0.12190901523893742 -0.12190901523893742 -0.12190901523893742 -0.12190901523893742 -0.12190901523893742 -0.12190901523893742 -0.12190901523893742 -0.12190901523893742 -0.12190901523893742 -0.12190901523893742 -0.12190901523893742 -0.12190901523893742 -0.12190901523893742 -0.12190901523893742 -0.12190901523893742 -0.12190901523893742 -0.12190901523893742 -0.12190901523893742 -0.12190901523893742 -0.12190901523893742 -0.12190901523893742 -0.12190901523893742 -0.12190901523893742 -0.12190901523893742 -0.12190901523893742 -0.12190901523893742 -0.12190901523893742 -0.12190901523893742 -0.12190901523893742 -0.12190901523893742 -0.12190901523893742 -0.12190901523893742 -0.12190901523893742 -0.0820882152549233 -0.09868027573317253 -0.03281880387148894 -0.03281880387148894 -0.03281880387148894 -0.03883199429684344 -0.03883199429684344 -0.03928866302395971 -0.03281880387148894 -0.027831361676233755 -0.004454610170621243
-0.12190901523893742 -0.12190901523893742 -0.12190901523893742 -0.12190901523893742 -0.12190901523893742 -0.12190901523893742 -0.12190901523893742 -0.12190901523893742 -0.12190901523893742 -0.12190901523893742 -0.12190901523893742 -0.12190901523893742 -0.12190901523893742 -0.12190901523893742 -0.12190901523893742 -0.12190901523893742 -0.12190901523893742 -0.12190901523893742 -0.12190901523893742 -0.12190901523893742 -0.12190901523893742 -0.12190901523893742 -0.12190901523893742 -0.12190901523893742 -0.12190901523893742 -0.12190901523893742 -0.12190901523893742 -0.12190901523893742 -0.12190901523893742 -0.12190901523893742 -0.12190901523893742 -0.12190901523893742 -0.12190901523893742 -0.12190901523893742 -0.12190901523893742 -0.12190901523893742 -0.12190901523893742 -0.12190901523893742 -0.12190901523893742 -0.12190901523893742 -0.12190901523893742 -0.12190901523893742 -0.12190901523893742 -0.12190901523893742 -0.12190901523893742 -0.12190901523893742 -0.12190901523893742 -0.12190901523893742 -0.12190901523893742 -0.12190901523893742 -0.12190901523893742 -0.12190901523893742 -0.12190901523893742 -0.12190901523893742 -0.12190901523893742 -0.12190901523893742 -0.12190901523893742 -0.12190901523893742 -0.12190901523893742 -0.12190901523893742 -0.12190901523893742 -0.12190901523893742 -0.12190901523893742 -0.12190901523893742 -0.12190901523893742 -0.12190901523893742 -0.12190901523893742 -0.12190901523893742 -0.12190901523893742 -0.12190901523893742 -0.12190901523893742 -0.12190901523893742 -0.12190901523893742 -0.12190901523893742 -0.12190901523893742 -0.12190901523893742 -0.12190901523893742 -0.12190901523893742 -0.12190901523893742 -0.12190901523893742 -0.12190901523893742 -0.12190901523893742 -0.12190901523893742 -0.12190901523893742 -0.12190901523893742 -0.12190901523893742 -0.12190901523893742 -0.12190901523893742 -0.12190901523893742 -0.12190901523893742 -0.12190901523893742 -0.12190901523893742 -0.12190901523893742 -0.12190901523893742 -0.12190901523893742 -0.12190901523893742 -0.12190901523893742 -0.0820882152549233 -0.09868027573317253 -0.03281880387148894 -0.03281880387148894 -0.03281880387148894 -0.03883199429684344 -0.03883199429684344 -0.03928866302395971 -0.03281880387148894 -0.027831361676233755 -0.004454610170621243
-0.12190901523893742 -0.12190901523893742 -0.12190901523893742 -0.12190901523893742 -0.12190901523893742 -0.12190901523893742 -0.12190901523893742 -0.12190901523893742 -0.12190901523893742 -0.12190901523893742 -0.12190901523893742 -0.12190901523893742 -0.12190901523893742 -0.12190901523893742 -0.12190901523893742 -0.12190901523893742 -0.12190901523893742 -0.12190901523893742 -0.12190901523893742 -0.12190901523893742 -0.12190901523893742 -0.12190901523893742 -0.12190901523893742 -0.12190901523893742 -0.12190901523893742 -0.12190901523893742 -0.12190901523893742 -0.12190901523893742 -0.12190901523893742 -0.12190901523893742 -0.12190901523893742 -0.12190901523893742 -0.12190901523893742 -0.12190901523893742 -0.12190901523893742 -0.12190901523893742 -0.12190901523893742 -0.12190901523893742 -0.12190901523893742 -0.12190901523893742 -0.12190901523893742 -0.12190901523893742 -0.12190901523893742 -0.12190901523893742 -0.12190901523893742 -0.12190901523893742 -0.12190901523893742 -0.12190901523893742 -0.12190901523893742 -0.12190901523893742 -0.12190901523893742 -0.12190901523893742 -0.12190901523893742 -0.12190901523893742 -0.12190901523893742 -0.12190901523893742 -0.12190901523893742 -0.12190901523893742 -0.12190901523893742 -0.12190901523893742 -0.12190901523893742 -0.12190901523893742 -0.12190901523893742 -0.12190901523893742 -0.12190901523893742 -0.12190901523893742 -0.12190901523893742 -0.12190901523893742 -0.12190901523893742 -0.12190901523893742 -0.12190901523893742 -0.12190901523893742 -0.12190901523893742 -0.12190901523893742 -0.12190901523893742 -0.12190901523893742 -0.12190901523893742 -0.12190901523893742 -0.12190901523893742 -0.12190901523893742 -0.12190901523893742 -0.12190901523893742 -0.12190901523893742 -0.12190901523893742 -0.12190901523893742 -0.12190901523893742 -0.12190901523893742 -0.12190901523893742 -0.12190901523893742 -0.12190901523893742 -0.12190901523893742 -0.12190901523893742 -0.12190901523893742 -0.12190901523893742 -0.12190901523893742 -0.12190901523893742 -0.12190901523893742 -0.0820882152549233 -0.09868027573317253 -0.03281880387148894 -0.03281880387148894 -0.03281880387148894 -0.03883199429684344 -0.03883199429684344 -0.03928866302395971 -0.03281880387148894 -0.027831361676233755 -0.004454610170621243
-0.0820882152549233 -0.0820882152549233 -0.0820882152549233 -0.0820882152549233 -0.0820882152549233 -0.0820882152549233 -0.0820882152549233 -0.0820882152549233 -0.0820882152549233 -0.0820882152549233 -0.0820882152549233 -0.0820882152549233 -0.0820882152549233 -0.0820882152549233 -0.0820882152549233 -0.0820882152549233 -0.0820882152549233 -0.0820882152549233 -0.0820882152549233 -0.0820882152549233 -0.0820882152549233 -0.0820882152549233 -0.0820882152549233 -0.0820882152549233 -0.0820882152549233 -0.0820882152549233 -0.0820882152549233 -0.0820882152549233 -0.0820882152549233 -0.0820882152549233 -0.0820882152549233 -0.0820882152549233 -0.0820882152549233 -0.0820882152549233 -0.0820882152549233 -0.0820882152549233 -0.0820882152549233 -0.0820882152549233 -0.0820882152549233 -0.0820882152549233 -0.0820882152549233 -0.0820882152549233 -0.0820882152549233 -0.0820882152549233 -0.0820882152549233 -0.0820882152549233 -0.0820882152549233 -0.0820882152549233 -0.0820882152549233 -0.0820882152549233 -0.0820882152549233 -0.0820882152549233 -0.0820882152549233 -0.0820882152549233 -0.0820882152549233 -0.0820882152549233 -0.0820882152549233 -0.0820882152549233 -0.0820882152549233 -0.0820882152549233 -0.0820882152549233 -0.0820882152549233 -0.0820882152549233 -0.0820882152549233 -0.0820882152549233 -0.0820882152549233 -0.0820882152549233 -0.0820882152549233 -0.0820882152549233 -0.0820882152549233 -0.0820882152549233 -0.0820882152549233 -0.0820882152549233 -0.0820882152549233 -0.0820882152549233 -0.0820882152549233 -0.0820882152549233 -0.0820882152549233 -0.0820882152549233 -0.0820882152549233 -0.0820882152549233 -0.0820882152549233 -0.0820882152549233 -0.0820882152549233 -0.0820882152549233 -0.0820882152549233 -0.0820882152549233 -0.0820882152549233 -0.0820882152549233 -0.0820882152549233 -0.0820882152549233 -0.0820882152549233 -0.0820882152549233 -0.0820882152549233 -0.0820882152549233 -0.0820882152549233 -0.0820882152549233 -0.0820882152549233 -0.0820882152549233 -0.03281880387148894 -0.03281880387148894 -0.03281880387148894 -0.03883199429684344 -0.03883199429684344 -0.03928866302395971 -0.03281880387148894 -0.027831361676233755 -0.004454610170621243
-0.3068663967091428 -0.3068663967091428 -0.3068663967091428 -0.3068663967091428 -0.3068663967091428 -0.3068663967091428 -0.3068663967091428 -0.3068663967091428 -0.2810557040078787 -0.3068663967091428 -0.3068663967091428 -0.3068663967091428 -0.3068663967091428 -0.3068663967091428 -0.3068663967091428 -0.3068663967091428 -0.3068663967091428 -0.3068663967091428 -0.3068663967091428 -0.3068663967091428 -0.3068663967091428 -0.3068663967091428 -0.3068663967091428 -0.3068663967091428 -0.3068663967091428 -0.3068663967091428 -0.3068663967091428 -0.3068663967091428 -0.3068663967091428 -0.3068663967091428 -0.19888506729384528 -0.3068663967091428 -0.3068663967091428 -0.3068663967091428 -0.3068663967091428 -0.28743918845284816 -0.3068663967091428 -0.2810557040078787 -0.3068663967091428 -0.3068663967091428 -0.28743918845284816 -0.28743918845284816 -0.3068663967091428 -0.3068663967091428 -0.3068663967091428 -0.3068663967091428 -0.3068663967091428 -0.3068663967091428 -0.3068663967091428 -0.2810557040078787 -0.2810557040078787 -0.3068663967091428 -0.3068663967091428 -0.3068663967091428 -0.2457238361529283 -0.3068663967091428 -0.3068663967091428 -0.19888506729384528 -0.30465158591214453 -0.30465158591214453 -0.22713002994941628 -0.22812406892408477 -0.22713002994941628 -0.22812406892408477 -0.22713002994941628 -0.22812406892408477 -0.22713002994941628 -0.3068663967091428 -0.22812406892408477 -0.2457238361529283 -0.22713002994941628 -0.3068663967091428 -0.22713002994941628 -0.3068663967091428 -0.22812406892408477 -0.2910831897350783 -0.2910831897350783 -0.2910831897350783 -0.28112522574906906 -0.14576873237876967 -0.27120883402619844 -0.22713002994941628 -0.25982577480618435 -0.21409170335795727 -0.1995259280529714 -0.19736164869341716 -0.1821068647573436 -0.17614167262846486 -0.1739098427424842 -0.1627888159462234 -0.1627888159462234 -0.1627888159462234 -0.1627888159462234 -0.13493349044006586 -0.12960204680651732 -0.12190901523893742 -0.12190901523893742 -0.0820882152549233 -0.09868027573317253 -0.03281880387148894 -0.03281880387148894 -0.03281880387148894 -0.03883199429684344 -0.03883199429684344 -0.03928866302395971 -0.03281880387148894 -0.027831361676233755 -0.004454610170621243
-0.22812406892408477 -0.22812406892408477 -0.22812406892408477 -0.22812406892408477 -0.22812406892408477 -0.22812406892408477 -0.22812406892408477 -0.22812406892408477 -0.22812406892408477 -0.22812406892408477 -0.22812406892408477 -0.22812406892408477 -0.22812406892408477 -0.22812406892408477 -0.22812406892408477 -0.22812406892408477 -0.22812406892408477 -0.22812406892408477 -0.22812406892408477 -0.22812406892408477 -0.22812406892408477 -0.22812406892408477 -0.22812406892408477 -0.22812406892408477 -0.22812406892408477 -0.22812406892408477 -0.22812406892408477 -0.22812406892408477 -0.22812406892408477 -0.22812406892408477 -0.19888506729384528 -0.22812406892408477 -0.22812406892408477 -0.22812406892408477 -0.22812406892408477 -0.22812406892408477 -0.22812406892408477 -0.22812406892408477 -0.22812406892408477 -0.22812406892408477 -0.22812406892408477 -0.22812406892408477 -0.22812406892408477 -0.22812406892408477 -0.22812406892408477 -0.22812406892408477 -0.22812406892408477 -0.22812406892408477 -0.22812406892408477 -0.22812406892408477 -0.22812406892408477 -0.22812406892408477 -0.22812406892408477 -0.22812406892408477 -0.22812406892408477 -0.22812406892408477 -0.22812406892408477 -0.19888506729384528 -0.22812406892408477 -0.22812406892408477 -0.22713002994941628 -0.3065537352236758 -0.22713002994941628 -0.3065537352236758 -0.22713002994941628 -0.3065537352236758 -0.22713002994941628 -0.22812406892408477 -0.3065537352236758 -0.22812406892408477 -0.22713002994941628 -0.22812406892408477 -0.22713002994941628 -0.22812406892408477 -0.3065537352236758 -0.22812406892408477 -0.22812406892408477 -0.22812406892408477 -0.22812406892408477 -0.14576873237876967 -0.22812406892408477 -0.22713002994941628 -0.22812406892408477 -0.21409170335795727 -0.1995259280529714 -0.19736164869341716 -0.1821068647573436 -0.17614167262846486 -0.1739098427424842 -0.1627888159462234 -0.1627888159462234 -0.1627888159462234 -0.1627888159462234 -0.13493349044006586 -0.12960204680651732 -0.12190901523893742 -0.12190901523893742 -0.0820882152549233 -0.09868027573317253 -0.03281880387148894 -0.03281880387148894 -0.03281880387148894 -0.03883199429684344 -0.03883199429684344 -0.03928866302395971 -0.03281880387148894 -0.027831361676233755 -0.004454610170621243
-0.30617374776277906 -0.30617374776277906 -0.30617374776277906 -0.30617374776277906 -0.30617374776277906 -0.30617374776277906 -0.30617374776277906 -0.30617374776277906 -0.2810557040078787 -0.30617374776277906 -0.30617374776277906 -0.30617374776277906 -0.30617374776277906 -0.30617374776277906 -0.30617374776277906 -0.30617374776277906 -0.30617374776277906 -0.30617374776277906 -0.30617374776277906 -0.30617374776277906 -0.30617374776277906 -0.30617374776277906 -0.30617374776277906 -0.30617374776277906 -0.30617374776277906 -0.30617374776277906 -0.30617374776277906 -0.30617374776277906 -0.30617374776277906 -0.30617374776277906 -0.19888506729384528 -0.30617374776277906 -0.30617374776277906 -0.30617374776277906 -0.30617374776277906 -0.28743918845284816 -0.30617374776277906 -0.2810557040078787 -0.30617374776277906 -0.30617374776277906 -0.28743918845284816 -0.28743918845284816 -0.30617374776277906 -0.30617374776277906 -0.30617374776277906 -0.30617374776277906 -0.30617374776277906 -0.30617374776277906 -0.30617374776277906 -0.2810557040078787 -0.2810557040078787 -0.30617374776277906 -0.30617374776277906 -0.30617374776277906 -0.2457238361529283 -0.30617374776277906 -0.30617374776277906 -0.19888506729384528 -0.30465158591214453 -0.30465158591214453 -0.22713002994941628 -0.22812406892408477 -0.22713002994941628 -0.22812406892408477 -0.22713002994941628 -0.22812406892408477 -0.22713002994941628 -0.30617374776277906 -0.22812406892408477 -0.2457238361529283 -0.22713002994941628 -0.30617374776277906 -0.22713002994941628 -0.30617374776277906 -0.22812406892408477 -0.2910831897350783 -0.2910831897350783 -0.2910831897350783 -0.28112522574906906 -0.14576873237876967 -0.27120883402619844 -0.22713002994941628 -0.25982577480618435 -0.21409170335795727 -0.1995259280529714 -0.19736164869341716 -0.1821068647573436 -0.17614167262846486 -0.1739098427424842 -0.1627888159462234 -0.1627888159462234 -0.1627888159462234 -0.1627888159462234 -0.13493349044006586 -0.12960204680651732 -0.12190901523893742 -0.12190901523893742 -0.0820882152549233 -0.09868027573317253 -0.03281880387148894 -0.03281880387148894 -0.03281880387148894 -0.03883199429684344 -0.03883199429684344 -0.03928866302395971 -0.03281880387148894 -0.027831361676233755 -0.004454610170621243
-0.22713002994941628 -0.22713002994941628 -0.22713002994941628 -0.22713002994941628 -0.22713002994941628 -0.22713002994941628 -0.22713002994941628 -0.22713002994941628 -0.22713002994941628 -0.22713002994941628 -0.22713002994941628 -0.22713002994941628 -0.22713002994941628 -0.22713002994941628 -0.22713002994941628 -0.22713002994941628 -0.22713002994941628 -0.22713002994941628 -0.22713002994941628 -0.22713002994941628 -0.22713002994941628 -0.22713002994941628 -0.22713002994941628 -0.22713002994941628 -0.22713002994941628 -0.22713002994941628 -0.22713002994941628 -0.22713002994941628 -0.22713002994941628 -0.22713002994941628 -0.19888506729384528 -0.22713002994941628 -0.22713002994941628 -0.22713002994941628 -0.22713002994941628 -0.22713002994941628 -0.22713002994941628 -0.22713002994941628 -0.22713002994941628 -0.22713002994941628 -0.22713002994941628 -0.22713002994941628 -0.22713002994941628 -0.22713002994941628 -0.22713002994941628 -0.22713002994941628 -0.22713002994941628 -0.22713002994941628 -0.22713002994941628 -0.22713002994941628 -0.22713002994941628 -0.22713002994941628 -0.22713002994941628 -0.22713002994941628 -0.22713002994941628 -0.22713002994941628 -0.22713002994941628 -0.19888506729384528 -0.22713002994941628 -0.22713002994941628 -0.30388916614153666 -0.22713002994941628 -0.30388916614153666 -0.22713002994941628 -0.30388916614153666 -0.22713002994941628 -0.30388916614153666 -0.22713002994941628 -0.22713002994941628 -0.22713002994941628 -0.30388916614153666 -0.22713002994941628 -0.30388916614153666 -0.22713002994941628 -0.22713002994941628 -0.22713002994941628 -0.22713002994941628 -0.22713002994941628 -0.22713002994941628 -0.14576873237876967 -0.22713002994941628 -0.23532284632626882 -0.22713002994941628 -0.21409170335795727 -0.1995259280529714 -0.19736164869341716 -0.1821068647573436 -0.17614167262846486 -0.1739098427424842 -0.1627888159462234 -0.1627888159462234 -0.1627888159462234 -0.1627888159462234 -0.13493349044006586 -0.12960204680651732 -0.12190901523893742 -0.12190901523893742 -0.0820882152549233 -0.09868027573317253 -0.03281880387148894 -0.03281880387148894 -0.03281880387148894 -0.03883199429684344 -0.03883199429684344 -0.03928866302395971 -0.03281880387148894 -0.027831361676233755 -0.004454610170621243
-0.027831361676233755 -0.027831361676233755 -0.027831361676233755 -0.027831361676233755 -0.027831361676233755 -0.027831361676233755 -0.027831361676233755 -0.027831361676233755 -0.027831361676233755 -0.027831361676233755 -0.027831361676233755 -0.027831361676233755 -0.027831361676233755 -0.027831361676233755 -0.027831361676233755 -0.027831361676233755 -0.027831361676233755 -0.027831361676233755 -0.027831361676233755 -0.027831361676233755 -0.027831361676233755 -0.027831361676233755 -0.027831361676233755 -0.027831361676233755 -0.027831361676233755 -0.027831361676233755 -0.027831361676233755 -0.027831361676233755 -0.027831361676233755 -0.027831361676233755 -0.027831361676233755 -0.027831361676233755 -0.027831361676233755 -0.027831361676233755 -0.027831361676233755 -0.027831361676233755 -0.027831361676233755 -0.027831361676233755 -0.027831361676233755 -0.027831361676233755 -0.027831361676233755 -0.027831361676233755 -0.027831361676233755 -0.027831361676233755 -0.027831361676233755 -0.027831361676233755 -0.027831361676233755 -0.027831361676233755 -0.027831361676233755 -0.027831361676233755 -0.027831361676233755 -0.027831361676233755 -0.027831361676233755 -0.027831361676233755 -0.027831361676233755 -0.027831361676233755 -0.027831361676233755 -0.027831361676233755 -0.027831361676233755 -0.027831361676233755 -0.027831361676233755 -0.027831361676233755 -0.027831361676233755 -0.027831361676233755 -0.027831361676233755 -0.027831361676233755 -0.027831361676233755 -0.027831361676233755 -0.027831361676233755 -0.027831361676233755 -0.027831361676233755 -0.027831361676233755 -0.027831361676233755 -0.027831361676233755 -0.027831361676233755 -0.027831361676233755 -0.027831361676233755 -0.027831361676233755 -0.027831361676233755 -0.027831361676233755 -0.027831361676233755 -0.027831361676233755 -0.027831361676233755 -0.027831361676233755 -0.027831361676233755 -0.027831361676233755 -0.027831361676233755 -0.027831361676233755 -0.027831361676233755 -0.027831361676233755 -0.027831361676233755 -0.027831361676233755 -0.027831361676233755 -0.027831361676233755 -0.027831361676233755 -0.027831361676233755 -0.027831361676233755 -0.027831361676233755 -0.027831361676233755 -0.027831361676233755 -0.027831361676233755 -0.027831361676233755 -0.027831361676233755 -0.027831361676233755 -0.027831361676233755 -0.027831361676233755 -0.027831361676233755 -0.004454610170621243
-0.027831361676233755 -0.027831361676233755 -0.027831361676233755 -0.027831361676233755 -0.027831361676233755 -0.027831361676233755 -0.027831361676233755 -0.027831361676233755 -0.027831361676233755 -0.027831361676233755 -0.027831361676233755 -0.027831361676233755 -0.027831361676233755 -0.027831361676233755 -0.027831361676233755 -0.027831361676233755 -0.027831361676233755 -0.027831361676233755 -0.027831361676233755 -0.027831361676233755 -0.027831361676233755 -0.027831361676233755 -0.027831361676233755 -0.027831361676233755 -0.027831361676233755 -0.027831361676233755 -0.027831361676233755 -0.027831361676233755 -0.027831361676233755 -0.027831361676233755 -0.027831361676233755 -0.027831361676233755 -0.027831361676233755 -0.027831361676233755 -0.027831361676233755 -0.027831361676233755 -0.027831361676233755 -0.027831361676233755 -0.027831361676233755 -0.027831361676233755 -0.027831361676233755 -0.027831361676233755 -0.027831361676233755 -0.027831361676233755 -0.027831361676233755 -0.027831361676233755 -0.027831361676233755 -0.027831361676233755 -0.027831361676233755 -0.027831361676233755 -0.027831361676233755 -0.027831361676233755 -0.027831361676233755 -0.027831361676233755 -0.027831361676233755 -0.027831361676233755 -0.027831361676233755 -0.027831361676233755 -0.027831361676233755 -0.027831361676233755 -0.027831361676233755 -0.027831361676233755 -0.027831361676233755 -0.027831361676233755 -0.027831361676233755 -0.027831361676233755 -0.027831361676233755 -0.027831361676233755 -0.027831361676233755 -0.027831361676233755 -0.027831361676233755 -0.027831361676233755 -0.027831361676233755 -0.027831361676233755 -0.027831361676233755 -0.027831361676233755 -0.027831361676233755 -0.027831361676233755 -0.027831361676233755 -0.027831361676233755 -0.027831361676233755 -0.027831361676233755 -0.027831361676233755 -0.027831361676233755 -0.027831361676233755 -0.027831361676233755 -0.027831361676233755 -0.027831361676233755 -0.027831361676233755 -0.027831361676233755 -0.027831361676233755 -0.027831361676233755 -0.027831361676233755 -0.027831361676233755 -0.027831361676233755 -0.027831361676233755 -0.027831361676233755 -0.027831361676233755 -0.027831361676233755 -0.027831361676233755 -0.027831361676233755 -0.027831361676233755 -0.027831361676233755 -0.027831361676233755 -0.027831361676233755 -0.027831361676233755 -0.027831361676233755 -0.004454610170621243
-0.28316644884008313 -0.28316644884008313 -0.28316644884008313 -0.28316644884008313 -0.28316644884008313 -0.28316644884008313 -0.28316644884008313 -0.28316644884008313 -0.2810557040078787 -0.28316644884008313 -0.28316644884008313 -0.28316644884008313 -0.28316644884008313 -0.28316644884008313 -0.28316644884008313 -0.28316644884008313 -0.28316644884008313 -0.28316644884008313 -0.28316644884008313 -0.28316644884008313 -0.28316644884008313 -0.28316644884008313 -0.28316644884008313 -0.28316644884008313 -0.28316644884008313 -0.28316644884008313 -0.28316644884008313 -0.28316644884008313 -0.28316644884008313 -0.28316644884008313 -0.19888506729384528 -0.28316644884008313 -0.28316644884008313 -0.28316644884008313 -0.28316644884008313 -0.28316644884008313 -0.28316644884008313 -0.2810557040078787 -0.28316644884008313 -0.28316644884008313 -0.28316644884008313 -0.28316644884008313 -0.28316644884008313 -0.28316644884008313 -0.28316644884008313 -0.28316644884008313 -0.28316644884008313 -0.28316644884008313 -0.28316644884008313 -0.2810557040078787 -0.2810557040078787 -0.28316644884008313 -0.28316644884008313 -0.28316644884008313 -0.2457238361529283 -0.28316644884008313 -0.28316644884008313 -0.19888506729384528 -0.28316644884008313 -0.28316644884008313 -0.22713002994941628 -0.22812406892408477 -0.22713002994941628 -0.22812406892408477 -0.22713002994941628 -0.22812406892408477 -0.22713002994941628 -0.28316644884008313 -0.22812406892408477 -0.2457238361529283 -0.22713002994941628 -0.28316644884008313 -0.22713002994941628 -0.28316644884008313 -0.22812406892408477 -0.28316644884008313 -0.28316644884008313 -0.28316644884008313 -0.28112522574906906 -0.14576873237876967 -0.27120883402619844 -0.22713002994941628 -0.25982577480618435 -0.21409170335795727 -0.1995259280529714 -0.19736164869341716 -0.1821068647573436 -0.17614167262846486 -0.1739098427424842 -0.1627888159462234 -0.1627888159462234 -0.1627888159462234 -0.1627888159462234 -0.13493349044006586 -0.12960204680651732 -0.12190901523893742 -0.12190901523893742 -0.0820882152549233 -0.09868027573317253 -0.03281880387148894 -0.03281880387148894 -0.03281880387148894 -0.03883199429684344 -0.03883199429684344 -0.03928866302395971 -0.03281880387148894 -0.027831361676233755 -0.004454610170621243
-0.22713002994941628 -0.22713002994941628 -0.22713002994941628 -0.22713002994941628 -0.22713002994941628 -0.22713002994941628 -0.22713002994941628 -0.22713002994941628 -0.22713002994941628 -0.22713002994941628 -0.22713002994941628 -0.22713002994941628 -0.22713002994941628 -0.22713002994941628 -0.22713002994941628 -0.22713002994941628 -0.22713002994941628 -0.22713002994941628 -0.22713002994941628 -0.22713002994941628 -0.22713002994941628 -0.22713002994941628 -0.22713002994941628 -0.22713002994941628 -0.22713002994941628 -0.22713002994941628 -0.22713002994941628 -0.22713002994941628 -0.22713002994941628 -0.22713002994941628 -0.19888506729384528 -0.22713002994941628 -0.22713002994941628 -0.22713002994941628 -0.22713002994941628 -0.22713002994941628 -0.22713002994941628 -0.22713002994941628 -0.22713002994941628 -0.22713002994941628 -0.22713002994941628 -0.22713002994941628 -0.22713002994941628 -0.22713002994941628 -0.22713002994941628 -0.22713002994941628 -0.22713002994941628 -0.22713002994941628 -0.22713002994941628 -0.22713002994941628 -0.22713002994941628 -0.22713002994941628 -0.22713002994941628 -0.22713002994941628 -0.22713002994941628 -0.22713002994941628 -0.22713002994941628 -0.19888506729384528 -0.22713002994941628 -0.22713002994941628 -0.22713002994941628 -0.22713002994941628 -0.22713002994941628 -0.22713002994941628 -0.22713002994941628 -0.22713002994941628 -0.22713002994941628 -0.22713002994941628 -0.22713002994941628 -0.22713002994941628 -0.22713002994941628 -0.22713002994941628 -0.22713002994941628 -0.22713002994941628 -0.22713002994941628 -0.22713002994941628 -0.22713002994941628 -0.22713002994941628 -0.22713002994941628 -0.14576873237876967 -0.22713002994941628 -0.22713002994941628 -0.22713002994941628 -0.21409170335795727 -0.1995259280529714 -0.19736164869341716 -0.1821068647573436 -0.17614167262846486 -0.1739098427424842 -0.1627888159462234 -0.1627888159462234 -0.1627888159462234 -0.1627888159462234 -0.13493349044006586 -0.12960204680651732 -0.12190901523893742 -0.12190901523893742 -0.0820882152549233 -0.09868027573317253 -0.03281880387148894 -0.03281880387148894 -0.03281880387148894 -0.03883199429684344 -0.03883199429684344 -0.03928866302395971 -0.03281880387148894 -0.027831361676233755 -0.004454610170621243
-0.273558881433333 -0.273558881433333 -0.273558881433333 -0.273558881433333 -0.273558881433333 -0.273558881433333 -0.273558881433333 -0.273558881433333 -0.273558881433333 -0.273558881433333 -0.273558881433333 -0.273558881433333 -0.273558881433333 -0.273558881433333 -0.273558881433333 -0.273558881433333 -0.273558881433333 -0.273558881433333 -0.273558881433333 -0.273558881433333 -0.273558881433333 -0.273558881433333 -0.273558881433333 -0.273558881433333 -0.273558881433333 -0.273558881433333 -0.273558881433333 -0.273558881433333 -0.273558881433333 -0.273558881433333 -0.19888506729384528 -0.273558881433333 -0.273558881433333 -0.273558881433333 -0.273558881433333 -0.273558881433333 -0.273558881433333 -0.273558881433333 -0.273558881433333 -0.273558881433333 -0.273558881433333 -0.273558881433333 -0.273558881433333 -0.273558881433333 -0.273558881433333 -0.273558881433333 -0.273558881433333 -0.273558881433333 -0.273558881433333 -0.273558881433333 -0.273558881433333 -0.273558881433333 -0.273558881433333 -0.273558881433333 -0.2457238361529283 -0.273558881433333 -0.273558881433333 -0.19888506729384528 -0.273558881433333 -0.273558881433333 -0.22713002994941628 -0.22812406892408477 -0.22713002994941628 -0.22812406892408477 -0.22713002994941628 -0.22812406892408477 -0.22713002994941628 -0.273558881433333 -0.22812406892408477 -0.2457238361529283 -0.22713002994941628 -0.273558881433333 -0.22713002994941628 -0.273558881433333 -0.22812406892408477 -0.273558881433333 -0.273558881433333 -0.273558881433333 -0.273558881433333 -0.14576873237876967 -0.27120883402619844 -0.22713002994941628 -0.25982577480618435 -0.21409170335795727 -0.1995259280529714 -0.19736164869341716 -0.1821068647573436 -0.17614167262846486 -0.1739098427424842 -0.1627888159462234 -0.1627888159462234 -0.1627888159462234 -0.1627888159462234 -0.13493349044006586 -0.12960204680651732 -0.12190901523893742 -0.12190901523893742 -0.0820882152549233 -0.09868027573317253 -0.03281880387148894 -0.03281880387148894 -0.03281880387148894 -0.03883199429684344 -0.03883199429684344 -0.03928866302395971 -0.03281880387148894 -0.027831361676233755 -0.004454610170621243
-0.2457238361529283 -0.2457238361529283 -0.2457238361529283 -0.2457238361529283 -0.2457238361529283 -0.2457238361529283 -0.2457238361529283 -0.2457238361529283 -0.2457238361529283 -0.2457238361529283 -0.2457238361529283 -0.2457238361529283 -0.2457238361529283 -0.2457238361529283 -0.2457238361529283 -0.2457238361529283 -0.2457238361529283 -0.2457238361529283 -0.2457238361529283 -0.2457238361529283 -0.2457238361529283 -0.2457238361529283 -0.2457238361529283 -0.2457238361529283 -0.2457238361529283 -0.2457238361529283 -0.2457238361529283 -0.2457238361529283 -0.2457238361529283 -0.2457238361529283 -0.19888506729384528 -0.2457238361529283 -0.2457238361529283 -0.2457238361529283 -0.2457238361529283 -0.2457238361529283 -0.2457238361529283 -0.2457238361529283 -0.2457238361529283 -0.2457238361529283 -0.2457238361529283 -0.2457238361529283 -0.2457238361529283 -0.2457238361529283 -0.2457238361529283 -0.2457238361529283 -0.2457238361529283 -0.2457238361529283 -0.2457238361529283 -0.2457238361529283 -0.2457238361529283 -0.2457238361529283 -0.2457238361529283 -0.2457238361529283 -0.2457238361529283 -0.2457238361529283 -0.2457238361529283 -0.19888506729384528 -0.2457238361529283 -0.2457238361529283 -0.22713002994941628 -0.22812406892408477 -0.22713002994941628 -0.22812406892408477 -0.22713002994941628 -0.22812406892408477 -0.22713002994941628 -0.2457238361529283 -0.22812406892408477 -0.2457238361529283 -0.22713002994941628 -0.2457238361529283 -0.22713002994941628 -0.2457238361529283 -0.22812406892408477 -0.2457238361529283 -0.2457238361529283 -0.2457238361529283 -0.2457238361529283 -0.14576873237876967 -0.2457238361529283 -0.22713002994941628 -0.2457238361529283 -0.21409170335795727 -0.1995259280529714 -0.19736164869341716 -0.1821068647573436 -0.17614167262846486 -0.1739098427424842 -0.1627888159462234 -0.1627888159462234 -0.1627888159462234 -0.1627888159462234 -0.13493349044006586 -0.12960204680651732 -0.12190901523893742 -0.12190901523893742 -0.0820882152549233 -0.09868027573317253 -0.03281880387148894 -0.03281880387148894 -0.03281880387148894 -0.03883199429684344 -0.03883199429684344 -0.03928866302395971 -0.03281880387148894 -0.027831361676233755 -0.004454610170621243
-0.2712478875158009 -0.2712478875158009 -0.2712478875158009 -0.2712478875158009 -0.2712478875158009 -0.2712478875158009 -0.2712478875158009 -0.2712478875158009 -0.2712478875158009 -0.2712478875158009 -0.2712478875158009 -0.2712478875158009 -0.2712478875158009 -0.2712478875158009 -0.2712478875158009 -0.2712478875158009 -0.2712478875158009 -0.2712478875158009 -0.2712478875158009 -0.2712478875158009 -0.2712478875158009 -0.2712478875158009 -0.2712478875158009 -0.2712478875158009 -0.2712478875158009 -0.2712478875158009 -0.2712478875158009 -0.2712478875158009 -0.2712478875158009 -0.2712478875158009 -0.19888506729384528 -0.2712478875158009 -0.2712478875158009 -0.2712478875158009 -0.2712478875158009 -0.2712478875158009 -0.2712478875158009 -0.2712478875158009 -0.2712478875158009 -0.2712478875158009 -0.2712478875158009 -0.2712478875158009 -0.2712478875158009 -0.2712478875158009 -0.2712478875158009 -0.2712478875158009 -0.2712478875158009 -0.2712478875158009 -0.2712478875158009 -0.2712478875158009 -0.2712478875158009 -0.2712478875158009 -0.2712478875158009 -0.2712478875158009 -0.2457238361529283 -0.2712478875158009 -0.2712478875158009 -0.19888506729384528 -0.2712478875158009 -0.2712478875158009 -0.22713002994941628 -0.22812406892408477 -0.22713002994941628 -0.22812406892408477 -0.22713002994941628 -0.22812406892408477 -0.22713002994941628 -0.2712478875158009 -0.22812406892408477 -0.2457238361529283 -0.22713002994941628 -0.2712478875158009 -0.22713002994941628 -0.2712478875158009 -0.22812406892408477 -0.2712478875158009 -0.2712478875158009 -0.2712478875158009 -0.2712478875158009 -0.14576873237876967 -0.27120883402619844 -0.22713002994941628 -0.25982577480618435 -0.21409170335795727 -0.1995259280529714 -0.19736164869341716 -0.1821068647573436 -0.17614167262846486 -0.1739098427424842 -0.1627888159462234 -0.1627888159462234 -0.1627888159462234 -0.1627888159462234 -0.13493349044006586 -0.12960204680651732 -0.12190901523893742 -0.12190901523893742 -0.0820882152549233 -0.09868027573317253 -0.03281880387148894 -0.03281880387148894 -0.03281880387148894 -0.03883199429684344 -0.03883199429684344 -0.03928866302395971 -0.03281880387148894 -0.027831361676233755 -0.004454610170621243
-0.14576873237876967 -0.14576873237876967 -0.14576873237876967 -0.14576873237876967 -0.14576873237876967 -0.14576873237876967 -0.14576873237876967 -0.14576873237876967 -0.14576873237876967 -0.14576873237876967 -0.14576873237876967 -0.14576873237876967 -0.14576873237876967 -0.14576873237876967 -0.14576873237876967 -0.14576873237876967 -0.14576873237876967 -0.14576873237876967 -0.14576873237876967 -0.14576873237876967 -0.14576873237876967 -0.14576873237876967 -0.14576873237876967 -0.14576873237876967 -0.14576873237876967 -0.14576873237876967 -0.14576873237876967 -0.14576873237876967 -0.14576873237876967 -0.14576873237876967 -0.14576873237876967 -0.14576873237876967 -0.14576873237876967 -0.14576873237876967 -0.14576873237876967 -0.14576873237876967 -0.14576873237876967 -0.14576873237876967 -0.14576873237876967 -0.14576873237876967 -0.14576873237876967 -0.14576873237876967 -0.14576873237876967 -0.14576873237876967 -0.14576873237876967 -0.14576873237876967 -0.14576873237876967 -0.14576873237876967 -0.14576873237876967 -0.14576873237876967 -0.14576873237876967 -0.14576873237876967 -0.14576873237876967 -0.14576873237876967 -0.14576873237876967 -0.14576873237876967 -0.14576873237876967 -0.14576873237876967 -0.14576873237876967 -0.14576873237876967 -0.14576873237876967 -0.14576873237876967 -0.14576873237876967 -0.14576873237876967 -0.14576873237876967 -0.14576873237876967 -0.14576873237876967 -0.14576873237876967 -0.14576873237876967 -0.14576873237876967 -0.14576873237876967 -0.14576873237876967 -0.14576873237876967 -0.14576873237876967 -0.14576873237876967 -0.14576873237876967 -0.14576873237876967 -0.14576873237876967 -0.14576873237876967 -0.14576873237876967 -0.14576873237876967 -0.14576873237876967 -0.14576873237876967 -0.14576873237876967 -0.14576873237876967 -0.14576873237876967 -0.14576873237876967 -0.14576873237876967 -0.14576873237876967 -0.14576873237876967 -0.14576873237876967 -0.14576873237876967 -0.14576873237876967 -0.13493349044006586 -0.12960204680651732 -0.12190901523893742 -0.12190901523893742 -0.0820882152549233 -0.09868027573317253 -0.03281880387148894 -0.03281880387148894 -0.03281880387148894 -0.03883199429684344 -0.03883199429684344 -0.03928866302395971 -0.03281880387148894 -0.027831361676233755 -0.004454610170621243
-0.12190901523893742 -0.12190901523893742 -0.12190901523893742 -0.12190901523893742 -0.12190901523893742 -0.12190901523893742 -0.12190901523893742 -0.12190901523893742 -0.12190901523893742 -0.12190901523893742 -0.12190901523893742 -0.12190901523893742 -0.12190901523893742 -0.12190901523893742 -0.12190901523893742 -0.12190901523893742 -0.12190901523893742 -0.12190901523893742 -0.12190901523893742 -0.12190901523893742 -0.12190901523893742 -0.12190901523893742 -0.12190901523893742 -0.12190901523893742 -0.12190901523893742 -0.12190901523893742 -0.12190901523893742 -0.12190901523893742 -0.12190901523893742 -0.12190901523893742 -0.12190901523893742 -0.12190901523893742 -0.12190901523893742 -0.12190901523893742 -0.12190901523893742 -0.12190901523893742 -0.12190901523893742 -0.12190901523893742 -0.12190901523893742 -0.12190901523893742 -0.12190901523893742 -0.12190901523893742 -0.12190901523893742 -0.12190901523893742 -0.12190901523893742 -0.12190901523893742 -0.12190901523893742 -0.12190901523893742 -0.12190901523893742 -0.12190901523893742 -0.12190901523893742 -0.12190901523893742 -0.12190901523893742 -0.12190901523893742 -0.12190901523893742 -0.12190901523893742 -0.12190901523893742 -0.12190901523893742 -0.12190901523893742 -0.12190901523893742 -0.12190901523893742 -0.12190901523893742 -0.12190901523893742 -0.12190901523893742 -0.12190901523893742 -0.12190901523893742 -0.12190901523893742 -0.12190901523893742 -0.12190901523893742 -0.12190901523893742 -0.12190901523893742 -0.12190901523893742 -0.12190901523893742 -0.12190901523893742 -0.12190901523893742 -0.12190901523893742 -0.12190901523893742 -0.12190901523893742 -0.12190901523893742 -0.12190901523893742 -0.12190901523893742 -0.12190901523893742 -0.12190901523893742 -0.12190901523893742 -0.12190901523893742 -0.12190901523893742 -0.12190901523893742 -0.12190901523893742 -0.12190901523893742 -0.12190901523893742 -0.12190901523893742 -0.12190901523893742 -0.12190901523893742 -0.12190901523893742 -0.12190901523893742 -0.12190901523893742 -0.12190901523893742 -0.0820882152549233 -0.09868027573317253 -0.03281880387148894 -0.03281880387148894 -0.03281880387148894 -0.03883199429684344 -0.03883199429684344 -0.03928866302395971 -0.03281880387148894 -0.027831361676233755 -0.004454610170621243
-0.12960204680651732 -0.12960204680651732 -0.12960204680651732 -0.12960204680651732 -0.12960204680651732 -0.12960204680651732 -0.12960204680651732 -0.12960204680651732 -0.12960204680651732 -0.12960204680651732 -0.12960204680651732 -0.12960204680651732 -0.12960204680651732 -0.12960204680651732 -0.12960204680651732 -0.12960204680651732 -0.12960204680651732 -0.12960204680651732 -0.12960204680651732 -0.12960204680651732 -0.12960204680651732 -0.12960204680651732 -0.12960204680651732 -0.12960204680651732 -0.12960204680651732 -0.12960204680651732 -0.12960204680651732 -0.12960204680651732 -0.12960204680651732 -0.12960204680651732 -0.12960204680651732 -0.12960204680651732 -0.12960204680651732 -0.12960204680651732 -0.12960204680651732 -0.12960204680651732 -0.12960204680651732 -0.12960204680651732 -0.12960204680651732 -0.12960204680651732 -0.12960204680651732 -0.12960204680651732 -0.12960204680651732 -0.12960204680651732 -0.12960204680651732 -0.12960204680651732 -0.12960204680651732 -0.12960204680651732 -0.12960204680651732 -0.12960204680651732 -0.12960204680651732 -0.12960204680651732 -0.12960204680651732 -0.12960204680651732 -0.12960204680651732 -0.12960204680651732 -0.12960204680651732 -0.12960204680651732 -0.12960204680651732 -0.12960204680651732 -0.12960204680651732 -0.12960204680651732 -0.12960204680651732 -0.12960204680651732 -0.12960204680651732 -0.12960204680651732 -0.12960204680651732 -0.12960204680651732 -0.12960204680651732 -0.12960204680651732 -0.12960204680651732 -0.12960204680651732 -0.12960204680651732 -0.12960204680651732 -0.12960204680651732 -0.12960204680651732 -0.12960204680651732 -0.12960204680651732 -0.12960204680651732 -0.12960204680651732 -0.12960204680651732 -0.12960204680651732 -0.12960204680651732 -0.12960204680651732 -0.12960204680651732 -0.12960204680651732 -0.12960204680651732 -0.12960204680651732 -0.12960204680651732 -0.12960204680651732 -0.12960204680651732 -0.12960204680651732 -0.12960204680651732 -0.12960204680651732 -0.12960204680651732 -0.12190901523893742 -0.12190901523893742 -0.0820882152549233 -0.09868027573317253 -0.03281880387148894 -0.03281880387148894 -0.03281880387148894 -0.03883199429684344 -0.03883199429684344 -0.03928866302395971 -0.03281880387148894 -0.027831361676233755 -0.004454610170621243
-0.25455295247460724 -0.25455295247460724 -0.25455295247460724 -0.25455295247460724 -0.25455295247460724 -0.25455295247460724 -0.25455295247460724 -0.25455295247460724 -0.25455295247460724 -0.25455295247460724 -0.25455295247460724 -0.25455295247460724 -0.25455295247460724 -0.25455295247460724 -0.25455295247460724 -0.25455295247460724 -0.25455295247460724 -0.25455295247460724 -0.25455295247460724 -0.25455295247460724 -0.25455295247460724 -0.25455295247460724 -0.25455295247460724 -0.25455295247460724 -0.25455295247460724 -0.25455295247460724 -0.25455295247460724 -0.25455295247460724 -0.25455295247460724 -0.25455295247460724 -0.19888506729384528 -0.25455295247460724 -0.25455295247460724 -0.25455295247460724 -0.25455295247460724 -0.25455295247460724 -0.25455295247460724 -0.25455295247460724 -0.25455295247460724 -0.25455295247460724 -0.25455295247460724 -0.25455295247460724 -0.25455295247460724 -0.25455295247460724 -0.25455295247460724 -0.25455295247460724 -0.25455295247460724 -0.25455295247460724 -0.25455295247460724 -0.25455295247460724 -0.25455295247460724 -0.25455295247460724 -0.25455295247460724 -0.25455295247460724 -0.2457238361529283 -0.25455295247460724 -0.25455295247460724 -0.19888506729384528 -0.25455295247460724 -0.25455295247460724 -0.22713002994941628 -0.22812406892408477 -0.22713002994941628 -0.22812406892408477 -0.22713002994941628 -0.22812406892408477 -0.22713002994941628 -0.25455295247460724 -0.22812406892408477 -0.2457238361529283 -0.22713002994941628 -0.25455295247460724 -0.22713002994941628 -0.25455295247460724 -0.22812406892408477 -0.25455295247460724 -0.25455295247460724 -0.25455295247460724 -0.25455295247460724 -0.14576873237876967 -0.25455295247460724 -0.22713002994941628 -0.25455295247460724 -0.21409170335795727 -0.1995259280529714 -0.19736164869341716 -0.1821068647573436 -0.17614167262846486 -0.1739098427424842 -0.1627888159462234 -0.1627888159462234 -0.1627888159462234 -0.1627888159462234 -0.13493349044006586 -0.12960204680651732 -0.12190901523893742 -0.12190901523893742 -0.0820882152549233 -0.09868027573317253 -0.03281880387148894 -0.03281880387148894 -0.03281880387148894 -0.03883199429684344 -0.03883199429684344 -0.03928866302395971 -0.03281880387148894 -0.027831361676233755 -0.004454610170621243
-0.24025179731113802 -0.24025179731113802 -0.24025179731113802 -0.24025179731113802 -0.24025179731113802 -0.24025179731113802 -0.24025179731113802 -0.24025179731113802 -0.24025179731113802 -0.24025179731113802 -0.24025179731113802 -0.24025179731113802 -0.24025179731113802 -0.24025179731113802 -0.24025179731113802 -0.24025179731113802 -0.24025179731113802 -0.24025179731113802 -0.24025179731113802 -0.24025179731113802 -0.24025179731113802 -0.24025179731113802 -0.24025179731113802 -0.24025179731113802 -0.24025179731113802 -0.24025179731113802 -0.24025179731113802 -0.24025179731113802 -0.24025179731113802 -0.24025179731113802 -0.19888506729384528 -0.24025179731113802 -0.24025179731113802 -0.24025179731113802 -0.24025179731113802 -0.24025179731113802 -0.24025179731113802 -0.24025179731113802 -0.24025179731113802 -0.24025179731113802 -0.24025179731113802 -0.24025179731113802 -0.24025179731113802 -0.24025179731113802 -0.24025179731113802 -0.24025179731113802 -0.24025179731113802 -0.24025179731113802 -0.24025179731113802 -0.24025179731113802 -0.24025179731113802 -0.24025179731113802 -0.24025179731113802 -0.24025179731113802 -0.24025179731113802 -0.24025179731113802 -0.24025179731113802 -0.19888506729384528 -0.24025179731113802 -0.24025179731113802 -0.22713002994941628 -0.22812406892408477 -0.22713002994941628 -0.22812406892408477 -0.22713002994941628 -0.22812406892408477 -0.22713002994941628 -0.24025179731113802 -0.22812406892408477 -0.24025179731113802 -0.22713002994941628 -0.24025179731113802 -0.22713002994941628 -0.24025179731113802 -0.22812406892408477 -0.24025179731113802 -0.24025179731113802 -0.24025179731113802 -0.24025179731113802 -0.14576873237876967 -0.24025179731113802 -0.22713002994941628 -0.24025179731113802 -0.21409170335795727 -0.1995259280529714 -0.19736164869341716 -0.1821068647573436 -0.17614167262846486 -0.1739098427424842 -0.1627888159462234 -0.1627888159462234 -0.1627888159462234 -0.1627888159462234 -0.13493349044006586 -0.12960204680651732 -0.12190901523893742 -0.12190901523893742 -0.0820882152549233 -0.09868027573317253 -0.03281880387148894 -0.03281880387148894 -0.03281880387148894 -0.03883199429684344 -0.03883199429684344 -0.03928866302395971 -0.03281880387148894 -0.027831361676233755 -0.004454610170621243
-0.23868066494128992 -0.23868066494128992 -0.23868066494128992 -0.23868066494128992 -0.23868066494128992 -0.23868066494128992 -0.23868066494128992 -0.23868066494128992 -0.23868066494128992 -0.23868066494128992 -0.23868066494128992 -0.23868066494128992 -0.23868066494128992 -0.23868066494128992 -0.23868066494128992 -0.23868066494128992 -0.23868066494128992 -0.23868066494128992 -0.23868066494128992 -0.23868066494128992 -0.23868066494128992 -0.23868066494128992 -0.23868066494128992 -0.23868066494128992 -0.23868066494128992 -0.23868066494128992 -0.23868066494128992 -0.23868066494128992 -0.23868066494128992 -0.23868066494128992 -0.19888506729384528 -0.23868066494128992 -0.23868066494128992 -0.23868066494128992 -0.23868066494128992 -0.23868066494128992 -0.23868066494128992 -0.23868066494128992 -0.23868066494128992 -0.23868066494128992 -0.23868066494128992 -0.23868066494128992 -0.23868066494128992 -0.23868066494128992 -0.23868066494128992 -0.23868066494128992 -0.23868066494128992 -0.23868066494128992 -0.23868066494128992 -0.23868066494128992 -0.23868066494128992 -0.23868066494128992 -0.23868066494128992 -0.23868066494128992 -0.23868066494128992 -0.23868066494128992 -0.23868066494128992 -0.19888506729384528 -0.23868066494128992 -0.23868066494128992 -0.22713002994941628 -0.22812406892408477 -0.22713002994941628 -0.22812406892408477 -0.22713002994941628 -0.22812406892408477 -0.22713002994941628 -0.23868066494128992 -0.22812406892408477 -0.23868066494128992 -0.22713002994941628 -0.23868066494128992 -0.22713002994941628 -0.23868066494128992 -0.22812406892408477 -0.23868066494128992 -0.23868066494128992 -0.23868066494128992 -0.23868066494128992 -0.14576873237876967 -0.23868066494128992 -0.22713002994941628 -0.23868066494128992 -0.21409170335795727 -0.1995259280529714 -0.19736164869341716 -0.1821068647573436 -0.17614167262846486 -0.1739098427424842 -0.1627888159462234 -0.1627888159462234 -0.1627888159462234 -0.1627888159462234 -0.13493349044006586 -0.12960204680651732 -0.12190901523893742 -0.12190901523893742 -0.0820882152549233 -0.09868027573317253 -0.03281880387148894 -0.03281880387148894 -0.03281880387148894 -0.03883199429684344 -0.03883199429684344 -0.03928866302395971 -0.03281880387148894 -0.027831361676233755 -0.004454610170621243
-0.23737377132813267 -0.23737377132813267 -0.23737377132813267 -0.23737377132813267 -0.23737377132813267 -0.23737377132813267 -0.23737377132813267 -0.23737377132813267 -0.23737377132813267 -0.23737377132813267 -0.23737377132813267 -0.23737377132813267 -0.23737377132813267 -0.23737377132813267 -0.23737377132813267 -0.23737377132813267 -0.23737377132813267 -0.23737377132813267 -0.23737377132813267 -0.23737377132813267 -0.23737377132813267 -0.23737377132813267 -0.23737377132813267 -0.23737377132813267 -0.23737377132813267 -0.23737377132813267 -0.23737377132813267 -0.23737377132813267 -0.23737377132813267 -0.23737377132813267 -0.19888506729384528 -0.23737377132813267 -0.23737377132813267 -0.23737377132813267 -0.23737377132813267 -0.23737377132813267 -0.23737377132813267 -0.23737377132813267 -0.23737377132813267 -0.23737377132813267 -0.23737377132813267 -0.23737377132813267 -0.23737377132813267 -0.23737377132813267 -0.23737377132813267 -0.23737377132813267 -0.23737377132813267 -0.23737377132813267 -0.23737377132813267 -0.23737377132813267 -0.23737377132813267 -0.23737377132813267 -0.23737377132813267 -0.23737377132813267 -0.23737377132813267 -0.23737377132813267 -0.23737377132813267 -0.19888506729384528 -0.23737377132813267 -0.23737377132813267 -0.22713002994941628 -0.22812406892408477 -0.22713002994941628 -0.22812406892408477 -0.22713002994941628 -0.22812406892408477 -0.22713002994941628 -0.23737377132813267 -0.22812406892408477 -0.23737377132813267 -0.22713002994941628 -0.23737377132813267 -0.22713002994941628 -0.23737377132813267 -0.22812406892408477 -0.23737377132813267 -0.23737377132813267 -0.23737377132813267 -0.23737377132813267 -0.14576873237876967 -0.23737377132813267 -0.22713002994941628 -0.23737377132813267 -0.21409170335795727 -0.1995259280529714 -0.19736164869341716 -0.1821068647573436 -0.17614167262846486 -0.1739098427424842 -0.1627888159462234 -0.1627888159462234 -0.1627888159462234 -0.1627888159462234 -0.13493349044006586 -0.12960204680651732 -0.12190901523893742 -0.12190901523893742 -0.0820882152549233 -0.09868027573317253 -0.03281880387148894 -0.03281880387148894 -0.03281880387148894 -0.03883199429684344 -0.03883199429684344 -0.03928866302395971 -0.03281880387148894 -0.027831361676233755 -0.004454610170621243
-0.22326294024281126 -0.22326294024281126 -0.22326294024281126 -0.22326294024281126 -0.22326294024281126 -0.22326294024281126 -0.22326294024281126 -0.22326294024281126 -0.22326294024281126 -0.22326294024281126 -0.22326294024281126 -0.22326294024281126 -0.22326294024281126 -0.22326294024281126 -0.22326294024281126 -0.22326294024281126 -0.22326294024281126 -0.22326294024281126 -0.22326294024281126 -0.22326294024281126 -0.22326294024281126 -0.22326294024281126 -0.22326294024281126 -0.22326294024281126 -0.22326294024281126 -0.22326294024281126 -0.22326294024281126 -0.22326294024281126 -0.22326294024281126 -0.22326294024281126 -0.19888506729384528 -0.22326294024281126 -0.22326294024281126 -0.22326294024281126 -0.22326294024281126 -0.22326294024281126 -0.22326294024281126 -0.22326294024281126 -0.22326294024281126 -0.22326294024281126 -0.22326294024281126 -0.22326294024281126 -0.22326294024281126 -0.22326294024281126 -0.22326294024281126 -0.22326294024281126 -0.22326294024281126 -0.22326294024281126 -0.22326294024281126 -0.22326294024281126 -0.22326294024281126 -0.22326294024281126 -0.22326294024281126 -0.22326294024281126 -0.22326294024281126 -0.22326294024281126 -0.22326294024281126 -0.19888506729384528 -0.22326294024281126 -0.22326294024281126 -0.22326294024281126 -0.22326294024281126 -0.22326294024281126 -0.22326294024281126 -0.22326294024281126 -0.22326294024281126 -0.22326294024281126 -0.22326294024281126 -0.22326294024281126 -0.22326294024281126 -0.22326294024281126 -0.22326294024281126 -0.22326294024281126 -0.22326294024281126 -0.22326294024281126 -0.22326294024281126 -0.22326294024281126 -0.22326294024281126 -0.22326294024281126 -0.14576873237876967 -0.22326294024281126 -0.22326294024281126 -0.22326294024281126 -0.21409170335795727 -0.1995259280529714 -0.19736164869341716 -0.1821068647573436 -0.17614167262846486 -0.1739098427424842 -0.1627888159462234 -0.1627888159462234 -0.1627888159462234 -0.1627888159462234 -0.13493349044006586 -0.12960204680651732 -0.12190901523893742 -0.12190901523893742 -0.0820882152549233 -0.09868027573317253 -0.03281880387148894 -0.03281880387148894 -0.03281880387148894 -0.03883199429684344 -0.03883199429684344 -0.03928866302395971 -0.03281880387148894 -0.027831361676233755 -0.004454610170621243
-0.21106583954139696 -0.21106583954139696 -0.21106583954139696 -0.21106583954139696 -0.21106583954139696 -0.21106583954139696 -0.21106583954139696 -0.21106583954139696 -0.21106583954139696 -0.21106583954139696 -0.21106583954139696 -0.21106583954139696 -0.21106583954139696 -0.21106583954139696 -0.21106583954139696 -0.21106583954139696 -0.21106583954139696 -0.21106583954139696 -0.21106583954139696 -0.21106583954139696 -0.21106583954139696 -0.21106583954139696 -0.21106583954139696 -0.21106583954139696 -0.21106583954139696 -0.21106583954139696 -0.21106583954139696 -0.21106583954139696 -0.21106583954139696 -0.21106583954139696 -0.19888506729384528 -0.21106583954139696 -0.21106583954139696 -0.21106583954139696 -0.21106583954139696 -0.21106583954139696 -0.21106583954139696 -0.21106583954139696 -0.21106583954139696 -0.21106583954139696 -0.21106583954139696 -0.21106583954139696 -0.21106583954139696 -0.21106583954139696 -0.21106583954139696 -0.21106583954139696 -0.21106583954139696 -0.21106583954139696 -0.21106583954139696 -0.21106583954139696 -0.21106583954139696 -0.21106583954139696 -0.21106583954139696 -0.21106583954139696 -0.21106583954139696 -0.21106583954139696 -0.21106583954139696 -0.19888506729384528 -0.21106583954139696 -0.21106583954139696 -0.21106583954139696 -0.21106583954139696 -0.21106583954139696 -0.21106583954139696 -0.21106583954139696 -0.21106583954139696 -0.21106583954139696 -0.21106583954139696 -0.21106583954139696 -0.21106583954139696 -0.21106583954139696 -0.21106583954139696 -0.21106583954139696 -0.21106583954139696 -0.21106583954139696 -0.21106583954139696 -0.21106583954139696 -0.21106583954139696 -0.21106583954139696 -0.14576873237876967 -0.21106583954139696 -0.21106583954139696 -0.21106583954139696 -0.21106583954139696 -0.1995259280529714 -0.19736164869341716 -0.1821068647573436 -0.17614167262846486 -0.1739098427424842 -0.1627888159462234 -0.1627888159462234 -0.1627888159462234 -0.1627888159462234 -0.13493349044006586 -0.12960204680651732 -0.12190901523893742 -0.12190901523893742 -0.0820882152549233 -0.09868027573317253 -0.03281880387148894 -0.03281880387148894 -0.03281880387148894 -0.03883199429684344 -0.03883199429684344 -0.03928866302395971 -0.03281880387148894 -0.027831361676233755 -0.004454610170621243
-0.1874346030673946 -0.1874346030673946 -0.1874346030673946 -0.1874346030673946 -0.1874346030673946 -0.1874346030673946 -0.1874346030673946 -0.1874346030673946 -0.1874346030673946 -0.1874346030673946 -0.1874346030673946 -0.1874346030673946 -0.1874346030673946 -0.1874346030673946 -0.1874346030673946 -0.1874346030673946 -0.1874346030673946 -0.1874346030673946 -0.1874346030673946 -0.1874346030673946 -0.1874346030673946 -0.1874346030673946 -0.1874346030673946 -0.1874346030673946 -0.1874346030673946 -0.1874346030673946 -0.1874346030673946 -0.1874346030673946 -0.1874346030673946 -0.1874346030673946 -0.1874346030673946 -0.1874346030673946 -0.1874346030673946 -0.1874346030673946 -0.1874346030673946 -0.1874346030673946 -0.1874346030673946 -0.1874346030673946 -0.1874346030673946 -0.1874346030673946 -0.1874346030673946 -0.1874346030673946 -0.1874346030673946 -0.1874346030673946 -0.1874346030673946 -0.1874346030673946 -0.1874346030673946 -0.1874346030673946 -0.1874346030673946 -0.1874346030673946 -0.1874346030673946 -0.1874346030673946 -0.1874346030673946 -0.1874346030673946 -0.1874346030673946 -0.1874346030673946 -0.1874346030673946 -0.1874346030673946 -0.1874346030673946 -0.1874346030673946 -0.1874346030673946 -0.1874346030673946 -0.1874346030673946 -0.1874346030673946 -0.1874346030673946 -0.1874346030673946 -0.1874346030673946 -0.1874346030673946 -0.1874346030673946 -0.1874346030673946 -0.1874346030673946 -0.1874346030673946 -0.1874346030673946 -0.1874346030673946 -0.1874346030673946 -0.1874346030673946 -0.1874346030673946 -0.1874346030673946 -0.1874346030673946 -0.14576873237876967 -0.1874346030673946 -0.1874346030673946 -0.1874346030673946 -0.1874346030673946 -0.1874346030673946 -0.1874346030673946 -0.1821068647573436 -0.17614167262846486 -0.1739098427424842 -0.1627888159462234 -0.1627888159462234 -0.1627888159462234 -0.1627888159462234 -0.13493349044006586 -0.12960204680651732 -0.12190901523893742 -0.12190901523893742 -0.0820882152549233 -0.09868027573317253 -0.03281880387148894 -0.03281880387148894 -0.03281880387148894 -0.03883199429684344 -0.03883199429684344 -0.03928866302395971 -0.03281880387148894 -0.027831361676233755 -0.004454610170621243
-0.1858162037782083 -0.1858162037782083 -0.1858162037782083 -0.1858162037782083 -0.1858162037782083 -0.1858162037782083 -0.1858162037782083 -0.1858162037782083 -0.1858162037782083 -0.1858162037782083 -0.1858162037782083 -0.1858162037782083 -0.1858162037782083 -0.1858162037782083 -0.1858162037782083 -0.1858162037782083 -0.1858162037782083 -0.1858162037782083 -0.1858162037782083 -0.1858162037782083 -0.1858162037782083 -0.1858162037782083 -0.1858162037782083 -0.1858162037782083 -0.1858162037782083 -0.1858162037782083 -0.1858162037782083 -0.1858162037782083 -0.1858162037782083 -0.1858162037782083 -0.1858162037782083 -0.1858162037782083 -0.1858162037782083 -0.1858162037782083 -0.1858162037782083 -0.1858162037782083 -0.1858162037782083 -0.1858162037782083 -0.1858162037782083 -0.1858162037782083 -0.1858162037782083 -0.1858162037782083 -0.1858162037782083 -0.1858162037782083 -0.1858162037782083 -0.1858162037782083 -0.1858162037782083 -0.1858162037782083 -0.1858162037782083 -0.1858162037782083 -0.1858162037782083 -0.1858162037782083 -0.1858162037782083 -0.1858162037782083 -0.1858162037782083 -0.1858162037782083 -0.1858162037782083 -0.1858162037782083 -0.1858162037782083 -0.1858162037782083 -0.1858162037782083 -0.1858162037782083 -0.1858162037782083 -0.1858162037782083 -0.1858162037782083 -0.1858162037782083 -0.1858162037782083 -0.1858162037782083 -0.1858162037782083 -0.1858162037782083 -0.1858162037782083 -0.1858162037782083 -0.1858162037782083 -0.1858162037782083 -0.1858162037782083 -0.1858162037782083 -0.1858162037782083 -0.1858162037782083 -0.1858162037782083 -0.14576873237876967 -0.1858162037782083 -0.1858162037782083 -0.1858162037782083 -0.1858162037782083 -0.1858162037782083 -0.1858162037782083 -0.1821068647573436 -0.17614167262846486 -0.1739098427424842 -0.1627888159462234 -0.1627888159462234 -0.1627888159462234 -0.1627888159462234 -0.13493349044006586 -0.12960204680651732 -0.12190901523893742 -0.12190901523893742 -0.0820882152549233 -0.09868027573317253 -0.03281880387148894 -0.03281880387148894 -0.03281880387148894 -0.03883199429684344 -0.03883199429684344 -0.03928866302395971 -0.03281880387148894 -0.027831361676233755 -0.004454610170621243
-0.14826274835174855 -0.14826274835174855 -0.14826274835174855 -0.14826274835174855 -0.14826274835174855 -0.14826274835174855 -0.14826274835174855 -0.14826274835174855 -0.14826274835174855 -0.14826274835174855 -0.14826274835174855 -0.14826274835174855 -0.14826274835174855 -0.14826274835174855 -0.14826274835174855 -0.14826274835174855 -0.14826274835174855 -0.14826274835174855 -0.14826274835174855 -0.14826274835174855 -0.14826274835174855 -0.14826274835174855 -0.14826274835174855 -0.14826274835174855 -0.14826274835174855 -0.14826274835174855 -0.14826274835174855 -0.14826274835174855 -0.14826274835174855 -0.14826274835174855 -0.14826274835174855 -0.14826274835174855 -0.14826274835174855 -0.14826274835174855 -0.14826274835174855 -0.14826274835174855 -0.14826274835174855 -0.14826274835174855 -0.14826274835174855 -0.14826274835174855 -0.14826274835174855 -0.14826274835174855 -0.14826274835174855 -0.14826274835174855 -0.14826274835174855 -0.14826274835174855 -0.14826274835174855 -0.14826274835174855 -0.14826274835174855 -0.14826274835174855 -0.14826274835174855 -0.14826274835174855 -0.14826274835174855 -0.14826274835174855 -0.14826274835174855 -0.14826274835174855 -0.14826274835174855 -0.14826274835174855 -0.14826274835174855 -0.14826274835174855 -0.14826274835174855 -0.14826274835174855 -0.14826274835174855 -0.14826274835174855 -0.14826274835174855 -0.14826274835174855 -0.14826274835174855 -0.14826274835174855 -0.14826274835174855 -0.14826274835174855 -0.14826274835174855 -0.14826274835174855 -0.14826274835174855 -0.14826274835174855 -0.14826274835174855 -0.14826274835174855 -0.14826274835174855 -0.14826274835174855 -0.14826274835174855 -0.14576873237876967 -0.14826274835174855 -0.14826274835174855 -0.14826274835174855 -0.14826274835174855 -0.14826274835174855 -0.14826274835174855 -0.14826274835174855 -0.14826274835174855 -0.14826274835174855 -0.14826274835174855 -0.14826274835174855 -0.14826274835174855 -0.14826274835174855 -0.13493349044006586 -0.12960204680651732 -0.12190901523893742 -0.12190901523893742 -0.0820882152549233 -0.09868027573317253 -0.03281880387148894 -0.03281880387148894 -0.03281880387148894 -0.03883199429684344 -0.03883199429684344 -0.03928866302395971 -0.03281880387148894 -0.027831361676233755 -0.004454610170621243
-0.14518030705680104 -0.14518030705680104 -0.14518030705680104 -0.14518030705680104 -0.14518030705680104 -0.14518030705680104 -0.14518030705680104 -0.14518030705680104 -0.14518030705680104 -0.14518030705680104 -0.14518030705680104 -0.14518030705680104 -0.14518030705680104 -0.14518030705680104 -0.14518030705680104 -0.14518030705680104 -0.14518030705680104 -0.14518030705680104 -0.14518030705680104 -0.14518030705680104 -0.14518030705680104 -0.14518030705680104 -0.14518030705680104 -0.14518030705680104 -0.14518030705680104 -0.14518030705680104 -0.14518030705680104 -0.14518030705680104 -0.14518030705680104 -0.14518030705680104 -0.14518030705680104 -0.14518030705680104 -0.14518030705680104 -0.14518030705680104 -0.14518030705680104 -0.14518030705680104 -0.14518030705680104 -0.14518030705680104 -0.14518030705680104 -0.14518030705680104 -0.14518030705680104 -0.14518030705680104 -0.14518030705680104 -0.14518030705680104 -0.14518030705680104 -0.14518030705680104 -0.14518030705680104 -0.14518030705680104 -0.14518030705680104 -0.14518030705680104 -0.14518030705680104 -0.14518030705680104 -0.14518030705680104 -0.14518030705680104 -0.14518030705680104 -0.14518030705680104 -0.14518030705680104 -0.14518030705680104 -0.14518030705680104 -0.14518030705680104 -0.14518030705680104 -0.14518030705680104 -0.14518030705680104 -0.14518030705680104 -0.14518030705680104 -0.14518030705680104 -0.14518030705680104 -0.14518030705680104 -0.14518030705680104 -0.14518030705680104 -0.14518030705680104 -0.14518030705680104 -0.14518030705680104 -0.14518030705680104 -0.14518030705680104 -0.14518030705680104 -0.14518030705680104 -0.14518030705680104 -0.14518030705680104 -0.14518030705680104 -0.14518030705680104 -0.14518030705680104 -0.14518030705680104 -0.14518030705680104 -0.14518030705680104 -0.14518030705680104 -0.14518030705680104 -0.14518030705680104 -0.14518030705680104 -0.14518030705680104 -0.14518030705680104 -0.14518030705680104 -0.14518030705680104 -0.13493349044006586 -0.12960204680651732 -0.12190901523893742 -0.12190901523893742 -0.0820882152549233 -0.09868027573317253 -0.03281880387148894 -0.03281880387148894 -0.03281880387148894 -0.03883199429684344 -0.03883199429684344 -0.03928866302395971 -0.03281880387148894 -0.027831361676233755 -0.004454610170621243
-0.1450589222563995 -0.1450589222563995 -0.1450589222563995 -0.1450589222563995 -0.1450589222563995 -0.1450589222563995 -0.1450589222563995 -0.1450589222563995 -0.1450589222563995 -0.1450589222563995 -0.1450589222563995 -0.1450589222563995 -0.1450589222563995 -0.1450589222563995 -0.1450589222563995 -0.1450589222563995 -0.1450589222563995 -0.1450589222563995 -0.1450589222563995 -0.1450589222563995 -0.1450589222563995 -0.1450589222563995 -0.1450589222563995 -0.1450589222563995 -0.1450589222563995 -0.1450589222563995 -0.1450589222563995 -0.1450589222563995 -0.1450589222563995 -0.1450589222563995 -0.1450589222563995 -0.1450589222563995 -0.1450589222563995 -0.1450589222563995 -0.1450589222563995 -0.1450589222563995 -0.1450589222563995 -0.1450589222563995 -0.1450589222563995 -0.1450589222563995 -0.1450589222563995 -0.1450589222563995 -0.1450589222563995 -0.1450589222563995 -0.1450589222563995 -0.1450589222563995 -0.1450589222563995 -0.1450589222563995 -0.1450589222563995 -0.1450589222563995 -0.1450589222563995 -0.1450589222563995 -0.1450589222563995 -0.1450589222563995 -0.1450589222563995 -0.1450589222563995 -0.1450589222563995 -0.1450589222563995 -0.1450589222563995 -0.1450589222563995 -0.1450589222563995 -0.1450589222563995 -0.1450589222563995 -0.1450589222563995 -0.1450589222563995 -0.1450589222563995 -0.1450589222563995 -0.1450589222563995 -0.1450589222563995 -0.1450589222563995 -0.1450589222563995 -0.1450589222563995 -0.1450589222563995 -0.1450589222563995 -0.1450589222563995 -0.1450589222563995 -0.1450589222563995 -0.1450589222563995 -0.1450589222563995 -0.1450589222563995 -0.1450589222563995 -0.1450589222563995 -0.1450589222563995 -0.1450589222563995 -0.1450589222563995 -0.1450589222563995 -0.1450589222563995 -0.1450589222563995 -0.1450589222563995 -0.1450589222563995 -0.1450589222563995 -0.1450589222563995 -0.1450589222563995 -0.13493349044006586 -0.12960204680651732 -0.12190901523893742 -0.12190901523893742 -0.0820882152549233 -0.09868027573317253 -0.03281880387148894 -0.03281880387148894 -0.03281880387148894 -0.03883199429684344 -0.03883199429684344 -0.03928866302395971 -0.03281880387148894 -0.027831361676233755 -0.004454610170621243
-0.14299937852915875 -0.14299937852915875 -0.14299937852915875 -0.14299937852915875 -0.14299937852915875 -0.14299937852915875 -0.14299937852915875 -0.14299937852915875 -0.14299937852915875 -0.14299937852915875 -0.14299937852915875 -0.14299937852915875 -0.14299937852915875 -0.14299937852915875 -0.14299937852915875 -0.14299937852915875 -0.14299937852915875 -0.14299937852915875 -0.14299937852915875 -0.14299937852915875 -0.14299937852915875 -0.14299937852915875 -0.14299937852915875 -0.14299937852915875 -0.14299937852915875 -0.14299937852915875 -0.14299937852915875 -0.14299937852915875 -0.14299937852915875 -0.14299937852915875 -0.14299937852915875 -0.14299937852915875 -0.14299937852915875 -0.14299937852915875 -0.14299937852915875 -0.14299937852915875 -0.14299937852915875 -0.14299937852915875 -0.14299937852915875 -0.14299937852915875 -0.14299937852915875 -0.14299937852915875 -0.14299937852915875 -0.14299937852915875 -0.14299937852915875 -0.14299937852915875 -0.14299937852915875 -0.14299937852915875 -0.14299937852915875 -0.14299937852915875 -0.14299937852915875 -0.14299937852915875 -0.14299937852915875 -0.14299937852915875 -0.14299937852915875 -0.14299937852915875 -0.14299937852915875 -0.14299937852915875 -0.14299937852915875 -0.14299937852915875 -0.14299937852915875 -0.14299937852915875 -0.14299937852915875 -0.14299937852915875 -0.14299937852915875 -0.14299937852915875 -0.14299937852915875 -0.14299937852915875 -0.14299937852915875 -0.14299937852915875 -0.14299937852915875 -0.14299937852915875 -0.14299937852915875 -0.14299937852915875 -0.14299937852915875 -0.14299937852915875 -0.14299937852915875 -0.14299937852915875 -0.14299937852915875 -0.14299937852915875 -0.14299937852915875 -0.14299937852915875 -0.14299937852915875 -0.14299937852915875 -0.14299937852915875 -0.14299937852915875 -0.14299937852915875 -0.14299937852915875 -0.14299937852915875 -0.14299937852915875 -0.14299937852915875 -0.14299937852915875 -0.14299937852915875 -0.13493349044006586 -0.12960204680651732 -0.12190901523893742 -0.12190901523893742 -0.0820882152549233 -0.09868027573317253 -0.03281880387148894 -0.03281880387148894 -0.03281880387148894 -0.03883199429684344 -0.03883199429684344 -0.03928866302395971 -0.03281880387148894 -0.027831361676233755 -0.004454610170621243
-0.1392366412306057 -0.1392366412306057 -0.1392366412306057 -0.1392366412306057 -0.1392366412306057 -0.1392366412306057 -0.1392366412306057 -0.1392366412306057 -0.1392366412306057 -0.1392366412306057 -0.1392366412306057 -0.1392366412306057 -0.1392366412306057 -0.1392366412306057 -0.1392366412306057 -0.1392366412306057 -0.1392366412306057 -0.1392366412306057 -0.1392366412306057 -0.1392366412306057 -0.1392366412306057 -0.1392366412306057 -0.1392366412306057 -0.1392366412306057 -0.1392366412306057 -0.1392366412306057 -0.1392366412306057 -0.1392366412306057 -0.1392366412306057 -0.1392366412306057 -0.1392366412306057 -0.1392366412306057 -0.1392366412306057 -0.1392366412306057 -0.1392366412306057 -0.1392366412306057 -0.1392366412306057 -0.1392366412306057 -0.1392366412306057 -0.1392366412306057 -0.1392366412306057 -0.1392366412306057 -0.1392366412306057 -0.1392366412306057 -0.1392366412306057 -0.1392366412306057 -0.1392366412306057 -0.1392366412306057 -0.1392366412306057 -0.1392366412306057 -0.1392366412306057 -0.1392366412306057 -0.1392366412306057 -0.1392366412306057 -0.1392366412306057 -0.1392366412306057 -0.1392366412306057 -0.1392366412306057 -0.1392366412306057 -0.1392366412306057 -0.1392366412306057 -0.1392366412306057 -0.1392366412306057 -0.1392366412306057 -0.1392366412306057 -0.1392366412306057 -0.1392366412306057 -0.1392366412306057 -0.1392366412306057 -0.1392366412306057 -0.1392366412306057 -0.1392366412306057 -0.1392366412306057 -0.1392366412306057 -0.1392366412306057 -0.1392366412306057 -0.1392366412306057 -0.1392366412306057 -0.1392366412306057 -0.1392366412306057 -0.1392366412306057 -0.1392366412306057 -0.1392366412306057 -0.1392366412306057 -0.1392366412306057 -0.1392366412306057 -0.1392366412306057 -0.1392366412306057 -0.1392366412306057 -0.1392366412306057 -0.1392366412306057 -0.1392366412306057 -0.1392366412306057 -0.13493349044006586 -0.12960204680651732 -0.12190901523893742 -0.12190901523893742 -0.0820882152549233 -0.09868027573317253 -0.03281880387148894 -0.03281880387148894 -0.03281880387148894 -0.03883199429684344 -0.03883199429684344 -0.03928866302395971 -0.03281880387148894 -0.027831361676233755 -0.004454610170621243
-0.13834371995128752 -0.13834371995128752 -0.13834371995128752 -0.13834371995128752 -0.13834371995128752 -0.13834371995128752 -0.13834371995128752 -0.13834371995128752 -0.13834371995128752 -0.13834371995128752 -0.13834371995128752 -0.13834371995128752 -0.13834371995128752 -0.13834371995128752 -0.13834371995128752 -0.13834371995128752 -0.13834371995128752 -0.13834371995128752 -0.13834371995128752 -0.13834371995128752 -0.13834371995128752 -0.13834371995128752 -0.13834371995128752 -0.13834371995128752 -0.13834371995128752 -0.13834371995128752 -0.13834371995128752 -0.13834371995128752 -0.13834371995128752 -0.13834371995128752 -0.13834371995128752 -0.13834371995128752 -0.13834371995128752 -0.13834371995128752 -0.13834371995128752 -0.13834371995128752 -0.13834371995128752 -0.13834371995128752 -0.13834371995128752 -0.13834371995128752 -0.13834371995128752 -0.13834371995128752 -0.13834371995128752 -0.13834371995128752 -0.13834371995128752 -0.13834371995128752 -0.13834371995128752 -0.13834371995128752 -0.13834371995128752 -0.13834371995128752 -0.13834371995128752 -0.13834371995128752 -0.13834371995128752 -0.13834371995128752 -0.13834371995128752 -0.13834371995128752 -0.13834371995128752 -0.13834371995128752 -0.13834371995128752 -0.13834371995128752 -0.13834371995128752 -0.13834371995128752 -0.13834371995128752 -0.13834371995128752 -0.13834371995128752 -0.13834371995128752 -0.13834371995128752 -0.13834371995128752 -0.13834371995128752 -0.13834371995128752 -0.13834371995128752 -0.13834371995128752 -0.13834371995128752 -0.13834371995128752 -0.13834371995128752 -0.13834371995128752 -0.13834371995128752 -0.13834371995128752 -0.13834371995128752 -0.13834371995128752 -0.13834371995128752 -0.13834371995128752 -0.13834371995128752 -0.13834371995128752 -0.13834371995128752 -0.13834371995128752 -0.13834371995128752 -0.13834371995128752 -0.13834371995128752 -0.13834371995128752 -0.13834371995128752 -0.13834371995128752 -0.13834371995128752 -0.13493349044006586 -0.12960204680651732 -0.12190901523893742 -0.12190901523893742 -0.0820882152549233 -0.09868027573317253 -0.03281880387148894 -0.03281880387148894 -0.03281880387148894 -0.03883199429684344 -0.03883199429684344 -0.03928866302395971 -0.03281880387148894 -0.027831361676233755 -0.004454610170621243
-0.13450544113729898 -0.13450544113729898 -0.13450544113729898 -0.13450544113729898 -0.13450544113729898 -0.13450544113729898 -0.13450544113729898 -0.13450544113729898 -0.13450544113729898 -0.13450544113729898 -0.13450544113729898 -0.13450544113729898 -0.13450544113729898 -0.13450544113729898 -0.13450544113729898 -0.13450544113729898 -0.13450544113729898 -0.13450544113729898 -0.13450544113729898 -0.13450544113729898 -0.13450544113729898 -0.13450544113729898 -0.13450544113729898 -0.13450544113729898 -0.13450544113729898 -0.13450544113729898 -0.13450544113729898 -0.13450544113729898 -0.13450544113729898 -0.13450544113729898 -0.13450544113729898 -0.13450544113729898 -0.13450544113729898 -0.13450544113729898 -0.13450544113729898 -0.13450544113729898 -0.13450544113729898 -0.13450544113729898 -0.13450544113729898 -0.13450544113729898 -0.13450544113729898 -0.13450544113729898 -0.13450544113729898 -0.13450544113729898 -0.13450544113729898 -0.13450544113729898 -0.13450544113729898 -0.13450544113729898 -0.13450544113729898 -0.13450544113729898 -0.13450544113729898 -0.13450544113729898 -0.13450544113729898 -0.13450544113729898 -0.13450544113729898 -0.13450544113729898 -0.13450544113729898 -0.13450544113729898 -0.13450544113729898 -0.13450544113729898 -0.13450544113729898 -0.13450544113729898 -0.13450544113729898 -0.13450544113729898 -0.13450544113729898 -0.13450544113729898 -0.13450544113729898 -0.13450544113729898 -0.13450544113729898 -0.13450544113729898 -0.13450544113729898 -0.13450544113729898 -0.13450544113729898 -0.13450544113729898 -0.13450544113729898 -0.13450544113729898 -0.13450544113729898 -0.13450544113729898 -0.13450544113729898 -0.13450544113729898 -0.13450544113729898 -0.13450544113729898 -0.13450544113729898 -0.13450544113729898 -0.13450544113729898 -0.13450544113729898 -0.13450544113729898 -0.13450544113729898 -0.13450544113729898 -0.13450544113729898 -0.13450544113729898 -0.13450544113729898 -0.13450544113729898 -0.13450544113729898 -0.12960204680651732 -0.12190901523893742 -0.12190901523893742 -0.0820882152549233 -0.09868027573317253 -0.03281880387148894 -0.03281880387148894 -0.03281880387148894 -0.03883199429684344 -0.03883199429684344 -0.03928866302395971 -0.03281880387148894 -0.027831361676233755 -0.004454610170621243
-0.12471603863369453 -0.12471603863369453 -0.12471603863369453 -0.12471603863369453 -0.12471603863369453 -0.12471603863369453 -0.12471603863369453 -0.12471603863369453 -0.12471603863369453 -0.12471603863369453 -0.12471603863369453 -0.12471603863369453 -0.12471603863369453 -0.12471603863369453 -0.12471603863369453 -0.12471603863369453 -0.12471603863369453 -0.12471603863369453 -0.12471603863369453 -0.12471603863369453 -0.12471603863369453 -0.12471603863369453 -0.12471603863369453 -0.12471603863369453 -0.12471603863369453 -0.12471603863369453 -0.12471603863369453 -0.12471603863369453 -0.12471603863369453 -0.12471603863369453 -0.12471603863369453 -0.12471603863369453 -0.12471603863369453 -0.12471603863369453 -0.12471603863369453 -0.12471603863369453 -0.12471603863369453 -0.12471603863369453 -0.12471603863369453 -0.12471603863369453 -0.12471603863369453 -0.12471603863369453 -0.12471603863369453 -0.12471603863369453 -0.12471603863369453 -0.12471603863369453 -0.12471603863369453 -0.12471603863369453 -0.12471603863369453 -0.12471603863369453 -0.12471603863369453 -0.12471603863369453 -0.12471603863369453 -0.12471603863369453 -0.12471603863369453 -0.12471603863369453 -0.12471603863369453 -0.12471603863369453 -0.12471603863369453 -0.12471603863369453 -0.12471603863369453 -0.12471603863369453 -0.12471603863369453 -0.12471603863369453 -0.12471603863369453 -0.12471603863369453 -0.12471603863369453 -0.12471603863369453 -0.12471603863369453 -0.12471603863369453 -0.12471603863369453 -0.12471603863369453 -0.12471603863369453 -0.12471603863369453 -0.12471603863369453 -0.12471603863369453 -0.12471603863369453 -0.12471603863369453 -0.12471603863369453 -0.12471603863369453 -0.12471603863369453 -0.12471603863369453 -0.12471603863369453 -0.12471603863369453 -0.12471603863369453 -0.12471603863369453 -0.12471603863369453 -0.12471603863369453 -0.12471603863369453 -0.12471603863369453 -0.12471603863369453 -0.12471603863369453 -0.12471603863369453 -0.12471603863369453 -0.12471603863369453 -0.12190901523893742 -0.12190901523893742 -0.0820882152549233 -0.09868027573317253 -0.03281880387148894 -0.03281880387148894 -0.03281880387148894 -0.03883199429684344 -0.03883199429684344 -0.03928866302395971 -0.03281880387148894 -0.027831361676233755 -0.004454610170621243
-0.11138411986764132 -0.11138411986764132 -0.11138411986764132 -0.11138411986764132 -0.11138411986764132 -0.11138411986764132 -0.11138411986764132 -0.11138411986764132 -0.11138411986764132 -0.11138411986764132 -0.11138411986764132 -0.11138411986764132 -0.11138411986764132 -0.11138411986764132 -0.11138411986764132 -0.11138411986764132 -0.11138411986764132 -0.11138411986764132 -0.11138411986764132 -0.11138411986764132 -0.11138411986764132 -0.11138411986764132 -0.11138411986764132 -0.11138411986764132 -0.11138411986764132 -0.11138411986764132 -0.11138411986764132 -0.11138411986764132 -0.11138411986764132 -0.11138411986764132 -0.11138411986764132 -0.11138411986764132 -0.11138411986764132 -0.11138411986764132 -0.11138411986764132 -0.11138411986764132 -0.11138411986764132 -0.11138411986764132 -0.11138411986764132 -0.11138411986764132 -0.11138411986764132 -0.11138411986764132 -0.11138411986764132 -0.11138411986764132 -0.11138411986764132 -0.11138411986764132 -0.11138411986764132 -0.11138411986764132 -0.11138411986764132 -0.11138411986764132 -0.11138411986764132 -0.11138411986764132 -0.11138411986764132 -0.11138411986764132 -0.11138411986764132 -0.11138411986764132 -0.11138411986764132 -0.11138411986764132 -0.11138411986764132 -0.11138411986764132 -0.11138411986764132 -0.11138411986764132 -0.11138411986764132 -0.11138411986764132 -0.11138411986764132 -0.11138411986764132 -0.11138411986764132 -0.11138411986764132 -0.11138411986764132 -0.11138411986764132 -0.11138411986764132 -0.11138411986764132 -0.11138411986764132 -0.11138411986764132 -0.11138411986764132 -0.11138411986764132 -0.11138411986764132 -0.11138411986764132 -0.11138411986764132 -0.11138411986764132 -0.11138411986764132 -0.11138411986764132 -0.11138411986764132 -0.11138411986764132 -0.11138411986764132 -0.11138411986764132 -0.11138411986764132 -0.11138411986764132 -0.11138411986764132 -0.11138411986764132 -0.11138411986764132 -0.11138411986764132 -0.11138411986764132 -0.11138411986764132 -0.11138411986764132 -0.11138411986764132 -0.11138411986764132 -0.0820882152549233 -0.09868027573317253 -0.03281880387148894 -0.03281880387148894 -0.03281880387148894 -0.03883199429684344 -0.03883199429684344 -0.03928866302395971 -0.03281880387148894 -0.027831361676233755 -0.004454610170621243
-0.08236403264996858 -0.08236403264996858 -0.08236403264996858 -0.08236403264996858 -0.08236403264996858 -0.08236403264996858 -0.08236403264996858 -0.08236403264996858 -0.08236403264996858 -0.08236403264996858 -0.08236403264996858 -0.08236403264996858 -0.08236403264996858 -0.08236403264996858 -0.08236403264996858 -0.08236403264996858 -0.08236403264996858 -0.08236403264996858 -0.08236403264996858 -0.08236403264996858 -0.08236403264996858 -0.08236403264996858 -0.08236403264996858 -0.08236403264996858 -0.08236403264996858 -0.08236403264996858 -0.08236403264996858 -0.08236403264996858 -0.08236403264996858 -0.08236403264996858 -0.08236403264996858 -0.08236403264996858 -0.08236403264996858 -0.08236403264996858 -0.08236403264996858 -0.08236403264996858 -0.08236403264996858 -0.08236403264996858 -0.08236403264996858 -0.08236403264996858 -0.08236403264996858 -0.08236403264996858 -0.08236403264996858 -0.08236403264996858 -0.08236403264996858 -0.08236403264996858 -0.08236403264996858 -0.08236403264996858 -0.08236403264996858 -0.08236403264996858 -0.08236403264996858 -0.08236403264996858 -0.08236403264996858 -0.08236403264996858 -0.08236403264996858 -0.08236403264996858 -0.08236403264996858 -0.08236403264996858 -0.08236403264996858 -0.08236403264996858 -0.08236403264996858 -0.08236403264996858 -0.08236403264996858 -0.08236403264996858 -0.08236403264996858 -0.08236403264996858 -0.08236403264996858 -0.08236403264996858 -0.08236403264996858 -0.08236403264996858 -0.08236403264996858 -0.08236403264996858 -0.08236403264996858 -0.08236403264996858 -0.08236403264996858 -0.08236403264996858 -0.08236403264996858 -0.08236403264996858 -0.08236403264996858 -0.08236403264996858 -0.08236403264996858 -0.08236403264996858 -0.08236403264996858 -0.08236403264996858 -0.08236403264996858 -0.08236403264996858 -0.08236403264996858 -0.08236403264996858 -0.08236403264996858 -0.08236403264996858 -0.08236403264996858 -0.08236403264996858 -0.08236403264996858 -0.08236403264996858 -0.08236403264996858 -0.08236403264996858 -0.08236403264996858 -0.0820882152549233 -0.08236403264996858 -0.03281880387148894 -0.03281880387148894 -0.03281880387148894 -0.03883199429684344 -0.03883199429684344 -0.03928866302395971 -0.03281880387148894 -0.027831361676233755 -0.004454610170621243