-0.37385994087224644 -0.37385994087224644 -0.37385994087224644 -0.37385994087224644 -0.34525241177079746 -0.37385994087224644 -0.37385994087224644 -0.34525241177079746 -0.37385994087224644 -0.37385994087224644 -0.18780923769946778 -0.37385994087224644 -0.37385994087224644 -0.37385994087224644 -0.37385994087224644 -0.37385994087224644 -0.34525241177079746 -0.34525241177079746 -0.34525241177079746 -0.34525241177079746 -0.37385994087224644 -0.37385994087224644 -0.37385994087224644 -0.37385994087224644 -0.34525241177079746 -0.34525241177079746 -0.37385994087224644 -0.37385994087224644 -0.37385994087224644 -0.37385994087224644 -0.30293822109356205 -0.37385994087224644 -0.37385994087224644 -0.37385994087224644 -0.3610202327382055 -0.3610202327382055 -0.3509736080192047 -0.37385994087224644 -0.37385994087224644 -0.37385994087224644 -0.22317121506957385 -0.22317121506957385 -0.22630341182371366 -0.22630341182371366 -0.22317121506957385 -0.22630341182371366 -0.34525241177079746 -0.34525241177079746 -0.30293822109356205 -0.22317121506957385 -0.18780923769946778 -0.18780923769946778 -0.22630341182371366 -0.34525241177079746 -0.18780923769946778 -0.22630341182371366 -0.36260553050481303 -0.30293822109356205 -0.2900315329299479 -0.3261205711559552 -0.22317121506957385 -0.22630341182371366 -0.2990369680908323 -0.2990369680908323 -0.2990369680908323 -0.30015209337902654 -0.28263066283144306 -0.28263066283144306 -0.2832310968969723 -0.2510129404658595 -0.2537526703201183 -0.24659748381816948 -0.24607646176938686 -0.20945343779655382 -0.23964894205554246 -0.13929596235882102 -0.1913684417400766 -0.13929596235882102 -0.16196334120412 -0.13929596235882102 -0.13539984258135088 -0.13616106267817707 -0.13368674091098706 -0.131099050735774 -0.12922719457274306 -0.10183010042626754 -0.10116452724823892 -0.10096304308373494 -0.09955626004847055 -0.03478238421278174
-0.37385994087224644 -0.454576821843476 -0.454576821843476 -0.454576821843476 -0.34525241177079746 -0.454576821843476 -0.37385994087224644 -0.34525241177079746 -0.454576821843476 -0.37385994087224644 -0.18780923769946778 -0.454576821843476 -0.37385994087224644 -0.37385994087224644 -0.4020420752477847 -0.37385994087224644 -0.34525241177079746 -0.34525241177079746 -0.34525241177079746 -0.34525241177079746 -0.37385994087224644 -0.37385994087224644 -0.454576821843476 -0.454576821843476 -0.34525241177079746 -0.34525241177079746 -0.37385994087224644 -0.4020420752477847 -0.4020420752477847 -0.454576821843476 -0.30293822109356205 -0.37385994087224644 -0.4020420752477847 -0.454576821843476 -0.3610202327382055 -0.3610202327382055 -0.3509736080192047 -0.37385994087224644 -0.37385994087224644 -0.4020420752477847 -0.22317121506957385 -0.22317121506957385 -0.22630341182371366 -0.22630341182371366 -0.22317121506957385 -0.22630341182371366 -0.34525241177079746 -0.34525241177079746 -0.30293822109356205 -0.22317121506957385 -0.18780923769946778 -0.18780923769946778 -0.22630341182371366 -0.34525241177079746 -0.18780923769946778 -0.22630341182371366 -0.36260553050481303 -0.30293822109356205 -0.2900315329299479 -0.3261205711559552 -0.22317121506957385 -0.22630341182371366 -0.2990369680908323 -0.2990369680908323 -0.2990369680908323 -0.30015209337902654 -0.28263066283144306 -0.28263066283144306 -0.2832310968969723 -0.2510129404658595 -0.2537526703201183 -0.24659748381816948 -0.24607646176938686 -0.20945343779655382 -0.23964894205554246 -0.13929596235882102 -0.1913684417400766 -0.13929596235882102 -0.16196334120412 -0.13929596235882102 -0.13539984258135088 -0.13616106267817707 -0.13368674091098706 -0.131099050735774 -0.12922719457274306 -0.10183010042626754 -0.10116452724823892 -0.10096304308373494 -0.09955626004847055 -0.03478238421278174
-0.4299661655480128 -0.37385994087224644 -0.37385994087224644 -0.37385994087224644 -0.34525241177079746 -0.37385994087224644 -0.4299661655480128 -0.34525241177079746 -0.37385994087224644 -0.4299661655480128 -0.18780923769946778 -0.37385994087224644 -0.4299661655480128 -0.4299661655480128 -0.37385994087224644 -0.4299661655480128 -0.34525241177079746 -0.34525241177079746 -0.34525241177079746 -0.34525241177079746 -0.4299661655480128 -0.4299661655480128 -0.37385994087224644 -0.37385994087224644 -0.34525241177079746 -0.34525241177079746 -0.4299661655480128 -0.37385994087224644 -0.37385994087224644 -0.37385994087224644 -0.30293822109356205 -0.4299661655480128 -0.37385994087224644 -0.37385994087224644 -0.3610202327382055 -0.3610202327382055 -0.3509736080192047 -0.4299661655480128 -0.4299661655480128 -0.37385994087224644 -0.22317121506957385 -0.22317121506957385 -0.22630341182371366 -0.22630341182371366 -0.22317121506957385 -0.22630341182371366 -0.34525241177079746 -0.34525241177079746 -0.30293822109356205 -0.22317121506957385 -0.18780923769946778 -0.18780923769946778 -0.22630341182371366 -0.34525241177079746 -0.18780923769946778 -0.22630341182371366 -0.36260553050481303 -0.30293822109356205 -0.2900315329299479 -0.3261205711559552 -0.22317121506957385 -0.22630341182371366 -0.2990369680908323 -0.2990369680908323 -0.2990369680908323 -0.30015209337902654 -0.28263066283144306 -0.28263066283144306 -0.2832310968969723 -0.2510129404658595 -0.2537526703201183 -0.24659748381816948 -0.24607646176938686 -0.20945343779655382 -0.23964894205554246 -0.13929596235882102 -0.1913684417400766 -0.13929596235882102 -0.16196334120412 -0.13929596235882102 -0.13539984258135088 -0.13616106267817707 -0.13368674091098706 -0.131099050735774 -0.12922719457274306 -0.10183010042626754 -0.10116452724823892 -0.10096304308373494 -0.09955626004847055 -0.03478238421278174
-0.4299661655480128 -0.37385994087224644 -0.37385994087224644 -0.37385994087224644 -0.34525241177079746 -0.37385994087224644 -0.4299661655480128 -0.34525241177079746 -0.37385994087224644 -0.4299661655480128 -0.18780923769946778 -0.37385994087224644 -0.4299661655480128 -0.4299661655480128 -0.37385994087224644 -0.4299661655480128 -0.34525241177079746 -0.34525241177079746 -0.34525241177079746 -0.34525241177079746 -0.4299661655480128 -0.4299661655480128 -0.37385994087224644 -0.37385994087224644 -0.34525241177079746 -0.34525241177079746 -0.4299661655480128 -0.37385994087224644 -0.37385994087224644 -0.37385994087224644 -0.30293822109356205 -0.4299661655480128 -0.37385994087224644 -0.37385994087224644 -0.3610202327382055 -0.3610202327382055 -0.3509736080192047 -0.4299661655480128 -0.4299661655480128 -0.37385994087224644 -0.22317121506957385 -0.22317121506957385 -0.22630341182371366 -0.22630341182371366 -0.22317121506957385 -0.22630341182371366 -0.34525241177079746 -0.34525241177079746 -0.30293822109356205 -0.22317121506957385 -0.18780923769946778 -0.18780923769946778 -0.22630341182371366 -0.34525241177079746 -0.18780923769946778 -0.22630341182371366 -0.36260553050481303 -0.30293822109356205 -0.2900315329299479 -0.3261205711559552 -0.22317121506957385 -0.22630341182371366 -0.2990369680908323 -0.2990369680908323 -0.2990369680908323 -0.30015209337902654 -0.28263066283144306 -0.28263066283144306 -0.2832310968969723 -0.2510129404658595 -0.2537526703201183 -0.24659748381816948 -0.24607646176938686 -0.20945343779655382 -0.23964894205554246 -0.13929596235882102 -0.1913684417400766 -0.13929596235882102 -0.16196334120412 -0.13929596235882102 -0.13539984258135088 -0.13616106267817707 -0.13368674091098706 -0.131099050735774 -0.12922719457274306 -0.10183010042626754 -0.10116452724823892 -0.10096304308373494 -0.09955626004847055 -0.03478238421278174
-0.09955626004847055 -0.09955626004847055 -0.09955626004847055 -0.09955626004847055 -0.09955626004847055 -0.09955626004847055 -0.09955626004847055 -0.09955626004847055 -0.09955626004847055 -0.09955626004847055 -0.09955626004847055 -0.09955626004847055 -0.09955626004847055 -0.09955626004847055 -0.09955626004847055 -0.09955626004847055 -0.09955626004847055 -0.09955626004847055 -0.09955626004847055 -0.09955626004847055 -0.09955626004847055 -0.09955626004847055 -0.09955626004847055 -0.09955626004847055 -0.09955626004847055 -0.09955626004847055 -0.09955626004847055 -0.09955626004847055 -0.09955626004847055 -0.09955626004847055 -0.09955626004847055 -0.09955626004847055 -0.09955626004847055 -0.09955626004847055 -0.09955626004847055 -0.09955626004847055 -0.09955626004847055 -0.09955626004847055 -0.09955626004847055 -0.09955626004847055 -0.09955626004847055 -0.09955626004847055 -0.09955626004847055 -0.09955626004847055 -0.09955626004847055 -0.09955626004847055 -0.09955626004847055 -0.09955626004847055 -0.09955626004847055 -0.09955626004847055 -0.09955626004847055 -0.09955626004847055 -0.09955626004847055 -0.09955626004847055 -0.09955626004847055 -0.09955626004847055 -0.09955626004847055 -0.09955626004847055 -0.09955626004847055 -0.09955626004847055 -0.09955626004847055 -0.09955626004847055 -0.09955626004847055 -0.09955626004847055 -0.09955626004847055 -0.09955626004847055 -0.09955626004847055 -0.09955626004847055 -0.09955626004847055 -0.09955626004847055 -0.09955626004847055 -0.09955626004847055 -0.09955626004847055 -0.09955626004847055 -0.09955626004847055 -0.09955626004847055 -0.09955626004847055 -0.09955626004847055 -0.09955626004847055 -0.09955626004847055 -0.09955626004847055 -0.09955626004847055 -0.09955626004847055 -0.09955626004847055 -0.09955626004847055 -0.09955626004847055 -0.09955626004847055 -0.09955626004847055 -0.09955626004847055 -0.03478238421278174
-0.37385994087224644 -0.454576821843476 -0.46398030032787513 -0.5828293165862475 -0.34525241177079746 -0.5828293165862475 -0.37385994087224644 -0.34525241177079746 -0.46398030032787513 -0.37385994087224644 -0.18780923769946778 -0.46398030032787513 -0.37385994087224644 -0.37385994087224644 -0.4020420752477847 -0.37385994087224644 -0.34525241177079746 -0.34525241177079746 -0.34525241177079746 -0.34525241177079746 -0.37385994087224644 -0.37385994087224644 -0.5828293165862475 -0.5828293165862475 -0.34525241177079746 -0.34525241177079746 -0.37385994087224644 -0.4020420752477847 -0.4020420752477847 -0.4718020270799782 -0.30293822109356205 -0.37385994087224644 -0.4020420752477847 -0.46398030032787513 -0.3610202327382055 -0.3610202327382055 -0.3509736080192047 -0.37385994087224644 -0.37385994087224644 -0.4020420752477847 -0.22317121506957385 -0.22317121506957385 -0.22630341182371366 -0.22630341182371366 -0.22317121506957385 -0.22630341182371366 -0.34525241177079746 -0.34525241177079746 -0.30293822109356205 -0.22317121506957385 -0.18780923769946778 -0.18780923769946778 -0.22630341182371366 -0.34525241177079746 -0.18780923769946778 -0.22630341182371366 -0.36260553050481303 -0.30293822109356205 -0.2900315329299479 -0.3261205711559552 -0.22317121506957385 -0.22630341182371366 -0.2990369680908323 -0.2990369680908323 -0.2990369680908323 -0.30015209337902654 -0.28263066283144306 -0.28263066283144306 -0.2832310968969723 -0.2510129404658595 -0.2537526703201183 -0.24659748381816948 -0.24607646176938686 -0.20945343779655382 -0.23964894205554246 -0.13929596235882102 -0.1913684417400766 -0.13929596235882102 -0.16196334120412 -0.13929596235882102 -0.13539984258135088 -0.13616106267817707 -0.13368674091098706 -0.131099050735774 -0.12922719457274306 -0.10183010042626754 -0.10116452724823892 -0.10096304308373494 -0.09955626004847055 -0.03478238421278174
-0.37385994087224644 -0.37385994087224644 -0.37385994087224644 -0.37385994087224644 -0.34525241177079746 -0.37385994087224644 -0.37385994087224644 -0.34525241177079746 -0.37385994087224644 -0.37385994087224644 -0.18780923769946778 -0.37385994087224644 -0.37385994087224644 -0.37385994087224644 -0.37385994087224644 -0.37385994087224644 -0.34525241177079746 -0.34525241177079746 -0.34525241177079746 -0.34525241177079746 -0.37385994087224644 -0.37385994087224644 -0.37385994087224644 -0.37385994087224644 -0.34525241177079746 -0.34525241177079746 -0.37385994087224644 -0.37385994087224644 -0.37385994087224644 -0.37385994087224644 -0.30293822109356205 -0.37385994087224644 -0.37385994087224644 -0.37385994087224644 -0.3610202327382055 -0.3610202327382055 -0.3509736080192047 -0.37385994087224644 -0.37385994087224644 -0.37385994087224644 -0.22317121506957385 -0.22317121506957385 -0.22630341182371366 -0.22630341182371366 -0.22317121506957385 -0.22630341182371366 -0.34525241177079746 -0.34525241177079746 -0.30293822109356205 -0.22317121506957385 -0.18780923769946778 -0.18780923769946778 -0.22630341182371366 -0.34525241177079746 -0.18780923769946778 -0.22630341182371366 -0.36260553050481303 -0.30293822109356205 -0.2900315329299479 -0.3261205711559552 -0.22317121506957385 -0.22630341182371366 -0.2990369680908323 -0.2990369680908323 -0.2990369680908323 -0.30015209337902654 -0.28263066283144306 -0.28263066283144306 -0.2832310968969723 -0.2510129404658595 -0.2537526703201183 -0.24659748381816948 -0.24607646176938686 -0.20945343779655382 -0.23964894205554246 -0.13929596235882102 -0.1913684417400766 -0.13929596235882102 -0.16196334120412 -0.13929596235882102 -0.13539984258135088 -0.13616106267817707 -0.13368674091098706 -0.131099050735774 -0.12922719457274306 -0.10183010042626754 -0.10116452724823892 -0.10096304308373494 -0.09955626004847055 -0.03478238421278174
-0.5778665932761301 -0.37385994087224644 -0.37385994087224644 -0.37385994087224644 -0.34525241177079746 -0.37385994087224644 -0.5778665932761301 -0.34525241177079746 -0.37385994087224644 -0.5778665932761301 -0.18780923769946778 -0.37385994087224644 -0.5778665932761301 -0.5778665932761301 -0.37385994087224644 -0.5778665932761301 -0.34525241177079746 -0.34525241177079746 -0.34525241177079746 -0.34525241177079746 -0.5778665932761301 -0.5778665932761301 -0.37385994087224644 -0.37385994087224644 -0.34525241177079746 -0.34525241177079746 -0.5778665932761301 -0.37385994087224644 -0.37385994087224644 -0.37385994087224644 -0.30293822109356205 -0.47745301983212995 -0.37385994087224644 -0.37385994087224644 -0.3610202327382055 -0.3610202327382055 -0.3509736080192047 -0.4299661655480128 -0.43419648204301475 -0.37385994087224644 -0.22317121506957385 -0.22317121506957385 -0.22630341182371366 -0.22630341182371366 -0.22317121506957385 -0.22630341182371366 -0.34525241177079746 -0.34525241177079746 -0.30293822109356205 -0.22317121506957385 -0.18780923769946778 -0.18780923769946778 -0.22630341182371366 -0.34525241177079746 -0.18780923769946778 -0.22630341182371366 -0.36260553050481303 -0.30293822109356205 -0.2900315329299479 -0.3261205711559552 -0.22317121506957385 -0.22630341182371366 -0.2990369680908323 -0.2990369680908323 -0.2990369680908323 -0.30015209337902654 -0.28263066283144306 -0.28263066283144306 -0.2832310968969723 -0.2510129404658595 -0.2537526703201183 -0.24659748381816948 -0.24607646176938686 -0.20945343779655382 -0.23964894205554246 -0.13929596235882102 -0.1913684417400766 -0.13929596235882102 -0.16196334120412 -0.13929596235882102 -0.13539984258135088 -0.13616106267817707 -0.13368674091098706 -0.131099050735774 -0.12922719457274306 -0.10183010042626754 -0.10116452724823892 -0.10096304308373494 -0.09955626004847055 -0.03478238421278174
-0.4299661655480128 -0.37385994087224644 -0.37385994087224644 -0.37385994087224644 -0.34525241177079746 -0.37385994087224644 -0.4299661655480128 -0.34525241177079746 -0.37385994087224644 -0.4299661655480128 -0.18780923769946778 -0.37385994087224644 -0.4299661655480128 -0.4299661655480128 -0.37385994087224644 -0.4299661655480128 -0.34525241177079746 -0.34525241177079746 -0.34525241177079746 -0.34525241177079746 -0.4299661655480128 -0.4299661655480128 -0.37385994087224644 -0.37385994087224644 -0.34525241177079746 -0.34525241177079746 -0.4299661655480128 -0.37385994087224644 -0.37385994087224644 -0.37385994087224644 -0.30293822109356205 -0.4299661655480128 -0.37385994087224644 -0.37385994087224644 -0.3610202327382055 -0.3610202327382055 -0.3509736080192047 -0.4299661655480128 -0.4299661655480128 -0.37385994087224644 -0.22317121506957385 -0.22317121506957385 -0.22630341182371366 -0.22630341182371366 -0.22317121506957385 -0.22630341182371366 -0.34525241177079746 -0.34525241177079746 -0.30293822109356205 -0.22317121506957385 -0.18780923769946778 -0.18780923769946778 -0.22630341182371366 -0.34525241177079746 -0.18780923769946778 -0.22630341182371366 -0.36260553050481303 -0.30293822109356205 -0.2900315329299479 -0.3261205711559552 -0.22317121506957385 -0.22630341182371366 -0.2990369680908323 -0.2990369680908323 -0.2990369680908323 -0.30015209337902654 -0.28263066283144306 -0.28263066283144306 -0.2832310968969723 -0.2510129404658595 -0.2537526703201183 -0.24659748381816948 -0.24607646176938686 -0.20945343779655382 -0.23964894205554246 -0.13929596235882102 -0.1913684417400766 -0.13929596235882102 -0.16196334120412 -0.13929596235882102 -0.13539984258135088 -0.13616106267817707 -0.13368674091098706 -0.131099050735774 -0.12922719457274306 -0.10183010042626754 -0.10116452724823892 -0.10096304308373494 -0.09955626004847055 -0.03478238421278174
-0.5778665932761301 -0.37385994087224644 -0.37385994087224644 -0.37385994087224644 -0.34525241177079746 -0.37385994087224644 -0.5778665932761301 -0.34525241177079746 -0.37385994087224644 -0.5778665932761301 -0.18780923769946778 -0.37385994087224644 -0.5778665932761301 -0.5778665932761301 -0.37385994087224644 -0.5778665932761301 -0.34525241177079746 -0.34525241177079746 -0.34525241177079746 -0.34525241177079746 -0.5778665932761301 -0.5778665932761301 -0.37385994087224644 -0.37385994087224644 -0.34525241177079746 -0.34525241177079746 -0.5778665932761301 -0.37385994087224644 -0.37385994087224644 -0.37385994087224644 -0.30293822109356205 -0.47745301983212995 -0.37385994087224644 -0.37385994087224644 -0.3610202327382055 -0.3610202327382055 -0.3509736080192047 -0.4299661655480128 -0.43419648204301475 -0.37385994087224644 -0.22317121506957385 -0.22317121506957385 -0.22630341182371366 -0.22630341182371366 -0.22317121506957385 -0.22630341182371366 -0.34525241177079746 -0.34525241177079746 -0.30293822109356205 -0.22317121506957385 -0.18780923769946778 -0.18780923769946778 -0.22630341182371366 -0.34525241177079746 -0.18780923769946778 -0.22630341182371366 -0.36260553050481303 -0.30293822109356205 -0.2900315329299479 -0.3261205711559552 -0.22317121506957385 -0.22630341182371366 -0.2990369680908323 -0.2990369680908323 -0.2990369680908323 -0.30015209337902654 -0.28263066283144306 -0.28263066283144306 -0.2832310968969723 -0.2510129404658595 -0.2537526703201183 -0.24659748381816948 -0.24607646176938686 -0.20945343779655382 -0.23964894205554246 -0.13929596235882102 -0.1913684417400766 -0.13929596235882102 -0.16196334120412 -0.13929596235882102 -0.13539984258135088 -0.13616106267817707 -0.13368674091098706 -0.131099050735774 -0.12922719457274306 -0.10183010042626754 -0.10116452724823892 -0.10096304308373494 -0.09955626004847055 -0.03478238421278174
-0.3261205711559552 -0.3261205711559552 -0.3261205711559552 -0.3261205711559552 -0.3261205711559552 -0.3261205711559552 -0.3261205711559552 -0.3261205711559552 -0.3261205711559552 -0.3261205711559552 -0.18780923769946778 -0.3261205711559552 -0.3261205711559552 -0.3261205711559552 -0.3261205711559552 -0.3261205711559552 -0.3261205711559552 -0.3261205711559552 -0.3261205711559552 -0.3261205711559552 -0.3261205711559552 -0.3261205711559552 -0.3261205711559552 -0.3261205711559552 -0.3261205711559552 -0.3261205711559552 -0.3261205711559552 -0.3261205711559552 -0.3261205711559552 -0.3261205711559552 -0.30293822109356205 -0.3261205711559552 -0.3261205711559552 -0.3261205711559552 -0.3261205711559552 -0.3261205711559552 -0.3261205711559552 -0.3261205711559552 -0.3261205711559552 -0.3261205711559552 -0.22317121506957385 -0.22317121506957385 -0.22630341182371366 -0.22630341182371366 -0.22317121506957385 -0.22630341182371366 -0.3261205711559552 -0.3261205711559552 -0.30293822109356205 -0.22317121506957385 -0.18780923769946778 -0.18780923769946778 -0.22630341182371366 -0.3261205711559552 -0.18780923769946778 -0.22630341182371366 -0.3261205711559552 -0.30293822109356205 -0.2900315329299479 -0.3261205711559552 -0.22317121506957385 -0.22630341182371366 -0.2990369680908323 -0.2990369680908323 -0.2990369680908323 -0.30015209337902654 -0.28263066283144306 -0.28263066283144306 -0.2832310968969723 -0.2510129404658595 -0.2537526703201183 -0.24659748381816948 -0.24607646176938686 -0.20945343779655382 -0.23964894205554246 -0.13929596235882102 -0.1913684417400766 -0.13929596235882102 -0.16196334120412 -0.13929596235882102 -0.13539984258135088 -0.13616106267817707 -0.13368674091098706 -0.131099050735774 -0.12922719457274306 -0.10183010042626754 -0.10116452724823892 -0.10096304308373494 -0.09955626004847055 -0.03478238421278174
-0.4299661655480128 -0.37385994087224644 -0.37385994087224644 -0.37385994087224644 -0.34525241177079746 -0.37385994087224644 -0.4299661655480128 -0.34525241177079746 -0.37385994087224644 -0.4299661655480128 -0.18780923769946778 -0.37385994087224644 -0.4299661655480128 -0.4299661655480128 -0.37385994087224644 -0.4299661655480128 -0.34525241177079746 -0.34525241177079746 -0.34525241177079746 -0.34525241177079746 -0.4299661655480128 -0.4299661655480128 -0.37385994087224644 -0.37385994087224644 -0.34525241177079746 -0.34525241177079746 -0.4299661655480128 -0.37385994087224644 -0.37385994087224644 -0.37385994087224644 -0.30293822109356205 -0.4299661655480128 -0.37385994087224644 -0.37385994087224644 -0.3610202327382055 -0.3610202327382055 -0.3509736080192047 -0.4299661655480128 -0.4299661655480128 -0.37385994087224644 -0.22317121506957385 -0.22317121506957385 -0.22630341182371366 -0.22630341182371366 -0.22317121506957385 -0.22630341182371366 -0.34525241177079746 -0.34525241177079746 -0.30293822109356205 -0.22317121506957385 -0.18780923769946778 -0.18780923769946778 -0.22630341182371366 -0.34525241177079746 -0.18780923769946778 -0.22630341182371366 -0.36260553050481303 -0.30293822109356205 -0.2900315329299479 -0.3261205711559552 -0.22317121506957385 -0.22630341182371366 -0.2990369680908323 -0.2990369680908323 -0.2990369680908323 -0.30015209337902654 -0.28263066283144306 -0.28263066283144306 -0.2832310968969723 -0.2510129404658595 -0.2537526703201183 -0.24659748381816948 -0.24607646176938686 -0.20945343779655382 -0.23964894205554246 -0.13929596235882102 -0.1913684417400766 -0.13929596235882102 -0.16196334120412 -0.13929596235882102 -0.13539984258135088 -0.13616106267817707 -0.13368674091098706 -0.131099050735774 -0.12922719457274306 -0.10183010042626754 -0.10116452724823892 -0.10096304308373494 -0.09955626004847055 -0.03478238421278174
-0.4299661655480128 -0.37385994087224644 -0.37385994087224644 -0.37385994087224644 -0.34525241177079746 -0.37385994087224644 -0.4299661655480128 -0.34525241177079746 -0.37385994087224644 -0.4299661655480128 -0.18780923769946778 -0.37385994087224644 -0.4299661655480128 -0.4299661655480128 -0.37385994087224644 -0.4299661655480128 -0.34525241177079746 -0.34525241177079746 -0.34525241177079746 -0.34525241177079746 -0.4299661655480128 -0.4299661655480128 -0.37385994087224644 -0.37385994087224644 -0.34525241177079746 -0.34525241177079746 -0.4299661655480128 -0.37385994087224644 -0.37385994087224644 -0.37385994087224644 -0.30293822109356205 -0.4299661655480128 -0.37385994087224644 -0.37385994087224644 -0.3610202327382055 -0.3610202327382055 -0.3509736080192047 -0.4299661655480128 -0.4299661655480128 -0.37385994087224644 -0.22317121506957385 -0.22317121506957385 -0.22630341182371366 -0.22630341182371366 -0.22317121506957385 -0.22630341182371366 -0.34525241177079746 -0.34525241177079746 -0.30293822109356205 -0.22317121506957385 -0.18780923769946778 -0.18780923769946778 -0.22630341182371366 -0.34525241177079746 -0.18780923769946778 -0.22630341182371366 -0.36260553050481303 -0.30293822109356205 -0.2900315329299479 -0.3261205711559552 -0.22317121506957385 -0.22630341182371366 -0.2990369680908323 -0.2990369680908323 -0.2990369680908323 -0.30015209337902654 -0.28263066283144306 -0.28263066283144306 -0.2832310968969723 -0.2510129404658595 -0.2537526703201183 -0.24659748381816948 -0.24607646176938686 -0.20945343779655382 -0.23964894205554246 -0.13929596235882102 -0.1913684417400766 -0.13929596235882102 -0.16196334120412 -0.13929596235882102 -0.13539984258135088 -0.13616106267817707 -0.13368674091098706 -0.131099050735774 -0.12922719457274306 -0.10183010042626754 -0.10116452724823892 -0.10096304308373494 -0.09955626004847055 -0.03478238421278174
-0.4299661655480128 -0.37385994087224644 -0.37385994087224644 -0.37385994087224644 -0.34525241177079746 -0.37385994087224644 -0.4299661655480128 -0.34525241177079746 -0.37385994087224644 -0.4299661655480128 -0.18780923769946778 -0.37385994087224644 -0.4299661655480128 -0.4299661655480128 -0.37385994087224644 -0.4299661655480128 -0.34525241177079746 -0.34525241177079746 -0.34525241177079746 -0.34525241177079746 -0.4299661655480128 -0.4299661655480128 -0.37385994087224644 -0.37385994087224644 -0.34525241177079746 -0.34525241177079746 -0.4299661655480128 -0.37385994087224644 -0.37385994087224644 -0.37385994087224644 -0.30293822109356205 -0.4299661655480128 -0.37385994087224644 -0.37385994087224644 -0.3610202327382055 -0.3610202327382055 -0.3509736080192047 -0.4299661655480128 -0.4299661655480128 -0.37385994087224644 -0.22317121506957385 -0.22317121506957385 -0.22630341182371366 -0.22630341182371366 -0.22317121506957385 -0.22630341182371366 -0.34525241177079746 -0.34525241177079746 -0.30293822109356205 -0.22317121506957385 -0.18780923769946778 -0.18780923769946778 -0.22630341182371366 -0.34525241177079746 -0.18780923769946778 -0.22630341182371366 -0.36260553050481303 -0.30293822109356205 -0.2900315329299479 -0.3261205711559552 -0.22317121506957385 -0.22630341182371366 -0.2990369680908323 -0.2990369680908323 -0.2990369680908323 -0.30015209337902654 -0.28263066283144306 -0.28263066283144306 -0.2832310968969723 -0.2510129404658595 -0.2537526703201183 -0.24659748381816948 -0.24607646176938686 -0.20945343779655382 -0.23964894205554246 -0.13929596235882102 -0.1913684417400766 -0.13929596235882102 -0.16196334120412 -0.13929596235882102 -0.13539984258135088 -0.13616106267817707 -0.13368674091098706 -0.131099050735774 -0.12922719457274306 -0.10183010042626754 -0.10116452724823892 -0.10096304308373494 -0.09955626004847055 -0.03478238421278174
-0.3261205711559552 -0.3261205711559552 -0.3261205711559552 -0.3261205711559552 -0.3261205711559552 -0.3261205711559552 -0.3261205711559552 -0.3261205711559552 -0.3261205711559552 -0.3261205711559552 -0.18780923769946778 -0.3261205711559552 -0.3261205711559552 -0.3261205711559552 -0.3261205711559552 -0.3261205711559552 -0.3261205711559552 -0.3261205711559552 -0.3261205711559552 -0.3261205711559552 -0.3261205711559552 -0.3261205711559552 -0.3261205711559552 -0.3261205711559552 -0.3261205711559552 -0.3261205711559552 -0.3261205711559552 -0.3261205711559552 -0.3261205711559552 -0.3261205711559552 -0.30293822109356205 -0.3261205711559552 -0.3261205711559552 -0.3261205711559552 -0.3261205711559552 -0.3261205711559552 -0.3261205711559552 -0.3261205711559552 -0.3261205711559552 -0.3261205711559552 -0.22317121506957385 -0.22317121506957385 -0.22630341182371366 -0.22630341182371366 -0.22317121506957385 -0.22630341182371366 -0.3261205711559552 -0.3261205711559552 -0.30293822109356205 -0.22317121506957385 -0.18780923769946778 -0.18780923769946778 -0.22630341182371366 -0.3261205711559552 -0.18780923769946778 -0.22630341182371366 -0.3261205711559552 -0.30293822109356205 -0.2900315329299479 -0.3261205711559552 -0.22317121506957385 -0.22630341182371366 -0.2990369680908323 -0.2990369680908323 -0.2990369680908323 -0.30015209337902654 -0.28263066283144306 -0.28263066283144306 -0.2832310968969723 -0.2510129404658595 -0.2537526703201183 -0.24659748381816948 -0.24607646176938686 -0.20945343779655382 -0.23964894205554246 -0.13929596235882102 -0.1913684417400766 -0.13929596235882102 -0.16196334120412 -0.13929596235882102 -0.13539984258135088 -0.13616106267817707 -0.13368674091098706 -0.131099050735774 -0.12922719457274306 -0.10183010042626754 -0.10116452724823892 -0.10096304308373494 -0.09955626004847055 -0.03478238421278174
-0.47745301983212995 -0.37385994087224644 -0.37385994087224644 -0.37385994087224644 -0.34525241177079746 -0.37385994087224644 -0.47745301983212995 -0.34525241177079746 -0.37385994087224644 -0.47745301983212995 -0.18780923769946778 -0.37385994087224644 -0.47745301983212995 -0.47745301983212995 -0.37385994087224644 -0.47745301983212995 -0.34525241177079746 -0.34525241177079746 -0.34525241177079746 -0.34525241177079746 -0.47745301983212995 -0.47745301983212995 -0.37385994087224644 -0.37385994087224644 -0.34525241177079746 -0.34525241177079746 -0.47745301983212995 -0.37385994087224644 -0.37385994087224644 -0.37385994087224644 -0.30293822109356205 -0.47745301983212995 -0.37385994087224644 -0.37385994087224644 -0.3610202327382055 -0.3610202327382055 -0.3509736080192047 -0.4299661655480128 -0.43419648204301475 -0.37385994087224644 -0.22317121506957385 -0.22317121506957385 -0.22630341182371366 -0.22630341182371366 -0.22317121506957385 -0.22630341182371366 -0.34525241177079746 -0.34525241177079746 -0.30293822109356205 -0.22317121506957385 -0.18780923769946778 -0.18780923769946778 -0.22630341182371366 -0.34525241177079746 -0.18780923769946778 -0.22630341182371366 -0.36260553050481303 -0.30293822109356205 -0.2900315329299479 -0.3261205711559552 -0.22317121506957385 -0.22630341182371366 -0.2990369680908323 -0.2990369680908323 -0.2990369680908323 -0.30015209337902654 -0.28263066283144306 -0.28263066283144306 -0.2832310968969723 -0.2510129404658595 -0.2537526703201183 -0.24659748381816948 -0.24607646176938686 -0.20945343779655382 -0.23964894205554246 -0.13929596235882102 -0.1913684417400766 -0.13929596235882102 -0.16196334120412 -0.13929596235882102 -0.13539984258135088 -0.13616106267817707 -0.13368674091098706 -0.131099050735774 -0.12922719457274306 -0.10183010042626754 -0.10116452724823892 -0.10096304308373494 -0.09955626004847055 -0.03478238421278174
-0.28263066283144306 -0.28263066283144306 -0.28263066283144306 -0.28263066283144306 -0.28263066283144306 -0.28263066283144306 -0.28263066283144306 -0.28263066283144306 -0.28263066283144306 -0.28263066283144306 -0.18780923769946778 -0.28263066283144306 -0.28263066283144306 -0.28263066283144306 -0.28263066283144306 -0.28263066283144306 -0.28263066283144306 -0.28263066283144306 -0.28263066283144306 -0.28263066283144306 -0.28263066283144306 -0.28263066283144306 -0.28263066283144306 -0.28263066283144306 -0.28263066283144306 -0.28263066283144306 -0.28263066283144306 -0.28263066283144306 -0.28263066283144306 -0.28263066283144306 -0.28263066283144306 -0.28263066283144306 -0.28263066283144306 -0.28263066283144306 -0.28263066283144306 -0.28263066283144306 -0.28263066283144306 -0.28263066283144306 -0.28263066283144306 -0.28263066283144306 -0.22317121506957385 -0.22317121506957385 -0.22630341182371366 -0.22630341182371366 -0.22317121506957385 -0.22630341182371366 -0.28263066283144306 -0.28263066283144306 -0.28263066283144306 -0.22317121506957385 -0.18780923769946778 -0.18780923769946778 -0.22630341182371366 -0.28263066283144306 -0.18780923769946778 -0.22630341182371366 -0.28263066283144306 -0.28263066283144306 -0.28263066283144306 -0.28263066283144306 -0.22317121506957385 -0.22630341182371366 -0.28263066283144306 -0.28263066283144306 -0.28263066283144306 -0.28263066283144306 -0.28263066283144306 -0.28263066283144306 -0.28263066283144306 -0.2510129404658595 -0.2537526703201183 -0.24659748381816948 -0.24607646176938686 -0.20945343779655382 -0.23964894205554246 -0.13929596235882102 -0.1913684417400766 -0.13929596235882102 -0.16196334120412 -0.13929596235882102 -0.13539984258135088 -0.13616106267817707 -0.13368674091098706 -0.131099050735774 -0.12922719457274306 -0.10183010042626754 -0.10116452724823892 -0.10096304308373494 -0.09955626004847055 -0.03478238421278174
-0.34525241177079746 -0.34525241177079746 -0.34525241177079746 -0.34525241177079746 -0.4059391965807235 -0.34525241177079746 -0.34525241177079746 -0.4059391965807235 -0.34525241177079746 -0.34525241177079746 -0.18780923769946778 -0.34525241177079746 -0.34525241177079746 -0.34525241177079746 -0.34525241177079746 -0.34525241177079746 -0.6530002775551317 -0.6530002775551317 -0.6530002775551317 -0.6530002775551317 -0.34525241177079746 -0.34525241177079746 -0.34525241177079746 -0.34525241177079746 -0.4059391965807235 -0.4533416880123714 -0.34525241177079746 -0.34525241177079746 -0.34525241177079746 -0.34525241177079746 -0.30293822109356205 -0.34525241177079746 -0.34525241177079746 -0.34525241177079746 -0.34525241177079746 -0.34525241177079746 -0.34525241177079746 -0.34525241177079746 -0.34525241177079746 -0.34525241177079746 -0.22317121506957385 -0.22317121506957385 -0.22630341182371366 -0.22630341182371366 -0.22317121506957385 -0.22630341182371366 -0.3774837687867989 -0.3774837687867989 -0.30293822109356205 -0.22317121506957385 -0.18780923769946778 -0.18780923769946778 -0.22630341182371366 -0.3706021724720231 -0.18780923769946778 -0.22630341182371366 -0.34525241177079746 -0.30293822109356205 -0.2900315329299479 -0.3261205711559552 -0.22317121506957385 -0.22630341182371366 -0.2990369680908323 -0.2990369680908323 -0.2990369680908323 -0.30015209337902654 -0.28263066283144306 -0.28263066283144306 -0.2832310968969723 -0.2510129404658595 -0.2537526703201183 -0.24659748381816948 -0.24607646176938686 -0.20945343779655382 -0.23964894205554246 -0.13929596235882102 -0.1913684417400766 -0.13929596235882102 -0.16196334120412 -0.13929596235882102 -0.13539984258135088 -0.13616106267817707 -0.13368674091098706 -0.131099050735774 -0.12922719457274306 -0.10183010042626754 -0.10116452724823892 -0.10096304308373494 -0.09955626004847055 -0.03478238421278174
-0.37385994087224644 -0.454576821843476 -0.46398030032787513 -0.5828293165862475 -0.34525241177079746 -0.6715594186631813 -0.37385994087224644 -0.34525241177079746 -0.46398030032787513 -0.37385994087224644 -0.18780923769946778 -0.46398030032787513 -0.37385994087224644 -0.37385994087224644 -0.4020420752477847 -0.37385994087224644 -0.34525241177079746 -0.34525241177079746 -0.34525241177079746 -0.34525241177079746 -0.37385994087224644 -0.37385994087224644 -0.6021137619934532 -0.5978389271121006 -0.34525241177079746 -0.34525241177079746 -0.37385994087224644 -0.4020420752477847 -0.4020420752477847 -0.4718020270799782 -0.30293822109356205 -0.37385994087224644 -0.4020420752477847 -0.46398030032787513 -0.3610202327382055 -0.3610202327382055 -0.3509736080192047 -0.37385994087224644 -0.37385994087224644 -0.4020420752477847 -0.22317121506957385 -0.22317121506957385 -0.22630341182371366 -0.22630341182371366 -0.22317121506957385 -0.22630341182371366 -0.34525241177079746 -0.34525241177079746 -0.30293822109356205 -0.22317121506957385 -0.18780923769946778 -0.18780923769946778 -0.22630341182371366 -0.34525241177079746 -0.18780923769946778 -0.22630341182371366 -0.36260553050481303 -0.30293822109356205 -0.2900315329299479 -0.3261205711559552 -0.22317121506957385 -0.22630341182371366 -0.2990369680908323 -0.2990369680908323 -0.2990369680908323 -0.30015209337902654 -0.28263066283144306 -0.28263066283144306 -0.2832310968969723 -0.2510129404658595 -0.2537526703201183 -0.24659748381816948 -0.24607646176938686 -0.20945343779655382 -0.23964894205554246 -0.13929596235882102 -0.1913684417400766 -0.13929596235882102 -0.16196334120412 -0.13929596235882102 -0.13539984258135088 -0.13616106267817707 -0.13368674091098706 -0.131099050735774 -0.12922719457274306 -0.10183010042626754 -0.10116452724823892 -0.10096304308373494 -0.09955626004847055 -0.03478238421278174
-0.6237458688515313 -0.37385994087224644 -0.37385994087224644 -0.37385994087224644 -0.34525241177079746 -0.37385994087224644 -0.6237458688515313 -0.34525241177079746 -0.37385994087224644 -0.6237458688515313 -0.18780923769946778 -0.37385994087224644 -0.6237458688515313 -0.6237458688515313 -0.37385994087224644 -0.6237458688515313 -0.34525241177079746 -0.34525241177079746 -0.34525241177079746 -0.34525241177079746 -0.6237458688515313 -0.6237458688515313 -0.37385994087224644 -0.37385994087224644 -0.34525241177079746 -0.34525241177079746 -0.5778665932761301 -0.37385994087224644 -0.37385994087224644 -0.37385994087224644 -0.30293822109356205 -0.47745301983212995 -0.37385994087224644 -0.37385994087224644 -0.3610202327382055 -0.3610202327382055 -0.3509736080192047 -0.4299661655480128 -0.43419648204301475 -0.37385994087224644 -0.22317121506957385 -0.22317121506957385 -0.22630341182371366 -0.22630341182371366 -0.22317121506957385 -0.22630341182371366 -0.34525241177079746 -0.34525241177079746 -0.30293822109356205 -0.22317121506957385 -0.18780923769946778 -0.18780923769946778 -0.22630341182371366 -0.34525241177079746 -0.18780923769946778 -0.22630341182371366 -0.36260553050481303 -0.30293822109356205 -0.2900315329299479 -0.3261205711559552 -0.22317121506957385 -0.22630341182371366 -0.2990369680908323 -0.2990369680908323 -0.2990369680908323 -0.30015209337902654 -0.28263066283144306 -0.28263066283144306 -0.2832310968969723 -0.2510129404658595 -0.2537526703201183 -0.24659748381816948 -0.24607646176938686 -0.20945343779655382 -0.23964894205554246 -0.13929596235882102 -0.1913684417400766 -0.13929596235882102 -0.16196334120412 -0.13929596235882102 -0.13539984258135088 -0.13616106267817707 -0.13368674091098706 -0.131099050735774 -0.12922719457274306 -0.10183010042626754 -0.10116452724823892 -0.10096304308373494 -0.09955626004847055 -0.03478238421278174
-0.6418589159112119 -0.37385994087224644 -0.37385994087224644 -0.37385994087224644 -0.34525241177079746 -0.37385994087224644 -0.6418589159112119 -0.34525241177079746 -0.37385994087224644 -0.6418589159112119 -0.18780923769946778 -0.37385994087224644 -0.6418589159112119 -0.6418589159112119 -0.37385994087224644 -0.630562400691348 -0.34525241177079746 -0.34525241177079746 -0.34525241177079746 -0.34525241177079746 -0.6325834393056886 -0.6237458688515313 -0.37385994087224644 -0.37385994087224644 -0.34525241177079746 -0.34525241177079746 -0.5778665932761301 -0.37385994087224644 -0.37385994087224644 -0.37385994087224644 -0.30293822109356205 -0.47745301983212995 -0.37385994087224644 -0.37385994087224644 -0.3610202327382055 -0.3610202327382055 -0.3509736080192047 -0.4299661655480128 -0.43419648204301475 -0.37385994087224644 -0.22317121506957385 -0.22317121506957385 -0.22630341182371366 -0.22630341182371366 -0.22317121506957385 -0.22630341182371366 -0.34525241177079746 -0.34525241177079746 -0.30293822109356205 -0.22317121506957385 -0.18780923769946778 -0.18780923769946778 -0.22630341182371366 -0.34525241177079746 -0.18780923769946778 -0.22630341182371366 -0.36260553050481303 -0.30293822109356205 -0.2900315329299479 -0.3261205711559552 -0.22317121506957385 -0.22630341182371366 -0.2990369680908323 -0.2990369680908323 -0.2990369680908323 -0.30015209337902654 -0.28263066283144306 -0.28263066283144306 -0.2832310968969723 -0.2510129404658595 -0.2537526703201183 -0.24659748381816948 -0.24607646176938686 -0.20945343779655382 -0.23964894205554246 -0.13929596235882102 -0.1913684417400766 -0.13929596235882102 -0.16196334120412 -0.13929596235882102 -0.13539984258135088 -0.13616106267817707 -0.13368674091098706 -0.131099050735774 -0.12922719457274306 -0.10183010042626754 -0.10116452724823892 -0.10096304308373494 -0.09955626004847055 -0.03478238421278174
-0.34525241177079746 -0.34525241177079746 -0.34525241177079746 -0.34525241177079746 -0.4059391965807235 -0.34525241177079746 -0.34525241177079746 -0.4059391965807235 -0.34525241177079746 -0.34525241177079746 -0.18780923769946778 -0.34525241177079746 -0.34525241177079746 -0.34525241177079746 -0.34525241177079746 -0.34525241177079746 -0.6530002775551317 -0.6530002775551317 -0.6530002775551317 -0.6530002775551317 -0.34525241177079746 -0.34525241177079746 -0.34525241177079746 -0.34525241177079746 -0.4059391965807235 -0.4533416880123714 -0.34525241177079746 -0.34525241177079746 -0.34525241177079746 -0.34525241177079746 -0.30293822109356205 -0.34525241177079746 -0.34525241177079746 -0.34525241177079746 -0.34525241177079746 -0.34525241177079746 -0.34525241177079746 -0.34525241177079746 -0.34525241177079746 -0.34525241177079746 -0.22317121506957385 -0.22317121506957385 -0.22630341182371366 -0.22630341182371366 -0.22317121506957385 -0.22630341182371366 -0.3774837687867989 -0.3774837687867989 -0.30293822109356205 -0.22317121506957385 -0.18780923769946778 -0.18780923769946778 -0.22630341182371366 -0.3706021724720231 -0.18780923769946778 -0.22630341182371366 -0.34525241177079746 -0.30293822109356205 -0.2900315329299479 -0.3261205711559552 -0.22317121506957385 -0.22630341182371366 -0.2990369680908323 -0.2990369680908323 -0.2990369680908323 -0.30015209337902654 -0.28263066283144306 -0.28263066283144306 -0.2832310968969723 -0.2510129404658595 -0.2537526703201183 -0.24659748381816948 -0.24607646176938686 -0.20945343779655382 -0.23964894205554246 -0.13929596235882102 -0.1913684417400766 -0.13929596235882102 -0.16196334120412 -0.13929596235882102 -0.13539984258135088 -0.13616106267817707 -0.13368674091098706 -0.131099050735774 -0.12922719457274306 -0.10183010042626754 -0.10116452724823892 -0.10096304308373494 -0.09955626004847055 -0.03478238421278174
-0.37385994087224644 -0.37385994087224644 -0.37385994087224644 -0.37385994087224644 -0.34525241177079746 -0.37385994087224644 -0.37385994087224644 -0.34525241177079746 -0.37385994087224644 -0.37385994087224644 -0.18780923769946778 -0.37385994087224644 -0.37385994087224644 -0.37385994087224644 -0.37385994087224644 -0.37385994087224644 -0.34525241177079746 -0.34525241177079746 -0.34525241177079746 -0.34525241177079746 -0.37385994087224644 -0.37385994087224644 -0.37385994087224644 -0.37385994087224644 -0.34525241177079746 -0.34525241177079746 -0.37385994087224644 -0.37385994087224644 -0.37385994087224644 -0.37385994087224644 -0.30293822109356205 -0.37385994087224644 -0.37385994087224644 -0.37385994087224644 -0.3610202327382055 -0.3610202327382055 -0.3509736080192047 -0.37385994087224644 -0.37385994087224644 -0.37385994087224644 -0.22317121506957385 -0.22317121506957385 -0.22630341182371366 -0.22630341182371366 -0.22317121506957385 -0.22630341182371366 -0.34525241177079746 -0.34525241177079746 -0.30293822109356205 -0.22317121506957385 -0.18780923769946778 -0.18780923769946778 -0.22630341182371366 -0.34525241177079746 -0.18780923769946778 -0.22630341182371366 -0.36260553050481303 -0.30293822109356205 -0.2900315329299479 -0.3261205711559552 -0.22317121506957385 -0.22630341182371366 -0.2990369680908323 -0.2990369680908323 -0.2990369680908323 -0.30015209337902654 -0.28263066283144306 -0.28263066283144306 -0.2832310968969723 -0.2510129404658595 -0.2537526703201183 -0.24659748381816948 -0.24607646176938686 -0.20945343779655382 -0.23964894205554246 -0.13929596235882102 -0.1913684417400766 -0.13929596235882102 -0.16196334120412 -0.13929596235882102 -0.13539984258135088 -0.13616106267817707 -0.13368674091098706 -0.131099050735774 -0.12922719457274306 -0.10183010042626754 -0.10116452724823892 -0.10096304308373494 -0.09955626004847055 -0.03478238421278174
-0.6325834393056886 -0.37385994087224644 -0.37385994087224644 -0.37385994087224644 -0.34525241177079746 -0.37385994087224644 -0.6325834393056886 -0.34525241177079746 -0.37385994087224644 -0.6325834393056886 -0.18780923769946778 -0.37385994087224644 -0.6325834393056886 -0.6325834393056886 -0.37385994087224644 -0.630562400691348 -0.34525241177079746 -0.34525241177079746 -0.34525241177079746 -0.34525241177079746 -0.6417947849824632 -0.6237458688515313 -0.37385994087224644 -0.37385994087224644 -0.34525241177079746 -0.34525241177079746 -0.5778665932761301 -0.37385994087224644 -0.37385994087224644 -0.37385994087224644 -0.30293822109356205 -0.47745301983212995 -0.37385994087224644 -0.37385994087224644 -0.3610202327382055 -0.3610202327382055 -0.3509736080192047 -0.4299661655480128 -0.43419648204301475 -0.37385994087224644 -0.22317121506957385 -0.22317121506957385 -0.22630341182371366 -0.22630341182371366 -0.22317121506957385 -0.22630341182371366 -0.34525241177079746 -0.34525241177079746 -0.30293822109356205 -0.22317121506957385 -0.18780923769946778 -0.18780923769946778 -0.22630341182371366 -0.34525241177079746 -0.18780923769946778 -0.22630341182371366 -0.36260553050481303 -0.30293822109356205 -0.2900315329299479 -0.3261205711559552 -0.22317121506957385 -0.22630341182371366 -0.2990369680908323 -0.2990369680908323 -0.2990369680908323 -0.30015209337902654 -0.28263066283144306 -0.28263066283144306 -0.2832310968969723 -0.2510129404658595 -0.2537526703201183 -0.24659748381816948 -0.24607646176938686 -0.20945343779655382 -0.23964894205554246 -0.13929596235882102 -0.1913684417400766 -0.13929596235882102 -0.16196334120412 -0.13929596235882102 -0.13539984258135088 -0.13616106267817707 -0.13368674091098706 -0.131099050735774 -0.12922719457274306 -0.10183010042626754 -0.10116452724823892 -0.10096304308373494 -0.09955626004847055 -0.03478238421278174
-0.6418589159112119 -0.37385994087224644 -0.37385994087224644 -0.37385994087224644 -0.34525241177079746 -0.37385994087224644 -0.6418589159112119 -0.34525241177079746 -0.37385994087224644 -0.6418589159112119 -0.18780923769946778 -0.37385994087224644 -0.6418589159112119 -0.6418589159112119 -0.37385994087224644 -0.630562400691348 -0.34525241177079746 -0.34525241177079746 -0.34525241177079746 -0.34525241177079746 -0.6325834393056886 -0.6237458688515313 -0.37385994087224644 -0.37385994087224644 -0.34525241177079746 -0.34525241177079746 -0.5778665932761301 -0.37385994087224644 -0.37385994087224644 -0.37385994087224644 -0.30293822109356205 -0.47745301983212995 -0.37385994087224644 -0.37385994087224644 -0.3610202327382055 -0.3610202327382055 -0.3509736080192047 -0.4299661655480128 -0.43419648204301475 -0.37385994087224644 -0.22317121506957385 -0.22317121506957385 -0.22630341182371366 -0.22630341182371366 -0.22317121506957385 -0.22630341182371366 -0.34525241177079746 -0.34525241177079746 -0.30293822109356205 -0.22317121506957385 -0.18780923769946778 -0.18780923769946778 -0.22630341182371366 -0.34525241177079746 -0.18780923769946778 -0.22630341182371366 -0.36260553050481303 -0.30293822109356205 -0.2900315329299479 -0.3261205711559552 -0.22317121506957385 -0.22630341182371366 -0.2990369680908323 -0.2990369680908323 -0.2990369680908323 -0.30015209337902654 -0.28263066283144306 -0.28263066283144306 -0.2832310968969723 -0.2510129404658595 -0.2537526703201183 -0.24659748381816948 -0.24607646176938686 -0.20945343779655382 -0.23964894205554246 -0.13929596235882102 -0.1913684417400766 -0.13929596235882102 -0.16196334120412 -0.13929596235882102 -0.13539984258135088 -0.13616106267817707 -0.13368674091098706 -0.131099050735774 -0.12922719457274306 -0.10183010042626754 -0.10116452724823892 -0.10096304308373494 -0.09955626004847055 -0.03478238421278174
-0.3261205711559552 -0.3261205711559552 -0.3261205711559552 -0.3261205711559552 -0.3261205711559552 -0.3261205711559552 -0.3261205711559552 -0.3261205711559552 -0.3261205711559552 -0.3261205711559552 -0.18780923769946778 -0.3261205711559552 -0.3261205711559552 -0.3261205711559552 -0.3261205711559552 -0.3261205711559552 -0.3261205711559552 -0.3261205711559552 -0.3261205711559552 -0.3261205711559552 -0.3261205711559552 -0.3261205711559552 -0.3261205711559552 -0.3261205711559552 -0.3261205711559552 -0.3261205711559552 -0.3261205711559552 -0.3261205711559552 -0.3261205711559552 -0.3261205711559552 -0.30293822109356205 -0.3261205711559552 -0.3261205711559552 -0.3261205711559552 -0.3261205711559552 -0.3261205711559552 -0.3261205711559552 -0.3261205711559552 -0.3261205711559552 -0.3261205711559552 -0.22317121506957385 -0.22317121506957385 -0.22630341182371366 -0.22630341182371366 -0.22317121506957385 -0.22630341182371366 -0.3261205711559552 -0.3261205711559552 -0.30293822109356205 -0.22317121506957385 -0.18780923769946778 -0.18780923769946778 -0.22630341182371366 -0.3261205711559552 -0.18780923769946778 -0.22630341182371366 -0.3261205711559552 -0.30293822109356205 -0.2900315329299479 -0.3261205711559552 -0.22317121506957385 -0.22630341182371366 -0.2990369680908323 -0.2990369680908323 -0.2990369680908323 -0.30015209337902654 -0.28263066283144306 -0.28263066283144306 -0.2832310968969723 -0.2510129404658595 -0.2537526703201183 -0.24659748381816948 -0.24607646176938686 -0.20945343779655382 -0.23964894205554246 -0.13929596235882102 -0.1913684417400766 -0.13929596235882102 -0.16196334120412 -0.13929596235882102 -0.13539984258135088 -0.13616106267817707 -0.13368674091098706 -0.131099050735774 -0.12922719457274306 -0.10183010042626754 -0.10116452724823892 -0.10096304308373494 -0.09955626004847055 -0.03478238421278174
-0.37385994087224644 -0.454576821843476 -0.454576821843476 -0.454576821843476 -0.34525241177079746 -0.454576821843476 -0.37385994087224644 -0.34525241177079746 -0.454576821843476 -0.37385994087224644 -0.18780923769946778 -0.454576821843476 -0.37385994087224644 -0.37385994087224644 -0.4020420752477847 -0.37385994087224644 -0.34525241177079746 -0.34525241177079746 -0.34525241177079746 -0.34525241177079746 -0.37385994087224644 -0.37385994087224644 -0.454576821843476 -0.454576821843476 -0.34525241177079746 -0.34525241177079746 -0.37385994087224644 -0.4020420752477847 -0.4020420752477847 -0.454576821843476 -0.30293822109356205 -0.37385994087224644 -0.4020420752477847 -0.454576821843476 -0.3610202327382055 -0.3610202327382055 -0.3509736080192047 -0.37385994087224644 -0.37385994087224644 -0.4020420752477847 -0.22317121506957385 -0.22317121506957385 -0.22630341182371366 -0.22630341182371366 -0.22317121506957385 -0.22630341182371366 -0.34525241177079746 -0.34525241177079746 -0.30293822109356205 -0.22317121506957385 -0.18780923769946778 -0.18780923769946778 -0.22630341182371366 -0.34525241177079746 -0.18780923769946778 -0.22630341182371366 -0.36260553050481303 -0.30293822109356205 -0.2900315329299479 -0.3261205711559552 -0.22317121506957385 -0.22630341182371366 -0.2990369680908323 -0.2990369680908323 -0.2990369680908323 -0.30015209337902654 -0.28263066283144306 -0.28263066283144306 -0.2832310968969723 -0.2510129404658595 -0.2537526703201183 -0.24659748381816948 -0.24607646176938686 -0.20945343779655382 -0.23964894205554246 -0.13929596235882102 -0.1913684417400766 -0.13929596235882102 -0.16196334120412 -0.13929596235882102 -0.13539984258135088 -0.13616106267817707 -0.13368674091098706 -0.131099050735774 -0.12922719457274306 -0.10183010042626754 -0.10116452724823892 -0.10096304308373494 -0.09955626004847055 -0.03478238421278174
-0.37385994087224644 -0.37385994087224644 -0.37385994087224644 -0.37385994087224644 -0.34525241177079746 -0.37385994087224644 -0.37385994087224644 -0.34525241177079746 -0.37385994087224644 -0.37385994087224644 -0.18780923769946778 -0.37385994087224644 -0.37385994087224644 -0.37385994087224644 -0.37385994087224644 -0.37385994087224644 -0.34525241177079746 -0.34525241177079746 -0.34525241177079746 -0.34525241177079746 -0.37385994087224644 -0.37385994087224644 -0.37385994087224644 -0.37385994087224644 -0.34525241177079746 -0.34525241177079746 -0.37385994087224644 -0.37385994087224644 -0.37385994087224644 -0.37385994087224644 -0.30293822109356205 -0.37385994087224644 -0.37385994087224644 -0.37385994087224644 -0.3610202327382055 -0.3610202327382055 -0.3509736080192047 -0.37385994087224644 -0.37385994087224644 -0.37385994087224644 -0.22317121506957385 -0.22317121506957385 -0.22630341182371366 -0.22630341182371366 -0.22317121506957385 -0.22630341182371366 -0.34525241177079746 -0.34525241177079746 -0.30293822109356205 -0.22317121506957385 -0.18780923769946778 -0.18780923769946778 -0.22630341182371366 -0.34525241177079746 -0.18780923769946778 -0.22630341182371366 -0.36260553050481303 -0.30293822109356205 -0.2900315329299479 -0.3261205711559552 -0.22317121506957385 -0.22630341182371366 -0.2990369680908323 -0.2990369680908323 -0.2990369680908323 -0.30015209337902654 -0.28263066283144306 -0.28263066283144306 -0.2832310968969723 -0.2510129404658595 -0.2537526703201183 -0.24659748381816948 -0.24607646176938686 -0.20945343779655382 -0.23964894205554246 -0.13929596235882102 -0.1913684417400766 -0.13929596235882102 -0.16196334120412 -0.13929596235882102 -0.13539984258135088 -0.13616106267817707 -0.13368674091098706 -0.131099050735774 -0.12922719457274306 -0.10183010042626754 -0.10116452724823892 -0.10096304308373494 -0.09955626004847055 -0.03478238421278174
-0.37385994087224644 -0.4020420752477847 -0.4020420752477847 -0.4020420752477847 -0.34525241177079746 -0.4020420752477847 -0.37385994087224644 -0.34525241177079746 -0.4020420752477847 -0.37385994087224644 -0.18780923769946778 -0.4020420752477847 -0.37385994087224644 -0.37385994087224644 -0.4020420752477847 -0.37385994087224644 -0.34525241177079746 -0.34525241177079746 -0.34525241177079746 -0.34525241177079746 -0.37385994087224644 -0.37385994087224644 -0.4020420752477847 -0.4020420752477847 -0.34525241177079746 -0.34525241177079746 -0.37385994087224644 -0.4020420752477847 -0.4020420752477847 -0.4020420752477847 -0.30293822109356205 -0.37385994087224644 -0.4020420752477847 -0.4020420752477847 -0.3610202327382055 -0.3610202327382055 -0.3509736080192047 -0.37385994087224644 -0.37385994087224644 -0.4020420752477847 -0.22317121506957385 -0.22317121506957385 -0.22630341182371366 -0.22630341182371366 -0.22317121506957385 -0.22630341182371366 -0.34525241177079746 -0.34525241177079746 -0.30293822109356205 -0.22317121506957385 -0.18780923769946778 -0.18780923769946778 -0.22630341182371366 -0.34525241177079746 -0.18780923769946778 -0.22630341182371366 -0.36260553050481303 -0.30293822109356205 -0.2900315329299479 -0.3261205711559552 -0.22317121506957385 -0.22630341182371366 -0.2990369680908323 -0.2990369680908323 -0.2990369680908323 -0.30015209337902654 -0.28263066283144306 -0.28263066283144306 -0.2832310968969723 -0.2510129404658595 -0.2537526703201183 -0.24659748381816948 -0.24607646176938686 -0.20945343779655382 -0.23964894205554246 -0.13929596235882102 -0.1913684417400766 -0.13929596235882102 -0.16196334120412 -0.13929596235882102 -0.13539984258135088 -0.13616106267817707 -0.13368674091098706 -0.131099050735774 -0.12922719457274306 -0.10183010042626754 -0.10116452724823892 -0.10096304308373494 -0.09955626004847055 -0.03478238421278174
-0.37385994087224644 -0.37385994087224644 -0.37385994087224644 -0.37385994087224644 -0.34525241177079746 -0.37385994087224644 -0.37385994087224644 -0.34525241177079746 -0.37385994087224644 -0.37385994087224644 -0.18780923769946778 -0.37385994087224644 -0.37385994087224644 -0.37385994087224644 -0.37385994087224644 -0.37385994087224644 -0.34525241177079746 -0.34525241177079746 -0.34525241177079746 -0.34525241177079746 -0.37385994087224644 -0.37385994087224644 -0.37385994087224644 -0.37385994087224644 -0.34525241177079746 -0.34525241177079746 -0.37385994087224644 -0.37385994087224644 -0.37385994087224644 -0.37385994087224644 -0.30293822109356205 -0.37385994087224644 -0.37385994087224644 -0.37385994087224644 -0.3610202327382055 -0.3610202327382055 -0.3509736080192047 -0.37385994087224644 -0.37385994087224644 -0.37385994087224644 -0.22317121506957385 -0.22317121506957385 -0.22630341182371366 -0.22630341182371366 -0.22317121506957385 -0.22630341182371366 -0.34525241177079746 -0.34525241177079746 -0.30293822109356205 -0.22317121506957385 -0.18780923769946778 -0.18780923769946778 -0.22630341182371366 -0.34525241177079746 -0.18780923769946778 -0.22630341182371366 -0.36260553050481303 -0.30293822109356205 -0.2900315329299479 -0.3261205711559552 -0.22317121506957385 -0.22630341182371366 -0.2990369680908323 -0.2990369680908323 -0.2990369680908323 -0.30015209337902654 -0.28263066283144306 -0.28263066283144306 -0.2832310968969723 -0.2510129404658595 -0.2537526703201183 -0.24659748381816948 -0.24607646176938686 -0.20945343779655382 -0.23964894205554246 -0.13929596235882102 -0.1913684417400766 -0.13929596235882102 -0.16196334120412 -0.13929596235882102 -0.13539984258135088 -0.13616106267817707 -0.13368674091098706 -0.131099050735774 -0.12922719457274306 -0.10183010042626754 -0.10116452724823892 -0.10096304308373494 -0.09955626004847055 -0.03478238421278174
-0.5993668374141029 -0.37385994087224644 -0.37385994087224644 -0.37385994087224644 -0.34525241177079746 -0.37385994087224644 -0.5993668374141029 -0.34525241177079746 -0.37385994087224644 -0.5993668374141029 -0.18780923769946778 -0.37385994087224644 -0.5993668374141029 -0.5993668374141029 -0.37385994087224644 -0.5993668374141029 -0.34525241177079746 -0.34525241177079746 -0.34525241177079746 -0.34525241177079746 -0.5993668374141029 -0.5993668374141029 -0.37385994087224644 -0.37385994087224644 -0.34525241177079746 -0.34525241177079746 -0.5778665932761301 -0.37385994087224644 -0.37385994087224644 -0.37385994087224644 -0.30293822109356205 -0.47745301983212995 -0.37385994087224644 -0.37385994087224644 -0.3610202327382055 -0.3610202327382055 -0.3509736080192047 -0.4299661655480128 -0.43419648204301475 -0.37385994087224644 -0.22317121506957385 -0.22317121506957385 -0.22630341182371366 -0.22630341182371366 -0.22317121506957385 -0.22630341182371366 -0.34525241177079746 -0.34525241177079746 -0.30293822109356205 -0.22317121506957385 -0.18780923769946778 -0.18780923769946778 -0.22630341182371366 -0.34525241177079746 -0.18780923769946778 -0.22630341182371366 -0.36260553050481303 -0.30293822109356205 -0.2900315329299479 -0.3261205711559552 -0.22317121506957385 -0.22630341182371366 -0.2990369680908323 -0.2990369680908323 -0.2990369680908323 -0.30015209337902654 -0.28263066283144306 -0.28263066283144306 -0.2832310968969723 -0.2510129404658595 -0.2537526703201183 -0.24659748381816948 -0.24607646176938686 -0.20945343779655382 -0.23964894205554246 -0.13929596235882102 -0.1913684417400766 -0.13929596235882102 -0.16196334120412 -0.13929596235882102 -0.13539984258135088 -0.13616106267817707 -0.13368674091098706 -0.131099050735774 -0.12922719457274306 -0.10183010042626754 -0.10116452724823892 -0.10096304308373494 -0.09955626004847055 -0.03478238421278174
-0.37385994087224644 -0.454576821843476 -0.486980876771462 -0.46398030032787513 -0.34525241177079746 -0.46398030032787513 -0.37385994087224644 -0.34525241177079746 -0.486980876771462 -0.37385994087224644 -0.18780923769946778 -0.5875393560790524 -0.37385994087224644 -0.37385994087224644 -0.4020420752477847 -0.37385994087224644 -0.34525241177079746 -0.34525241177079746 -0.34525241177079746 -0.34525241177079746 -0.37385994087224644 -0.37385994087224644 -0.46398030032787513 -0.46398030032787513 -0.34525241177079746 -0.34525241177079746 -0.37385994087224644 -0.4020420752477847 -0.4020420752477847 -0.46398030032787513 -0.30293822109356205 -0.37385994087224644 -0.4020420752477847 -0.4680658271123611 -0.3610202327382055 -0.3610202327382055 -0.3509736080192047 -0.37385994087224644 -0.37385994087224644 -0.4020420752477847 -0.22317121506957385 -0.22317121506957385 -0.22630341182371366 -0.22630341182371366 -0.22317121506957385 -0.22630341182371366 -0.34525241177079746 -0.34525241177079746 -0.30293822109356205 -0.22317121506957385 -0.18780923769946778 -0.18780923769946778 -0.22630341182371366 -0.34525241177079746 -0.18780923769946778 -0.22630341182371366 -0.36260553050481303 -0.30293822109356205 -0.2900315329299479 -0.3261205711559552 -0.22317121506957385 -0.22630341182371366 -0.2990369680908323 -0.2990369680908323 -0.2990369680908323 -0.30015209337902654 -0.28263066283144306 -0.28263066283144306 -0.2832310968969723 -0.2510129404658595 -0.2537526703201183 -0.24659748381816948 -0.24607646176938686 -0.20945343779655382 -0.23964894205554246 -0.13929596235882102 -0.1913684417400766 -0.13929596235882102 -0.16196334120412 -0.13929596235882102 -0.13539984258135088 -0.13616106267817707 -0.13368674091098706 -0.131099050735774 -0.12922719457274306 -0.10183010042626754 -0.10116452724823892 -0.10096304308373494 -0.09955626004847055 -0.03478238421278174
-0.37385994087224644 -0.4020420752477847 -0.4020420752477847 -0.4020420752477847 -0.34525241177079746 -0.4020420752477847 -0.37385994087224644 -0.34525241177079746 -0.4020420752477847 -0.37385994087224644 -0.18780923769946778 -0.4020420752477847 -0.37385994087224644 -0.37385994087224644 -0.4020420752477847 -0.37385994087224644 -0.34525241177079746 -0.34525241177079746 -0.34525241177079746 -0.34525241177079746 -0.37385994087224644 -0.37385994087224644 -0.4020420752477847 -0.4020420752477847 -0.34525241177079746 -0.34525241177079746 -0.37385994087224644 -0.4020420752477847 -0.4020420752477847 -0.4020420752477847 -0.30293822109356205 -0.37385994087224644 -0.4020420752477847 -0.4020420752477847 -0.3610202327382055 -0.3610202327382055 -0.3509736080192047 -0.37385994087224644 -0.37385994087224644 -0.4020420752477847 -0.22317121506957385 -0.22317121506957385 -0.22630341182371366 -0.22630341182371366 -0.22317121506957385 -0.22630341182371366 -0.34525241177079746 -0.34525241177079746 -0.30293822109356205 -0.22317121506957385 -0.18780923769946778 -0.18780923769946778 -0.22630341182371366 -0.34525241177079746 -0.18780923769946778 -0.22630341182371366 -0.36260553050481303 -0.30293822109356205 -0.2900315329299479 -0.3261205711559552 -0.22317121506957385 -0.22630341182371366 -0.2990369680908323 -0.2990369680908323 -0.2990369680908323 -0.30015209337902654 -0.28263066283144306 -0.28263066283144306 -0.2832310968969723 -0.2510129404658595 -0.2537526703201183 -0.24659748381816948 -0.24607646176938686 -0.20945343779655382 -0.23964894205554246 -0.13929596235882102 -0.1913684417400766 -0.13929596235882102 -0.16196334120412 -0.13929596235882102 -0.13539984258135088 -0.13616106267817707 -0.13368674091098706 -0.131099050735774 -0.12922719457274306 -0.10183010042626754 -0.10116452724823892 -0.10096304308373494 -0.09955626004847055 -0.03478238421278174
-0.20945343779655382 -0.20945343779655382 -0.20945343779655382 -0.20945343779655382 -0.20945343779655382 -0.20945343779655382 -0.20945343779655382 -0.20945343779655382 -0.20945343779655382 -0.20945343779655382 -0.18780923769946778 -0.20945343779655382 -0.20945343779655382 -0.20945343779655382 -0.20945343779655382 -0.20945343779655382 -0.20945343779655382 -0.20945343779655382 -0.20945343779655382 -0.20945343779655382 -0.20945343779655382 -0.20945343779655382 -0.20945343779655382 -0.20945343779655382 -0.20945343779655382 -0.20945343779655382 -0.20945343779655382 -0.20945343779655382 -0.20945343779655382 -0.20945343779655382 -0.20945343779655382 -0.20945343779655382 -0.20945343779655382 -0.20945343779655382 -0.20945343779655382 -0.20945343779655382 -0.20945343779655382 -0.20945343779655382 -0.20945343779655382 -0.20945343779655382 -0.20945343779655382 -0.20945343779655382 -0.20945343779655382 -0.20945343779655382 -0.20945343779655382 -0.20945343779655382 -0.20945343779655382 -0.20945343779655382 -0.20945343779655382 -0.20945343779655382 -0.18780923769946778 -0.18780923769946778 -0.20945343779655382 -0.20945343779655382 -0.18780923769946778 -0.20945343779655382 -0.20945343779655382 -0.20945343779655382 -0.20945343779655382 -0.20945343779655382 -0.20945343779655382 -0.20945343779655382 -0.20945343779655382 -0.20945343779655382 -0.20945343779655382 -0.20945343779655382 -0.20945343779655382 -0.20945343779655382 -0.20945343779655382 -0.20945343779655382 -0.20945343779655382 -0.20945343779655382 -0.20945343779655382 -0.20945343779655382 -0.20945343779655382 -0.13929596235882102 -0.1913684417400766 -0.13929596235882102 -0.16196334120412 -0.13929596235882102 -0.13539984258135088 -0.13616106267817707 -0.13368674091098706 -0.131099050735774 -0.12922719457274306 -0.10183010042626754 -0.10116452724823892 -0.10096304308373494 -0.09955626004847055 -0.03478238421278174
-0.34525241177079746 -0.34525241177079746 -0.34525241177079746 -0.34525241177079746 -0.34525241177079746 -0.34525241177079746 -0.34525241177079746 -0.34525241177079746 -0.34525241177079746 -0.34525241177079746 -0.18780923769946778 -0.34525241177079746 -0.34525241177079746 -0.34525241177079746 -0.34525241177079746 -0.34525241177079746 -0.34525241177079746 -0.34525241177079746 -0.34525241177079746 -0.34525241177079746 -0.34525241177079746 -0.34525241177079746 -0.34525241177079746 -0.34525241177079746 -0.34525241177079746 -0.34525241177079746 -0.34525241177079746 -0.34525241177079746 -0.34525241177079746 -0.34525241177079746 -0.30293822109356205 -0.34525241177079746 -0.34525241177079746 -0.34525241177079746 -0.34525241177079746 -0.34525241177079746 -0.34525241177079746 -0.34525241177079746 -0.34525241177079746 -0.34525241177079746 -0.22317121506957385 -0.22317121506957385 -0.22630341182371366 -0.22630341182371366 -0.22317121506957385 -0.22630341182371366 -0.34525241177079746 -0.34525241177079746 -0.30293822109356205 -0.22317121506957385 -0.18780923769946778 -0.18780923769946778 -0.22630341182371366 -0.34525241177079746 -0.18780923769946778 -0.22630341182371366 -0.34525241177079746 -0.30293822109356205 -0.2900315329299479 -0.3261205711559552 -0.22317121506957385 -0.22630341182371366 -0.2990369680908323 -0.2990369680908323 -0.2990369680908323 -0.30015209337902654 -0.28263066283144306 -0.28263066283144306 -0.2832310968969723 -0.2510129404658595 -0.2537526703201183 -0.24659748381816948 -0.24607646176938686 -0.20945343779655382 -0.23964894205554246 -0.13929596235882102 -0.1913684417400766 -0.13929596235882102 -0.16196334120412 -0.13929596235882102 -0.13539984258135088 -0.13616106267817707 -0.13368674091098706 -0.131099050735774 -0.12922719457274306 -0.10183010042626754 -0.10116452724823892 -0.10096304308373494 -0.09955626004847055 -0.03478238421278174
-0.2537526703201183 -0.2537526703201183 -0.2537526703201183 -0.2537526703201183 -0.2537526703201183 -0.2537526703201183 -0.2537526703201183 -0.2537526703201183 -0.2537526703201183 -0.2537526703201183 -0.18780923769946778 -0.2537526703201183 -0.2537526703201183 -0.2537526703201183 -0.2537526703201183 -0.2537526703201183 -0.2537526703201183 -0.2537526703201183 -0.2537526703201183 -0.2537526703201183 -0.2537526703201183 -0.2537526703201183 -0.2537526703201183 -0.2537526703201183 -0.2537526703201183 -0.2537526703201183 -0.2537526703201183 -0.2537526703201183 -0.2537526703201183 -0.2537526703201183 -0.2537526703201183 -0.2537526703201183 -0.2537526703201183 -0.2537526703201183 -0.2537526703201183 -0.2537526703201183 -0.2537526703201183 -0.2537526703201183 -0.2537526703201183 -0.2537526703201183 -0.22317121506957385 -0.22317121506957385 -0.22630341182371366 -0.22630341182371366 -0.22317121506957385 -0.22630341182371366 -0.2537526703201183 -0.2537526703201183 -0.2537526703201183 -0.22317121506957385 -0.18780923769946778 -0.18780923769946778 -0.22630341182371366 -0.2537526703201183 -0.18780923769946778 -0.22630341182371366 -0.2537526703201183 -0.2537526703201183 -0.2537526703201183 -0.2537526703201183 -0.22317121506957385 -0.22630341182371366 -0.2537526703201183 -0.2537526703201183 -0.2537526703201183 -0.2537526703201183 -0.2537526703201183 -0.2537526703201183 -0.2537526703201183 -0.2510129404658595 -0.2537526703201183 -0.24659748381816948 -0.24607646176938686 -0.20945343779655382 -0.23964894205554246 -0.13929596235882102 -0.1913684417400766 -0.13929596235882102 -0.16196334120412 -0.13929596235882102 -0.13539984258135088 -0.13616106267817707 -0.13368674091098706 -0.131099050735774 -0.12922719457274306 -0.10183010042626754 -0.10116452724823892 -0.10096304308373494 -0.09955626004847055 -0.03478238421278174
-0.18780923769946778 -0.18780923769946778 -0.18780923769946778 -0.18780923769946778 -0.18780923769946778 -0.18780923769946778 -0.18780923769946778 -0.18780923769946778 -0.18780923769946778 -0.18780923769946778 -0.18780923769946778 -0.18780923769946778 -0.18780923769946778 -0.18780923769946778 -0.18780923769946778 -0.18780923769946778 -0.18780923769946778 -0.18780923769946778 -0.18780923769946778 -0.18780923769946778 -0.18780923769946778 -0.18780923769946778 -0.18780923769946778 -0.18780923769946778 -0.18780923769946778 -0.18780923769946778 -0.18780923769946778 -0.18780923769946778 -0.18780923769946778 -0.18780923769946778 -0.18780923769946778 -0.18780923769946778 -0.18780923769946778 -0.18780923769946778 -0.18780923769946778 -0.18780923769946778 -0.18780923769946778 -0.18780923769946778 -0.18780923769946778 -0.18780923769946778 -0.18780923769946778 -0.18780923769946778 -0.18780923769946778 -0.18780923769946778 -0.18780923769946778 -0.18780923769946778 -0.18780923769946778 -0.18780923769946778 -0.18780923769946778 -0.18780923769946778 -0.18780923769946778 -0.18780923769946778 -0.18780923769946778 -0.18780923769946778 -0.18780923769946778 -0.18780923769946778 -0.18780923769946778 -0.18780923769946778 -0.18780923769946778 -0.18780923769946778 -0.18780923769946778 -0.18780923769946778 -0.18780923769946778 -0.18780923769946778 -0.18780923769946778 -0.18780923769946778 -0.18780923769946778 -0.18780923769946778 -0.18780923769946778 -0.18780923769946778 -0.18780923769946778 -0.18780923769946778 -0.18780923769946778 -0.18780923769946778 -0.18780923769946778 -0.13929596235882102 -0.18780923769946778 -0.13929596235882102 -0.16196334120412 -0.13929596235882102 -0.13539984258135088 -0.13616106267817707 -0.13368674091098706 -0.131099050735774 -0.12922719457274306 -0.10183010042626754 -0.10116452724823892 -0.10096304308373494 -0.09955626004847055 -0.03478238421278174
-0.09955626004847055 -0.09955626004847055 -0.09955626004847055 -0.09955626004847055 -0.09955626004847055 -0.09955626004847055 -0.09955626004847055 -0.09955626004847055 -0.09955626004847055 -0.09955626004847055 -0.09955626004847055 -0.09955626004847055 -0.09955626004847055 -0.09955626004847055 -0.09955626004847055 -0.09955626004847055 -0.09955626004847055 -0.09955626004847055 -0.09955626004847055 -0.09955626004847055 -0.09955626004847055 -0.09955626004847055 -0.09955626004847055 -0.09955626004847055 -0.09955626004847055 -0.09955626004847055 -0.09955626004847055 -0.09955626004847055 -0.09955626004847055 -0.09955626004847055 -0.09955626004847055 -0.09955626004847055 -0.09955626004847055 -0.09955626004847055 -0.09955626004847055 -0.09955626004847055 -0.09955626004847055 -0.09955626004847055 -0.09955626004847055 -0.09955626004847055 -0.09955626004847055 -0.09955626004847055 -0.09955626004847055 -0.09955626004847055 -0.09955626004847055 -0.09955626004847055 -0.09955626004847055 -0.09955626004847055 -0.09955626004847055 -0.09955626004847055 -0.09955626004847055 -0.09955626004847055 -0.09955626004847055 -0.09955626004847055 -0.09955626004847055 -0.09955626004847055 -0.09955626004847055 -0.09955626004847055 -0.09955626004847055 -0.09955626004847055 -0.09955626004847055 -0.09955626004847055 -0.09955626004847055 -0.09955626004847055 -0.09955626004847055 -0.09955626004847055 -0.09955626004847055 -0.09955626004847055 -0.09955626004847055 -0.09955626004847055 -0.09955626004847055 -0.09955626004847055 -0.09955626004847055 -0.09955626004847055 -0.09955626004847055 -0.09955626004847055 -0.09955626004847055 -0.09955626004847055 -0.09955626004847055 -0.09955626004847055 -0.09955626004847055 -0.09955626004847055 -0.09955626004847055 -0.09955626004847055 -0.09955626004847055 -0.09955626004847055 -0.09955626004847055 -0.09955626004847055 -0.09955626004847055 -0.03478238421278174
-0.37385994087224644 -0.454576821843476 -0.454576821843476 -0.454576821843476 -0.34525241177079746 -0.454576821843476 -0.37385994087224644 -0.34525241177079746 -0.454576821843476 -0.37385994087224644 -0.18780923769946778 -0.454576821843476 -0.37385994087224644 -0.37385994087224644 -0.4020420752477847 -0.37385994087224644 -0.34525241177079746 -0.34525241177079746 -0.34525241177079746 -0.34525241177079746 -0.37385994087224644 -0.37385994087224644 -0.454576821843476 -0.454576821843476 -0.34525241177079746 -0.34525241177079746 -0.37385994087224644 -0.4020420752477847 -0.4020420752477847 -0.454576821843476 -0.30293822109356205 -0.37385994087224644 -0.4020420752477847 -0.454576821843476 -0.3610202327382055 -0.3610202327382055 -0.3509736080192047 -0.37385994087224644 -0.37385994087224644 -0.4020420752477847 -0.22317121506957385 -0.22317121506957385 -0.22630341182371366 -0.22630341182371366 -0.22317121506957385 -0.22630341182371366 -0.34525241177079746 -0.34525241177079746 -0.30293822109356205 -0.22317121506957385 -0.18780923769946778 -0.18780923769946778 -0.22630341182371366 -0.34525241177079746 -0.18780923769946778 -0.22630341182371366 -0.36260553050481303 -0.30293822109356205 -0.2900315329299479 -0.3261205711559552 -0.22317121506957385 -0.22630341182371366 -0.2990369680908323 -0.2990369680908323 -0.2990369680908323 -0.30015209337902654 -0.28263066283144306 -0.28263066283144306 -0.2832310968969723 -0.2510129404658595 -0.2537526703201183 -0.24659748381816948 -0.24607646176938686 -0.20945343779655382 -0.23964894205554246 -0.13929596235882102 -0.1913684417400766 -0.13929596235882102 -0.16196334120412 -0.13929596235882102 -0.13539984258135088 -0.13616106267817707 -0.13368674091098706 -0.131099050735774 -0.12922719457274306 -0.10183010042626754 -0.10116452724823892 -0.10096304308373494 -0.09955626004847055 -0.03478238421278174
-0.37385994087224644 -0.454576821843476 -0.454576821843476 -0.454576821843476 -0.34525241177079746 -0.454576821843476 -0.37385994087224644 -0.34525241177079746 -0.454576821843476 -0.37385994087224644 -0.18780923769946778 -0.454576821843476 -0.37385994087224644 -0.37385994087224644 -0.4020420752477847 -0.37385994087224644 -0.34525241177079746 -0.34525241177079746 -0.34525241177079746 -0.34525241177079746 -0.37385994087224644 -0.37385994087224644 -0.454576821843476 -0.454576821843476 -0.34525241177079746 -0.34525241177079746 -0.37385994087224644 -0.4020420752477847 -0.4020420752477847 -0.454576821843476 -0.30293822109356205 -0.37385994087224644 -0.4020420752477847 -0.454576821843476 -0.3610202327382055 -0.3610202327382055 -0.3509736080192047 -0.37385994087224644 -0.37385994087224644 -0.4020420752477847 -0.22317121506957385 -0.22317121506957385 -0.22630341182371366 -0.22630341182371366 -0.22317121506957385 -0.22630341182371366 -0.34525241177079746 -0.34525241177079746 -0.30293822109356205 -0.22317121506957385 -0.18780923769946778 -0.18780923769946778 -0.22630341182371366 -0.34525241177079746 -0.18780923769946778 -0.22630341182371366 -0.36260553050481303 -0.30293822109356205 -0.2900315329299479 -0.3261205711559552 -0.22317121506957385 -0.22630341182371366 -0.2990369680908323 -0.2990369680908323 -0.2990369680908323 -0.30015209337902654 -0.28263066283144306 -0.28263066283144306 -0.2832310968969723 -0.2510129404658595 -0.2537526703201183 -0.24659748381816948 -0.24607646176938686 -0.20945343779655382 -0.23964894205554246 -0.13929596235882102 -0.1913684417400766 -0.13929596235882102 -0.16196334120412 -0.13929596235882102 -0.13539984258135088 -0.13616106267817707 -0.13368674091098706 -0.131099050735774 -0.12922719457274306 -0.10183010042626754 -0.10116452724823892 -0.10096304308373494 -0.09955626004847055 -0.03478238421278174
-0.37385994087224644 -0.454576821843476 -0.454576821843476 -0.454576821843476 -0.34525241177079746 -0.454576821843476 -0.37385994087224644 -0.34525241177079746 -0.454576821843476 -0.37385994087224644 -0.18780923769946778 -0.454576821843476 -0.37385994087224644 -0.37385994087224644 -0.4020420752477847 -0.37385994087224644 -0.34525241177079746 -0.34525241177079746 -0.34525241177079746 -0.34525241177079746 -0.37385994087224644 -0.37385994087224644 -0.454576821843476 -0.454576821843476 -0.34525241177079746 -0.34525241177079746 -0.37385994087224644 -0.4020420752477847 -0.4020420752477847 -0.454576821843476 -0.30293822109356205 -0.37385994087224644 -0.4020420752477847 -0.454576821843476 -0.3610202327382055 -0.3610202327382055 -0.3509736080192047 -0.37385994087224644 -0.37385994087224644 -0.4020420752477847 -0.22317121506957385 -0.22317121506957385 -0.22630341182371366 -0.22630341182371366 -0.22317121506957385 -0.22630341182371366 -0.34525241177079746 -0.34525241177079746 -0.30293822109356205 -0.22317121506957385 -0.18780923769946778 -0.18780923769946778 -0.22630341182371366 -0.34525241177079746 -0.18780923769946778 -0.22630341182371366 -0.36260553050481303 -0.30293822109356205 -0.2900315329299479 -0.3261205711559552 -0.22317121506957385 -0.22630341182371366 -0.2990369680908323 -0.2990369680908323 -0.2990369680908323 -0.30015209337902654 -0.28263066283144306 -0.28263066283144306 -0.2832310968969723 -0.2510129404658595 -0.2537526703201183 -0.24659748381816948 -0.24607646176938686 -0.20945343779655382 -0.23964894205554246 -0.13929596235882102 -0.1913684417400766 -0.13929596235882102 -0.16196334120412 -0.13929596235882102 -0.13539984258135088 -0.13616106267817707 -0.13368674091098706 -0.131099050735774 -0.12922719457274306 -0.10183010042626754 -0.10116452724823892 -0.10096304308373494 -0.09955626004847055 -0.03478238421278174
-0.3610202327382055 -0.3610202327382055 -0.3610202327382055 -0.3610202327382055 -0.34525241177079746 -0.3610202327382055 -0.3610202327382055 -0.34525241177079746 -0.3610202327382055 -0.3610202327382055 -0.18780923769946778 -0.3610202327382055 -0.3610202327382055 -0.3610202327382055 -0.3610202327382055 -0.3610202327382055 -0.34525241177079746 -0.34525241177079746 -0.34525241177079746 -0.34525241177079746 -0.3610202327382055 -0.3610202327382055 -0.3610202327382055 -0.3610202327382055 -0.34525241177079746 -0.34525241177079746 -0.3610202327382055 -0.3610202327382055 -0.3610202327382055 -0.3610202327382055 -0.30293822109356205 -0.3610202327382055 -0.3610202327382055 -0.3610202327382055 -0.3610202327382055 -0.3610202327382055 -0.3509736080192047 -0.3610202327382055 -0.3610202327382055 -0.3610202327382055 -0.22317121506957385 -0.22317121506957385 -0.22630341182371366 -0.22630341182371366 -0.22317121506957385 -0.22630341182371366 -0.34525241177079746 -0.34525241177079746 -0.30293822109356205 -0.22317121506957385 -0.18780923769946778 -0.18780923769946778 -0.22630341182371366 -0.34525241177079746 -0.18780923769946778 -0.22630341182371366 -0.3610202327382055 -0.30293822109356205 -0.2900315329299479 -0.3261205711559552 -0.22317121506957385 -0.22630341182371366 -0.2990369680908323 -0.2990369680908323 -0.2990369680908323 -0.30015209337902654 -0.28263066283144306 -0.28263066283144306 -0.2832310968969723 -0.2510129404658595 -0.2537526703201183 -0.24659748381816948 -0.24607646176938686 -0.20945343779655382 -0.23964894205554246 -0.13929596235882102 -0.1913684417400766 -0.13929596235882102 -0.16196334120412 -0.13929596235882102 -0.13539984258135088 -0.13616106267817707 -0.13368674091098706 -0.131099050735774 -0.12922719457274306 -0.10183010042626754 -0.10116452724823892 -0.10096304308373494 -0.09955626004847055 -0.03478238421278174
-0.37385994087224644 -0.4020420752477847 -0.4020420752477847 -0.4020420752477847 -0.34525241177079746 -0.4020420752477847 -0.37385994087224644 -0.34525241177079746 -0.4020420752477847 -0.37385994087224644 -0.18780923769946778 -0.4020420752477847 -0.37385994087224644 -0.37385994087224644 -0.4020420752477847 -0.37385994087224644 -0.34525241177079746 -0.34525241177079746 -0.34525241177079746 -0.34525241177079746 -0.37385994087224644 -0.37385994087224644 -0.4020420752477847 -0.4020420752477847 -0.34525241177079746 -0.34525241177079746 -0.37385994087224644 -0.4020420752477847 -0.4020420752477847 -0.4020420752477847 -0.30293822109356205 -0.37385994087224644 -0.4020420752477847 -0.4020420752477847 -0.3610202327382055 -0.3610202327382055 -0.3509736080192047 -0.37385994087224644 -0.37385994087224644 -0.4020420752477847 -0.22317121506957385 -0.22317121506957385 -0.22630341182371366 -0.22630341182371366 -0.22317121506957385 -0.22630341182371366 -0.34525241177079746 -0.34525241177079746 -0.30293822109356205 -0.22317121506957385 -0.18780923769946778 -0.18780923769946778 -0.22630341182371366 -0.34525241177079746 -0.18780923769946778 -0.22630341182371366 -0.36260553050481303 -0.30293822109356205 -0.2900315329299479 -0.3261205711559552 -0.22317121506957385 -0.22630341182371366 -0.2990369680908323 -0.2990369680908323 -0.2990369680908323 -0.30015209337902654 -0.28263066283144306 -0.28263066283144306 -0.2832310968969723 -0.2510129404658595 -0.2537526703201183 -0.24659748381816948 -0.24607646176938686 -0.20945343779655382 -0.23964894205554246 -0.13929596235882102 -0.1913684417400766 -0.13929596235882102 -0.16196334120412 -0.13929596235882102 -0.13539984258135088 -0.13616106267817707 -0.13368674091098706 -0.131099050735774 -0.12922719457274306 -0.10183010042626754 -0.10116452724823892 -0.10096304308373494 -0.09955626004847055 -0.03478238421278174
-0.16196334120412 -0.16196334120412 -0.16196334120412 -0.16196334120412 -0.16196334120412 -0.16196334120412 -0.16196334120412 -0.16196334120412 -0.16196334120412 -0.16196334120412 -0.16196334120412 -0.16196334120412 -0.16196334120412 -0.16196334120412 -0.16196334120412 -0.16196334120412 -0.16196334120412 -0.16196334120412 -0.16196334120412 -0.16196334120412 -0.16196334120412 -0.16196334120412 -0.16196334120412 -0.16196334120412 -0.16196334120412 -0.16196334120412 -0.16196334120412 -0.16196334120412 -0.16196334120412 -0.16196334120412 -0.16196334120412 -0.16196334120412 -0.16196334120412 -0.16196334120412 -0.16196334120412 -0.16196334120412 -0.16196334120412 -0.16196334120412 -0.16196334120412 -0.16196334120412 -0.16196334120412 -0.16196334120412 -0.16196334120412 -0.16196334120412 -0.16196334120412 -0.16196334120412 -0.16196334120412 -0.16196334120412 -0.16196334120412 -0.16196334120412 -0.16196334120412 -0.16196334120412 -0.16196334120412 -0.16196334120412 -0.16196334120412 -0.16196334120412 -0.16196334120412 -0.16196334120412 -0.16196334120412 -0.16196334120412 -0.16196334120412 -0.16196334120412 -0.16196334120412 -0.16196334120412 -0.16196334120412 -0.16196334120412 -0.16196334120412 -0.16196334120412 -0.16196334120412 -0.16196334120412 -0.16196334120412 -0.16196334120412 -0.16196334120412 -0.16196334120412 -0.16196334120412 -0.13929596235882102 -0.16196334120412 -0.13929596235882102 -0.16196334120412 -0.13929596235882102 -0.13539984258135088 -0.13616106267817707 -0.13368674091098706 -0.131099050735774 -0.12922719457274306 -0.10183010042626754 -0.10116452724823892 -0.10096304308373494 -0.09955626004847055 -0.03478238421278174
-0.22317121506957385 -0.22317121506957385 -0.22317121506957385 -0.22317121506957385 -0.22317121506957385 -0.22317121506957385 -0.22317121506957385 -0.22317121506957385 -0.22317121506957385 -0.22317121506957385 -0.18780923769946778 -0.22317121506957385 -0.22317121506957385 -0.22317121506957385 -0.22317121506957385 -0.22317121506957385 -0.22317121506957385 -0.22317121506957385 -0.22317121506957385 -0.22317121506957385 -0.22317121506957385 -0.22317121506957385 -0.22317121506957385 -0.22317121506957385 -0.22317121506957385 -0.22317121506957385 -0.22317121506957385 -0.22317121506957385 -0.22317121506957385 -0.22317121506957385 -0.22317121506957385 -0.22317121506957385 -0.22317121506957385 -0.22317121506957385 -0.22317121506957385 -0.22317121506957385 -0.22317121506957385 -0.22317121506957385 -0.22317121506957385 -0.22317121506957385 -0.22317121506957385 -0.22317121506957385 -0.22317121506957385 -0.22317121506957385 -0.22317121506957385 -0.22317121506957385 -0.22317121506957385 -0.22317121506957385 -0.22317121506957385 -0.22317121506957385 -0.18780923769946778 -0.18780923769946778 -0.22317121506957385 -0.22317121506957385 -0.18780923769946778 -0.22317121506957385 -0.22317121506957385 -0.22317121506957385 -0.22317121506957385 -0.22317121506957385 -0.22317121506957385 -0.22317121506957385 -0.22317121506957385 -0.22317121506957385 -0.22317121506957385 -0.22317121506957385 -0.22317121506957385 -0.22317121506957385 -0.22317121506957385 -0.22317121506957385 -0.22317121506957385 -0.22317121506957385 -0.22317121506957385 -0.20945343779655382 -0.22317121506957385 -0.13929596235882102 -0.1913684417400766 -0.13929596235882102 -0.16196334120412 -0.13929596235882102 -0.13539984258135088 -0.13616106267817707 -0.13368674091098706 -0.131099050735774 -0.12922719457274306 -0.10183010042626754 -0.10116452724823892 -0.10096304308373494 -0.09955626004847055 -0.03478238421278174
-0.22317121506957385 -0.22317121506957385 -0.22317121506957385 -0.22317121506957385 -0.22317121506957385 -0.22317121506957385 -0.22317121506957385 -0.22317121506957385 -0.22317121506957385 -0.22317121506957385 -0.18780923769946778 -0.22317121506957385 -0.22317121506957385 -0.22317121506957385 -0.22317121506957385 -0.22317121506957385 -0.22317121506957385 -0.22317121506957385 -0.22317121506957385 -0.22317121506957385 -0.22317121506957385 -0.22317121506957385 -0.22317121506957385 -0.22317121506957385 -0.22317121506957385 -0.22317121506957385 -0.22317121506957385 -0.22317121506957385 -0.22317121506957385 -0.22317121506957385 -0.22317121506957385 -0.22317121506957385 -0.22317121506957385 -0.22317121506957385 -0.22317121506957385 -0.22317121506957385 -0.22317121506957385 -0.22317121506957385 -0.22317121506957385 -0.22317121506957385 -0.22317121506957385 -0.22317121506957385 -0.22317121506957385 -0.22317121506957385 -0.22317121506957385 -0.22317121506957385 -0.22317121506957385 -0.22317121506957385 -0.22317121506957385 -0.22317121506957385 -0.18780923769946778 -0.18780923769946778 -0.22317121506957385 -0.22317121506957385 -0.18780923769946778 -0.22317121506957385 -0.22317121506957385 -0.22317121506957385 -0.22317121506957385 -0.22317121506957385 -0.22317121506957385 -0.22317121506957385 -0.22317121506957385 -0.22317121506957385 -0.22317121506957385 -0.22317121506957385 -0.22317121506957385 -0.22317121506957385 -0.22317121506957385 -0.22317121506957385 -0.22317121506957385 -0.22317121506957385 -0.22317121506957385 -0.20945343779655382 -0.22317121506957385 -0.13929596235882102 -0.1913684417400766 -0.13929596235882102 -0.16196334120412 -0.13929596235882102 -0.13539984258135088 -0.13616106267817707 -0.13368674091098706 -0.131099050735774 -0.12922719457274306 -0.10183010042626754 -0.10116452724823892 -0.10096304308373494 -0.09955626004847055 -0.03478238421278174
-0.22317121506957385 -0.22317121506957385 -0.22317121506957385 -0.22317121506957385 -0.22317121506957385 -0.22317121506957385 -0.22317121506957385 -0.22317121506957385 -0.22317121506957385 -0.22317121506957385 -0.18780923769946778 -0.22317121506957385 -0.22317121506957385 -0.22317121506957385 -0.22317121506957385 -0.22317121506957385 -0.22317121506957385 -0.22317121506957385 -0.22317121506957385 -0.22317121506957385 -0.22317121506957385 -0.22317121506957385 -0.22317121506957385 -0.22317121506957385 -0.22317121506957385 -0.22317121506957385 -0.22317121506957385 -0.22317121506957385 -0.22317121506957385 -0.22317121506957385 -0.22317121506957385 -0.22317121506957385 -0.22317121506957385 -0.22317121506957385 -0.22317121506957385 -0.22317121506957385 -0.22317121506957385 -0.22317121506957385 -0.22317121506957385 -0.22317121506957385 -0.22317121506957385 -0.22317121506957385 -0.22317121506957385 -0.22317121506957385 -0.22317121506957385 -0.22317121506957385 -0.22317121506957385 -0.22317121506957385 -0.22317121506957385 -0.22317121506957385 -0.18780923769946778 -0.18780923769946778 -0.22317121506957385 -0.22317121506957385 -0.18780923769946778 -0.22317121506957385 -0.22317121506957385 -0.22317121506957385 -0.22317121506957385 -0.22317121506957385 -0.22317121506957385 -0.22317121506957385 -0.22317121506957385 -0.22317121506957385 -0.22317121506957385 -0.22317121506957385 -0.22317121506957385 -0.22317121506957385 -0.22317121506957385 -0.22317121506957385 -0.22317121506957385 -0.22317121506957385 -0.22317121506957385 -0.20945343779655382 -0.22317121506957385 -0.13929596235882102 -0.1913684417400766 -0.13929596235882102 -0.16196334120412 -0.13929596235882102 -0.13539984258135088 -0.13616106267817707 -0.13368674091098706 -0.131099050735774 -0.12922719457274306 -0.10183010042626754 -0.10116452724823892 -0.10096304308373494 -0.09955626004847055 -0.03478238421278174
-0.22317121506957385 -0.22317121506957385 -0.22317121506957385 -0.22317121506957385 -0.22317121506957385 -0.22317121506957385 -0.22317121506957385 -0.22317121506957385 -0.22317121506957385 -0.22317121506957385 -0.18780923769946778 -0.22317121506957385 -0.22317121506957385 -0.22317121506957385 -0.22317121506957385 -0.22317121506957385 -0.22317121506957385 -0.22317121506957385 -0.22317121506957385 -0.22317121506957385 -0.22317121506957385 -0.22317121506957385 -0.22317121506957385 -0.22317121506957385 -0.22317121506957385 -0.22317121506957385 -0.22317121506957385 -0.22317121506957385 -0.22317121506957385 -0.22317121506957385 -0.22317121506957385 -0.22317121506957385 -0.22317121506957385 -0.22317121506957385 -0.22317121506957385 -0.22317121506957385 -0.22317121506957385 -0.22317121506957385 -0.22317121506957385 -0.22317121506957385 -0.22317121506957385 -0.22317121506957385 -0.22317121506957385 -0.22317121506957385 -0.22317121506957385 -0.22317121506957385 -0.22317121506957385 -0.22317121506957385 -0.22317121506957385 -0.22317121506957385 -0.18780923769946778 -0.18780923769946778 -0.22317121506957385 -0.22317121506957385 -0.18780923769946778 -0.22317121506957385 -0.22317121506957385 -0.22317121506957385 -0.22317121506957385 -0.22317121506957385 -0.22317121506957385 -0.22317121506957385 -0.22317121506957385 -0.22317121506957385 -0.22317121506957385 -0.22317121506957385 -0.22317121506957385 -0.22317121506957385 -0.22317121506957385 -0.22317121506957385 -0.22317121506957385 -0.22317121506957385 -0.22317121506957385 -0.20945343779655382 -0.22317121506957385 -0.13929596235882102 -0.1913684417400766 -0.13929596235882102 -0.16196334120412 -0.13929596235882102 -0.13539984258135088 -0.13616106267817707 -0.13368674091098706 -0.131099050735774 -0.12922719457274306 -0.10183010042626754 -0.10116452724823892 -0.10096304308373494 -0.09955626004847055 -0.03478238421278174
-0.22317121506957385 -0.22317121506957385 -0.22317121506957385 -0.22317121506957385 -0.22317121506957385 -0.22317121506957385 -0.22317121506957385 -0.22317121506957385 -0.22317121506957385 -0.22317121506957385 -0.18780923769946778 -0.22317121506957385 -0.22317121506957385 -0.22317121506957385 -0.22317121506957385 -0.22317121506957385 -0.22317121506957385 -0.22317121506957385 -0.22317121506957385 -0.22317121506957385 -0.22317121506957385 -0.22317121506957385 -0.22317121506957385 -0.22317121506957385 -0.22317121506957385 -0.22317121506957385 -0.22317121506957385 -0.22317121506957385 -0.22317121506957385 -0.22317121506957385 -0.22317121506957385 -0.22317121506957385 -0.22317121506957385 -0.22317121506957385 -0.22317121506957385 -0.22317121506957385 -0.22317121506957385 -0.22317121506957385 -0.22317121506957385 -0.22317121506957385 -0.30299601940476223 -0.30299601940476223 -0.22317121506957385 -0.22317121506957385 -0.3954104580114922 -0.22317121506957385 -0.22317121506957385 -0.22317121506957385 -0.22317121506957385 -0.30299601940476223 -0.18780923769946778 -0.18780923769946778 -0.22317121506957385 -0.22317121506957385 -0.18780923769946778 -0.22317121506957385 -0.22317121506957385 -0.22317121506957385 -0.22317121506957385 -0.22317121506957385 -0.30299601940476223 -0.22317121506957385 -0.22317121506957385 -0.22317121506957385 -0.22317121506957385 -0.22317121506957385 -0.22317121506957385 -0.22317121506957385 -0.22317121506957385 -0.22317121506957385 -0.22317121506957385 -0.22317121506957385 -0.22317121506957385 -0.20945343779655382 -0.22317121506957385 -0.13929596235882102 -0.1913684417400766 -0.13929596235882102 -0.16196334120412 -0.13929596235882102 -0.13539984258135088 -0.13616106267817707 -0.13368674091098706 -0.131099050735774 -0.12922719457274306 -0.10183010042626754 -0.10116452724823892 -0.10096304308373494 -0.09955626004847055 -0.03478238421278174
-0.22630341182371366 -0.22630341182371366 -0.22630341182371366 -0.22630341182371366 -0.22630341182371366 -0.22630341182371366 -0.22630341182371366 -0.22630341182371366 -0.22630341182371366 -0.22630341182371366 -0.18780923769946778 -0.22630341182371366 -0.22630341182371366 -0.22630341182371366 -0.22630341182371366 -0.22630341182371366 -0.22630341182371366 -0.22630341182371366 -0.22630341182371366 -0.22630341182371366 -0.22630341182371366 -0.22630341182371366 -0.22630341182371366 -0.22630341182371366 -0.22630341182371366 -0.22630341182371366 -0.22630341182371366 -0.22630341182371366 -0.22630341182371366 -0.22630341182371366 -0.22630341182371366 -0.22630341182371366 -0.22630341182371366 -0.22630341182371366 -0.22630341182371366 -0.22630341182371366 -0.22630341182371366 -0.22630341182371366 -0.22630341182371366 -0.22630341182371366 -0.22317121506957385 -0.22317121506957385 -0.3487321063313011 -0.3330909990089744 -0.22317121506957385 -0.3941100065566859 -0.22630341182371366 -0.22630341182371366 -0.22630341182371366 -0.22317121506957385 -0.18780923769946778 -0.18780923769946778 -0.3330909990089744 -0.22630341182371366 -0.18780923769946778 -0.31813744384676945 -0.22630341182371366 -0.22630341182371366 -0.22630341182371366 -0.22630341182371366 -0.22317121506957385 -0.2892792640815671 -0.22630341182371366 -0.22630341182371366 -0.22630341182371366 -0.22630341182371366 -0.22630341182371366 -0.22630341182371366 -0.22630341182371366 -0.22630341182371366 -0.22630341182371366 -0.22630341182371366 -0.22630341182371366 -0.20945343779655382 -0.22630341182371366 -0.13929596235882102 -0.1913684417400766 -0.13929596235882102 -0.16196334120412 -0.13929596235882102 -0.13539984258135088 -0.13616106267817707 -0.13368674091098706 -0.131099050735774 -0.12922719457274306 -0.10183010042626754 -0.10116452724823892 -0.10096304308373494 -0.09955626004847055 -0.03478238421278174
-0.37385994087224644 -0.39380565592943856 -0.39380565592943856 -0.39380565592943856 -0.34525241177079746 -0.39380565592943856 -0.37385994087224644 -0.34525241177079746 -0.39380565592943856 -0.37385994087224644 -0.18780923769946778 -0.39380565592943856 -0.37385994087224644 -0.37385994087224644 -0.39380565592943856 -0.37385994087224644 -0.34525241177079746 -0.34525241177079746 -0.34525241177079746 -0.34525241177079746 -0.37385994087224644 -0.37385994087224644 -0.39380565592943856 -0.39380565592943856 -0.34525241177079746 -0.34525241177079746 -0.37385994087224644 -0.39380565592943856 -0.39380565592943856 -0.39380565592943856 -0.30293822109356205 -0.37385994087224644 -0.39380565592943856 -0.39380565592943856 -0.3610202327382055 -0.3610202327382055 -0.3509736080192047 -0.37385994087224644 -0.37385994087224644 -0.39380565592943856 -0.22317121506957385 -0.22317121506957385 -0.22630341182371366 -0.22630341182371366 -0.22317121506957385 -0.22630341182371366 -0.34525241177079746 -0.34525241177079746 -0.30293822109356205 -0.22317121506957385 -0.18780923769946778 -0.18780923769946778 -0.22630341182371366 -0.34525241177079746 -0.18780923769946778 -0.22630341182371366 -0.36260553050481303 -0.30293822109356205 -0.2900315329299479 -0.3261205711559552 -0.22317121506957385 -0.22630341182371366 -0.2990369680908323 -0.2990369680908323 -0.2990369680908323 -0.30015209337902654 -0.28263066283144306 -0.28263066283144306 -0.2832310968969723 -0.2510129404658595 -0.2537526703201183 -0.24659748381816948 -0.24607646176938686 -0.20945343779655382 -0.23964894205554246 -0.13929596235882102 -0.1913684417400766 -0.13929596235882102 -0.16196334120412 -0.13929596235882102 -0.13539984258135088 -0.13616106267817707 -0.13368674091098706 -0.131099050735774 -0.12922719457274306 -0.10183010042626754 -0.10116452724823892 -0.10096304308373494 -0.09955626004847055 -0.03478238421278174
-0.22317121506957385 -0.22317121506957385 -0.22317121506957385 -0.22317121506957385 -0.22317121506957385 -0.22317121506957385 -0.22317121506957385 -0.22317121506957385 -0.22317121506957385 -0.22317121506957385 -0.18780923769946778 -0.22317121506957385 -0.22317121506957385 -0.22317121506957385 -0.22317121506957385 -0.22317121506957385 -0.22317121506957385 -0.22317121506957385 -0.22317121506957385 -0.22317121506957385 -0.22317121506957385 -0.22317121506957385 -0.22317121506957385 -0.22317121506957385 -0.22317121506957385 -0.22317121506957385 -0.22317121506957385 -0.22317121506957385 -0.22317121506957385 -0.22317121506957385 -0.22317121506957385 -0.22317121506957385 -0.22317121506957385 -0.22317121506957385 -0.22317121506957385 -0.22317121506957385 -0.22317121506957385 -0.22317121506957385 -0.22317121506957385 -0.22317121506957385 -0.39348940910742414 -0.3886749714657448 -0.22317121506957385 -0.22317121506957385 -0.30299601940476223 -0.22317121506957385 -0.22317121506957385 -0.22317121506957385 -0.22317121506957385 -0.336301964182595 -0.18780923769946778 -0.18780923769946778 -0.22317121506957385 -0.22317121506957385 -0.18780923769946778 -0.22317121506957385 -0.22317121506957385 -0.22317121506957385 -0.22317121506957385 -0.22317121506957385 -0.3223168623823805 -0.22317121506957385 -0.22317121506957385 -0.22317121506957385 -0.22317121506957385 -0.22317121506957385 -0.22317121506957385 -0.22317121506957385 -0.22317121506957385 -0.22317121506957385 -0.22317121506957385 -0.22317121506957385 -0.22317121506957385 -0.20945343779655382 -0.22317121506957385 -0.13929596235882102 -0.1913684417400766 -0.13929596235882102 -0.16196334120412 -0.13929596235882102 -0.13539984258135088 -0.13616106267817707 -0.13368674091098706 -0.131099050735774 -0.12922719457274306 -0.10183010042626754 -0.10116452724823892 -0.10096304308373494 -0.09955626004847055 -0.03478238421278174
-0.22630341182371366 -0.22630341182371366 -0.22630341182371366 -0.22630341182371366 -0.22630341182371366 -0.22630341182371366 -0.22630341182371366 -0.22630341182371366 -0.22630341182371366 -0.22630341182371366 -0.18780923769946778 -0.22630341182371366 -0.22630341182371366 -0.22630341182371366 -0.22630341182371366 -0.22630341182371366 -0.22630341182371366 -0.22630341182371366 -0.22630341182371366 -0.22630341182371366 -0.22630341182371366 -0.22630341182371366 -0.22630341182371366 -0.22630341182371366 -0.22630341182371366 -0.22630341182371366 -0.22630341182371366 -0.22630341182371366 -0.22630341182371366 -0.22630341182371366 -0.22630341182371366 -0.22630341182371366 -0.22630341182371366 -0.22630341182371366 -0.22630341182371366 -0.22630341182371366 -0.22630341182371366 -0.22630341182371366 -0.22630341182371366 -0.22630341182371366 -0.22317121506957385 -0.22317121506957385 -0.39164129134097153 -0.3330909990089744 -0.22317121506957385 -0.3487321063313011 -0.22630341182371366 -0.22630341182371366 -0.22630341182371366 -0.22317121506957385 -0.18780923769946778 -0.18780923769946778 -0.3330909990089744 -0.22630341182371366 -0.18780923769946778 -0.31813744384676945 -0.22630341182371366 -0.22630341182371366 -0.22630341182371366 -0.22630341182371366 -0.22317121506957385 -0.2892792640815671 -0.22630341182371366 -0.22630341182371366 -0.22630341182371366 -0.22630341182371366 -0.22630341182371366 -0.22630341182371366 -0.22630341182371366 -0.22630341182371366 -0.22630341182371366 -0.22630341182371366 -0.22630341182371366 -0.20945343779655382 -0.22630341182371366 -0.13929596235882102 -0.1913684417400766 -0.13929596235882102 -0.16196334120412 -0.13929596235882102 -0.13539984258135088 -0.13616106267817707 -0.13368674091098706 -0.131099050735774 -0.12922719457274306 -0.10183010042626754 -0.10116452724823892 -0.10096304308373494 -0.09955626004847055 -0.03478238421278174
-0.28263066283144306 -0.28263066283144306 -0.28263066283144306 -0.28263066283144306 -0.28263066283144306 -0.28263066283144306 -0.28263066283144306 -0.28263066283144306 -0.28263066283144306 -0.28263066283144306 -0.18780923769946778 -0.28263066283144306 -0.28263066283144306 -0.28263066283144306 -0.28263066283144306 -0.28263066283144306 -0.28263066283144306 -0.28263066283144306 -0.28263066283144306 -0.28263066283144306 -0.28263066283144306 -0.28263066283144306 -0.28263066283144306 -0.28263066283144306 -0.28263066283144306 -0.28263066283144306 -0.28263066283144306 -0.28263066283144306 -0.28263066283144306 -0.28263066283144306 -0.28263066283144306 -0.28263066283144306 -0.28263066283144306 -0.28263066283144306 -0.28263066283144306 -0.28263066283144306 -0.28263066283144306 -0.28263066283144306 -0.28263066283144306 -0.28263066283144306 -0.22317121506957385 -0.22317121506957385 -0.22630341182371366 -0.22630341182371366 -0.22317121506957385 -0.22630341182371366 -0.28263066283144306 -0.28263066283144306 -0.28263066283144306 -0.22317121506957385 -0.18780923769946778 -0.18780923769946778 -0.22630341182371366 -0.28263066283144306 -0.18780923769946778 -0.22630341182371366 -0.28263066283144306 -0.28263066283144306 -0.28263066283144306 -0.28263066283144306 -0.22317121506957385 -0.22630341182371366 -0.28263066283144306 -0.28263066283144306 -0.28263066283144306 -0.28263066283144306 -0.28263066283144306 -0.28263066283144306 -0.28263066283144306 -0.2510129404658595 -0.2537526703201183 -0.24659748381816948 -0.24607646176938686 -0.20945343779655382 -0.23964894205554246 -0.13929596235882102 -0.1913684417400766 -0.13929596235882102 -0.16196334120412 -0.13929596235882102 -0.13539984258135088 -0.13616106267817707 -0.13368674091098706 -0.131099050735774 -0.12922719457274306 -0.10183010042626754 -0.10116452724823892 -0.10096304308373494 -0.09955626004847055 -0.03478238421278174
-0.22317121506957385 -0.22317121506957385 -0.22317121506957385 -0.22317121506957385 -0.22317121506957385 -0.22317121506957385 -0.22317121506957385 -0.22317121506957385 -0.22317121506957385 -0.22317121506957385 -0.18780923769946778 -0.22317121506957385 -0.22317121506957385 -0.22317121506957385 -0.22317121506957385 -0.22317121506957385 -0.22317121506957385 -0.22317121506957385 -0.22317121506957385 -0.22317121506957385 -0.22317121506957385 -0.22317121506957385 -0.22317121506957385 -0.22317121506957385 -0.22317121506957385 -0.22317121506957385 -0.22317121506957385 -0.22317121506957385 -0.22317121506957385 -0.22317121506957385 -0.22317121506957385 -0.22317121506957385 -0.22317121506957385 -0.22317121506957385 -0.22317121506957385 -0.22317121506957385 -0.22317121506957385 -0.22317121506957385 -0.22317121506957385 -0.22317121506957385 -0.3881630630369936 -0.3881630630369936 -0.22317121506957385 -0.22317121506957385 -0.30299601940476223 -0.22317121506957385 -0.22317121506957385 -0.22317121506957385 -0.22317121506957385 -0.336301964182595 -0.18780923769946778 -0.18780923769946778 -0.22317121506957385 -0.22317121506957385 -0.18780923769946778 -0.22317121506957385 -0.22317121506957385 -0.22317121506957385 -0.22317121506957385 -0.22317121506957385 -0.3223168623823805 -0.22317121506957385 -0.22317121506957385 -0.22317121506957385 -0.22317121506957385 -0.22317121506957385 -0.22317121506957385 -0.22317121506957385 -0.22317121506957385 -0.22317121506957385 -0.22317121506957385 -0.22317121506957385 -0.22317121506957385 -0.20945343779655382 -0.22317121506957385 -0.13929596235882102 -0.1913684417400766 -0.13929596235882102 -0.16196334120412 -0.13929596235882102 -0.13539984258135088 -0.13616106267817707 -0.13368674091098706 -0.131099050735774 -0.12922719457274306 -0.10183010042626754 -0.10116452724823892 -0.10096304308373494 -0.09955626004847055 -0.03478238421278174
-0.22630341182371366 -0.22630341182371366 -0.22630341182371366 -0.22630341182371366 -0.22630341182371366 -0.22630341182371366 -0.22630341182371366 -0.22630341182371366 -0.22630341182371366 -0.22630341182371366 -0.18780923769946778 -0.22630341182371366 -0.22630341182371366 -0.22630341182371366 -0.22630341182371366 -0.22630341182371366 -0.22630341182371366 -0.22630341182371366 -0.22630341182371366 -0.22630341182371366 -0.22630341182371366 -0.22630341182371366 -0.22630341182371366 -0.22630341182371366 -0.22630341182371366 -0.22630341182371366 -0.22630341182371366 -0.22630341182371366 -0.22630341182371366 -0.22630341182371366 -0.22630341182371366 -0.22630341182371366 -0.22630341182371366 -0.22630341182371366 -0.22630341182371366 -0.22630341182371366 -0.22630341182371366 -0.22630341182371366 -0.22630341182371366 -0.22630341182371366 -0.22317121506957385 -0.22317121506957385 -0.3330909990089744 -0.3858380311441473 -0.22317121506957385 -0.3330909990089744 -0.22630341182371366 -0.22630341182371366 -0.22630341182371366 -0.22317121506957385 -0.18780923769946778 -0.18780923769946778 -0.3622457322208331 -0.22630341182371366 -0.18780923769946778 -0.31813744384676945 -0.22630341182371366 -0.22630341182371366 -0.22630341182371366 -0.22630341182371366 -0.22317121506957385 -0.2892792640815671 -0.22630341182371366 -0.22630341182371366 -0.22630341182371366 -0.22630341182371366 -0.22630341182371366 -0.22630341182371366 -0.22630341182371366 -0.22630341182371366 -0.22630341182371366 -0.22630341182371366 -0.22630341182371366 -0.20945343779655382 -0.22630341182371366 -0.13929596235882102 -0.1913684417400766 -0.13929596235882102 -0.16196334120412 -0.13929596235882102 -0.13539984258135088 -0.13616106267817707 -0.13368674091098706 -0.131099050735774 -0.12922719457274306 -0.10183010042626754 -0.10116452724823892 -0.10096304308373494 -0.09955626004847055 -0.03478238421278174
-0.22317121506957385 -0.22317121506957385 -0.22317121506957385 -0.22317121506957385 -0.22317121506957385 -0.22317121506957385 -0.22317121506957385 -0.22317121506957385 -0.22317121506957385 -0.22317121506957385 -0.18780923769946778 -0.22317121506957385 -0.22317121506957385 -0.22317121506957385 -0.22317121506957385 -0.22317121506957385 -0.22317121506957385 -0.22317121506957385 -0.22317121506957385 -0.22317121506957385 -0.22317121506957385 -0.22317121506957385 -0.22317121506957385 -0.22317121506957385 -0.22317121506957385 -0.22317121506957385 -0.22317121506957385 -0.22317121506957385 -0.22317121506957385 -0.22317121506957385 -0.22317121506957385 -0.22317121506957385 -0.22317121506957385 -0.22317121506957385 -0.22317121506957385 -0.22317121506957385 -0.22317121506957385 -0.22317121506957385 -0.22317121506957385 -0.22317121506957385 -0.22317121506957385 -0.22317121506957385 -0.22317121506957385 -0.22317121506957385 -0.22317121506957385 -0.22317121506957385 -0.22317121506957385 -0.22317121506957385 -0.22317121506957385 -0.22317121506957385 -0.18780923769946778 -0.18780923769946778 -0.22317121506957385 -0.22317121506957385 -0.18780923769946778 -0.22317121506957385 -0.22317121506957385 -0.22317121506957385 -0.22317121506957385 -0.22317121506957385 -0.22317121506957385 -0.22317121506957385 -0.22317121506957385 -0.22317121506957385 -0.22317121506957385 -0.22317121506957385 -0.22317121506957385 -0.22317121506957385 -0.22317121506957385 -0.22317121506957385 -0.22317121506957385 -0.22317121506957385 -0.22317121506957385 -0.20945343779655382 -0.22317121506957385 -0.13929596235882102 -0.1913684417400766 -0.13929596235882102 -0.16196334120412 -0.13929596235882102 -0.13539984258135088 -0.13616106267817707 -0.13368674091098706 -0.131099050735774 -0.12922719457274306 -0.10183010042626754 -0.10116452724823892 -0.10096304308373494 -0.09955626004847055 -0.03478238421278174
-0.22317121506957385 -0.22317121506957385 -0.22317121506957385 -0.22317121506957385 -0.22317121506957385 -0.22317121506957385 -0.22317121506957385 -0.22317121506957385 -0.22317121506957385 -0.22317121506957385 -0.18780923769946778 -0.22317121506957385 -0.22317121506957385 -0.22317121506957385 -0.22317121506957385 -0.22317121506957385 -0.22317121506957385 -0.22317121506957385 -0.22317121506957385 -0.22317121506957385 -0.22317121506957385 -0.22317121506957385 -0.22317121506957385 -0.22317121506957385 -0.22317121506957385 -0.22317121506957385 -0.22317121506957385 -0.22317121506957385 -0.22317121506957385 -0.22317121506957385 -0.22317121506957385 -0.22317121506957385 -0.22317121506957385 -0.22317121506957385 -0.22317121506957385 -0.22317121506957385 -0.22317121506957385 -0.22317121506957385 -0.22317121506957385 -0.22317121506957385 -0.30299601940476223 -0.30299601940476223 -0.22317121506957385 -0.22317121506957385 -0.36484408899453435 -0.22317121506957385 -0.22317121506957385 -0.22317121506957385 -0.22317121506957385 -0.30299601940476223 -0.18780923769946778 -0.18780923769946778 -0.22317121506957385 -0.22317121506957385 -0.18780923769946778 -0.22317121506957385 -0.22317121506957385 -0.22317121506957385 -0.22317121506957385 -0.22317121506957385 -0.30299601940476223 -0.22317121506957385 -0.22317121506957385 -0.22317121506957385 -0.22317121506957385 -0.22317121506957385 -0.22317121506957385 -0.22317121506957385 -0.22317121506957385 -0.22317121506957385 -0.22317121506957385 -0.22317121506957385 -0.22317121506957385 -0.20945343779655382 -0.22317121506957385 -0.13929596235882102 -0.1913684417400766 -0.13929596235882102 -0.16196334120412 -0.13929596235882102 -0.13539984258135088 -0.13616106267817707 -0.13368674091098706 -0.131099050735774 -0.12922719457274306 -0.10183010042626754 -0.10116452724823892 -0.10096304308373494 -0.09955626004847055 -0.03478238421278174
-0.22630341182371366 -0.22630341182371366 -0.22630341182371366 -0.22630341182371366 -0.22630341182371366 -0.22630341182371366 -0.22630341182371366 -0.22630341182371366 -0.22630341182371366 -0.22630341182371366 -0.18780923769946778 -0.22630341182371366 -0.22630341182371366 -0.22630341182371366 -0.22630341182371366 -0.22630341182371366 -0.22630341182371366 -0.22630341182371366 -0.22630341182371366 -0.22630341182371366 -0.22630341182371366 -0.22630341182371366 -0.22630341182371366 -0.22630341182371366 -0.22630341182371366 -0.22630341182371366 -0.22630341182371366 -0.22630341182371366 -0.22630341182371366 -0.22630341182371366 -0.22630341182371366 -0.22630341182371366 -0.22630341182371366 -0.22630341182371366 -0.22630341182371366 -0.22630341182371366 -0.22630341182371366 -0.22630341182371366 -0.22630341182371366 -0.22630341182371366 -0.22317121506957385 -0.22317121506957385 -0.31813744384676945 -0.31813744384676945 -0.22317121506957385 -0.31813744384676945 -0.22630341182371366 -0.22630341182371366 -0.22630341182371366 -0.22317121506957385 -0.18780923769946778 -0.18780923769946778 -0.31813744384676945 -0.22630341182371366 -0.18780923769946778 -0.36415509779799127 -0.22630341182371366 -0.22630341182371366 -0.22630341182371366 -0.22630341182371366 -0.22317121506957385 -0.2892792640815671 -0.22630341182371366 -0.22630341182371366 -0.22630341182371366 -0.22630341182371366 -0.22630341182371366 -0.22630341182371366 -0.22630341182371366 -0.22630341182371366 -0.22630341182371366 -0.22630341182371366 -0.22630341182371366 -0.20945343779655382 -0.22630341182371366 -0.13929596235882102 -0.1913684417400766 -0.13929596235882102 -0.16196334120412 -0.13929596235882102 -0.13539984258135088 -0.13616106267817707 -0.13368674091098706 -0.131099050735774 -0.12922719457274306 -0.10183010042626754 -0.10116452724823892 -0.10096304308373494 -0.09955626004847055 -0.03478238421278174
-0.22317121506957385 -0.22317121506957385 -0.22317121506957385 -0.22317121506957385 -0.22317121506957385 -0.22317121506957385 -0.22317121506957385 -0.22317121506957385 -0.22317121506957385 -0.22317121506957385 -0.18780923769946778 -0.22317121506957385 -0.22317121506957385 -0.22317121506957385 -0.22317121506957385 -0.22317121506957385 -0.22317121506957385 -0.22317121506957385 -0.22317121506957385 -0.22317121506957385 -0.22317121506957385 -0.22317121506957385 -0.22317121506957385 -0.22317121506957385 -0.22317121506957385 -0.22317121506957385 -0.22317121506957385 -0.22317121506957385 -0.22317121506957385 -0.22317121506957385 -0.22317121506957385 -0.22317121506957385 -0.22317121506957385 -0.22317121506957385 -0.22317121506957385 -0.22317121506957385 -0.22317121506957385 -0.22317121506957385 -0.22317121506957385 -0.22317121506957385 -0.336301964182595 -0.336301964182595 -0.22317121506957385 -0.22317121506957385 -0.30299601940476223 -0.22317121506957385 -0.22317121506957385 -0.22317121506957385 -0.22317121506957385 -0.35275228430015976 -0.18780923769946778 -0.18780923769946778 -0.22317121506957385 -0.22317121506957385 -0.18780923769946778 -0.22317121506957385 -0.22317121506957385 -0.22317121506957385 -0.22317121506957385 -0.22317121506957385 -0.3223168623823805 -0.22317121506957385 -0.22317121506957385 -0.22317121506957385 -0.22317121506957385 -0.22317121506957385 -0.22317121506957385 -0.22317121506957385 -0.22317121506957385 -0.22317121506957385 -0.22317121506957385 -0.22317121506957385 -0.22317121506957385 -0.20945343779655382 -0.22317121506957385 -0.13929596235882102 -0.1913684417400766 -0.13929596235882102 -0.16196334120412 -0.13929596235882102 -0.13539984258135088 -0.13616106267817707 -0.13368674091098706 -0.131099050735774 -0.12922719457274306 -0.10183010042626754 -0.10116452724823892 -0.10096304308373494 -0.09955626004847055 -0.03478238421278174
-0.28263066283144306 -0.28263066283144306 -0.28263066283144306 -0.28263066283144306 -0.28263066283144306 -0.28263066283144306 -0.28263066283144306 -0.28263066283144306 -0.28263066283144306 -0.28263066283144306 -0.18780923769946778 -0.28263066283144306 -0.28263066283144306 -0.28263066283144306 -0.28263066283144306 -0.28263066283144306 -0.28263066283144306 -0.28263066283144306 -0.28263066283144306 -0.28263066283144306 -0.28263066283144306 -0.28263066283144306 -0.28263066283144306 -0.28263066283144306 -0.28263066283144306 -0.28263066283144306 -0.28263066283144306 -0.28263066283144306 -0.28263066283144306 -0.28263066283144306 -0.28263066283144306 -0.28263066283144306 -0.28263066283144306 -0.28263066283144306 -0.28263066283144306 -0.28263066283144306 -0.28263066283144306 -0.28263066283144306 -0.28263066283144306 -0.28263066283144306 -0.22317121506957385 -0.22317121506957385 -0.22630341182371366 -0.22630341182371366 -0.22317121506957385 -0.22630341182371366 -0.28263066283144306 -0.28263066283144306 -0.28263066283144306 -0.22317121506957385 -0.18780923769946778 -0.18780923769946778 -0.22630341182371366 -0.28263066283144306 -0.18780923769946778 -0.22630341182371366 -0.28263066283144306 -0.28263066283144306 -0.28263066283144306 -0.28263066283144306 -0.22317121506957385 -0.22630341182371366 -0.28263066283144306 -0.28263066283144306 -0.28263066283144306 -0.28263066283144306 -0.28263066283144306 -0.28263066283144306 -0.28263066283144306 -0.2510129404658595 -0.2537526703201183 -0.24659748381816948 -0.24607646176938686 -0.20945343779655382 -0.23964894205554246 -0.13929596235882102 -0.1913684417400766 -0.13929596235882102 -0.16196334120412 -0.13929596235882102 -0.13539984258135088 -0.13616106267817707 -0.13368674091098706 -0.131099050735774 -0.12922719457274306 -0.10183010042626754 -0.10116452724823892 -0.10096304308373494 -0.09955626004847055 -0.03478238421278174
-0.2900315329299479 -0.2900315329299479 -0.2900315329299479 -0.2900315329299479 -0.2900315329299479 -0.2900315329299479 -0.2900315329299479 -0.2900315329299479 -0.2900315329299479 -0.2900315329299479 -0.18780923769946778 -0.2900315329299479 -0.2900315329299479 -0.2900315329299479 -0.2900315329299479 -0.2900315329299479 -0.2900315329299479 -0.2900315329299479 -0.2900315329299479 -0.2900315329299479 -0.2900315329299479 -0.2900315329299479 -0.2900315329299479 -0.2900315329299479 -0.2900315329299479 -0.2900315329299479 -0.2900315329299479 -0.2900315329299479 -0.2900315329299479 -0.2900315329299479 -0.2900315329299479 -0.2900315329299479 -0.2900315329299479 -0.2900315329299479 -0.2900315329299479 -0.2900315329299479 -0.2900315329299479 -0.2900315329299479 -0.2900315329299479 -0.2900315329299479 -0.22317121506957385 -0.22317121506957385 -0.22630341182371366 -0.22630341182371366 -0.22317121506957385 -0.22630341182371366 -0.2900315329299479 -0.2900315329299479 -0.2900315329299479 -0.22317121506957385 -0.18780923769946778 -0.18780923769946778 -0.22630341182371366 -0.2900315329299479 -0.18780923769946778 -0.22630341182371366 -0.2900315329299479 -0.2900315329299479 -0.2900315329299479 -0.2900315329299479 -0.22317121506957385 -0.22630341182371366 -0.2900315329299479 -0.2900315329299479 -0.2900315329299479 -0.2900315329299479 -0.28263066283144306 -0.28263066283144306 -0.2832310968969723 -0.2510129404658595 -0.2537526703201183 -0.24659748381816948 -0.24607646176938686 -0.20945343779655382 -0.23964894205554246 -0.13929596235882102 -0.1913684417400766 -0.13929596235882102 -0.16196334120412 -0.13929596235882102 -0.13539984258135088 -0.13616106267817707 -0.13368674091098706 -0.131099050735774 -0.12922719457274306 -0.10183010042626754 -0.10116452724823892 -0.10096304308373494 -0.09955626004847055 -0.03478238421278174
-0.22630341182371366 -0.22630341182371366 -0.22630341182371366 -0.22630341182371366 -0.22630341182371366 -0.22630341182371366 -0.22630341182371366 -0.22630341182371366 -0.22630341182371366 -0.22630341182371366 -0.18780923769946778 -0.22630341182371366 -0.22630341182371366 -0.22630341182371366 -0.22630341182371366 -0.22630341182371366 -0.22630341182371366 -0.22630341182371366 -0.22630341182371366 -0.22630341182371366 -0.22630341182371366 -0.22630341182371366 -0.22630341182371366 -0.22630341182371366 -0.22630341182371366 -0.22630341182371366 -0.22630341182371366 -0.22630341182371366 -0.22630341182371366 -0.22630341182371366 -0.22630341182371366 -0.22630341182371366 -0.22630341182371366 -0.22630341182371366 -0.22630341182371366 -0.22630341182371366 -0.22630341182371366 -0.22630341182371366 -0.22630341182371366 -0.22630341182371366 -0.22317121506957385 -0.22317121506957385 -0.3330909990089744 -0.3498929322554733 -0.22317121506957385 -0.3330909990089744 -0.22630341182371366 -0.22630341182371366 -0.22630341182371366 -0.22317121506957385 -0.18780923769946778 -0.18780923769946778 -0.3498929322554733 -0.22630341182371366 -0.18780923769946778 -0.31813744384676945 -0.22630341182371366 -0.22630341182371366 -0.22630341182371366 -0.22630341182371366 -0.22317121506957385 -0.2892792640815671 -0.22630341182371366 -0.22630341182371366 -0.22630341182371366 -0.22630341182371366 -0.22630341182371366 -0.22630341182371366 -0.22630341182371366 -0.22630341182371366 -0.22630341182371366 -0.22630341182371366 -0.22630341182371366 -0.20945343779655382 -0.22630341182371366 -0.13929596235882102 -0.1913684417400766 -0.13929596235882102 -0.16196334120412 -0.13929596235882102 -0.13539984258135088 -0.13616106267817707 -0.13368674091098706 -0.131099050735774 -0.12922719457274306 -0.10183010042626754 -0.10116452724823892 -0.10096304308373494 -0.09955626004847055 -0.03478238421278174
-0.23964894205554246 -0.23964894205554246 -0.23964894205554246 -0.23964894205554246 -0.23964894205554246 -0.23964894205554246 -0.23964894205554246 -0.23964894205554246 -0.23964894205554246 -0.23964894205554246 -0.18780923769946778 -0.23964894205554246 -0.23964894205554246 -0.23964894205554246 -0.23964894205554246 -0.23964894205554246 -0.23964894205554246 -0.23964894205554246 -0.23964894205554246 -0.23964894205554246 -0.23964894205554246 -0.23964894205554246 -0.23964894205554246 -0.23964894205554246 -0.23964894205554246 -0.23964894205554246 -0.23964894205554246 -0.23964894205554246 -0.23964894205554246 -0.23964894205554246 -0.23964894205554246 -0.23964894205554246 -0.23964894205554246 -0.23964894205554246 -0.23964894205554246 -0.23964894205554246 -0.23964894205554246 -0.23964894205554246 -0.23964894205554246 -0.23964894205554246 -0.22317121506957385 -0.22317121506957385 -0.22630341182371366 -0.22630341182371366 -0.22317121506957385 -0.22630341182371366 -0.23964894205554246 -0.23964894205554246 -0.23964894205554246 -0.22317121506957385 -0.18780923769946778 -0.18780923769946778 -0.22630341182371366 -0.23964894205554246 -0.18780923769946778 -0.22630341182371366 -0.23964894205554246 -0.23964894205554246 -0.23964894205554246 -0.23964894205554246 -0.22317121506957385 -0.22630341182371366 -0.23964894205554246 -0.23964894205554246 -0.23964894205554246 -0.23964894205554246 -0.23964894205554246 -0.23964894205554246 -0.23964894205554246 -0.23964894205554246 -0.23964894205554246 -0.23964894205554246 -0.23964894205554246 -0.20945343779655382 -0.23964894205554246 -0.13929596235882102 -0.1913684417400766 -0.13929596235882102 -0.16196334120412 -0.13929596235882102 -0.13539984258135088 -0.13616106267817707 -0.13368674091098706 -0.131099050735774 -0.12922719457274306 -0.10183010042626754 -0.10116452724823892 -0.10096304308373494 -0.09955626004847055 -0.03478238421278174
-0.22317121506957385 -0.22317121506957385 -0.22317121506957385 -0.22317121506957385 -0.22317121506957385 -0.22317121506957385 -0.22317121506957385 -0.22317121506957385 -0.22317121506957385 -0.22317121506957385 -0.18780923769946778 -0.22317121506957385 -0.22317121506957385 -0.22317121506957385 -0.22317121506957385 -0.22317121506957385 -0.22317121506957385 -0.22317121506957385 -0.22317121506957385 -0.22317121506957385 -0.22317121506957385 -0.22317121506957385 -0.22317121506957385 -0.22317121506957385 -0.22317121506957385 -0.22317121506957385 -0.22317121506957385 -0.22317121506957385 -0.22317121506957385 -0.22317121506957385 -0.22317121506957385 -0.22317121506957385 -0.22317121506957385 -0.22317121506957385 -0.22317121506957385 -0.22317121506957385 -0.22317121506957385 -0.22317121506957385 -0.22317121506957385 -0.22317121506957385 -0.22317121506957385 -0.22317121506957385 -0.22317121506957385 -0.22317121506957385 -0.22317121506957385 -0.22317121506957385 -0.22317121506957385 -0.22317121506957385 -0.22317121506957385 -0.22317121506957385 -0.18780923769946778 -0.18780923769946778 -0.22317121506957385 -0.22317121506957385 -0.18780923769946778 -0.22317121506957385 -0.22317121506957385 -0.22317121506957385 -0.22317121506957385 -0.22317121506957385 -0.22317121506957385 -0.22317121506957385 -0.22317121506957385 -0.22317121506957385 -0.22317121506957385 -0.22317121506957385 -0.22317121506957385 -0.22317121506957385 -0.22317121506957385 -0.22317121506957385 -0.22317121506957385 -0.22317121506957385 -0.22317121506957385 -0.20945343779655382 -0.22317121506957385 -0.13929596235882102 -0.1913684417400766 -0.13929596235882102 -0.16196334120412 -0.13929596235882102 -0.13539984258135088 -0.13616106267817707 -0.13368674091098706 -0.131099050735774 -0.12922719457274306 -0.10183010042626754 -0.10116452724823892 -0.10096304308373494 -0.09955626004847055 -0.03478238421278174
-0.28263066283144306 -0.28263066283144306 -0.28263066283144306 -0.28263066283144306 -0.28263066283144306 -0.28263066283144306 -0.28263066283144306 -0.28263066283144306 -0.28263066283144306 -0.28263066283144306 -0.18780923769946778 -0.28263066283144306 -0.28263066283144306 -0.28263066283144306 -0.28263066283144306 -0.28263066283144306 -0.28263066283144306 -0.28263066283144306 -0.28263066283144306 -0.28263066283144306 -0.28263066283144306 -0.28263066283144306 -0.28263066283144306 -0.28263066283144306 -0.28263066283144306 -0.28263066283144306 -0.28263066283144306 -0.28263066283144306 -0.28263066283144306 -0.28263066283144306 -0.28263066283144306 -0.28263066283144306 -0.28263066283144306 -0.28263066283144306 -0.28263066283144306 -0.28263066283144306 -0.28263066283144306 -0.28263066283144306 -0.28263066283144306 -0.28263066283144306 -0.22317121506957385 -0.22317121506957385 -0.22630341182371366 -0.22630341182371366 -0.22317121506957385 -0.22630341182371366 -0.28263066283144306 -0.28263066283144306 -0.28263066283144306 -0.22317121506957385 -0.18780923769946778 -0.18780923769946778 -0.22630341182371366 -0.28263066283144306 -0.18780923769946778 -0.22630341182371366 -0.28263066283144306 -0.28263066283144306 -0.28263066283144306 -0.28263066283144306 -0.22317121506957385 -0.22630341182371366 -0.28263066283144306 -0.28263066283144306 -0.28263066283144306 -0.28263066283144306 -0.28263066283144306 -0.28263066283144306 -0.28263066283144306 -0.2510129404658595 -0.2537526703201183 -0.24659748381816948 -0.24607646176938686 -0.20945343779655382 -0.23964894205554246 -0.13929596235882102 -0.1913684417400766 -0.13929596235882102 -0.16196334120412 -0.13929596235882102 -0.13539984258135088 -0.13616106267817707 -0.13368674091098706 -0.131099050735774 -0.12922719457274306 -0.10183010042626754 -0.10116452724823892 -0.10096304308373494 -0.09955626004847055 -0.03478238421278174
-0.3427386545596381 -0.3427386545596381 -0.3427386545596381 -0.3427386545596381 -0.3427386545596381 -0.3427386545596381 -0.3427386545596381 -0.3427386545596381 -0.3427386545596381 -0.3427386545596381 -0.18780923769946778 -0.3427386545596381 -0.3427386545596381 -0.3427386545596381 -0.3427386545596381 -0.3427386545596381 -0.3427386545596381 -0.3427386545596381 -0.3427386545596381 -0.3427386545596381 -0.3427386545596381 -0.3427386545596381 -0.3427386545596381 -0.3427386545596381 -0.3427386545596381 -0.3427386545596381 -0.3427386545596381 -0.3427386545596381 -0.3427386545596381 -0.3427386545596381 -0.30293822109356205 -0.3427386545596381 -0.3427386545596381 -0.3427386545596381 -0.3427386545596381 -0.3427386545596381 -0.3427386545596381 -0.3427386545596381 -0.3427386545596381 -0.3427386545596381 -0.22317121506957385 -0.22317121506957385 -0.22630341182371366 -0.22630341182371366 -0.22317121506957385 -0.22630341182371366 -0.3427386545596381 -0.3427386545596381 -0.30293822109356205 -0.22317121506957385 -0.18780923769946778 -0.18780923769946778 -0.22630341182371366 -0.3427386545596381 -0.18780923769946778 -0.22630341182371366 -0.3427386545596381 -0.30293822109356205 -0.2900315329299479 -0.3261205711559552 -0.22317121506957385 -0.22630341182371366 -0.2990369680908323 -0.2990369680908323 -0.2990369680908323 -0.30015209337902654 -0.28263066283144306 -0.28263066283144306 -0.2832310968969723 -0.2510129404658595 -0.2537526703201183 -0.24659748381816948 -0.24607646176938686 -0.20945343779655382 -0.23964894205554246 -0.13929596235882102 -0.1913684417400766 -0.13929596235882102 -0.16196334120412 -0.13929596235882102 -0.13539984258135088 -0.13616106267817707 -0.13368674091098706 -0.131099050735774 -0.12922719457274306 -0.10183010042626754 -0.10116452724823892 -0.10096304308373494 -0.09955626004847055 -0.03478238421278174
-0.3261205711559552 -0.3261205711559552 -0.3261205711559552 -0.3261205711559552 -0.3261205711559552 -0.3261205711559552 -0.3261205711559552 -0.3261205711559552 -0.3261205711559552 -0.3261205711559552 -0.18780923769946778 -0.3261205711559552 -0.3261205711559552 -0.3261205711559552 -0.3261205711559552 -0.3261205711559552 -0.3261205711559552 -0.3261205711559552 -0.3261205711559552 -0.3261205711559552 -0.3261205711559552 -0.3261205711559552 -0.3261205711559552 -0.3261205711559552 -0.3261205711559552 -0.3261205711559552 -0.3261205711559552 -0.3261205711559552 -0.3261205711559552 -0.3261205711559552 -0.30293822109356205 -0.3261205711559552 -0.3261205711559552 -0.3261205711559552 -0.3261205711559552 -0.3261205711559552 -0.3261205711559552 -0.3261205711559552 -0.3261205711559552 -0.3261205711559552 -0.22317121506957385 -0.22317121506957385 -0.22630341182371366 -0.22630341182371366 -0.22317121506957385 -0.22630341182371366 -0.3261205711559552 -0.3261205711559552 -0.30293822109356205 -0.22317121506957385 -0.18780923769946778 -0.18780923769946778 -0.22630341182371366 -0.3261205711559552 -0.18780923769946778 -0.22630341182371366 -0.3261205711559552 -0.30293822109356205 -0.2900315329299479 -0.3261205711559552 -0.22317121506957385 -0.22630341182371366 -0.2990369680908323 -0.2990369680908323 -0.2990369680908323 -0.30015209337902654 -0.28263066283144306 -0.28263066283144306 -0.2832310968969723 -0.2510129404658595 -0.2537526703201183 -0.24659748381816948 -0.24607646176938686 -0.20945343779655382 -0.23964894205554246 -0.13929596235882102 -0.1913684417400766 -0.13929596235882102 -0.16196334120412 -0.13929596235882102 -0.13539984258135088 -0.13616106267817707 -0.13368674091098706 -0.131099050735774 -0.12922719457274306 -0.10183010042626754 -0.10116452724823892 -0.10096304308373494 -0.09955626004847055 -0.03478238421278174
-0.09955626004847055 -0.09955626004847055 -0.09955626004847055 -0.09955626004847055 -0.09955626004847055 -0.09955626004847055 -0.09955626004847055 -0.09955626004847055 -0.09955626004847055 -0.09955626004847055 -0.09955626004847055 -0.09955626004847055 -0.09955626004847055 -0.09955626004847055 -0.09955626004847055 -0.09955626004847055 -0.09955626004847055 -0.09955626004847055 -0.09955626004847055 -0.09955626004847055 -0.09955626004847055 -0.09955626004847055 -0.09955626004847055 -0.09955626004847055 -0.09955626004847055 -0.09955626004847055 -0.09955626004847055 -0.09955626004847055 -0.09955626004847055 -0.09955626004847055 -0.09955626004847055 -0.09955626004847055 -0.09955626004847055 -0.09955626004847055 -0.09955626004847055 -0.09955626004847055 -0.09955626004847055 -0.09955626004847055 -0.09955626004847055 -0.09955626004847055 -0.09955626004847055 -0.09955626004847055 -0.09955626004847055 -0.09955626004847055 -0.09955626004847055 -0.09955626004847055 -0.09955626004847055 -0.09955626004847055 -0.09955626004847055 -0.09955626004847055 -0.09955626004847055 -0.09955626004847055 -0.09955626004847055 -0.09955626004847055 -0.09955626004847055 -0.09955626004847055 -0.09955626004847055 -0.09955626004847055 -0.09955626004847055 -0.09955626004847055 -0.09955626004847055 -0.09955626004847055 -0.09955626004847055 -0.09955626004847055 -0.09955626004847055 -0.09955626004847055 -0.09955626004847055 -0.09955626004847055 -0.09955626004847055 -0.09955626004847055 -0.09955626004847055 -0.09955626004847055 -0.09955626004847055 -0.09955626004847055 -0.09955626004847055 -0.09955626004847055 -0.09955626004847055 -0.09955626004847055 -0.09955626004847055 -0.09955626004847055 -0.09955626004847055 -0.09955626004847055 -0.09955626004847055 -0.09955626004847055 -0.09955626004847055 -0.09955626004847055 -0.09955626004847055 -0.09955626004847055 -0.09955626004847055 -0.03478238421278174
-0.09955626004847055 -0.09955626004847055 -0.09955626004847055 -0.09955626004847055 -0.09955626004847055 -0.09955626004847055 -0.09955626004847055 -0.09955626004847055 -0.09955626004847055 -0.09955626004847055 -0.09955626004847055 -0.09955626004847055 -0.09955626004847055 -0.09955626004847055 -0.09955626004847055 -0.09955626004847055 -0.09955626004847055 -0.09955626004847055 -0.09955626004847055 -0.09955626004847055 -0.09955626004847055 -0.09955626004847055 -0.09955626004847055 -0.09955626004847055 -0.09955626004847055 -0.09955626004847055 -0.09955626004847055 -0.09955626004847055 -0.09955626004847055 -0.09955626004847055 -0.09955626004847055 -0.09955626004847055 -0.09955626004847055 -0.09955626004847055 -0.09955626004847055 -0.09955626004847055 -0.09955626004847055 -0.09955626004847055 -0.09955626004847055 -0.09955626004847055 -0.09955626004847055 -0.09955626004847055 -0.09955626004847055 -0.09955626004847055 -0.09955626004847055 -0.09955626004847055 -0.09955626004847055 -0.09955626004847055 -0.09955626004847055 -0.09955626004847055 -0.09955626004847055 -0.09955626004847055 -0.09955626004847055 -0.09955626004847055 -0.09955626004847055 -0.09955626004847055 -0.09955626004847055 -0.09955626004847055 -0.09955626004847055 -0.09955626004847055 -0.09955626004847055 -0.09955626004847055 -0.09955626004847055 -0.09955626004847055 -0.09955626004847055 -0.09955626004847055 -0.09955626004847055 -0.09955626004847055 -0.09955626004847055 -0.09955626004847055 -0.09955626004847055 -0.09955626004847055 -0.09955626004847055 -0.09955626004847055 -0.09955626004847055 -0.09955626004847055 -0.09955626004847055 -0.09955626004847055 -0.09955626004847055 -0.09955626004847055 -0.09955626004847055 -0.09955626004847055 -0.09955626004847055 -0.09955626004847055 -0.09955626004847055 -0.09955626004847055 -0.09955626004847055 -0.09955626004847055 -0.09955626004847055 -0.03478238421278174
-0.32194403723493625 -0.32194403723493625 -0.32194403723493625 -0.32194403723493625 -0.32194403723493625 -0.32194403723493625 -0.32194403723493625 -0.32194403723493625 -0.32194403723493625 -0.32194403723493625 -0.18780923769946778 -0.32194403723493625 -0.32194403723493625 -0.32194403723493625 -0.32194403723493625 -0.32194403723493625 -0.32194403723493625 -0.32194403723493625 -0.32194403723493625 -0.32194403723493625 -0.32194403723493625 -0.32194403723493625 -0.32194403723493625 -0.32194403723493625 -0.32194403723493625 -0.32194403723493625 -0.32194403723493625 -0.32194403723493625 -0.32194403723493625 -0.32194403723493625 -0.30293822109356205 -0.32194403723493625 -0.32194403723493625 -0.32194403723493625 -0.32194403723493625 -0.32194403723493625 -0.32194403723493625 -0.32194403723493625 -0.32194403723493625 -0.32194403723493625 -0.22317121506957385 -0.22317121506957385 -0.22630341182371366 -0.22630341182371366 -0.22317121506957385 -0.22630341182371366 -0.32194403723493625 -0.32194403723493625 -0.30293822109356205 -0.22317121506957385 -0.18780923769946778 -0.18780923769946778 -0.22630341182371366 -0.32194403723493625 -0.18780923769946778 -0.22630341182371366 -0.32194403723493625 -0.30293822109356205 -0.2900315329299479 -0.32194403723493625 -0.22317121506957385 -0.22630341182371366 -0.2990369680908323 -0.2990369680908323 -0.2990369680908323 -0.30015209337902654 -0.28263066283144306 -0.28263066283144306 -0.2832310968969723 -0.2510129404658595 -0.2537526703201183 -0.24659748381816948 -0.24607646176938686 -0.20945343779655382 -0.23964894205554246 -0.13929596235882102 -0.1913684417400766 -0.13929596235882102 -0.16196334120412 -0.13929596235882102 -0.13539984258135088 -0.13616106267817707 -0.13368674091098706 -0.131099050735774 -0.12922719457274306 -0.10183010042626754 -0.10116452724823892 -0.10096304308373494 -0.09955626004847055 -0.03478238421278174
-0.28263066283144306 -0.28263066283144306 -0.28263066283144306 -0.28263066283144306 -0.28263066283144306 -0.28263066283144306 -0.28263066283144306 -0.28263066283144306 -0.28263066283144306 -0.28263066283144306 -0.18780923769946778 -0.28263066283144306 -0.28263066283144306 -0.28263066283144306 -0.28263066283144306 -0.28263066283144306 -0.28263066283144306 -0.28263066283144306 -0.28263066283144306 -0.28263066283144306 -0.28263066283144306 -0.28263066283144306 -0.28263066283144306 -0.28263066283144306 -0.28263066283144306 -0.28263066283144306 -0.28263066283144306 -0.28263066283144306 -0.28263066283144306 -0.28263066283144306 -0.28263066283144306 -0.28263066283144306 -0.28263066283144306 -0.28263066283144306 -0.28263066283144306 -0.28263066283144306 -0.28263066283144306 -0.28263066283144306 -0.28263066283144306 -0.28263066283144306 -0.22317121506957385 -0.22317121506957385 -0.22630341182371366 -0.22630341182371366 -0.22317121506957385 -0.22630341182371366 -0.28263066283144306 -0.28263066283144306 -0.28263066283144306 -0.22317121506957385 -0.18780923769946778 -0.18780923769946778 -0.22630341182371366 -0.28263066283144306 -0.18780923769946778 -0.22630341182371366 -0.28263066283144306 -0.28263066283144306 -0.28263066283144306 -0.28263066283144306 -0.22317121506957385 -0.22630341182371366 -0.28263066283144306 -0.28263066283144306 -0.28263066283144306 -0.28263066283144306 -0.28263066283144306 -0.28263066283144306 -0.28263066283144306 -0.2510129404658595 -0.2537526703201183 -0.24659748381816948 -0.24607646176938686 -0.20945343779655382 -0.23964894205554246 -0.13929596235882102 -0.1913684417400766 -0.13929596235882102 -0.16196334120412 -0.13929596235882102 -0.13539984258135088 -0.13616106267817707 -0.13368674091098706 -0.131099050735774 -0.12922719457274306 -0.10183010042626754 -0.10116452724823892 -0.10096304308373494 -0.09955626004847055 -0.03478238421278174
-0.2900315329299479 -0.2900315329299479 -0.2900315329299479 -0.2900315329299479 -0.2900315329299479 -0.2900315329299479 -0.2900315329299479 -0.2900315329299479 -0.2900315329299479 -0.2900315329299479 -0.18780923769946778 -0.2900315329299479 -0.2900315329299479 -0.2900315329299479 -0.2900315329299479 -0.2900315329299479 -0.2900315329299479 -0.2900315329299479 -0.2900315329299479 -0.2900315329299479 -0.2900315329299479 -0.2900315329299479 -0.2900315329299479 -0.2900315329299479 -0.2900315329299479 -0.2900315329299479 -0.2900315329299479 -0.2900315329299479 -0.2900315329299479 -0.2900315329299479 -0.2900315329299479 -0.2900315329299479 -0.2900315329299479 -0.2900315329299479 -0.2900315329299479 -0.2900315329299479 -0.2900315329299479 -0.2900315329299479 -0.2900315329299479 -0.2900315329299479 -0.22317121506957385 -0.22317121506957385 -0.22630341182371366 -0.22630341182371366 -0.22317121506957385 -0.22630341182371366 -0.2900315329299479 -0.2900315329299479 -0.2900315329299479 -0.22317121506957385 -0.18780923769946778 -0.18780923769946778 -0.22630341182371366 -0.2900315329299479 -0.18780923769946778 -0.22630341182371366 -0.2900315329299479 -0.2900315329299479 -0.2900315329299479 -0.2900315329299479 -0.22317121506957385 -0.22630341182371366 -0.2900315329299479 -0.2900315329299479 -0.2900315329299479 -0.2900315329299479 -0.28263066283144306 -0.28263066283144306 -0.2832310968969723 -0.2510129404658595 -0.2537526703201183 -0.24659748381816948 -0.24607646176938686 -0.20945343779655382 -0.23964894205554246 -0.13929596235882102 -0.1913684417400766 -0.13929596235882102 -0.16196334120412 -0.13929596235882102 -0.13539984258135088 -0.13616106267817707 -0.13368674091098706 -0.131099050735774 -0.12922719457274306 -0.10183010042626754 -0.10116452724823892 -0.10096304308373494 -0.09955626004847055 -0.03478238421278174
-0.2990369680908323 -0.2990369680908323 -0.2990369680908323 -0.2990369680908323 -0.2990369680908323 -0.2990369680908323 -0.2990369680908323 -0.2990369680908323 -0.2990369680908323 -0.2990369680908323 -0.18780923769946778 -0.2990369680908323 -0.2990369680908323 -0.2990369680908323 -0.2990369680908323 -0.2990369680908323 -0.2990369680908323 -0.2990369680908323 -0.2990369680908323 -0.2990369680908323 -0.2990369680908323 -0.2990369680908323 -0.2990369680908323 -0.2990369680908323 -0.2990369680908323 -0.2990369680908323 -0.2990369680908323 -0.2990369680908323 -0.2990369680908323 -0.2990369680908323 -0.2990369680908323 -0.2990369680908323 -0.2990369680908323 -0.2990369680908323 -0.2990369680908323 -0.2990369680908323 -0.2990369680908323 -0.2990369680908323 -0.2990369680908323 -0.2990369680908323 -0.22317121506957385 -0.22317121506957385 -0.22630341182371366 -0.22630341182371366 -0.22317121506957385 -0.22630341182371366 -0.2990369680908323 -0.2990369680908323 -0.2990369680908323 -0.22317121506957385 -0.18780923769946778 -0.18780923769946778 -0.22630341182371366 -0.2990369680908323 -0.18780923769946778 -0.22630341182371366 -0.2990369680908323 -0.2990369680908323 -0.2900315329299479 -0.2990369680908323 -0.22317121506957385 -0.22630341182371366 -0.2990369680908323 -0.2990369680908323 -0.2990369680908323 -0.2990369680908323 -0.28263066283144306 -0.28263066283144306 -0.2832310968969723 -0.2510129404658595 -0.2537526703201183 -0.24659748381816948 -0.24607646176938686 -0.20945343779655382 -0.23964894205554246 -0.13929596235882102 -0.1913684417400766 -0.13929596235882102 -0.16196334120412 -0.13929596235882102 -0.13539984258135088 -0.13616106267817707 -0.13368674091098706 -0.131099050735774 -0.12922719457274306 -0.10183010042626754 -0.10116452724823892 -0.10096304308373494 -0.09955626004847055 -0.03478238421278174
-0.3170731210641971 -0.3170731210641971 -0.3170731210641971 -0.3170731210641971 -0.3170731210641971 -0.3170731210641971 -0.3170731210641971 -0.3170731210641971 -0.3170731210641971 -0.3170731210641971 -0.18780923769946778 -0.3170731210641971 -0.3170731210641971 -0.3170731210641971 -0.3170731210641971 -0.3170731210641971 -0.3170731210641971 -0.3170731210641971 -0.3170731210641971 -0.3170731210641971 -0.3170731210641971 -0.3170731210641971 -0.3170731210641971 -0.3170731210641971 -0.3170731210641971 -0.3170731210641971 -0.3170731210641971 -0.3170731210641971 -0.3170731210641971 -0.3170731210641971 -0.30293822109356205 -0.3170731210641971 -0.3170731210641971 -0.3170731210641971 -0.3170731210641971 -0.3170731210641971 -0.3170731210641971 -0.3170731210641971 -0.3170731210641971 -0.3170731210641971 -0.22317121506957385 -0.22317121506957385 -0.22630341182371366 -0.22630341182371366 -0.22317121506957385 -0.22630341182371366 -0.3170731210641971 -0.3170731210641971 -0.30293822109356205 -0.22317121506957385 -0.18780923769946778 -0.18780923769946778 -0.22630341182371366 -0.3170731210641971 -0.18780923769946778 -0.22630341182371366 -0.3170731210641971 -0.30293822109356205 -0.2900315329299479 -0.3170731210641971 -0.22317121506957385 -0.22630341182371366 -0.2990369680908323 -0.2990369680908323 -0.2990369680908323 -0.30015209337902654 -0.28263066283144306 -0.28263066283144306 -0.2832310968969723 -0.2510129404658595 -0.2537526703201183 -0.24659748381816948 -0.24607646176938686 -0.20945343779655382 -0.23964894205554246 -0.13929596235882102 -0.1913684417400766 -0.13929596235882102 -0.16196334120412 -0.13929596235882102 -0.13539984258135088 -0.13616106267817707 -0.13368674091098706 -0.131099050735774 -0.12922719457274306 -0.10183010042626754 -0.10116452724823892 -0.10096304308373494 -0.09955626004847055 -0.03478238421278174
-0.13368674091098706 -0.13368674091098706 -0.13368674091098706 -0.13368674091098706 -0.13368674091098706 -0.13368674091098706 -0.13368674091098706 -0.13368674091098706 -0.13368674091098706 -0.13368674091098706 -0.13368674091098706 -0.13368674091098706 -0.13368674091098706 -0.13368674091098706 -0.13368674091098706 -0.13368674091098706 -0.13368674091098706 -0.13368674091098706 -0.13368674091098706 -0.13368674091098706 -0.13368674091098706 -0.13368674091098706 -0.13368674091098706 -0.13368674091098706 -0.13368674091098706 -0.13368674091098706 -0.13368674091098706 -0.13368674091098706 -0.13368674091098706 -0.13368674091098706 -0.13368674091098706 -0.13368674091098706 -0.13368674091098706 -0.13368674091098706 -0.13368674091098706 -0.13368674091098706 -0.13368674091098706 -0.13368674091098706 -0.13368674091098706 -0.13368674091098706 -0.13368674091098706 -0.13368674091098706 -0.13368674091098706 -0.13368674091098706 -0.13368674091098706 -0.13368674091098706 -0.13368674091098706 -0.13368674091098706 -0.13368674091098706 -0.13368674091098706 -0.13368674091098706 -0.13368674091098706 -0.13368674091098706 -0.13368674091098706 -0.13368674091098706 -0.13368674091098706 -0.13368674091098706 -0.13368674091098706 -0.13368674091098706 -0.13368674091098706 -0.13368674091098706 -0.13368674091098706 -0.13368674091098706 -0.13368674091098706 -0.13368674091098706 -0.13368674091098706 -0.13368674091098706 -0.13368674091098706 -0.13368674091098706 -0.13368674091098706 -0.13368674091098706 -0.13368674091098706 -0.13368674091098706 -0.13368674091098706 -0.13368674091098706 -0.13368674091098706 -0.13368674091098706 -0.13368674091098706 -0.13368674091098706 -0.13368674091098706 -0.13368674091098706 -0.13368674091098706 -0.13368674091098706 -0.131099050735774 -0.12922719457274306 -0.10183010042626754 -0.10116452724823892 -0.10096304308373494 -0.09955626004847055 -0.03478238421278174
-0.3068663967091428 -0.3068663967091428 -0.3068663967091428 -0.3068663967091428 -0.3068663967091428 -0.3068663967091428 -0.3068663967091428 -0.3068663967091428 -0.3068663967091428 -0.3068663967091428 -0.18780923769946778 -0.3068663967091428 -0.3068663967091428 -0.3068663967091428 -0.3068663967091428 -0.3068663967091428 -0.3068663967091428 -0.3068663967091428 -0.3068663967091428 -0.3068663967091428 -0.3068663967091428 -0.3068663967091428 -0.3068663967091428 -0.3068663967091428 -0.3068663967091428 -0.3068663967091428 -0.3068663967091428 -0.3068663967091428 -0.3068663967091428 -0.3068663967091428 -0.30293822109356205 -0.3068663967091428 -0.3068663967091428 -0.3068663967091428 -0.3068663967091428 -0.3068663967091428 -0.3068663967091428 -0.3068663967091428 -0.3068663967091428 -0.3068663967091428 -0.22317121506957385 -0.22317121506957385 -0.22630341182371366 -0.22630341182371366 -0.22317121506957385 -0.22630341182371366 -0.3068663967091428 -0.3068663967091428 -0.30293822109356205 -0.22317121506957385 -0.18780923769946778 -0.18780923769946778 -0.22630341182371366 -0.3068663967091428 -0.18780923769946778 -0.22630341182371366 -0.3068663967091428 -0.30293822109356205 -0.2900315329299479 -0.3068663967091428 -0.22317121506957385 -0.22630341182371366 -0.2990369680908323 -0.2990369680908323 -0.2990369680908323 -0.30015209337902654 -0.28263066283144306 -0.28263066283144306 -0.2832310968969723 -0.2510129404658595 -0.2537526703201183 -0.24659748381816948 -0.24607646176938686 -0.20945343779655382 -0.23964894205554246 -0.13929596235882102 -0.1913684417400766 -0.13929596235882102 -0.16196334120412 -0.13929596235882102 -0.13539984258135088 -0.13616106267817707 -0.13368674091098706 -0.131099050735774 -0.12922719457274306 -0.10183010042626754 -0.10116452724823892 -0.10096304308373494 -0.09955626004847055 -0.03478238421278174
-0.22317121506957385 -0.22317121506957385 -0.22317121506957385 -0.22317121506957385 -0.22317121506957385 -0.22317121506957385 -0.22317121506957385 -0.22317121506957385 -0.22317121506957385 -0.22317121506957385 -0.18780923769946778 -0.22317121506957385 -0.22317121506957385 -0.22317121506957385 -0.22317121506957385 -0.22317121506957385 -0.22317121506957385 -0.22317121506957385 -0.22317121506957385 -0.22317121506957385 -0.22317121506957385 -0.22317121506957385 -0.22317121506957385 -0.22317121506957385 -0.22317121506957385 -0.22317121506957385 -0.22317121506957385 -0.22317121506957385 -0.22317121506957385 -0.22317121506957385 -0.22317121506957385 -0.22317121506957385 -0.22317121506957385 -0.22317121506957385 -0.22317121506957385 -0.22317121506957385 -0.22317121506957385 -0.22317121506957385 -0.22317121506957385 -0.22317121506957385 -0.3065537352236758 -0.3065537352236758 -0.22317121506957385 -0.22317121506957385 -0.30299601940476223 -0.22317121506957385 -0.22317121506957385 -0.22317121506957385 -0.22317121506957385 -0.3065537352236758 -0.18780923769946778 -0.18780923769946778 -0.22317121506957385 -0.22317121506957385 -0.18780923769946778 -0.22317121506957385 -0.22317121506957385 -0.22317121506957385 -0.22317121506957385 -0.22317121506957385 -0.3065537352236758 -0.22317121506957385 -0.22317121506957385 -0.22317121506957385 -0.22317121506957385 -0.22317121506957385 -0.22317121506957385 -0.22317121506957385 -0.22317121506957385 -0.22317121506957385 -0.22317121506957385 -0.22317121506957385 -0.22317121506957385 -0.20945343779655382 -0.22317121506957385 -0.13929596235882102 -0.1913684417400766 -0.13929596235882102 -0.16196334120412 -0.13929596235882102 -0.13539984258135088 -0.13616106267817707 -0.13368674091098706 -0.131099050735774 -0.12922719457274306 -0.10183010042626754 -0.10116452724823892 -0.10096304308373494 -0.09955626004847055 -0.03478238421278174
-0.30617374776277906 -0.30617374776277906 -0.30617374776277906 -0.30617374776277906 -0.30617374776277906 -0.30617374776277906 -0.30617374776277906 -0.30617374776277906 -0.30617374776277906 -0.30617374776277906 -0.18780923769946778 -0.30617374776277906 -0.30617374776277906 -0.30617374776277906 -0.30617374776277906 -0.30617374776277906 -0.30617374776277906 -0.30617374776277906 -0.30617374776277906 -0.30617374776277906 -0.30617374776277906 -0.30617374776277906 -0.30617374776277906 -0.30617374776277906 -0.30617374776277906 -0.30617374776277906 -0.30617374776277906 -0.30617374776277906 -0.30617374776277906 -0.30617374776277906 -0.30293822109356205 -0.30617374776277906 -0.30617374776277906 -0.30617374776277906 -0.30617374776277906 -0.30617374776277906 -0.30617374776277906 -0.30617374776277906 -0.30617374776277906 -0.30617374776277906 -0.22317121506957385 -0.22317121506957385 -0.22630341182371366 -0.22630341182371366 -0.22317121506957385 -0.22630341182371366 -0.30617374776277906 -0.30617374776277906 -0.30293822109356205 -0.22317121506957385 -0.18780923769946778 -0.18780923769946778 -0.22630341182371366 -0.30617374776277906 -0.18780923769946778 -0.22630341182371366 -0.30617374776277906 -0.30293822109356205 -0.2900315329299479 -0.30617374776277906 -0.22317121506957385 -0.22630341182371366 -0.2990369680908323 -0.2990369680908323 -0.2990369680908323 -0.30015209337902654 -0.28263066283144306 -0.28263066283144306 -0.2832310968969723 -0.2510129404658595 -0.2537526703201183 -0.24659748381816948 -0.24607646176938686 -0.20945343779655382 -0.23964894205554246 -0.13929596235882102 -0.1913684417400766 -0.13929596235882102 -0.16196334120412 -0.13929596235882102 -0.13539984258135088 -0.13616106267817707 -0.13368674091098706 -0.131099050735774 -0.12922719457274306 -0.10183010042626754 -0.10116452724823892 -0.10096304308373494 -0.09955626004847055 -0.03478238421278174
-0.22630341182371366 -0.22630341182371366 -0.22630341182371366 -0.22630341182371366 -0.22630341182371366 -0.22630341182371366 -0.22630341182371366 -0.22630341182371366 -0.22630341182371366 -0.22630341182371366 -0.18780923769946778 -0.22630341182371366 -0.22630341182371366 -0.22630341182371366 -0.22630341182371366 -0.22630341182371366 -0.22630341182371366 -0.22630341182371366 -0.22630341182371366 -0.22630341182371366 -0.22630341182371366 -0.22630341182371366 -0.22630341182371366 -0.22630341182371366 -0.22630341182371366 -0.22630341182371366 -0.22630341182371366 -0.22630341182371366 -0.22630341182371366 -0.22630341182371366 -0.22630341182371366 -0.22630341182371366 -0.22630341182371366 -0.22630341182371366 -0.22630341182371366 -0.22630341182371366 -0.22630341182371366 -0.22630341182371366 -0.22630341182371366 -0.22630341182371366 -0.22317121506957385 -0.22317121506957385 -0.2892792640815671 -0.2892792640815671 -0.22317121506957385 -0.2892792640815671 -0.22630341182371366 -0.22630341182371366 -0.22630341182371366 -0.22317121506957385 -0.18780923769946778 -0.18780923769946778 -0.2892792640815671 -0.22630341182371366 -0.18780923769946778 -0.2892792640815671 -0.22630341182371366 -0.22630341182371366 -0.22630341182371366 -0.22630341182371366 -0.22317121506957385 -0.30388916614153666 -0.22630341182371366 -0.22630341182371366 -0.22630341182371366 -0.22630341182371366 -0.22630341182371366 -0.22630341182371366 -0.22630341182371366 -0.22630341182371366 -0.22630341182371366 -0.22630341182371366 -0.22630341182371366 -0.20945343779655382 -0.22630341182371366 -0.13929596235882102 -0.1913684417400766 -0.13929596235882102 -0.16196334120412 -0.13929596235882102 -0.13539984258135088 -0.13616106267817707 -0.13368674091098706 -0.131099050735774 -0.12922719457274306 -0.10183010042626754 -0.10116452724823892 -0.10096304308373494 -0.09955626004847055 -0.03478238421278174
-0.29444002104946587 -0.29444002104946587 -0.29444002104946587 -0.29444002104946587 -0.29444002104946587 -0.29444002104946587 -0.29444002104946587 -0.29444002104946587 -0.29444002104946587 -0.29444002104946587 -0.18780923769946778 -0.29444002104946587 -0.29444002104946587 -0.29444002104946587 -0.29444002104946587 -0.29444002104946587 -0.29444002104946587 -0.29444002104946587 -0.29444002104946587 -0.29444002104946587 -0.29444002104946587 -0.29444002104946587 -0.29444002104946587 -0.29444002104946587 -0.29444002104946587 -0.29444002104946587 -0.29444002104946587 -0.29444002104946587 -0.29444002104946587 -0.29444002104946587 -0.29444002104946587 -0.29444002104946587 -0.29444002104946587 -0.29444002104946587 -0.29444002104946587 -0.29444002104946587 -0.29444002104946587 -0.29444002104946587 -0.29444002104946587 -0.29444002104946587 -0.22317121506957385 -0.22317121506957385 -0.22630341182371366 -0.22630341182371366 -0.22317121506957385 -0.22630341182371366 -0.29444002104946587 -0.29444002104946587 -0.29444002104946587 -0.22317121506957385 -0.18780923769946778 -0.18780923769946778 -0.22630341182371366 -0.29444002104946587 -0.18780923769946778 -0.22630341182371366 -0.29444002104946587 -0.29444002104946587 -0.2900315329299479 -0.29444002104946587 -0.22317121506957385 -0.22630341182371366 -0.29444002104946587 -0.29444002104946587 -0.29444002104946587 -0.29444002104946587 -0.28263066283144306 -0.28263066283144306 -0.2832310968969723 -0.2510129404658595 -0.2537526703201183 -0.24659748381816948 -0.24607646176938686 -0.20945343779655382 -0.23964894205554246 -0.13929596235882102 -0.1913684417400766 -0.13929596235882102 -0.16196334120412 -0.13929596235882102 -0.13539984258135088 -0.13616106267817707 -0.13368674091098706 -0.131099050735774 -0.12922719457274306 -0.10183010042626754 -0.10116452724823892 -0.10096304308373494 -0.09955626004847055 -0.03478238421278174
-0.2924339546198049 -0.2924339546198049 -0.2924339546198049 -0.2924339546198049 -0.2924339546198049 -0.2924339546198049 -0.2924339546198049 -0.2924339546198049 -0.2924339546198049 -0.2924339546198049 -0.18780923769946778 -0.2924339546198049 -0.2924339546198049 -0.2924339546198049 -0.2924339546198049 -0.2924339546198049 -0.2924339546198049 -0.2924339546198049 -0.2924339546198049 -0.2924339546198049 -0.2924339546198049 -0.2924339546198049 -0.2924339546198049 -0.2924339546198049 -0.2924339546198049 -0.2924339546198049 -0.2924339546198049 -0.2924339546198049 -0.2924339546198049 -0.2924339546198049 -0.2924339546198049 -0.2924339546198049 -0.2924339546198049 -0.2924339546198049 -0.2924339546198049 -0.2924339546198049 -0.2924339546198049 -0.2924339546198049 -0.2924339546198049 -0.2924339546198049 -0.22317121506957385 -0.22317121506957385 -0.22630341182371366 -0.22630341182371366 -0.22317121506957385 -0.22630341182371366 -0.2924339546198049 -0.2924339546198049 -0.2924339546198049 -0.22317121506957385 -0.18780923769946778 -0.18780923769946778 -0.22630341182371366 -0.2924339546198049 -0.18780923769946778 -0.22630341182371366 -0.2924339546198049 -0.2924339546198049 -0.2900315329299479 -0.2924339546198049 -0.22317121506957385 -0.22630341182371366 -0.2924339546198049 -0.2924339546198049 -0.2924339546198049 -0.2924339546198049 -0.28263066283144306 -0.28263066283144306 -0.2832310968969723 -0.2510129404658595 -0.2537526703201183 -0.24659748381816948 -0.24607646176938686 -0.20945343779655382 -0.23964894205554246 -0.13929596235882102 -0.1913684417400766 -0.13929596235882102 -0.16196334120412 -0.13929596235882102 -0.13539984258135088 -0.13616106267817707 -0.13368674091098706 -0.131099050735774 -0.12922719457274306 -0.10183010042626754 -0.10116452724823892 -0.10096304308373494 -0.09955626004847055 -0.03478238421278174
-0.28316644884008313 -0.28316644884008313 -0.28316644884008313 -0.28316644884008313 -0.28316644884008313 -0.28316644884008313 -0.28316644884008313 -0.28316644884008313 -0.28316644884008313 -0.28316644884008313 -0.18780923769946778 -0.28316644884008313 -0.28316644884008313 -0.28316644884008313 -0.28316644884008313 -0.28316644884008313 -0.28316644884008313 -0.28316644884008313 -0.28316644884008313 -0.28316644884008313 -0.28316644884008313 -0.28316644884008313 -0.28316644884008313 -0.28316644884008313 -0.28316644884008313 -0.28316644884008313 -0.28316644884008313 -0.28316644884008313 -0.28316644884008313 -0.28316644884008313 -0.28316644884008313 -0.28316644884008313 -0.28316644884008313 -0.28316644884008313 -0.28316644884008313 -0.28316644884008313 -0.28316644884008313 -0.28316644884008313 -0.28316644884008313 -0.28316644884008313 -0.22317121506957385 -0.22317121506957385 -0.22630341182371366 -0.22630341182371366 -0.22317121506957385 -0.22630341182371366 -0.28316644884008313 -0.28316644884008313 -0.28316644884008313 -0.22317121506957385 -0.18780923769946778 -0.18780923769946778 -0.22630341182371366 -0.28316644884008313 -0.18780923769946778 -0.22630341182371366 -0.28316644884008313 -0.28316644884008313 -0.28316644884008313 -0.28316644884008313 -0.22317121506957385 -0.22630341182371366 -0.28316644884008313 -0.28316644884008313 -0.28316644884008313 -0.28316644884008313 -0.28263066283144306 -0.28263066283144306 -0.28316644884008313 -0.2510129404658595 -0.2537526703201183 -0.24659748381816948 -0.24607646176938686 -0.20945343779655382 -0.23964894205554246 -0.13929596235882102 -0.1913684417400766 -0.13929596235882102 -0.16196334120412 -0.13929596235882102 -0.13539984258135088 -0.13616106267817707 -0.13368674091098706 -0.131099050735774 -0.12922719457274306 -0.10183010042626754 -0.10116452724823892 -0.10096304308373494 -0.09955626004847055 -0.03478238421278174
-0.23964894205554246 -0.23964894205554246 -0.23964894205554246 -0.23964894205554246 -0.23964894205554246 -0.23964894205554246 -0.23964894205554246 -0.23964894205554246 -0.23964894205554246 -0.23964894205554246 -0.18780923769946778 -0.23964894205554246 -0.23964894205554246 -0.23964894205554246 -0.23964894205554246 -0.23964894205554246 -0.23964894205554246 -0.23964894205554246 -0.23964894205554246 -0.23964894205554246 -0.23964894205554246 -0.23964894205554246 -0.23964894205554246 -0.23964894205554246 -0.23964894205554246 -0.23964894205554246 -0.23964894205554246 -0.23964894205554246 -0.23964894205554246 -0.23964894205554246 -0.23964894205554246 -0.23964894205554246 -0.23964894205554246 -0.23964894205554246 -0.23964894205554246 -0.23964894205554246 -0.23964894205554246 -0.23964894205554246 -0.23964894205554246 -0.23964894205554246 -0.22317121506957385 -0.22317121506957385 -0.22630341182371366 -0.22630341182371366 -0.22317121506957385 -0.22630341182371366 -0.23964894205554246 -0.23964894205554246 -0.23964894205554246 -0.22317121506957385 -0.18780923769946778 -0.18780923769946778 -0.22630341182371366 -0.23964894205554246 -0.18780923769946778 -0.22630341182371366 -0.23964894205554246 -0.23964894205554246 -0.23964894205554246 -0.23964894205554246 -0.22317121506957385 -0.22630341182371366 -0.23964894205554246 -0.23964894205554246 -0.23964894205554246 -0.23964894205554246 -0.23964894205554246 -0.23964894205554246 -0.23964894205554246 -0.23964894205554246 -0.23964894205554246 -0.23964894205554246 -0.23964894205554246 -0.20945343779655382 -0.23964894205554246 -0.13929596235882102 -0.1913684417400766 -0.13929596235882102 -0.16196334120412 -0.13929596235882102 -0.13539984258135088 -0.13616106267817707 -0.13368674091098706 -0.131099050735774 -0.12922719457274306 -0.10183010042626754 -0.10116452724823892 -0.10096304308373494 -0.09955626004847055 -0.03478238421278174
-0.20945343779655382 -0.20945343779655382 -0.20945343779655382 -0.20945343779655382 -0.20945343779655382 -0.20945343779655382 -0.20945343779655382 -0.20945343779655382 -0.20945343779655382 -0.20945343779655382 -0.18780923769946778 -0.20945343779655382 -0.20945343779655382 -0.20945343779655382 -0.20945343779655382 -0.20945343779655382 -0.20945343779655382 -0.20945343779655382 -0.20945343779655382 -0.20945343779655382 -0.20945343779655382 -0.20945343779655382 -0.20945343779655382 -0.20945343779655382 -0.20945343779655382 -0.20945343779655382 -0.20945343779655382 -0.20945343779655382 -0.20945343779655382 -0.20945343779655382 -0.20945343779655382 -0.20945343779655382 -0.20945343779655382 -0.20945343779655382 -0.20945343779655382 -0.20945343779655382 -0.20945343779655382 -0.20945343779655382 -0.20945343779655382 -0.20945343779655382 -0.20945343779655382 -0.20945343779655382 -0.20945343779655382 -0.20945343779655382 -0.20945343779655382 -0.20945343779655382 -0.20945343779655382 -0.20945343779655382 -0.20945343779655382 -0.20945343779655382 -0.18780923769946778 -0.18780923769946778 -0.20945343779655382 -0.20945343779655382 -0.18780923769946778 -0.20945343779655382 -0.20945343779655382 -0.20945343779655382 -0.20945343779655382 -0.20945343779655382 -0.20945343779655382 -0.20945343779655382 -0.20945343779655382 -0.20945343779655382 -0.20945343779655382 -0.20945343779655382 -0.20945343779655382 -0.20945343779655382 -0.20945343779655382 -0.20945343779655382 -0.20945343779655382 -0.20945343779655382 -0.20945343779655382 -0.20945343779655382 -0.20945343779655382 -0.13929596235882102 -0.1913684417400766 -0.13929596235882102 -0.16196334120412 -0.13929596235882102 -0.13539984258135088 -0.13616106267817707 -0.13368674091098706 -0.131099050735774 -0.12922719457274306 -0.10183010042626754 -0.10116452724823892 -0.10096304308373494 -0.09955626004847055 -0.03478238421278174
-0.27160283001747537 -0.27160283001747537 -0.27160283001747537 -0.27160283001747537 -0.27160283001747537 -0.27160283001747537 -0.27160283001747537 -0.27160283001747537 -0.27160283001747537 -0.27160283001747537 -0.18780923769946778 -0.27160283001747537 -0.27160283001747537 -0.27160283001747537 -0.27160283001747537 -0.27160283001747537 -0.27160283001747537 -0.27160283001747537 -0.27160283001747537 -0.27160283001747537 -0.27160283001747537 -0.27160283001747537 -0.27160283001747537 -0.27160283001747537 -0.27160283001747537 -0.27160283001747537 -0.27160283001747537 -0.27160283001747537 -0.27160283001747537 -0.27160283001747537 -0.27160283001747537 -0.27160283001747537 -0.27160283001747537 -0.27160283001747537 -0.27160283001747537 -0.27160283001747537 -0.27160283001747537 -0.27160283001747537 -0.27160283001747537 -0.27160283001747537 -0.22317121506957385 -0.22317121506957385 -0.22630341182371366 -0.22630341182371366 -0.22317121506957385 -0.22630341182371366 -0.27160283001747537 -0.27160283001747537 -0.27160283001747537 -0.22317121506957385 -0.18780923769946778 -0.18780923769946778 -0.22630341182371366 -0.27160283001747537 -0.18780923769946778 -0.22630341182371366 -0.27160283001747537 -0.27160283001747537 -0.27160283001747537 -0.27160283001747537 -0.22317121506957385 -0.22630341182371366 -0.27160283001747537 -0.27160283001747537 -0.27160283001747537 -0.27160283001747537 -0.27160283001747537 -0.27160283001747537 -0.27160283001747537 -0.2510129404658595 -0.2537526703201183 -0.24659748381816948 -0.24607646176938686 -0.20945343779655382 -0.23964894205554246 -0.13929596235882102 -0.1913684417400766 -0.13929596235882102 -0.16196334120412 -0.13929596235882102 -0.13539984258135088 -0.13616106267817707 -0.13368674091098706 -0.131099050735774 -0.12922719457274306 -0.10183010042626754 -0.10116452724823892 -0.10096304308373494 -0.09955626004847055 -0.03478238421278174
-0.2712478875158009 -0.2712478875158009 -0.2712478875158009 -0.2712478875158009 -0.2712478875158009 -0.2712478875158009 -0.2712478875158009 -0.2712478875158009 -0.2712478875158009 -0.2712478875158009 -0.18780923769946778 -0.2712478875158009 -0.2712478875158009 -0.2712478875158009 -0.2712478875158009 -0.2712478875158009 -0.2712478875158009 -0.2712478875158009 -0.2712478875158009 -0.2712478875158009 -0.2712478875158009 -0.2712478875158009 -0.2712478875158009 -0.2712478875158009 -0.2712478875158009 -0.2712478875158009 -0.2712478875158009 -0.2712478875158009 -0.2712478875158009 -0.2712478875158009 -0.2712478875158009 -0.2712478875158009 -0.2712478875158009 -0.2712478875158009 -0.2712478875158009 -0.2712478875158009 -0.2712478875158009 -0.2712478875158009 -0.2712478875158009 -0.2712478875158009 -0.22317121506957385 -0.22317121506957385 -0.22630341182371366 -0.22630341182371366 -0.22317121506957385 -0.22630341182371366 -0.2712478875158009 -0.2712478875158009 -0.2712478875158009 -0.22317121506957385 -0.18780923769946778 -0.18780923769946778 -0.22630341182371366 -0.2712478875158009 -0.18780923769946778 -0.22630341182371366 -0.2712478875158009 -0.2712478875158009 -0.2712478875158009 -0.2712478875158009 -0.22317121506957385 -0.22630341182371366 -0.2712478875158009 -0.2712478875158009 -0.2712478875158009 -0.2712478875158009 -0.2712478875158009 -0.2712478875158009 -0.2712478875158009 -0.2510129404658595 -0.2537526703201183 -0.24659748381816948 -0.24607646176938686 -0.20945343779655382 -0.23964894205554246 -0.13929596235882102 -0.1913684417400766 -0.13929596235882102 -0.16196334120412 -0.13929596235882102 -0.13539984258135088 -0.13616106267817707 -0.13368674091098706 -0.131099050735774 -0.12922719457274306 -0.10183010042626754 -0.10116452724823892 -0.10096304308373494 -0.09955626004847055 -0.03478238421278174
-0.2665625056149142 -0.2665625056149142 -0.2665625056149142 -0.2665625056149142 -0.2665625056149142 -0.2665625056149142 -0.2665625056149142 -0.2665625056149142 -0.2665625056149142 -0.2665625056149142 -0.18780923769946778 -0.2665625056149142 -0.2665625056149142 -0.2665625056149142 -0.2665625056149142 -0.2665625056149142 -0.2665625056149142 -0.2665625056149142 -0.2665625056149142 -0.2665625056149142 -0.2665625056149142 -0.2665625056149142 -0.2665625056149142 -0.2665625056149142 -0.2665625056149142 -0.2665625056149142 -0.2665625056149142 -0.2665625056149142 -0.2665625056149142 -0.2665625056149142 -0.2665625056149142 -0.2665625056149142 -0.2665625056149142 -0.2665625056149142 -0.2665625056149142 -0.2665625056149142 -0.2665625056149142 -0.2665625056149142 -0.2665625056149142 -0.2665625056149142 -0.22317121506957385 -0.22317121506957385 -0.22630341182371366 -0.22630341182371366 -0.22317121506957385 -0.22630341182371366 -0.2665625056149142 -0.2665625056149142 -0.2665625056149142 -0.22317121506957385 -0.18780923769946778 -0.18780923769946778 -0.22630341182371366 -0.2665625056149142 -0.18780923769946778 -0.22630341182371366 -0.2665625056149142 -0.2665625056149142 -0.2665625056149142 -0.2665625056149142 -0.22317121506957385 -0.22630341182371366 -0.2665625056149142 -0.2665625056149142 -0.2665625056149142 -0.2665625056149142 -0.2665625056149142 -0.2665625056149142 -0.2665625056149142 -0.2510129404658595 -0.2537526703201183 -0.24659748381816948 -0.24607646176938686 -0.20945343779655382 -0.23964894205554246 -0.13929596235882102 -0.1913684417400766 -0.13929596235882102 -0.16196334120412 -0.13929596235882102 -0.13539984258135088 -0.13616106267817707 -0.13368674091098706 -0.131099050735774 -0.12922719457274306 -0.10183010042626754 -0.10116452724823892 -0.10096304308373494 -0.09955626004847055 -0.03478238421278174
-0.265423319990964 -0.265423319990964 -0.265423319990964 -0.265423319990964 -0.265423319990964 -0.265423319990964 -0.265423319990964 -0.265423319990964 -0.265423319990964 -0.265423319990964 -0.18780923769946778 -0.265423319990964 -0.265423319990964 -0.265423319990964 -0.265423319990964 -0.265423319990964 -0.265423319990964 -0.265423319990964 -0.265423319990964 -0.265423319990964 -0.265423319990964 -0.265423319990964 -0.265423319990964 -0.265423319990964 -0.265423319990964 -0.265423319990964 -0.265423319990964 -0.265423319990964 -0.265423319990964 -0.265423319990964 -0.265423319990964 -0.265423319990964 -0.265423319990964 -0.265423319990964 -0.265423319990964 -0.265423319990964 -0.265423319990964 -0.265423319990964 -0.265423319990964 -0.265423319990964 -0.22317121506957385 -0.22317121506957385 -0.22630341182371366 -0.22630341182371366 -0.22317121506957385 -0.22630341182371366 -0.265423319990964 -0.265423319990964 -0.265423319990964 -0.22317121506957385 -0.18780923769946778 -0.18780923769946778 -0.22630341182371366 -0.265423319990964 -0.18780923769946778 -0.22630341182371366 -0.265423319990964 -0.265423319990964 -0.265423319990964 -0.265423319990964 -0.22317121506957385 -0.22630341182371366 -0.265423319990964 -0.265423319990964 -0.265423319990964 -0.265423319990964 -0.265423319990964 -0.265423319990964 -0.265423319990964 -0.2510129404658595 -0.2537526703201183 -0.24659748381816948 -0.24607646176938686 -0.20945343779655382 -0.23964894205554246 -0.13929596235882102 -0.1913684417400766 -0.13929596235882102 -0.16196334120412 -0.13929596235882102 -0.13539984258135088 -0.13616106267817707 -0.13368674091098706 -0.131099050735774 -0.12922719457274306 -0.10183010042626754 -0.10116452724823892 -0.10096304308373494 -0.09955626004847055 -0.03478238421278174
-0.265355971764778 -0.265355971764778 -0.265355971764778 -0.265355971764778 -0.265355971764778 -0.265355971764778 -0.265355971764778 -0.265355971764778 -0.265355971764778 -0.265355971764778 -0.18780923769946778 -0.265355971764778 -0.265355971764778 -0.265355971764778 -0.265355971764778 -0.265355971764778 -0.265355971764778 -0.265355971764778 -0.265355971764778 -0.265355971764778 -0.265355971764778 -0.265355971764778 -0.265355971764778 -0.265355971764778 -0.265355971764778 -0.265355971764778 -0.265355971764778 -0.265355971764778 -0.265355971764778 -0.265355971764778 -0.265355971764778 -0.265355971764778 -0.265355971764778 -0.265355971764778 -0.265355971764778 -0.265355971764778 -0.265355971764778 -0.265355971764778 -0.265355971764778 -0.265355971764778 -0.22317121506957385 -0.22317121506957385 -0.22630341182371366 -0.22630341182371366 -0.22317121506957385 -0.22630341182371366 -0.265355971764778 -0.265355971764778 -0.265355971764778 -0.22317121506957385 -0.18780923769946778 -0.18780923769946778 -0.22630341182371366 -0.265355971764778 -0.18780923769946778 -0.22630341182371366 -0.265355971764778 -0.265355971764778 -0.265355971764778 -0.265355971764778 -0.22317121506957385 -0.22630341182371366 -0.265355971764778 -0.265355971764778 -0.265355971764778 -0.265355971764778 -0.265355971764778 -0.265355971764778 -0.265355971764778 -0.2510129404658595 -0.2537526703201183 -0.24659748381816948 -0.24607646176938686 -0.20945343779655382 -0.23964894205554246 -0.13929596235882102 -0.1913684417400766 -0.13929596235882102 -0.16196334120412 -0.13929596235882102 -0.13539984258135088 -0.13616106267817707 -0.13368674091098706 -0.131099050735774 -0.12922719457274306 -0.10183010042626754 -0.10116452724823892 -0.10096304308373494 -0.09955626004847055 -0.03478238421278174
-0.20945343779655382 -0.20945343779655382 -0.20945343779655382 -0.20945343779655382 -0.20945343779655382 -0.20945343779655382 -0.20945343779655382 -0.20945343779655382 -0.20945343779655382 -0.20945343779655382 -0.18780923769946778 -0.20945343779655382 -0.20945343779655382 -0.20945343779655382 -0.20945343779655382 -0.20945343779655382 -0.20945343779655382 -0.20945343779655382 -0.20945343779655382 -0.20945343779655382 -0.20945343779655382 -0.20945343779655382 -0.20945343779655382 -0.20945343779655382 -0.20945343779655382 -0.20945343779655382 -0.20945343779655382 -0.20945343779655382 -0.20945343779655382 -0.20945343779655382 -0.20945343779655382 -0.20945343779655382 -0.20945343779655382 -0.20945343779655382 -0.20945343779655382 -0.20945343779655382 -0.20945343779655382 -0.20945343779655382 -0.20945343779655382 -0.20945343779655382 -0.20945343779655382 -0.20945343779655382 -0.20945343779655382 -0.20945343779655382 -0.20945343779655382 -0.20945343779655382 -0.20945343779655382 -0.20945343779655382 -0.20945343779655382 -0.20945343779655382 -0.18780923769946778 -0.18780923769946778 -0.20945343779655382 -0.20945343779655382 -0.18780923769946778 -0.20945343779655382 -0.20945343779655382 -0.20945343779655382 -0.20945343779655382 -0.20945343779655382 -0.20945343779655382 -0.20945343779655382 -0.20945343779655382 -0.20945343779655382 -0.20945343779655382 -0.20945343779655382 -0.20945343779655382 -0.20945343779655382 -0.20945343779655382 -0.20945343779655382 -0.20945343779655382 -0.20945343779655382 -0.20945343779655382 -0.20945343779655382 -0.20945343779655382 -0.13929596235882102 -0.1913684417400766 -0.13929596235882102 -0.16196334120412 -0.13929596235882102 -0.13539984258135088 -0.13616106267817707 -0.13368674091098706 -0.131099050735774 -0.12922719457274306 -0.10183010042626754 -0.10116452724823892 -0.10096304308373494 -0.09955626004847055 -0.03478238421278174
-0.24025179731113802 -0.24025179731113802 -0.24025179731113802 -0.24025179731113802 -0.24025179731113802 -0.24025179731113802 -0.24025179731113802 -0.24025179731113802 -0.24025179731113802 -0.24025179731113802 -0.18780923769946778 -0.24025179731113802 -0.24025179731113802 -0.24025179731113802 -0.24025179731113802 -0.24025179731113802 -0.24025179731113802 -0.24025179731113802 -0.24025179731113802 -0.24025179731113802 -0.24025179731113802 -0.24025179731113802 -0.24025179731113802 -0.24025179731113802 -0.24025179731113802 -0.24025179731113802 -0.24025179731113802 -0.24025179731113802 -0.24025179731113802 -0.24025179731113802 -0.24025179731113802 -0.24025179731113802 -0.24025179731113802 -0.24025179731113802 -0.24025179731113802 -0.24025179731113802 -0.24025179731113802 -0.24025179731113802 -0.24025179731113802 -0.24025179731113802 -0.22317121506957385 -0.22317121506957385 -0.22630341182371366 -0.22630341182371366 -0.22317121506957385 -0.22630341182371366 -0.24025179731113802 -0.24025179731113802 -0.24025179731113802 -0.22317121506957385 -0.18780923769946778 -0.18780923769946778 -0.22630341182371366 -0.24025179731113802 -0.18780923769946778 -0.22630341182371366 -0.24025179731113802 -0.24025179731113802 -0.24025179731113802 -0.24025179731113802 -0.22317121506957385 -0.22630341182371366 -0.24025179731113802 -0.24025179731113802 -0.24025179731113802 -0.24025179731113802 -0.24025179731113802 -0.24025179731113802 -0.24025179731113802 -0.24025179731113802 -0.24025179731113802 -0.24025179731113802 -0.24025179731113802 -0.20945343779655382 -0.23964894205554246 -0.13929596235882102 -0.1913684417400766 -0.13929596235882102 -0.16196334120412 -0.13929596235882102 -0.13539984258135088 -0.13616106267817707 -0.13368674091098706 -0.131099050735774 -0.12922719457274306 -0.10183010042626754 -0.10116452724823892 -0.10096304308373494 -0.09955626004847055 -0.03478238421278174
-0.23868066494128992 -0.23868066494128992 -0.23868066494128992 -0.23868066494128992 -0.23868066494128992 -0.23868066494128992 -0.23868066494128992 -0.23868066494128992 -0.23868066494128992 -0.23868066494128992 -0.18780923769946778 -0.23868066494128992 -0.23868066494128992 -0.23868066494128992 -0.23868066494128992 -0.23868066494128992 -0.23868066494128992 -0.23868066494128992 -0.23868066494128992 -0.23868066494128992 -0.23868066494128992 -0.23868066494128992 -0.23868066494128992 -0.23868066494128992 -0.23868066494128992 -0.23868066494128992 -0.23868066494128992 -0.23868066494128992 -0.23868066494128992 -0.23868066494128992 -0.23868066494128992 -0.23868066494128992 -0.23868066494128992 -0.23868066494128992 -0.23868066494128992 -0.23868066494128992 -0.23868066494128992 -0.23868066494128992 -0.23868066494128992 -0.23868066494128992 -0.22317121506957385 -0.22317121506957385 -0.22630341182371366 -0.22630341182371366 -0.22317121506957385 -0.22630341182371366 -0.23868066494128992 -0.23868066494128992 -0.23868066494128992 -0.22317121506957385 -0.18780923769946778 -0.18780923769946778 -0.22630341182371366 -0.23868066494128992 -0.18780923769946778 -0.22630341182371366 -0.23868066494128992 -0.23868066494128992 -0.23868066494128992 -0.23868066494128992 -0.22317121506957385 -0.22630341182371366 -0.23868066494128992 -0.23868066494128992 -0.23868066494128992 -0.23868066494128992 -0.23868066494128992 -0.23868066494128992 -0.23868066494128992 -0.23868066494128992 -0.23868066494128992 -0.23868066494128992 -0.23868066494128992 -0.20945343779655382 -0.23868066494128992 -0.13929596235882102 -0.1913684417400766 -0.13929596235882102 -0.16196334120412 -0.13929596235882102 -0.13539984258135088 -0.13616106267817707 -0.13368674091098706 -0.131099050735774 -0.12922719457274306 -0.10183010042626754 -0.10116452724823892 -0.10096304308373494 -0.09955626004847055 -0.03478238421278174
-0.23737377132813267 -0.23737377132813267 -0.23737377132813267 -0.23737377132813267 -0.23737377132813267 -0.23737377132813267 -0.23737377132813267 -0.23737377132813267 -0.23737377132813267 -0.23737377132813267 -0.18780923769946778 -0.23737377132813267 -0.23737377132813267 -0.23737377132813267 -0.23737377132813267 -0.23737377132813267 -0.23737377132813267 -0.23737377132813267 -0.23737377132813267 -0.23737377132813267 -0.23737377132813267 -0.23737377132813267 -0.23737377132813267 -0.23737377132813267 -0.23737377132813267 -0.23737377132813267 -0.23737377132813267 -0.23737377132813267 -0.23737377132813267 -0.23737377132813267 -0.23737377132813267 -0.23737377132813267 -0.23737377132813267 -0.23737377132813267 -0.23737377132813267 -0.23737377132813267 -0.23737377132813267 -0.23737377132813267 -0.23737377132813267 -0.23737377132813267 -0.22317121506957385 -0.22317121506957385 -0.22630341182371366 -0.22630341182371366 -0.22317121506957385 -0.22630341182371366 -0.23737377132813267 -0.23737377132813267 -0.23737377132813267 -0.22317121506957385 -0.18780923769946778 -0.18780923769946778 -0.22630341182371366 -0.23737377132813267 -0.18780923769946778 -0.22630341182371366 -0.23737377132813267 -0.23737377132813267 -0.23737377132813267 -0.23737377132813267 -0.22317121506957385 -0.22630341182371366 -0.23737377132813267 -0.23737377132813267 -0.23737377132813267 -0.23737377132813267 -0.23737377132813267 -0.23737377132813267 -0.23737377132813267 -0.23737377132813267 -0.23737377132813267 -0.23737377132813267 -0.23737377132813267 -0.20945343779655382 -0.23737377132813267 -0.13929596235882102 -0.1913684417400766 -0.13929596235882102 -0.16196334120412 -0.13929596235882102 -0.13539984258135088 -0.13616106267817707 -0.13368674091098706 -0.131099050735774 -0.12922719457274306 -0.10183010042626754 -0.10116452724823892 -0.10096304308373494 -0.09955626004847055 -0.03478238421278174
-0.20945343779655382 -0.20945343779655382 -0.20945343779655382 -0.20945343779655382 -0.20945343779655382 -0.20945343779655382 -0.20945343779655382 -0.20945343779655382 -0.20945343779655382 -0.20945343779655382 -0.18780923769946778 -0.20945343779655382 -0.20945343779655382 -0.20945343779655382 -0.20945343779655382 -0.20945343779655382 -0.20945343779655382 -0.20945343779655382 -0.20945343779655382 -0.20945343779655382 -0.20945343779655382 -0.20945343779655382 -0.20945343779655382 -0.20945343779655382 -0.20945343779655382 -0.20945343779655382 -0.20945343779655382 -0.20945343779655382 -0.20945343779655382 -0.20945343779655382 -0.20945343779655382 -0.20945343779655382 -0.20945343779655382 -0.20945343779655382 -0.20945343779655382 -0.20945343779655382 -0.20945343779655382 -0.20945343779655382 -0.20945343779655382 -0.20945343779655382 -0.20945343779655382 -0.20945343779655382 -0.20945343779655382 -0.20945343779655382 -0.20945343779655382 -0.20945343779655382 -0.20945343779655382 -0.20945343779655382 -0.20945343779655382 -0.20945343779655382 -0.18780923769946778 -0.18780923769946778 -0.20945343779655382 -0.20945343779655382 -0.18780923769946778 -0.20945343779655382 -0.20945343779655382 -0.20945343779655382 -0.20945343779655382 -0.20945343779655382 -0.20945343779655382 -0.20945343779655382 -0.20945343779655382 -0.20945343779655382 -0.20945343779655382 -0.20945343779655382 -0.20945343779655382 -0.20945343779655382 -0.20945343779655382 -0.20945343779655382 -0.20945343779655382 -0.20945343779655382 -0.20945343779655382 -0.22326294024281126 -0.20945343779655382 -0.13929596235882102 -0.1913684417400766 -0.13929596235882102 -0.16196334120412 -0.13929596235882102 -0.13539984258135088 -0.13616106267817707 -0.13368674091098706 -0.131099050735774 -0.12922719457274306 -0.10183010042626754 -0.10116452724823892 -0.10096304308373494 -0.09955626004847055 -0.03478238421278174
-0.21106583954139696 -0.21106583954139696 -0.21106583954139696 -0.21106583954139696 -0.21106583954139696 -0.21106583954139696 -0.21106583954139696 -0.21106583954139696 -0.21106583954139696 -0.21106583954139696 -0.18780923769946778 -0.21106583954139696 -0.21106583954139696 -0.21106583954139696 -0.21106583954139696 -0.21106583954139696 -0.21106583954139696 -0.21106583954139696 -0.21106583954139696 -0.21106583954139696 -0.21106583954139696 -0.21106583954139696 -0.21106583954139696 -0.21106583954139696 -0.21106583954139696 -0.21106583954139696 -0.21106583954139696 -0.21106583954139696 -0.21106583954139696 -0.21106583954139696 -0.21106583954139696 -0.21106583954139696 -0.21106583954139696 -0.21106583954139696 -0.21106583954139696 -0.21106583954139696 -0.21106583954139696 -0.21106583954139696 -0.21106583954139696 -0.21106583954139696 -0.21106583954139696 -0.21106583954139696 -0.21106583954139696 -0.21106583954139696 -0.21106583954139696 -0.21106583954139696 -0.21106583954139696 -0.21106583954139696 -0.21106583954139696 -0.21106583954139696 -0.18780923769946778 -0.18780923769946778 -0.21106583954139696 -0.21106583954139696 -0.18780923769946778 -0.21106583954139696 -0.21106583954139696 -0.21106583954139696 -0.21106583954139696 -0.21106583954139696 -0.21106583954139696 -0.21106583954139696 -0.21106583954139696 -0.21106583954139696 -0.21106583954139696 -0.21106583954139696 -0.21106583954139696 -0.21106583954139696 -0.21106583954139696 -0.21106583954139696 -0.21106583954139696 -0.21106583954139696 -0.21106583954139696 -0.20945343779655382 -0.21106583954139696 -0.13929596235882102 -0.1913684417400766 -0.13929596235882102 -0.16196334120412 -0.13929596235882102 -0.13539984258135088 -0.13616106267817707 -0.13368674091098706 -0.131099050735774 -0.12922719457274306 -0.10183010042626754 -0.10116452724823892 -0.10096304308373494 -0.09955626004847055 -0.03478238421278174
-0.1874346030673946 -0.1874346030673946 -0.1874346030673946 -0.1874346030673946 -0.1874346030673946 -0.1874346030673946 -0.1874346030673946 -0.1874346030673946 -0.1874346030673946 -0.1874346030673946 -0.1874346030673946 -0.1874346030673946 -0.1874346030673946 -0.1874346030673946 -0.1874346030673946 -0.1874346030673946 -0.1874346030673946 -0.1874346030673946 -0.1874346030673946 -0.1874346030673946 -0.1874346030673946 -0.1874346030673946 -0.1874346030673946 -0.1874346030673946 -0.1874346030673946 -0.1874346030673946 -0.1874346030673946 -0.1874346030673946 -0.1874346030673946 -0.1874346030673946 -0.1874346030673946 -0.1874346030673946 -0.1874346030673946 -0.1874346030673946 -0.1874346030673946 -0.1874346030673946 -0.1874346030673946 -0.1874346030673946 -0.1874346030673946 -0.1874346030673946 -0.1874346030673946 -0.1874346030673946 -0.1874346030673946 -0.1874346030673946 -0.1874346030673946 -0.1874346030673946 -0.1874346030673946 -0.1874346030673946 -0.1874346030673946 -0.1874346030673946 -0.1874346030673946 -0.1874346030673946 -0.1874346030673946 -0.1874346030673946 -0.1874346030673946 -0.1874346030673946 -0.1874346030673946 -0.1874346030673946 -0.1874346030673946 -0.1874346030673946 -0.1874346030673946 -0.1874346030673946 -0.1874346030673946 -0.1874346030673946 -0.1874346030673946 -0.1874346030673946 -0.1874346030673946 -0.1874346030673946 -0.1874346030673946 -0.1874346030673946 -0.1874346030673946 -0.1874346030673946 -0.1874346030673946 -0.1874346030673946 -0.1874346030673946 -0.13929596235882102 -0.1874346030673946 -0.13929596235882102 -0.16196334120412 -0.13929596235882102 -0.13539984258135088 -0.13616106267817707 -0.13368674091098706 -0.131099050735774 -0.12922719457274306 -0.10183010042626754 -0.10116452724823892 -0.10096304308373494 -0.09955626004847055 -0.03478238421278174
-0.1858162037782083 -0.1858162037782083 -0.1858162037782083 -0.1858162037782083 -0.1858162037782083 -0.1858162037782083 -0.1858162037782083 -0.1858162037782083 -0.1858162037782083 -0.1858162037782083 -0.1858162037782083 -0.1858162037782083 -0.1858162037782083 -0.1858162037782083 -0.1858162037782083 -0.1858162037782083 -0.1858162037782083 -0.1858162037782083 -0.1858162037782083 -0.1858162037782083 -0.1858162037782083 -0.1858162037782083 -0.1858162037782083 -0.1858162037782083 -0.1858162037782083 -0.1858162037782083 -0.1858162037782083 -0.1858162037782083 -0.1858162037782083 -0.1858162037782083 -0.1858162037782083 -0.1858162037782083 -0.1858162037782083 -0.1858162037782083 -0.1858162037782083 -0.1858162037782083 -0.1858162037782083 -0.1858162037782083 -0.1858162037782083 -0.1858162037782083 -0.1858162037782083 -0.1858162037782083 -0.1858162037782083 -0.1858162037782083 -0.1858162037782083 -0.1858162037782083 -0.1858162037782083 -0.1858162037782083 -0.1858162037782083 -0.1858162037782083 -0.1858162037782083 -0.1858162037782083 -0.1858162037782083 -0.1858162037782083 -0.1858162037782083 -0.1858162037782083 -0.1858162037782083 -0.1858162037782083 -0.1858162037782083 -0.1858162037782083 -0.1858162037782083 -0.1858162037782083 -0.1858162037782083 -0.1858162037782083 -0.1858162037782083 -0.1858162037782083 -0.1858162037782083 -0.1858162037782083 -0.1858162037782083 -0.1858162037782083 -0.1858162037782083 -0.1858162037782083 -0.1858162037782083 -0.1858162037782083 -0.1858162037782083 -0.13929596235882102 -0.1858162037782083 -0.13929596235882102 -0.16196334120412 -0.13929596235882102 -0.13539984258135088 -0.13616106267817707 -0.13368674091098706 -0.131099050735774 -0.12922719457274306 -0.10183010042626754 -0.10116452724823892 -0.10096304308373494 -0.09955626004847055 -0.03478238421278174
-0.14826274835174855 -0.14826274835174855 -0.14826274835174855 -0.14826274835174855 -0.14826274835174855 -0.14826274835174855 -0.14826274835174855 -0.14826274835174855 -0.14826274835174855 -0.14826274835174855 -0.14826274835174855 -0.14826274835174855 -0.14826274835174855 -0.14826274835174855 -0.14826274835174855 -0.14826274835174855 -0.14826274835174855 -0.14826274835174855 -0.14826274835174855 -0.14826274835174855 -0.14826274835174855 -0.14826274835174855 -0.14826274835174855 -0.14826274835174855 -0.14826274835174855 -0.14826274835174855 -0.14826274835174855 -0.14826274835174855 -0.14826274835174855 -0.14826274835174855 -0.14826274835174855 -0.14826274835174855 -0.14826274835174855 -0.14826274835174855 -0.14826274835174855 -0.14826274835174855 -0.14826274835174855 -0.14826274835174855 -0.14826274835174855 -0.14826274835174855 -0.14826274835174855 -0.14826274835174855 -0.14826274835174855 -0.14826274835174855 -0.14826274835174855 -0.14826274835174855 -0.14826274835174855 -0.14826274835174855 -0.14826274835174855 -0.14826274835174855 -0.14826274835174855 -0.14826274835174855 -0.14826274835174855 -0.14826274835174855 -0.14826274835174855 -0.14826274835174855 -0.14826274835174855 -0.14826274835174855 -0.14826274835174855 -0.14826274835174855 -0.14826274835174855 -0.14826274835174855 -0.14826274835174855 -0.14826274835174855 -0.14826274835174855 -0.14826274835174855 -0.14826274835174855 -0.14826274835174855 -0.14826274835174855 -0.14826274835174855 -0.14826274835174855 -0.14826274835174855 -0.14826274835174855 -0.14826274835174855 -0.14826274835174855 -0.13929596235882102 -0.14826274835174855 -0.13929596235882102 -0.14826274835174855 -0.13929596235882102 -0.13539984258135088 -0.13616106267817707 -0.13368674091098706 -0.131099050735774 -0.12922719457274306 -0.10183010042626754 -0.10116452724823892 -0.10096304308373494 -0.09955626004847055 -0.03478238421278174
-0.13929596235882102 -0.13929596235882102 -0.13929596235882102 -0.13929596235882102 -0.13929596235882102 -0.13929596235882102 -0.13929596235882102 -0.13929596235882102 -0.13929596235882102 -0.13929596235882102 -0.13929596235882102 -0.13929596235882102 -0.13929596235882102 -0.13929596235882102 -0.13929596235882102 -0.13929596235882102 -0.13929596235882102 -0.13929596235882102 -0.13929596235882102 -0.13929596235882102 -0.13929596235882102 -0.13929596235882102 -0.13929596235882102 -0.13929596235882102 -0.13929596235882102 -0.13929596235882102 -0.13929596235882102 -0.13929596235882102 -0.13929596235882102 -0.13929596235882102 -0.13929596235882102 -0.13929596235882102 -0.13929596235882102 -0.13929596235882102 -0.13929596235882102 -0.13929596235882102 -0.13929596235882102 -0.13929596235882102 -0.13929596235882102 -0.13929596235882102 -0.13929596235882102 -0.13929596235882102 -0.13929596235882102 -0.13929596235882102 -0.13929596235882102 -0.13929596235882102 -0.13929596235882102 -0.13929596235882102 -0.13929596235882102 -0.13929596235882102 -0.13929596235882102 -0.13929596235882102 -0.13929596235882102 -0.13929596235882102 -0.13929596235882102 -0.13929596235882102 -0.13929596235882102 -0.13929596235882102 -0.13929596235882102 -0.13929596235882102 -0.13929596235882102 -0.13929596235882102 -0.13929596235882102 -0.13929596235882102 -0.13929596235882102 -0.13929596235882102 -0.13929596235882102 -0.13929596235882102 -0.13929596235882102 -0.13929596235882102 -0.13929596235882102 -0.13929596235882102 -0.13929596235882102 -0.13929596235882102 -0.13929596235882102 -0.14518030705680104 -0.13929596235882102 -0.14518030705680104 -0.13929596235882102 -0.14518030705680104 -0.13539984258135088 -0.13616106267817707 -0.13368674091098706 -0.131099050735774 -0.12922719457274306 -0.10183010042626754 -0.10116452724823892 -0.10096304308373494 -0.09955626004847055 -0.03478238421278174
-0.13929596235882102 -0.13929596235882102 -0.13929596235882102 -0.13929596235882102 -0.13929596235882102 -0.13929596235882102 -0.13929596235882102 -0.13929596235882102 -0.13929596235882102 -0.13929596235882102 -0.13929596235882102 -0.13929596235882102 -0.13929596235882102 -0.13929596235882102 -0.13929596235882102 -0.13929596235882102 -0.13929596235882102 -0.13929596235882102 -0.13929596235882102 -0.13929596235882102 -0.13929596235882102 -0.13929596235882102 -0.13929596235882102 -0.13929596235882102 -0.13929596235882102 -0.13929596235882102 -0.13929596235882102 -0.13929596235882102 -0.13929596235882102 -0.13929596235882102 -0.13929596235882102 -0.13929596235882102 -0.13929596235882102 -0.13929596235882102 -0.13929596235882102 -0.13929596235882102 -0.13929596235882102 -0.13929596235882102 -0.13929596235882102 -0.13929596235882102 -0.13929596235882102 -0.13929596235882102 -0.13929596235882102 -0.13929596235882102 -0.13929596235882102 -0.13929596235882102 -0.13929596235882102 -0.13929596235882102 -0.13929596235882102 -0.13929596235882102 -0.13929596235882102 -0.13929596235882102 -0.13929596235882102 -0.13929596235882102 -0.13929596235882102 -0.13929596235882102 -0.13929596235882102 -0.13929596235882102 -0.13929596235882102 -0.13929596235882102 -0.13929596235882102 -0.13929596235882102 -0.13929596235882102 -0.13929596235882102 -0.13929596235882102 -0.13929596235882102 -0.13929596235882102 -0.13929596235882102 -0.13929596235882102 -0.13929596235882102 -0.13929596235882102 -0.13929596235882102 -0.13929596235882102 -0.13929596235882102 -0.13929596235882102 -0.1450589222563995 -0.13929596235882102 -0.1450589222563995 -0.13929596235882102 -0.1450589222563995 -0.13539984258135088 -0.13616106267817707 -0.13368674091098706 -0.131099050735774 -0.12922719457274306 -0.10183010042626754 -0.10116452724823892 -0.10096304308373494 -0.09955626004847055 -0.03478238421278174
-0.13929596235882102 -0.13929596235882102 -0.13929596235882102 -0.13929596235882102 -0.13929596235882102 -0.13929596235882102 -0.13929596235882102 -0.13929596235882102 -0.13929596235882102 -0.13929596235882102 -0.13929596235882102 -0.13929596235882102 -0.13929596235882102 -0.13929596235882102 -0.13929596235882102 -0.13929596235882102 -0.13929596235882102 -0.13929596235882102 -0.13929596235882102 -0.13929596235882102 -0.13929596235882102 -0.13929596235882102 -0.13929596235882102 -0.13929596235882102 -0.13929596235882102 -0.13929596235882102 -0.13929596235882102 -0.13929596235882102 -0.13929596235882102 -0.13929596235882102 -0.13929596235882102 -0.13929596235882102 -0.13929596235882102 -0.13929596235882102 -0.13929596235882102 -0.13929596235882102 -0.13929596235882102 -0.13929596235882102 -0.13929596235882102 -0.13929596235882102 -0.13929596235882102 -0.13929596235882102 -0.13929596235882102 -0.13929596235882102 -0.13929596235882102 -0.13929596235882102 -0.13929596235882102 -0.13929596235882102 -0.13929596235882102 -0.13929596235882102 -0.13929596235882102 -0.13929596235882102 -0.13929596235882102 -0.13929596235882102 -0.13929596235882102 -0.13929596235882102 -0.13929596235882102 -0.13929596235882102 -0.13929596235882102 -0.13929596235882102 -0.13929596235882102 -0.13929596235882102 -0.13929596235882102 -0.13929596235882102 -0.13929596235882102 -0.13929596235882102 -0.13929596235882102 -0.13929596235882102 -0.13929596235882102 -0.13929596235882102 -0.13929596235882102 -0.13929596235882102 -0.13929596235882102 -0.13929596235882102 -0.13929596235882102 -0.14299937852915875 -0.13929596235882102 -0.14299937852915875 -0.13929596235882102 -0.14299937852915875 -0.13539984258135088 -0.13616106267817707 -0.13368674091098706 -0.131099050735774 -0.12922719457274306 -0.10183010042626754 -0.10116452724823892 -0.10096304308373494 -0.09955626004847055 -0.03478238421278174
-0.1392366412306057 -0.1392366412306057 -0.1392366412306057 -0.1392366412306057 -0.1392366412306057 -0.1392366412306057 -0.1392366412306057 -0.1392366412306057 -0.1392366412306057 -0.1392366412306057 -0.1392366412306057 -0.1392366412306057 -0.1392366412306057 -0.1392366412306057 -0.1392366412306057 -0.1392366412306057 -0.1392366412306057 -0.1392366412306057 -0.1392366412306057 -0.1392366412306057 -0.1392366412306057 -0.1392366412306057 -0.1392366412306057 -0.1392366412306057 -0.1392366412306057 -0.1392366412306057 -0.1392366412306057 -0.1392366412306057 -0.1392366412306057 -0.1392366412306057 -0.1392366412306057 -0.1392366412306057 -0.1392366412306057 -0.1392366412306057 -0.1392366412306057 -0.1392366412306057 -0.1392366412306057 -0.1392366412306057 -0.1392366412306057 -0.1392366412306057 -0.1392366412306057 -0.1392366412306057 -0.1392366412306057 -0.1392366412306057 -0.1392366412306057 -0.1392366412306057 -0.1392366412306057 -0.1392366412306057 -0.1392366412306057 -0.1392366412306057 -0.1392366412306057 -0.1392366412306057 -0.1392366412306057 -0.1392366412306057 -0.1392366412306057 -0.1392366412306057 -0.1392366412306057 -0.1392366412306057 -0.1392366412306057 -0.1392366412306057 -0.1392366412306057 -0.1392366412306057 -0.1392366412306057 -0.1392366412306057 -0.1392366412306057 -0.1392366412306057 -0.1392366412306057 -0.1392366412306057 -0.1392366412306057 -0.1392366412306057 -0.1392366412306057 -0.1392366412306057 -0.1392366412306057 -0.1392366412306057 -0.1392366412306057 -0.1392366412306057 -0.1392366412306057 -0.1392366412306057 -0.1392366412306057 -0.1392366412306057 -0.13539984258135088 -0.13616106267817707 -0.13368674091098706 -0.131099050735774 -0.12922719457274306 -0.10183010042626754 -0.10116452724823892 -0.10096304308373494 -0.09955626004847055 -0.03478238421278174
-0.13834371995128752 -0.13834371995128752 -0.13834371995128752 -0.13834371995128752 -0.13834371995128752 -0.13834371995128752 -0.13834371995128752 -0.13834371995128752 -0.13834371995128752 -0.13834371995128752 -0.13834371995128752 -0.13834371995128752 -0.13834371995128752 -0.13834371995128752 -0.13834371995128752 -0.13834371995128752 -0.13834371995128752 -0.13834371995128752 -0.13834371995128752 -0.13834371995128752 -0.13834371995128752 -0.13834371995128752 -0.13834371995128752 -0.13834371995128752 -0.13834371995128752 -0.13834371995128752 -0.13834371995128752 -0.13834371995128752 -0.13834371995128752 -0.13834371995128752 -0.13834371995128752 -0.13834371995128752 -0.13834371995128752 -0.13834371995128752 -0.13834371995128752 -0.13834371995128752 -0.13834371995128752 -0.13834371995128752 -0.13834371995128752 -0.13834371995128752 -0.13834371995128752 -0.13834371995128752 -0.13834371995128752 -0.13834371995128752 -0.13834371995128752 -0.13834371995128752 -0.13834371995128752 -0.13834371995128752 -0.13834371995128752 -0.13834371995128752 -0.13834371995128752 -0.13834371995128752 -0.13834371995128752 -0.13834371995128752 -0.13834371995128752 -0.13834371995128752 -0.13834371995128752 -0.13834371995128752 -0.13834371995128752 -0.13834371995128752 -0.13834371995128752 -0.13834371995128752 -0.13834371995128752 -0.13834371995128752 -0.13834371995128752 -0.13834371995128752 -0.13834371995128752 -0.13834371995128752 -0.13834371995128752 -0.13834371995128752 -0.13834371995128752 -0.13834371995128752 -0.13834371995128752 -0.13834371995128752 -0.13834371995128752 -0.13834371995128752 -0.13834371995128752 -0.13834371995128752 -0.13834371995128752 -0.13834371995128752 -0.13539984258135088 -0.13616106267817707 -0.13368674091098706 -0.131099050735774 -0.12922719457274306 -0.10183010042626754 -0.10116452724823892 -0.10096304308373494 -0.09955626004847055 -0.03478238421278174
-0.13450544113729898 -0.13450544113729898 -0.13450544113729898 -0.13450544113729898 -0.13450544113729898 -0.13450544113729898 -0.13450544113729898 -0.13450544113729898 -0.13450544113729898 -0.13450544113729898 -0.13450544113729898 -0.13450544113729898 -0.13450544113729898 -0.13450544113729898 -0.13450544113729898 -0.13450544113729898 -0.13450544113729898 -0.13450544113729898 -0.13450544113729898 -0.13450544113729898 -0.13450544113729898 -0.13450544113729898 -0.13450544113729898 -0.13450544113729898 -0.13450544113729898 -0.13450544113729898 -0.13450544113729898 -0.13450544113729898 -0.13450544113729898 -0.13450544113729898 -0.13450544113729898 -0.13450544113729898 -0.13450544113729898 -0.13450544113729898 -0.13450544113729898 -0.13450544113729898 -0.13450544113729898 -0.13450544113729898 -0.13450544113729898 -0.13450544113729898 -0.13450544113729898 -0.13450544113729898 -0.13450544113729898 -0.13450544113729898 -0.13450544113729898 -0.13450544113729898 -0.13450544113729898 -0.13450544113729898 -0.13450544113729898 -0.13450544113729898 -0.13450544113729898 -0.13450544113729898 -0.13450544113729898 -0.13450544113729898 -0.13450544113729898 -0.13450544113729898 -0.13450544113729898 -0.13450544113729898 -0.13450544113729898 -0.13450544113729898 -0.13450544113729898 -0.13450544113729898 -0.13450544113729898 -0.13450544113729898 -0.13450544113729898 -0.13450544113729898 -0.13450544113729898 -0.13450544113729898 -0.13450544113729898 -0.13450544113729898 -0.13450544113729898 -0.13450544113729898 -0.13450544113729898 -0.13450544113729898 -0.13450544113729898 -0.13450544113729898 -0.13450544113729898 -0.13450544113729898 -0.13450544113729898 -0.13450544113729898 -0.13450544113729898 -0.13450544113729898 -0.13368674091098706 -0.131099050735774 -0.12922719457274306 -0.10183010042626754 -0.10116452724823892 -0.10096304308373494 -0.09955626004847055 -0.03478238421278174
-0.12471603863369453 -0.12471603863369453 -0.12471603863369453 -0.12471603863369453 -0.12471603863369453 -0.12471603863369453 -0.12471603863369453 -0.12471603863369453 -0.12471603863369453 -0.12471603863369453 -0.12471603863369453 -0.12471603863369453 -0.12471603863369453 -0.12471603863369453 -0.12471603863369453 -0.12471603863369453 -0.12471603863369453 -0.12471603863369453 -0.12471603863369453 -0.12471603863369453 -0.12471603863369453 -0.12471603863369453 -0.12471603863369453 -0.12471603863369453 -0.12471603863369453 -0.12471603863369453 -0.12471603863369453 -0.12471603863369453 -0.12471603863369453 -0.12471603863369453 -0.12471603863369453 -0.12471603863369453 -0.12471603863369453 -0.12471603863369453 -0.12471603863369453 -0.12471603863369453 -0.12471603863369453 -0.12471603863369453 -0.12471603863369453 -0.12471603863369453 -0.12471603863369453 -0.12471603863369453 -0.12471603863369453 -0.12471603863369453 -0.12471603863369453 -0.12471603863369453 -0.12471603863369453 -0.12471603863369453 -0.12471603863369453 -0.12471603863369453 -0.12471603863369453 -0.12471603863369453 -0.12471603863369453 -0.12471603863369453 -0.12471603863369453 -0.12471603863369453 -0.12471603863369453 -0.12471603863369453 -0.12471603863369453 -0.12471603863369453 -0.12471603863369453 -0.12471603863369453 -0.12471603863369453 -0.12471603863369453 -0.12471603863369453 -0.12471603863369453 -0.12471603863369453 -0.12471603863369453 -0.12471603863369453 -0.12471603863369453 -0.12471603863369453 -0.12471603863369453 -0.12471603863369453 -0.12471603863369453 -0.12471603863369453 -0.12471603863369453 -0.12471603863369453 -0.12471603863369453 -0.12471603863369453 -0.12471603863369453 -0.12471603863369453 -0.12471603863369453 -0.12471603863369453 -0.12471603863369453 -0.12471603863369453 -0.10183010042626754 -0.10116452724823892 -0.10096304308373494 -0.09955626004847055 -0.03478238421278174
-0.03478238421278174 -0.03478238421278174 -0.03478238421278174 -0.03478238421278174 -0.03478238421278174 -0.03478238421278174 -0.03478238421278174 -0.03478238421278174 -0.03478238421278174 -0.03478238421278174 -0.03478238421278174 -0.03478238421278174 -0.03478238421278174 -0.03478238421278174 -0.03478238421278174 -0.03478238421278174 -0.03478238421278174 -0.03478238421278174 -0.03478238421278174 -0.03478238421278174 -0.03478238421278174 -0.03478238421278174 -0.03478238421278174 -0.03478238421278174 -0.03478238421278174 -0.03478238421278174 -0.03478238421278174 -0.03478238421278174 -0.03478238421278174 -0.03478238421278174 -0.03478238421278174 -0.03478238421278174 -0.03478238421278174 -0.03478238421278174 -0.03478238421278174 -0.03478238421278174 -0.03478238421278174 -0.03478238421278174 -0.03478238421278174 -0.03478238421278174 -0.03478238421278174 -0.03478238421278174 -0.03478238421278174 -0.03478238421278174 -0.03478238421278174 -0.03478238421278174 -0.03478238421278174 -0.03478238421278174 -0.03478238421278174 -0.03478238421278174 -0.03478238421278174 -0.03478238421278174 -0.03478238421278174 -0.03478238421278174 -0.03478238421278174 -0.03478238421278174 -0.03478238421278174 -0.03478238421278174 -0.03478238421278174 -0.03478238421278174 -0.03478238421278174 -0.03478238421278174 -0.03478238421278174 -0.03478238421278174 -0.03478238421278174 -0.03478238421278174 -0.03478238421278174 -0.03478238421278174 -0.03478238421278174 -0.03478238421278174 -0.03478238421278174 -0.03478238421278174 -0.03478238421278174 -0.03478238421278174 -0.03478238421278174 -0.03478238421278174 -0.03478238421278174 -0.03478238421278174 -0.03478238421278174 -0.03478238421278174 -0.03478238421278174 -0.03478238421278174 -0.03478238421278174 -0.03478238421278174 -0.03478238421278174 -0.03478238421278174 -0.03478238421278174 -0.03478238421278174 -0.03478238421278174 -0.03478238421278174
-0.08236403264996858 -0.08236403264996858 -0.08236403264996858 -0.08236403264996858 -0.08236403264996858 -0.08236403264996858 -0.08236403264996858 -0.08236403264996858 -0.08236403264996858 -0.08236403264996858 -0.08236403264996858 -0.08236403264996858 -0.08236403264996858 -0.08236403264996858 -0.08236403264996858 -0.08236403264996858 -0.08236403264996858 -0.08236403264996858 -0.08236403264996858 -0.08236403264996858 -0.08236403264996858 -0.08236403264996858 -0.08236403264996858 -0.08236403264996858 -0.08236403264996858 -0.08236403264996858 -0.08236403264996858 -0.08236403264996858 -0.08236403264996858 -0.08236403264996858 -0.08236403264996858 -0.08236403264996858 -0.08236403264996858 -0.08236403264996858 -0.08236403264996858 -0.08236403264996858 -0.08236403264996858 -0.08236403264996858 -0.08236403264996858 -0.08236403264996858 -0.08236403264996858 -0.08236403264996858 -0.08236403264996858 -0.08236403264996858 -0.08236403264996858 -0.08236403264996858 -0.08236403264996858 -0.08236403264996858 -0.08236403264996858 -0.08236403264996858 -0.08236403264996858 -0.08236403264996858 -0.08236403264996858 -0.08236403264996858 -0.08236403264996858 -0.08236403264996858 -0.08236403264996858 -0.08236403264996858 -0.08236403264996858 -0.08236403264996858 -0.08236403264996858 -0.08236403264996858 -0.08236403264996858 -0.08236403264996858 -0.08236403264996858 -0.08236403264996858 -0.08236403264996858 -0.08236403264996858 -0.08236403264996858 -0.08236403264996858 -0.08236403264996858 -0.08236403264996858 -0.08236403264996858 -0.08236403264996858 -0.08236403264996858 -0.08236403264996858 -0.08236403264996858 -0.08236403264996858 -0.08236403264996858 -0.08236403264996858 -0.08236403264996858 -0.08236403264996858 -0.08236403264996858 -0.08236403264996858 -0.08236403264996858 -0.08236403264996858 -0.08236403264996858 -0.08236403264996858 -0.08236403264996858 -0.03478238421278174