-0.9612446621767703 -0.7577853382285931 -0.388981885529871 -0.388981885529871 -0.20353553184483406 -0.388981885529871 -0.388981885529871 -0.388981885529871 -0.388981885529871 -0.388981885529871 -0.388981885529871 -0.388981885529871 -0.388981885529871 -0.388981885529871 -0.388981885529871 -0.388981885529871 -0.388981885529871 -0.3712360945700985 -0.388981885529871 -0.388981885529871 -0.388981885529871 -0.3712360945700985 -0.388981885529871 -0.388981885529871 -0.388981885529871 -0.388981885529871 -0.5130057054969486 -0.388981885529871 -0.388981885529871 -0.388981885529871 -0.388981885529871 -0.5749705486822905 -0.5749705486822905 -0.4409318743801913 -0.5086381495609612 -0.388981885529871 -0.4409318743801913 -0.388981885529871 -0.5130057054969486 -0.5130057054969486 -0.388981885529871 -0.48954001098291944 -0.4151822352831601 -0.3215670188526232 -0.35495981383848385 -0.35495981383848385 -0.35495981383848385 -0.3215670188526232 -0.22224561133021567 -0.22567365222699193 -0.39294957829270727 -0.22224561133021567 -0.22567365222699193 -0.3712360945700985 -0.22224561133021567 -0.22567365222699193 -0.35495981383848385 -0.22224561133021567 -0.22567365222699193 -0.22224561133021567 -0.3487863543176913 -0.3487863543176913 -0.22567365222699193 -0.3413116827250128 -0.3437789411737888 -0.3215670188526232 -0.3008597136060934 -0.30356018076237085 -0.20353553184483406 -0.20353553184483406 -0.32127575820291776 -0.3160057818603882 -0.3160057818603882 -0.3160057818603882 -0.3160057818603882 -0.2561103426662814 -0.29129636319302193 -0.22224561133021567 -0.29129636319302193 -0.22567365222699193 -0.2934336346587955 -0.2919174480169343 -0.23626144387808534 -0.26743136365534803 -0.27025962786486346 -0.2561103426662814 -0.23626144387808534 -0.2561103426662814 -0.26346034662391615 -0.26346034662391615 -0.252449948104398 -0.23800081174500878 -0.23800081174500878 -0.2370013856589639 -0.1906430224654926 -0.19048784733284063 -0.18737108117074336 -0.1704541647297793 -0.14309716213307042 -0.09244232792471796 -0.09244232792471796 -0.09244232792471796 -0.09244232792471796 -0.09244232792471796 -0.09244232792471796 -0.09244232792471796 -0.10861209523036916 -0.08188623039719899
-0.7577853382285931 -0.7873305271274371 -0.388981885529871 -0.388981885529871 -0.20353553184483406 -0.388981885529871 -0.388981885529871 -0.388981885529871 -0.388981885529871 -0.388981885529871 -0.388981885529871 -0.388981885529871 -0.388981885529871 -0.388981885529871 -0.388981885529871 -0.388981885529871 -0.388981885529871 -0.3712360945700985 -0.388981885529871 -0.388981885529871 -0.388981885529871 -0.3712360945700985 -0.388981885529871 -0.388981885529871 -0.388981885529871 -0.388981885529871 -0.5130057054969486 -0.388981885529871 -0.388981885529871 -0.388981885529871 -0.388981885529871 -0.5749705486822905 -0.5749705486822905 -0.4409318743801913 -0.5086381495609612 -0.388981885529871 -0.4409318743801913 -0.388981885529871 -0.5130057054969486 -0.5130057054969486 -0.388981885529871 -0.48954001098291944 -0.4151822352831601 -0.3215670188526232 -0.35495981383848385 -0.35495981383848385 -0.35495981383848385 -0.3215670188526232 -0.22224561133021567 -0.22567365222699193 -0.39294957829270727 -0.22224561133021567 -0.22567365222699193 -0.3712360945700985 -0.22224561133021567 -0.22567365222699193 -0.35495981383848385 -0.22224561133021567 -0.22567365222699193 -0.22224561133021567 -0.3487863543176913 -0.3487863543176913 -0.22567365222699193 -0.3413116827250128 -0.3437789411737888 -0.3215670188526232 -0.3008597136060934 -0.30356018076237085 -0.20353553184483406 -0.20353553184483406 -0.32127575820291776 -0.3160057818603882 -0.3160057818603882 -0.3160057818603882 -0.3160057818603882 -0.2561103426662814 -0.29129636319302193 -0.22224561133021567 -0.29129636319302193 -0.22567365222699193 -0.2934336346587955 -0.2919174480169343 -0.23626144387808534 -0.26743136365534803 -0.27025962786486346 -0.2561103426662814 -0.23626144387808534 -0.2561103426662814 -0.26346034662391615 -0.26346034662391615 -0.252449948104398 -0.23800081174500878 -0.23800081174500878 -0.2370013856589639 -0.1906430224654926 -0.19048784733284063 -0.18737108117074336 -0.1704541647297793 -0.14309716213307042 -0.09244232792471796 -0.09244232792471796 -0.09244232792471796 -0.09244232792471796 -0.09244232792471796 -0.09244232792471796 -0.09244232792471796 -0.10861209523036916 -0.08188623039719899
-0.388981885529871 -0.388981885529871 -0.7608706598065484 -0.7170721720450869 -0.20353553184483406 -0.40335136551772655 -0.6001317136713896 -0.6901355658063176 -0.7065903699390435 -0.7045121050530883 -0.6266342207537379 -0.6811459234726646 -0.6266342207537379 -0.6266342207537379 -0.5930172951811848 -0.6266342207537379 -0.5930172951811848 -0.3712360945700985 -0.40335136551772655 -0.6266342207537379 -0.6603331147168835 -0.3712360945700985 -0.6001317136713896 -0.6242269088092383 -0.6295211201792509 -0.5930172951811848 -0.388981885529871 -0.5930172951811848 -0.5930172951811848 -0.6001317136713896 -0.5886835611775963 -0.388981885529871 -0.388981885529871 -0.388981885529871 -0.388981885529871 -0.5417197671146304 -0.388981885529871 -0.5338528588592198 -0.388981885529871 -0.388981885529871 -0.40335136551772655 -0.388981885529871 -0.388981885529871 -0.3215670188526232 -0.35495981383848385 -0.35495981383848385 -0.35495981383848385 -0.3215670188526232 -0.22224561133021567 -0.22567365222699193 -0.388981885529871 -0.22224561133021567 -0.22567365222699193 -0.3712360945700985 -0.22224561133021567 -0.22567365222699193 -0.35495981383848385 -0.22224561133021567 -0.22567365222699193 -0.22224561133021567 -0.3487863543176913 -0.3487863543176913 -0.22567365222699193 -0.3413116827250128 -0.3437789411737888 -0.3215670188526232 -0.3008597136060934 -0.30356018076237085 -0.20353553184483406 -0.20353553184483406 -0.32127575820291776 -0.3160057818603882 -0.3160057818603882 -0.3160057818603882 -0.3160057818603882 -0.2561103426662814 -0.29129636319302193 -0.22224561133021567 -0.29129636319302193 -0.22567365222699193 -0.2934336346587955 -0.2919174480169343 -0.23626144387808534 -0.26743136365534803 -0.27025962786486346 -0.2561103426662814 -0.23626144387808534 -0.2561103426662814 -0.26346034662391615 -0.26346034662391615 -0.252449948104398 -0.23800081174500878 -0.23800081174500878 -0.2370013856589639 -0.1906430224654926 -0.19048784733284063 -0.18737108117074336 -0.1704541647297793 -0.14309716213307042 -0.09244232792471796 -0.09244232792471796 -0.09244232792471796 -0.09244232792471796 -0.09244232792471796 -0.09244232792471796 -0.09244232792471796 -0.10861209523036916 -0.08188623039719899
-0.388981885529871 -0.388981885529871 -0.7170721720450869 -0.7572793872041224 -0.20353553184483406 -0.40335136551772655 -0.6001317136713896 -0.6901355658063176 -0.7065903699390435 -0.7045121050530883 -0.6266342207537379 -0.6811459234726646 -0.6266342207537379 -0.6266342207537379 -0.5930172951811848 -0.6266342207537379 -0.5930172951811848 -0.3712360945700985 -0.40335136551772655 -0.6266342207537379 -0.6603331147168835 -0.3712360945700985 -0.6001317136713896 -0.6242269088092383 -0.6295211201792509 -0.5930172951811848 -0.388981885529871 -0.5930172951811848 -0.5930172951811848 -0.6001317136713896 -0.5886835611775963 -0.388981885529871 -0.388981885529871 -0.388981885529871 -0.388981885529871 -0.5417197671146304 -0.388981885529871 -0.5338528588592198 -0.388981885529871 -0.388981885529871 -0.40335136551772655 -0.388981885529871 -0.388981885529871 -0.3215670188526232 -0.35495981383848385 -0.35495981383848385 -0.35495981383848385 -0.3215670188526232 -0.22224561133021567 -0.22567365222699193 -0.388981885529871 -0.22224561133021567 -0.22567365222699193 -0.3712360945700985 -0.22224561133021567 -0.22567365222699193 -0.35495981383848385 -0.22224561133021567 -0.22567365222699193 -0.22224561133021567 -0.3487863543176913 -0.3487863543176913 -0.22567365222699193 -0.3413116827250128 -0.3437789411737888 -0.3215670188526232 -0.3008597136060934 -0.30356018076237085 -0.20353553184483406 -0.20353553184483406 -0.32127575820291776 -0.3160057818603882 -0.3160057818603882 -0.3160057818603882 -0.3160057818603882 -0.2561103426662814 -0.29129636319302193 -0.22224561133021567 -0.29129636319302193 -0.22567365222699193 -0.2934336346587955 -0.2919174480169343 -0.23626144387808534 -0.26743136365534803 -0.27025962786486346 -0.2561103426662814 -0.23626144387808534 -0.2561103426662814 -0.26346034662391615 -0.26346034662391615 -0.252449948104398 -0.23800081174500878 -0.23800081174500878 -0.2370013856589639 -0.1906430224654926 -0.19048784733284063 -0.18737108117074336 -0.1704541647297793 -0.14309716213307042 -0.09244232792471796 -0.09244232792471796 -0.09244232792471796 -0.09244232792471796 -0.09244232792471796 -0.09244232792471796 -0.09244232792471796 -0.10861209523036916 -0.08188623039719899
-0.20353553184483406 -0.20353553184483406 -0.20353553184483406 -0.20353553184483406 -0.7555217155392758 -0.20353553184483406 -0.20353553184483406 -0.20353553184483406 -0.20353553184483406 -0.20353553184483406 -0.20353553184483406 -0.20353553184483406 -0.20353553184483406 -0.20353553184483406 -0.20353553184483406 -0.20353553184483406 -0.20353553184483406 -0.20353553184483406 -0.20353553184483406 -0.20353553184483406 -0.20353553184483406 -0.20353553184483406 -0.20353553184483406 -0.20353553184483406 -0.20353553184483406 -0.20353553184483406 -0.20353553184483406 -0.20353553184483406 -0.20353553184483406 -0.20353553184483406 -0.20353553184483406 -0.20353553184483406 -0.20353553184483406 -0.20353553184483406 -0.20353553184483406 -0.20353553184483406 -0.20353553184483406 -0.20353553184483406 -0.20353553184483406 -0.20353553184483406 -0.20353553184483406 -0.20353553184483406 -0.20353553184483406 -0.20353553184483406 -0.20353553184483406 -0.20353553184483406 -0.20353553184483406 -0.20353553184483406 -0.20353553184483406 -0.20353553184483406 -0.20353553184483406 -0.20353553184483406 -0.20353553184483406 -0.20353553184483406 -0.20353553184483406 -0.20353553184483406 -0.20353553184483406 -0.20353553184483406 -0.20353553184483406 -0.20353553184483406 -0.20353553184483406 -0.20353553184483406 -0.20353553184483406 -0.20353553184483406 -0.20353553184483406 -0.20353553184483406 -0.20353553184483406 -0.20353553184483406 -0.31005911634194544 -0.31005911634194544 -0.20353553184483406 -0.20353553184483406 -0.20353553184483406 -0.20353553184483406 -0.20353553184483406 -0.20353553184483406 -0.20353553184483406 -0.20353553184483406 -0.20353553184483406 -0.20353553184483406 -0.20353553184483406 -0.20353553184483406 -0.20353553184483406 -0.20353553184483406 -0.20353553184483406 -0.20353553184483406 -0.20353553184483406 -0.20353553184483406 -0.20353553184483406 -0.20353553184483406 -0.20353553184483406 -0.20353553184483406 -0.20353553184483406 -0.20353553184483406 -0.1906430224654926 -0.19048784733284063 -0.18737108117074336 -0.1704541647297793 -0.14309716213307042 -0.09244232792471796 -0.09244232792471796 -0.09244232792471796 -0.09244232792471796 -0.09244232792471796 -0.09244232792471796 -0.09244232792471796 -0.10861209523036916 -0.08188623039719899
-0.388981885529871 -0.388981885529871 -0.40335136551772655 -0.40335136551772655 -0.20353553184483406 -0.7534232176208485 -0.40335136551772655 -0.40335136551772655 -0.40335136551772655 -0.40335136551772655 -0.40335136551772655 -0.40335136551772655 -0.40335136551772655 -0.40335136551772655 -0.40335136551772655 -0.40335136551772655 -0.40335136551772655 -0.3712360945700985 -0.6435847058143377 -0.40335136551772655 -0.40335136551772655 -0.3712360945700985 -0.40335136551772655 -0.40335136551772655 -0.40335136551772655 -0.40335136551772655 -0.388981885529871 -0.40335136551772655 -0.40335136551772655 -0.40335136551772655 -0.40335136551772655 -0.388981885529871 -0.388981885529871 -0.388981885529871 -0.388981885529871 -0.40335136551772655 -0.388981885529871 -0.40335136551772655 -0.388981885529871 -0.388981885529871 -0.4252877687414557 -0.388981885529871 -0.388981885529871 -0.3215670188526232 -0.35495981383848385 -0.35495981383848385 -0.35495981383848385 -0.3215670188526232 -0.22224561133021567 -0.22567365222699193 -0.388981885529871 -0.22224561133021567 -0.22567365222699193 -0.3712360945700985 -0.22224561133021567 -0.22567365222699193 -0.35495981383848385 -0.22224561133021567 -0.22567365222699193 -0.22224561133021567 -0.3487863543176913 -0.3487863543176913 -0.22567365222699193 -0.3413116827250128 -0.3437789411737888 -0.3215670188526232 -0.3008597136060934 -0.30356018076237085 -0.20353553184483406 -0.20353553184483406 -0.32127575820291776 -0.3160057818603882 -0.3160057818603882 -0.3160057818603882 -0.3160057818603882 -0.2561103426662814 -0.29129636319302193 -0.22224561133021567 -0.29129636319302193 -0.22567365222699193 -0.2934336346587955 -0.2919174480169343 -0.23626144387808534 -0.26743136365534803 -0.27025962786486346 -0.2561103426662814 -0.23626144387808534 -0.2561103426662814 -0.26346034662391615 -0.26346034662391615 -0.252449948104398 -0.23800081174500878 -0.23800081174500878 -0.2370013856589639 -0.1906430224654926 -0.19048784733284063 -0.18737108117074336 -0.1704541647297793 -0.14309716213307042 -0.09244232792471796 -0.09244232792471796 -0.09244232792471796 -0.09244232792471796 -0.09244232792471796 -0.09244232792471796 -0.09244232792471796 -0.10861209523036916 -0.08188623039719899
-0.388981885529871 -0.388981885529871 -0.6001317136713896 -0.6001317136713896 -0.20353553184483406 -0.40335136551772655 -0.735549749327637 -0.6001317136713896 -0.6001317136713896 -0.6001317136713896 -0.6001317136713896 -0.6001317136713896 -0.6001317136713896 -0.6001317136713896 -0.5930172951811848 -0.6001317136713896 -0.5930172951811848 -0.3712360945700985 -0.40335136551772655 -0.6001317136713896 -0.6001317136713896 -0.3712360945700985 -0.6608171369616941 -0.6001317136713896 -0.6001317136713896 -0.5930172951811848 -0.388981885529871 -0.5930172951811848 -0.5930172951811848 -0.6055126792950737 -0.5886835611775963 -0.388981885529871 -0.388981885529871 -0.388981885529871 -0.388981885529871 -0.5417197671146304 -0.388981885529871 -0.5338528588592198 -0.388981885529871 -0.388981885529871 -0.40335136551772655 -0.388981885529871 -0.388981885529871 -0.3215670188526232 -0.35495981383848385 -0.35495981383848385 -0.35495981383848385 -0.3215670188526232 -0.22224561133021567 -0.22567365222699193 -0.388981885529871 -0.22224561133021567 -0.22567365222699193 -0.3712360945700985 -0.22224561133021567 -0.22567365222699193 -0.35495981383848385 -0.22224561133021567 -0.22567365222699193 -0.22224561133021567 -0.3487863543176913 -0.3487863543176913 -0.22567365222699193 -0.3413116827250128 -0.3437789411737888 -0.3215670188526232 -0.3008597136060934 -0.30356018076237085 -0.20353553184483406 -0.20353553184483406 -0.32127575820291776 -0.3160057818603882 -0.3160057818603882 -0.3160057818603882 -0.3160057818603882 -0.2561103426662814 -0.29129636319302193 -0.22224561133021567 -0.29129636319302193 -0.22567365222699193 -0.2934336346587955 -0.2919174480169343 -0.23626144387808534 -0.26743136365534803 -0.27025962786486346 -0.2561103426662814 -0.23626144387808534 -0.2561103426662814 -0.26346034662391615 -0.26346034662391615 -0.252449948104398 -0.23800081174500878 -0.23800081174500878 -0.2370013856589639 -0.1906430224654926 -0.19048784733284063 -0.18737108117074336 -0.1704541647297793 -0.14309716213307042 -0.09244232792471796 -0.09244232792471796 -0.09244232792471796 -0.09244232792471796 -0.09244232792471796 -0.09244232792471796 -0.09244232792471796 -0.10861209523036916 -0.08188623039719899
-0.388981885529871 -0.388981885529871 -0.6901355658063176 -0.6901355658063176 -0.20353553184483406 -0.40335136551772655 -0.6001317136713896 -0.714213633519336 -0.6901355658063176 -0.6901355658063176 -0.6266342207537379 -0.6811459234726646 -0.6266342207537379 -0.6266342207537379 -0.5930172951811848 -0.6266342207537379 -0.5930172951811848 -0.3712360945700985 -0.40335136551772655 -0.6266342207537379 -0.6603331147168835 -0.3712360945700985 -0.6001317136713896 -0.6242269088092383 -0.6295211201792509 -0.5930172951811848 -0.388981885529871 -0.5930172951811848 -0.5930172951811848 -0.6001317136713896 -0.5886835611775963 -0.388981885529871 -0.388981885529871 -0.388981885529871 -0.388981885529871 -0.5417197671146304 -0.388981885529871 -0.5338528588592198 -0.388981885529871 -0.388981885529871 -0.40335136551772655 -0.388981885529871 -0.388981885529871 -0.3215670188526232 -0.35495981383848385 -0.35495981383848385 -0.35495981383848385 -0.3215670188526232 -0.22224561133021567 -0.22567365222699193 -0.388981885529871 -0.22224561133021567 -0.22567365222699193 -0.3712360945700985 -0.22224561133021567 -0.22567365222699193 -0.35495981383848385 -0.22224561133021567 -0.22567365222699193 -0.22224561133021567 -0.3487863543176913 -0.3487863543176913 -0.22567365222699193 -0.3413116827250128 -0.3437789411737888 -0.3215670188526232 -0.3008597136060934 -0.30356018076237085 -0.20353553184483406 -0.20353553184483406 -0.32127575820291776 -0.3160057818603882 -0.3160057818603882 -0.3160057818603882 -0.3160057818603882 -0.2561103426662814 -0.29129636319302193 -0.22224561133021567 -0.29129636319302193 -0.22567365222699193 -0.2934336346587955 -0.2919174480169343 -0.23626144387808534 -0.26743136365534803 -0.27025962786486346 -0.2561103426662814 -0.23626144387808534 -0.2561103426662814 -0.26346034662391615 -0.26346034662391615 -0.252449948104398 -0.23800081174500878 -0.23800081174500878 -0.2370013856589639 -0.1906430224654926 -0.19048784733284063 -0.18737108117074336 -0.1704541647297793 -0.14309716213307042 -0.09244232792471796 -0.09244232792471796 -0.09244232792471796 -0.09244232792471796 -0.09244232792471796 -0.09244232792471796 -0.09244232792471796 -0.10861209523036916 -0.08188623039719899
-0.388981885529871 -0.388981885529871 -0.7065903699390435 -0.7065903699390435 -0.20353553184483406 -0.40335136551772655 -0.6001317136713896 -0.6901355658063176 -0.713468090620552 -0.7045121050530883 -0.6266342207537379 -0.6811459234726646 -0.6266342207537379 -0.6266342207537379 -0.5930172951811848 -0.6266342207537379 -0.5930172951811848 -0.3712360945700985 -0.40335136551772655 -0.6266342207537379 -0.6603331147168835 -0.3712360945700985 -0.6001317136713896 -0.6242269088092383 -0.6295211201792509 -0.5930172951811848 -0.388981885529871 -0.5930172951811848 -0.5930172951811848 -0.6001317136713896 -0.5886835611775963 -0.388981885529871 -0.388981885529871 -0.388981885529871 -0.388981885529871 -0.5417197671146304 -0.388981885529871 -0.5338528588592198 -0.388981885529871 -0.388981885529871 -0.40335136551772655 -0.388981885529871 -0.388981885529871 -0.3215670188526232 -0.35495981383848385 -0.35495981383848385 -0.35495981383848385 -0.3215670188526232 -0.22224561133021567 -0.22567365222699193 -0.388981885529871 -0.22224561133021567 -0.22567365222699193 -0.3712360945700985 -0.22224561133021567 -0.22567365222699193 -0.35495981383848385 -0.22224561133021567 -0.22567365222699193 -0.22224561133021567 -0.3487863543176913 -0.3487863543176913 -0.22567365222699193 -0.3413116827250128 -0.3437789411737888 -0.3215670188526232 -0.3008597136060934 -0.30356018076237085 -0.20353553184483406 -0.20353553184483406 -0.32127575820291776 -0.3160057818603882 -0.3160057818603882 -0.3160057818603882 -0.3160057818603882 -0.2561103426662814 -0.29129636319302193 -0.22224561133021567 -0.29129636319302193 -0.22567365222699193 -0.2934336346587955 -0.2919174480169343 -0.23626144387808534 -0.26743136365534803 -0.27025962786486346 -0.2561103426662814 -0.23626144387808534 -0.2561103426662814 -0.26346034662391615 -0.26346034662391615 -0.252449948104398 -0.23800081174500878 -0.23800081174500878 -0.2370013856589639 -0.1906430224654926 -0.19048784733284063 -0.18737108117074336 -0.1704541647297793 -0.14309716213307042 -0.09244232792471796 -0.09244232792471796 -0.09244232792471796 -0.09244232792471796 -0.09244232792471796 -0.09244232792471796 -0.09244232792471796 -0.10861209523036916 -0.08188623039719899
-0.388981885529871 -0.388981885529871 -0.7045121050530883 -0.7045121050530883 -0.20353553184483406 -0.40335136551772655 -0.6001317136713896 -0.6901355658063176 -0.7045121050530883 -0.7080922464685666 -0.6266342207537379 -0.6811459234726646 -0.6266342207537379 -0.6266342207537379 -0.5930172951811848 -0.6266342207537379 -0.5930172951811848 -0.3712360945700985 -0.40335136551772655 -0.6266342207537379 -0.6603331147168835 -0.3712360945700985 -0.6001317136713896 -0.6242269088092383 -0.6295211201792509 -0.5930172951811848 -0.388981885529871 -0.5930172951811848 -0.5930172951811848 -0.6001317136713896 -0.5886835611775963 -0.388981885529871 -0.388981885529871 -0.388981885529871 -0.388981885529871 -0.5417197671146304 -0.388981885529871 -0.5338528588592198 -0.388981885529871 -0.388981885529871 -0.40335136551772655 -0.388981885529871 -0.388981885529871 -0.3215670188526232 -0.35495981383848385 -0.35495981383848385 -0.35495981383848385 -0.3215670188526232 -0.22224561133021567 -0.22567365222699193 -0.388981885529871 -0.22224561133021567 -0.22567365222699193 -0.3712360945700985 -0.22224561133021567 -0.22567365222699193 -0.35495981383848385 -0.22224561133021567 -0.22567365222699193 -0.22224561133021567 -0.3487863543176913 -0.3487863543176913 -0.22567365222699193 -0.3413116827250128 -0.3437789411737888 -0.3215670188526232 -0.3008597136060934 -0.30356018076237085 -0.20353553184483406 -0.20353553184483406 -0.32127575820291776 -0.3160057818603882 -0.3160057818603882 -0.3160057818603882 -0.3160057818603882 -0.2561103426662814 -0.29129636319302193 -0.22224561133021567 -0.29129636319302193 -0.22567365222699193 -0.2934336346587955 -0.2919174480169343 -0.23626144387808534 -0.26743136365534803 -0.27025962786486346 -0.2561103426662814 -0.23626144387808534 -0.2561103426662814 -0.26346034662391615 -0.26346034662391615 -0.252449948104398 -0.23800081174500878 -0.23800081174500878 -0.2370013856589639 -0.1906430224654926 -0.19048784733284063 -0.18737108117074336 -0.1704541647297793 -0.14309716213307042 -0.09244232792471796 -0.09244232792471796 -0.09244232792471796 -0.09244232792471796 -0.09244232792471796 -0.09244232792471796 -0.09244232792471796 -0.10861209523036916 -0.08188623039719899
-0.388981885529871 -0.388981885529871 -0.6266342207537379 -0.6266342207537379 -0.20353553184483406 -0.40335136551772655 -0.6001317136713896 -0.6266342207537379 -0.6266342207537379 -0.6266342207537379 -0.7076617803123569 -0.6266342207537379 -0.6530442672931899 -0.6530442672931899 -0.5930172951811848 -0.6461118067393115 -0.5930172951811848 -0.3712360945700985 -0.40335136551772655 -0.6461118067393115 -0.6266342207537379 -0.3712360945700985 -0.6001317136713896 -0.6242269088092383 -0.6266342207537379 -0.5930172951811848 -0.388981885529871 -0.5930172951811848 -0.5930172951811848 -0.6001317136713896 -0.5886835611775963 -0.388981885529871 -0.388981885529871 -0.388981885529871 -0.388981885529871 -0.5417197671146304 -0.388981885529871 -0.5338528588592198 -0.388981885529871 -0.388981885529871 -0.40335136551772655 -0.388981885529871 -0.388981885529871 -0.3215670188526232 -0.35495981383848385 -0.35495981383848385 -0.35495981383848385 -0.3215670188526232 -0.22224561133021567 -0.22567365222699193 -0.388981885529871 -0.22224561133021567 -0.22567365222699193 -0.3712360945700985 -0.22224561133021567 -0.22567365222699193 -0.35495981383848385 -0.22224561133021567 -0.22567365222699193 -0.22224561133021567 -0.3487863543176913 -0.3487863543176913 -0.22567365222699193 -0.3413116827250128 -0.3437789411737888 -0.3215670188526232 -0.3008597136060934 -0.30356018076237085 -0.20353553184483406 -0.20353553184483406 -0.32127575820291776 -0.3160057818603882 -0.3160057818603882 -0.3160057818603882 -0.3160057818603882 -0.2561103426662814 -0.29129636319302193 -0.22224561133021567 -0.29129636319302193 -0.22567365222699193 -0.2934336346587955 -0.2919174480169343 -0.23626144387808534 -0.26743136365534803 -0.27025962786486346 -0.2561103426662814 -0.23626144387808534 -0.2561103426662814 -0.26346034662391615 -0.26346034662391615 -0.252449948104398 -0.23800081174500878 -0.23800081174500878 -0.2370013856589639 -0.1906430224654926 -0.19048784733284063 -0.18737108117074336 -0.1704541647297793 -0.14309716213307042 -0.09244232792471796 -0.09244232792471796 -0.09244232792471796 -0.09244232792471796 -0.09244232792471796 -0.09244232792471796 -0.09244232792471796 -0.10861209523036916 -0.08188623039719899
-0.388981885529871 -0.388981885529871 -0.6811459234726646 -0.6811459234726646 -0.20353553184483406 -0.40335136551772655 -0.6001317136713896 -0.6811459234726646 -0.6811459234726646 -0.6811459234726646 -0.6266342207537379 -0.6915027061440578 -0.6266342207537379 -0.6266342207537379 -0.5930172951811848 -0.6266342207537379 -0.5930172951811848 -0.3712360945700985 -0.40335136551772655 -0.6266342207537379 -0.6603331147168835 -0.3712360945700985 -0.6001317136713896 -0.6242269088092383 -0.6295211201792509 -0.5930172951811848 -0.388981885529871 -0.5930172951811848 -0.5930172951811848 -0.6001317136713896 -0.5886835611775963 -0.388981885529871 -0.388981885529871 -0.388981885529871 -0.388981885529871 -0.5417197671146304 -0.388981885529871 -0.5338528588592198 -0.388981885529871 -0.388981885529871 -0.40335136551772655 -0.388981885529871 -0.388981885529871 -0.3215670188526232 -0.35495981383848385 -0.35495981383848385 -0.35495981383848385 -0.3215670188526232 -0.22224561133021567 -0.22567365222699193 -0.388981885529871 -0.22224561133021567 -0.22567365222699193 -0.3712360945700985 -0.22224561133021567 -0.22567365222699193 -0.35495981383848385 -0.22224561133021567 -0.22567365222699193 -0.22224561133021567 -0.3487863543176913 -0.3487863543176913 -0.22567365222699193 -0.3413116827250128 -0.3437789411737888 -0.3215670188526232 -0.3008597136060934 -0.30356018076237085 -0.20353553184483406 -0.20353553184483406 -0.32127575820291776 -0.3160057818603882 -0.3160057818603882 -0.3160057818603882 -0.3160057818603882 -0.2561103426662814 -0.29129636319302193 -0.22224561133021567 -0.29129636319302193 -0.22567365222699193 -0.2934336346587955 -0.2919174480169343 -0.23626144387808534 -0.26743136365534803 -0.27025962786486346 -0.2561103426662814 -0.23626144387808534 -0.2561103426662814 -0.26346034662391615 -0.26346034662391615 -0.252449948104398 -0.23800081174500878 -0.23800081174500878 -0.2370013856589639 -0.1906430224654926 -0.19048784733284063 -0.18737108117074336 -0.1704541647297793 -0.14309716213307042 -0.09244232792471796 -0.09244232792471796 -0.09244232792471796 -0.09244232792471796 -0.09244232792471796 -0.09244232792471796 -0.09244232792471796 -0.10861209523036916 -0.08188623039719899
-0.388981885529871 -0.388981885529871 -0.6266342207537379 -0.6266342207537379 -0.20353553184483406 -0.40335136551772655 -0.6001317136713896 -0.6266342207537379 -0.6266342207537379 -0.6266342207537379 -0.6530442672931899 -0.6266342207537379 -0.6869411431273016 -0.6645812740530562 -0.5930172951811848 -0.6461118067393115 -0.5930172951811848 -0.3712360945700985 -0.40335136551772655 -0.6461118067393115 -0.6266342207537379 -0.3712360945700985 -0.6001317136713896 -0.6242269088092383 -0.6266342207537379 -0.5930172951811848 -0.388981885529871 -0.5930172951811848 -0.5930172951811848 -0.6001317136713896 -0.5886835611775963 -0.388981885529871 -0.388981885529871 -0.388981885529871 -0.388981885529871 -0.5417197671146304 -0.388981885529871 -0.5338528588592198 -0.388981885529871 -0.388981885529871 -0.40335136551772655 -0.388981885529871 -0.388981885529871 -0.3215670188526232 -0.35495981383848385 -0.35495981383848385 -0.35495981383848385 -0.3215670188526232 -0.22224561133021567 -0.22567365222699193 -0.388981885529871 -0.22224561133021567 -0.22567365222699193 -0.3712360945700985 -0.22224561133021567 -0.22567365222699193 -0.35495981383848385 -0.22224561133021567 -0.22567365222699193 -0.22224561133021567 -0.3487863543176913 -0.3487863543176913 -0.22567365222699193 -0.3413116827250128 -0.3437789411737888 -0.3215670188526232 -0.3008597136060934 -0.30356018076237085 -0.20353553184483406 -0.20353553184483406 -0.32127575820291776 -0.3160057818603882 -0.3160057818603882 -0.3160057818603882 -0.3160057818603882 -0.2561103426662814 -0.29129636319302193 -0.22224561133021567 -0.29129636319302193 -0.22567365222699193 -0.2934336346587955 -0.2919174480169343 -0.23626144387808534 -0.26743136365534803 -0.27025962786486346 -0.2561103426662814 -0.23626144387808534 -0.2561103426662814 -0.26346034662391615 -0.26346034662391615 -0.252449948104398 -0.23800081174500878 -0.23800081174500878 -0.2370013856589639 -0.1906430224654926 -0.19048784733284063 -0.18737108117074336 -0.1704541647297793 -0.14309716213307042 -0.09244232792471796 -0.09244232792471796 -0.09244232792471796 -0.09244232792471796 -0.09244232792471796 -0.09244232792471796 -0.09244232792471796 -0.10861209523036916 -0.08188623039719899
-0.388981885529871 -0.388981885529871 -0.6266342207537379 -0.6266342207537379 -0.20353553184483406 -0.40335136551772655 -0.6001317136713896 -0.6266342207537379 -0.6266342207537379 -0.6266342207537379 -0.6530442672931899 -0.6266342207537379 -0.6645812740530562 -0.6829849414389667 -0.5930172951811848 -0.6461118067393115 -0.5930172951811848 -0.3712360945700985 -0.40335136551772655 -0.6461118067393115 -0.6266342207537379 -0.3712360945700985 -0.6001317136713896 -0.6242269088092383 -0.6266342207537379 -0.5930172951811848 -0.388981885529871 -0.5930172951811848 -0.5930172951811848 -0.6001317136713896 -0.5886835611775963 -0.388981885529871 -0.388981885529871 -0.388981885529871 -0.388981885529871 -0.5417197671146304 -0.388981885529871 -0.5338528588592198 -0.388981885529871 -0.388981885529871 -0.40335136551772655 -0.388981885529871 -0.388981885529871 -0.3215670188526232 -0.35495981383848385 -0.35495981383848385 -0.35495981383848385 -0.3215670188526232 -0.22224561133021567 -0.22567365222699193 -0.388981885529871 -0.22224561133021567 -0.22567365222699193 -0.3712360945700985 -0.22224561133021567 -0.22567365222699193 -0.35495981383848385 -0.22224561133021567 -0.22567365222699193 -0.22224561133021567 -0.3487863543176913 -0.3487863543176913 -0.22567365222699193 -0.3413116827250128 -0.3437789411737888 -0.3215670188526232 -0.3008597136060934 -0.30356018076237085 -0.20353553184483406 -0.20353553184483406 -0.32127575820291776 -0.3160057818603882 -0.3160057818603882 -0.3160057818603882 -0.3160057818603882 -0.2561103426662814 -0.29129636319302193 -0.22224561133021567 -0.29129636319302193 -0.22567365222699193 -0.2934336346587955 -0.2919174480169343 -0.23626144387808534 -0.26743136365534803 -0.27025962786486346 -0.2561103426662814 -0.23626144387808534 -0.2561103426662814 -0.26346034662391615 -0.26346034662391615 -0.252449948104398 -0.23800081174500878 -0.23800081174500878 -0.2370013856589639 -0.1906430224654926 -0.19048784733284063 -0.18737108117074336 -0.1704541647297793 -0.14309716213307042 -0.09244232792471796 -0.09244232792471796 -0.09244232792471796 -0.09244232792471796 -0.09244232792471796 -0.09244232792471796 -0.09244232792471796 -0.10861209523036916 -0.08188623039719899
-0.388981885529871 -0.388981885529871 -0.5930172951811848 -0.5930172951811848 -0.20353553184483406 -0.40335136551772655 -0.5930172951811848 -0.5930172951811848 -0.5930172951811848 -0.5930172951811848 -0.5930172951811848 -0.5930172951811848 -0.5930172951811848 -0.5930172951811848 -0.6797767856235778 -0.5930172951811848 -0.6711996867140956 -0.3712360945700985 -0.40335136551772655 -0.5930172951811848 -0.5930172951811848 -0.3712360945700985 -0.5930172951811848 -0.5930172951811848 -0.5930172951811848 -0.6004592936459917 -0.388981885529871 -0.6004592936459917 -0.6004592936459917 -0.5930172951811848 -0.5886835611775963 -0.388981885529871 -0.388981885529871 -0.388981885529871 -0.388981885529871 -0.5417197671146304 -0.388981885529871 -0.5338528588592198 -0.388981885529871 -0.388981885529871 -0.40335136551772655 -0.388981885529871 -0.388981885529871 -0.3215670188526232 -0.35495981383848385 -0.35495981383848385 -0.35495981383848385 -0.3215670188526232 -0.22224561133021567 -0.22567365222699193 -0.388981885529871 -0.22224561133021567 -0.22567365222699193 -0.3712360945700985 -0.22224561133021567 -0.22567365222699193 -0.35495981383848385 -0.22224561133021567 -0.22567365222699193 -0.22224561133021567 -0.3487863543176913 -0.3487863543176913 -0.22567365222699193 -0.3413116827250128 -0.3437789411737888 -0.3215670188526232 -0.3008597136060934 -0.30356018076237085 -0.20353553184483406 -0.20353553184483406 -0.32127575820291776 -0.3160057818603882 -0.3160057818603882 -0.3160057818603882 -0.3160057818603882 -0.2561103426662814 -0.29129636319302193 -0.22224561133021567 -0.29129636319302193 -0.22567365222699193 -0.2934336346587955 -0.2919174480169343 -0.23626144387808534 -0.26743136365534803 -0.27025962786486346 -0.2561103426662814 -0.23626144387808534 -0.2561103426662814 -0.26346034662391615 -0.26346034662391615 -0.252449948104398 -0.23800081174500878 -0.23800081174500878 -0.2370013856589639 -0.1906430224654926 -0.19048784733284063 -0.18737108117074336 -0.1704541647297793 -0.14309716213307042 -0.09244232792471796 -0.09244232792471796 -0.09244232792471796 -0.09244232792471796 -0.09244232792471796 -0.09244232792471796 -0.09244232792471796 -0.10861209523036916 -0.08188623039719899
-0.388981885529871 -0.388981885529871 -0.6266342207537379 -0.6266342207537379 -0.20353553184483406 -0.40335136551772655 -0.6001317136713896 -0.6266342207537379 -0.6266342207537379 -0.6266342207537379 -0.6461118067393115 -0.6266342207537379 -0.6461118067393115 -0.6461118067393115 -0.5930172951811848 -0.6786370330876106 -0.5930172951811848 -0.3712360945700985 -0.40335136551772655 -0.6698247855806946 -0.6266342207537379 -0.3712360945700985 -0.6001317136713896 -0.6242269088092383 -0.6266342207537379 -0.5930172951811848 -0.388981885529871 -0.5930172951811848 -0.5930172951811848 -0.6001317136713896 -0.5886835611775963 -0.388981885529871 -0.388981885529871 -0.388981885529871 -0.388981885529871 -0.5417197671146304 -0.388981885529871 -0.5338528588592198 -0.388981885529871 -0.388981885529871 -0.40335136551772655 -0.388981885529871 -0.388981885529871 -0.3215670188526232 -0.35495981383848385 -0.35495981383848385 -0.35495981383848385 -0.3215670188526232 -0.22224561133021567 -0.22567365222699193 -0.388981885529871 -0.22224561133021567 -0.22567365222699193 -0.3712360945700985 -0.22224561133021567 -0.22567365222699193 -0.35495981383848385 -0.22224561133021567 -0.22567365222699193 -0.22224561133021567 -0.3487863543176913 -0.3487863543176913 -0.22567365222699193 -0.3413116827250128 -0.3437789411737888 -0.3215670188526232 -0.3008597136060934 -0.30356018076237085 -0.20353553184483406 -0.20353553184483406 -0.32127575820291776 -0.3160057818603882 -0.3160057818603882 -0.3160057818603882 -0.3160057818603882 -0.2561103426662814 -0.29129636319302193 -0.22224561133021567 -0.29129636319302193 -0.22567365222699193 -0.2934336346587955 -0.2919174480169343 -0.23626144387808534 -0.26743136365534803 -0.27025962786486346 -0.2561103426662814 -0.23626144387808534 -0.2561103426662814 -0.26346034662391615 -0.26346034662391615 -0.252449948104398 -0.23800081174500878 -0.23800081174500878 -0.2370013856589639 -0.1906430224654926 -0.19048784733284063 -0.18737108117074336 -0.1704541647297793 -0.14309716213307042 -0.09244232792471796 -0.09244232792471796 -0.09244232792471796 -0.09244232792471796 -0.09244232792471796 -0.09244232792471796 -0.09244232792471796 -0.10861209523036916 -0.08188623039719899
-0.388981885529871 -0.388981885529871 -0.5930172951811848 -0.5930172951811848 -0.20353553184483406 -0.40335136551772655 -0.5930172951811848 -0.5930172951811848 -0.5930172951811848 -0.5930172951811848 -0.5930172951811848 -0.5930172951811848 -0.5930172951811848 -0.5930172951811848 -0.6711996867140956 -0.5930172951811848 -0.6783509170929634 -0.3712360945700985 -0.40335136551772655 -0.5930172951811848 -0.5930172951811848 -0.3712360945700985 -0.5930172951811848 -0.5930172951811848 -0.5930172951811848 -0.6004592936459917 -0.388981885529871 -0.6004592936459917 -0.6004592936459917 -0.5930172951811848 -0.5886835611775963 -0.388981885529871 -0.388981885529871 -0.388981885529871 -0.388981885529871 -0.5417197671146304 -0.388981885529871 -0.5338528588592198 -0.388981885529871 -0.388981885529871 -0.40335136551772655 -0.388981885529871 -0.388981885529871 -0.3215670188526232 -0.35495981383848385 -0.35495981383848385 -0.35495981383848385 -0.3215670188526232 -0.22224561133021567 -0.22567365222699193 -0.388981885529871 -0.22224561133021567 -0.22567365222699193 -0.3712360945700985 -0.22224561133021567 -0.22567365222699193 -0.35495981383848385 -0.22224561133021567 -0.22567365222699193 -0.22224561133021567 -0.3487863543176913 -0.3487863543176913 -0.22567365222699193 -0.3413116827250128 -0.3437789411737888 -0.3215670188526232 -0.3008597136060934 -0.30356018076237085 -0.20353553184483406 -0.20353553184483406 -0.32127575820291776 -0.3160057818603882 -0.3160057818603882 -0.3160057818603882 -0.3160057818603882 -0.2561103426662814 -0.29129636319302193 -0.22224561133021567 -0.29129636319302193 -0.22567365222699193 -0.2934336346587955 -0.2919174480169343 -0.23626144387808534 -0.26743136365534803 -0.27025962786486346 -0.2561103426662814 -0.23626144387808534 -0.2561103426662814 -0.26346034662391615 -0.26346034662391615 -0.252449948104398 -0.23800081174500878 -0.23800081174500878 -0.2370013856589639 -0.1906430224654926 -0.19048784733284063 -0.18737108117074336 -0.1704541647297793 -0.14309716213307042 -0.09244232792471796 -0.09244232792471796 -0.09244232792471796 -0.09244232792471796 -0.09244232792471796 -0.09244232792471796 -0.09244232792471796 -0.10861209523036916 -0.08188623039719899
-0.3712360945700985 -0.3712360945700985 -0.3712360945700985 -0.3712360945700985 -0.20353553184483406 -0.3712360945700985 -0.3712360945700985 -0.3712360945700985 -0.3712360945700985 -0.3712360945700985 -0.3712360945700985 -0.3712360945700985 -0.3712360945700985 -0.3712360945700985 -0.3712360945700985 -0.3712360945700985 -0.3712360945700985 -0.6718614903726929 -0.3712360945700985 -0.3712360945700985 -0.3712360945700985 -0.6623574591676873 -0.3712360945700985 -0.3712360945700985 -0.3712360945700985 -0.3712360945700985 -0.3712360945700985 -0.3712360945700985 -0.3712360945700985 -0.3712360945700985 -0.3712360945700985 -0.3712360945700985 -0.3712360945700985 -0.3712360945700985 -0.3712360945700985 -0.3712360945700985 -0.3712360945700985 -0.3712360945700985 -0.3712360945700985 -0.3712360945700985 -0.3712360945700985 -0.3712360945700985 -0.3712360945700985 -0.3215670188526232 -0.35495981383848385 -0.35495981383848385 -0.35495981383848385 -0.3215670188526232 -0.22224561133021567 -0.22567365222699193 -0.3712360945700985 -0.22224561133021567 -0.22567365222699193 -0.3867259447093159 -0.22224561133021567 -0.22567365222699193 -0.35495981383848385 -0.22224561133021567 -0.22567365222699193 -0.22224561133021567 -0.3487863543176913 -0.3487863543176913 -0.22567365222699193 -0.3413116827250128 -0.3437789411737888 -0.3215670188526232 -0.3008597136060934 -0.30356018076237085 -0.20353553184483406 -0.20353553184483406 -0.32127575820291776 -0.3160057818603882 -0.3160057818603882 -0.3160057818603882 -0.3160057818603882 -0.2561103426662814 -0.29129636319302193 -0.22224561133021567 -0.29129636319302193 -0.22567365222699193 -0.2934336346587955 -0.2919174480169343 -0.23626144387808534 -0.26743136365534803 -0.27025962786486346 -0.2561103426662814 -0.23626144387808534 -0.2561103426662814 -0.26346034662391615 -0.26346034662391615 -0.252449948104398 -0.23800081174500878 -0.23800081174500878 -0.2370013856589639 -0.1906430224654926 -0.19048784733284063 -0.18737108117074336 -0.1704541647297793 -0.14309716213307042 -0.09244232792471796 -0.09244232792471796 -0.09244232792471796 -0.09244232792471796 -0.09244232792471796 -0.09244232792471796 -0.09244232792471796 -0.10861209523036916 -0.08188623039719899
-0.388981885529871 -0.388981885529871 -0.40335136551772655 -0.40335136551772655 -0.20353553184483406 -0.6435847058143377 -0.40335136551772655 -0.40335136551772655 -0.40335136551772655 -0.40335136551772655 -0.40335136551772655 -0.40335136551772655 -0.40335136551772655 -0.40335136551772655 -0.40335136551772655 -0.40335136551772655 -0.40335136551772655 -0.3712360945700985 -0.6715594186631813 -0.40335136551772655 -0.40335136551772655 -0.3712360945700985 -0.40335136551772655 -0.40335136551772655 -0.40335136551772655 -0.40335136551772655 -0.388981885529871 -0.40335136551772655 -0.40335136551772655 -0.40335136551772655 -0.40335136551772655 -0.388981885529871 -0.388981885529871 -0.388981885529871 -0.388981885529871 -0.40335136551772655 -0.388981885529871 -0.40335136551772655 -0.388981885529871 -0.388981885529871 -0.4252877687414557 -0.388981885529871 -0.388981885529871 -0.3215670188526232 -0.35495981383848385 -0.35495981383848385 -0.35495981383848385 -0.3215670188526232 -0.22224561133021567 -0.22567365222699193 -0.388981885529871 -0.22224561133021567 -0.22567365222699193 -0.3712360945700985 -0.22224561133021567 -0.22567365222699193 -0.35495981383848385 -0.22224561133021567 -0.22567365222699193 -0.22224561133021567 -0.3487863543176913 -0.3487863543176913 -0.22567365222699193 -0.3413116827250128 -0.3437789411737888 -0.3215670188526232 -0.3008597136060934 -0.30356018076237085 -0.20353553184483406 -0.20353553184483406 -0.32127575820291776 -0.3160057818603882 -0.3160057818603882 -0.3160057818603882 -0.3160057818603882 -0.2561103426662814 -0.29129636319302193 -0.22224561133021567 -0.29129636319302193 -0.22567365222699193 -0.2934336346587955 -0.2919174480169343 -0.23626144387808534 -0.26743136365534803 -0.27025962786486346 -0.2561103426662814 -0.23626144387808534 -0.2561103426662814 -0.26346034662391615 -0.26346034662391615 -0.252449948104398 -0.23800081174500878 -0.23800081174500878 -0.2370013856589639 -0.1906430224654926 -0.19048784733284063 -0.18737108117074336 -0.1704541647297793 -0.14309716213307042 -0.09244232792471796 -0.09244232792471796 -0.09244232792471796 -0.09244232792471796 -0.09244232792471796 -0.09244232792471796 -0.09244232792471796 -0.10861209523036916 -0.08188623039719899
-0.388981885529871 -0.388981885529871 -0.6266342207537379 -0.6266342207537379 -0.20353553184483406 -0.40335136551772655 -0.6001317136713896 -0.6266342207537379 -0.6266342207537379 -0.6266342207537379 -0.6461118067393115 -0.6266342207537379 -0.6461118067393115 -0.6461118067393115 -0.5930172951811848 -0.6698247855806946 -0.5930172951811848 -0.3712360945700985 -0.40335136551772655 -0.6708108541782184 -0.6266342207537379 -0.3712360945700985 -0.6001317136713896 -0.6242269088092383 -0.6266342207537379 -0.5930172951811848 -0.388981885529871 -0.5930172951811848 -0.5930172951811848 -0.6001317136713896 -0.5886835611775963 -0.388981885529871 -0.388981885529871 -0.388981885529871 -0.388981885529871 -0.5417197671146304 -0.388981885529871 -0.5338528588592198 -0.388981885529871 -0.388981885529871 -0.40335136551772655 -0.388981885529871 -0.388981885529871 -0.3215670188526232 -0.35495981383848385 -0.35495981383848385 -0.35495981383848385 -0.3215670188526232 -0.22224561133021567 -0.22567365222699193 -0.388981885529871 -0.22224561133021567 -0.22567365222699193 -0.3712360945700985 -0.22224561133021567 -0.22567365222699193 -0.35495981383848385 -0.22224561133021567 -0.22567365222699193 -0.22224561133021567 -0.3487863543176913 -0.3487863543176913 -0.22567365222699193 -0.3413116827250128 -0.3437789411737888 -0.3215670188526232 -0.3008597136060934 -0.30356018076237085 -0.20353553184483406 -0.20353553184483406 -0.32127575820291776 -0.3160057818603882 -0.3160057818603882 -0.3160057818603882 -0.3160057818603882 -0.2561103426662814 -0.29129636319302193 -0.22224561133021567 -0.29129636319302193 -0.22567365222699193 -0.2934336346587955 -0.2919174480169343 -0.23626144387808534 -0.26743136365534803 -0.27025962786486346 -0.2561103426662814 -0.23626144387808534 -0.2561103426662814 -0.26346034662391615 -0.26346034662391615 -0.252449948104398 -0.23800081174500878 -0.23800081174500878 -0.2370013856589639 -0.1906430224654926 -0.19048784733284063 -0.18737108117074336 -0.1704541647297793 -0.14309716213307042 -0.09244232792471796 -0.09244232792471796 -0.09244232792471796 -0.09244232792471796 -0.09244232792471796 -0.09244232792471796 -0.09244232792471796 -0.10861209523036916 -0.08188623039719899
-0.388981885529871 -0.388981885529871 -0.6603331147168835 -0.6603331147168835 -0.20353553184483406 -0.40335136551772655 -0.6001317136713896 -0.6603331147168835 -0.6603331147168835 -0.6603331147168835 -0.6266342207537379 -0.6603331147168835 -0.6266342207537379 -0.6266342207537379 -0.5930172951811848 -0.6266342207537379 -0.5930172951811848 -0.3712360945700985 -0.40335136551772655 -0.6266342207537379 -0.6673517451893353 -0.3712360945700985 -0.6001317136713896 -0.6242269088092383 -0.6295211201792509 -0.5930172951811848 -0.388981885529871 -0.5930172951811848 -0.5930172951811848 -0.6001317136713896 -0.5886835611775963 -0.388981885529871 -0.388981885529871 -0.388981885529871 -0.388981885529871 -0.5417197671146304 -0.388981885529871 -0.5338528588592198 -0.388981885529871 -0.388981885529871 -0.40335136551772655 -0.388981885529871 -0.388981885529871 -0.3215670188526232 -0.35495981383848385 -0.35495981383848385 -0.35495981383848385 -0.3215670188526232 -0.22224561133021567 -0.22567365222699193 -0.388981885529871 -0.22224561133021567 -0.22567365222699193 -0.3712360945700985 -0.22224561133021567 -0.22567365222699193 -0.35495981383848385 -0.22224561133021567 -0.22567365222699193 -0.22224561133021567 -0.3487863543176913 -0.3487863543176913 -0.22567365222699193 -0.3413116827250128 -0.3437789411737888 -0.3215670188526232 -0.3008597136060934 -0.30356018076237085 -0.20353553184483406 -0.20353553184483406 -0.32127575820291776 -0.3160057818603882 -0.3160057818603882 -0.3160057818603882 -0.3160057818603882 -0.2561103426662814 -0.29129636319302193 -0.22224561133021567 -0.29129636319302193 -0.22567365222699193 -0.2934336346587955 -0.2919174480169343 -0.23626144387808534 -0.26743136365534803 -0.27025962786486346 -0.2561103426662814 -0.23626144387808534 -0.2561103426662814 -0.26346034662391615 -0.26346034662391615 -0.252449948104398 -0.23800081174500878 -0.23800081174500878 -0.2370013856589639 -0.1906430224654926 -0.19048784733284063 -0.18737108117074336 -0.1704541647297793 -0.14309716213307042 -0.09244232792471796 -0.09244232792471796 -0.09244232792471796 -0.09244232792471796 -0.09244232792471796 -0.09244232792471796 -0.09244232792471796 -0.10861209523036916 -0.08188623039719899
-0.3712360945700985 -0.3712360945700985 -0.3712360945700985 -0.3712360945700985 -0.20353553184483406 -0.3712360945700985 -0.3712360945700985 -0.3712360945700985 -0.3712360945700985 -0.3712360945700985 -0.3712360945700985 -0.3712360945700985 -0.3712360945700985 -0.3712360945700985 -0.3712360945700985 -0.3712360945700985 -0.3712360945700985 -0.6623574591676873 -0.3712360945700985 -0.3712360945700985 -0.3712360945700985 -0.6643970645965472 -0.3712360945700985 -0.3712360945700985 -0.3712360945700985 -0.3712360945700985 -0.3712360945700985 -0.3712360945700985 -0.3712360945700985 -0.3712360945700985 -0.3712360945700985 -0.3712360945700985 -0.3712360945700985 -0.3712360945700985 -0.3712360945700985 -0.3712360945700985 -0.3712360945700985 -0.3712360945700985 -0.3712360945700985 -0.3712360945700985 -0.3712360945700985 -0.3712360945700985 -0.3712360945700985 -0.3215670188526232 -0.35495981383848385 -0.35495981383848385 -0.35495981383848385 -0.3215670188526232 -0.22224561133021567 -0.22567365222699193 -0.3712360945700985 -0.22224561133021567 -0.22567365222699193 -0.3867259447093159 -0.22224561133021567 -0.22567365222699193 -0.35495981383848385 -0.22224561133021567 -0.22567365222699193 -0.22224561133021567 -0.3487863543176913 -0.3487863543176913 -0.22567365222699193 -0.3413116827250128 -0.3437789411737888 -0.3215670188526232 -0.3008597136060934 -0.30356018076237085 -0.20353553184483406 -0.20353553184483406 -0.32127575820291776 -0.3160057818603882 -0.3160057818603882 -0.3160057818603882 -0.3160057818603882 -0.2561103426662814 -0.29129636319302193 -0.22224561133021567 -0.29129636319302193 -0.22567365222699193 -0.2934336346587955 -0.2919174480169343 -0.23626144387808534 -0.26743136365534803 -0.27025962786486346 -0.2561103426662814 -0.23626144387808534 -0.2561103426662814 -0.26346034662391615 -0.26346034662391615 -0.252449948104398 -0.23800081174500878 -0.23800081174500878 -0.2370013856589639 -0.1906430224654926 -0.19048784733284063 -0.18737108117074336 -0.1704541647297793 -0.14309716213307042 -0.09244232792471796 -0.09244232792471796 -0.09244232792471796 -0.09244232792471796 -0.09244232792471796 -0.09244232792471796 -0.09244232792471796 -0.10861209523036916 -0.08188623039719899
-0.388981885529871 -0.388981885529871 -0.6001317136713896 -0.6001317136713896 -0.20353553184483406 -0.40335136551772655 -0.6608171369616941 -0.6001317136713896 -0.6001317136713896 -0.6001317136713896 -0.6001317136713896 -0.6001317136713896 -0.6001317136713896 -0.6001317136713896 -0.5930172951811848 -0.6001317136713896 -0.5930172951811848 -0.3712360945700985 -0.40335136551772655 -0.6001317136713896 -0.6001317136713896 -0.3712360945700985 -0.6631047224390575 -0.6001317136713896 -0.6001317136713896 -0.5930172951811848 -0.388981885529871 -0.5930172951811848 -0.5930172951811848 -0.6055126792950737 -0.5886835611775963 -0.388981885529871 -0.388981885529871 -0.388981885529871 -0.388981885529871 -0.5417197671146304 -0.388981885529871 -0.5338528588592198 -0.388981885529871 -0.388981885529871 -0.40335136551772655 -0.388981885529871 -0.388981885529871 -0.3215670188526232 -0.35495981383848385 -0.35495981383848385 -0.35495981383848385 -0.3215670188526232 -0.22224561133021567 -0.22567365222699193 -0.388981885529871 -0.22224561133021567 -0.22567365222699193 -0.3712360945700985 -0.22224561133021567 -0.22567365222699193 -0.35495981383848385 -0.22224561133021567 -0.22567365222699193 -0.22224561133021567 -0.3487863543176913 -0.3487863543176913 -0.22567365222699193 -0.3413116827250128 -0.3437789411737888 -0.3215670188526232 -0.3008597136060934 -0.30356018076237085 -0.20353553184483406 -0.20353553184483406 -0.32127575820291776 -0.3160057818603882 -0.3160057818603882 -0.3160057818603882 -0.3160057818603882 -0.2561103426662814 -0.29129636319302193 -0.22224561133021567 -0.29129636319302193 -0.22567365222699193 -0.2934336346587955 -0.2919174480169343 -0.23626144387808534 -0.26743136365534803 -0.27025962786486346 -0.2561103426662814 -0.23626144387808534 -0.2561103426662814 -0.26346034662391615 -0.26346034662391615 -0.252449948104398 -0.23800081174500878 -0.23800081174500878 -0.2370013856589639 -0.1906430224654926 -0.19048784733284063 -0.18737108117074336 -0.1704541647297793 -0.14309716213307042 -0.09244232792471796 -0.09244232792471796 -0.09244232792471796 -0.09244232792471796 -0.09244232792471796 -0.09244232792471796 -0.09244232792471796 -0.10861209523036916 -0.08188623039719899
-0.388981885529871 -0.388981885529871 -0.6242269088092383 -0.6242269088092383 -0.20353553184483406 -0.40335136551772655 -0.6001317136713896 -0.6242269088092383 -0.6242269088092383 -0.6242269088092383 -0.6242269088092383 -0.6242269088092383 -0.6242269088092383 -0.6242269088092383 -0.5930172951811848 -0.6242269088092383 -0.5930172951811848 -0.3712360945700985 -0.40335136551772655 -0.6242269088092383 -0.6242269088092383 -0.3712360945700985 -0.6001317136713896 -0.6611723630412757 -0.6242269088092383 -0.5930172951811848 -0.388981885529871 -0.5930172951811848 -0.5930172951811848 -0.6001317136713896 -0.5886835611775963 -0.388981885529871 -0.388981885529871 -0.388981885529871 -0.388981885529871 -0.5417197671146304 -0.388981885529871 -0.5338528588592198 -0.388981885529871 -0.388981885529871 -0.40335136551772655 -0.388981885529871 -0.388981885529871 -0.3215670188526232 -0.35495981383848385 -0.35495981383848385 -0.35495981383848385 -0.3215670188526232 -0.22224561133021567 -0.22567365222699193 -0.388981885529871 -0.22224561133021567 -0.22567365222699193 -0.3712360945700985 -0.22224561133021567 -0.22567365222699193 -0.35495981383848385 -0.22224561133021567 -0.22567365222699193 -0.22224561133021567 -0.3487863543176913 -0.3487863543176913 -0.22567365222699193 -0.3413116827250128 -0.3437789411737888 -0.3215670188526232 -0.3008597136060934 -0.30356018076237085 -0.20353553184483406 -0.20353553184483406 -0.32127575820291776 -0.3160057818603882 -0.3160057818603882 -0.3160057818603882 -0.3160057818603882 -0.2561103426662814 -0.29129636319302193 -0.22224561133021567 -0.29129636319302193 -0.22567365222699193 -0.2934336346587955 -0.2919174480169343 -0.23626144387808534 -0.26743136365534803 -0.27025962786486346 -0.2561103426662814 -0.23626144387808534 -0.2561103426662814 -0.26346034662391615 -0.26346034662391615 -0.252449948104398 -0.23800081174500878 -0.23800081174500878 -0.2370013856589639 -0.1906430224654926 -0.19048784733284063 -0.18737108117074336 -0.1704541647297793 -0.14309716213307042 -0.09244232792471796 -0.09244232792471796 -0.09244232792471796 -0.09244232792471796 -0.09244232792471796 -0.09244232792471796 -0.09244232792471796 -0.10861209523036916 -0.08188623039719899
-0.388981885529871 -0.388981885529871 -0.6295211201792509 -0.6295211201792509 -0.20353553184483406 -0.40335136551772655 -0.6001317136713896 -0.6295211201792509 -0.6295211201792509 -0.6295211201792509 -0.6266342207537379 -0.6295211201792509 -0.6266342207537379 -0.6266342207537379 -0.5930172951811848 -0.6266342207537379 -0.5930172951811848 -0.3712360945700985 -0.40335136551772655 -0.6266342207537379 -0.6295211201792509 -0.3712360945700985 -0.6001317136713896 -0.6242269088092383 -0.6586798265670479 -0.5930172951811848 -0.388981885529871 -0.5930172951811848 -0.5930172951811848 -0.6001317136713896 -0.5886835611775963 -0.388981885529871 -0.388981885529871 -0.388981885529871 -0.388981885529871 -0.5417197671146304 -0.388981885529871 -0.5338528588592198 -0.388981885529871 -0.388981885529871 -0.40335136551772655 -0.388981885529871 -0.388981885529871 -0.3215670188526232 -0.35495981383848385 -0.35495981383848385 -0.35495981383848385 -0.3215670188526232 -0.22224561133021567 -0.22567365222699193 -0.388981885529871 -0.22224561133021567 -0.22567365222699193 -0.3712360945700985 -0.22224561133021567 -0.22567365222699193 -0.35495981383848385 -0.22224561133021567 -0.22567365222699193 -0.22224561133021567 -0.3487863543176913 -0.3487863543176913 -0.22567365222699193 -0.3413116827250128 -0.3437789411737888 -0.3215670188526232 -0.3008597136060934 -0.30356018076237085 -0.20353553184483406 -0.20353553184483406 -0.32127575820291776 -0.3160057818603882 -0.3160057818603882 -0.3160057818603882 -0.3160057818603882 -0.2561103426662814 -0.29129636319302193 -0.22224561133021567 -0.29129636319302193 -0.22567365222699193 -0.2934336346587955 -0.2919174480169343 -0.23626144387808534 -0.26743136365534803 -0.27025962786486346 -0.2561103426662814 -0.23626144387808534 -0.2561103426662814 -0.26346034662391615 -0.26346034662391615 -0.252449948104398 -0.23800081174500878 -0.23800081174500878 -0.2370013856589639 -0.1906430224654926 -0.19048784733284063 -0.18737108117074336 -0.1704541647297793 -0.14309716213307042 -0.09244232792471796 -0.09244232792471796 -0.09244232792471796 -0.09244232792471796 -0.09244232792471796 -0.09244232792471796 -0.09244232792471796 -0.10861209523036916 -0.08188623039719899
-0.388981885529871 -0.388981885529871 -0.5930172951811848 -0.5930172951811848 -0.20353553184483406 -0.40335136551772655 -0.5930172951811848 -0.5930172951811848 -0.5930172951811848 -0.5930172951811848 -0.5930172951811848 -0.5930172951811848 -0.5930172951811848 -0.5930172951811848 -0.6004592936459917 -0.5930172951811848 -0.6004592936459917 -0.3712360945700985 -0.40335136551772655 -0.5930172951811848 -0.5930172951811848 -0.3712360945700985 -0.5930172951811848 -0.5930172951811848 -0.5930172951811848 -0.655326981251727 -0.388981885529871 -0.6294195485256237 -0.6187424844606519 -0.5930172951811848 -0.5886835611775963 -0.388981885529871 -0.388981885529871 -0.388981885529871 -0.388981885529871 -0.5417197671146304 -0.388981885529871 -0.5338528588592198 -0.388981885529871 -0.388981885529871 -0.40335136551772655 -0.388981885529871 -0.388981885529871 -0.3215670188526232 -0.35495981383848385 -0.35495981383848385 -0.35495981383848385 -0.3215670188526232 -0.22224561133021567 -0.22567365222699193 -0.388981885529871 -0.22224561133021567 -0.22567365222699193 -0.3712360945700985 -0.22224561133021567 -0.22567365222699193 -0.35495981383848385 -0.22224561133021567 -0.22567365222699193 -0.22224561133021567 -0.3487863543176913 -0.3487863543176913 -0.22567365222699193 -0.3413116827250128 -0.3437789411737888 -0.3215670188526232 -0.3008597136060934 -0.30356018076237085 -0.20353553184483406 -0.20353553184483406 -0.32127575820291776 -0.3160057818603882 -0.3160057818603882 -0.3160057818603882 -0.3160057818603882 -0.2561103426662814 -0.29129636319302193 -0.22224561133021567 -0.29129636319302193 -0.22567365222699193 -0.2934336346587955 -0.2919174480169343 -0.23626144387808534 -0.26743136365534803 -0.27025962786486346 -0.2561103426662814 -0.23626144387808534 -0.2561103426662814 -0.26346034662391615 -0.26346034662391615 -0.252449948104398 -0.23800081174500878 -0.23800081174500878 -0.2370013856589639 -0.1906430224654926 -0.19048784733284063 -0.18737108117074336 -0.1704541647297793 -0.14309716213307042 -0.09244232792471796 -0.09244232792471796 -0.09244232792471796 -0.09244232792471796 -0.09244232792471796 -0.09244232792471796 -0.09244232792471796 -0.10861209523036916 -0.08188623039719899
-0.5130057054969486 -0.5130057054969486 -0.388981885529871 -0.388981885529871 -0.20353553184483406 -0.388981885529871 -0.388981885529871 -0.388981885529871 -0.388981885529871 -0.388981885529871 -0.388981885529871 -0.388981885529871 -0.388981885529871 -0.388981885529871 -0.388981885529871 -0.388981885529871 -0.388981885529871 -0.3712360945700985 -0.388981885529871 -0.388981885529871 -0.388981885529871 -0.3712360945700985 -0.388981885529871 -0.388981885529871 -0.388981885529871 -0.388981885529871 -0.6444040515719603 -0.388981885529871 -0.388981885529871 -0.388981885529871 -0.388981885529871 -0.5130057054969486 -0.5130057054969486 -0.4409318743801913 -0.5086381495609612 -0.388981885529871 -0.4409318743801913 -0.388981885529871 -0.5348836159302237 -0.5348836159302237 -0.388981885529871 -0.48954001098291944 -0.4151822352831601 -0.3215670188526232 -0.35495981383848385 -0.35495981383848385 -0.35495981383848385 -0.3215670188526232 -0.22224561133021567 -0.22567365222699193 -0.39294957829270727 -0.22224561133021567 -0.22567365222699193 -0.3712360945700985 -0.22224561133021567 -0.22567365222699193 -0.35495981383848385 -0.22224561133021567 -0.22567365222699193 -0.22224561133021567 -0.3487863543176913 -0.3487863543176913 -0.22567365222699193 -0.3413116827250128 -0.3437789411737888 -0.3215670188526232 -0.3008597136060934 -0.30356018076237085 -0.20353553184483406 -0.20353553184483406 -0.32127575820291776 -0.3160057818603882 -0.3160057818603882 -0.3160057818603882 -0.3160057818603882 -0.2561103426662814 -0.29129636319302193 -0.22224561133021567 -0.29129636319302193 -0.22567365222699193 -0.2934336346587955 -0.2919174480169343 -0.23626144387808534 -0.26743136365534803 -0.27025962786486346 -0.2561103426662814 -0.23626144387808534 -0.2561103426662814 -0.26346034662391615 -0.26346034662391615 -0.252449948104398 -0.23800081174500878 -0.23800081174500878 -0.2370013856589639 -0.1906430224654926 -0.19048784733284063 -0.18737108117074336 -0.1704541647297793 -0.14309716213307042 -0.09244232792471796 -0.09244232792471796 -0.09244232792471796 -0.09244232792471796 -0.09244232792471796 -0.09244232792471796 -0.09244232792471796 -0.10861209523036916 -0.08188623039719899
-0.388981885529871 -0.388981885529871 -0.5930172951811848 -0.5930172951811848 -0.20353553184483406 -0.40335136551772655 -0.5930172951811848 -0.5930172951811848 -0.5930172951811848 -0.5930172951811848 -0.5930172951811848 -0.5930172951811848 -0.5930172951811848 -0.5930172951811848 -0.6004592936459917 -0.5930172951811848 -0.6004592936459917 -0.3712360945700985 -0.40335136551772655 -0.5930172951811848 -0.5930172951811848 -0.3712360945700985 -0.5930172951811848 -0.5930172951811848 -0.5930172951811848 -0.6294195485256237 -0.388981885529871 -0.6375818786902393 -0.6187424844606519 -0.5930172951811848 -0.5886835611775963 -0.388981885529871 -0.388981885529871 -0.388981885529871 -0.388981885529871 -0.5417197671146304 -0.388981885529871 -0.5338528588592198 -0.388981885529871 -0.388981885529871 -0.40335136551772655 -0.388981885529871 -0.388981885529871 -0.3215670188526232 -0.35495981383848385 -0.35495981383848385 -0.35495981383848385 -0.3215670188526232 -0.22224561133021567 -0.22567365222699193 -0.388981885529871 -0.22224561133021567 -0.22567365222699193 -0.3712360945700985 -0.22224561133021567 -0.22567365222699193 -0.35495981383848385 -0.22224561133021567 -0.22567365222699193 -0.22224561133021567 -0.3487863543176913 -0.3487863543176913 -0.22567365222699193 -0.3413116827250128 -0.3437789411737888 -0.3215670188526232 -0.3008597136060934 -0.30356018076237085 -0.20353553184483406 -0.20353553184483406 -0.32127575820291776 -0.3160057818603882 -0.3160057818603882 -0.3160057818603882 -0.3160057818603882 -0.2561103426662814 -0.29129636319302193 -0.22224561133021567 -0.29129636319302193 -0.22567365222699193 -0.2934336346587955 -0.2919174480169343 -0.23626144387808534 -0.26743136365534803 -0.27025962786486346 -0.2561103426662814 -0.23626144387808534 -0.2561103426662814 -0.26346034662391615 -0.26346034662391615 -0.252449948104398 -0.23800081174500878 -0.23800081174500878 -0.2370013856589639 -0.1906430224654926 -0.19048784733284063 -0.18737108117074336 -0.1704541647297793 -0.14309716213307042 -0.09244232792471796 -0.09244232792471796 -0.09244232792471796 -0.09244232792471796 -0.09244232792471796 -0.09244232792471796 -0.09244232792471796 -0.10861209523036916 -0.08188623039719899
-0.388981885529871 -0.388981885529871 -0.5930172951811848 -0.5930172951811848 -0.20353553184483406 -0.40335136551772655 -0.5930172951811848 -0.5930172951811848 -0.5930172951811848 -0.5930172951811848 -0.5930172951811848 -0.5930172951811848 -0.5930172951811848 -0.5930172951811848 -0.6004592936459917 -0.5930172951811848 -0.6004592936459917 -0.3712360945700985 -0.40335136551772655 -0.5930172951811848 -0.5930172951811848 -0.3712360945700985 -0.5930172951811848 -0.5930172951811848 -0.5930172951811848 -0.6187424844606519 -0.388981885529871 -0.6187424844606519 -0.6196419002113023 -0.5930172951811848 -0.5886835611775963 -0.388981885529871 -0.388981885529871 -0.388981885529871 -0.388981885529871 -0.5417197671146304 -0.388981885529871 -0.5338528588592198 -0.388981885529871 -0.388981885529871 -0.40335136551772655 -0.388981885529871 -0.388981885529871 -0.3215670188526232 -0.35495981383848385 -0.35495981383848385 -0.35495981383848385 -0.3215670188526232 -0.22224561133021567 -0.22567365222699193 -0.388981885529871 -0.22224561133021567 -0.22567365222699193 -0.3712360945700985 -0.22224561133021567 -0.22567365222699193 -0.35495981383848385 -0.22224561133021567 -0.22567365222699193 -0.22224561133021567 -0.3487863543176913 -0.3487863543176913 -0.22567365222699193 -0.3413116827250128 -0.3437789411737888 -0.3215670188526232 -0.3008597136060934 -0.30356018076237085 -0.20353553184483406 -0.20353553184483406 -0.32127575820291776 -0.3160057818603882 -0.3160057818603882 -0.3160057818603882 -0.3160057818603882 -0.2561103426662814 -0.29129636319302193 -0.22224561133021567 -0.29129636319302193 -0.22567365222699193 -0.2934336346587955 -0.2919174480169343 -0.23626144387808534 -0.26743136365534803 -0.27025962786486346 -0.2561103426662814 -0.23626144387808534 -0.2561103426662814 -0.26346034662391615 -0.26346034662391615 -0.252449948104398 -0.23800081174500878 -0.23800081174500878 -0.2370013856589639 -0.1906430224654926 -0.19048784733284063 -0.18737108117074336 -0.1704541647297793 -0.14309716213307042 -0.09244232792471796 -0.09244232792471796 -0.09244232792471796 -0.09244232792471796 -0.09244232792471796 -0.09244232792471796 -0.09244232792471796 -0.10861209523036916 -0.08188623039719899
-0.388981885529871 -0.388981885529871 -0.6001317136713896 -0.6001317136713896 -0.20353553184483406 -0.40335136551772655 -0.6055126792950737 -0.6001317136713896 -0.6001317136713896 -0.6001317136713896 -0.6001317136713896 -0.6001317136713896 -0.6001317136713896 -0.6001317136713896 -0.5930172951811848 -0.6001317136713896 -0.5930172951811848 -0.3712360945700985 -0.40335136551772655 -0.6001317136713896 -0.6001317136713896 -0.3712360945700985 -0.6055126792950737 -0.6001317136713896 -0.6001317136713896 -0.5930172951811848 -0.388981885529871 -0.5930172951811848 -0.5930172951811848 -0.6184593135028655 -0.5886835611775963 -0.388981885529871 -0.388981885529871 -0.388981885529871 -0.388981885529871 -0.5417197671146304 -0.388981885529871 -0.5338528588592198 -0.388981885529871 -0.388981885529871 -0.40335136551772655 -0.388981885529871 -0.388981885529871 -0.3215670188526232 -0.35495981383848385 -0.35495981383848385 -0.35495981383848385 -0.3215670188526232 -0.22224561133021567 -0.22567365222699193 -0.388981885529871 -0.22224561133021567 -0.22567365222699193 -0.3712360945700985 -0.22224561133021567 -0.22567365222699193 -0.35495981383848385 -0.22224561133021567 -0.22567365222699193 -0.22224561133021567 -0.3487863543176913 -0.3487863543176913 -0.22567365222699193 -0.3413116827250128 -0.3437789411737888 -0.3215670188526232 -0.3008597136060934 -0.30356018076237085 -0.20353553184483406 -0.20353553184483406 -0.32127575820291776 -0.3160057818603882 -0.3160057818603882 -0.3160057818603882 -0.3160057818603882 -0.2561103426662814 -0.29129636319302193 -0.22224561133021567 -0.29129636319302193 -0.22567365222699193 -0.2934336346587955 -0.2919174480169343 -0.23626144387808534 -0.26743136365534803 -0.27025962786486346 -0.2561103426662814 -0.23626144387808534 -0.2561103426662814 -0.26346034662391615 -0.26346034662391615 -0.252449948104398 -0.23800081174500878 -0.23800081174500878 -0.2370013856589639 -0.1906430224654926 -0.19048784733284063 -0.18737108117074336 -0.1704541647297793 -0.14309716213307042 -0.09244232792471796 -0.09244232792471796 -0.09244232792471796 -0.09244232792471796 -0.09244232792471796 -0.09244232792471796 -0.09244232792471796 -0.10861209523036916 -0.08188623039719899
-0.388981885529871 -0.388981885529871 -0.5886835611775963 -0.5886835611775963 -0.20353553184483406 -0.40335136551772655 -0.5886835611775963 -0.5886835611775963 -0.5886835611775963 -0.5886835611775963 -0.5886835611775963 -0.5886835611775963 -0.5886835611775963 -0.5886835611775963 -0.5886835611775963 -0.5886835611775963 -0.5886835611775963 -0.3712360945700985 -0.40335136551772655 -0.5886835611775963 -0.5886835611775963 -0.3712360945700985 -0.5886835611775963 -0.5886835611775963 -0.5886835611775963 -0.5886835611775963 -0.388981885529871 -0.5886835611775963 -0.5886835611775963 -0.5886835611775963 -0.5993668374141029 -0.388981885529871 -0.388981885529871 -0.388981885529871 -0.388981885529871 -0.5417197671146304 -0.388981885529871 -0.5338528588592198 -0.388981885529871 -0.388981885529871 -0.40335136551772655 -0.388981885529871 -0.388981885529871 -0.3215670188526232 -0.35495981383848385 -0.35495981383848385 -0.35495981383848385 -0.3215670188526232 -0.22224561133021567 -0.22567365222699193 -0.388981885529871 -0.22224561133021567 -0.22567365222699193 -0.3712360945700985 -0.22224561133021567 -0.22567365222699193 -0.35495981383848385 -0.22224561133021567 -0.22567365222699193 -0.22224561133021567 -0.3487863543176913 -0.3487863543176913 -0.22567365222699193 -0.3413116827250128 -0.3437789411737888 -0.3215670188526232 -0.3008597136060934 -0.30356018076237085 -0.20353553184483406 -0.20353553184483406 -0.32127575820291776 -0.3160057818603882 -0.3160057818603882 -0.3160057818603882 -0.3160057818603882 -0.2561103426662814 -0.29129636319302193 -0.22224561133021567 -0.29129636319302193 -0.22567365222699193 -0.2934336346587955 -0.2919174480169343 -0.23626144387808534 -0.26743136365534803 -0.27025962786486346 -0.2561103426662814 -0.23626144387808534 -0.2561103426662814 -0.26346034662391615 -0.26346034662391615 -0.252449948104398 -0.23800081174500878 -0.23800081174500878 -0.2370013856589639 -0.1906430224654926 -0.19048784733284063 -0.18737108117074336 -0.1704541647297793 -0.14309716213307042 -0.09244232792471796 -0.09244232792471796 -0.09244232792471796 -0.09244232792471796 -0.09244232792471796 -0.09244232792471796 -0.09244232792471796 -0.10861209523036916 -0.08188623039719899
-0.5749705486822905 -0.5749705486822905 -0.388981885529871 -0.388981885529871 -0.20353553184483406 -0.388981885529871 -0.388981885529871 -0.388981885529871 -0.388981885529871 -0.388981885529871 -0.388981885529871 -0.388981885529871 -0.388981885529871 -0.388981885529871 -0.388981885529871 -0.388981885529871 -0.388981885529871 -0.3712360945700985 -0.388981885529871 -0.388981885529871 -0.388981885529871 -0.3712360945700985 -0.388981885529871 -0.388981885529871 -0.388981885529871 -0.388981885529871 -0.5130057054969486 -0.388981885529871 -0.388981885529871 -0.388981885529871 -0.388981885529871 -0.5875393560790524 -0.5855727088599372 -0.4409318743801913 -0.5086381495609612 -0.388981885529871 -0.4409318743801913 -0.388981885529871 -0.5130057054969486 -0.5130057054969486 -0.388981885529871 -0.48954001098291944 -0.4151822352831601 -0.3215670188526232 -0.35495981383848385 -0.35495981383848385 -0.35495981383848385 -0.3215670188526232 -0.22224561133021567 -0.22567365222699193 -0.39294957829270727 -0.22224561133021567 -0.22567365222699193 -0.3712360945700985 -0.22224561133021567 -0.22567365222699193 -0.35495981383848385 -0.22224561133021567 -0.22567365222699193 -0.22224561133021567 -0.3487863543176913 -0.3487863543176913 -0.22567365222699193 -0.3413116827250128 -0.3437789411737888 -0.3215670188526232 -0.3008597136060934 -0.30356018076237085 -0.20353553184483406 -0.20353553184483406 -0.32127575820291776 -0.3160057818603882 -0.3160057818603882 -0.3160057818603882 -0.3160057818603882 -0.2561103426662814 -0.29129636319302193 -0.22224561133021567 -0.29129636319302193 -0.22567365222699193 -0.2934336346587955 -0.2919174480169343 -0.23626144387808534 -0.26743136365534803 -0.27025962786486346 -0.2561103426662814 -0.23626144387808534 -0.2561103426662814 -0.26346034662391615 -0.26346034662391615 -0.252449948104398 -0.23800081174500878 -0.23800081174500878 -0.2370013856589639 -0.1906430224654926 -0.19048784733284063 -0.18737108117074336 -0.1704541647297793 -0.14309716213307042 -0.09244232792471796 -0.09244232792471796 -0.09244232792471796 -0.09244232792471796 -0.09244232792471796 -0.09244232792471796 -0.09244232792471796 -0.10861209523036916 -0.08188623039719899
-0.5749705486822905 -0.5749705486822905 -0.388981885529871 -0.388981885529871 -0.20353553184483406 -0.388981885529871 -0.388981885529871 -0.388981885529871 -0.388981885529871 -0.388981885529871 -0.388981885529871 -0.388981885529871 -0.388981885529871 -0.388981885529871 -0.388981885529871 -0.388981885529871 -0.388981885529871 -0.3712360945700985 -0.388981885529871 -0.388981885529871 -0.388981885529871 -0.3712360945700985 -0.388981885529871 -0.388981885529871 -0.388981885529871 -0.388981885529871 -0.5130057054969486 -0.388981885529871 -0.388981885529871 -0.388981885529871 -0.388981885529871 -0.5855727088599372 -0.5872523637211198 -0.4409318743801913 -0.5086381495609612 -0.388981885529871 -0.4409318743801913 -0.388981885529871 -0.5130057054969486 -0.5130057054969486 -0.388981885529871 -0.48954001098291944 -0.4151822352831601 -0.3215670188526232 -0.35495981383848385 -0.35495981383848385 -0.35495981383848385 -0.3215670188526232 -0.22224561133021567 -0.22567365222699193 -0.39294957829270727 -0.22224561133021567 -0.22567365222699193 -0.3712360945700985 -0.22224561133021567 -0.22567365222699193 -0.35495981383848385 -0.22224561133021567 -0.22567365222699193 -0.22224561133021567 -0.3487863543176913 -0.3487863543176913 -0.22567365222699193 -0.3413116827250128 -0.3437789411737888 -0.3215670188526232 -0.3008597136060934 -0.30356018076237085 -0.20353553184483406 -0.20353553184483406 -0.32127575820291776 -0.3160057818603882 -0.3160057818603882 -0.3160057818603882 -0.3160057818603882 -0.2561103426662814 -0.29129636319302193 -0.22224561133021567 -0.29129636319302193 -0.22567365222699193 -0.2934336346587955 -0.2919174480169343 -0.23626144387808534 -0.26743136365534803 -0.27025962786486346 -0.2561103426662814 -0.23626144387808534 -0.2561103426662814 -0.26346034662391615 -0.26346034662391615 -0.252449948104398 -0.23800081174500878 -0.23800081174500878 -0.2370013856589639 -0.1906430224654926 -0.19048784733284063 -0.18737108117074336 -0.1704541647297793 -0.14309716213307042 -0.09244232792471796 -0.09244232792471796 -0.09244232792471796 -0.09244232792471796 -0.09244232792471796 -0.09244232792471796 -0.09244232792471796 -0.10861209523036916 -0.08188623039719899
-0.4409318743801913 -0.4409318743801913 -0.388981885529871 -0.388981885529871 -0.20353553184483406 -0.388981885529871 -0.388981885529871 -0.388981885529871 -0.388981885529871 -0.388981885529871 -0.388981885529871 -0.388981885529871 -0.388981885529871 -0.388981885529871 -0.388981885529871 -0.388981885529871 -0.388981885529871 -0.3712360945700985 -0.388981885529871 -0.388981885529871 -0.388981885529871 -0.3712360945700985 -0.388981885529871 -0.388981885529871 -0.388981885529871 -0.388981885529871 -0.4409318743801913 -0.388981885529871 -0.388981885529871 -0.388981885529871 -0.388981885529871 -0.4409318743801913 -0.4409318743801913 -0.5836575485647018 -0.4409318743801913 -0.388981885529871 -0.554576568901112 -0.388981885529871 -0.4409318743801913 -0.4409318743801913 -0.388981885529871 -0.4409318743801913 -0.4151822352831601 -0.3215670188526232 -0.35495981383848385 -0.35495981383848385 -0.35495981383848385 -0.3215670188526232 -0.22224561133021567 -0.22567365222699193 -0.39294957829270727 -0.22224561133021567 -0.22567365222699193 -0.3712360945700985 -0.22224561133021567 -0.22567365222699193 -0.35495981383848385 -0.22224561133021567 -0.22567365222699193 -0.22224561133021567 -0.3487863543176913 -0.3487863543176913 -0.22567365222699193 -0.3413116827250128 -0.3437789411737888 -0.3215670188526232 -0.3008597136060934 -0.30356018076237085 -0.20353553184483406 -0.20353553184483406 -0.32127575820291776 -0.3160057818603882 -0.3160057818603882 -0.3160057818603882 -0.3160057818603882 -0.2561103426662814 -0.29129636319302193 -0.22224561133021567 -0.29129636319302193 -0.22567365222699193 -0.2934336346587955 -0.2919174480169343 -0.23626144387808534 -0.26743136365534803 -0.27025962786486346 -0.2561103426662814 -0.23626144387808534 -0.2561103426662814 -0.26346034662391615 -0.26346034662391615 -0.252449948104398 -0.23800081174500878 -0.23800081174500878 -0.2370013856589639 -0.1906430224654926 -0.19048784733284063 -0.18737108117074336 -0.1704541647297793 -0.14309716213307042 -0.09244232792471796 -0.09244232792471796 -0.09244232792471796 -0.09244232792471796 -0.09244232792471796 -0.09244232792471796 -0.09244232792471796 -0.10861209523036916 -0.08188623039719899
-0.5086381495609612 -0.5086381495609612 -0.388981885529871 -0.388981885529871 -0.20353553184483406 -0.388981885529871 -0.388981885529871 -0.388981885529871 -0.388981885529871 -0.388981885529871 -0.388981885529871 -0.388981885529871 -0.388981885529871 -0.388981885529871 -0.388981885529871 -0.388981885529871 -0.388981885529871 -0.3712360945700985 -0.388981885529871 -0.388981885529871 -0.388981885529871 -0.3712360945700985 -0.388981885529871 -0.388981885529871 -0.388981885529871 -0.388981885529871 -0.5086381495609612 -0.388981885529871 -0.388981885529871 -0.388981885529871 -0.388981885529871 -0.5086381495609612 -0.5086381495609612 -0.4409318743801913 -0.5720503752655787 -0.388981885529871 -0.4409318743801913 -0.388981885529871 -0.5086381495609612 -0.5086381495609612 -0.388981885529871 -0.48954001098291944 -0.4151822352831601 -0.3215670188526232 -0.35495981383848385 -0.35495981383848385 -0.35495981383848385 -0.3215670188526232 -0.22224561133021567 -0.22567365222699193 -0.39294957829270727 -0.22224561133021567 -0.22567365222699193 -0.3712360945700985 -0.22224561133021567 -0.22567365222699193 -0.35495981383848385 -0.22224561133021567 -0.22567365222699193 -0.22224561133021567 -0.3487863543176913 -0.3487863543176913 -0.22567365222699193 -0.3413116827250128 -0.3437789411737888 -0.3215670188526232 -0.3008597136060934 -0.30356018076237085 -0.20353553184483406 -0.20353553184483406 -0.32127575820291776 -0.3160057818603882 -0.3160057818603882 -0.3160057818603882 -0.3160057818603882 -0.2561103426662814 -0.29129636319302193 -0.22224561133021567 -0.29129636319302193 -0.22567365222699193 -0.2934336346587955 -0.2919174480169343 -0.23626144387808534 -0.26743136365534803 -0.27025962786486346 -0.2561103426662814 -0.23626144387808534 -0.2561103426662814 -0.26346034662391615 -0.26346034662391615 -0.252449948104398 -0.23800081174500878 -0.23800081174500878 -0.2370013856589639 -0.1906430224654926 -0.19048784733284063 -0.18737108117074336 -0.1704541647297793 -0.14309716213307042 -0.09244232792471796 -0.09244232792471796 -0.09244232792471796 -0.09244232792471796 -0.09244232792471796 -0.09244232792471796 -0.09244232792471796 -0.10861209523036916 -0.08188623039719899
-0.388981885529871 -0.388981885529871 -0.5417197671146304 -0.5417197671146304 -0.20353553184483406 -0.40335136551772655 -0.5417197671146304 -0.5417197671146304 -0.5417197671146304 -0.5417197671146304 -0.5417197671146304 -0.5417197671146304 -0.5417197671146304 -0.5417197671146304 -0.5417197671146304 -0.5417197671146304 -0.5417197671146304 -0.3712360945700985 -0.40335136551772655 -0.5417197671146304 -0.5417197671146304 -0.3712360945700985 -0.5417197671146304 -0.5417197671146304 -0.5417197671146304 -0.5417197671146304 -0.388981885529871 -0.5417197671146304 -0.5417197671146304 -0.5417197671146304 -0.5417197671146304 -0.388981885529871 -0.388981885529871 -0.388981885529871 -0.388981885529871 -0.5607277726941404 -0.388981885529871 -0.5338528588592198 -0.388981885529871 -0.388981885529871 -0.40335136551772655 -0.388981885529871 -0.388981885529871 -0.3215670188526232 -0.35495981383848385 -0.35495981383848385 -0.35495981383848385 -0.3215670188526232 -0.22224561133021567 -0.22567365222699193 -0.388981885529871 -0.22224561133021567 -0.22567365222699193 -0.3712360945700985 -0.22224561133021567 -0.22567365222699193 -0.35495981383848385 -0.22224561133021567 -0.22567365222699193 -0.22224561133021567 -0.3487863543176913 -0.3487863543176913 -0.22567365222699193 -0.3413116827250128 -0.3437789411737888 -0.3215670188526232 -0.3008597136060934 -0.30356018076237085 -0.20353553184483406 -0.20353553184483406 -0.32127575820291776 -0.3160057818603882 -0.3160057818603882 -0.3160057818603882 -0.3160057818603882 -0.2561103426662814 -0.29129636319302193 -0.22224561133021567 -0.29129636319302193 -0.22567365222699193 -0.2934336346587955 -0.2919174480169343 -0.23626144387808534 -0.26743136365534803 -0.27025962786486346 -0.2561103426662814 -0.23626144387808534 -0.2561103426662814 -0.26346034662391615 -0.26346034662391615 -0.252449948104398 -0.23800081174500878 -0.23800081174500878 -0.2370013856589639 -0.1906430224654926 -0.19048784733284063 -0.18737108117074336 -0.1704541647297793 -0.14309716213307042 -0.09244232792471796 -0.09244232792471796 -0.09244232792471796 -0.09244232792471796 -0.09244232792471796 -0.09244232792471796 -0.09244232792471796 -0.10861209523036916 -0.08188623039719899
-0.4409318743801913 -0.4409318743801913 -0.388981885529871 -0.388981885529871 -0.20353553184483406 -0.388981885529871 -0.388981885529871 -0.388981885529871 -0.388981885529871 -0.388981885529871 -0.388981885529871 -0.388981885529871 -0.388981885529871 -0.388981885529871 -0.388981885529871 -0.388981885529871 -0.388981885529871 -0.3712360945700985 -0.388981885529871 -0.388981885529871 -0.388981885529871 -0.3712360945700985 -0.388981885529871 -0.388981885529871 -0.388981885529871 -0.388981885529871 -0.4409318743801913 -0.388981885529871 -0.388981885529871 -0.388981885529871 -0.388981885529871 -0.4409318743801913 -0.4409318743801913 -0.554576568901112 -0.4409318743801913 -0.388981885529871 -0.5554830000383518 -0.388981885529871 -0.4409318743801913 -0.4409318743801913 -0.388981885529871 -0.4409318743801913 -0.4151822352831601 -0.3215670188526232 -0.35495981383848385 -0.35495981383848385 -0.35495981383848385 -0.3215670188526232 -0.22224561133021567 -0.22567365222699193 -0.39294957829270727 -0.22224561133021567 -0.22567365222699193 -0.3712360945700985 -0.22224561133021567 -0.22567365222699193 -0.35495981383848385 -0.22224561133021567 -0.22567365222699193 -0.22224561133021567 -0.3487863543176913 -0.3487863543176913 -0.22567365222699193 -0.3413116827250128 -0.3437789411737888 -0.3215670188526232 -0.3008597136060934 -0.30356018076237085 -0.20353553184483406 -0.20353553184483406 -0.32127575820291776 -0.3160057818603882 -0.3160057818603882 -0.3160057818603882 -0.3160057818603882 -0.2561103426662814 -0.29129636319302193 -0.22224561133021567 -0.29129636319302193 -0.22567365222699193 -0.2934336346587955 -0.2919174480169343 -0.23626144387808534 -0.26743136365534803 -0.27025962786486346 -0.2561103426662814 -0.23626144387808534 -0.2561103426662814 -0.26346034662391615 -0.26346034662391615 -0.252449948104398 -0.23800081174500878 -0.23800081174500878 -0.2370013856589639 -0.1906430224654926 -0.19048784733284063 -0.18737108117074336 -0.1704541647297793 -0.14309716213307042 -0.09244232792471796 -0.09244232792471796 -0.09244232792471796 -0.09244232792471796 -0.09244232792471796 -0.09244232792471796 -0.09244232792471796 -0.10861209523036916 -0.08188623039719899
-0.388981885529871 -0.388981885529871 -0.5338528588592198 -0.5338528588592198 -0.20353553184483406 -0.40335136551772655 -0.5338528588592198 -0.5338528588592198 -0.5338528588592198 -0.5338528588592198 -0.5338528588592198 -0.5338528588592198 -0.5338528588592198 -0.5338528588592198 -0.5338528588592198 -0.5338528588592198 -0.5338528588592198 -0.3712360945700985 -0.40335136551772655 -0.5338528588592198 -0.5338528588592198 -0.3712360945700985 -0.5338528588592198 -0.5338528588592198 -0.5338528588592198 -0.5338528588592198 -0.388981885529871 -0.5338528588592198 -0.5338528588592198 -0.5338528588592198 -0.5338528588592198 -0.388981885529871 -0.388981885529871 -0.388981885529871 -0.388981885529871 -0.5338528588592198 -0.388981885529871 -0.5474958754148693 -0.388981885529871 -0.388981885529871 -0.40335136551772655 -0.388981885529871 -0.388981885529871 -0.3215670188526232 -0.35495981383848385 -0.35495981383848385 -0.35495981383848385 -0.3215670188526232 -0.22224561133021567 -0.22567365222699193 -0.388981885529871 -0.22224561133021567 -0.22567365222699193 -0.3712360945700985 -0.22224561133021567 -0.22567365222699193 -0.35495981383848385 -0.22224561133021567 -0.22567365222699193 -0.22224561133021567 -0.3487863543176913 -0.3487863543176913 -0.22567365222699193 -0.3413116827250128 -0.3437789411737888 -0.3215670188526232 -0.3008597136060934 -0.30356018076237085 -0.20353553184483406 -0.20353553184483406 -0.32127575820291776 -0.3160057818603882 -0.3160057818603882 -0.3160057818603882 -0.3160057818603882 -0.2561103426662814 -0.29129636319302193 -0.22224561133021567 -0.29129636319302193 -0.22567365222699193 -0.2934336346587955 -0.2919174480169343 -0.23626144387808534 -0.26743136365534803 -0.27025962786486346 -0.2561103426662814 -0.23626144387808534 -0.2561103426662814 -0.26346034662391615 -0.26346034662391615 -0.252449948104398 -0.23800081174500878 -0.23800081174500878 -0.2370013856589639 -0.1906430224654926 -0.19048784733284063 -0.18737108117074336 -0.1704541647297793 -0.14309716213307042 -0.09244232792471796 -0.09244232792471796 -0.09244232792471796 -0.09244232792471796 -0.09244232792471796 -0.09244232792471796 -0.09244232792471796 -0.10861209523036916 -0.08188623039719899
-0.5130057054969486 -0.5130057054969486 -0.388981885529871 -0.388981885529871 -0.20353553184483406 -0.388981885529871 -0.388981885529871 -0.388981885529871 -0.388981885529871 -0.388981885529871 -0.388981885529871 -0.388981885529871 -0.388981885529871 -0.388981885529871 -0.388981885529871 -0.388981885529871 -0.388981885529871 -0.3712360945700985 -0.388981885529871 -0.388981885529871 -0.388981885529871 -0.3712360945700985 -0.388981885529871 -0.388981885529871 -0.388981885529871 -0.388981885529871 -0.5348836159302237 -0.388981885529871 -0.388981885529871 -0.388981885529871 -0.388981885529871 -0.5130057054969486 -0.5130057054969486 -0.4409318743801913 -0.5086381495609612 -0.388981885529871 -0.4409318743801913 -0.388981885529871 -0.5414285589038994 -0.5396883437827837 -0.388981885529871 -0.48954001098291944 -0.4151822352831601 -0.3215670188526232 -0.35495981383848385 -0.35495981383848385 -0.35495981383848385 -0.3215670188526232 -0.22224561133021567 -0.22567365222699193 -0.39294957829270727 -0.22224561133021567 -0.22567365222699193 -0.3712360945700985 -0.22224561133021567 -0.22567365222699193 -0.35495981383848385 -0.22224561133021567 -0.22567365222699193 -0.22224561133021567 -0.3487863543176913 -0.3487863543176913 -0.22567365222699193 -0.3413116827250128 -0.3437789411737888 -0.3215670188526232 -0.3008597136060934 -0.30356018076237085 -0.20353553184483406 -0.20353553184483406 -0.32127575820291776 -0.3160057818603882 -0.3160057818603882 -0.3160057818603882 -0.3160057818603882 -0.2561103426662814 -0.29129636319302193 -0.22224561133021567 -0.29129636319302193 -0.22567365222699193 -0.2934336346587955 -0.2919174480169343 -0.23626144387808534 -0.26743136365534803 -0.27025962786486346 -0.2561103426662814 -0.23626144387808534 -0.2561103426662814 -0.26346034662391615 -0.26346034662391615 -0.252449948104398 -0.23800081174500878 -0.23800081174500878 -0.2370013856589639 -0.1906430224654926 -0.19048784733284063 -0.18737108117074336 -0.1704541647297793 -0.14309716213307042 -0.09244232792471796 -0.09244232792471796 -0.09244232792471796 -0.09244232792471796 -0.09244232792471796 -0.09244232792471796 -0.09244232792471796 -0.10861209523036916 -0.08188623039719899
-0.5130057054969486 -0.5130057054969486 -0.388981885529871 -0.388981885529871 -0.20353553184483406 -0.388981885529871 -0.388981885529871 -0.388981885529871 -0.388981885529871 -0.388981885529871 -0.388981885529871 -0.388981885529871 -0.388981885529871 -0.388981885529871 -0.388981885529871 -0.388981885529871 -0.388981885529871 -0.3712360945700985 -0.388981885529871 -0.388981885529871 -0.388981885529871 -0.3712360945700985 -0.388981885529871 -0.388981885529871 -0.388981885529871 -0.388981885529871 -0.5348836159302237 -0.388981885529871 -0.388981885529871 -0.388981885529871 -0.388981885529871 -0.5130057054969486 -0.5130057054969486 -0.4409318743801913 -0.5086381495609612 -0.388981885529871 -0.4409318743801913 -0.388981885529871 -0.5396883437827837 -0.5404923862430782 -0.388981885529871 -0.48954001098291944 -0.4151822352831601 -0.3215670188526232 -0.35495981383848385 -0.35495981383848385 -0.35495981383848385 -0.3215670188526232 -0.22224561133021567 -0.22567365222699193 -0.39294957829270727 -0.22224561133021567 -0.22567365222699193 -0.3712360945700985 -0.22224561133021567 -0.22567365222699193 -0.35495981383848385 -0.22224561133021567 -0.22567365222699193 -0.22224561133021567 -0.3487863543176913 -0.3487863543176913 -0.22567365222699193 -0.3413116827250128 -0.3437789411737888 -0.3215670188526232 -0.3008597136060934 -0.30356018076237085 -0.20353553184483406 -0.20353553184483406 -0.32127575820291776 -0.3160057818603882 -0.3160057818603882 -0.3160057818603882 -0.3160057818603882 -0.2561103426662814 -0.29129636319302193 -0.22224561133021567 -0.29129636319302193 -0.22567365222699193 -0.2934336346587955 -0.2919174480169343 -0.23626144387808534 -0.26743136365534803 -0.27025962786486346 -0.2561103426662814 -0.23626144387808534 -0.2561103426662814 -0.26346034662391615 -0.26346034662391615 -0.252449948104398 -0.23800081174500878 -0.23800081174500878 -0.2370013856589639 -0.1906430224654926 -0.19048784733284063 -0.18737108117074336 -0.1704541647297793 -0.14309716213307042 -0.09244232792471796 -0.09244232792471796 -0.09244232792471796 -0.09244232792471796 -0.09244232792471796 -0.09244232792471796 -0.09244232792471796 -0.10861209523036916 -0.08188623039719899
-0.388981885529871 -0.388981885529871 -0.40335136551772655 -0.40335136551772655 -0.20353553184483406 -0.4252877687414557 -0.40335136551772655 -0.40335136551772655 -0.40335136551772655 -0.40335136551772655 -0.40335136551772655 -0.40335136551772655 -0.40335136551772655 -0.40335136551772655 -0.40335136551772655 -0.40335136551772655 -0.40335136551772655 -0.3712360945700985 -0.4252877687414557 -0.40335136551772655 -0.40335136551772655 -0.3712360945700985 -0.40335136551772655 -0.40335136551772655 -0.40335136551772655 -0.40335136551772655 -0.388981885529871 -0.40335136551772655 -0.40335136551772655 -0.40335136551772655 -0.40335136551772655 -0.388981885529871 -0.388981885529871 -0.388981885529871 -0.388981885529871 -0.40335136551772655 -0.388981885529871 -0.40335136551772655 -0.388981885529871 -0.388981885529871 -0.5304148374401004 -0.388981885529871 -0.388981885529871 -0.3215670188526232 -0.35495981383848385 -0.35495981383848385 -0.35495981383848385 -0.3215670188526232 -0.22224561133021567 -0.22567365222699193 -0.388981885529871 -0.22224561133021567 -0.22567365222699193 -0.3712360945700985 -0.22224561133021567 -0.22567365222699193 -0.35495981383848385 -0.22224561133021567 -0.22567365222699193 -0.22224561133021567 -0.3487863543176913 -0.3487863543176913 -0.22567365222699193 -0.3413116827250128 -0.3437789411737888 -0.3215670188526232 -0.3008597136060934 -0.30356018076237085 -0.20353553184483406 -0.20353553184483406 -0.32127575820291776 -0.3160057818603882 -0.3160057818603882 -0.3160057818603882 -0.3160057818603882 -0.2561103426662814 -0.29129636319302193 -0.22224561133021567 -0.29129636319302193 -0.22567365222699193 -0.2934336346587955 -0.2919174480169343 -0.23626144387808534 -0.26743136365534803 -0.27025962786486346 -0.2561103426662814 -0.23626144387808534 -0.2561103426662814 -0.26346034662391615 -0.26346034662391615 -0.252449948104398 -0.23800081174500878 -0.23800081174500878 -0.2370013856589639 -0.1906430224654926 -0.19048784733284063 -0.18737108117074336 -0.1704541647297793 -0.14309716213307042 -0.09244232792471796 -0.09244232792471796 -0.09244232792471796 -0.09244232792471796 -0.09244232792471796 -0.09244232792471796 -0.09244232792471796 -0.10861209523036916 -0.08188623039719899
-0.48954001098291944 -0.48954001098291944 -0.388981885529871 -0.388981885529871 -0.20353553184483406 -0.388981885529871 -0.388981885529871 -0.388981885529871 -0.388981885529871 -0.388981885529871 -0.388981885529871 -0.388981885529871 -0.388981885529871 -0.388981885529871 -0.388981885529871 -0.388981885529871 -0.388981885529871 -0.3712360945700985 -0.388981885529871 -0.388981885529871 -0.388981885529871 -0.3712360945700985 -0.388981885529871 -0.388981885529871 -0.388981885529871 -0.388981885529871 -0.48954001098291944 -0.388981885529871 -0.388981885529871 -0.388981885529871 -0.388981885529871 -0.48954001098291944 -0.48954001098291944 -0.4409318743801913 -0.48954001098291944 -0.388981885529871 -0.4409318743801913 -0.388981885529871 -0.48954001098291944 -0.48954001098291944 -0.388981885529871 -0.49959026248002003 -0.4151822352831601 -0.3215670188526232 -0.35495981383848385 -0.35495981383848385 -0.35495981383848385 -0.3215670188526232 -0.22224561133021567 -0.22567365222699193 -0.39294957829270727 -0.22224561133021567 -0.22567365222699193 -0.3712360945700985 -0.22224561133021567 -0.22567365222699193 -0.35495981383848385 -0.22224561133021567 -0.22567365222699193 -0.22224561133021567 -0.3487863543176913 -0.3487863543176913 -0.22567365222699193 -0.3413116827250128 -0.3437789411737888 -0.3215670188526232 -0.3008597136060934 -0.30356018076237085 -0.20353553184483406 -0.20353553184483406 -0.32127575820291776 -0.3160057818603882 -0.3160057818603882 -0.3160057818603882 -0.3160057818603882 -0.2561103426662814 -0.29129636319302193 -0.22224561133021567 -0.29129636319302193 -0.22567365222699193 -0.2934336346587955 -0.2919174480169343 -0.23626144387808534 -0.26743136365534803 -0.27025962786486346 -0.2561103426662814 -0.23626144387808534 -0.2561103426662814 -0.26346034662391615 -0.26346034662391615 -0.252449948104398 -0.23800081174500878 -0.23800081174500878 -0.2370013856589639 -0.1906430224654926 -0.19048784733284063 -0.18737108117074336 -0.1704541647297793 -0.14309716213307042 -0.09244232792471796 -0.09244232792471796 -0.09244232792471796 -0.09244232792471796 -0.09244232792471796 -0.09244232792471796 -0.09244232792471796 -0.10861209523036916 -0.08188623039719899
-0.4151822352831601 -0.4151822352831601 -0.388981885529871 -0.388981885529871 -0.20353553184483406 -0.388981885529871 -0.388981885529871 -0.388981885529871 -0.388981885529871 -0.388981885529871 -0.388981885529871 -0.388981885529871 -0.388981885529871 -0.388981885529871 -0.388981885529871 -0.388981885529871 -0.388981885529871 -0.3712360945700985 -0.388981885529871 -0.388981885529871 -0.388981885529871 -0.3712360945700985 -0.388981885529871 -0.388981885529871 -0.388981885529871 -0.388981885529871 -0.4151822352831601 -0.388981885529871 -0.388981885529871 -0.388981885529871 -0.388981885529871 -0.4151822352831601 -0.4151822352831601 -0.4151822352831601 -0.4151822352831601 -0.388981885529871 -0.4151822352831601 -0.388981885529871 -0.4151822352831601 -0.4151822352831601 -0.388981885529871 -0.4151822352831601 -0.4975699860140356 -0.3215670188526232 -0.35495981383848385 -0.35495981383848385 -0.35495981383848385 -0.3215670188526232 -0.22224561133021567 -0.22567365222699193 -0.39294957829270727 -0.22224561133021567 -0.22567365222699193 -0.3712360945700985 -0.22224561133021567 -0.22567365222699193 -0.35495981383848385 -0.22224561133021567 -0.22567365222699193 -0.22224561133021567 -0.3487863543176913 -0.3487863543176913 -0.22567365222699193 -0.3413116827250128 -0.3437789411737888 -0.3215670188526232 -0.3008597136060934 -0.30356018076237085 -0.20353553184483406 -0.20353553184483406 -0.32127575820291776 -0.3160057818603882 -0.3160057818603882 -0.3160057818603882 -0.3160057818603882 -0.2561103426662814 -0.29129636319302193 -0.22224561133021567 -0.29129636319302193 -0.22567365222699193 -0.2934336346587955 -0.2919174480169343 -0.23626144387808534 -0.26743136365534803 -0.27025962786486346 -0.2561103426662814 -0.23626144387808534 -0.2561103426662814 -0.26346034662391615 -0.26346034662391615 -0.252449948104398 -0.23800081174500878 -0.23800081174500878 -0.2370013856589639 -0.1906430224654926 -0.19048784733284063 -0.18737108117074336 -0.1704541647297793 -0.14309716213307042 -0.09244232792471796 -0.09244232792471796 -0.09244232792471796 -0.09244232792471796 -0.09244232792471796 -0.09244232792471796 -0.09244232792471796 -0.10861209523036916 -0.08188623039719899
-0.3215670188526232 -0.3215670188526232 -0.3215670188526232 -0.3215670188526232 -0.20353553184483406 -0.3215670188526232 -0.3215670188526232 -0.3215670188526232 -0.3215670188526232 -0.3215670188526232 -0.3215670188526232 -0.3215670188526232 -0.3215670188526232 -0.3215670188526232 -0.3215670188526232 -0.3215670188526232 -0.3215670188526232 -0.3215670188526232 -0.3215670188526232 -0.3215670188526232 -0.3215670188526232 -0.3215670188526232 -0.3215670188526232 -0.3215670188526232 -0.3215670188526232 -0.3215670188526232 -0.3215670188526232 -0.3215670188526232 -0.3215670188526232 -0.3215670188526232 -0.3215670188526232 -0.3215670188526232 -0.3215670188526232 -0.3215670188526232 -0.3215670188526232 -0.3215670188526232 -0.3215670188526232 -0.3215670188526232 -0.3215670188526232 -0.3215670188526232 -0.3215670188526232 -0.3215670188526232 -0.3215670188526232 -0.4789464101548548 -0.3215670188526232 -0.3215670188526232 -0.3215670188526232 -0.4488871901101248 -0.22224561133021567 -0.22567365222699193 -0.3215670188526232 -0.22224561133021567 -0.22567365222699193 -0.3215670188526232 -0.22224561133021567 -0.22567365222699193 -0.3215670188526232 -0.22224561133021567 -0.22567365222699193 -0.22224561133021567 -0.3215670188526232 -0.3215670188526232 -0.22567365222699193 -0.3215670188526232 -0.3215670188526232 -0.3216176052441219 -0.3008597136060934 -0.30356018076237085 -0.20353553184483406 -0.20353553184483406 -0.32127575820291776 -0.3160057818603882 -0.3160057818603882 -0.3160057818603882 -0.3160057818603882 -0.2561103426662814 -0.29129636319302193 -0.22224561133021567 -0.29129636319302193 -0.22567365222699193 -0.2934336346587955 -0.2919174480169343 -0.23626144387808534 -0.26743136365534803 -0.27025962786486346 -0.2561103426662814 -0.23626144387808534 -0.2561103426662814 -0.26346034662391615 -0.26346034662391615 -0.252449948104398 -0.23800081174500878 -0.23800081174500878 -0.2370013856589639 -0.1906430224654926 -0.19048784733284063 -0.18737108117074336 -0.1704541647297793 -0.14309716213307042 -0.09244232792471796 -0.09244232792471796 -0.09244232792471796 -0.09244232792471796 -0.09244232792471796 -0.09244232792471796 -0.09244232792471796 -0.10861209523036916 -0.08188623039719899
-0.35495981383848385 -0.35495981383848385 -0.35495981383848385 -0.35495981383848385 -0.20353553184483406 -0.35495981383848385 -0.35495981383848385 -0.35495981383848385 -0.35495981383848385 -0.35495981383848385 -0.35495981383848385 -0.35495981383848385 -0.35495981383848385 -0.35495981383848385 -0.35495981383848385 -0.35495981383848385 -0.35495981383848385 -0.35495981383848385 -0.35495981383848385 -0.35495981383848385 -0.35495981383848385 -0.35495981383848385 -0.35495981383848385 -0.35495981383848385 -0.35495981383848385 -0.35495981383848385 -0.35495981383848385 -0.35495981383848385 -0.35495981383848385 -0.35495981383848385 -0.35495981383848385 -0.35495981383848385 -0.35495981383848385 -0.35495981383848385 -0.35495981383848385 -0.35495981383848385 -0.35495981383848385 -0.35495981383848385 -0.35495981383848385 -0.35495981383848385 -0.35495981383848385 -0.35495981383848385 -0.35495981383848385 -0.3215670188526232 -0.47420561599591216 -0.4649907918931776 -0.4641669953281766 -0.3215670188526232 -0.22224561133021567 -0.22567365222699193 -0.35495981383848385 -0.22224561133021567 -0.22567365222699193 -0.35495981383848385 -0.22224561133021567 -0.22567365222699193 -0.3602113824129481 -0.22224561133021567 -0.22567365222699193 -0.22224561133021567 -0.3487863543176913 -0.3487863543176913 -0.22567365222699193 -0.3413116827250128 -0.3437789411737888 -0.3215670188526232 -0.3008597136060934 -0.30356018076237085 -0.20353553184483406 -0.20353553184483406 -0.32127575820291776 -0.3160057818603882 -0.3160057818603882 -0.3160057818603882 -0.3160057818603882 -0.2561103426662814 -0.29129636319302193 -0.22224561133021567 -0.29129636319302193 -0.22567365222699193 -0.2934336346587955 -0.2919174480169343 -0.23626144387808534 -0.26743136365534803 -0.27025962786486346 -0.2561103426662814 -0.23626144387808534 -0.2561103426662814 -0.26346034662391615 -0.26346034662391615 -0.252449948104398 -0.23800081174500878 -0.23800081174500878 -0.2370013856589639 -0.1906430224654926 -0.19048784733284063 -0.18737108117074336 -0.1704541647297793 -0.14309716213307042 -0.09244232792471796 -0.09244232792471796 -0.09244232792471796 -0.09244232792471796 -0.09244232792471796 -0.09244232792471796 -0.09244232792471796 -0.10861209523036916 -0.08188623039719899
-0.35495981383848385 -0.35495981383848385 -0.35495981383848385 -0.35495981383848385 -0.20353553184483406 -0.35495981383848385 -0.35495981383848385 -0.35495981383848385 -0.35495981383848385 -0.35495981383848385 -0.35495981383848385 -0.35495981383848385 -0.35495981383848385 -0.35495981383848385 -0.35495981383848385 -0.35495981383848385 -0.35495981383848385 -0.35495981383848385 -0.35495981383848385 -0.35495981383848385 -0.35495981383848385 -0.35495981383848385 -0.35495981383848385 -0.35495981383848385 -0.35495981383848385 -0.35495981383848385 -0.35495981383848385 -0.35495981383848385 -0.35495981383848385 -0.35495981383848385 -0.35495981383848385 -0.35495981383848385 -0.35495981383848385 -0.35495981383848385 -0.35495981383848385 -0.35495981383848385 -0.35495981383848385 -0.35495981383848385 -0.35495981383848385 -0.35495981383848385 -0.35495981383848385 -0.35495981383848385 -0.35495981383848385 -0.3215670188526232 -0.4649907918931776 -0.46661444437573746 -0.4641669953281766 -0.3215670188526232 -0.22224561133021567 -0.22567365222699193 -0.35495981383848385 -0.22224561133021567 -0.22567365222699193 -0.35495981383848385 -0.22224561133021567 -0.22567365222699193 -0.3602113824129481 -0.22224561133021567 -0.22567365222699193 -0.22224561133021567 -0.3487863543176913 -0.3487863543176913 -0.22567365222699193 -0.3413116827250128 -0.3437789411737888 -0.3215670188526232 -0.3008597136060934 -0.30356018076237085 -0.20353553184483406 -0.20353553184483406 -0.32127575820291776 -0.3160057818603882 -0.3160057818603882 -0.3160057818603882 -0.3160057818603882 -0.2561103426662814 -0.29129636319302193 -0.22224561133021567 -0.29129636319302193 -0.22567365222699193 -0.2934336346587955 -0.2919174480169343 -0.23626144387808534 -0.26743136365534803 -0.27025962786486346 -0.2561103426662814 -0.23626144387808534 -0.2561103426662814 -0.26346034662391615 -0.26346034662391615 -0.252449948104398 -0.23800081174500878 -0.23800081174500878 -0.2370013856589639 -0.1906430224654926 -0.19048784733284063 -0.18737108117074336 -0.1704541647297793 -0.14309716213307042 -0.09244232792471796 -0.09244232792471796 -0.09244232792471796 -0.09244232792471796 -0.09244232792471796 -0.09244232792471796 -0.09244232792471796 -0.10861209523036916 -0.08188623039719899
-0.35495981383848385 -0.35495981383848385 -0.35495981383848385 -0.35495981383848385 -0.20353553184483406 -0.35495981383848385 -0.35495981383848385 -0.35495981383848385 -0.35495981383848385 -0.35495981383848385 -0.35495981383848385 -0.35495981383848385 -0.35495981383848385 -0.35495981383848385 -0.35495981383848385 -0.35495981383848385 -0.35495981383848385 -0.35495981383848385 -0.35495981383848385 -0.35495981383848385 -0.35495981383848385 -0.35495981383848385 -0.35495981383848385 -0.35495981383848385 -0.35495981383848385 -0.35495981383848385 -0.35495981383848385 -0.35495981383848385 -0.35495981383848385 -0.35495981383848385 -0.35495981383848385 -0.35495981383848385 -0.35495981383848385 -0.35495981383848385 -0.35495981383848385 -0.35495981383848385 -0.35495981383848385 -0.35495981383848385 -0.35495981383848385 -0.35495981383848385 -0.35495981383848385 -0.35495981383848385 -0.35495981383848385 -0.3215670188526232 -0.4641669953281766 -0.4641669953281766 -0.46467865966689964 -0.3215670188526232 -0.22224561133021567 -0.22567365222699193 -0.35495981383848385 -0.22224561133021567 -0.22567365222699193 -0.35495981383848385 -0.22224561133021567 -0.22567365222699193 -0.3602113824129481 -0.22224561133021567 -0.22567365222699193 -0.22224561133021567 -0.3487863543176913 -0.3487863543176913 -0.22567365222699193 -0.3413116827250128 -0.3437789411737888 -0.3215670188526232 -0.3008597136060934 -0.30356018076237085 -0.20353553184483406 -0.20353553184483406 -0.32127575820291776 -0.3160057818603882 -0.3160057818603882 -0.3160057818603882 -0.3160057818603882 -0.2561103426662814 -0.29129636319302193 -0.22224561133021567 -0.29129636319302193 -0.22567365222699193 -0.2934336346587955 -0.2919174480169343 -0.23626144387808534 -0.26743136365534803 -0.27025962786486346 -0.2561103426662814 -0.23626144387808534 -0.2561103426662814 -0.26346034662391615 -0.26346034662391615 -0.252449948104398 -0.23800081174500878 -0.23800081174500878 -0.2370013856589639 -0.1906430224654926 -0.19048784733284063 -0.18737108117074336 -0.1704541647297793 -0.14309716213307042 -0.09244232792471796 -0.09244232792471796 -0.09244232792471796 -0.09244232792471796 -0.09244232792471796 -0.09244232792471796 -0.09244232792471796 -0.10861209523036916 -0.08188623039719899
-0.3215670188526232 -0.3215670188526232 -0.3215670188526232 -0.3215670188526232 -0.20353553184483406 -0.3215670188526232 -0.3215670188526232 -0.3215670188526232 -0.3215670188526232 -0.3215670188526232 -0.3215670188526232 -0.3215670188526232 -0.3215670188526232 -0.3215670188526232 -0.3215670188526232 -0.3215670188526232 -0.3215670188526232 -0.3215670188526232 -0.3215670188526232 -0.3215670188526232 -0.3215670188526232 -0.3215670188526232 -0.3215670188526232 -0.3215670188526232 -0.3215670188526232 -0.3215670188526232 -0.3215670188526232 -0.3215670188526232 -0.3215670188526232 -0.3215670188526232 -0.3215670188526232 -0.3215670188526232 -0.3215670188526232 -0.3215670188526232 -0.3215670188526232 -0.3215670188526232 -0.3215670188526232 -0.3215670188526232 -0.3215670188526232 -0.3215670188526232 -0.3215670188526232 -0.3215670188526232 -0.3215670188526232 -0.4488871901101248 -0.3215670188526232 -0.3215670188526232 -0.3215670188526232 -0.4581471143119943 -0.22224561133021567 -0.22567365222699193 -0.3215670188526232 -0.22224561133021567 -0.22567365222699193 -0.3215670188526232 -0.22224561133021567 -0.22567365222699193 -0.3215670188526232 -0.22224561133021567 -0.22567365222699193 -0.22224561133021567 -0.3215670188526232 -0.3215670188526232 -0.22567365222699193 -0.3215670188526232 -0.3215670188526232 -0.3216176052441219 -0.3008597136060934 -0.30356018076237085 -0.20353553184483406 -0.20353553184483406 -0.32127575820291776 -0.3160057818603882 -0.3160057818603882 -0.3160057818603882 -0.3160057818603882 -0.2561103426662814 -0.29129636319302193 -0.22224561133021567 -0.29129636319302193 -0.22567365222699193 -0.2934336346587955 -0.2919174480169343 -0.23626144387808534 -0.26743136365534803 -0.27025962786486346 -0.2561103426662814 -0.23626144387808534 -0.2561103426662814 -0.26346034662391615 -0.26346034662391615 -0.252449948104398 -0.23800081174500878 -0.23800081174500878 -0.2370013856589639 -0.1906430224654926 -0.19048784733284063 -0.18737108117074336 -0.1704541647297793 -0.14309716213307042 -0.09244232792471796 -0.09244232792471796 -0.09244232792471796 -0.09244232792471796 -0.09244232792471796 -0.09244232792471796 -0.09244232792471796 -0.10861209523036916 -0.08188623039719899
-0.22224561133021567 -0.22224561133021567 -0.22224561133021567 -0.22224561133021567 -0.20353553184483406 -0.22224561133021567 -0.22224561133021567 -0.22224561133021567 -0.22224561133021567 -0.22224561133021567 -0.22224561133021567 -0.22224561133021567 -0.22224561133021567 -0.22224561133021567 -0.22224561133021567 -0.22224561133021567 -0.22224561133021567 -0.22224561133021567 -0.22224561133021567 -0.22224561133021567 -0.22224561133021567 -0.22224561133021567 -0.22224561133021567 -0.22224561133021567 -0.22224561133021567 -0.22224561133021567 -0.22224561133021567 -0.22224561133021567 -0.22224561133021567 -0.22224561133021567 -0.22224561133021567 -0.22224561133021567 -0.22224561133021567 -0.22224561133021567 -0.22224561133021567 -0.22224561133021567 -0.22224561133021567 -0.22224561133021567 -0.22224561133021567 -0.22224561133021567 -0.22224561133021567 -0.22224561133021567 -0.22224561133021567 -0.22224561133021567 -0.22224561133021567 -0.22224561133021567 -0.22224561133021567 -0.22224561133021567 -0.3954104580114922 -0.22224561133021567 -0.22224561133021567 -0.2953357119078002 -0.22224561133021567 -0.22224561133021567 -0.2953357119078002 -0.22224561133021567 -0.22224561133021567 -0.3611718041771359 -0.22224561133021567 -0.2953357119078002 -0.22224561133021567 -0.22224561133021567 -0.22224561133021567 -0.22224561133021567 -0.22224561133021567 -0.22224561133021567 -0.22224561133021567 -0.22224561133021567 -0.20353553184483406 -0.20353553184483406 -0.22224561133021567 -0.22224561133021567 -0.22224561133021567 -0.22224561133021567 -0.22224561133021567 -0.22224561133021567 -0.22224561133021567 -0.2953357119078002 -0.22224561133021567 -0.22224561133021567 -0.22224561133021567 -0.22224561133021567 -0.22224561133021567 -0.22224561133021567 -0.22224561133021567 -0.22224561133021567 -0.22224561133021567 -0.22224561133021567 -0.22224561133021567 -0.22224561133021567 -0.22224561133021567 -0.22224561133021567 -0.22224561133021567 -0.22224561133021567 -0.1906430224654926 -0.19048784733284063 -0.18737108117074336 -0.1704541647297793 -0.14309716213307042 -0.09244232792471796 -0.09244232792471796 -0.09244232792471796 -0.09244232792471796 -0.09244232792471796 -0.09244232792471796 -0.09244232792471796 -0.10861209523036916 -0.08188623039719899
-0.22567365222699193 -0.22567365222699193 -0.22567365222699193 -0.22567365222699193 -0.20353553184483406 -0.22567365222699193 -0.22567365222699193 -0.22567365222699193 -0.22567365222699193 -0.22567365222699193 -0.22567365222699193 -0.22567365222699193 -0.22567365222699193 -0.22567365222699193 -0.22567365222699193 -0.22567365222699193 -0.22567365222699193 -0.22567365222699193 -0.22567365222699193 -0.22567365222699193 -0.22567365222699193 -0.22567365222699193 -0.22567365222699193 -0.22567365222699193 -0.22567365222699193 -0.22567365222699193 -0.22567365222699193 -0.22567365222699193 -0.22567365222699193 -0.22567365222699193 -0.22567365222699193 -0.22567365222699193 -0.22567365222699193 -0.22567365222699193 -0.22567365222699193 -0.22567365222699193 -0.22567365222699193 -0.22567365222699193 -0.22567365222699193 -0.22567365222699193 -0.22567365222699193 -0.22567365222699193 -0.22567365222699193 -0.22567365222699193 -0.22567365222699193 -0.22567365222699193 -0.22567365222699193 -0.22567365222699193 -0.22224561133021567 -0.3941100065566859 -0.22567365222699193 -0.22224561133021567 -0.33662836731829526 -0.22567365222699193 -0.22224561133021567 -0.3145964408481509 -0.22567365222699193 -0.22224561133021567 -0.30707465778356574 -0.22224561133021567 -0.22567365222699193 -0.22567365222699193 -0.3145964408481509 -0.22567365222699193 -0.22567365222699193 -0.22567365222699193 -0.22567365222699193 -0.22567365222699193 -0.20353553184483406 -0.20353553184483406 -0.22567365222699193 -0.22567365222699193 -0.22567365222699193 -0.22567365222699193 -0.22567365222699193 -0.22567365222699193 -0.22567365222699193 -0.22224561133021567 -0.22567365222699193 -0.2650889036203608 -0.22567365222699193 -0.22567365222699193 -0.22567365222699193 -0.22567365222699193 -0.22567365222699193 -0.22567365222699193 -0.22567365222699193 -0.22567365222699193 -0.22567365222699193 -0.22567365222699193 -0.22567365222699193 -0.22567365222699193 -0.22567365222699193 -0.22567365222699193 -0.1906430224654926 -0.19048784733284063 -0.18737108117074336 -0.1704541647297793 -0.14309716213307042 -0.09244232792471796 -0.09244232792471796 -0.09244232792471796 -0.09244232792471796 -0.09244232792471796 -0.09244232792471796 -0.09244232792471796 -0.10861209523036916 -0.08188623039719899
-0.39294957829270727 -0.39294957829270727 -0.388981885529871 -0.388981885529871 -0.20353553184483406 -0.388981885529871 -0.388981885529871 -0.388981885529871 -0.388981885529871 -0.388981885529871 -0.388981885529871 -0.388981885529871 -0.388981885529871 -0.388981885529871 -0.388981885529871 -0.388981885529871 -0.388981885529871 -0.3712360945700985 -0.388981885529871 -0.388981885529871 -0.388981885529871 -0.3712360945700985 -0.388981885529871 -0.388981885529871 -0.388981885529871 -0.388981885529871 -0.39294957829270727 -0.388981885529871 -0.388981885529871 -0.388981885529871 -0.388981885529871 -0.39294957829270727 -0.39294957829270727 -0.39294957829270727 -0.39294957829270727 -0.388981885529871 -0.39294957829270727 -0.388981885529871 -0.39294957829270727 -0.39294957829270727 -0.388981885529871 -0.39294957829270727 -0.39294957829270727 -0.3215670188526232 -0.35495981383848385 -0.35495981383848385 -0.35495981383848385 -0.3215670188526232 -0.22224561133021567 -0.22567365222699193 -0.39380565592943856 -0.22224561133021567 -0.22567365222699193 -0.3712360945700985 -0.22224561133021567 -0.22567365222699193 -0.35495981383848385 -0.22224561133021567 -0.22567365222699193 -0.22224561133021567 -0.3487863543176913 -0.3487863543176913 -0.22567365222699193 -0.3413116827250128 -0.3437789411737888 -0.3215670188526232 -0.3008597136060934 -0.30356018076237085 -0.20353553184483406 -0.20353553184483406 -0.32127575820291776 -0.3160057818603882 -0.3160057818603882 -0.3160057818603882 -0.3160057818603882 -0.2561103426662814 -0.29129636319302193 -0.22224561133021567 -0.29129636319302193 -0.22567365222699193 -0.2934336346587955 -0.2919174480169343 -0.23626144387808534 -0.26743136365534803 -0.27025962786486346 -0.2561103426662814 -0.23626144387808534 -0.2561103426662814 -0.26346034662391615 -0.26346034662391615 -0.252449948104398 -0.23800081174500878 -0.23800081174500878 -0.2370013856589639 -0.1906430224654926 -0.19048784733284063 -0.18737108117074336 -0.1704541647297793 -0.14309716213307042 -0.09244232792471796 -0.09244232792471796 -0.09244232792471796 -0.09244232792471796 -0.09244232792471796 -0.09244232792471796 -0.09244232792471796 -0.10861209523036916 -0.08188623039719899
-0.22224561133021567 -0.22224561133021567 -0.22224561133021567 -0.22224561133021567 -0.20353553184483406 -0.22224561133021567 -0.22224561133021567 -0.22224561133021567 -0.22224561133021567 -0.22224561133021567 -0.22224561133021567 -0.22224561133021567 -0.22224561133021567 -0.22224561133021567 -0.22224561133021567 -0.22224561133021567 -0.22224561133021567 -0.22224561133021567 -0.22224561133021567 -0.22224561133021567 -0.22224561133021567 -0.22224561133021567 -0.22224561133021567 -0.22224561133021567 -0.22224561133021567 -0.22224561133021567 -0.22224561133021567 -0.22224561133021567 -0.22224561133021567 -0.22224561133021567 -0.22224561133021567 -0.22224561133021567 -0.22224561133021567 -0.22224561133021567 -0.22224561133021567 -0.22224561133021567 -0.22224561133021567 -0.22224561133021567 -0.22224561133021567 -0.22224561133021567 -0.22224561133021567 -0.22224561133021567 -0.22224561133021567 -0.22224561133021567 -0.22224561133021567 -0.22224561133021567 -0.22224561133021567 -0.22224561133021567 -0.2953357119078002 -0.22224561133021567 -0.22224561133021567 -0.39348940910742414 -0.22224561133021567 -0.22224561133021567 -0.37217450694645626 -0.22224561133021567 -0.22224561133021567 -0.2953357119078002 -0.22224561133021567 -0.3147615050045478 -0.22224561133021567 -0.22224561133021567 -0.22224561133021567 -0.22224561133021567 -0.22224561133021567 -0.22224561133021567 -0.22224561133021567 -0.22224561133021567 -0.20353553184483406 -0.20353553184483406 -0.22224561133021567 -0.22224561133021567 -0.22224561133021567 -0.22224561133021567 -0.22224561133021567 -0.22224561133021567 -0.22224561133021567 -0.3004950961715644 -0.22224561133021567 -0.22224561133021567 -0.22224561133021567 -0.22224561133021567 -0.22224561133021567 -0.22224561133021567 -0.22224561133021567 -0.22224561133021567 -0.22224561133021567 -0.22224561133021567 -0.22224561133021567 -0.22224561133021567 -0.22224561133021567 -0.22224561133021567 -0.22224561133021567 -0.22224561133021567 -0.1906430224654926 -0.19048784733284063 -0.18737108117074336 -0.1704541647297793 -0.14309716213307042 -0.09244232792471796 -0.09244232792471796 -0.09244232792471796 -0.09244232792471796 -0.09244232792471796 -0.09244232792471796 -0.09244232792471796 -0.10861209523036916 -0.08188623039719899
-0.22567365222699193 -0.22567365222699193 -0.22567365222699193 -0.22567365222699193 -0.20353553184483406 -0.22567365222699193 -0.22567365222699193 -0.22567365222699193 -0.22567365222699193 -0.22567365222699193 -0.22567365222699193 -0.22567365222699193 -0.22567365222699193 -0.22567365222699193 -0.22567365222699193 -0.22567365222699193 -0.22567365222699193 -0.22567365222699193 -0.22567365222699193 -0.22567365222699193 -0.22567365222699193 -0.22567365222699193 -0.22567365222699193 -0.22567365222699193 -0.22567365222699193 -0.22567365222699193 -0.22567365222699193 -0.22567365222699193 -0.22567365222699193 -0.22567365222699193 -0.22567365222699193 -0.22567365222699193 -0.22567365222699193 -0.22567365222699193 -0.22567365222699193 -0.22567365222699193 -0.22567365222699193 -0.22567365222699193 -0.22567365222699193 -0.22567365222699193 -0.22567365222699193 -0.22567365222699193 -0.22567365222699193 -0.22567365222699193 -0.22567365222699193 -0.22567365222699193 -0.22567365222699193 -0.22567365222699193 -0.22224561133021567 -0.33662836731829526 -0.22567365222699193 -0.22224561133021567 -0.39164129134097153 -0.22567365222699193 -0.22224561133021567 -0.3145964408481509 -0.22567365222699193 -0.22224561133021567 -0.30707465778356574 -0.22224561133021567 -0.22567365222699193 -0.22567365222699193 -0.3145964408481509 -0.22567365222699193 -0.22567365222699193 -0.22567365222699193 -0.22567365222699193 -0.22567365222699193 -0.20353553184483406 -0.20353553184483406 -0.22567365222699193 -0.22567365222699193 -0.22567365222699193 -0.22567365222699193 -0.22567365222699193 -0.22567365222699193 -0.22567365222699193 -0.22224561133021567 -0.22567365222699193 -0.2650889036203608 -0.22567365222699193 -0.22567365222699193 -0.22567365222699193 -0.22567365222699193 -0.22567365222699193 -0.22567365222699193 -0.22567365222699193 -0.22567365222699193 -0.22567365222699193 -0.22567365222699193 -0.22567365222699193 -0.22567365222699193 -0.22567365222699193 -0.22567365222699193 -0.1906430224654926 -0.19048784733284063 -0.18737108117074336 -0.1704541647297793 -0.14309716213307042 -0.09244232792471796 -0.09244232792471796 -0.09244232792471796 -0.09244232792471796 -0.09244232792471796 -0.09244232792471796 -0.09244232792471796 -0.10861209523036916 -0.08188623039719899
-0.3712360945700985 -0.3712360945700985 -0.3712360945700985 -0.3712360945700985 -0.20353553184483406 -0.3712360945700985 -0.3712360945700985 -0.3712360945700985 -0.3712360945700985 -0.3712360945700985 -0.3712360945700985 -0.3712360945700985 -0.3712360945700985 -0.3712360945700985 -0.3712360945700985 -0.3712360945700985 -0.3712360945700985 -0.3867259447093159 -0.3712360945700985 -0.3712360945700985 -0.3712360945700985 -0.3867259447093159 -0.3712360945700985 -0.3712360945700985 -0.3712360945700985 -0.3712360945700985 -0.3712360945700985 -0.3712360945700985 -0.3712360945700985 -0.3712360945700985 -0.3712360945700985 -0.3712360945700985 -0.3712360945700985 -0.3712360945700985 -0.3712360945700985 -0.3712360945700985 -0.3712360945700985 -0.3712360945700985 -0.3712360945700985 -0.3712360945700985 -0.3712360945700985 -0.3712360945700985 -0.3712360945700985 -0.3215670188526232 -0.35495981383848385 -0.35495981383848385 -0.35495981383848385 -0.3215670188526232 -0.22224561133021567 -0.22567365222699193 -0.3712360945700985 -0.22224561133021567 -0.22567365222699193 -0.3903038323164659 -0.22224561133021567 -0.22567365222699193 -0.35495981383848385 -0.22224561133021567 -0.22567365222699193 -0.22224561133021567 -0.3487863543176913 -0.3487863543176913 -0.22567365222699193 -0.3413116827250128 -0.3437789411737888 -0.3215670188526232 -0.3008597136060934 -0.30356018076237085 -0.20353553184483406 -0.20353553184483406 -0.32127575820291776 -0.3160057818603882 -0.3160057818603882 -0.3160057818603882 -0.3160057818603882 -0.2561103426662814 -0.29129636319302193 -0.22224561133021567 -0.29129636319302193 -0.22567365222699193 -0.2934336346587955 -0.2919174480169343 -0.23626144387808534 -0.26743136365534803 -0.27025962786486346 -0.2561103426662814 -0.23626144387808534 -0.2561103426662814 -0.26346034662391615 -0.26346034662391615 -0.252449948104398 -0.23800081174500878 -0.23800081174500878 -0.2370013856589639 -0.1906430224654926 -0.19048784733284063 -0.18737108117074336 -0.1704541647297793 -0.14309716213307042 -0.09244232792471796 -0.09244232792471796 -0.09244232792471796 -0.09244232792471796 -0.09244232792471796 -0.09244232792471796 -0.09244232792471796 -0.10861209523036916 -0.08188623039719899
-0.22224561133021567 -0.22224561133021567 -0.22224561133021567 -0.22224561133021567 -0.20353553184483406 -0.22224561133021567 -0.22224561133021567 -0.22224561133021567 -0.22224561133021567 -0.22224561133021567 -0.22224561133021567 -0.22224561133021567 -0.22224561133021567 -0.22224561133021567 -0.22224561133021567 -0.22224561133021567 -0.22224561133021567 -0.22224561133021567 -0.22224561133021567 -0.22224561133021567 -0.22224561133021567 -0.22224561133021567 -0.22224561133021567 -0.22224561133021567 -0.22224561133021567 -0.22224561133021567 -0.22224561133021567 -0.22224561133021567 -0.22224561133021567 -0.22224561133021567 -0.22224561133021567 -0.22224561133021567 -0.22224561133021567 -0.22224561133021567 -0.22224561133021567 -0.22224561133021567 -0.22224561133021567 -0.22224561133021567 -0.22224561133021567 -0.22224561133021567 -0.22224561133021567 -0.22224561133021567 -0.22224561133021567 -0.22224561133021567 -0.22224561133021567 -0.22224561133021567 -0.22224561133021567 -0.22224561133021567 -0.2953357119078002 -0.22224561133021567 -0.22224561133021567 -0.37217450694645626 -0.22224561133021567 -0.22224561133021567 -0.3881630630369936 -0.22224561133021567 -0.22224561133021567 -0.2953357119078002 -0.22224561133021567 -0.3147615050045478 -0.22224561133021567 -0.22224561133021567 -0.22224561133021567 -0.22224561133021567 -0.22224561133021567 -0.22224561133021567 -0.22224561133021567 -0.22224561133021567 -0.20353553184483406 -0.20353553184483406 -0.22224561133021567 -0.22224561133021567 -0.22224561133021567 -0.22224561133021567 -0.22224561133021567 -0.22224561133021567 -0.22224561133021567 -0.3004950961715644 -0.22224561133021567 -0.22224561133021567 -0.22224561133021567 -0.22224561133021567 -0.22224561133021567 -0.22224561133021567 -0.22224561133021567 -0.22224561133021567 -0.22224561133021567 -0.22224561133021567 -0.22224561133021567 -0.22224561133021567 -0.22224561133021567 -0.22224561133021567 -0.22224561133021567 -0.22224561133021567 -0.1906430224654926 -0.19048784733284063 -0.18737108117074336 -0.1704541647297793 -0.14309716213307042 -0.09244232792471796 -0.09244232792471796 -0.09244232792471796 -0.09244232792471796 -0.09244232792471796 -0.09244232792471796 -0.09244232792471796 -0.10861209523036916 -0.08188623039719899
-0.22567365222699193 -0.22567365222699193 -0.22567365222699193 -0.22567365222699193 -0.20353553184483406 -0.22567365222699193 -0.22567365222699193 -0.22567365222699193 -0.22567365222699193 -0.22567365222699193 -0.22567365222699193 -0.22567365222699193 -0.22567365222699193 -0.22567365222699193 -0.22567365222699193 -0.22567365222699193 -0.22567365222699193 -0.22567365222699193 -0.22567365222699193 -0.22567365222699193 -0.22567365222699193 -0.22567365222699193 -0.22567365222699193 -0.22567365222699193 -0.22567365222699193 -0.22567365222699193 -0.22567365222699193 -0.22567365222699193 -0.22567365222699193 -0.22567365222699193 -0.22567365222699193 -0.22567365222699193 -0.22567365222699193 -0.22567365222699193 -0.22567365222699193 -0.22567365222699193 -0.22567365222699193 -0.22567365222699193 -0.22567365222699193 -0.22567365222699193 -0.22567365222699193 -0.22567365222699193 -0.22567365222699193 -0.22567365222699193 -0.22567365222699193 -0.22567365222699193 -0.22567365222699193 -0.22567365222699193 -0.22224561133021567 -0.3145964408481509 -0.22567365222699193 -0.22224561133021567 -0.3145964408481509 -0.22567365222699193 -0.22224561133021567 -0.3858380311441473 -0.22567365222699193 -0.22224561133021567 -0.30707465778356574 -0.22224561133021567 -0.22567365222699193 -0.22567365222699193 -0.34131655709100195 -0.22567365222699193 -0.22567365222699193 -0.22567365222699193 -0.22567365222699193 -0.22567365222699193 -0.20353553184483406 -0.20353553184483406 -0.22567365222699193 -0.22567365222699193 -0.22567365222699193 -0.22567365222699193 -0.22567365222699193 -0.22567365222699193 -0.22567365222699193 -0.22224561133021567 -0.22567365222699193 -0.2650889036203608 -0.22567365222699193 -0.22567365222699193 -0.22567365222699193 -0.22567365222699193 -0.22567365222699193 -0.22567365222699193 -0.22567365222699193 -0.22567365222699193 -0.22567365222699193 -0.22567365222699193 -0.22567365222699193 -0.22567365222699193 -0.22567365222699193 -0.22567365222699193 -0.1906430224654926 -0.19048784733284063 -0.18737108117074336 -0.1704541647297793 -0.14309716213307042 -0.09244232792471796 -0.09244232792471796 -0.09244232792471796 -0.09244232792471796 -0.09244232792471796 -0.09244232792471796 -0.09244232792471796 -0.10861209523036916 -0.08188623039719899
-0.35495981383848385 -0.35495981383848385 -0.35495981383848385 -0.35495981383848385 -0.20353553184483406 -0.35495981383848385 -0.35495981383848385 -0.35495981383848385 -0.35495981383848385 -0.35495981383848385 -0.35495981383848385 -0.35495981383848385 -0.35495981383848385 -0.35495981383848385 -0.35495981383848385 -0.35495981383848385 -0.35495981383848385 -0.35495981383848385 -0.35495981383848385 -0.35495981383848385 -0.35495981383848385 -0.35495981383848385 -0.35495981383848385 -0.35495981383848385 -0.35495981383848385 -0.35495981383848385 -0.35495981383848385 -0.35495981383848385 -0.35495981383848385 -0.35495981383848385 -0.35495981383848385 -0.35495981383848385 -0.35495981383848385 -0.35495981383848385 -0.35495981383848385 -0.35495981383848385 -0.35495981383848385 -0.35495981383848385 -0.35495981383848385 -0.35495981383848385 -0.35495981383848385 -0.35495981383848385 -0.35495981383848385 -0.3215670188526232 -0.3602113824129481 -0.3602113824129481 -0.3602113824129481 -0.3215670188526232 -0.22224561133021567 -0.22567365222699193 -0.35495981383848385 -0.22224561133021567 -0.22567365222699193 -0.35495981383848385 -0.22224561133021567 -0.22567365222699193 -0.37485337995580215 -0.22224561133021567 -0.22567365222699193 -0.22224561133021567 -0.3487863543176913 -0.3487863543176913 -0.22567365222699193 -0.3413116827250128 -0.3437789411737888 -0.3215670188526232 -0.3008597136060934 -0.30356018076237085 -0.20353553184483406 -0.20353553184483406 -0.32127575820291776 -0.3160057818603882 -0.3160057818603882 -0.3160057818603882 -0.3160057818603882 -0.2561103426662814 -0.29129636319302193 -0.22224561133021567 -0.29129636319302193 -0.22567365222699193 -0.2934336346587955 -0.2919174480169343 -0.23626144387808534 -0.26743136365534803 -0.27025962786486346 -0.2561103426662814 -0.23626144387808534 -0.2561103426662814 -0.26346034662391615 -0.26346034662391615 -0.252449948104398 -0.23800081174500878 -0.23800081174500878 -0.2370013856589639 -0.1906430224654926 -0.19048784733284063 -0.18737108117074336 -0.1704541647297793 -0.14309716213307042 -0.09244232792471796 -0.09244232792471796 -0.09244232792471796 -0.09244232792471796 -0.09244232792471796 -0.09244232792471796 -0.09244232792471796 -0.10861209523036916 -0.08188623039719899
-0.22224561133021567 -0.22224561133021567 -0.22224561133021567 -0.22224561133021567 -0.20353553184483406 -0.22224561133021567 -0.22224561133021567 -0.22224561133021567 -0.22224561133021567 -0.22224561133021567 -0.22224561133021567 -0.22224561133021567 -0.22224561133021567 -0.22224561133021567 -0.22224561133021567 -0.22224561133021567 -0.22224561133021567 -0.22224561133021567 -0.22224561133021567 -0.22224561133021567 -0.22224561133021567 -0.22224561133021567 -0.22224561133021567 -0.22224561133021567 -0.22224561133021567 -0.22224561133021567 -0.22224561133021567 -0.22224561133021567 -0.22224561133021567 -0.22224561133021567 -0.22224561133021567 -0.22224561133021567 -0.22224561133021567 -0.22224561133021567 -0.22224561133021567 -0.22224561133021567 -0.22224561133021567 -0.22224561133021567 -0.22224561133021567 -0.22224561133021567 -0.22224561133021567 -0.22224561133021567 -0.22224561133021567 -0.22224561133021567 -0.22224561133021567 -0.22224561133021567 -0.22224561133021567 -0.22224561133021567 -0.3611718041771359 -0.22224561133021567 -0.22224561133021567 -0.2953357119078002 -0.22224561133021567 -0.22224561133021567 -0.2953357119078002 -0.22224561133021567 -0.22224561133021567 -0.36484408899453435 -0.22224561133021567 -0.2953357119078002 -0.22224561133021567 -0.22224561133021567 -0.22224561133021567 -0.22224561133021567 -0.22224561133021567 -0.22224561133021567 -0.22224561133021567 -0.22224561133021567 -0.20353553184483406 -0.20353553184483406 -0.22224561133021567 -0.22224561133021567 -0.22224561133021567 -0.22224561133021567 -0.22224561133021567 -0.22224561133021567 -0.22224561133021567 -0.2953357119078002 -0.22224561133021567 -0.22224561133021567 -0.22224561133021567 -0.22224561133021567 -0.22224561133021567 -0.22224561133021567 -0.22224561133021567 -0.22224561133021567 -0.22224561133021567 -0.22224561133021567 -0.22224561133021567 -0.22224561133021567 -0.22224561133021567 -0.22224561133021567 -0.22224561133021567 -0.22224561133021567 -0.1906430224654926 -0.19048784733284063 -0.18737108117074336 -0.1704541647297793 -0.14309716213307042 -0.09244232792471796 -0.09244232792471796 -0.09244232792471796 -0.09244232792471796 -0.09244232792471796 -0.09244232792471796 -0.09244232792471796 -0.10861209523036916 -0.08188623039719899
-0.22567365222699193 -0.22567365222699193 -0.22567365222699193 -0.22567365222699193 -0.20353553184483406 -0.22567365222699193 -0.22567365222699193 -0.22567365222699193 -0.22567365222699193 -0.22567365222699193 -0.22567365222699193 -0.22567365222699193 -0.22567365222699193 -0.22567365222699193 -0.22567365222699193 -0.22567365222699193 -0.22567365222699193 -0.22567365222699193 -0.22567365222699193 -0.22567365222699193 -0.22567365222699193 -0.22567365222699193 -0.22567365222699193 -0.22567365222699193 -0.22567365222699193 -0.22567365222699193 -0.22567365222699193 -0.22567365222699193 -0.22567365222699193 -0.22567365222699193 -0.22567365222699193 -0.22567365222699193 -0.22567365222699193 -0.22567365222699193 -0.22567365222699193 -0.22567365222699193 -0.22567365222699193 -0.22567365222699193 -0.22567365222699193 -0.22567365222699193 -0.22567365222699193 -0.22567365222699193 -0.22567365222699193 -0.22567365222699193 -0.22567365222699193 -0.22567365222699193 -0.22567365222699193 -0.22567365222699193 -0.22224561133021567 -0.30707465778356574 -0.22567365222699193 -0.22224561133021567 -0.30707465778356574 -0.22567365222699193 -0.22224561133021567 -0.30707465778356574 -0.22567365222699193 -0.22224561133021567 -0.36415509779799127 -0.22224561133021567 -0.22567365222699193 -0.22567365222699193 -0.30707465778356574 -0.22567365222699193 -0.22567365222699193 -0.22567365222699193 -0.22567365222699193 -0.22567365222699193 -0.20353553184483406 -0.20353553184483406 -0.22567365222699193 -0.22567365222699193 -0.22567365222699193 -0.22567365222699193 -0.22567365222699193 -0.22567365222699193 -0.22567365222699193 -0.22224561133021567 -0.22567365222699193 -0.2650889036203608 -0.22567365222699193 -0.22567365222699193 -0.22567365222699193 -0.22567365222699193 -0.22567365222699193 -0.22567365222699193 -0.22567365222699193 -0.22567365222699193 -0.22567365222699193 -0.22567365222699193 -0.22567365222699193 -0.22567365222699193 -0.22567365222699193 -0.22567365222699193 -0.1906430224654926 -0.19048784733284063 -0.18737108117074336 -0.1704541647297793 -0.14309716213307042 -0.09244232792471796 -0.09244232792471796 -0.09244232792471796 -0.09244232792471796 -0.09244232792471796 -0.09244232792471796 -0.09244232792471796 -0.10861209523036916 -0.08188623039719899
-0.22224561133021567 -0.22224561133021567 -0.22224561133021567 -0.22224561133021567 -0.20353553184483406 -0.22224561133021567 -0.22224561133021567 -0.22224561133021567 -0.22224561133021567 -0.22224561133021567 -0.22224561133021567 -0.22224561133021567 -0.22224561133021567 -0.22224561133021567 -0.22224561133021567 -0.22224561133021567 -0.22224561133021567 -0.22224561133021567 -0.22224561133021567 -0.22224561133021567 -0.22224561133021567 -0.22224561133021567 -0.22224561133021567 -0.22224561133021567 -0.22224561133021567 -0.22224561133021567 -0.22224561133021567 -0.22224561133021567 -0.22224561133021567 -0.22224561133021567 -0.22224561133021567 -0.22224561133021567 -0.22224561133021567 -0.22224561133021567 -0.22224561133021567 -0.22224561133021567 -0.22224561133021567 -0.22224561133021567 -0.22224561133021567 -0.22224561133021567 -0.22224561133021567 -0.22224561133021567 -0.22224561133021567 -0.22224561133021567 -0.22224561133021567 -0.22224561133021567 -0.22224561133021567 -0.22224561133021567 -0.2953357119078002 -0.22224561133021567 -0.22224561133021567 -0.3147615050045478 -0.22224561133021567 -0.22224561133021567 -0.3147615050045478 -0.22224561133021567 -0.22224561133021567 -0.2953357119078002 -0.22224561133021567 -0.35275228430015976 -0.22224561133021567 -0.22224561133021567 -0.22224561133021567 -0.22224561133021567 -0.22224561133021567 -0.22224561133021567 -0.22224561133021567 -0.22224561133021567 -0.20353553184483406 -0.20353553184483406 -0.22224561133021567 -0.22224561133021567 -0.22224561133021567 -0.22224561133021567 -0.22224561133021567 -0.22224561133021567 -0.22224561133021567 -0.3004950961715644 -0.22224561133021567 -0.22224561133021567 -0.22224561133021567 -0.22224561133021567 -0.22224561133021567 -0.22224561133021567 -0.22224561133021567 -0.22224561133021567 -0.22224561133021567 -0.22224561133021567 -0.22224561133021567 -0.22224561133021567 -0.22224561133021567 -0.22224561133021567 -0.22224561133021567 -0.22224561133021567 -0.1906430224654926 -0.19048784733284063 -0.18737108117074336 -0.1704541647297793 -0.14309716213307042 -0.09244232792471796 -0.09244232792471796 -0.09244232792471796 -0.09244232792471796 -0.09244232792471796 -0.09244232792471796 -0.09244232792471796 -0.10861209523036916 -0.08188623039719899
-0.3487863543176913 -0.3487863543176913 -0.3487863543176913 -0.3487863543176913 -0.20353553184483406 -0.3487863543176913 -0.3487863543176913 -0.3487863543176913 -0.3487863543176913 -0.3487863543176913 -0.3487863543176913 -0.3487863543176913 -0.3487863543176913 -0.3487863543176913 -0.3487863543176913 -0.3487863543176913 -0.3487863543176913 -0.3487863543176913 -0.3487863543176913 -0.3487863543176913 -0.3487863543176913 -0.3487863543176913 -0.3487863543176913 -0.3487863543176913 -0.3487863543176913 -0.3487863543176913 -0.3487863543176913 -0.3487863543176913 -0.3487863543176913 -0.3487863543176913 -0.3487863543176913 -0.3487863543176913 -0.3487863543176913 -0.3487863543176913 -0.3487863543176913 -0.3487863543176913 -0.3487863543176913 -0.3487863543176913 -0.3487863543176913 -0.3487863543176913 -0.3487863543176913 -0.3487863543176913 -0.3487863543176913 -0.3215670188526232 -0.3487863543176913 -0.3487863543176913 -0.3487863543176913 -0.3215670188526232 -0.22224561133021567 -0.22567365222699193 -0.3487863543176913 -0.22224561133021567 -0.22567365222699193 -0.3487863543176913 -0.22224561133021567 -0.22567365222699193 -0.3487863543176913 -0.22224561133021567 -0.22567365222699193 -0.22224561133021567 -0.3504171865038358 -0.34954416118247333 -0.22567365222699193 -0.3413116827250128 -0.3437789411737888 -0.3215670188526232 -0.3008597136060934 -0.30356018076237085 -0.20353553184483406 -0.20353553184483406 -0.32127575820291776 -0.3160057818603882 -0.3160057818603882 -0.3160057818603882 -0.3160057818603882 -0.2561103426662814 -0.29129636319302193 -0.22224561133021567 -0.29129636319302193 -0.22567365222699193 -0.2934336346587955 -0.2919174480169343 -0.23626144387808534 -0.26743136365534803 -0.27025962786486346 -0.2561103426662814 -0.23626144387808534 -0.2561103426662814 -0.26346034662391615 -0.26346034662391615 -0.252449948104398 -0.23800081174500878 -0.23800081174500878 -0.2370013856589639 -0.1906430224654926 -0.19048784733284063 -0.18737108117074336 -0.1704541647297793 -0.14309716213307042 -0.09244232792471796 -0.09244232792471796 -0.09244232792471796 -0.09244232792471796 -0.09244232792471796 -0.09244232792471796 -0.09244232792471796 -0.10861209523036916 -0.08188623039719899
-0.3487863543176913 -0.3487863543176913 -0.3487863543176913 -0.3487863543176913 -0.20353553184483406 -0.3487863543176913 -0.3487863543176913 -0.3487863543176913 -0.3487863543176913 -0.3487863543176913 -0.3487863543176913 -0.3487863543176913 -0.3487863543176913 -0.3487863543176913 -0.3487863543176913 -0.3487863543176913 -0.3487863543176913 -0.3487863543176913 -0.3487863543176913 -0.3487863543176913 -0.3487863543176913 -0.3487863543176913 -0.3487863543176913 -0.3487863543176913 -0.3487863543176913 -0.3487863543176913 -0.3487863543176913 -0.3487863543176913 -0.3487863543176913 -0.3487863543176913 -0.3487863543176913 -0.3487863543176913 -0.3487863543176913 -0.3487863543176913 -0.3487863543176913 -0.3487863543176913 -0.3487863543176913 -0.3487863543176913 -0.3487863543176913 -0.3487863543176913 -0.3487863543176913 -0.3487863543176913 -0.3487863543176913 -0.3215670188526232 -0.3487863543176913 -0.3487863543176913 -0.3487863543176913 -0.3215670188526232 -0.22224561133021567 -0.22567365222699193 -0.3487863543176913 -0.22224561133021567 -0.22567365222699193 -0.3487863543176913 -0.22224561133021567 -0.22567365222699193 -0.3487863543176913 -0.22224561133021567 -0.22567365222699193 -0.22224561133021567 -0.34954416118247333 -0.350383223602083 -0.22567365222699193 -0.3413116827250128 -0.3437789411737888 -0.3215670188526232 -0.3008597136060934 -0.30356018076237085 -0.20353553184483406 -0.20353553184483406 -0.32127575820291776 -0.3160057818603882 -0.3160057818603882 -0.3160057818603882 -0.3160057818603882 -0.2561103426662814 -0.29129636319302193 -0.22224561133021567 -0.29129636319302193 -0.22567365222699193 -0.2934336346587955 -0.2919174480169343 -0.23626144387808534 -0.26743136365534803 -0.27025962786486346 -0.2561103426662814 -0.23626144387808534 -0.2561103426662814 -0.26346034662391615 -0.26346034662391615 -0.252449948104398 -0.23800081174500878 -0.23800081174500878 -0.2370013856589639 -0.1906430224654926 -0.19048784733284063 -0.18737108117074336 -0.1704541647297793 -0.14309716213307042 -0.09244232792471796 -0.09244232792471796 -0.09244232792471796 -0.09244232792471796 -0.09244232792471796 -0.09244232792471796 -0.09244232792471796 -0.10861209523036916 -0.08188623039719899
-0.22567365222699193 -0.22567365222699193 -0.22567365222699193 -0.22567365222699193 -0.20353553184483406 -0.22567365222699193 -0.22567365222699193 -0.22567365222699193 -0.22567365222699193 -0.22567365222699193 -0.22567365222699193 -0.22567365222699193 -0.22567365222699193 -0.22567365222699193 -0.22567365222699193 -0.22567365222699193 -0.22567365222699193 -0.22567365222699193 -0.22567365222699193 -0.22567365222699193 -0.22567365222699193 -0.22567365222699193 -0.22567365222699193 -0.22567365222699193 -0.22567365222699193 -0.22567365222699193 -0.22567365222699193 -0.22567365222699193 -0.22567365222699193 -0.22567365222699193 -0.22567365222699193 -0.22567365222699193 -0.22567365222699193 -0.22567365222699193 -0.22567365222699193 -0.22567365222699193 -0.22567365222699193 -0.22567365222699193 -0.22567365222699193 -0.22567365222699193 -0.22567365222699193 -0.22567365222699193 -0.22567365222699193 -0.22567365222699193 -0.22567365222699193 -0.22567365222699193 -0.22567365222699193 -0.22567365222699193 -0.22224561133021567 -0.3145964408481509 -0.22567365222699193 -0.22224561133021567 -0.3145964408481509 -0.22567365222699193 -0.22224561133021567 -0.34131655709100195 -0.22567365222699193 -0.22224561133021567 -0.30707465778356574 -0.22224561133021567 -0.22567365222699193 -0.22567365222699193 -0.3498929322554733 -0.22567365222699193 -0.22567365222699193 -0.22567365222699193 -0.22567365222699193 -0.22567365222699193 -0.20353553184483406 -0.20353553184483406 -0.22567365222699193 -0.22567365222699193 -0.22567365222699193 -0.22567365222699193 -0.22567365222699193 -0.22567365222699193 -0.22567365222699193 -0.22224561133021567 -0.22567365222699193 -0.2650889036203608 -0.22567365222699193 -0.22567365222699193 -0.22567365222699193 -0.22567365222699193 -0.22567365222699193 -0.22567365222699193 -0.22567365222699193 -0.22567365222699193 -0.22567365222699193 -0.22567365222699193 -0.22567365222699193 -0.22567365222699193 -0.22567365222699193 -0.22567365222699193 -0.1906430224654926 -0.19048784733284063 -0.18737108117074336 -0.1704541647297793 -0.14309716213307042 -0.09244232792471796 -0.09244232792471796 -0.09244232792471796 -0.09244232792471796 -0.09244232792471796 -0.09244232792471796 -0.09244232792471796 -0.10861209523036916 -0.08188623039719899
-0.3413116827250128 -0.3413116827250128 -0.3413116827250128 -0.3413116827250128 -0.20353553184483406 -0.3413116827250128 -0.3413116827250128 -0.3413116827250128 -0.3413116827250128 -0.3413116827250128 -0.3413116827250128 -0.3413116827250128 -0.3413116827250128 -0.3413116827250128 -0.3413116827250128 -0.3413116827250128 -0.3413116827250128 -0.3413116827250128 -0.3413116827250128 -0.3413116827250128 -0.3413116827250128 -0.3413116827250128 -0.3413116827250128 -0.3413116827250128 -0.3413116827250128 -0.3413116827250128 -0.3413116827250128 -0.3413116827250128 -0.3413116827250128 -0.3413116827250128 -0.3413116827250128 -0.3413116827250128 -0.3413116827250128 -0.3413116827250128 -0.3413116827250128 -0.3413116827250128 -0.3413116827250128 -0.3413116827250128 -0.3413116827250128 -0.3413116827250128 -0.3413116827250128 -0.3413116827250128 -0.3413116827250128 -0.3215670188526232 -0.3413116827250128 -0.3413116827250128 -0.3413116827250128 -0.3215670188526232 -0.22224561133021567 -0.22567365222699193 -0.3413116827250128 -0.22224561133021567 -0.22567365222699193 -0.3413116827250128 -0.22224561133021567 -0.22567365222699193 -0.3413116827250128 -0.22224561133021567 -0.22567365222699193 -0.22224561133021567 -0.3413116827250128 -0.3413116827250128 -0.22567365222699193 -0.34630217475288366 -0.3413116827250128 -0.3215670188526232 -0.3008597136060934 -0.30356018076237085 -0.20353553184483406 -0.20353553184483406 -0.32127575820291776 -0.3160057818603882 -0.3160057818603882 -0.3160057818603882 -0.3160057818603882 -0.2561103426662814 -0.29129636319302193 -0.22224561133021567 -0.29129636319302193 -0.22567365222699193 -0.2934336346587955 -0.2919174480169343 -0.23626144387808534 -0.26743136365534803 -0.27025962786486346 -0.2561103426662814 -0.23626144387808534 -0.2561103426662814 -0.26346034662391615 -0.26346034662391615 -0.252449948104398 -0.23800081174500878 -0.23800081174500878 -0.2370013856589639 -0.1906430224654926 -0.19048784733284063 -0.18737108117074336 -0.1704541647297793 -0.14309716213307042 -0.09244232792471796 -0.09244232792471796 -0.09244232792471796 -0.09244232792471796 -0.09244232792471796 -0.09244232792471796 -0.09244232792471796 -0.10861209523036916 -0.08188623039719899
-0.3437789411737888 -0.3437789411737888 -0.3437789411737888 -0.3437789411737888 -0.20353553184483406 -0.3437789411737888 -0.3437789411737888 -0.3437789411737888 -0.3437789411737888 -0.3437789411737888 -0.3437789411737888 -0.3437789411737888 -0.3437789411737888 -0.3437789411737888 -0.3437789411737888 -0.3437789411737888 -0.3437789411737888 -0.3437789411737888 -0.3437789411737888 -0.3437789411737888 -0.3437789411737888 -0.3437789411737888 -0.3437789411737888 -0.3437789411737888 -0.3437789411737888 -0.3437789411737888 -0.3437789411737888 -0.3437789411737888 -0.3437789411737888 -0.3437789411737888 -0.3437789411737888 -0.3437789411737888 -0.3437789411737888 -0.3437789411737888 -0.3437789411737888 -0.3437789411737888 -0.3437789411737888 -0.3437789411737888 -0.3437789411737888 -0.3437789411737888 -0.3437789411737888 -0.3437789411737888 -0.3437789411737888 -0.3215670188526232 -0.3437789411737888 -0.3437789411737888 -0.3437789411737888 -0.3215670188526232 -0.22224561133021567 -0.22567365222699193 -0.3437789411737888 -0.22224561133021567 -0.22567365222699193 -0.3437789411737888 -0.22224561133021567 -0.22567365222699193 -0.3437789411737888 -0.22224561133021567 -0.22567365222699193 -0.22224561133021567 -0.3437789411737888 -0.3437789411737888 -0.22567365222699193 -0.3413116827250128 -0.34543467205537937 -0.3215670188526232 -0.3008597136060934 -0.30356018076237085 -0.20353553184483406 -0.20353553184483406 -0.32127575820291776 -0.3160057818603882 -0.3160057818603882 -0.3160057818603882 -0.3160057818603882 -0.2561103426662814 -0.29129636319302193 -0.22224561133021567 -0.29129636319302193 -0.22567365222699193 -0.2934336346587955 -0.2919174480169343 -0.23626144387808534 -0.26743136365534803 -0.27025962786486346 -0.2561103426662814 -0.23626144387808534 -0.2561103426662814 -0.26346034662391615 -0.26346034662391615 -0.252449948104398 -0.23800081174500878 -0.23800081174500878 -0.2370013856589639 -0.1906430224654926 -0.19048784733284063 -0.18737108117074336 -0.1704541647297793 -0.14309716213307042 -0.09244232792471796 -0.09244232792471796 -0.09244232792471796 -0.09244232792471796 -0.09244232792471796 -0.09244232792471796 -0.09244232792471796 -0.10861209523036916 -0.08188623039719899
-0.3215670188526232 -0.3215670188526232 -0.3215670188526232 -0.3215670188526232 -0.20353553184483406 -0.3215670188526232 -0.3215670188526232 -0.3215670188526232 -0.3215670188526232 -0.3215670188526232 -0.3215670188526232 -0.3215670188526232 -0.3215670188526232 -0.3215670188526232 -0.3215670188526232 -0.3215670188526232 -0.3215670188526232 -0.3215670188526232 -0.3215670188526232 -0.3215670188526232 -0.3215670188526232 -0.3215670188526232 -0.3215670188526232 -0.3215670188526232 -0.3215670188526232 -0.3215670188526232 -0.3215670188526232 -0.3215670188526232 -0.3215670188526232 -0.3215670188526232 -0.3215670188526232 -0.3215670188526232 -0.3215670188526232 -0.3215670188526232 -0.3215670188526232 -0.3215670188526232 -0.3215670188526232 -0.3215670188526232 -0.3215670188526232 -0.3215670188526232 -0.3215670188526232 -0.3215670188526232 -0.3215670188526232 -0.3216176052441219 -0.3215670188526232 -0.3215670188526232 -0.3215670188526232 -0.3216176052441219 -0.22224561133021567 -0.22567365222699193 -0.3215670188526232 -0.22224561133021567 -0.22567365222699193 -0.3215670188526232 -0.22224561133021567 -0.22567365222699193 -0.3215670188526232 -0.22224561133021567 -0.22567365222699193 -0.22224561133021567 -0.3215670188526232 -0.3215670188526232 -0.22567365222699193 -0.3215670188526232 -0.3215670188526232 -0.34542870622839766 -0.3008597136060934 -0.30356018076237085 -0.20353553184483406 -0.20353553184483406 -0.32127575820291776 -0.3160057818603882 -0.3160057818603882 -0.3160057818603882 -0.3160057818603882 -0.2561103426662814 -0.29129636319302193 -0.22224561133021567 -0.29129636319302193 -0.22567365222699193 -0.2934336346587955 -0.2919174480169343 -0.23626144387808534 -0.26743136365534803 -0.27025962786486346 -0.2561103426662814 -0.23626144387808534 -0.2561103426662814 -0.26346034662391615 -0.26346034662391615 -0.252449948104398 -0.23800081174500878 -0.23800081174500878 -0.2370013856589639 -0.1906430224654926 -0.19048784733284063 -0.18737108117074336 -0.1704541647297793 -0.14309716213307042 -0.09244232792471796 -0.09244232792471796 -0.09244232792471796 -0.09244232792471796 -0.09244232792471796 -0.09244232792471796 -0.09244232792471796 -0.10861209523036916 -0.08188623039719899
-0.3008597136060934 -0.3008597136060934 -0.3008597136060934 -0.3008597136060934 -0.20353553184483406 -0.3008597136060934 -0.3008597136060934 -0.3008597136060934 -0.3008597136060934 -0.3008597136060934 -0.3008597136060934 -0.3008597136060934 -0.3008597136060934 -0.3008597136060934 -0.3008597136060934 -0.3008597136060934 -0.3008597136060934 -0.3008597136060934 -0.3008597136060934 -0.3008597136060934 -0.3008597136060934 -0.3008597136060934 -0.3008597136060934 -0.3008597136060934 -0.3008597136060934 -0.3008597136060934 -0.3008597136060934 -0.3008597136060934 -0.3008597136060934 -0.3008597136060934 -0.3008597136060934 -0.3008597136060934 -0.3008597136060934 -0.3008597136060934 -0.3008597136060934 -0.3008597136060934 -0.3008597136060934 -0.3008597136060934 -0.3008597136060934 -0.3008597136060934 -0.3008597136060934 -0.3008597136060934 -0.3008597136060934 -0.3008597136060934 -0.3008597136060934 -0.3008597136060934 -0.3008597136060934 -0.3008597136060934 -0.22224561133021567 -0.22567365222699193 -0.3008597136060934 -0.22224561133021567 -0.22567365222699193 -0.3008597136060934 -0.22224561133021567 -0.22567365222699193 -0.3008597136060934 -0.22224561133021567 -0.22567365222699193 -0.22224561133021567 -0.3008597136060934 -0.3008597136060934 -0.22567365222699193 -0.3008597136060934 -0.3008597136060934 -0.3008597136060934 -0.3427386545596381 -0.3008597136060934 -0.20353553184483406 -0.20353553184483406 -0.3008597136060934 -0.3008597136060934 -0.3008597136060934 -0.3008597136060934 -0.3008597136060934 -0.2561103426662814 -0.29129636319302193 -0.22224561133021567 -0.29129636319302193 -0.22567365222699193 -0.2934336346587955 -0.2919174480169343 -0.23626144387808534 -0.26743136365534803 -0.27025962786486346 -0.2561103426662814 -0.23626144387808534 -0.2561103426662814 -0.26346034662391615 -0.26346034662391615 -0.252449948104398 -0.23800081174500878 -0.23800081174500878 -0.2370013856589639 -0.1906430224654926 -0.19048784733284063 -0.18737108117074336 -0.1704541647297793 -0.14309716213307042 -0.09244232792471796 -0.09244232792471796 -0.09244232792471796 -0.09244232792471796 -0.09244232792471796 -0.09244232792471796 -0.09244232792471796 -0.10861209523036916 -0.08188623039719899
-0.30356018076237085 -0.30356018076237085 -0.30356018076237085 -0.30356018076237085 -0.20353553184483406 -0.30356018076237085 -0.30356018076237085 -0.30356018076237085 -0.30356018076237085 -0.30356018076237085 -0.30356018076237085 -0.30356018076237085 -0.30356018076237085 -0.30356018076237085 -0.30356018076237085 -0.30356018076237085 -0.30356018076237085 -0.30356018076237085 -0.30356018076237085 -0.30356018076237085 -0.30356018076237085 -0.30356018076237085 -0.30356018076237085 -0.30356018076237085 -0.30356018076237085 -0.30356018076237085 -0.30356018076237085 -0.30356018076237085 -0.30356018076237085 -0.30356018076237085 -0.30356018076237085 -0.30356018076237085 -0.30356018076237085 -0.30356018076237085 -0.30356018076237085 -0.30356018076237085 -0.30356018076237085 -0.30356018076237085 -0.30356018076237085 -0.30356018076237085 -0.30356018076237085 -0.30356018076237085 -0.30356018076237085 -0.30356018076237085 -0.30356018076237085 -0.30356018076237085 -0.30356018076237085 -0.30356018076237085 -0.22224561133021567 -0.22567365222699193 -0.30356018076237085 -0.22224561133021567 -0.22567365222699193 -0.30356018076237085 -0.22224561133021567 -0.22567365222699193 -0.30356018076237085 -0.22224561133021567 -0.22567365222699193 -0.22224561133021567 -0.30356018076237085 -0.30356018076237085 -0.22567365222699193 -0.30356018076237085 -0.30356018076237085 -0.30356018076237085 -0.3008597136060934 -0.33719563179560036 -0.20353553184483406 -0.20353553184483406 -0.30356018076237085 -0.30356018076237085 -0.30356018076237085 -0.30356018076237085 -0.30356018076237085 -0.2561103426662814 -0.29129636319302193 -0.22224561133021567 -0.29129636319302193 -0.22567365222699193 -0.2934336346587955 -0.2919174480169343 -0.23626144387808534 -0.26743136365534803 -0.27025962786486346 -0.2561103426662814 -0.23626144387808534 -0.2561103426662814 -0.26346034662391615 -0.26346034662391615 -0.252449948104398 -0.23800081174500878 -0.23800081174500878 -0.2370013856589639 -0.1906430224654926 -0.19048784733284063 -0.18737108117074336 -0.1704541647297793 -0.14309716213307042 -0.09244232792471796 -0.09244232792471796 -0.09244232792471796 -0.09244232792471796 -0.09244232792471796 -0.09244232792471796 -0.09244232792471796 -0.10861209523036916 -0.08188623039719899
-0.20353553184483406 -0.20353553184483406 -0.20353553184483406 -0.20353553184483406 -0.31005911634194544 -0.20353553184483406 -0.20353553184483406 -0.20353553184483406 -0.20353553184483406 -0.20353553184483406 -0.20353553184483406 -0.20353553184483406 -0.20353553184483406 -0.20353553184483406 -0.20353553184483406 -0.20353553184483406 -0.20353553184483406 -0.20353553184483406 -0.20353553184483406 -0.20353553184483406 -0.20353553184483406 -0.20353553184483406 -0.20353553184483406 -0.20353553184483406 -0.20353553184483406 -0.20353553184483406 -0.20353553184483406 -0.20353553184483406 -0.20353553184483406 -0.20353553184483406 -0.20353553184483406 -0.20353553184483406 -0.20353553184483406 -0.20353553184483406 -0.20353553184483406 -0.20353553184483406 -0.20353553184483406 -0.20353553184483406 -0.20353553184483406 -0.20353553184483406 -0.20353553184483406 -0.20353553184483406 -0.20353553184483406 -0.20353553184483406 -0.20353553184483406 -0.20353553184483406 -0.20353553184483406 -0.20353553184483406 -0.20353553184483406 -0.20353553184483406 -0.20353553184483406 -0.20353553184483406 -0.20353553184483406 -0.20353553184483406 -0.20353553184483406 -0.20353553184483406 -0.20353553184483406 -0.20353553184483406 -0.20353553184483406 -0.20353553184483406 -0.20353553184483406 -0.20353553184483406 -0.20353553184483406 -0.20353553184483406 -0.20353553184483406 -0.20353553184483406 -0.20353553184483406 -0.20353553184483406 -0.33381140350663296 -0.3301261887207657 -0.20353553184483406 -0.20353553184483406 -0.20353553184483406 -0.20353553184483406 -0.20353553184483406 -0.20353553184483406 -0.20353553184483406 -0.20353553184483406 -0.20353553184483406 -0.20353553184483406 -0.20353553184483406 -0.20353553184483406 -0.20353553184483406 -0.20353553184483406 -0.20353553184483406 -0.20353553184483406 -0.20353553184483406 -0.20353553184483406 -0.20353553184483406 -0.20353553184483406 -0.20353553184483406 -0.20353553184483406 -0.20353553184483406 -0.20353553184483406 -0.1906430224654926 -0.19048784733284063 -0.18737108117074336 -0.1704541647297793 -0.14309716213307042 -0.09244232792471796 -0.09244232792471796 -0.09244232792471796 -0.09244232792471796 -0.09244232792471796 -0.09244232792471796 -0.09244232792471796 -0.10861209523036916 -0.08188623039719899
-0.20353553184483406 -0.20353553184483406 -0.20353553184483406 -0.20353553184483406 -0.31005911634194544 -0.20353553184483406 -0.20353553184483406 -0.20353553184483406 -0.20353553184483406 -0.20353553184483406 -0.20353553184483406 -0.20353553184483406 -0.20353553184483406 -0.20353553184483406 -0.20353553184483406 -0.20353553184483406 -0.20353553184483406 -0.20353553184483406 -0.20353553184483406 -0.20353553184483406 -0.20353553184483406 -0.20353553184483406 -0.20353553184483406 -0.20353553184483406 -0.20353553184483406 -0.20353553184483406 -0.20353553184483406 -0.20353553184483406 -0.20353553184483406 -0.20353553184483406 -0.20353553184483406 -0.20353553184483406 -0.20353553184483406 -0.20353553184483406 -0.20353553184483406 -0.20353553184483406 -0.20353553184483406 -0.20353553184483406 -0.20353553184483406 -0.20353553184483406 -0.20353553184483406 -0.20353553184483406 -0.20353553184483406 -0.20353553184483406 -0.20353553184483406 -0.20353553184483406 -0.20353553184483406 -0.20353553184483406 -0.20353553184483406 -0.20353553184483406 -0.20353553184483406 -0.20353553184483406 -0.20353553184483406 -0.20353553184483406 -0.20353553184483406 -0.20353553184483406 -0.20353553184483406 -0.20353553184483406 -0.20353553184483406 -0.20353553184483406 -0.20353553184483406 -0.20353553184483406 -0.20353553184483406 -0.20353553184483406 -0.20353553184483406 -0.20353553184483406 -0.20353553184483406 -0.20353553184483406 -0.3301261887207657 -0.3309216797038472 -0.20353553184483406 -0.20353553184483406 -0.20353553184483406 -0.20353553184483406 -0.20353553184483406 -0.20353553184483406 -0.20353553184483406 -0.20353553184483406 -0.20353553184483406 -0.20353553184483406 -0.20353553184483406 -0.20353553184483406 -0.20353553184483406 -0.20353553184483406 -0.20353553184483406 -0.20353553184483406 -0.20353553184483406 -0.20353553184483406 -0.20353553184483406 -0.20353553184483406 -0.20353553184483406 -0.20353553184483406 -0.20353553184483406 -0.20353553184483406 -0.1906430224654926 -0.19048784733284063 -0.18737108117074336 -0.1704541647297793 -0.14309716213307042 -0.09244232792471796 -0.09244232792471796 -0.09244232792471796 -0.09244232792471796 -0.09244232792471796 -0.09244232792471796 -0.09244232792471796 -0.10861209523036916 -0.08188623039719899
-0.32127575820291776 -0.32127575820291776 -0.32127575820291776 -0.32127575820291776 -0.20353553184483406 -0.32127575820291776 -0.32127575820291776 -0.32127575820291776 -0.32127575820291776 -0.32127575820291776 -0.32127575820291776 -0.32127575820291776 -0.32127575820291776 -0.32127575820291776 -0.32127575820291776 -0.32127575820291776 -0.32127575820291776 -0.32127575820291776 -0.32127575820291776 -0.32127575820291776 -0.32127575820291776 -0.32127575820291776 -0.32127575820291776 -0.32127575820291776 -0.32127575820291776 -0.32127575820291776 -0.32127575820291776 -0.32127575820291776 -0.32127575820291776 -0.32127575820291776 -0.32127575820291776 -0.32127575820291776 -0.32127575820291776 -0.32127575820291776 -0.32127575820291776 -0.32127575820291776 -0.32127575820291776 -0.32127575820291776 -0.32127575820291776 -0.32127575820291776 -0.32127575820291776 -0.32127575820291776 -0.32127575820291776 -0.32127575820291776 -0.32127575820291776 -0.32127575820291776 -0.32127575820291776 -0.32127575820291776 -0.22224561133021567 -0.22567365222699193 -0.32127575820291776 -0.22224561133021567 -0.22567365222699193 -0.32127575820291776 -0.22224561133021567 -0.22567365222699193 -0.32127575820291776 -0.22224561133021567 -0.22567365222699193 -0.22224561133021567 -0.32127575820291776 -0.32127575820291776 -0.22567365222699193 -0.32127575820291776 -0.32127575820291776 -0.32127575820291776 -0.3008597136060934 -0.30356018076237085 -0.20353553184483406 -0.20353553184483406 -0.32194403723493625 -0.3160057818603882 -0.3160057818603882 -0.3160057818603882 -0.3160057818603882 -0.2561103426662814 -0.29129636319302193 -0.22224561133021567 -0.29129636319302193 -0.22567365222699193 -0.2934336346587955 -0.2919174480169343 -0.23626144387808534 -0.26743136365534803 -0.27025962786486346 -0.2561103426662814 -0.23626144387808534 -0.2561103426662814 -0.26346034662391615 -0.26346034662391615 -0.252449948104398 -0.23800081174500878 -0.23800081174500878 -0.2370013856589639 -0.1906430224654926 -0.19048784733284063 -0.18737108117074336 -0.1704541647297793 -0.14309716213307042 -0.09244232792471796 -0.09244232792471796 -0.09244232792471796 -0.09244232792471796 -0.09244232792471796 -0.09244232792471796 -0.09244232792471796 -0.10861209523036916 -0.08188623039719899
-0.3160057818603882 -0.3160057818603882 -0.3160057818603882 -0.3160057818603882 -0.20353553184483406 -0.3160057818603882 -0.3160057818603882 -0.3160057818603882 -0.3160057818603882 -0.3160057818603882 -0.3160057818603882 -0.3160057818603882 -0.3160057818603882 -0.3160057818603882 -0.3160057818603882 -0.3160057818603882 -0.3160057818603882 -0.3160057818603882 -0.3160057818603882 -0.3160057818603882 -0.3160057818603882 -0.3160057818603882 -0.3160057818603882 -0.3160057818603882 -0.3160057818603882 -0.3160057818603882 -0.3160057818603882 -0.3160057818603882 -0.3160057818603882 -0.3160057818603882 -0.3160057818603882 -0.3160057818603882 -0.3160057818603882 -0.3160057818603882 -0.3160057818603882 -0.3160057818603882 -0.3160057818603882 -0.3160057818603882 -0.3160057818603882 -0.3160057818603882 -0.3160057818603882 -0.3160057818603882 -0.3160057818603882 -0.3160057818603882 -0.3160057818603882 -0.3160057818603882 -0.3160057818603882 -0.3160057818603882 -0.22224561133021567 -0.22567365222699193 -0.3160057818603882 -0.22224561133021567 -0.22567365222699193 -0.3160057818603882 -0.22224561133021567 -0.22567365222699193 -0.3160057818603882 -0.22224561133021567 -0.22567365222699193 -0.22224561133021567 -0.3160057818603882 -0.3160057818603882 -0.22567365222699193 -0.3160057818603882 -0.3160057818603882 -0.3160057818603882 -0.3008597136060934 -0.30356018076237085 -0.20353553184483406 -0.20353553184483406 -0.3160057818603882 -0.3185801011844015 -0.3179792397712257 -0.3173834815613472 -0.3170482981231331 -0.2561103426662814 -0.29129636319302193 -0.22224561133021567 -0.29129636319302193 -0.22567365222699193 -0.2934336346587955 -0.2919174480169343 -0.23626144387808534 -0.26743136365534803 -0.27025962786486346 -0.2561103426662814 -0.23626144387808534 -0.2561103426662814 -0.26346034662391615 -0.26346034662391615 -0.252449948104398 -0.23800081174500878 -0.23800081174500878 -0.2370013856589639 -0.1906430224654926 -0.19048784733284063 -0.18737108117074336 -0.1704541647297793 -0.14309716213307042 -0.09244232792471796 -0.09244232792471796 -0.09244232792471796 -0.09244232792471796 -0.09244232792471796 -0.09244232792471796 -0.09244232792471796 -0.10861209523036916 -0.08188623039719899
-0.3160057818603882 -0.3160057818603882 -0.3160057818603882 -0.3160057818603882 -0.20353553184483406 -0.3160057818603882 -0.3160057818603882 -0.3160057818603882 -0.3160057818603882 -0.3160057818603882 -0.3160057818603882 -0.3160057818603882 -0.3160057818603882 -0.3160057818603882 -0.3160057818603882 -0.3160057818603882 -0.3160057818603882 -0.3160057818603882 -0.3160057818603882 -0.3160057818603882 -0.3160057818603882 -0.3160057818603882 -0.3160057818603882 -0.3160057818603882 -0.3160057818603882 -0.3160057818603882 -0.3160057818603882 -0.3160057818603882 -0.3160057818603882 -0.3160057818603882 -0.3160057818603882 -0.3160057818603882 -0.3160057818603882 -0.3160057818603882 -0.3160057818603882 -0.3160057818603882 -0.3160057818603882 -0.3160057818603882 -0.3160057818603882 -0.3160057818603882 -0.3160057818603882 -0.3160057818603882 -0.3160057818603882 -0.3160057818603882 -0.3160057818603882 -0.3160057818603882 -0.3160057818603882 -0.3160057818603882 -0.22224561133021567 -0.22567365222699193 -0.3160057818603882 -0.22224561133021567 -0.22567365222699193 -0.3160057818603882 -0.22224561133021567 -0.22567365222699193 -0.3160057818603882 -0.22224561133021567 -0.22567365222699193 -0.22224561133021567 -0.3160057818603882 -0.3160057818603882 -0.22567365222699193 -0.3160057818603882 -0.3160057818603882 -0.3160057818603882 -0.3008597136060934 -0.30356018076237085 -0.20353553184483406 -0.20353553184483406 -0.3160057818603882 -0.3179792397712257 -0.3180928919377955 -0.3173834815613472 -0.3170482981231331 -0.2561103426662814 -0.29129636319302193 -0.22224561133021567 -0.29129636319302193 -0.22567365222699193 -0.2934336346587955 -0.2919174480169343 -0.23626144387808534 -0.26743136365534803 -0.27025962786486346 -0.2561103426662814 -0.23626144387808534 -0.2561103426662814 -0.26346034662391615 -0.26346034662391615 -0.252449948104398 -0.23800081174500878 -0.23800081174500878 -0.2370013856589639 -0.1906430224654926 -0.19048784733284063 -0.18737108117074336 -0.1704541647297793 -0.14309716213307042 -0.09244232792471796 -0.09244232792471796 -0.09244232792471796 -0.09244232792471796 -0.09244232792471796 -0.09244232792471796 -0.09244232792471796 -0.10861209523036916 -0.08188623039719899
-0.3160057818603882 -0.3160057818603882 -0.3160057818603882 -0.3160057818603882 -0.20353553184483406 -0.3160057818603882 -0.3160057818603882 -0.3160057818603882 -0.3160057818603882 -0.3160057818603882 -0.3160057818603882 -0.3160057818603882 -0.3160057818603882 -0.3160057818603882 -0.3160057818603882 -0.3160057818603882 -0.3160057818603882 -0.3160057818603882 -0.3160057818603882 -0.3160057818603882 -0.3160057818603882 -0.3160057818603882 -0.3160057818603882 -0.3160057818603882 -0.3160057818603882 -0.3160057818603882 -0.3160057818603882 -0.3160057818603882 -0.3160057818603882 -0.3160057818603882 -0.3160057818603882 -0.3160057818603882 -0.3160057818603882 -0.3160057818603882 -0.3160057818603882 -0.3160057818603882 -0.3160057818603882 -0.3160057818603882 -0.3160057818603882 -0.3160057818603882 -0.3160057818603882 -0.3160057818603882 -0.3160057818603882 -0.3160057818603882 -0.3160057818603882 -0.3160057818603882 -0.3160057818603882 -0.3160057818603882 -0.22224561133021567 -0.22567365222699193 -0.3160057818603882 -0.22224561133021567 -0.22567365222699193 -0.3160057818603882 -0.22224561133021567 -0.22567365222699193 -0.3160057818603882 -0.22224561133021567 -0.22567365222699193 -0.22224561133021567 -0.3160057818603882 -0.3160057818603882 -0.22567365222699193 -0.3160057818603882 -0.3160057818603882 -0.3160057818603882 -0.3008597136060934 -0.30356018076237085 -0.20353553184483406 -0.20353553184483406 -0.3160057818603882 -0.3173834815613472 -0.3173834815613472 -0.31759082255204196 -0.3170482981231331 -0.2561103426662814 -0.29129636319302193 -0.22224561133021567 -0.29129636319302193 -0.22567365222699193 -0.2934336346587955 -0.2919174480169343 -0.23626144387808534 -0.26743136365534803 -0.27025962786486346 -0.2561103426662814 -0.23626144387808534 -0.2561103426662814 -0.26346034662391615 -0.26346034662391615 -0.252449948104398 -0.23800081174500878 -0.23800081174500878 -0.2370013856589639 -0.1906430224654926 -0.19048784733284063 -0.18737108117074336 -0.1704541647297793 -0.14309716213307042 -0.09244232792471796 -0.09244232792471796 -0.09244232792471796 -0.09244232792471796 -0.09244232792471796 -0.09244232792471796 -0.09244232792471796 -0.10861209523036916 -0.08188623039719899
-0.3160057818603882 -0.3160057818603882 -0.3160057818603882 -0.3160057818603882 -0.20353553184483406 -0.3160057818603882 -0.3160057818603882 -0.3160057818603882 -0.3160057818603882 -0.3160057818603882 -0.3160057818603882 -0.3160057818603882 -0.3160057818603882 -0.3160057818603882 -0.3160057818603882 -0.3160057818603882 -0.3160057818603882 -0.3160057818603882 -0.3160057818603882 -0.3160057818603882 -0.3160057818603882 -0.3160057818603882 -0.3160057818603882 -0.3160057818603882 -0.3160057818603882 -0.3160057818603882 -0.3160057818603882 -0.3160057818603882 -0.3160057818603882 -0.3160057818603882 -0.3160057818603882 -0.3160057818603882 -0.3160057818603882 -0.3160057818603882 -0.3160057818603882 -0.3160057818603882 -0.3160057818603882 -0.3160057818603882 -0.3160057818603882 -0.3160057818603882 -0.3160057818603882 -0.3160057818603882 -0.3160057818603882 -0.3160057818603882 -0.3160057818603882 -0.3160057818603882 -0.3160057818603882 -0.3160057818603882 -0.22224561133021567 -0.22567365222699193 -0.3160057818603882 -0.22224561133021567 -0.22567365222699193 -0.3160057818603882 -0.22224561133021567 -0.22567365222699193 -0.3160057818603882 -0.22224561133021567 -0.22567365222699193 -0.22224561133021567 -0.3160057818603882 -0.3160057818603882 -0.22567365222699193 -0.3160057818603882 -0.3160057818603882 -0.3160057818603882 -0.3008597136060934 -0.30356018076237085 -0.20353553184483406 -0.20353553184483406 -0.3160057818603882 -0.3170482981231331 -0.3170482981231331 -0.3170482981231331 -0.3170731210641971 -0.2561103426662814 -0.29129636319302193 -0.22224561133021567 -0.29129636319302193 -0.22567365222699193 -0.2934336346587955 -0.2919174480169343 -0.23626144387808534 -0.26743136365534803 -0.27025962786486346 -0.2561103426662814 -0.23626144387808534 -0.2561103426662814 -0.26346034662391615 -0.26346034662391615 -0.252449948104398 -0.23800081174500878 -0.23800081174500878 -0.2370013856589639 -0.1906430224654926 -0.19048784733284063 -0.18737108117074336 -0.1704541647297793 -0.14309716213307042 -0.09244232792471796 -0.09244232792471796 -0.09244232792471796 -0.09244232792471796 -0.09244232792471796 -0.09244232792471796 -0.09244232792471796 -0.10861209523036916 -0.08188623039719899
-0.2561103426662814 -0.2561103426662814 -0.2561103426662814 -0.2561103426662814 -0.20353553184483406 -0.2561103426662814 -0.2561103426662814 -0.2561103426662814 -0.2561103426662814 -0.2561103426662814 -0.2561103426662814 -0.2561103426662814 -0.2561103426662814 -0.2561103426662814 -0.2561103426662814 -0.2561103426662814 -0.2561103426662814 -0.2561103426662814 -0.2561103426662814 -0.2561103426662814 -0.2561103426662814 -0.2561103426662814 -0.2561103426662814 -0.2561103426662814 -0.2561103426662814 -0.2561103426662814 -0.2561103426662814 -0.2561103426662814 -0.2561103426662814 -0.2561103426662814 -0.2561103426662814 -0.2561103426662814 -0.2561103426662814 -0.2561103426662814 -0.2561103426662814 -0.2561103426662814 -0.2561103426662814 -0.2561103426662814 -0.2561103426662814 -0.2561103426662814 -0.2561103426662814 -0.2561103426662814 -0.2561103426662814 -0.2561103426662814 -0.2561103426662814 -0.2561103426662814 -0.2561103426662814 -0.2561103426662814 -0.22224561133021567 -0.22567365222699193 -0.2561103426662814 -0.22224561133021567 -0.22567365222699193 -0.2561103426662814 -0.22224561133021567 -0.22567365222699193 -0.2561103426662814 -0.22224561133021567 -0.22567365222699193 -0.22224561133021567 -0.2561103426662814 -0.2561103426662814 -0.22567365222699193 -0.2561103426662814 -0.2561103426662814 -0.2561103426662814 -0.2561103426662814 -0.2561103426662814 -0.20353553184483406 -0.20353553184483406 -0.2561103426662814 -0.2561103426662814 -0.2561103426662814 -0.2561103426662814 -0.2561103426662814 -0.31047838492772395 -0.2561103426662814 -0.22224561133021567 -0.2561103426662814 -0.22567365222699193 -0.2561103426662814 -0.2561103426662814 -0.23626144387808534 -0.2561103426662814 -0.2561103426662814 -0.26019819026193924 -0.23626144387808534 -0.2601517175332678 -0.2561103426662814 -0.2561103426662814 -0.252449948104398 -0.23800081174500878 -0.23800081174500878 -0.2370013856589639 -0.1906430224654926 -0.19048784733284063 -0.18737108117074336 -0.1704541647297793 -0.14309716213307042 -0.09244232792471796 -0.09244232792471796 -0.09244232792471796 -0.09244232792471796 -0.09244232792471796 -0.09244232792471796 -0.09244232792471796 -0.10861209523036916 -0.08188623039719899
-0.29129636319302193 -0.29129636319302193 -0.29129636319302193 -0.29129636319302193 -0.20353553184483406 -0.29129636319302193 -0.29129636319302193 -0.29129636319302193 -0.29129636319302193 -0.29129636319302193 -0.29129636319302193 -0.29129636319302193 -0.29129636319302193 -0.29129636319302193 -0.29129636319302193 -0.29129636319302193 -0.29129636319302193 -0.29129636319302193 -0.29129636319302193 -0.29129636319302193 -0.29129636319302193 -0.29129636319302193 -0.29129636319302193 -0.29129636319302193 -0.29129636319302193 -0.29129636319302193 -0.29129636319302193 -0.29129636319302193 -0.29129636319302193 -0.29129636319302193 -0.29129636319302193 -0.29129636319302193 -0.29129636319302193 -0.29129636319302193 -0.29129636319302193 -0.29129636319302193 -0.29129636319302193 -0.29129636319302193 -0.29129636319302193 -0.29129636319302193 -0.29129636319302193 -0.29129636319302193 -0.29129636319302193 -0.29129636319302193 -0.29129636319302193 -0.29129636319302193 -0.29129636319302193 -0.29129636319302193 -0.22224561133021567 -0.22567365222699193 -0.29129636319302193 -0.22224561133021567 -0.22567365222699193 -0.29129636319302193 -0.22224561133021567 -0.22567365222699193 -0.29129636319302193 -0.22224561133021567 -0.22567365222699193 -0.22224561133021567 -0.29129636319302193 -0.29129636319302193 -0.22567365222699193 -0.29129636319302193 -0.29129636319302193 -0.29129636319302193 -0.29129636319302193 -0.29129636319302193 -0.20353553184483406 -0.20353553184483406 -0.29129636319302193 -0.29129636319302193 -0.29129636319302193 -0.29129636319302193 -0.29129636319302193 -0.2561103426662814 -0.3068663967091428 -0.22224561133021567 -0.3061633198471201 -0.22567365222699193 -0.29129636319302193 -0.29129636319302193 -0.23626144387808534 -0.26743136365534803 -0.27025962786486346 -0.2561103426662814 -0.23626144387808534 -0.2561103426662814 -0.26346034662391615 -0.26346034662391615 -0.252449948104398 -0.23800081174500878 -0.23800081174500878 -0.2370013856589639 -0.1906430224654926 -0.19048784733284063 -0.18737108117074336 -0.1704541647297793 -0.14309716213307042 -0.09244232792471796 -0.09244232792471796 -0.09244232792471796 -0.09244232792471796 -0.09244232792471796 -0.09244232792471796 -0.09244232792471796 -0.10861209523036916 -0.08188623039719899
-0.22224561133021567 -0.22224561133021567 -0.22224561133021567 -0.22224561133021567 -0.20353553184483406 -0.22224561133021567 -0.22224561133021567 -0.22224561133021567 -0.22224561133021567 -0.22224561133021567 -0.22224561133021567 -0.22224561133021567 -0.22224561133021567 -0.22224561133021567 -0.22224561133021567 -0.22224561133021567 -0.22224561133021567 -0.22224561133021567 -0.22224561133021567 -0.22224561133021567 -0.22224561133021567 -0.22224561133021567 -0.22224561133021567 -0.22224561133021567 -0.22224561133021567 -0.22224561133021567 -0.22224561133021567 -0.22224561133021567 -0.22224561133021567 -0.22224561133021567 -0.22224561133021567 -0.22224561133021567 -0.22224561133021567 -0.22224561133021567 -0.22224561133021567 -0.22224561133021567 -0.22224561133021567 -0.22224561133021567 -0.22224561133021567 -0.22224561133021567 -0.22224561133021567 -0.22224561133021567 -0.22224561133021567 -0.22224561133021567 -0.22224561133021567 -0.22224561133021567 -0.22224561133021567 -0.22224561133021567 -0.2953357119078002 -0.22224561133021567 -0.22224561133021567 -0.3004950961715644 -0.22224561133021567 -0.22224561133021567 -0.3004950961715644 -0.22224561133021567 -0.22224561133021567 -0.2953357119078002 -0.22224561133021567 -0.3004950961715644 -0.22224561133021567 -0.22224561133021567 -0.22224561133021567 -0.22224561133021567 -0.22224561133021567 -0.22224561133021567 -0.22224561133021567 -0.22224561133021567 -0.20353553184483406 -0.20353553184483406 -0.22224561133021567 -0.22224561133021567 -0.22224561133021567 -0.22224561133021567 -0.22224561133021567 -0.22224561133021567 -0.22224561133021567 -0.3065537352236758 -0.22224561133021567 -0.22224561133021567 -0.22224561133021567 -0.22224561133021567 -0.22224561133021567 -0.22224561133021567 -0.22224561133021567 -0.22224561133021567 -0.22224561133021567 -0.22224561133021567 -0.22224561133021567 -0.22224561133021567 -0.22224561133021567 -0.22224561133021567 -0.22224561133021567 -0.22224561133021567 -0.1906430224654926 -0.19048784733284063 -0.18737108117074336 -0.1704541647297793 -0.14309716213307042 -0.09244232792471796 -0.09244232792471796 -0.09244232792471796 -0.09244232792471796 -0.09244232792471796 -0.09244232792471796 -0.09244232792471796 -0.10861209523036916 -0.08188623039719899
-0.29129636319302193 -0.29129636319302193 -0.29129636319302193 -0.29129636319302193 -0.20353553184483406 -0.29129636319302193 -0.29129636319302193 -0.29129636319302193 -0.29129636319302193 -0.29129636319302193 -0.29129636319302193 -0.29129636319302193 -0.29129636319302193 -0.29129636319302193 -0.29129636319302193 -0.29129636319302193 -0.29129636319302193 -0.29129636319302193 -0.29129636319302193 -0.29129636319302193 -0.29129636319302193 -0.29129636319302193 -0.29129636319302193 -0.29129636319302193 -0.29129636319302193 -0.29129636319302193 -0.29129636319302193 -0.29129636319302193 -0.29129636319302193 -0.29129636319302193 -0.29129636319302193 -0.29129636319302193 -0.29129636319302193 -0.29129636319302193 -0.29129636319302193 -0.29129636319302193 -0.29129636319302193 -0.29129636319302193 -0.29129636319302193 -0.29129636319302193 -0.29129636319302193 -0.29129636319302193 -0.29129636319302193 -0.29129636319302193 -0.29129636319302193 -0.29129636319302193 -0.29129636319302193 -0.29129636319302193 -0.22224561133021567 -0.22567365222699193 -0.29129636319302193 -0.22224561133021567 -0.22567365222699193 -0.29129636319302193 -0.22224561133021567 -0.22567365222699193 -0.29129636319302193 -0.22224561133021567 -0.22567365222699193 -0.22224561133021567 -0.29129636319302193 -0.29129636319302193 -0.22567365222699193 -0.29129636319302193 -0.29129636319302193 -0.29129636319302193 -0.29129636319302193 -0.29129636319302193 -0.20353553184483406 -0.20353553184483406 -0.29129636319302193 -0.29129636319302193 -0.29129636319302193 -0.29129636319302193 -0.29129636319302193 -0.2561103426662814 -0.3061633198471201 -0.22224561133021567 -0.30617374776277906 -0.22567365222699193 -0.29129636319302193 -0.29129636319302193 -0.23626144387808534 -0.26743136365534803 -0.27025962786486346 -0.2561103426662814 -0.23626144387808534 -0.2561103426662814 -0.26346034662391615 -0.26346034662391615 -0.252449948104398 -0.23800081174500878 -0.23800081174500878 -0.2370013856589639 -0.1906430224654926 -0.19048784733284063 -0.18737108117074336 -0.1704541647297793 -0.14309716213307042 -0.09244232792471796 -0.09244232792471796 -0.09244232792471796 -0.09244232792471796 -0.09244232792471796 -0.09244232792471796 -0.09244232792471796 -0.10861209523036916 -0.08188623039719899
-0.22567365222699193 -0.22567365222699193 -0.22567365222699193 -0.22567365222699193 -0.20353553184483406 -0.22567365222699193 -0.22567365222699193 -0.22567365222699193 -0.22567365222699193 -0.22567365222699193 -0.22567365222699193 -0.22567365222699193 -0.22567365222699193 -0.22567365222699193 -0.22567365222699193 -0.22567365222699193 -0.22567365222699193 -0.22567365222699193 -0.22567365222699193 -0.22567365222699193 -0.22567365222699193 -0.22567365222699193 -0.22567365222699193 -0.22567365222699193 -0.22567365222699193 -0.22567365222699193 -0.22567365222699193 -0.22567365222699193 -0.22567365222699193 -0.22567365222699193 -0.22567365222699193 -0.22567365222699193 -0.22567365222699193 -0.22567365222699193 -0.22567365222699193 -0.22567365222699193 -0.22567365222699193 -0.22567365222699193 -0.22567365222699193 -0.22567365222699193 -0.22567365222699193 -0.22567365222699193 -0.22567365222699193 -0.22567365222699193 -0.22567365222699193 -0.22567365222699193 -0.22567365222699193 -0.22567365222699193 -0.22224561133021567 -0.2650889036203608 -0.22567365222699193 -0.22224561133021567 -0.2650889036203608 -0.22567365222699193 -0.22224561133021567 -0.2650889036203608 -0.22567365222699193 -0.22224561133021567 -0.2650889036203608 -0.22224561133021567 -0.22567365222699193 -0.22567365222699193 -0.2650889036203608 -0.22567365222699193 -0.22567365222699193 -0.22567365222699193 -0.22567365222699193 -0.22567365222699193 -0.20353553184483406 -0.20353553184483406 -0.22567365222699193 -0.22567365222699193 -0.22567365222699193 -0.22567365222699193 -0.22567365222699193 -0.22567365222699193 -0.22567365222699193 -0.22224561133021567 -0.22567365222699193 -0.30388916614153666 -0.22567365222699193 -0.22567365222699193 -0.22567365222699193 -0.22567365222699193 -0.22567365222699193 -0.22567365222699193 -0.22567365222699193 -0.22567365222699193 -0.22567365222699193 -0.22567365222699193 -0.22567365222699193 -0.22567365222699193 -0.22567365222699193 -0.22567365222699193 -0.1906430224654926 -0.19048784733284063 -0.18737108117074336 -0.1704541647297793 -0.14309716213307042 -0.09244232792471796 -0.09244232792471796 -0.09244232792471796 -0.09244232792471796 -0.09244232792471796 -0.09244232792471796 -0.09244232792471796 -0.10861209523036916 -0.08188623039719899
-0.2934336346587955 -0.2934336346587955 -0.2934336346587955 -0.2934336346587955 -0.20353553184483406 -0.2934336346587955 -0.2934336346587955 -0.2934336346587955 -0.2934336346587955 -0.2934336346587955 -0.2934336346587955 -0.2934336346587955 -0.2934336346587955 -0.2934336346587955 -0.2934336346587955 -0.2934336346587955 -0.2934336346587955 -0.2934336346587955 -0.2934336346587955 -0.2934336346587955 -0.2934336346587955 -0.2934336346587955 -0.2934336346587955 -0.2934336346587955 -0.2934336346587955 -0.2934336346587955 -0.2934336346587955 -0.2934336346587955 -0.2934336346587955 -0.2934336346587955 -0.2934336346587955 -0.2934336346587955 -0.2934336346587955 -0.2934336346587955 -0.2934336346587955 -0.2934336346587955 -0.2934336346587955 -0.2934336346587955 -0.2934336346587955 -0.2934336346587955 -0.2934336346587955 -0.2934336346587955 -0.2934336346587955 -0.2934336346587955 -0.2934336346587955 -0.2934336346587955 -0.2934336346587955 -0.2934336346587955 -0.22224561133021567 -0.22567365222699193 -0.2934336346587955 -0.22224561133021567 -0.22567365222699193 -0.2934336346587955 -0.22224561133021567 -0.22567365222699193 -0.2934336346587955 -0.22224561133021567 -0.22567365222699193 -0.22224561133021567 -0.2934336346587955 -0.2934336346587955 -0.22567365222699193 -0.2934336346587955 -0.2934336346587955 -0.2934336346587955 -0.2934336346587955 -0.2934336346587955 -0.20353553184483406 -0.20353553184483406 -0.2934336346587955 -0.2934336346587955 -0.2934336346587955 -0.2934336346587955 -0.2934336346587955 -0.2561103426662814 -0.29129636319302193 -0.22224561133021567 -0.29129636319302193 -0.22567365222699193 -0.29444002104946587 -0.2919174480169343 -0.23626144387808534 -0.26743136365534803 -0.27025962786486346 -0.2561103426662814 -0.23626144387808534 -0.2561103426662814 -0.26346034662391615 -0.26346034662391615 -0.252449948104398 -0.23800081174500878 -0.23800081174500878 -0.2370013856589639 -0.1906430224654926 -0.19048784733284063 -0.18737108117074336 -0.1704541647297793 -0.14309716213307042 -0.09244232792471796 -0.09244232792471796 -0.09244232792471796 -0.09244232792471796 -0.09244232792471796 -0.09244232792471796 -0.09244232792471796 -0.10861209523036916 -0.08188623039719899
-0.2919174480169343 -0.2919174480169343 -0.2919174480169343 -0.2919174480169343 -0.20353553184483406 -0.2919174480169343 -0.2919174480169343 -0.2919174480169343 -0.2919174480169343 -0.2919174480169343 -0.2919174480169343 -0.2919174480169343 -0.2919174480169343 -0.2919174480169343 -0.2919174480169343 -0.2919174480169343 -0.2919174480169343 -0.2919174480169343 -0.2919174480169343 -0.2919174480169343 -0.2919174480169343 -0.2919174480169343 -0.2919174480169343 -0.2919174480169343 -0.2919174480169343 -0.2919174480169343 -0.2919174480169343 -0.2919174480169343 -0.2919174480169343 -0.2919174480169343 -0.2919174480169343 -0.2919174480169343 -0.2919174480169343 -0.2919174480169343 -0.2919174480169343 -0.2919174480169343 -0.2919174480169343 -0.2919174480169343 -0.2919174480169343 -0.2919174480169343 -0.2919174480169343 -0.2919174480169343 -0.2919174480169343 -0.2919174480169343 -0.2919174480169343 -0.2919174480169343 -0.2919174480169343 -0.2919174480169343 -0.22224561133021567 -0.22567365222699193 -0.2919174480169343 -0.22224561133021567 -0.22567365222699193 -0.2919174480169343 -0.22224561133021567 -0.22567365222699193 -0.2919174480169343 -0.22224561133021567 -0.22567365222699193 -0.22224561133021567 -0.2919174480169343 -0.2919174480169343 -0.22567365222699193 -0.2919174480169343 -0.2919174480169343 -0.2919174480169343 -0.2919174480169343 -0.2919174480169343 -0.20353553184483406 -0.20353553184483406 -0.2919174480169343 -0.2919174480169343 -0.2919174480169343 -0.2919174480169343 -0.2919174480169343 -0.2561103426662814 -0.29129636319302193 -0.22224561133021567 -0.29129636319302193 -0.22567365222699193 -0.2919174480169343 -0.2924339546198049 -0.23626144387808534 -0.26743136365534803 -0.27025962786486346 -0.2561103426662814 -0.23626144387808534 -0.2561103426662814 -0.26346034662391615 -0.26346034662391615 -0.252449948104398 -0.23800081174500878 -0.23800081174500878 -0.2370013856589639 -0.1906430224654926 -0.19048784733284063 -0.18737108117074336 -0.1704541647297793 -0.14309716213307042 -0.09244232792471796 -0.09244232792471796 -0.09244232792471796 -0.09244232792471796 -0.09244232792471796 -0.09244232792471796 -0.09244232792471796 -0.10861209523036916 -0.08188623039719899
-0.23626144387808534 -0.23626144387808534 -0.23626144387808534 -0.23626144387808534 -0.20353553184483406 -0.23626144387808534 -0.23626144387808534 -0.23626144387808534 -0.23626144387808534 -0.23626144387808534 -0.23626144387808534 -0.23626144387808534 -0.23626144387808534 -0.23626144387808534 -0.23626144387808534 -0.23626144387808534 -0.23626144387808534 -0.23626144387808534 -0.23626144387808534 -0.23626144387808534 -0.23626144387808534 -0.23626144387808534 -0.23626144387808534 -0.23626144387808534 -0.23626144387808534 -0.23626144387808534 -0.23626144387808534 -0.23626144387808534 -0.23626144387808534 -0.23626144387808534 -0.23626144387808534 -0.23626144387808534 -0.23626144387808534 -0.23626144387808534 -0.23626144387808534 -0.23626144387808534 -0.23626144387808534 -0.23626144387808534 -0.23626144387808534 -0.23626144387808534 -0.23626144387808534 -0.23626144387808534 -0.23626144387808534 -0.23626144387808534 -0.23626144387808534 -0.23626144387808534 -0.23626144387808534 -0.23626144387808534 -0.22224561133021567 -0.22567365222699193 -0.23626144387808534 -0.22224561133021567 -0.22567365222699193 -0.23626144387808534 -0.22224561133021567 -0.22567365222699193 -0.23626144387808534 -0.22224561133021567 -0.22567365222699193 -0.22224561133021567 -0.23626144387808534 -0.23626144387808534 -0.22567365222699193 -0.23626144387808534 -0.23626144387808534 -0.23626144387808534 -0.23626144387808534 -0.23626144387808534 -0.20353553184483406 -0.20353553184483406 -0.23626144387808534 -0.23626144387808534 -0.23626144387808534 -0.23626144387808534 -0.23626144387808534 -0.23626144387808534 -0.23626144387808534 -0.22224561133021567 -0.23626144387808534 -0.22567365222699193 -0.23626144387808534 -0.23626144387808534 -0.28316644884008313 -0.23626144387808534 -0.23626144387808534 -0.23626144387808534 -0.27081521840282824 -0.23626144387808534 -0.23626144387808534 -0.23626144387808534 -0.23626144387808534 -0.23626144387808534 -0.23626144387808534 -0.23626144387808534 -0.1906430224654926 -0.19048784733284063 -0.18737108117074336 -0.1704541647297793 -0.14309716213307042 -0.09244232792471796 -0.09244232792471796 -0.09244232792471796 -0.09244232792471796 -0.09244232792471796 -0.09244232792471796 -0.09244232792471796 -0.10861209523036916 -0.08188623039719899
-0.26743136365534803 -0.26743136365534803 -0.26743136365534803 -0.26743136365534803 -0.20353553184483406 -0.26743136365534803 -0.26743136365534803 -0.26743136365534803 -0.26743136365534803 -0.26743136365534803 -0.26743136365534803 -0.26743136365534803 -0.26743136365534803 -0.26743136365534803 -0.26743136365534803 -0.26743136365534803 -0.26743136365534803 -0.26743136365534803 -0.26743136365534803 -0.26743136365534803 -0.26743136365534803 -0.26743136365534803 -0.26743136365534803 -0.26743136365534803 -0.26743136365534803 -0.26743136365534803 -0.26743136365534803 -0.26743136365534803 -0.26743136365534803 -0.26743136365534803 -0.26743136365534803 -0.26743136365534803 -0.26743136365534803 -0.26743136365534803 -0.26743136365534803 -0.26743136365534803 -0.26743136365534803 -0.26743136365534803 -0.26743136365534803 -0.26743136365534803 -0.26743136365534803 -0.26743136365534803 -0.26743136365534803 -0.26743136365534803 -0.26743136365534803 -0.26743136365534803 -0.26743136365534803 -0.26743136365534803 -0.22224561133021567 -0.22567365222699193 -0.26743136365534803 -0.22224561133021567 -0.22567365222699193 -0.26743136365534803 -0.22224561133021567 -0.22567365222699193 -0.26743136365534803 -0.22224561133021567 -0.22567365222699193 -0.22224561133021567 -0.26743136365534803 -0.26743136365534803 -0.22567365222699193 -0.26743136365534803 -0.26743136365534803 -0.26743136365534803 -0.26743136365534803 -0.26743136365534803 -0.20353553184483406 -0.20353553184483406 -0.26743136365534803 -0.26743136365534803 -0.26743136365534803 -0.26743136365534803 -0.26743136365534803 -0.2561103426662814 -0.26743136365534803 -0.22224561133021567 -0.26743136365534803 -0.22567365222699193 -0.26743136365534803 -0.26743136365534803 -0.23626144387808534 -0.28302608852452654 -0.26743136365534803 -0.2561103426662814 -0.23626144387808534 -0.2561103426662814 -0.26346034662391615 -0.26346034662391615 -0.252449948104398 -0.23800081174500878 -0.23800081174500878 -0.2370013856589639 -0.1906430224654926 -0.19048784733284063 -0.18737108117074336 -0.1704541647297793 -0.14309716213307042 -0.09244232792471796 -0.09244232792471796 -0.09244232792471796 -0.09244232792471796 -0.09244232792471796 -0.09244232792471796 -0.09244232792471796 -0.10861209523036916 -0.08188623039719899
-0.27025962786486346 -0.27025962786486346 -0.27025962786486346 -0.27025962786486346 -0.20353553184483406 -0.27025962786486346 -0.27025962786486346 -0.27025962786486346 -0.27025962786486346 -0.27025962786486346 -0.27025962786486346 -0.27025962786486346 -0.27025962786486346 -0.27025962786486346 -0.27025962786486346 -0.27025962786486346 -0.27025962786486346 -0.27025962786486346 -0.27025962786486346 -0.27025962786486346 -0.27025962786486346 -0.27025962786486346 -0.27025962786486346 -0.27025962786486346 -0.27025962786486346 -0.27025962786486346 -0.27025962786486346 -0.27025962786486346 -0.27025962786486346 -0.27025962786486346 -0.27025962786486346 -0.27025962786486346 -0.27025962786486346 -0.27025962786486346 -0.27025962786486346 -0.27025962786486346 -0.27025962786486346 -0.27025962786486346 -0.27025962786486346 -0.27025962786486346 -0.27025962786486346 -0.27025962786486346 -0.27025962786486346 -0.27025962786486346 -0.27025962786486346 -0.27025962786486346 -0.27025962786486346 -0.27025962786486346 -0.22224561133021567 -0.22567365222699193 -0.27025962786486346 -0.22224561133021567 -0.22567365222699193 -0.27025962786486346 -0.22224561133021567 -0.22567365222699193 -0.27025962786486346 -0.22224561133021567 -0.22567365222699193 -0.22224561133021567 -0.27025962786486346 -0.27025962786486346 -0.22567365222699193 -0.27025962786486346 -0.27025962786486346 -0.27025962786486346 -0.27025962786486346 -0.27025962786486346 -0.20353553184483406 -0.20353553184483406 -0.27025962786486346 -0.27025962786486346 -0.27025962786486346 -0.27025962786486346 -0.27025962786486346 -0.2561103426662814 -0.27025962786486346 -0.22224561133021567 -0.27025962786486346 -0.22567365222699193 -0.27025962786486346 -0.27025962786486346 -0.23626144387808534 -0.26743136365534803 -0.273558881433333 -0.2561103426662814 -0.23626144387808534 -0.2561103426662814 -0.26346034662391615 -0.26346034662391615 -0.252449948104398 -0.23800081174500878 -0.23800081174500878 -0.2370013856589639 -0.1906430224654926 -0.19048784733284063 -0.18737108117074336 -0.1704541647297793 -0.14309716213307042 -0.09244232792471796 -0.09244232792471796 -0.09244232792471796 -0.09244232792471796 -0.09244232792471796 -0.09244232792471796 -0.09244232792471796 -0.10861209523036916 -0.08188623039719899
-0.2561103426662814 -0.2561103426662814 -0.2561103426662814 -0.2561103426662814 -0.20353553184483406 -0.2561103426662814 -0.2561103426662814 -0.2561103426662814 -0.2561103426662814 -0.2561103426662814 -0.2561103426662814 -0.2561103426662814 -0.2561103426662814 -0.2561103426662814 -0.2561103426662814 -0.2561103426662814 -0.2561103426662814 -0.2561103426662814 -0.2561103426662814 -0.2561103426662814 -0.2561103426662814 -0.2561103426662814 -0.2561103426662814 -0.2561103426662814 -0.2561103426662814 -0.2561103426662814 -0.2561103426662814 -0.2561103426662814 -0.2561103426662814 -0.2561103426662814 -0.2561103426662814 -0.2561103426662814 -0.2561103426662814 -0.2561103426662814 -0.2561103426662814 -0.2561103426662814 -0.2561103426662814 -0.2561103426662814 -0.2561103426662814 -0.2561103426662814 -0.2561103426662814 -0.2561103426662814 -0.2561103426662814 -0.2561103426662814 -0.2561103426662814 -0.2561103426662814 -0.2561103426662814 -0.2561103426662814 -0.22224561133021567 -0.22567365222699193 -0.2561103426662814 -0.22224561133021567 -0.22567365222699193 -0.2561103426662814 -0.22224561133021567 -0.22567365222699193 -0.2561103426662814 -0.22224561133021567 -0.22567365222699193 -0.22224561133021567 -0.2561103426662814 -0.2561103426662814 -0.22567365222699193 -0.2561103426662814 -0.2561103426662814 -0.2561103426662814 -0.2561103426662814 -0.2561103426662814 -0.20353553184483406 -0.20353553184483406 -0.2561103426662814 -0.2561103426662814 -0.2561103426662814 -0.2561103426662814 -0.2561103426662814 -0.26019819026193924 -0.2561103426662814 -0.22224561133021567 -0.2561103426662814 -0.22567365222699193 -0.2561103426662814 -0.2561103426662814 -0.23626144387808534 -0.2561103426662814 -0.2561103426662814 -0.27160283001747537 -0.23626144387808534 -0.2601517175332678 -0.2561103426662814 -0.2561103426662814 -0.252449948104398 -0.23800081174500878 -0.23800081174500878 -0.2370013856589639 -0.1906430224654926 -0.19048784733284063 -0.18737108117074336 -0.1704541647297793 -0.14309716213307042 -0.09244232792471796 -0.09244232792471796 -0.09244232792471796 -0.09244232792471796 -0.09244232792471796 -0.09244232792471796 -0.09244232792471796 -0.10861209523036916 -0.08188623039719899
-0.23626144387808534 -0.23626144387808534 -0.23626144387808534 -0.23626144387808534 -0.20353553184483406 -0.23626144387808534 -0.23626144387808534 -0.23626144387808534 -0.23626144387808534 -0.23626144387808534 -0.23626144387808534 -0.23626144387808534 -0.23626144387808534 -0.23626144387808534 -0.23626144387808534 -0.23626144387808534 -0.23626144387808534 -0.23626144387808534 -0.23626144387808534 -0.23626144387808534 -0.23626144387808534 -0.23626144387808534 -0.23626144387808534 -0.23626144387808534 -0.23626144387808534 -0.23626144387808534 -0.23626144387808534 -0.23626144387808534 -0.23626144387808534 -0.23626144387808534 -0.23626144387808534 -0.23626144387808534 -0.23626144387808534 -0.23626144387808534 -0.23626144387808534 -0.23626144387808534 -0.23626144387808534 -0.23626144387808534 -0.23626144387808534 -0.23626144387808534 -0.23626144387808534 -0.23626144387808534 -0.23626144387808534 -0.23626144387808534 -0.23626144387808534 -0.23626144387808534 -0.23626144387808534 -0.23626144387808534 -0.22224561133021567 -0.22567365222699193 -0.23626144387808534 -0.22224561133021567 -0.22567365222699193 -0.23626144387808534 -0.22224561133021567 -0.22567365222699193 -0.23626144387808534 -0.22224561133021567 -0.22567365222699193 -0.22224561133021567 -0.23626144387808534 -0.23626144387808534 -0.22567365222699193 -0.23626144387808534 -0.23626144387808534 -0.23626144387808534 -0.23626144387808534 -0.23626144387808534 -0.20353553184483406 -0.20353553184483406 -0.23626144387808534 -0.23626144387808534 -0.23626144387808534 -0.23626144387808534 -0.23626144387808534 -0.23626144387808534 -0.23626144387808534 -0.22224561133021567 -0.23626144387808534 -0.22567365222699193 -0.23626144387808534 -0.23626144387808534 -0.27081521840282824 -0.23626144387808534 -0.23626144387808534 -0.23626144387808534 -0.2712478875158009 -0.23626144387808534 -0.23626144387808534 -0.23626144387808534 -0.23626144387808534 -0.23626144387808534 -0.23626144387808534 -0.23626144387808534 -0.1906430224654926 -0.19048784733284063 -0.18737108117074336 -0.1704541647297793 -0.14309716213307042 -0.09244232792471796 -0.09244232792471796 -0.09244232792471796 -0.09244232792471796 -0.09244232792471796 -0.09244232792471796 -0.09244232792471796 -0.10861209523036916 -0.08188623039719899
-0.2561103426662814 -0.2561103426662814 -0.2561103426662814 -0.2561103426662814 -0.20353553184483406 -0.2561103426662814 -0.2561103426662814 -0.2561103426662814 -0.2561103426662814 -0.2561103426662814 -0.2561103426662814 -0.2561103426662814 -0.2561103426662814 -0.2561103426662814 -0.2561103426662814 -0.2561103426662814 -0.2561103426662814 -0.2561103426662814 -0.2561103426662814 -0.2561103426662814 -0.2561103426662814 -0.2561103426662814 -0.2561103426662814 -0.2561103426662814 -0.2561103426662814 -0.2561103426662814 -0.2561103426662814 -0.2561103426662814 -0.2561103426662814 -0.2561103426662814 -0.2561103426662814 -0.2561103426662814 -0.2561103426662814 -0.2561103426662814 -0.2561103426662814 -0.2561103426662814 -0.2561103426662814 -0.2561103426662814 -0.2561103426662814 -0.2561103426662814 -0.2561103426662814 -0.2561103426662814 -0.2561103426662814 -0.2561103426662814 -0.2561103426662814 -0.2561103426662814 -0.2561103426662814 -0.2561103426662814 -0.22224561133021567 -0.22567365222699193 -0.2561103426662814 -0.22224561133021567 -0.22567365222699193 -0.2561103426662814 -0.22224561133021567 -0.22567365222699193 -0.2561103426662814 -0.22224561133021567 -0.22567365222699193 -0.22224561133021567 -0.2561103426662814 -0.2561103426662814 -0.22567365222699193 -0.2561103426662814 -0.2561103426662814 -0.2561103426662814 -0.2561103426662814 -0.2561103426662814 -0.20353553184483406 -0.20353553184483406 -0.2561103426662814 -0.2561103426662814 -0.2561103426662814 -0.2561103426662814 -0.2561103426662814 -0.2601517175332678 -0.2561103426662814 -0.22224561133021567 -0.2561103426662814 -0.22567365222699193 -0.2561103426662814 -0.2561103426662814 -0.23626144387808534 -0.2561103426662814 -0.2561103426662814 -0.2601517175332678 -0.23626144387808534 -0.2665625056149142 -0.2561103426662814 -0.2561103426662814 -0.252449948104398 -0.23800081174500878 -0.23800081174500878 -0.2370013856589639 -0.1906430224654926 -0.19048784733284063 -0.18737108117074336 -0.1704541647297793 -0.14309716213307042 -0.09244232792471796 -0.09244232792471796 -0.09244232792471796 -0.09244232792471796 -0.09244232792471796 -0.09244232792471796 -0.09244232792471796 -0.10861209523036916 -0.08188623039719899
-0.26346034662391615 -0.26346034662391615 -0.26346034662391615 -0.26346034662391615 -0.20353553184483406 -0.26346034662391615 -0.26346034662391615 -0.26346034662391615 -0.26346034662391615 -0.26346034662391615 -0.26346034662391615 -0.26346034662391615 -0.26346034662391615 -0.26346034662391615 -0.26346034662391615 -0.26346034662391615 -0.26346034662391615 -0.26346034662391615 -0.26346034662391615 -0.26346034662391615 -0.26346034662391615 -0.26346034662391615 -0.26346034662391615 -0.26346034662391615 -0.26346034662391615 -0.26346034662391615 -0.26346034662391615 -0.26346034662391615 -0.26346034662391615 -0.26346034662391615 -0.26346034662391615 -0.26346034662391615 -0.26346034662391615 -0.26346034662391615 -0.26346034662391615 -0.26346034662391615 -0.26346034662391615 -0.26346034662391615 -0.26346034662391615 -0.26346034662391615 -0.26346034662391615 -0.26346034662391615 -0.26346034662391615 -0.26346034662391615 -0.26346034662391615 -0.26346034662391615 -0.26346034662391615 -0.26346034662391615 -0.22224561133021567 -0.22567365222699193 -0.26346034662391615 -0.22224561133021567 -0.22567365222699193 -0.26346034662391615 -0.22224561133021567 -0.22567365222699193 -0.26346034662391615 -0.22224561133021567 -0.22567365222699193 -0.22224561133021567 -0.26346034662391615 -0.26346034662391615 -0.22567365222699193 -0.26346034662391615 -0.26346034662391615 -0.26346034662391615 -0.26346034662391615 -0.26346034662391615 -0.20353553184483406 -0.20353553184483406 -0.26346034662391615 -0.26346034662391615 -0.26346034662391615 -0.26346034662391615 -0.26346034662391615 -0.2561103426662814 -0.26346034662391615 -0.22224561133021567 -0.26346034662391615 -0.22567365222699193 -0.26346034662391615 -0.26346034662391615 -0.23626144387808534 -0.26346034662391615 -0.26346034662391615 -0.2561103426662814 -0.23626144387808534 -0.2561103426662814 -0.265423319990964 -0.2645228944666656 -0.252449948104398 -0.23800081174500878 -0.23800081174500878 -0.2370013856589639 -0.1906430224654926 -0.19048784733284063 -0.18737108117074336 -0.1704541647297793 -0.14309716213307042 -0.09244232792471796 -0.09244232792471796 -0.09244232792471796 -0.09244232792471796 -0.09244232792471796 -0.09244232792471796 -0.09244232792471796 -0.10861209523036916 -0.08188623039719899
-0.26346034662391615 -0.26346034662391615 -0.26346034662391615 -0.26346034662391615 -0.20353553184483406 -0.26346034662391615 -0.26346034662391615 -0.26346034662391615 -0.26346034662391615 -0.26346034662391615 -0.26346034662391615 -0.26346034662391615 -0.26346034662391615 -0.26346034662391615 -0.26346034662391615 -0.26346034662391615 -0.26346034662391615 -0.26346034662391615 -0.26346034662391615 -0.26346034662391615 -0.26346034662391615 -0.26346034662391615 -0.26346034662391615 -0.26346034662391615 -0.26346034662391615 -0.26346034662391615 -0.26346034662391615 -0.26346034662391615 -0.26346034662391615 -0.26346034662391615 -0.26346034662391615 -0.26346034662391615 -0.26346034662391615 -0.26346034662391615 -0.26346034662391615 -0.26346034662391615 -0.26346034662391615 -0.26346034662391615 -0.26346034662391615 -0.26346034662391615 -0.26346034662391615 -0.26346034662391615 -0.26346034662391615 -0.26346034662391615 -0.26346034662391615 -0.26346034662391615 -0.26346034662391615 -0.26346034662391615 -0.22224561133021567 -0.22567365222699193 -0.26346034662391615 -0.22224561133021567 -0.22567365222699193 -0.26346034662391615 -0.22224561133021567 -0.22567365222699193 -0.26346034662391615 -0.22224561133021567 -0.22567365222699193 -0.22224561133021567 -0.26346034662391615 -0.26346034662391615 -0.22567365222699193 -0.26346034662391615 -0.26346034662391615 -0.26346034662391615 -0.26346034662391615 -0.26346034662391615 -0.20353553184483406 -0.20353553184483406 -0.26346034662391615 -0.26346034662391615 -0.26346034662391615 -0.26346034662391615 -0.26346034662391615 -0.2561103426662814 -0.26346034662391615 -0.22224561133021567 -0.26346034662391615 -0.22567365222699193 -0.26346034662391615 -0.26346034662391615 -0.23626144387808534 -0.26346034662391615 -0.26346034662391615 -0.2561103426662814 -0.23626144387808534 -0.2561103426662814 -0.2645228944666656 -0.265355971764778 -0.252449948104398 -0.23800081174500878 -0.23800081174500878 -0.2370013856589639 -0.1906430224654926 -0.19048784733284063 -0.18737108117074336 -0.1704541647297793 -0.14309716213307042 -0.09244232792471796 -0.09244232792471796 -0.09244232792471796 -0.09244232792471796 -0.09244232792471796 -0.09244232792471796 -0.09244232792471796 -0.10861209523036916 -0.08188623039719899
-0.252449948104398 -0.252449948104398 -0.252449948104398 -0.252449948104398 -0.20353553184483406 -0.252449948104398 -0.252449948104398 -0.252449948104398 -0.252449948104398 -0.252449948104398 -0.252449948104398 -0.252449948104398 -0.252449948104398 -0.252449948104398 -0.252449948104398 -0.252449948104398 -0.252449948104398 -0.252449948104398 -0.252449948104398 -0.252449948104398 -0.252449948104398 -0.252449948104398 -0.252449948104398 -0.252449948104398 -0.252449948104398 -0.252449948104398 -0.252449948104398 -0.252449948104398 -0.252449948104398 -0.252449948104398 -0.252449948104398 -0.252449948104398 -0.252449948104398 -0.252449948104398 -0.252449948104398 -0.252449948104398 -0.252449948104398 -0.252449948104398 -0.252449948104398 -0.252449948104398 -0.252449948104398 -0.252449948104398 -0.252449948104398 -0.252449948104398 -0.252449948104398 -0.252449948104398 -0.252449948104398 -0.252449948104398 -0.22224561133021567 -0.22567365222699193 -0.252449948104398 -0.22224561133021567 -0.22567365222699193 -0.252449948104398 -0.22224561133021567 -0.22567365222699193 -0.252449948104398 -0.22224561133021567 -0.22567365222699193 -0.22224561133021567 -0.252449948104398 -0.252449948104398 -0.22567365222699193 -0.252449948104398 -0.252449948104398 -0.252449948104398 -0.252449948104398 -0.252449948104398 -0.20353553184483406 -0.20353553184483406 -0.252449948104398 -0.252449948104398 -0.252449948104398 -0.252449948104398 -0.252449948104398 -0.252449948104398 -0.252449948104398 -0.22224561133021567 -0.252449948104398 -0.22567365222699193 -0.252449948104398 -0.252449948104398 -0.23626144387808534 -0.252449948104398 -0.252449948104398 -0.252449948104398 -0.23626144387808534 -0.252449948104398 -0.252449948104398 -0.252449948104398 -0.25455295247460724 -0.23800081174500878 -0.23800081174500878 -0.2370013856589639 -0.1906430224654926 -0.19048784733284063 -0.18737108117074336 -0.1704541647297793 -0.14309716213307042 -0.09244232792471796 -0.09244232792471796 -0.09244232792471796 -0.09244232792471796 -0.09244232792471796 -0.09244232792471796 -0.09244232792471796 -0.10861209523036916 -0.08188623039719899
-0.23800081174500878 -0.23800081174500878 -0.23800081174500878 -0.23800081174500878 -0.20353553184483406 -0.23800081174500878 -0.23800081174500878 -0.23800081174500878 -0.23800081174500878 -0.23800081174500878 -0.23800081174500878 -0.23800081174500878 -0.23800081174500878 -0.23800081174500878 -0.23800081174500878 -0.23800081174500878 -0.23800081174500878 -0.23800081174500878 -0.23800081174500878 -0.23800081174500878 -0.23800081174500878 -0.23800081174500878 -0.23800081174500878 -0.23800081174500878 -0.23800081174500878 -0.23800081174500878 -0.23800081174500878 -0.23800081174500878 -0.23800081174500878 -0.23800081174500878 -0.23800081174500878 -0.23800081174500878 -0.23800081174500878 -0.23800081174500878 -0.23800081174500878 -0.23800081174500878 -0.23800081174500878 -0.23800081174500878 -0.23800081174500878 -0.23800081174500878 -0.23800081174500878 -0.23800081174500878 -0.23800081174500878 -0.23800081174500878 -0.23800081174500878 -0.23800081174500878 -0.23800081174500878 -0.23800081174500878 -0.22224561133021567 -0.22567365222699193 -0.23800081174500878 -0.22224561133021567 -0.22567365222699193 -0.23800081174500878 -0.22224561133021567 -0.22567365222699193 -0.23800081174500878 -0.22224561133021567 -0.22567365222699193 -0.22224561133021567 -0.23800081174500878 -0.23800081174500878 -0.22567365222699193 -0.23800081174500878 -0.23800081174500878 -0.23800081174500878 -0.23800081174500878 -0.23800081174500878 -0.20353553184483406 -0.20353553184483406 -0.23800081174500878 -0.23800081174500878 -0.23800081174500878 -0.23800081174500878 -0.23800081174500878 -0.23800081174500878 -0.23800081174500878 -0.22224561133021567 -0.23800081174500878 -0.22567365222699193 -0.23800081174500878 -0.23800081174500878 -0.23626144387808534 -0.23800081174500878 -0.23800081174500878 -0.23800081174500878 -0.23626144387808534 -0.23800081174500878 -0.23800081174500878 -0.23800081174500878 -0.23800081174500878 -0.24025179731113802 -0.23854067750179578 -0.2370013856589639 -0.1906430224654926 -0.19048784733284063 -0.18737108117074336 -0.1704541647297793 -0.14309716213307042 -0.09244232792471796 -0.09244232792471796 -0.09244232792471796 -0.09244232792471796 -0.09244232792471796 -0.09244232792471796 -0.09244232792471796 -0.10861209523036916 -0.08188623039719899
-0.23800081174500878 -0.23800081174500878 -0.23800081174500878 -0.23800081174500878 -0.20353553184483406 -0.23800081174500878 -0.23800081174500878 -0.23800081174500878 -0.23800081174500878 -0.23800081174500878 -0.23800081174500878 -0.23800081174500878 -0.23800081174500878 -0.23800081174500878 -0.23800081174500878 -0.23800081174500878 -0.23800081174500878 -0.23800081174500878 -0.23800081174500878 -0.23800081174500878 -0.23800081174500878 -0.23800081174500878 -0.23800081174500878 -0.23800081174500878 -0.23800081174500878 -0.23800081174500878 -0.23800081174500878 -0.23800081174500878 -0.23800081174500878 -0.23800081174500878 -0.23800081174500878 -0.23800081174500878 -0.23800081174500878 -0.23800081174500878 -0.23800081174500878 -0.23800081174500878 -0.23800081174500878 -0.23800081174500878 -0.23800081174500878 -0.23800081174500878 -0.23800081174500878 -0.23800081174500878 -0.23800081174500878 -0.23800081174500878 -0.23800081174500878 -0.23800081174500878 -0.23800081174500878 -0.23800081174500878 -0.22224561133021567 -0.22567365222699193 -0.23800081174500878 -0.22224561133021567 -0.22567365222699193 -0.23800081174500878 -0.22224561133021567 -0.22567365222699193 -0.23800081174500878 -0.22224561133021567 -0.22567365222699193 -0.22224561133021567 -0.23800081174500878 -0.23800081174500878 -0.22567365222699193 -0.23800081174500878 -0.23800081174500878 -0.23800081174500878 -0.23800081174500878 -0.23800081174500878 -0.20353553184483406 -0.20353553184483406 -0.23800081174500878 -0.23800081174500878 -0.23800081174500878 -0.23800081174500878 -0.23800081174500878 -0.23800081174500878 -0.23800081174500878 -0.22224561133021567 -0.23800081174500878 -0.22567365222699193 -0.23800081174500878 -0.23800081174500878 -0.23626144387808534 -0.23800081174500878 -0.23800081174500878 -0.23800081174500878 -0.23626144387808534 -0.23800081174500878 -0.23800081174500878 -0.23800081174500878 -0.23800081174500878 -0.23854067750179578 -0.23868066494128992 -0.2370013856589639 -0.1906430224654926 -0.19048784733284063 -0.18737108117074336 -0.1704541647297793 -0.14309716213307042 -0.09244232792471796 -0.09244232792471796 -0.09244232792471796 -0.09244232792471796 -0.09244232792471796 -0.09244232792471796 -0.09244232792471796 -0.10861209523036916 -0.08188623039719899
-0.2370013856589639 -0.2370013856589639 -0.2370013856589639 -0.2370013856589639 -0.20353553184483406 -0.2370013856589639 -0.2370013856589639 -0.2370013856589639 -0.2370013856589639 -0.2370013856589639 -0.2370013856589639 -0.2370013856589639 -0.2370013856589639 -0.2370013856589639 -0.2370013856589639 -0.2370013856589639 -0.2370013856589639 -0.2370013856589639 -0.2370013856589639 -0.2370013856589639 -0.2370013856589639 -0.2370013856589639 -0.2370013856589639 -0.2370013856589639 -0.2370013856589639 -0.2370013856589639 -0.2370013856589639 -0.2370013856589639 -0.2370013856589639 -0.2370013856589639 -0.2370013856589639 -0.2370013856589639 -0.2370013856589639 -0.2370013856589639 -0.2370013856589639 -0.2370013856589639 -0.2370013856589639 -0.2370013856589639 -0.2370013856589639 -0.2370013856589639 -0.2370013856589639 -0.2370013856589639 -0.2370013856589639 -0.2370013856589639 -0.2370013856589639 -0.2370013856589639 -0.2370013856589639 -0.2370013856589639 -0.22224561133021567 -0.22567365222699193 -0.2370013856589639 -0.22224561133021567 -0.22567365222699193 -0.2370013856589639 -0.22224561133021567 -0.22567365222699193 -0.2370013856589639 -0.22224561133021567 -0.22567365222699193 -0.22224561133021567 -0.2370013856589639 -0.2370013856589639 -0.22567365222699193 -0.2370013856589639 -0.2370013856589639 -0.2370013856589639 -0.2370013856589639 -0.2370013856589639 -0.20353553184483406 -0.20353553184483406 -0.2370013856589639 -0.2370013856589639 -0.2370013856589639 -0.2370013856589639 -0.2370013856589639 -0.2370013856589639 -0.2370013856589639 -0.22224561133021567 -0.2370013856589639 -0.22567365222699193 -0.2370013856589639 -0.2370013856589639 -0.23626144387808534 -0.2370013856589639 -0.2370013856589639 -0.2370013856589639 -0.23626144387808534 -0.2370013856589639 -0.2370013856589639 -0.2370013856589639 -0.2370013856589639 -0.2370013856589639 -0.2370013856589639 -0.23737377132813267 -0.1906430224654926 -0.19048784733284063 -0.18737108117074336 -0.1704541647297793 -0.14309716213307042 -0.09244232792471796 -0.09244232792471796 -0.09244232792471796 -0.09244232792471796 -0.09244232792471796 -0.09244232792471796 -0.09244232792471796 -0.10861209523036916 -0.08188623039719899
-0.1906430224654926 -0.1906430224654926 -0.1906430224654926 -0.1906430224654926 -0.1906430224654926 -0.1906430224654926 -0.1906430224654926 -0.1906430224654926 -0.1906430224654926 -0.1906430224654926 -0.1906430224654926 -0.1906430224654926 -0.1906430224654926 -0.1906430224654926 -0.1906430224654926 -0.1906430224654926 -0.1906430224654926 -0.1906430224654926 -0.1906430224654926 -0.1906430224654926 -0.1906430224654926 -0.1906430224654926 -0.1906430224654926 -0.1906430224654926 -0.1906430224654926 -0.1906430224654926 -0.1906430224654926 -0.1906430224654926 -0.1906430224654926 -0.1906430224654926 -0.1906430224654926 -0.1906430224654926 -0.1906430224654926 -0.1906430224654926 -0.1906430224654926 -0.1906430224654926 -0.1906430224654926 -0.1906430224654926 -0.1906430224654926 -0.1906430224654926 -0.1906430224654926 -0.1906430224654926 -0.1906430224654926 -0.1906430224654926 -0.1906430224654926 -0.1906430224654926 -0.1906430224654926 -0.1906430224654926 -0.1906430224654926 -0.1906430224654926 -0.1906430224654926 -0.1906430224654926 -0.1906430224654926 -0.1906430224654926 -0.1906430224654926 -0.1906430224654926 -0.1906430224654926 -0.1906430224654926 -0.1906430224654926 -0.1906430224654926 -0.1906430224654926 -0.1906430224654926 -0.1906430224654926 -0.1906430224654926 -0.1906430224654926 -0.1906430224654926 -0.1906430224654926 -0.1906430224654926 -0.1906430224654926 -0.1906430224654926 -0.1906430224654926 -0.1906430224654926 -0.1906430224654926 -0.1906430224654926 -0.1906430224654926 -0.1906430224654926 -0.1906430224654926 -0.1906430224654926 -0.1906430224654926 -0.1906430224654926 -0.1906430224654926 -0.1906430224654926 -0.1906430224654926 -0.1906430224654926 -0.1906430224654926 -0.1906430224654926 -0.1906430224654926 -0.1906430224654926 -0.1906430224654926 -0.1906430224654926 -0.1906430224654926 -0.1906430224654926 -0.1906430224654926 -0.1906430224654926 -0.22326294024281126 -0.19048784733284063 -0.18737108117074336 -0.1704541647297793 -0.14309716213307042 -0.09244232792471796 -0.09244232792471796 -0.09244232792471796 -0.09244232792471796 -0.09244232792471796 -0.09244232792471796 -0.09244232792471796 -0.10861209523036916 -0.08188623039719899
-0.19048784733284063 -0.19048784733284063 -0.19048784733284063 -0.19048784733284063 -0.19048784733284063 -0.19048784733284063 -0.19048784733284063 -0.19048784733284063 -0.19048784733284063 -0.19048784733284063 -0.19048784733284063 -0.19048784733284063 -0.19048784733284063 -0.19048784733284063 -0.19048784733284063 -0.19048784733284063 -0.19048784733284063 -0.19048784733284063 -0.19048784733284063 -0.19048784733284063 -0.19048784733284063 -0.19048784733284063 -0.19048784733284063 -0.19048784733284063 -0.19048784733284063 -0.19048784733284063 -0.19048784733284063 -0.19048784733284063 -0.19048784733284063 -0.19048784733284063 -0.19048784733284063 -0.19048784733284063 -0.19048784733284063 -0.19048784733284063 -0.19048784733284063 -0.19048784733284063 -0.19048784733284063 -0.19048784733284063 -0.19048784733284063 -0.19048784733284063 -0.19048784733284063 -0.19048784733284063 -0.19048784733284063 -0.19048784733284063 -0.19048784733284063 -0.19048784733284063 -0.19048784733284063 -0.19048784733284063 -0.19048784733284063 -0.19048784733284063 -0.19048784733284063 -0.19048784733284063 -0.19048784733284063 -0.19048784733284063 -0.19048784733284063 -0.19048784733284063 -0.19048784733284063 -0.19048784733284063 -0.19048784733284063 -0.19048784733284063 -0.19048784733284063 -0.19048784733284063 -0.19048784733284063 -0.19048784733284063 -0.19048784733284063 -0.19048784733284063 -0.19048784733284063 -0.19048784733284063 -0.19048784733284063 -0.19048784733284063 -0.19048784733284063 -0.19048784733284063 -0.19048784733284063 -0.19048784733284063 -0.19048784733284063 -0.19048784733284063 -0.19048784733284063 -0.19048784733284063 -0.19048784733284063 -0.19048784733284063 -0.19048784733284063 -0.19048784733284063 -0.19048784733284063 -0.19048784733284063 -0.19048784733284063 -0.19048784733284063 -0.19048784733284063 -0.19048784733284063 -0.19048784733284063 -0.19048784733284063 -0.19048784733284063 -0.19048784733284063 -0.19048784733284063 -0.19048784733284063 -0.19048784733284063 -0.21106583954139696 -0.18737108117074336 -0.1704541647297793 -0.14309716213307042 -0.09244232792471796 -0.09244232792471796 -0.09244232792471796 -0.09244232792471796 -0.09244232792471796 -0.09244232792471796 -0.09244232792471796 -0.10861209523036916 -0.08188623039719899
-0.18737108117074336 -0.18737108117074336 -0.18737108117074336 -0.18737108117074336 -0.18737108117074336 -0.18737108117074336 -0.18737108117074336 -0.18737108117074336 -0.18737108117074336 -0.18737108117074336 -0.18737108117074336 -0.18737108117074336 -0.18737108117074336 -0.18737108117074336 -0.18737108117074336 -0.18737108117074336 -0.18737108117074336 -0.18737108117074336 -0.18737108117074336 -0.18737108117074336 -0.18737108117074336 -0.18737108117074336 -0.18737108117074336 -0.18737108117074336 -0.18737108117074336 -0.18737108117074336 -0.18737108117074336 -0.18737108117074336 -0.18737108117074336 -0.18737108117074336 -0.18737108117074336 -0.18737108117074336 -0.18737108117074336 -0.18737108117074336 -0.18737108117074336 -0.18737108117074336 -0.18737108117074336 -0.18737108117074336 -0.18737108117074336 -0.18737108117074336 -0.18737108117074336 -0.18737108117074336 -0.18737108117074336 -0.18737108117074336 -0.18737108117074336 -0.18737108117074336 -0.18737108117074336 -0.18737108117074336 -0.18737108117074336 -0.18737108117074336 -0.18737108117074336 -0.18737108117074336 -0.18737108117074336 -0.18737108117074336 -0.18737108117074336 -0.18737108117074336 -0.18737108117074336 -0.18737108117074336 -0.18737108117074336 -0.18737108117074336 -0.18737108117074336 -0.18737108117074336 -0.18737108117074336 -0.18737108117074336 -0.18737108117074336 -0.18737108117074336 -0.18737108117074336 -0.18737108117074336 -0.18737108117074336 -0.18737108117074336 -0.18737108117074336 -0.18737108117074336 -0.18737108117074336 -0.18737108117074336 -0.18737108117074336 -0.18737108117074336 -0.18737108117074336 -0.18737108117074336 -0.18737108117074336 -0.18737108117074336 -0.18737108117074336 -0.18737108117074336 -0.18737108117074336 -0.18737108117074336 -0.18737108117074336 -0.18737108117074336 -0.18737108117074336 -0.18737108117074336 -0.18737108117074336 -0.18737108117074336 -0.18737108117074336 -0.18737108117074336 -0.18737108117074336 -0.18737108117074336 -0.18737108117074336 -0.18737108117074336 -0.1874346030673946 -0.1704541647297793 -0.14309716213307042 -0.09244232792471796 -0.09244232792471796 -0.09244232792471796 -0.09244232792471796 -0.09244232792471796 -0.09244232792471796 -0.09244232792471796 -0.10861209523036916 -0.08188623039719899
-0.1704541647297793 -0.1704541647297793 -0.1704541647297793 -0.1704541647297793 -0.1704541647297793 -0.1704541647297793 -0.1704541647297793 -0.1704541647297793 -0.1704541647297793 -0.1704541647297793 -0.1704541647297793 -0.1704541647297793 -0.1704541647297793 -0.1704541647297793 -0.1704541647297793 -0.1704541647297793 -0.1704541647297793 -0.1704541647297793 -0.1704541647297793 -0.1704541647297793 -0.1704541647297793 -0.1704541647297793 -0.1704541647297793 -0.1704541647297793 -0.1704541647297793 -0.1704541647297793 -0.1704541647297793 -0.1704541647297793 -0.1704541647297793 -0.1704541647297793 -0.1704541647297793 -0.1704541647297793 -0.1704541647297793 -0.1704541647297793 -0.1704541647297793 -0.1704541647297793 -0.1704541647297793 -0.1704541647297793 -0.1704541647297793 -0.1704541647297793 -0.1704541647297793 -0.1704541647297793 -0.1704541647297793 -0.1704541647297793 -0.1704541647297793 -0.1704541647297793 -0.1704541647297793 -0.1704541647297793 -0.1704541647297793 -0.1704541647297793 -0.1704541647297793 -0.1704541647297793 -0.1704541647297793 -0.1704541647297793 -0.1704541647297793 -0.1704541647297793 -0.1704541647297793 -0.1704541647297793 -0.1704541647297793 -0.1704541647297793 -0.1704541647297793 -0.1704541647297793 -0.1704541647297793 -0.1704541647297793 -0.1704541647297793 -0.1704541647297793 -0.1704541647297793 -0.1704541647297793 -0.1704541647297793 -0.1704541647297793 -0.1704541647297793 -0.1704541647297793 -0.1704541647297793 -0.1704541647297793 -0.1704541647297793 -0.1704541647297793 -0.1704541647297793 -0.1704541647297793 -0.1704541647297793 -0.1704541647297793 -0.1704541647297793 -0.1704541647297793 -0.1704541647297793 -0.1704541647297793 -0.1704541647297793 -0.1704541647297793 -0.1704541647297793 -0.1704541647297793 -0.1704541647297793 -0.1704541647297793 -0.1704541647297793 -0.1704541647297793 -0.1704541647297793 -0.1704541647297793 -0.1704541647297793 -0.1704541647297793 -0.1704541647297793 -0.1858162037782083 -0.14309716213307042 -0.09244232792471796 -0.09244232792471796 -0.09244232792471796 -0.09244232792471796 -0.09244232792471796 -0.09244232792471796 -0.09244232792471796 -0.10861209523036916 -0.08188623039719899
-0.14309716213307042 -0.14309716213307042 -0.14309716213307042 -0.14309716213307042 -0.14309716213307042 -0.14309716213307042 -0.14309716213307042 -0.14309716213307042 -0.14309716213307042 -0.14309716213307042 -0.14309716213307042 -0.14309716213307042 -0.14309716213307042 -0.14309716213307042 -0.14309716213307042 -0.14309716213307042 -0.14309716213307042 -0.14309716213307042 -0.14309716213307042 -0.14309716213307042 -0.14309716213307042 -0.14309716213307042 -0.14309716213307042 -0.14309716213307042 -0.14309716213307042 -0.14309716213307042 -0.14309716213307042 -0.14309716213307042 -0.14309716213307042 -0.14309716213307042 -0.14309716213307042 -0.14309716213307042 -0.14309716213307042 -0.14309716213307042 -0.14309716213307042 -0.14309716213307042 -0.14309716213307042 -0.14309716213307042 -0.14309716213307042 -0.14309716213307042 -0.14309716213307042 -0.14309716213307042 -0.14309716213307042 -0.14309716213307042 -0.14309716213307042 -0.14309716213307042 -0.14309716213307042 -0.14309716213307042 -0.14309716213307042 -0.14309716213307042 -0.14309716213307042 -0.14309716213307042 -0.14309716213307042 -0.14309716213307042 -0.14309716213307042 -0.14309716213307042 -0.14309716213307042 -0.14309716213307042 -0.14309716213307042 -0.14309716213307042 -0.14309716213307042 -0.14309716213307042 -0.14309716213307042 -0.14309716213307042 -0.14309716213307042 -0.14309716213307042 -0.14309716213307042 -0.14309716213307042 -0.14309716213307042 -0.14309716213307042 -0.14309716213307042 -0.14309716213307042 -0.14309716213307042 -0.14309716213307042 -0.14309716213307042 -0.14309716213307042 -0.14309716213307042 -0.14309716213307042 -0.14309716213307042 -0.14309716213307042 -0.14309716213307042 -0.14309716213307042 -0.14309716213307042 -0.14309716213307042 -0.14309716213307042 -0.14309716213307042 -0.14309716213307042 -0.14309716213307042 -0.14309716213307042 -0.14309716213307042 -0.14309716213307042 -0.14309716213307042 -0.14309716213307042 -0.14309716213307042 -0.14309716213307042 -0.14309716213307042 -0.14309716213307042 -0.14309716213307042 -0.14826274835174855 -0.09244232792471796 -0.09244232792471796 -0.09244232792471796 -0.09244232792471796 -0.09244232792471796 -0.09244232792471796 -0.09244232792471796 -0.10861209523036916 -0.08188623039719899
-0.09244232792471796 -0.09244232792471796 -0.09244232792471796 -0.09244232792471796 -0.09244232792471796 -0.09244232792471796 -0.09244232792471796 -0.09244232792471796 -0.09244232792471796 -0.09244232792471796 -0.09244232792471796 -0.09244232792471796 -0.09244232792471796 -0.09244232792471796 -0.09244232792471796 -0.09244232792471796 -0.09244232792471796 -0.09244232792471796 -0.09244232792471796 -0.09244232792471796 -0.09244232792471796 -0.09244232792471796 -0.09244232792471796 -0.09244232792471796 -0.09244232792471796 -0.09244232792471796 -0.09244232792471796 -0.09244232792471796 -0.09244232792471796 -0.09244232792471796 -0.09244232792471796 -0.09244232792471796 -0.09244232792471796 -0.09244232792471796 -0.09244232792471796 -0.09244232792471796 -0.09244232792471796 -0.09244232792471796 -0.09244232792471796 -0.09244232792471796 -0.09244232792471796 -0.09244232792471796 -0.09244232792471796 -0.09244232792471796 -0.09244232792471796 -0.09244232792471796 -0.09244232792471796 -0.09244232792471796 -0.09244232792471796 -0.09244232792471796 -0.09244232792471796 -0.09244232792471796 -0.09244232792471796 -0.09244232792471796 -0.09244232792471796 -0.09244232792471796 -0.09244232792471796 -0.09244232792471796 -0.09244232792471796 -0.09244232792471796 -0.09244232792471796 -0.09244232792471796 -0.09244232792471796 -0.09244232792471796 -0.09244232792471796 -0.09244232792471796 -0.09244232792471796 -0.09244232792471796 -0.09244232792471796 -0.09244232792471796 -0.09244232792471796 -0.09244232792471796 -0.09244232792471796 -0.09244232792471796 -0.09244232792471796 -0.09244232792471796 -0.09244232792471796 -0.09244232792471796 -0.09244232792471796 -0.09244232792471796 -0.09244232792471796 -0.09244232792471796 -0.09244232792471796 -0.09244232792471796 -0.09244232792471796 -0.09244232792471796 -0.09244232792471796 -0.09244232792471796 -0.09244232792471796 -0.09244232792471796 -0.09244232792471796 -0.09244232792471796 -0.09244232792471796 -0.09244232792471796 -0.09244232792471796 -0.09244232792471796 -0.09244232792471796 -0.09244232792471796 -0.09244232792471796 -0.14518030705680104 -0.14282061759710904 -0.14232855027836303 -0.1382720451743714 -0.1356778042195642 -0.13440798117387442 -0.11926121834068643 -0.09244232792471796 -0.08188623039719899
-0.09244232792471796 -0.09244232792471796 -0.09244232792471796 -0.09244232792471796 -0.09244232792471796 -0.09244232792471796 -0.09244232792471796 -0.09244232792471796 -0.09244232792471796 -0.09244232792471796 -0.09244232792471796 -0.09244232792471796 -0.09244232792471796 -0.09244232792471796 -0.09244232792471796 -0.09244232792471796 -0.09244232792471796 -0.09244232792471796 -0.09244232792471796 -0.09244232792471796 -0.09244232792471796 -0.09244232792471796 -0.09244232792471796 -0.09244232792471796 -0.09244232792471796 -0.09244232792471796 -0.09244232792471796 -0.09244232792471796 -0.09244232792471796 -0.09244232792471796 -0.09244232792471796 -0.09244232792471796 -0.09244232792471796 -0.09244232792471796 -0.09244232792471796 -0.09244232792471796 -0.09244232792471796 -0.09244232792471796 -0.09244232792471796 -0.09244232792471796 -0.09244232792471796 -0.09244232792471796 -0.09244232792471796 -0.09244232792471796 -0.09244232792471796 -0.09244232792471796 -0.09244232792471796 -0.09244232792471796 -0.09244232792471796 -0.09244232792471796 -0.09244232792471796 -0.09244232792471796 -0.09244232792471796 -0.09244232792471796 -0.09244232792471796 -0.09244232792471796 -0.09244232792471796 -0.09244232792471796 -0.09244232792471796 -0.09244232792471796 -0.09244232792471796 -0.09244232792471796 -0.09244232792471796 -0.09244232792471796 -0.09244232792471796 -0.09244232792471796 -0.09244232792471796 -0.09244232792471796 -0.09244232792471796 -0.09244232792471796 -0.09244232792471796 -0.09244232792471796 -0.09244232792471796 -0.09244232792471796 -0.09244232792471796 -0.09244232792471796 -0.09244232792471796 -0.09244232792471796 -0.09244232792471796 -0.09244232792471796 -0.09244232792471796 -0.09244232792471796 -0.09244232792471796 -0.09244232792471796 -0.09244232792471796 -0.09244232792471796 -0.09244232792471796 -0.09244232792471796 -0.09244232792471796 -0.09244232792471796 -0.09244232792471796 -0.09244232792471796 -0.09244232792471796 -0.09244232792471796 -0.09244232792471796 -0.09244232792471796 -0.09244232792471796 -0.09244232792471796 -0.09244232792471796 -0.14282061759710904 -0.1450589222563995 -0.14232855027836303 -0.1382720451743714 -0.1356778042195642 -0.13440798117387442 -0.11926121834068643 -0.09244232792471796 -0.08188623039719899
-0.09244232792471796 -0.09244232792471796 -0.09244232792471796 -0.09244232792471796 -0.09244232792471796 -0.09244232792471796 -0.09244232792471796 -0.09244232792471796 -0.09244232792471796 -0.09244232792471796 -0.09244232792471796 -0.09244232792471796 -0.09244232792471796 -0.09244232792471796 -0.09244232792471796 -0.09244232792471796 -0.09244232792471796 -0.09244232792471796 -0.09244232792471796 -0.09244232792471796 -0.09244232792471796 -0.09244232792471796 -0.09244232792471796 -0.09244232792471796 -0.09244232792471796 -0.09244232792471796 -0.09244232792471796 -0.09244232792471796 -0.09244232792471796 -0.09244232792471796 -0.09244232792471796 -0.09244232792471796 -0.09244232792471796 -0.09244232792471796 -0.09244232792471796 -0.09244232792471796 -0.09244232792471796 -0.09244232792471796 -0.09244232792471796 -0.09244232792471796 -0.09244232792471796 -0.09244232792471796 -0.09244232792471796 -0.09244232792471796 -0.09244232792471796 -0.09244232792471796 -0.09244232792471796 -0.09244232792471796 -0.09244232792471796 -0.09244232792471796 -0.09244232792471796 -0.09244232792471796 -0.09244232792471796 -0.09244232792471796 -0.09244232792471796 -0.09244232792471796 -0.09244232792471796 -0.09244232792471796 -0.09244232792471796 -0.09244232792471796 -0.09244232792471796 -0.09244232792471796 -0.09244232792471796 -0.09244232792471796 -0.09244232792471796 -0.09244232792471796 -0.09244232792471796 -0.09244232792471796 -0.09244232792471796 -0.09244232792471796 -0.09244232792471796 -0.09244232792471796 -0.09244232792471796 -0.09244232792471796 -0.09244232792471796 -0.09244232792471796 -0.09244232792471796 -0.09244232792471796 -0.09244232792471796 -0.09244232792471796 -0.09244232792471796 -0.09244232792471796 -0.09244232792471796 -0.09244232792471796 -0.09244232792471796 -0.09244232792471796 -0.09244232792471796 -0.09244232792471796 -0.09244232792471796 -0.09244232792471796 -0.09244232792471796 -0.09244232792471796 -0.09244232792471796 -0.09244232792471796 -0.09244232792471796 -0.09244232792471796 -0.09244232792471796 -0.09244232792471796 -0.09244232792471796 -0.14232855027836303 -0.14232855027836303 -0.14299937852915875 -0.1382720451743714 -0.1356778042195642 -0.13440798117387442 -0.11926121834068643 -0.09244232792471796 -0.08188623039719899
-0.09244232792471796 -0.09244232792471796 -0.09244232792471796 -0.09244232792471796 -0.09244232792471796 -0.09244232792471796 -0.09244232792471796 -0.09244232792471796 -0.09244232792471796 -0.09244232792471796 -0.09244232792471796 -0.09244232792471796 -0.09244232792471796 -0.09244232792471796 -0.09244232792471796 -0.09244232792471796 -0.09244232792471796 -0.09244232792471796 -0.09244232792471796 -0.09244232792471796 -0.09244232792471796 -0.09244232792471796 -0.09244232792471796 -0.09244232792471796 -0.09244232792471796 -0.09244232792471796 -0.09244232792471796 -0.09244232792471796 -0.09244232792471796 -0.09244232792471796 -0.09244232792471796 -0.09244232792471796 -0.09244232792471796 -0.09244232792471796 -0.09244232792471796 -0.09244232792471796 -0.09244232792471796 -0.09244232792471796 -0.09244232792471796 -0.09244232792471796 -0.09244232792471796 -0.09244232792471796 -0.09244232792471796 -0.09244232792471796 -0.09244232792471796 -0.09244232792471796 -0.09244232792471796 -0.09244232792471796 -0.09244232792471796 -0.09244232792471796 -0.09244232792471796 -0.09244232792471796 -0.09244232792471796 -0.09244232792471796 -0.09244232792471796 -0.09244232792471796 -0.09244232792471796 -0.09244232792471796 -0.09244232792471796 -0.09244232792471796 -0.09244232792471796 -0.09244232792471796 -0.09244232792471796 -0.09244232792471796 -0.09244232792471796 -0.09244232792471796 -0.09244232792471796 -0.09244232792471796 -0.09244232792471796 -0.09244232792471796 -0.09244232792471796 -0.09244232792471796 -0.09244232792471796 -0.09244232792471796 -0.09244232792471796 -0.09244232792471796 -0.09244232792471796 -0.09244232792471796 -0.09244232792471796 -0.09244232792471796 -0.09244232792471796 -0.09244232792471796 -0.09244232792471796 -0.09244232792471796 -0.09244232792471796 -0.09244232792471796 -0.09244232792471796 -0.09244232792471796 -0.09244232792471796 -0.09244232792471796 -0.09244232792471796 -0.09244232792471796 -0.09244232792471796 -0.09244232792471796 -0.09244232792471796 -0.09244232792471796 -0.09244232792471796 -0.09244232792471796 -0.09244232792471796 -0.1382720451743714 -0.1382720451743714 -0.1382720451743714 -0.1392366412306057 -0.1356778042195642 -0.13440798117387442 -0.11926121834068643 -0.09244232792471796 -0.08188623039719899
-0.09244232792471796 -0.09244232792471796 -0.09244232792471796 -0.09244232792471796 -0.09244232792471796 -0.09244232792471796 -0.09244232792471796 -0.09244232792471796 -0.09244232792471796 -0.09244232792471796 -0.09244232792471796 -0.09244232792471796 -0.09244232792471796 -0.09244232792471796 -0.09244232792471796 -0.09244232792471796 -0.09244232792471796 -0.09244232792471796 -0.09244232792471796 -0.09244232792471796 -0.09244232792471796 -0.09244232792471796 -0.09244232792471796 -0.09244232792471796 -0.09244232792471796 -0.09244232792471796 -0.09244232792471796 -0.09244232792471796 -0.09244232792471796 -0.09244232792471796 -0.09244232792471796 -0.09244232792471796 -0.09244232792471796 -0.09244232792471796 -0.09244232792471796 -0.09244232792471796 -0.09244232792471796 -0.09244232792471796 -0.09244232792471796 -0.09244232792471796 -0.09244232792471796 -0.09244232792471796 -0.09244232792471796 -0.09244232792471796 -0.09244232792471796 -0.09244232792471796 -0.09244232792471796 -0.09244232792471796 -0.09244232792471796 -0.09244232792471796 -0.09244232792471796 -0.09244232792471796 -0.09244232792471796 -0.09244232792471796 -0.09244232792471796 -0.09244232792471796 -0.09244232792471796 -0.09244232792471796 -0.09244232792471796 -0.09244232792471796 -0.09244232792471796 -0.09244232792471796 -0.09244232792471796 -0.09244232792471796 -0.09244232792471796 -0.09244232792471796 -0.09244232792471796 -0.09244232792471796 -0.09244232792471796 -0.09244232792471796 -0.09244232792471796 -0.09244232792471796 -0.09244232792471796 -0.09244232792471796 -0.09244232792471796 -0.09244232792471796 -0.09244232792471796 -0.09244232792471796 -0.09244232792471796 -0.09244232792471796 -0.09244232792471796 -0.09244232792471796 -0.09244232792471796 -0.09244232792471796 -0.09244232792471796 -0.09244232792471796 -0.09244232792471796 -0.09244232792471796 -0.09244232792471796 -0.09244232792471796 -0.09244232792471796 -0.09244232792471796 -0.09244232792471796 -0.09244232792471796 -0.09244232792471796 -0.09244232792471796 -0.09244232792471796 -0.09244232792471796 -0.09244232792471796 -0.1356778042195642 -0.1356778042195642 -0.1356778042195642 -0.1356778042195642 -0.13834371995128752 -0.13440798117387442 -0.11926121834068643 -0.09244232792471796 -0.08188623039719899
-0.09244232792471796 -0.09244232792471796 -0.09244232792471796 -0.09244232792471796 -0.09244232792471796 -0.09244232792471796 -0.09244232792471796 -0.09244232792471796 -0.09244232792471796 -0.09244232792471796 -0.09244232792471796 -0.09244232792471796 -0.09244232792471796 -0.09244232792471796 -0.09244232792471796 -0.09244232792471796 -0.09244232792471796 -0.09244232792471796 -0.09244232792471796 -0.09244232792471796 -0.09244232792471796 -0.09244232792471796 -0.09244232792471796 -0.09244232792471796 -0.09244232792471796 -0.09244232792471796 -0.09244232792471796 -0.09244232792471796 -0.09244232792471796 -0.09244232792471796 -0.09244232792471796 -0.09244232792471796 -0.09244232792471796 -0.09244232792471796 -0.09244232792471796 -0.09244232792471796 -0.09244232792471796 -0.09244232792471796 -0.09244232792471796 -0.09244232792471796 -0.09244232792471796 -0.09244232792471796 -0.09244232792471796 -0.09244232792471796 -0.09244232792471796 -0.09244232792471796 -0.09244232792471796 -0.09244232792471796 -0.09244232792471796 -0.09244232792471796 -0.09244232792471796 -0.09244232792471796 -0.09244232792471796 -0.09244232792471796 -0.09244232792471796 -0.09244232792471796 -0.09244232792471796 -0.09244232792471796 -0.09244232792471796 -0.09244232792471796 -0.09244232792471796 -0.09244232792471796 -0.09244232792471796 -0.09244232792471796 -0.09244232792471796 -0.09244232792471796 -0.09244232792471796 -0.09244232792471796 -0.09244232792471796 -0.09244232792471796 -0.09244232792471796 -0.09244232792471796 -0.09244232792471796 -0.09244232792471796 -0.09244232792471796 -0.09244232792471796 -0.09244232792471796 -0.09244232792471796 -0.09244232792471796 -0.09244232792471796 -0.09244232792471796 -0.09244232792471796 -0.09244232792471796 -0.09244232792471796 -0.09244232792471796 -0.09244232792471796 -0.09244232792471796 -0.09244232792471796 -0.09244232792471796 -0.09244232792471796 -0.09244232792471796 -0.09244232792471796 -0.09244232792471796 -0.09244232792471796 -0.09244232792471796 -0.09244232792471796 -0.09244232792471796 -0.09244232792471796 -0.09244232792471796 -0.13440798117387442 -0.13440798117387442 -0.13440798117387442 -0.13440798117387442 -0.13440798117387442 -0.13450544113729898 -0.11926121834068643 -0.09244232792471796 -0.08188623039719899
-0.09244232792471796 -0.09244232792471796 -0.09244232792471796 -0.09244232792471796 -0.09244232792471796 -0.09244232792471796 -0.09244232792471796 -0.09244232792471796 -0.09244232792471796 -0.09244232792471796 -0.09244232792471796 -0.09244232792471796 -0.09244232792471796 -0.09244232792471796 -0.09244232792471796 -0.09244232792471796 -0.09244232792471796 -0.09244232792471796 -0.09244232792471796 -0.09244232792471796 -0.09244232792471796 -0.09244232792471796 -0.09244232792471796 -0.09244232792471796 -0.09244232792471796 -0.09244232792471796 -0.09244232792471796 -0.09244232792471796 -0.09244232792471796 -0.09244232792471796 -0.09244232792471796 -0.09244232792471796 -0.09244232792471796 -0.09244232792471796 -0.09244232792471796 -0.09244232792471796 -0.09244232792471796 -0.09244232792471796 -0.09244232792471796 -0.09244232792471796 -0.09244232792471796 -0.09244232792471796 -0.09244232792471796 -0.09244232792471796 -0.09244232792471796 -0.09244232792471796 -0.09244232792471796 -0.09244232792471796 -0.09244232792471796 -0.09244232792471796 -0.09244232792471796 -0.09244232792471796 -0.09244232792471796 -0.09244232792471796 -0.09244232792471796 -0.09244232792471796 -0.09244232792471796 -0.09244232792471796 -0.09244232792471796 -0.09244232792471796 -0.09244232792471796 -0.09244232792471796 -0.09244232792471796 -0.09244232792471796 -0.09244232792471796 -0.09244232792471796 -0.09244232792471796 -0.09244232792471796 -0.09244232792471796 -0.09244232792471796 -0.09244232792471796 -0.09244232792471796 -0.09244232792471796 -0.09244232792471796 -0.09244232792471796 -0.09244232792471796 -0.09244232792471796 -0.09244232792471796 -0.09244232792471796 -0.09244232792471796 -0.09244232792471796 -0.09244232792471796 -0.09244232792471796 -0.09244232792471796 -0.09244232792471796 -0.09244232792471796 -0.09244232792471796 -0.09244232792471796 -0.09244232792471796 -0.09244232792471796 -0.09244232792471796 -0.09244232792471796 -0.09244232792471796 -0.09244232792471796 -0.09244232792471796 -0.09244232792471796 -0.09244232792471796 -0.09244232792471796 -0.09244232792471796 -0.11926121834068643 -0.11926121834068643 -0.11926121834068643 -0.11926121834068643 -0.11926121834068643 -0.11926121834068643 -0.12471603863369453 -0.09244232792471796 -0.08188623039719899
-0.10861209523036916 -0.10861209523036916 -0.10861209523036916 -0.10861209523036916 -0.10861209523036916 -0.10861209523036916 -0.10861209523036916 -0.10861209523036916 -0.10861209523036916 -0.10861209523036916 -0.10861209523036916 -0.10861209523036916 -0.10861209523036916 -0.10861209523036916 -0.10861209523036916 -0.10861209523036916 -0.10861209523036916 -0.10861209523036916 -0.10861209523036916 -0.10861209523036916 -0.10861209523036916 -0.10861209523036916 -0.10861209523036916 -0.10861209523036916 -0.10861209523036916 -0.10861209523036916 -0.10861209523036916 -0.10861209523036916 -0.10861209523036916 -0.10861209523036916 -0.10861209523036916 -0.10861209523036916 -0.10861209523036916 -0.10861209523036916 -0.10861209523036916 -0.10861209523036916 -0.10861209523036916 -0.10861209523036916 -0.10861209523036916 -0.10861209523036916 -0.10861209523036916 -0.10861209523036916 -0.10861209523036916 -0.10861209523036916 -0.10861209523036916 -0.10861209523036916 -0.10861209523036916 -0.10861209523036916 -0.10861209523036916 -0.10861209523036916 -0.10861209523036916 -0.10861209523036916 -0.10861209523036916 -0.10861209523036916 -0.10861209523036916 -0.10861209523036916 -0.10861209523036916 -0.10861209523036916 -0.10861209523036916 -0.10861209523036916 -0.10861209523036916 -0.10861209523036916 -0.10861209523036916 -0.10861209523036916 -0.10861209523036916 -0.10861209523036916 -0.10861209523036916 -0.10861209523036916 -0.10861209523036916 -0.10861209523036916 -0.10861209523036916 -0.10861209523036916 -0.10861209523036916 -0.10861209523036916 -0.10861209523036916 -0.10861209523036916 -0.10861209523036916 -0.10861209523036916 -0.10861209523036916 -0.10861209523036916 -0.10861209523036916 -0.10861209523036916 -0.10861209523036916 -0.10861209523036916 -0.10861209523036916 -0.10861209523036916 -0.10861209523036916 -0.10861209523036916 -0.10861209523036916 -0.10861209523036916 -0.10861209523036916 -0.10861209523036916 -0.10861209523036916 -0.10861209523036916 -0.10861209523036916 -0.10861209523036916 -0.10861209523036916 -0.10861209523036916 -0.10861209523036916 -0.09244232792471796 -0.09244232792471796 -0.09244232792471796 -0.09244232792471796 -0.09244232792471796 -0.09244232792471796 -0.09244232792471796 -0.11138411986764132 -0.08188623039719899
-0.08188623039719899 -0.08188623039719899 -0.08188623039719899 -0.08188623039719899 -0.08188623039719899 -0.08188623039719899 -0.08188623039719899 -0.08188623039719899 -0.08188623039719899 -0.08188623039719899 -0.08188623039719899 -0.08188623039719899 -0.08188623039719899 -0.08188623039719899 -0.08188623039719899 -0.08188623039719899 -0.08188623039719899 -0.08188623039719899 -0.08188623039719899 -0.08188623039719899 -0.08188623039719899 -0.08188623039719899 -0.08188623039719899 -0.08188623039719899 -0.08188623039719899 -0.08188623039719899 -0.08188623039719899 -0.08188623039719899 -0.08188623039719899 -0.08188623039719899 -0.08188623039719899 -0.08188623039719899 -0.08188623039719899 -0.08188623039719899 -0.08188623039719899 -0.08188623039719899 -0.08188623039719899 -0.08188623039719899 -0.08188623039719899 -0.08188623039719899 -0.08188623039719899 -0.08188623039719899 -0.08188623039719899 -0.08188623039719899 -0.08188623039719899 -0.08188623039719899 -0.08188623039719899 -0.08188623039719899 -0.08188623039719899 -0.08188623039719899 -0.08188623039719899 -0.08188623039719899 -0.08188623039719899 -0.08188623039719899 -0.08188623039719899 -0.08188623039719899 -0.08188623039719899 -0.08188623039719899 -0.08188623039719899 -0.08188623039719899 -0.08188623039719899 -0.08188623039719899 -0.08188623039719899 -0.08188623039719899 -0.08188623039719899 -0.08188623039719899 -0.08188623039719899 -0.08188623039719899 -0.08188623039719899 -0.08188623039719899 -0.08188623039719899 -0.08188623039719899 -0.08188623039719899 -0.08188623039719899 -0.08188623039719899 -0.08188623039719899 -0.08188623039719899 -0.08188623039719899 -0.08188623039719899 -0.08188623039719899 -0.08188623039719899 -0.08188623039719899 -0.08188623039719899 -0.08188623039719899 -0.08188623039719899 -0.08188623039719899 -0.08188623039719899 -0.08188623039719899 -0.08188623039719899 -0.08188623039719899 -0.08188623039719899 -0.08188623039719899 -0.08188623039719899 -0.08188623039719899 -0.08188623039719899 -0.08188623039719899 -0.08188623039719899 -0.08188623039719899 -0.08188623039719899 -0.08188623039719899 -0.08188623039719899 -0.08188623039719899 -0.08188623039719899 -0.08188623039719899 -0.08188623039719899 -0.08188623039719899 -0.08188623039719899 -0.08236403264996858