-0.41450045425379445 -0.41450045425379445 -0.41450045425379445 -0.4539404294639008 -0.41450045425379445 -0.4539404294639008 -0.4539404294639008 -0.2910168055812731 -0.41450045425379445 -0.4539404294639008 -0.4539404294639008 -0.4539404294639008 -0.41450045425379445 -0.41450045425379445 -0.4539404294639008 -0.4539404294639008 -0.4539404294639008 -0.4539404294639008 -0.4539404294639008 -0.4539404294639008 -0.2910168055812731 -0.2005393845616727 -0.41450045425379445 -0.2910168055812731 -0.41450045425379445 -0.2910168055812731 -0.3855278509758527 -0.3855278509758527 -0.5460282046969286 -0.3855278509758527 -0.3855278509758527 -0.3335858794089664 -0.41450045425379445 -0.41450045425379445 -0.41450045425379445 -0.2379316545252044 -0.2005393845616727 -0.22756876362612646 -0.22830552679999425 -0.22756876362612646 -0.22830552679999425 -0.2910168055812731 -0.22756876362612646 -0.22830552679999425 -0.3855278509758527 -0.40113588493881985 -0.22830552679999425 -0.22756876362612646 -0.3855278509758527 -0.22756876362612646 -0.3639821370395035 -0.2616721643858613 -0.22756876362612646 -0.2910168055812731 -0.22830552679999425 -0.2616721643858613 -0.2616721643858613 -0.2379316545252044 -0.3190683313127569 -0.3190683313127569 -0.30461898934677667 -0.2844810867792142 -0.2844810867792142 -0.27682091413269405 -0.286638305034479 -0.2379316545252044 -0.23251960119023826 -0.2650774288769177 -0.22756876362612646 -0.2007912125120053 -0.2007912125120053 -0.23238513259262944 -0.22780709186736678 -0.22700491554332977 -0.21312036081183913 -0.21490860856096677 -0.20069419707525465 -0.20638379212317884 -0.20069419707525465 -0.1650964828798623 -0.172343789395648 -0.15637280172162352 -0.15637280172162352 -0.15532095637140594 -0.15175214921103813 -0.13044321571823875 -0.10771662051631004 -0.10411635093135119 -0.06026619814920979 -0.0414997747203133 -0.01202090482311622
-0.5878433770391804 -0.48361167509000863 -0.48361167509000863 -0.41450045425379445 -0.6666639880857912 -0.41450045425379445 -0.41450045425379445 -0.2910168055812731 -0.5878433770391804 -0.41450045425379445 -0.41450045425379445 -0.41450045425379445 -0.4743313807448775 -0.6666639880857912 -0.41450045425379445 -0.41450045425379445 -0.41450045425379445 -0.41450045425379445 -0.41450045425379445 -0.41450045425379445 -0.2910168055812731 -0.2005393845616727 -0.4743313807448775 -0.2910168055812731 -0.4739689395098807 -0.2910168055812731 -0.3855278509758527 -0.3855278509758527 -0.41450045425379445 -0.3855278509758527 -0.3855278509758527 -0.3335858794089664 -0.4971957176957354 -0.4971957176957354 -0.42229695704406345 -0.2379316545252044 -0.2005393845616727 -0.22756876362612646 -0.22830552679999425 -0.22756876362612646 -0.22830552679999425 -0.2910168055812731 -0.22756876362612646 -0.22830552679999425 -0.3855278509758527 -0.40113588493881985 -0.22830552679999425 -0.22756876362612646 -0.3855278509758527 -0.22756876362612646 -0.3639821370395035 -0.2616721643858613 -0.22756876362612646 -0.2910168055812731 -0.22830552679999425 -0.2616721643858613 -0.2616721643858613 -0.2379316545252044 -0.3190683313127569 -0.3190683313127569 -0.30461898934677667 -0.2844810867792142 -0.2844810867792142 -0.27682091413269405 -0.286638305034479 -0.2379316545252044 -0.23251960119023826 -0.2650774288769177 -0.22756876362612646 -0.2007912125120053 -0.2007912125120053 -0.23238513259262944 -0.22780709186736678 -0.22700491554332977 -0.21312036081183913 -0.21490860856096677 -0.20069419707525465 -0.20638379212317884 -0.20069419707525465 -0.1650964828798623 -0.172343789395648 -0.15637280172162352 -0.15637280172162352 -0.15532095637140594 -0.15175214921103813 -0.13044321571823875 -0.10771662051631004 -0.10411635093135119 -0.06026619814920979 -0.0414997747203133 -0.01202090482311622
-0.5878433770391804 -0.48361167509000863 -0.48361167509000863 -0.41450045425379445 -0.5878433770391804 -0.41450045425379445 -0.41450045425379445 -0.2910168055812731 -0.5878433770391804 -0.41450045425379445 -0.41450045425379445 -0.41450045425379445 -0.4743313807448775 -0.5878433770391804 -0.41450045425379445 -0.41450045425379445 -0.41450045425379445 -0.41450045425379445 -0.41450045425379445 -0.41450045425379445 -0.2910168055812731 -0.2005393845616727 -0.4743313807448775 -0.2910168055812731 -0.4739689395098807 -0.2910168055812731 -0.3855278509758527 -0.3855278509758527 -0.41450045425379445 -0.3855278509758527 -0.3855278509758527 -0.3335858794089664 -0.4971957176957354 -0.4971957176957354 -0.42229695704406345 -0.2379316545252044 -0.2005393845616727 -0.22756876362612646 -0.22830552679999425 -0.22756876362612646 -0.22830552679999425 -0.2910168055812731 -0.22756876362612646 -0.22830552679999425 -0.3855278509758527 -0.40113588493881985 -0.22830552679999425 -0.22756876362612646 -0.3855278509758527 -0.22756876362612646 -0.3639821370395035 -0.2616721643858613 -0.22756876362612646 -0.2910168055812731 -0.22830552679999425 -0.2616721643858613 -0.2616721643858613 -0.2379316545252044 -0.3190683313127569 -0.3190683313127569 -0.30461898934677667 -0.2844810867792142 -0.2844810867792142 -0.27682091413269405 -0.286638305034479 -0.2379316545252044 -0.23251960119023826 -0.2650774288769177 -0.22756876362612646 -0.2007912125120053 -0.2007912125120053 -0.23238513259262944 -0.22780709186736678 -0.22700491554332977 -0.21312036081183913 -0.21490860856096677 -0.20069419707525465 -0.20638379212317884 -0.20069419707525465 -0.1650964828798623 -0.172343789395648 -0.15637280172162352 -0.15637280172162352 -0.15532095637140594 -0.15175214921103813 -0.13044321571823875 -0.10771662051631004 -0.10411635093135119 -0.06026619814920979 -0.0414997747203133 -0.01202090482311622
-0.3639821370395035 -0.3639821370395035 -0.3639821370395035 -0.3639821370395035 -0.3639821370395035 -0.3639821370395035 -0.3639821370395035 -0.2910168055812731 -0.3639821370395035 -0.3639821370395035 -0.3639821370395035 -0.3639821370395035 -0.3639821370395035 -0.3639821370395035 -0.3639821370395035 -0.3639821370395035 -0.3639821370395035 -0.3639821370395035 -0.3639821370395035 -0.3639821370395035 -0.2910168055812731 -0.2005393845616727 -0.3639821370395035 -0.2910168055812731 -0.3639821370395035 -0.2910168055812731 -0.3639821370395035 -0.3639821370395035 -0.3639821370395035 -0.3639821370395035 -0.3639821370395035 -0.3335858794089664 -0.3639821370395035 -0.3639821370395035 -0.3639821370395035 -0.2379316545252044 -0.2005393845616727 -0.22756876362612646 -0.22830552679999425 -0.22756876362612646 -0.22830552679999425 -0.2910168055812731 -0.22756876362612646 -0.22830552679999425 -0.3639821370395035 -0.3639821370395035 -0.22830552679999425 -0.22756876362612646 -0.3639821370395035 -0.22756876362612646 -0.3639821370395035 -0.2616721643858613 -0.22756876362612646 -0.2910168055812731 -0.22830552679999425 -0.2616721643858613 -0.2616721643858613 -0.2379316545252044 -0.3190683313127569 -0.3190683313127569 -0.30461898934677667 -0.2844810867792142 -0.2844810867792142 -0.27682091413269405 -0.286638305034479 -0.2379316545252044 -0.23251960119023826 -0.2650774288769177 -0.22756876362612646 -0.2007912125120053 -0.2007912125120053 -0.23238513259262944 -0.22780709186736678 -0.22700491554332977 -0.21312036081183913 -0.21490860856096677 -0.20069419707525465 -0.20638379212317884 -0.20069419707525465 -0.1650964828798623 -0.172343789395648 -0.15637280172162352 -0.15637280172162352 -0.15532095637140594 -0.15175214921103813 -0.13044321571823875 -0.10771662051631004 -0.10411635093135119 -0.06026619814920979 -0.0414997747203133 -0.01202090482311622
-0.2910168055812731 -0.2910168055812731 -0.2910168055812731 -0.2910168055812731 -0.2910168055812731 -0.2910168055812731 -0.2910168055812731 -0.3192164445402297 -0.2910168055812731 -0.2910168055812731 -0.2910168055812731 -0.2910168055812731 -0.2910168055812731 -0.2910168055812731 -0.2910168055812731 -0.2910168055812731 -0.2910168055812731 -0.2910168055812731 -0.2910168055812731 -0.2910168055812731 -0.5987387035992926 -0.2005393845616727 -0.2910168055812731 -0.5987387035992926 -0.2910168055812731 -0.5987387035992926 -0.2910168055812731 -0.2910168055812731 -0.2910168055812731 -0.2910168055812731 -0.2910168055812731 -0.2910168055812731 -0.2910168055812731 -0.2910168055812731 -0.2910168055812731 -0.2379316545252044 -0.2005393845616727 -0.22756876362612646 -0.22830552679999425 -0.22756876362612646 -0.22830552679999425 -0.29774010893685354 -0.22756876362612646 -0.22830552679999425 -0.2910168055812731 -0.2910168055812731 -0.22830552679999425 -0.22756876362612646 -0.2910168055812731 -0.22756876362612646 -0.2910168055812731 -0.2616721643858613 -0.22756876362612646 -0.29774010893685354 -0.22830552679999425 -0.2616721643858613 -0.2616721643858613 -0.2379316545252044 -0.2910168055812731 -0.2910168055812731 -0.2910168055812731 -0.2844810867792142 -0.2844810867792142 -0.27682091413269405 -0.286638305034479 -0.2379316545252044 -0.23251960119023826 -0.2650774288769177 -0.22756876362612646 -0.2007912125120053 -0.2007912125120053 -0.23238513259262944 -0.22780709186736678 -0.22700491554332977 -0.21312036081183913 -0.21490860856096677 -0.20069419707525465 -0.20638379212317884 -0.20069419707525465 -0.1650964828798623 -0.172343789395648 -0.15637280172162352 -0.15637280172162352 -0.15532095637140594 -0.15175214921103813 -0.13044321571823875 -0.10771662051631004 -0.10411635093135119 -0.06026619814920979 -0.0414997747203133 -0.01202090482311622
-0.2910168055812731 -0.2910168055812731 -0.2910168055812731 -0.2910168055812731 -0.2910168055812731 -0.2910168055812731 -0.2910168055812731 -0.3192164445402297 -0.2910168055812731 -0.2910168055812731 -0.2910168055812731 -0.2910168055812731 -0.2910168055812731 -0.2910168055812731 -0.2910168055812731 -0.2910168055812731 -0.2910168055812731 -0.2910168055812731 -0.2910168055812731 -0.2910168055812731 -0.5987387035992926 -0.2005393845616727 -0.2910168055812731 -0.5987387035992926 -0.2910168055812731 -0.5987387035992926 -0.2910168055812731 -0.2910168055812731 -0.2910168055812731 -0.2910168055812731 -0.2910168055812731 -0.2910168055812731 -0.2910168055812731 -0.2910168055812731 -0.2910168055812731 -0.2379316545252044 -0.2005393845616727 -0.22756876362612646 -0.22830552679999425 -0.22756876362612646 -0.22830552679999425 -0.29774010893685354 -0.22756876362612646 -0.22830552679999425 -0.2910168055812731 -0.2910168055812731 -0.22830552679999425 -0.22756876362612646 -0.2910168055812731 -0.22756876362612646 -0.2910168055812731 -0.2616721643858613 -0.22756876362612646 -0.29774010893685354 -0.22830552679999425 -0.2616721643858613 -0.2616721643858613 -0.2379316545252044 -0.2910168055812731 -0.2910168055812731 -0.2910168055812731 -0.2844810867792142 -0.2844810867792142 -0.27682091413269405 -0.286638305034479 -0.2379316545252044 -0.23251960119023826 -0.2650774288769177 -0.22756876362612646 -0.2007912125120053 -0.2007912125120053 -0.23238513259262944 -0.22780709186736678 -0.22700491554332977 -0.21312036081183913 -0.21490860856096677 -0.20069419707525465 -0.20638379212317884 -0.20069419707525465 -0.1650964828798623 -0.172343789395648 -0.15637280172162352 -0.15637280172162352 -0.15532095637140594 -0.15175214921103813 -0.13044321571823875 -0.10771662051631004 -0.10411635093135119 -0.06026619814920979 -0.0414997747203133 -0.01202090482311622
-0.48361167509000863 -0.741898494304822 -0.741898494304822 -0.41450045425379445 -0.48361167509000863 -0.41450045425379445 -0.41450045425379445 -0.2910168055812731 -0.48361167509000863 -0.41450045425379445 -0.41450045425379445 -0.41450045425379445 -0.4743313807448775 -0.48361167509000863 -0.41450045425379445 -0.41450045425379445 -0.41450045425379445 -0.41450045425379445 -0.41450045425379445 -0.41450045425379445 -0.2910168055812731 -0.2005393845616727 -0.4743313807448775 -0.2910168055812731 -0.4739689395098807 -0.2910168055812731 -0.3855278509758527 -0.3855278509758527 -0.41450045425379445 -0.3855278509758527 -0.3855278509758527 -0.3335858794089664 -0.48361167509000863 -0.48361167509000863 -0.42229695704406345 -0.2379316545252044 -0.2005393845616727 -0.22756876362612646 -0.22830552679999425 -0.22756876362612646 -0.22830552679999425 -0.2910168055812731 -0.22756876362612646 -0.22830552679999425 -0.3855278509758527 -0.40113588493881985 -0.22830552679999425 -0.22756876362612646 -0.3855278509758527 -0.22756876362612646 -0.3639821370395035 -0.2616721643858613 -0.22756876362612646 -0.2910168055812731 -0.22830552679999425 -0.2616721643858613 -0.2616721643858613 -0.2379316545252044 -0.3190683313127569 -0.3190683313127569 -0.30461898934677667 -0.2844810867792142 -0.2844810867792142 -0.27682091413269405 -0.286638305034479 -0.2379316545252044 -0.23251960119023826 -0.2650774288769177 -0.22756876362612646 -0.2007912125120053 -0.2007912125120053 -0.23238513259262944 -0.22780709186736678 -0.22700491554332977 -0.21312036081183913 -0.21490860856096677 -0.20069419707525465 -0.20638379212317884 -0.20069419707525465 -0.1650964828798623 -0.172343789395648 -0.15637280172162352 -0.15637280172162352 -0.15532095637140594 -0.15175214921103813 -0.13044321571823875 -0.10771662051631004 -0.10411635093135119 -0.06026619814920979 -0.0414997747203133 -0.01202090482311622
-0.3639821370395035 -0.3639821370395035 -0.3639821370395035 -0.3639821370395035 -0.3639821370395035 -0.3639821370395035 -0.3639821370395035 -0.2910168055812731 -0.3639821370395035 -0.3639821370395035 -0.3639821370395035 -0.3639821370395035 -0.3639821370395035 -0.3639821370395035 -0.3639821370395035 -0.3639821370395035 -0.3639821370395035 -0.3639821370395035 -0.3639821370395035 -0.3639821370395035 -0.2910168055812731 -0.2005393845616727 -0.3639821370395035 -0.2910168055812731 -0.3639821370395035 -0.2910168055812731 -0.3639821370395035 -0.3639821370395035 -0.3639821370395035 -0.3639821370395035 -0.3639821370395035 -0.3335858794089664 -0.3639821370395035 -0.3639821370395035 -0.3639821370395035 -0.2379316545252044 -0.2005393845616727 -0.22756876362612646 -0.22830552679999425 -0.22756876362612646 -0.22830552679999425 -0.2910168055812731 -0.22756876362612646 -0.22830552679999425 -0.3639821370395035 -0.3639821370395035 -0.22830552679999425 -0.22756876362612646 -0.3639821370395035 -0.22756876362612646 -0.3639821370395035 -0.2616721643858613 -0.22756876362612646 -0.2910168055812731 -0.22830552679999425 -0.2616721643858613 -0.2616721643858613 -0.2379316545252044 -0.3190683313127569 -0.3190683313127569 -0.30461898934677667 -0.2844810867792142 -0.2844810867792142 -0.27682091413269405 -0.286638305034479 -0.2379316545252044 -0.23251960119023826 -0.2650774288769177 -0.22756876362612646 -0.2007912125120053 -0.2007912125120053 -0.23238513259262944 -0.22780709186736678 -0.22700491554332977 -0.21312036081183913 -0.21490860856096677 -0.20069419707525465 -0.20638379212317884 -0.20069419707525465 -0.1650964828798623 -0.172343789395648 -0.15637280172162352 -0.15637280172162352 -0.15532095637140594 -0.15175214921103813 -0.13044321571823875 -0.10771662051631004 -0.10411635093135119 -0.06026619814920979 -0.0414997747203133 -0.01202090482311622
-0.3335858794089664 -0.3335858794089664 -0.3335858794089664 -0.3335858794089664 -0.3335858794089664 -0.3335858794089664 -0.3335858794089664 -0.2910168055812731 -0.3335858794089664 -0.3335858794089664 -0.3335858794089664 -0.3335858794089664 -0.3335858794089664 -0.3335858794089664 -0.3335858794089664 -0.3335858794089664 -0.3335858794089664 -0.3335858794089664 -0.3335858794089664 -0.3335858794089664 -0.2910168055812731 -0.2005393845616727 -0.3335858794089664 -0.2910168055812731 -0.3335858794089664 -0.2910168055812731 -0.3335858794089664 -0.3335858794089664 -0.3335858794089664 -0.3335858794089664 -0.3335858794089664 -0.3335858794089664 -0.3335858794089664 -0.3335858794089664 -0.3335858794089664 -0.2379316545252044 -0.2005393845616727 -0.22756876362612646 -0.22830552679999425 -0.22756876362612646 -0.22830552679999425 -0.2910168055812731 -0.22756876362612646 -0.22830552679999425 -0.3335858794089664 -0.3335858794089664 -0.22830552679999425 -0.22756876362612646 -0.3335858794089664 -0.22756876362612646 -0.3335858794089664 -0.2616721643858613 -0.22756876362612646 -0.2910168055812731 -0.22830552679999425 -0.2616721643858613 -0.2616721643858613 -0.2379316545252044 -0.3190683313127569 -0.3190683313127569 -0.30461898934677667 -0.2844810867792142 -0.2844810867792142 -0.27682091413269405 -0.286638305034479 -0.2379316545252044 -0.23251960119023826 -0.2650774288769177 -0.22756876362612646 -0.2007912125120053 -0.2007912125120053 -0.23238513259262944 -0.22780709186736678 -0.22700491554332977 -0.21312036081183913 -0.21490860856096677 -0.20069419707525465 -0.20638379212317884 -0.20069419707525465 -0.1650964828798623 -0.172343789395648 -0.15637280172162352 -0.15637280172162352 -0.15532095637140594 -0.15175214921103813 -0.13044321571823875 -0.10771662051631004 -0.10411635093135119 -0.06026619814920979 -0.0414997747203133 -0.01202090482311622
-0.48361167509000863 -0.7131700177062221 -0.7131700177062221 -0.41450045425379445 -0.48361167509000863 -0.41450045425379445 -0.41450045425379445 -0.2910168055812731 -0.48361167509000863 -0.41450045425379445 -0.41450045425379445 -0.41450045425379445 -0.4743313807448775 -0.48361167509000863 -0.41450045425379445 -0.41450045425379445 -0.41450045425379445 -0.41450045425379445 -0.41450045425379445 -0.41450045425379445 -0.2910168055812731 -0.2005393845616727 -0.4743313807448775 -0.2910168055812731 -0.4739689395098807 -0.2910168055812731 -0.3855278509758527 -0.3855278509758527 -0.41450045425379445 -0.3855278509758527 -0.3855278509758527 -0.3335858794089664 -0.48361167509000863 -0.48361167509000863 -0.42229695704406345 -0.2379316545252044 -0.2005393845616727 -0.22756876362612646 -0.22830552679999425 -0.22756876362612646 -0.22830552679999425 -0.2910168055812731 -0.22756876362612646 -0.22830552679999425 -0.3855278509758527 -0.40113588493881985 -0.22830552679999425 -0.22756876362612646 -0.3855278509758527 -0.22756876362612646 -0.3639821370395035 -0.2616721643858613 -0.22756876362612646 -0.2910168055812731 -0.22830552679999425 -0.2616721643858613 -0.2616721643858613 -0.2379316545252044 -0.3190683313127569 -0.3190683313127569 -0.30461898934677667 -0.2844810867792142 -0.2844810867792142 -0.27682091413269405 -0.286638305034479 -0.2379316545252044 -0.23251960119023826 -0.2650774288769177 -0.22756876362612646 -0.2007912125120053 -0.2007912125120053 -0.23238513259262944 -0.22780709186736678 -0.22700491554332977 -0.21312036081183913 -0.21490860856096677 -0.20069419707525465 -0.20638379212317884 -0.20069419707525465 -0.1650964828798623 -0.172343789395648 -0.15637280172162352 -0.15637280172162352 -0.15532095637140594 -0.15175214921103813 -0.13044321571823875 -0.10771662051631004 -0.10411635093135119 -0.06026619814920979 -0.0414997747203133 -0.01202090482311622
-0.41450045425379445 -0.41450045425379445 -0.41450045425379445 -0.6043178013879441 -0.41450045425379445 -0.6043178013879441 -0.6043178013879441 -0.2910168055812731 -0.41450045425379445 -0.6043178013879441 -0.6043178013879441 -0.6043178013879441 -0.41450045425379445 -0.41450045425379445 -0.6043178013879441 -0.6043178013879441 -0.6043178013879441 -0.6043178013879441 -0.6043178013879441 -0.6043178013879441 -0.2910168055812731 -0.2005393845616727 -0.41450045425379445 -0.2910168055812731 -0.41450045425379445 -0.2910168055812731 -0.3855278509758527 -0.3855278509758527 -0.4539404294639008 -0.3855278509758527 -0.3855278509758527 -0.3335858794089664 -0.41450045425379445 -0.41450045425379445 -0.41450045425379445 -0.2379316545252044 -0.2005393845616727 -0.22756876362612646 -0.22830552679999425 -0.22756876362612646 -0.22830552679999425 -0.2910168055812731 -0.22756876362612646 -0.22830552679999425 -0.3855278509758527 -0.40113588493881985 -0.22830552679999425 -0.22756876362612646 -0.3855278509758527 -0.22756876362612646 -0.3639821370395035 -0.2616721643858613 -0.22756876362612646 -0.2910168055812731 -0.22830552679999425 -0.2616721643858613 -0.2616721643858613 -0.2379316545252044 -0.3190683313127569 -0.3190683313127569 -0.30461898934677667 -0.2844810867792142 -0.2844810867792142 -0.27682091413269405 -0.286638305034479 -0.2379316545252044 -0.23251960119023826 -0.2650774288769177 -0.22756876362612646 -0.2007912125120053 -0.2007912125120053 -0.23238513259262944 -0.22780709186736678 -0.22700491554332977 -0.21312036081183913 -0.21490860856096677 -0.20069419707525465 -0.20638379212317884 -0.20069419707525465 -0.1650964828798623 -0.172343789395648 -0.15637280172162352 -0.15637280172162352 -0.15532095637140594 -0.15175214921103813 -0.13044321571823875 -0.10771662051631004 -0.10411635093135119 -0.06026619814920979 -0.0414997747203133 -0.01202090482311622
-0.41450045425379445 -0.41450045425379445 -0.41450045425379445 -0.6043178013879441 -0.41450045425379445 -0.6043178013879441 -0.6043178013879441 -0.2910168055812731 -0.41450045425379445 -0.6043178013879441 -0.6043178013879441 -0.6043178013879441 -0.41450045425379445 -0.41450045425379445 -0.6043178013879441 -0.6043178013879441 -0.6043178013879441 -0.6043178013879441 -0.6043178013879441 -0.6043178013879441 -0.2910168055812731 -0.2005393845616727 -0.41450045425379445 -0.2910168055812731 -0.41450045425379445 -0.2910168055812731 -0.3855278509758527 -0.3855278509758527 -0.4539404294639008 -0.3855278509758527 -0.3855278509758527 -0.3335858794089664 -0.41450045425379445 -0.41450045425379445 -0.41450045425379445 -0.2379316545252044 -0.2005393845616727 -0.22756876362612646 -0.22830552679999425 -0.22756876362612646 -0.22830552679999425 -0.2910168055812731 -0.22756876362612646 -0.22830552679999425 -0.3855278509758527 -0.40113588493881985 -0.22830552679999425 -0.22756876362612646 -0.3855278509758527 -0.22756876362612646 -0.3639821370395035 -0.2616721643858613 -0.22756876362612646 -0.2910168055812731 -0.22830552679999425 -0.2616721643858613 -0.2616721643858613 -0.2379316545252044 -0.3190683313127569 -0.3190683313127569 -0.30461898934677667 -0.2844810867792142 -0.2844810867792142 -0.27682091413269405 -0.286638305034479 -0.2379316545252044 -0.23251960119023826 -0.2650774288769177 -0.22756876362612646 -0.2007912125120053 -0.2007912125120053 -0.23238513259262944 -0.22780709186736678 -0.22700491554332977 -0.21312036081183913 -0.21490860856096677 -0.20069419707525465 -0.20638379212317884 -0.20069419707525465 -0.1650964828798623 -0.172343789395648 -0.15637280172162352 -0.15637280172162352 -0.15532095637140594 -0.15175214921103813 -0.13044321571823875 -0.10771662051631004 -0.10411635093135119 -0.06026619814920979 -0.0414997747203133 -0.01202090482311622
-0.2844810867792142 -0.2844810867792142 -0.2844810867792142 -0.2844810867792142 -0.2844810867792142 -0.2844810867792142 -0.2844810867792142 -0.2844810867792142 -0.2844810867792142 -0.2844810867792142 -0.2844810867792142 -0.2844810867792142 -0.2844810867792142 -0.2844810867792142 -0.2844810867792142 -0.2844810867792142 -0.2844810867792142 -0.2844810867792142 -0.2844810867792142 -0.2844810867792142 -0.2844810867792142 -0.2005393845616727 -0.2844810867792142 -0.2844810867792142 -0.2844810867792142 -0.2844810867792142 -0.2844810867792142 -0.2844810867792142 -0.2844810867792142 -0.2844810867792142 -0.2844810867792142 -0.2844810867792142 -0.2844810867792142 -0.2844810867792142 -0.2844810867792142 -0.2379316545252044 -0.2005393845616727 -0.22756876362612646 -0.22830552679999425 -0.22756876362612646 -0.22830552679999425 -0.2844810867792142 -0.22756876362612646 -0.22830552679999425 -0.2844810867792142 -0.2844810867792142 -0.22830552679999425 -0.22756876362612646 -0.2844810867792142 -0.22756876362612646 -0.2844810867792142 -0.2616721643858613 -0.22756876362612646 -0.2844810867792142 -0.22830552679999425 -0.2616721643858613 -0.2616721643858613 -0.2379316545252044 -0.2844810867792142 -0.2844810867792142 -0.2844810867792142 -0.2844810867792142 -0.2844810867792142 -0.27682091413269405 -0.2844810867792142 -0.2379316545252044 -0.23251960119023826 -0.2650774288769177 -0.22756876362612646 -0.2007912125120053 -0.2007912125120053 -0.23238513259262944 -0.22780709186736678 -0.22700491554332977 -0.21312036081183913 -0.21490860856096677 -0.20069419707525465 -0.20638379212317884 -0.20069419707525465 -0.1650964828798623 -0.172343789395648 -0.15637280172162352 -0.15637280172162352 -0.15532095637140594 -0.15175214921103813 -0.13044321571823875 -0.10771662051631004 -0.10411635093135119 -0.06026619814920979 -0.0414997747203133 -0.01202090482311622
-0.41450045425379445 -0.41450045425379445 -0.41450045425379445 -0.6084192429066343 -0.41450045425379445 -0.6084192429066343 -0.6798323827207193 -0.2910168055812731 -0.41450045425379445 -0.6798323827207193 -0.6798323827207193 -0.6084192429066343 -0.41450045425379445 -0.41450045425379445 -0.6084192429066343 -0.6467925040380557 -0.6388468409959832 -0.6084192429066343 -0.6388468409959832 -0.6043178013879441 -0.2910168055812731 -0.2005393845616727 -0.41450045425379445 -0.2910168055812731 -0.41450045425379445 -0.2910168055812731 -0.3855278509758527 -0.3855278509758527 -0.4539404294639008 -0.3855278509758527 -0.3855278509758527 -0.3335858794089664 -0.41450045425379445 -0.41450045425379445 -0.41450045425379445 -0.2379316545252044 -0.2005393845616727 -0.22756876362612646 -0.22830552679999425 -0.22756876362612646 -0.22830552679999425 -0.2910168055812731 -0.22756876362612646 -0.22830552679999425 -0.3855278509758527 -0.40113588493881985 -0.22830552679999425 -0.22756876362612646 -0.3855278509758527 -0.22756876362612646 -0.3639821370395035 -0.2616721643858613 -0.22756876362612646 -0.2910168055812731 -0.22830552679999425 -0.2616721643858613 -0.2616721643858613 -0.2379316545252044 -0.3190683313127569 -0.3190683313127569 -0.30461898934677667 -0.2844810867792142 -0.2844810867792142 -0.27682091413269405 -0.286638305034479 -0.2379316545252044 -0.23251960119023826 -0.2650774288769177 -0.22756876362612646 -0.2007912125120053 -0.2007912125120053 -0.23238513259262944 -0.22780709186736678 -0.22700491554332977 -0.21312036081183913 -0.21490860856096677 -0.20069419707525465 -0.20638379212317884 -0.20069419707525465 -0.1650964828798623 -0.172343789395648 -0.15637280172162352 -0.15637280172162352 -0.15532095637140594 -0.15175214921103813 -0.13044321571823875 -0.10771662051631004 -0.10411635093135119 -0.06026619814920979 -0.0414997747203133 -0.01202090482311622
-0.41450045425379445 -0.41450045425379445 -0.41450045425379445 -0.6084192429066343 -0.41450045425379445 -0.6084192429066343 -0.6084192429066343 -0.2910168055812731 -0.41450045425379445 -0.6084192429066343 -0.6084192429066343 -0.6084192429066343 -0.41450045425379445 -0.41450045425379445 -0.6084192429066343 -0.6084192429066343 -0.6084192429066343 -0.6084192429066343 -0.6084192429066343 -0.6043178013879441 -0.2910168055812731 -0.2005393845616727 -0.41450045425379445 -0.2910168055812731 -0.41450045425379445 -0.2910168055812731 -0.3855278509758527 -0.3855278509758527 -0.4539404294639008 -0.3855278509758527 -0.3855278509758527 -0.3335858794089664 -0.41450045425379445 -0.41450045425379445 -0.41450045425379445 -0.2379316545252044 -0.2005393845616727 -0.22756876362612646 -0.22830552679999425 -0.22756876362612646 -0.22830552679999425 -0.2910168055812731 -0.22756876362612646 -0.22830552679999425 -0.3855278509758527 -0.40113588493881985 -0.22830552679999425 -0.22756876362612646 -0.3855278509758527 -0.22756876362612646 -0.3639821370395035 -0.2616721643858613 -0.22756876362612646 -0.2910168055812731 -0.22830552679999425 -0.2616721643858613 -0.2616721643858613 -0.2379316545252044 -0.3190683313127569 -0.3190683313127569 -0.30461898934677667 -0.2844810867792142 -0.2844810867792142 -0.27682091413269405 -0.286638305034479 -0.2379316545252044 -0.23251960119023826 -0.2650774288769177 -0.22756876362612646 -0.2007912125120053 -0.2007912125120053 -0.23238513259262944 -0.22780709186736678 -0.22700491554332977 -0.21312036081183913 -0.21490860856096677 -0.20069419707525465 -0.20638379212317884 -0.20069419707525465 -0.1650964828798623 -0.172343789395648 -0.15637280172162352 -0.15637280172162352 -0.15532095637140594 -0.15175214921103813 -0.13044321571823875 -0.10771662051631004 -0.10411635093135119 -0.06026619814920979 -0.0414997747203133 -0.01202090482311622
-0.3855278509758527 -0.3855278509758527 -0.3855278509758527 -0.3855278509758527 -0.3855278509758527 -0.3855278509758527 -0.3855278509758527 -0.2910168055812731 -0.3855278509758527 -0.3855278509758527 -0.3855278509758527 -0.3855278509758527 -0.3855278509758527 -0.3855278509758527 -0.3855278509758527 -0.3855278509758527 -0.3855278509758527 -0.3855278509758527 -0.3855278509758527 -0.3855278509758527 -0.2910168055812731 -0.2005393845616727 -0.3855278509758527 -0.2910168055812731 -0.3855278509758527 -0.2910168055812731 -0.5780315521662581 -0.524998789041114 -0.3855278509758527 -0.48615006153664203 -0.45361169865238476 -0.3335858794089664 -0.3855278509758527 -0.3855278509758527 -0.3855278509758527 -0.2379316545252044 -0.2005393845616727 -0.22756876362612646 -0.22830552679999425 -0.22756876362612646 -0.22830552679999425 -0.2910168055812731 -0.22756876362612646 -0.22830552679999425 -0.3918506704302715 -0.3855278509758527 -0.22830552679999425 -0.22756876362612646 -0.3862536596708627 -0.22756876362612646 -0.3639821370395035 -0.2616721643858613 -0.22756876362612646 -0.2910168055812731 -0.22830552679999425 -0.2616721643858613 -0.2616721643858613 -0.2379316545252044 -0.3190683313127569 -0.3190683313127569 -0.30461898934677667 -0.2844810867792142 -0.2844810867792142 -0.27682091413269405 -0.286638305034479 -0.2379316545252044 -0.23251960119023826 -0.2650774288769177 -0.22756876362612646 -0.2007912125120053 -0.2007912125120053 -0.23238513259262944 -0.22780709186736678 -0.22700491554332977 -0.21312036081183913 -0.21490860856096677 -0.20069419707525465 -0.20638379212317884 -0.20069419707525465 -0.1650964828798623 -0.172343789395648 -0.15637280172162352 -0.15637280172162352 -0.15532095637140594 -0.15175214921103813 -0.13044321571823875 -0.10771662051631004 -0.10411635093135119 -0.06026619814920979 -0.0414997747203133 -0.01202090482311622
-0.2005393845616727 -0.2005393845616727 -0.2005393845616727 -0.2005393845616727 -0.2005393845616727 -0.2005393845616727 -0.2005393845616727 -0.2005393845616727 -0.2005393845616727 -0.2005393845616727 -0.2005393845616727 -0.2005393845616727 -0.2005393845616727 -0.2005393845616727 -0.2005393845616727 -0.2005393845616727 -0.2005393845616727 -0.2005393845616727 -0.2005393845616727 -0.2005393845616727 -0.2005393845616727 -0.6262125042143533 -0.2005393845616727 -0.2005393845616727 -0.2005393845616727 -0.2005393845616727 -0.2005393845616727 -0.2005393845616727 -0.2005393845616727 -0.2005393845616727 -0.2005393845616727 -0.2005393845616727 -0.2005393845616727 -0.2005393845616727 -0.2005393845616727 -0.2005393845616727 -0.3417213144259771 -0.2005393845616727 -0.2005393845616727 -0.2005393845616727 -0.2005393845616727 -0.2005393845616727 -0.2005393845616727 -0.2005393845616727 -0.2005393845616727 -0.2005393845616727 -0.2005393845616727 -0.2005393845616727 -0.2005393845616727 -0.2005393845616727 -0.2005393845616727 -0.2005393845616727 -0.2005393845616727 -0.2005393845616727 -0.2005393845616727 -0.2005393845616727 -0.2005393845616727 -0.2005393845616727 -0.2005393845616727 -0.2005393845616727 -0.2005393845616727 -0.2005393845616727 -0.2005393845616727 -0.2005393845616727 -0.2005393845616727 -0.2005393845616727 -0.2005393845616727 -0.2005393845616727 -0.2005393845616727 -0.2005393845616727 -0.2005393845616727 -0.2005393845616727 -0.2005393845616727 -0.2005393845616727 -0.2005393845616727 -0.2005393845616727 -0.2005393845616727 -0.2005393845616727 -0.2005393845616727 -0.1650964828798623 -0.172343789395648 -0.15637280172162352 -0.15637280172162352 -0.15532095637140594 -0.15175214921103813 -0.13044321571823875 -0.10771662051631004 -0.10411635093135119 -0.06026619814920979 -0.0414997747203133 -0.01202090482311622
-0.3855278509758527 -0.3855278509758527 -0.3855278509758527 -0.3855278509758527 -0.3855278509758527 -0.3855278509758527 -0.3855278509758527 -0.2910168055812731 -0.3855278509758527 -0.3855278509758527 -0.3855278509758527 -0.3855278509758527 -0.3855278509758527 -0.3855278509758527 -0.3855278509758527 -0.3855278509758527 -0.3855278509758527 -0.3855278509758527 -0.3855278509758527 -0.3855278509758527 -0.2910168055812731 -0.2005393845616727 -0.3855278509758527 -0.2910168055812731 -0.3855278509758527 -0.2910168055812731 -0.524998789041114 -0.524998789041114 -0.3855278509758527 -0.48615006153664203 -0.45361169865238476 -0.3335858794089664 -0.3855278509758527 -0.3855278509758527 -0.3855278509758527 -0.2379316545252044 -0.2005393845616727 -0.22756876362612646 -0.22830552679999425 -0.22756876362612646 -0.22830552679999425 -0.2910168055812731 -0.22756876362612646 -0.22830552679999425 -0.3918506704302715 -0.3855278509758527 -0.22830552679999425 -0.22756876362612646 -0.3862536596708627 -0.22756876362612646 -0.3639821370395035 -0.2616721643858613 -0.22756876362612646 -0.2910168055812731 -0.22830552679999425 -0.2616721643858613 -0.2616721643858613 -0.2379316545252044 -0.3190683313127569 -0.3190683313127569 -0.30461898934677667 -0.2844810867792142 -0.2844810867792142 -0.27682091413269405 -0.286638305034479 -0.2379316545252044 -0.23251960119023826 -0.2650774288769177 -0.22756876362612646 -0.2007912125120053 -0.2007912125120053 -0.23238513259262944 -0.22780709186736678 -0.22700491554332977 -0.21312036081183913 -0.21490860856096677 -0.20069419707525465 -0.20638379212317884 -0.20069419707525465 -0.1650964828798623 -0.172343789395648 -0.15637280172162352 -0.15637280172162352 -0.15532095637140594 -0.15175214921103813 -0.13044321571823875 -0.10771662051631004 -0.10411635093135119 -0.06026619814920979 -0.0414997747203133 -0.01202090482311622
-0.42229695704406345 -0.42229695704406345 -0.42229695704406345 -0.41450045425379445 -0.42229695704406345 -0.41450045425379445 -0.41450045425379445 -0.2910168055812731 -0.42229695704406345 -0.41450045425379445 -0.41450045425379445 -0.41450045425379445 -0.42229695704406345 -0.42229695704406345 -0.41450045425379445 -0.41450045425379445 -0.41450045425379445 -0.41450045425379445 -0.41450045425379445 -0.41450045425379445 -0.2910168055812731 -0.2005393845616727 -0.42229695704406345 -0.2910168055812731 -0.42229695704406345 -0.2910168055812731 -0.3855278509758527 -0.3855278509758527 -0.41450045425379445 -0.3855278509758527 -0.3855278509758527 -0.3335858794089664 -0.42229695704406345 -0.42229695704406345 -0.4734870602327816 -0.2379316545252044 -0.2005393845616727 -0.22756876362612646 -0.22830552679999425 -0.22756876362612646 -0.22830552679999425 -0.2910168055812731 -0.22756876362612646 -0.22830552679999425 -0.3855278509758527 -0.40113588493881985 -0.22830552679999425 -0.22756876362612646 -0.3855278509758527 -0.22756876362612646 -0.3639821370395035 -0.2616721643858613 -0.22756876362612646 -0.2910168055812731 -0.22830552679999425 -0.2616721643858613 -0.2616721643858613 -0.2379316545252044 -0.3190683313127569 -0.3190683313127569 -0.30461898934677667 -0.2844810867792142 -0.2844810867792142 -0.27682091413269405 -0.286638305034479 -0.2379316545252044 -0.23251960119023826 -0.2650774288769177 -0.22756876362612646 -0.2007912125120053 -0.2007912125120053 -0.23238513259262944 -0.22780709186736678 -0.22700491554332977 -0.21312036081183913 -0.21490860856096677 -0.20069419707525465 -0.20638379212317884 -0.20069419707525465 -0.1650964828798623 -0.172343789395648 -0.15637280172162352 -0.15637280172162352 -0.15532095637140594 -0.15175214921103813 -0.13044321571823875 -0.10771662051631004 -0.10411635093135119 -0.06026619814920979 -0.0414997747203133 -0.01202090482311622
-0.3190683313127569 -0.3190683313127569 -0.3190683313127569 -0.3190683313127569 -0.3190683313127569 -0.3190683313127569 -0.3190683313127569 -0.2910168055812731 -0.3190683313127569 -0.3190683313127569 -0.3190683313127569 -0.3190683313127569 -0.3190683313127569 -0.3190683313127569 -0.3190683313127569 -0.3190683313127569 -0.3190683313127569 -0.3190683313127569 -0.3190683313127569 -0.3190683313127569 -0.2910168055812731 -0.2005393845616727 -0.3190683313127569 -0.2910168055812731 -0.3190683313127569 -0.2910168055812731 -0.3190683313127569 -0.3190683313127569 -0.3190683313127569 -0.3190683313127569 -0.3190683313127569 -0.3190683313127569 -0.3190683313127569 -0.3190683313127569 -0.3190683313127569 -0.2379316545252044 -0.2005393845616727 -0.22756876362612646 -0.22830552679999425 -0.22756876362612646 -0.22830552679999425 -0.2910168055812731 -0.22756876362612646 -0.22830552679999425 -0.3190683313127569 -0.3190683313127569 -0.22830552679999425 -0.22756876362612646 -0.3190683313127569 -0.22756876362612646 -0.3190683313127569 -0.2616721643858613 -0.22756876362612646 -0.2910168055812731 -0.22830552679999425 -0.2616721643858613 -0.2616721643858613 -0.2379316545252044 -0.3190683313127569 -0.3190683313127569 -0.30461898934677667 -0.2844810867792142 -0.2844810867792142 -0.27682091413269405 -0.286638305034479 -0.2379316545252044 -0.23251960119023826 -0.2650774288769177 -0.22756876362612646 -0.2007912125120053 -0.2007912125120053 -0.23238513259262944 -0.22780709186736678 -0.22700491554332977 -0.21312036081183913 -0.21490860856096677 -0.20069419707525465 -0.20638379212317884 -0.20069419707525465 -0.1650964828798623 -0.172343789395648 -0.15637280172162352 -0.15637280172162352 -0.15532095637140594 -0.15175214921103813 -0.13044321571823875 -0.10771662051631004 -0.10411635093135119 -0.06026619814920979 -0.0414997747203133 -0.01202090482311622
-0.3639821370395035 -0.3639821370395035 -0.3639821370395035 -0.3639821370395035 -0.3639821370395035 -0.3639821370395035 -0.3639821370395035 -0.2910168055812731 -0.3639821370395035 -0.3639821370395035 -0.3639821370395035 -0.3639821370395035 -0.3639821370395035 -0.3639821370395035 -0.3639821370395035 -0.3639821370395035 -0.3639821370395035 -0.3639821370395035 -0.3639821370395035 -0.3639821370395035 -0.2910168055812731 -0.2005393845616727 -0.3639821370395035 -0.2910168055812731 -0.3639821370395035 -0.2910168055812731 -0.3639821370395035 -0.3639821370395035 -0.3639821370395035 -0.3639821370395035 -0.3639821370395035 -0.3335858794089664 -0.3639821370395035 -0.3639821370395035 -0.3639821370395035 -0.2379316545252044 -0.2005393845616727 -0.22756876362612646 -0.22830552679999425 -0.22756876362612646 -0.22830552679999425 -0.2910168055812731 -0.22756876362612646 -0.22830552679999425 -0.3639821370395035 -0.3639821370395035 -0.22830552679999425 -0.22756876362612646 -0.3639821370395035 -0.22756876362612646 -0.3639821370395035 -0.2616721643858613 -0.22756876362612646 -0.2910168055812731 -0.22830552679999425 -0.2616721643858613 -0.2616721643858613 -0.2379316545252044 -0.3190683313127569 -0.3190683313127569 -0.30461898934677667 -0.2844810867792142 -0.2844810867792142 -0.27682091413269405 -0.286638305034479 -0.2379316545252044 -0.23251960119023826 -0.2650774288769177 -0.22756876362612646 -0.2007912125120053 -0.2007912125120053 -0.23238513259262944 -0.22780709186736678 -0.22700491554332977 -0.21312036081183913 -0.21490860856096677 -0.20069419707525465 -0.20638379212317884 -0.20069419707525465 -0.1650964828798623 -0.172343789395648 -0.15637280172162352 -0.15637280172162352 -0.15532095637140594 -0.15175214921103813 -0.13044321571823875 -0.10771662051631004 -0.10411635093135119 -0.06026619814920979 -0.0414997747203133 -0.01202090482311622
-0.2910168055812731 -0.2910168055812731 -0.2910168055812731 -0.2910168055812731 -0.2910168055812731 -0.2910168055812731 -0.2910168055812731 -0.6423970411890215 -0.2910168055812731 -0.2910168055812731 -0.2910168055812731 -0.2910168055812731 -0.2910168055812731 -0.2910168055812731 -0.2910168055812731 -0.2910168055812731 -0.2910168055812731 -0.2910168055812731 -0.2910168055812731 -0.2910168055812731 -0.3192164445402297 -0.2005393845616727 -0.2910168055812731 -0.3192164445402297 -0.2910168055812731 -0.3192164445402297 -0.2910168055812731 -0.2910168055812731 -0.2910168055812731 -0.2910168055812731 -0.2910168055812731 -0.2910168055812731 -0.2910168055812731 -0.2910168055812731 -0.2910168055812731 -0.2379316545252044 -0.2005393845616727 -0.22756876362612646 -0.22830552679999425 -0.22756876362612646 -0.22830552679999425 -0.29774010893685354 -0.22756876362612646 -0.22830552679999425 -0.2910168055812731 -0.2910168055812731 -0.22830552679999425 -0.22756876362612646 -0.2910168055812731 -0.22756876362612646 -0.2910168055812731 -0.2616721643858613 -0.22756876362612646 -0.29774010893685354 -0.22830552679999425 -0.2616721643858613 -0.2616721643858613 -0.2379316545252044 -0.2910168055812731 -0.2910168055812731 -0.2910168055812731 -0.2844810867792142 -0.2844810867792142 -0.27682091413269405 -0.286638305034479 -0.2379316545252044 -0.23251960119023826 -0.2650774288769177 -0.22756876362612646 -0.2007912125120053 -0.2007912125120053 -0.23238513259262944 -0.22780709186736678 -0.22700491554332977 -0.21312036081183913 -0.21490860856096677 -0.20069419707525465 -0.20638379212317884 -0.20069419707525465 -0.1650964828798623 -0.172343789395648 -0.15637280172162352 -0.15637280172162352 -0.15532095637140594 -0.15175214921103813 -0.13044321571823875 -0.10771662051631004 -0.10411635093135119 -0.06026619814920979 -0.0414997747203133 -0.01202090482311622
-0.42229695704406345 -0.42229695704406345 -0.42229695704406345 -0.41450045425379445 -0.42229695704406345 -0.41450045425379445 -0.41450045425379445 -0.2910168055812731 -0.42229695704406345 -0.41450045425379445 -0.41450045425379445 -0.41450045425379445 -0.42229695704406345 -0.42229695704406345 -0.41450045425379445 -0.41450045425379445 -0.41450045425379445 -0.41450045425379445 -0.41450045425379445 -0.41450045425379445 -0.2910168055812731 -0.2005393845616727 -0.42229695704406345 -0.2910168055812731 -0.42229695704406345 -0.2910168055812731 -0.3855278509758527 -0.3855278509758527 -0.41450045425379445 -0.3855278509758527 -0.3855278509758527 -0.3335858794089664 -0.42229695704406345 -0.42229695704406345 -0.4734870602327816 -0.2379316545252044 -0.2005393845616727 -0.22756876362612646 -0.22830552679999425 -0.22756876362612646 -0.22830552679999425 -0.2910168055812731 -0.22756876362612646 -0.22830552679999425 -0.3855278509758527 -0.40113588493881985 -0.22830552679999425 -0.22756876362612646 -0.3855278509758527 -0.22756876362612646 -0.3639821370395035 -0.2616721643858613 -0.22756876362612646 -0.2910168055812731 -0.22830552679999425 -0.2616721643858613 -0.2616721643858613 -0.2379316545252044 -0.3190683313127569 -0.3190683313127569 -0.30461898934677667 -0.2844810867792142 -0.2844810867792142 -0.27682091413269405 -0.286638305034479 -0.2379316545252044 -0.23251960119023826 -0.2650774288769177 -0.22756876362612646 -0.2007912125120053 -0.2007912125120053 -0.23238513259262944 -0.22780709186736678 -0.22700491554332977 -0.21312036081183913 -0.21490860856096677 -0.20069419707525465 -0.20638379212317884 -0.20069419707525465 -0.1650964828798623 -0.172343789395648 -0.15637280172162352 -0.15637280172162352 -0.15532095637140594 -0.15175214921103813 -0.13044321571823875 -0.10771662051631004 -0.10411635093135119 -0.06026619814920979 -0.0414997747203133 -0.01202090482311622
-0.42229695704406345 -0.42229695704406345 -0.42229695704406345 -0.41450045425379445 -0.42229695704406345 -0.41450045425379445 -0.41450045425379445 -0.2910168055812731 -0.42229695704406345 -0.41450045425379445 -0.41450045425379445 -0.41450045425379445 -0.42229695704406345 -0.42229695704406345 -0.41450045425379445 -0.41450045425379445 -0.41450045425379445 -0.41450045425379445 -0.41450045425379445 -0.41450045425379445 -0.2910168055812731 -0.2005393845616727 -0.42229695704406345 -0.2910168055812731 -0.42229695704406345 -0.2910168055812731 -0.3855278509758527 -0.3855278509758527 -0.41450045425379445 -0.3855278509758527 -0.3855278509758527 -0.3335858794089664 -0.42229695704406345 -0.42229695704406345 -0.4734870602327816 -0.2379316545252044 -0.2005393845616727 -0.22756876362612646 -0.22830552679999425 -0.22756876362612646 -0.22830552679999425 -0.2910168055812731 -0.22756876362612646 -0.22830552679999425 -0.3855278509758527 -0.40113588493881985 -0.22830552679999425 -0.22756876362612646 -0.3855278509758527 -0.22756876362612646 -0.3639821370395035 -0.2616721643858613 -0.22756876362612646 -0.2910168055812731 -0.22830552679999425 -0.2616721643858613 -0.2616721643858613 -0.2379316545252044 -0.3190683313127569 -0.3190683313127569 -0.30461898934677667 -0.2844810867792142 -0.2844810867792142 -0.27682091413269405 -0.286638305034479 -0.2379316545252044 -0.23251960119023826 -0.2650774288769177 -0.22756876362612646 -0.2007912125120053 -0.2007912125120053 -0.23238513259262944 -0.22780709186736678 -0.22700491554332977 -0.21312036081183913 -0.21490860856096677 -0.20069419707525465 -0.20638379212317884 -0.20069419707525465 -0.1650964828798623 -0.172343789395648 -0.15637280172162352 -0.15637280172162352 -0.15532095637140594 -0.15175214921103813 -0.13044321571823875 -0.10771662051631004 -0.10411635093135119 -0.06026619814920979 -0.0414997747203133 -0.01202090482311622
-0.2910168055812731 -0.2910168055812731 -0.2910168055812731 -0.2910168055812731 -0.2910168055812731 -0.2910168055812731 -0.2910168055812731 -0.6168380445789079 -0.2910168055812731 -0.2910168055812731 -0.2910168055812731 -0.2910168055812731 -0.2910168055812731 -0.2910168055812731 -0.2910168055812731 -0.2910168055812731 -0.2910168055812731 -0.2910168055812731 -0.2910168055812731 -0.2910168055812731 -0.3192164445402297 -0.2005393845616727 -0.2910168055812731 -0.3192164445402297 -0.2910168055812731 -0.3192164445402297 -0.2910168055812731 -0.2910168055812731 -0.2910168055812731 -0.2910168055812731 -0.2910168055812731 -0.2910168055812731 -0.2910168055812731 -0.2910168055812731 -0.2910168055812731 -0.2379316545252044 -0.2005393845616727 -0.22756876362612646 -0.22830552679999425 -0.22756876362612646 -0.22830552679999425 -0.29774010893685354 -0.22756876362612646 -0.22830552679999425 -0.2910168055812731 -0.2910168055812731 -0.22830552679999425 -0.22756876362612646 -0.2910168055812731 -0.22756876362612646 -0.2910168055812731 -0.2616721643858613 -0.22756876362612646 -0.29774010893685354 -0.22830552679999425 -0.2616721643858613 -0.2616721643858613 -0.2379316545252044 -0.2910168055812731 -0.2910168055812731 -0.2910168055812731 -0.2844810867792142 -0.2844810867792142 -0.27682091413269405 -0.286638305034479 -0.2379316545252044 -0.23251960119023826 -0.2650774288769177 -0.22756876362612646 -0.2007912125120053 -0.2007912125120053 -0.23238513259262944 -0.22780709186736678 -0.22700491554332977 -0.21312036081183913 -0.21490860856096677 -0.20069419707525465 -0.20638379212317884 -0.20069419707525465 -0.1650964828798623 -0.172343789395648 -0.15637280172162352 -0.15637280172162352 -0.15532095637140594 -0.15175214921103813 -0.13044321571823875 -0.10771662051631004 -0.10411635093135119 -0.06026619814920979 -0.0414997747203133 -0.01202090482311622
-0.2910168055812731 -0.2910168055812731 -0.2910168055812731 -0.2910168055812731 -0.2910168055812731 -0.2910168055812731 -0.2910168055812731 -0.6158507163514884 -0.2910168055812731 -0.2910168055812731 -0.2910168055812731 -0.2910168055812731 -0.2910168055812731 -0.2910168055812731 -0.2910168055812731 -0.2910168055812731 -0.2910168055812731 -0.2910168055812731 -0.2910168055812731 -0.2910168055812731 -0.3192164445402297 -0.2005393845616727 -0.2910168055812731 -0.3192164445402297 -0.2910168055812731 -0.3192164445402297 -0.2910168055812731 -0.2910168055812731 -0.2910168055812731 -0.2910168055812731 -0.2910168055812731 -0.2910168055812731 -0.2910168055812731 -0.2910168055812731 -0.2910168055812731 -0.2379316545252044 -0.2005393845616727 -0.22756876362612646 -0.22830552679999425 -0.22756876362612646 -0.22830552679999425 -0.29774010893685354 -0.22756876362612646 -0.22830552679999425 -0.2910168055812731 -0.2910168055812731 -0.22830552679999425 -0.22756876362612646 -0.2910168055812731 -0.22756876362612646 -0.2910168055812731 -0.2616721643858613 -0.22756876362612646 -0.29774010893685354 -0.22830552679999425 -0.2616721643858613 -0.2616721643858613 -0.2379316545252044 -0.2910168055812731 -0.2910168055812731 -0.2910168055812731 -0.2844810867792142 -0.2844810867792142 -0.27682091413269405 -0.286638305034479 -0.2379316545252044 -0.23251960119023826 -0.2650774288769177 -0.22756876362612646 -0.2007912125120053 -0.2007912125120053 -0.23238513259262944 -0.22780709186736678 -0.22700491554332977 -0.21312036081183913 -0.21490860856096677 -0.20069419707525465 -0.20638379212317884 -0.20069419707525465 -0.1650964828798623 -0.172343789395648 -0.15637280172162352 -0.15637280172162352 -0.15532095637140594 -0.15175214921103813 -0.13044321571823875 -0.10771662051631004 -0.10411635093135119 -0.06026619814920979 -0.0414997747203133 -0.01202090482311622
-0.3855278509758527 -0.3855278509758527 -0.3855278509758527 -0.3855278509758527 -0.3855278509758527 -0.3855278509758527 -0.3855278509758527 -0.2910168055812731 -0.3855278509758527 -0.3855278509758527 -0.3855278509758527 -0.3855278509758527 -0.3855278509758527 -0.3855278509758527 -0.3855278509758527 -0.3855278509758527 -0.3855278509758527 -0.3855278509758527 -0.3855278509758527 -0.3855278509758527 -0.2910168055812731 -0.2005393845616727 -0.3855278509758527 -0.2910168055812731 -0.3855278509758527 -0.2910168055812731 -0.48615006153664203 -0.48615006153664203 -0.3855278509758527 -0.5275234605962742 -0.45361169865238476 -0.3335858794089664 -0.3855278509758527 -0.3855278509758527 -0.3855278509758527 -0.2379316545252044 -0.2005393845616727 -0.22756876362612646 -0.22830552679999425 -0.22756876362612646 -0.22830552679999425 -0.2910168055812731 -0.22756876362612646 -0.22830552679999425 -0.3918506704302715 -0.3855278509758527 -0.22830552679999425 -0.22756876362612646 -0.3862536596708627 -0.22756876362612646 -0.3639821370395035 -0.2616721643858613 -0.22756876362612646 -0.2910168055812731 -0.22830552679999425 -0.2616721643858613 -0.2616721643858613 -0.2379316545252044 -0.3190683313127569 -0.3190683313127569 -0.30461898934677667 -0.2844810867792142 -0.2844810867792142 -0.27682091413269405 -0.286638305034479 -0.2379316545252044 -0.23251960119023826 -0.2650774288769177 -0.22756876362612646 -0.2007912125120053 -0.2007912125120053 -0.23238513259262944 -0.22780709186736678 -0.22700491554332977 -0.21312036081183913 -0.21490860856096677 -0.20069419707525465 -0.20638379212317884 -0.20069419707525465 -0.1650964828798623 -0.172343789395648 -0.15637280172162352 -0.15637280172162352 -0.15532095637140594 -0.15175214921103813 -0.13044321571823875 -0.10771662051631004 -0.10411635093135119 -0.06026619814920979 -0.0414997747203133 -0.01202090482311622
-0.2616721643858613 -0.2616721643858613 -0.2616721643858613 -0.2616721643858613 -0.2616721643858613 -0.2616721643858613 -0.2616721643858613 -0.2616721643858613 -0.2616721643858613 -0.2616721643858613 -0.2616721643858613 -0.2616721643858613 -0.2616721643858613 -0.2616721643858613 -0.2616721643858613 -0.2616721643858613 -0.2616721643858613 -0.2616721643858613 -0.2616721643858613 -0.2616721643858613 -0.2616721643858613 -0.2005393845616727 -0.2616721643858613 -0.2616721643858613 -0.2616721643858613 -0.2616721643858613 -0.2616721643858613 -0.2616721643858613 -0.2616721643858613 -0.2616721643858613 -0.2616721643858613 -0.2616721643858613 -0.2616721643858613 -0.2616721643858613 -0.2616721643858613 -0.2379316545252044 -0.2005393845616727 -0.22756876362612646 -0.22830552679999425 -0.22756876362612646 -0.22830552679999425 -0.2616721643858613 -0.22756876362612646 -0.22830552679999425 -0.2616721643858613 -0.2616721643858613 -0.22830552679999425 -0.22756876362612646 -0.2616721643858613 -0.22756876362612646 -0.2616721643858613 -0.2616721643858613 -0.22756876362612646 -0.2616721643858613 -0.22830552679999425 -0.2616721643858613 -0.2616721643858613 -0.2379316545252044 -0.2616721643858613 -0.2616721643858613 -0.2616721643858613 -0.2616721643858613 -0.2616721643858613 -0.2616721643858613 -0.2616721643858613 -0.2379316545252044 -0.23251960119023826 -0.2616721643858613 -0.22756876362612646 -0.2007912125120053 -0.2007912125120053 -0.23238513259262944 -0.22780709186736678 -0.22700491554332977 -0.21312036081183913 -0.21490860856096677 -0.20069419707525465 -0.20638379212317884 -0.20069419707525465 -0.1650964828798623 -0.172343789395648 -0.15637280172162352 -0.15637280172162352 -0.15532095637140594 -0.15175214921103813 -0.13044321571823875 -0.10771662051631004 -0.10411635093135119 -0.06026619814920979 -0.0414997747203133 -0.01202090482311622
-0.27682091413269405 -0.27682091413269405 -0.27682091413269405 -0.27682091413269405 -0.27682091413269405 -0.27682091413269405 -0.27682091413269405 -0.27682091413269405 -0.27682091413269405 -0.27682091413269405 -0.27682091413269405 -0.27682091413269405 -0.27682091413269405 -0.27682091413269405 -0.27682091413269405 -0.27682091413269405 -0.27682091413269405 -0.27682091413269405 -0.27682091413269405 -0.27682091413269405 -0.27682091413269405 -0.2005393845616727 -0.27682091413269405 -0.27682091413269405 -0.27682091413269405 -0.27682091413269405 -0.27682091413269405 -0.27682091413269405 -0.27682091413269405 -0.27682091413269405 -0.27682091413269405 -0.27682091413269405 -0.27682091413269405 -0.27682091413269405 -0.27682091413269405 -0.2379316545252044 -0.2005393845616727 -0.22756876362612646 -0.22830552679999425 -0.22756876362612646 -0.22830552679999425 -0.27682091413269405 -0.22756876362612646 -0.22830552679999425 -0.27682091413269405 -0.27682091413269405 -0.22830552679999425 -0.22756876362612646 -0.27682091413269405 -0.22756876362612646 -0.27682091413269405 -0.2616721643858613 -0.22756876362612646 -0.27682091413269405 -0.22830552679999425 -0.2616721643858613 -0.2616721643858613 -0.2379316545252044 -0.27682091413269405 -0.27682091413269405 -0.27682091413269405 -0.27682091413269405 -0.27682091413269405 -0.27682091413269405 -0.27682091413269405 -0.2379316545252044 -0.23251960119023826 -0.2650774288769177 -0.22756876362612646 -0.2007912125120053 -0.2007912125120053 -0.23238513259262944 -0.22780709186736678 -0.22700491554332977 -0.21312036081183913 -0.21490860856096677 -0.20069419707525465 -0.20638379212317884 -0.20069419707525465 -0.1650964828798623 -0.172343789395648 -0.15637280172162352 -0.15637280172162352 -0.15532095637140594 -0.15175214921103813 -0.13044321571823875 -0.10771662051631004 -0.10411635093135119 -0.06026619814920979 -0.0414997747203133 -0.01202090482311622
-0.41450045425379445 -0.41450045425379445 -0.41450045425379445 -0.5131973448723951 -0.41450045425379445 -0.5131973448723951 -0.5131973448723951 -0.2910168055812731 -0.41450045425379445 -0.5131973448723951 -0.5131973448723951 -0.5131973448723951 -0.41450045425379445 -0.41450045425379445 -0.5131973448723951 -0.5131973448723951 -0.5131973448723951 -0.5131973448723951 -0.5131973448723951 -0.5131973448723951 -0.2910168055812731 -0.2005393845616727 -0.41450045425379445 -0.2910168055812731 -0.41450045425379445 -0.2910168055812731 -0.3855278509758527 -0.3855278509758527 -0.4539404294639008 -0.3855278509758527 -0.3855278509758527 -0.3335858794089664 -0.41450045425379445 -0.41450045425379445 -0.41450045425379445 -0.2379316545252044 -0.2005393845616727 -0.22756876362612646 -0.22830552679999425 -0.22756876362612646 -0.22830552679999425 -0.2910168055812731 -0.22756876362612646 -0.22830552679999425 -0.3855278509758527 -0.40113588493881985 -0.22830552679999425 -0.22756876362612646 -0.3855278509758527 -0.22756876362612646 -0.3639821370395035 -0.2616721643858613 -0.22756876362612646 -0.2910168055812731 -0.22830552679999425 -0.2616721643858613 -0.2616721643858613 -0.2379316545252044 -0.3190683313127569 -0.3190683313127569 -0.30461898934677667 -0.2844810867792142 -0.2844810867792142 -0.27682091413269405 -0.286638305034479 -0.2379316545252044 -0.23251960119023826 -0.2650774288769177 -0.22756876362612646 -0.2007912125120053 -0.2007912125120053 -0.23238513259262944 -0.22780709186736678 -0.22700491554332977 -0.21312036081183913 -0.21490860856096677 -0.20069419707525465 -0.20638379212317884 -0.20069419707525465 -0.1650964828798623 -0.172343789395648 -0.15637280172162352 -0.15637280172162352 -0.15532095637140594 -0.15175214921103813 -0.13044321571823875 -0.10771662051631004 -0.10411635093135119 -0.06026619814920979 -0.0414997747203133 -0.01202090482311622
-0.2005393845616727 -0.2005393845616727 -0.2005393845616727 -0.2005393845616727 -0.2005393845616727 -0.2005393845616727 -0.2005393845616727 -0.2005393845616727 -0.2005393845616727 -0.2005393845616727 -0.2005393845616727 -0.2005393845616727 -0.2005393845616727 -0.2005393845616727 -0.2005393845616727 -0.2005393845616727 -0.2005393845616727 -0.2005393845616727 -0.2005393845616727 -0.2005393845616727 -0.2005393845616727 -0.2005393845616727 -0.2005393845616727 -0.2005393845616727 -0.2005393845616727 -0.2005393845616727 -0.2005393845616727 -0.2005393845616727 -0.2005393845616727 -0.2005393845616727 -0.2005393845616727 -0.2005393845616727 -0.2005393845616727 -0.2005393845616727 -0.2005393845616727 -0.2005393845616727 -0.2005393845616727 -0.2005393845616727 -0.2005393845616727 -0.2005393845616727 -0.2005393845616727 -0.2005393845616727 -0.2005393845616727 -0.2005393845616727 -0.2005393845616727 -0.2005393845616727 -0.2005393845616727 -0.2005393845616727 -0.2005393845616727 -0.2005393845616727 -0.2005393845616727 -0.2005393845616727 -0.2005393845616727 -0.2005393845616727 -0.2005393845616727 -0.2005393845616727 -0.2005393845616727 -0.2005393845616727 -0.2005393845616727 -0.2005393845616727 -0.2005393845616727 -0.2005393845616727 -0.2005393845616727 -0.2005393845616727 -0.2005393845616727 -0.2005393845616727 -0.2005393845616727 -0.2005393845616727 -0.2005393845616727 -0.2005393845616727 -0.2005393845616727 -0.2005393845616727 -0.2005393845616727 -0.2005393845616727 -0.2005393845616727 -0.2005393845616727 -0.2005393845616727 -0.2005393845616727 -0.2005393845616727 -0.1650964828798623 -0.172343789395648 -0.15637280172162352 -0.15637280172162352 -0.15532095637140594 -0.15175214921103813 -0.13044321571823875 -0.10771662051631004 -0.10411635093135119 -0.06026619814920979 -0.0414997747203133 -0.01202090482311622
-0.23238513259262944 -0.23238513259262944 -0.23238513259262944 -0.23238513259262944 -0.23238513259262944 -0.23238513259262944 -0.23238513259262944 -0.23238513259262944 -0.23238513259262944 -0.23238513259262944 -0.23238513259262944 -0.23238513259262944 -0.23238513259262944 -0.23238513259262944 -0.23238513259262944 -0.23238513259262944 -0.23238513259262944 -0.23238513259262944 -0.23238513259262944 -0.23238513259262944 -0.23238513259262944 -0.2005393845616727 -0.23238513259262944 -0.23238513259262944 -0.23238513259262944 -0.23238513259262944 -0.23238513259262944 -0.23238513259262944 -0.23238513259262944 -0.23238513259262944 -0.23238513259262944 -0.23238513259262944 -0.23238513259262944 -0.23238513259262944 -0.23238513259262944 -0.23238513259262944 -0.2005393845616727 -0.22756876362612646 -0.22830552679999425 -0.22756876362612646 -0.22830552679999425 -0.23238513259262944 -0.22756876362612646 -0.22830552679999425 -0.23238513259262944 -0.23238513259262944 -0.22830552679999425 -0.22756876362612646 -0.23238513259262944 -0.22756876362612646 -0.23238513259262944 -0.23238513259262944 -0.22756876362612646 -0.23238513259262944 -0.22830552679999425 -0.23238513259262944 -0.23238513259262944 -0.23238513259262944 -0.23238513259262944 -0.23238513259262944 -0.23238513259262944 -0.23238513259262944 -0.23238513259262944 -0.23238513259262944 -0.23238513259262944 -0.23238513259262944 -0.23238513259262944 -0.23238513259262944 -0.22756876362612646 -0.2007912125120053 -0.2007912125120053 -0.23238513259262944 -0.22780709186736678 -0.22700491554332977 -0.21312036081183913 -0.21490860856096677 -0.20069419707525465 -0.20638379212317884 -0.20069419707525465 -0.1650964828798623 -0.172343789395648 -0.15637280172162352 -0.15637280172162352 -0.15532095637140594 -0.15175214921103813 -0.13044321571823875 -0.10771662051631004 -0.10411635093135119 -0.06026619814920979 -0.0414997747203133 -0.01202090482311622
-0.3855278509758527 -0.3855278509758527 -0.3855278509758527 -0.3855278509758527 -0.3855278509758527 -0.3855278509758527 -0.3855278509758527 -0.2910168055812731 -0.3855278509758527 -0.3855278509758527 -0.3855278509758527 -0.3855278509758527 -0.3855278509758527 -0.3855278509758527 -0.3855278509758527 -0.3855278509758527 -0.3855278509758527 -0.3855278509758527 -0.3855278509758527 -0.3855278509758527 -0.2910168055812731 -0.2005393845616727 -0.3855278509758527 -0.2910168055812731 -0.3855278509758527 -0.2910168055812731 -0.3855278509758527 -0.3855278509758527 -0.3855278509758527 -0.3855278509758527 -0.3855278509758527 -0.3335858794089664 -0.3855278509758527 -0.3855278509758527 -0.3855278509758527 -0.2379316545252044 -0.2005393845616727 -0.22756876362612646 -0.22830552679999425 -0.22756876362612646 -0.22830552679999425 -0.2910168055812731 -0.22756876362612646 -0.22830552679999425 -0.3855278509758527 -0.3855278509758527 -0.22830552679999425 -0.22756876362612646 -0.3855278509758527 -0.22756876362612646 -0.3639821370395035 -0.2616721643858613 -0.22756876362612646 -0.2910168055812731 -0.22830552679999425 -0.2616721643858613 -0.2616721643858613 -0.2379316545252044 -0.3190683313127569 -0.3190683313127569 -0.30461898934677667 -0.2844810867792142 -0.2844810867792142 -0.27682091413269405 -0.286638305034479 -0.2379316545252044 -0.23251960119023826 -0.2650774288769177 -0.22756876362612646 -0.2007912125120053 -0.2007912125120053 -0.23238513259262944 -0.22780709186736678 -0.22700491554332977 -0.21312036081183913 -0.21490860856096677 -0.20069419707525465 -0.20638379212317884 -0.20069419707525465 -0.1650964828798623 -0.172343789395648 -0.15637280172162352 -0.15637280172162352 -0.15532095637140594 -0.15175214921103813 -0.13044321571823875 -0.10771662051631004 -0.10411635093135119 -0.06026619814920979 -0.0414997747203133 -0.01202090482311622
-0.27682091413269405 -0.27682091413269405 -0.27682091413269405 -0.27682091413269405 -0.27682091413269405 -0.27682091413269405 -0.27682091413269405 -0.27682091413269405 -0.27682091413269405 -0.27682091413269405 -0.27682091413269405 -0.27682091413269405 -0.27682091413269405 -0.27682091413269405 -0.27682091413269405 -0.27682091413269405 -0.27682091413269405 -0.27682091413269405 -0.27682091413269405 -0.27682091413269405 -0.27682091413269405 -0.2005393845616727 -0.27682091413269405 -0.27682091413269405 -0.27682091413269405 -0.27682091413269405 -0.27682091413269405 -0.27682091413269405 -0.27682091413269405 -0.27682091413269405 -0.27682091413269405 -0.27682091413269405 -0.27682091413269405 -0.27682091413269405 -0.27682091413269405 -0.2379316545252044 -0.2005393845616727 -0.22756876362612646 -0.22830552679999425 -0.22756876362612646 -0.22830552679999425 -0.27682091413269405 -0.22756876362612646 -0.22830552679999425 -0.27682091413269405 -0.27682091413269405 -0.22830552679999425 -0.22756876362612646 -0.27682091413269405 -0.22756876362612646 -0.27682091413269405 -0.2616721643858613 -0.22756876362612646 -0.27682091413269405 -0.22830552679999425 -0.2616721643858613 -0.2616721643858613 -0.2379316545252044 -0.27682091413269405 -0.27682091413269405 -0.27682091413269405 -0.27682091413269405 -0.27682091413269405 -0.27682091413269405 -0.27682091413269405 -0.2379316545252044 -0.23251960119023826 -0.2650774288769177 -0.22756876362612646 -0.2007912125120053 -0.2007912125120053 -0.23238513259262944 -0.22780709186736678 -0.22700491554332977 -0.21312036081183913 -0.21490860856096677 -0.20069419707525465 -0.20638379212317884 -0.20069419707525465 -0.1650964828798623 -0.172343789395648 -0.15637280172162352 -0.15637280172162352 -0.15532095637140594 -0.15175214921103813 -0.13044321571823875 -0.10771662051631004 -0.10411635093135119 -0.06026619814920979 -0.0414997747203133 -0.01202090482311622
-0.22700491554332977 -0.22700491554332977 -0.22700491554332977 -0.22700491554332977 -0.22700491554332977 -0.22700491554332977 -0.22700491554332977 -0.22700491554332977 -0.22700491554332977 -0.22700491554332977 -0.22700491554332977 -0.22700491554332977 -0.22700491554332977 -0.22700491554332977 -0.22700491554332977 -0.22700491554332977 -0.22700491554332977 -0.22700491554332977 -0.22700491554332977 -0.22700491554332977 -0.22700491554332977 -0.2005393845616727 -0.22700491554332977 -0.22700491554332977 -0.22700491554332977 -0.22700491554332977 -0.22700491554332977 -0.22700491554332977 -0.22700491554332977 -0.22700491554332977 -0.22700491554332977 -0.22700491554332977 -0.22700491554332977 -0.22700491554332977 -0.22700491554332977 -0.22700491554332977 -0.2005393845616727 -0.22700491554332977 -0.22700491554332977 -0.22700491554332977 -0.22700491554332977 -0.22700491554332977 -0.22700491554332977 -0.22700491554332977 -0.22700491554332977 -0.22700491554332977 -0.22700491554332977 -0.22700491554332977 -0.22700491554332977 -0.22700491554332977 -0.22700491554332977 -0.22700491554332977 -0.22700491554332977 -0.22700491554332977 -0.22700491554332977 -0.22700491554332977 -0.22700491554332977 -0.22700491554332977 -0.22700491554332977 -0.22700491554332977 -0.22700491554332977 -0.22700491554332977 -0.22700491554332977 -0.22700491554332977 -0.22700491554332977 -0.22700491554332977 -0.22700491554332977 -0.22700491554332977 -0.22700491554332977 -0.2007912125120053 -0.2007912125120053 -0.22700491554332977 -0.22700491554332977 -0.22700491554332977 -0.21312036081183913 -0.21490860856096677 -0.20069419707525465 -0.20638379212317884 -0.20069419707525465 -0.1650964828798623 -0.172343789395648 -0.15637280172162352 -0.15637280172162352 -0.15532095637140594 -0.15175214921103813 -0.13044321571823875 -0.10771662051631004 -0.10411635093135119 -0.06026619814920979 -0.0414997747203133 -0.01202090482311622
-0.4739689395098807 -0.4739689395098807 -0.4739689395098807 -0.41450045425379445 -0.4739689395098807 -0.41450045425379445 -0.41450045425379445 -0.2910168055812731 -0.4739689395098807 -0.41450045425379445 -0.41450045425379445 -0.41450045425379445 -0.4739689395098807 -0.4739689395098807 -0.41450045425379445 -0.41450045425379445 -0.41450045425379445 -0.41450045425379445 -0.41450045425379445 -0.41450045425379445 -0.2910168055812731 -0.2005393845616727 -0.4739689395098807 -0.2910168055812731 -0.4739689395098807 -0.2910168055812731 -0.3855278509758527 -0.3855278509758527 -0.41450045425379445 -0.3855278509758527 -0.3855278509758527 -0.3335858794089664 -0.4739689395098807 -0.4739689395098807 -0.42229695704406345 -0.2379316545252044 -0.2005393845616727 -0.22756876362612646 -0.22830552679999425 -0.22756876362612646 -0.22830552679999425 -0.2910168055812731 -0.22756876362612646 -0.22830552679999425 -0.3855278509758527 -0.40113588493881985 -0.22830552679999425 -0.22756876362612646 -0.3855278509758527 -0.22756876362612646 -0.3639821370395035 -0.2616721643858613 -0.22756876362612646 -0.2910168055812731 -0.22830552679999425 -0.2616721643858613 -0.2616721643858613 -0.2379316545252044 -0.3190683313127569 -0.3190683313127569 -0.30461898934677667 -0.2844810867792142 -0.2844810867792142 -0.27682091413269405 -0.286638305034479 -0.2379316545252044 -0.23251960119023826 -0.2650774288769177 -0.22756876362612646 -0.2007912125120053 -0.2007912125120053 -0.23238513259262944 -0.22780709186736678 -0.22700491554332977 -0.21312036081183913 -0.21490860856096677 -0.20069419707525465 -0.20638379212317884 -0.20069419707525465 -0.1650964828798623 -0.172343789395648 -0.15637280172162352 -0.15637280172162352 -0.15532095637140594 -0.15175214921103813 -0.13044321571823875 -0.10771662051631004 -0.10411635093135119 -0.06026619814920979 -0.0414997747203133 -0.01202090482311622
-0.2616721643858613 -0.2616721643858613 -0.2616721643858613 -0.2616721643858613 -0.2616721643858613 -0.2616721643858613 -0.2616721643858613 -0.2616721643858613 -0.2616721643858613 -0.2616721643858613 -0.2616721643858613 -0.2616721643858613 -0.2616721643858613 -0.2616721643858613 -0.2616721643858613 -0.2616721643858613 -0.2616721643858613 -0.2616721643858613 -0.2616721643858613 -0.2616721643858613 -0.2616721643858613 -0.2005393845616727 -0.2616721643858613 -0.2616721643858613 -0.2616721643858613 -0.2616721643858613 -0.2616721643858613 -0.2616721643858613 -0.2616721643858613 -0.2616721643858613 -0.2616721643858613 -0.2616721643858613 -0.2616721643858613 -0.2616721643858613 -0.2616721643858613 -0.2379316545252044 -0.2005393845616727 -0.22756876362612646 -0.22830552679999425 -0.22756876362612646 -0.22830552679999425 -0.2616721643858613 -0.22756876362612646 -0.22830552679999425 -0.2616721643858613 -0.2616721643858613 -0.22830552679999425 -0.22756876362612646 -0.2616721643858613 -0.22756876362612646 -0.2616721643858613 -0.2616721643858613 -0.22756876362612646 -0.2616721643858613 -0.22830552679999425 -0.2616721643858613 -0.2616721643858613 -0.2379316545252044 -0.2616721643858613 -0.2616721643858613 -0.2616721643858613 -0.2616721643858613 -0.2616721643858613 -0.2616721643858613 -0.2616721643858613 -0.2379316545252044 -0.23251960119023826 -0.2616721643858613 -0.22756876362612646 -0.2007912125120053 -0.2007912125120053 -0.23238513259262944 -0.22780709186736678 -0.22700491554332977 -0.21312036081183913 -0.21490860856096677 -0.20069419707525465 -0.20638379212317884 -0.20069419707525465 -0.1650964828798623 -0.172343789395648 -0.15637280172162352 -0.15637280172162352 -0.15532095637140594 -0.15175214921103813 -0.13044321571823875 -0.10771662051631004 -0.10411635093135119 -0.06026619814920979 -0.0414997747203133 -0.01202090482311622
-0.3855278509758527 -0.3855278509758527 -0.3855278509758527 -0.3855278509758527 -0.3855278509758527 -0.3855278509758527 -0.3855278509758527 -0.2910168055812731 -0.3855278509758527 -0.3855278509758527 -0.3855278509758527 -0.3855278509758527 -0.3855278509758527 -0.3855278509758527 -0.3855278509758527 -0.3855278509758527 -0.3855278509758527 -0.3855278509758527 -0.3855278509758527 -0.3855278509758527 -0.2910168055812731 -0.2005393845616727 -0.3855278509758527 -0.2910168055812731 -0.3855278509758527 -0.2910168055812731 -0.45361169865238476 -0.45361169865238476 -0.3855278509758527 -0.45361169865238476 -0.45361169865238476 -0.3335858794089664 -0.3855278509758527 -0.3855278509758527 -0.3855278509758527 -0.2379316545252044 -0.2005393845616727 -0.22756876362612646 -0.22830552679999425 -0.22756876362612646 -0.22830552679999425 -0.2910168055812731 -0.22756876362612646 -0.22830552679999425 -0.3918506704302715 -0.3855278509758527 -0.22830552679999425 -0.22756876362612646 -0.3862536596708627 -0.22756876362612646 -0.3639821370395035 -0.2616721643858613 -0.22756876362612646 -0.2910168055812731 -0.22830552679999425 -0.2616721643858613 -0.2616721643858613 -0.2379316545252044 -0.3190683313127569 -0.3190683313127569 -0.30461898934677667 -0.2844810867792142 -0.2844810867792142 -0.27682091413269405 -0.286638305034479 -0.2379316545252044 -0.23251960119023826 -0.2650774288769177 -0.22756876362612646 -0.2007912125120053 -0.2007912125120053 -0.23238513259262944 -0.22780709186736678 -0.22700491554332977 -0.21312036081183913 -0.21490860856096677 -0.20069419707525465 -0.20638379212317884 -0.20069419707525465 -0.1650964828798623 -0.172343789395648 -0.15637280172162352 -0.15637280172162352 -0.15532095637140594 -0.15175214921103813 -0.13044321571823875 -0.10771662051631004 -0.10411635093135119 -0.06026619814920979 -0.0414997747203133 -0.01202090482311622
-0.3855278509758527 -0.3855278509758527 -0.3855278509758527 -0.3855278509758527 -0.3855278509758527 -0.3855278509758527 -0.3855278509758527 -0.2910168055812731 -0.3855278509758527 -0.3855278509758527 -0.3855278509758527 -0.3855278509758527 -0.3855278509758527 -0.3855278509758527 -0.3855278509758527 -0.3855278509758527 -0.3855278509758527 -0.3855278509758527 -0.3855278509758527 -0.3855278509758527 -0.2910168055812731 -0.2005393845616727 -0.3855278509758527 -0.2910168055812731 -0.3855278509758527 -0.2910168055812731 -0.45361169865238476 -0.45361169865238476 -0.3855278509758527 -0.45361169865238476 -0.45361169865238476 -0.3335858794089664 -0.3855278509758527 -0.3855278509758527 -0.3855278509758527 -0.2379316545252044 -0.2005393845616727 -0.22756876362612646 -0.22830552679999425 -0.22756876362612646 -0.22830552679999425 -0.2910168055812731 -0.22756876362612646 -0.22830552679999425 -0.3918506704302715 -0.3855278509758527 -0.22830552679999425 -0.22756876362612646 -0.3862536596708627 -0.22756876362612646 -0.3639821370395035 -0.2616721643858613 -0.22756876362612646 -0.2910168055812731 -0.22830552679999425 -0.2616721643858613 -0.2616721643858613 -0.2379316545252044 -0.3190683313127569 -0.3190683313127569 -0.30461898934677667 -0.2844810867792142 -0.2844810867792142 -0.27682091413269405 -0.286638305034479 -0.2379316545252044 -0.23251960119023826 -0.2650774288769177 -0.22756876362612646 -0.2007912125120053 -0.2007912125120053 -0.23238513259262944 -0.22780709186736678 -0.22700491554332977 -0.21312036081183913 -0.21490860856096677 -0.20069419707525465 -0.20638379212317884 -0.20069419707525465 -0.1650964828798623 -0.172343789395648 -0.15637280172162352 -0.15637280172162352 -0.15532095637140594 -0.15175214921103813 -0.13044321571823875 -0.10771662051631004 -0.10411635093135119 -0.06026619814920979 -0.0414997747203133 -0.01202090482311622
-0.3855278509758527 -0.3855278509758527 -0.3855278509758527 -0.3855278509758527 -0.3855278509758527 -0.3855278509758527 -0.3855278509758527 -0.2910168055812731 -0.3855278509758527 -0.3855278509758527 -0.3855278509758527 -0.3855278509758527 -0.3855278509758527 -0.3855278509758527 -0.3855278509758527 -0.3855278509758527 -0.3855278509758527 -0.3855278509758527 -0.3855278509758527 -0.3855278509758527 -0.2910168055812731 -0.2005393845616727 -0.3855278509758527 -0.2910168055812731 -0.3855278509758527 -0.2910168055812731 -0.45361169865238476 -0.45361169865238476 -0.3855278509758527 -0.45361169865238476 -0.47069975176194806 -0.3335858794089664 -0.3855278509758527 -0.3855278509758527 -0.3855278509758527 -0.2379316545252044 -0.2005393845616727 -0.22756876362612646 -0.22830552679999425 -0.22756876362612646 -0.22830552679999425 -0.2910168055812731 -0.22756876362612646 -0.22830552679999425 -0.3918506704302715 -0.3855278509758527 -0.22830552679999425 -0.22756876362612646 -0.3862536596708627 -0.22756876362612646 -0.3639821370395035 -0.2616721643858613 -0.22756876362612646 -0.2910168055812731 -0.22830552679999425 -0.2616721643858613 -0.2616721643858613 -0.2379316545252044 -0.3190683313127569 -0.3190683313127569 -0.30461898934677667 -0.2844810867792142 -0.2844810867792142 -0.27682091413269405 -0.286638305034479 -0.2379316545252044 -0.23251960119023826 -0.2650774288769177 -0.22756876362612646 -0.2007912125120053 -0.2007912125120053 -0.23238513259262944 -0.22780709186736678 -0.22700491554332977 -0.21312036081183913 -0.21490860856096677 -0.20069419707525465 -0.20638379212317884 -0.20069419707525465 -0.1650964828798623 -0.172343789395648 -0.15637280172162352 -0.15637280172162352 -0.15532095637140594 -0.15175214921103813 -0.13044321571823875 -0.10771662051631004 -0.10411635093135119 -0.06026619814920979 -0.0414997747203133 -0.01202090482311622
-0.2910168055812731 -0.2910168055812731 -0.2910168055812731 -0.2910168055812731 -0.2910168055812731 -0.2910168055812731 -0.2910168055812731 -0.46463389130358973 -0.2910168055812731 -0.2910168055812731 -0.2910168055812731 -0.2910168055812731 -0.2910168055812731 -0.2910168055812731 -0.2910168055812731 -0.2910168055812731 -0.2910168055812731 -0.2910168055812731 -0.2910168055812731 -0.2910168055812731 -0.3192164445402297 -0.2005393845616727 -0.2910168055812731 -0.3192164445402297 -0.2910168055812731 -0.3192164445402297 -0.2910168055812731 -0.2910168055812731 -0.2910168055812731 -0.2910168055812731 -0.2910168055812731 -0.2910168055812731 -0.2910168055812731 -0.2910168055812731 -0.2910168055812731 -0.2379316545252044 -0.2005393845616727 -0.22756876362612646 -0.22830552679999425 -0.22756876362612646 -0.22830552679999425 -0.29774010893685354 -0.22756876362612646 -0.22830552679999425 -0.2910168055812731 -0.2910168055812731 -0.22830552679999425 -0.22756876362612646 -0.2910168055812731 -0.22756876362612646 -0.2910168055812731 -0.2616721643858613 -0.22756876362612646 -0.29774010893685354 -0.22830552679999425 -0.2616721643858613 -0.2616721643858613 -0.2379316545252044 -0.2910168055812731 -0.2910168055812731 -0.2910168055812731 -0.2844810867792142 -0.2844810867792142 -0.27682091413269405 -0.286638305034479 -0.2379316545252044 -0.23251960119023826 -0.2650774288769177 -0.22756876362612646 -0.2007912125120053 -0.2007912125120053 -0.23238513259262944 -0.22780709186736678 -0.22700491554332977 -0.21312036081183913 -0.21490860856096677 -0.20069419707525465 -0.20638379212317884 -0.20069419707525465 -0.1650964828798623 -0.172343789395648 -0.15637280172162352 -0.15637280172162352 -0.15532095637140594 -0.15175214921103813 -0.13044321571823875 -0.10771662051631004 -0.10411635093135119 -0.06026619814920979 -0.0414997747203133 -0.01202090482311622
-0.20638379212317884 -0.20638379212317884 -0.20638379212317884 -0.20638379212317884 -0.20638379212317884 -0.20638379212317884 -0.20638379212317884 -0.20638379212317884 -0.20638379212317884 -0.20638379212317884 -0.20638379212317884 -0.20638379212317884 -0.20638379212317884 -0.20638379212317884 -0.20638379212317884 -0.20638379212317884 -0.20638379212317884 -0.20638379212317884 -0.20638379212317884 -0.20638379212317884 -0.20638379212317884 -0.2005393845616727 -0.20638379212317884 -0.20638379212317884 -0.20638379212317884 -0.20638379212317884 -0.20638379212317884 -0.20638379212317884 -0.20638379212317884 -0.20638379212317884 -0.20638379212317884 -0.20638379212317884 -0.20638379212317884 -0.20638379212317884 -0.20638379212317884 -0.20638379212317884 -0.2005393845616727 -0.20638379212317884 -0.20638379212317884 -0.20638379212317884 -0.20638379212317884 -0.20638379212317884 -0.20638379212317884 -0.20638379212317884 -0.20638379212317884 -0.20638379212317884 -0.20638379212317884 -0.20638379212317884 -0.20638379212317884 -0.20638379212317884 -0.20638379212317884 -0.20638379212317884 -0.20638379212317884 -0.20638379212317884 -0.20638379212317884 -0.20638379212317884 -0.20638379212317884 -0.20638379212317884 -0.20638379212317884 -0.20638379212317884 -0.20638379212317884 -0.20638379212317884 -0.20638379212317884 -0.20638379212317884 -0.20638379212317884 -0.20638379212317884 -0.20638379212317884 -0.20638379212317884 -0.20638379212317884 -0.2007912125120053 -0.2007912125120053 -0.20638379212317884 -0.20638379212317884 -0.20638379212317884 -0.20638379212317884 -0.20638379212317884 -0.20069419707525465 -0.20638379212317884 -0.20069419707525465 -0.1650964828798623 -0.172343789395648 -0.15637280172162352 -0.15637280172162352 -0.15532095637140594 -0.15175214921103813 -0.13044321571823875 -0.10771662051631004 -0.10411635093135119 -0.06026619814920979 -0.0414997747203133 -0.01202090482311622
-0.2616721643858613 -0.2616721643858613 -0.2616721643858613 -0.2616721643858613 -0.2616721643858613 -0.2616721643858613 -0.2616721643858613 -0.2616721643858613 -0.2616721643858613 -0.2616721643858613 -0.2616721643858613 -0.2616721643858613 -0.2616721643858613 -0.2616721643858613 -0.2616721643858613 -0.2616721643858613 -0.2616721643858613 -0.2616721643858613 -0.2616721643858613 -0.2616721643858613 -0.2616721643858613 -0.2005393845616727 -0.2616721643858613 -0.2616721643858613 -0.2616721643858613 -0.2616721643858613 -0.2616721643858613 -0.2616721643858613 -0.2616721643858613 -0.2616721643858613 -0.2616721643858613 -0.2616721643858613 -0.2616721643858613 -0.2616721643858613 -0.2616721643858613 -0.2379316545252044 -0.2005393845616727 -0.22756876362612646 -0.22830552679999425 -0.22756876362612646 -0.22830552679999425 -0.2616721643858613 -0.22756876362612646 -0.22830552679999425 -0.2616721643858613 -0.2616721643858613 -0.22830552679999425 -0.22756876362612646 -0.2616721643858613 -0.22756876362612646 -0.2616721643858613 -0.2616721643858613 -0.22756876362612646 -0.2616721643858613 -0.22830552679999425 -0.2616721643858613 -0.2616721643858613 -0.2379316545252044 -0.2616721643858613 -0.2616721643858613 -0.2616721643858613 -0.2616721643858613 -0.2616721643858613 -0.2616721643858613 -0.2616721643858613 -0.2379316545252044 -0.23251960119023826 -0.2616721643858613 -0.22756876362612646 -0.2007912125120053 -0.2007912125120053 -0.23238513259262944 -0.22780709186736678 -0.22700491554332977 -0.21312036081183913 -0.21490860856096677 -0.20069419707525465 -0.20638379212317884 -0.20069419707525465 -0.1650964828798623 -0.172343789395648 -0.15637280172162352 -0.15637280172162352 -0.15532095637140594 -0.15175214921103813 -0.13044321571823875 -0.10771662051631004 -0.10411635093135119 -0.06026619814920979 -0.0414997747203133 -0.01202090482311622
-0.27682091413269405 -0.27682091413269405 -0.27682091413269405 -0.27682091413269405 -0.27682091413269405 -0.27682091413269405 -0.27682091413269405 -0.27682091413269405 -0.27682091413269405 -0.27682091413269405 -0.27682091413269405 -0.27682091413269405 -0.27682091413269405 -0.27682091413269405 -0.27682091413269405 -0.27682091413269405 -0.27682091413269405 -0.27682091413269405 -0.27682091413269405 -0.27682091413269405 -0.27682091413269405 -0.2005393845616727 -0.27682091413269405 -0.27682091413269405 -0.27682091413269405 -0.27682091413269405 -0.27682091413269405 -0.27682091413269405 -0.27682091413269405 -0.27682091413269405 -0.27682091413269405 -0.27682091413269405 -0.27682091413269405 -0.27682091413269405 -0.27682091413269405 -0.2379316545252044 -0.2005393845616727 -0.22756876362612646 -0.22830552679999425 -0.22756876362612646 -0.22830552679999425 -0.27682091413269405 -0.22756876362612646 -0.22830552679999425 -0.27682091413269405 -0.27682091413269405 -0.22830552679999425 -0.22756876362612646 -0.27682091413269405 -0.22756876362612646 -0.27682091413269405 -0.2616721643858613 -0.22756876362612646 -0.27682091413269405 -0.22830552679999425 -0.2616721643858613 -0.2616721643858613 -0.2379316545252044 -0.27682091413269405 -0.27682091413269405 -0.27682091413269405 -0.27682091413269405 -0.27682091413269405 -0.27682091413269405 -0.27682091413269405 -0.2379316545252044 -0.23251960119023826 -0.2650774288769177 -0.22756876362612646 -0.2007912125120053 -0.2007912125120053 -0.23238513259262944 -0.22780709186736678 -0.22700491554332977 -0.21312036081183913 -0.21490860856096677 -0.20069419707525465 -0.20638379212317884 -0.20069419707525465 -0.1650964828798623 -0.172343789395648 -0.15637280172162352 -0.15637280172162352 -0.15532095637140594 -0.15175214921103813 -0.13044321571823875 -0.10771662051631004 -0.10411635093135119 -0.06026619814920979 -0.0414997747203133 -0.01202090482311622
-0.2379316545252044 -0.2379316545252044 -0.2379316545252044 -0.2379316545252044 -0.2379316545252044 -0.2379316545252044 -0.2379316545252044 -0.2379316545252044 -0.2379316545252044 -0.2379316545252044 -0.2379316545252044 -0.2379316545252044 -0.2379316545252044 -0.2379316545252044 -0.2379316545252044 -0.2379316545252044 -0.2379316545252044 -0.2379316545252044 -0.2379316545252044 -0.2379316545252044 -0.2379316545252044 -0.2005393845616727 -0.2379316545252044 -0.2379316545252044 -0.2379316545252044 -0.2379316545252044 -0.2379316545252044 -0.2379316545252044 -0.2379316545252044 -0.2379316545252044 -0.2379316545252044 -0.2379316545252044 -0.2379316545252044 -0.2379316545252044 -0.2379316545252044 -0.2379316545252044 -0.2005393845616727 -0.22756876362612646 -0.22830552679999425 -0.22756876362612646 -0.22830552679999425 -0.2379316545252044 -0.22756876362612646 -0.22830552679999425 -0.2379316545252044 -0.2379316545252044 -0.22830552679999425 -0.22756876362612646 -0.2379316545252044 -0.22756876362612646 -0.2379316545252044 -0.2379316545252044 -0.22756876362612646 -0.2379316545252044 -0.22830552679999425 -0.2379316545252044 -0.2379316545252044 -0.2379316545252044 -0.2379316545252044 -0.2379316545252044 -0.2379316545252044 -0.2379316545252044 -0.2379316545252044 -0.2379316545252044 -0.2379316545252044 -0.2379316545252044 -0.23251960119023826 -0.2379316545252044 -0.22756876362612646 -0.2007912125120053 -0.2007912125120053 -0.23238513259262944 -0.22780709186736678 -0.22700491554332977 -0.21312036081183913 -0.21490860856096677 -0.20069419707525465 -0.20638379212317884 -0.20069419707525465 -0.1650964828798623 -0.172343789395648 -0.15637280172162352 -0.15637280172162352 -0.15532095637140594 -0.15175214921103813 -0.13044321571823875 -0.10771662051631004 -0.10411635093135119 -0.06026619814920979 -0.0414997747203133 -0.01202090482311622
-0.4312104565722334 -0.4312104565722334 -0.4312104565722334 -0.41450045425379445 -0.4312104565722334 -0.41450045425379445 -0.41450045425379445 -0.2910168055812731 -0.4312104565722334 -0.41450045425379445 -0.41450045425379445 -0.41450045425379445 -0.4312104565722334 -0.4312104565722334 -0.41450045425379445 -0.41450045425379445 -0.41450045425379445 -0.41450045425379445 -0.41450045425379445 -0.41450045425379445 -0.2910168055812731 -0.2005393845616727 -0.4312104565722334 -0.2910168055812731 -0.4312104565722334 -0.2910168055812731 -0.3855278509758527 -0.3855278509758527 -0.41450045425379445 -0.3855278509758527 -0.3855278509758527 -0.3335858794089664 -0.4312104565722334 -0.4312104565722334 -0.42229695704406345 -0.2379316545252044 -0.2005393845616727 -0.22756876362612646 -0.22830552679999425 -0.22756876362612646 -0.22830552679999425 -0.2910168055812731 -0.22756876362612646 -0.22830552679999425 -0.3855278509758527 -0.40113588493881985 -0.22830552679999425 -0.22756876362612646 -0.3855278509758527 -0.22756876362612646 -0.3639821370395035 -0.2616721643858613 -0.22756876362612646 -0.2910168055812731 -0.22830552679999425 -0.2616721643858613 -0.2616721643858613 -0.2379316545252044 -0.3190683313127569 -0.3190683313127569 -0.30461898934677667 -0.2844810867792142 -0.2844810867792142 -0.27682091413269405 -0.286638305034479 -0.2379316545252044 -0.23251960119023826 -0.2650774288769177 -0.22756876362612646 -0.2007912125120053 -0.2007912125120053 -0.23238513259262944 -0.22780709186736678 -0.22700491554332977 -0.21312036081183913 -0.21490860856096677 -0.20069419707525465 -0.20638379212317884 -0.20069419707525465 -0.1650964828798623 -0.172343789395648 -0.15637280172162352 -0.15637280172162352 -0.15532095637140594 -0.15175214921103813 -0.13044321571823875 -0.10771662051631004 -0.10411635093135119 -0.06026619814920979 -0.0414997747203133 -0.01202090482311622
-0.42961751512187524 -0.42961751512187524 -0.42961751512187524 -0.41450045425379445 -0.42961751512187524 -0.41450045425379445 -0.41450045425379445 -0.2910168055812731 -0.42961751512187524 -0.41450045425379445 -0.41450045425379445 -0.41450045425379445 -0.42961751512187524 -0.42961751512187524 -0.41450045425379445 -0.41450045425379445 -0.41450045425379445 -0.41450045425379445 -0.41450045425379445 -0.41450045425379445 -0.2910168055812731 -0.2005393845616727 -0.42961751512187524 -0.2910168055812731 -0.42961751512187524 -0.2910168055812731 -0.3855278509758527 -0.3855278509758527 -0.41450045425379445 -0.3855278509758527 -0.3855278509758527 -0.3335858794089664 -0.42961751512187524 -0.42961751512187524 -0.42229695704406345 -0.2379316545252044 -0.2005393845616727 -0.22756876362612646 -0.22830552679999425 -0.22756876362612646 -0.22830552679999425 -0.2910168055812731 -0.22756876362612646 -0.22830552679999425 -0.3855278509758527 -0.40113588493881985 -0.22830552679999425 -0.22756876362612646 -0.3855278509758527 -0.22756876362612646 -0.3639821370395035 -0.2616721643858613 -0.22756876362612646 -0.2910168055812731 -0.22830552679999425 -0.2616721643858613 -0.2616721643858613 -0.2379316545252044 -0.3190683313127569 -0.3190683313127569 -0.30461898934677667 -0.2844810867792142 -0.2844810867792142 -0.27682091413269405 -0.286638305034479 -0.2379316545252044 -0.23251960119023826 -0.2650774288769177 -0.22756876362612646 -0.2007912125120053 -0.2007912125120053 -0.23238513259262944 -0.22780709186736678 -0.22700491554332977 -0.21312036081183913 -0.21490860856096677 -0.20069419707525465 -0.20638379212317884 -0.20069419707525465 -0.1650964828798623 -0.172343789395648 -0.15637280172162352 -0.15637280172162352 -0.15532095637140594 -0.15175214921103813 -0.13044321571823875 -0.10771662051631004 -0.10411635093135119 -0.06026619814920979 -0.0414997747203133 -0.01202090482311622
-0.42850187425287667 -0.42850187425287667 -0.42850187425287667 -0.41450045425379445 -0.42850187425287667 -0.41450045425379445 -0.41450045425379445 -0.2910168055812731 -0.42850187425287667 -0.41450045425379445 -0.41450045425379445 -0.41450045425379445 -0.42850187425287667 -0.42850187425287667 -0.41450045425379445 -0.41450045425379445 -0.41450045425379445 -0.41450045425379445 -0.41450045425379445 -0.41450045425379445 -0.2910168055812731 -0.2005393845616727 -0.42850187425287667 -0.2910168055812731 -0.42850187425287667 -0.2910168055812731 -0.3855278509758527 -0.3855278509758527 -0.41450045425379445 -0.3855278509758527 -0.3855278509758527 -0.3335858794089664 -0.42850187425287667 -0.42850187425287667 -0.42229695704406345 -0.2379316545252044 -0.2005393845616727 -0.22756876362612646 -0.22830552679999425 -0.22756876362612646 -0.22830552679999425 -0.2910168055812731 -0.22756876362612646 -0.22830552679999425 -0.3855278509758527 -0.40113588493881985 -0.22830552679999425 -0.22756876362612646 -0.3855278509758527 -0.22756876362612646 -0.3639821370395035 -0.2616721643858613 -0.22756876362612646 -0.2910168055812731 -0.22830552679999425 -0.2616721643858613 -0.2616721643858613 -0.2379316545252044 -0.3190683313127569 -0.3190683313127569 -0.30461898934677667 -0.2844810867792142 -0.2844810867792142 -0.27682091413269405 -0.286638305034479 -0.2379316545252044 -0.23251960119023826 -0.2650774288769177 -0.22756876362612646 -0.2007912125120053 -0.2007912125120053 -0.23238513259262944 -0.22780709186736678 -0.22700491554332977 -0.21312036081183913 -0.21490860856096677 -0.20069419707525465 -0.20638379212317884 -0.20069419707525465 -0.1650964828798623 -0.172343789395648 -0.15637280172162352 -0.15637280172162352 -0.15532095637140594 -0.15175214921103813 -0.13044321571823875 -0.10771662051631004 -0.10411635093135119 -0.06026619814920979 -0.0414997747203133 -0.01202090482311622
-0.23238513259262944 -0.23238513259262944 -0.23238513259262944 -0.23238513259262944 -0.23238513259262944 -0.23238513259262944 -0.23238513259262944 -0.23238513259262944 -0.23238513259262944 -0.23238513259262944 -0.23238513259262944 -0.23238513259262944 -0.23238513259262944 -0.23238513259262944 -0.23238513259262944 -0.23238513259262944 -0.23238513259262944 -0.23238513259262944 -0.23238513259262944 -0.23238513259262944 -0.23238513259262944 -0.2005393845616727 -0.23238513259262944 -0.23238513259262944 -0.23238513259262944 -0.23238513259262944 -0.23238513259262944 -0.23238513259262944 -0.23238513259262944 -0.23238513259262944 -0.23238513259262944 -0.23238513259262944 -0.23238513259262944 -0.23238513259262944 -0.23238513259262944 -0.23238513259262944 -0.2005393845616727 -0.22756876362612646 -0.22830552679999425 -0.22756876362612646 -0.22830552679999425 -0.23238513259262944 -0.22756876362612646 -0.22830552679999425 -0.23238513259262944 -0.23238513259262944 -0.22830552679999425 -0.22756876362612646 -0.23238513259262944 -0.22756876362612646 -0.23238513259262944 -0.23238513259262944 -0.22756876362612646 -0.23238513259262944 -0.22830552679999425 -0.23238513259262944 -0.23238513259262944 -0.23238513259262944 -0.23238513259262944 -0.23238513259262944 -0.23238513259262944 -0.23238513259262944 -0.23238513259262944 -0.23238513259262944 -0.23238513259262944 -0.23238513259262944 -0.23238513259262944 -0.23238513259262944 -0.22756876362612646 -0.2007912125120053 -0.2007912125120053 -0.23238513259262944 -0.22780709186736678 -0.22700491554332977 -0.21312036081183913 -0.21490860856096677 -0.20069419707525465 -0.20638379212317884 -0.20069419707525465 -0.1650964828798623 -0.172343789395648 -0.15637280172162352 -0.15637280172162352 -0.15532095637140594 -0.15175214921103813 -0.13044321571823875 -0.10771662051631004 -0.10411635093135119 -0.06026619814920979 -0.0414997747203133 -0.01202090482311622
-0.21490860856096677 -0.21490860856096677 -0.21490860856096677 -0.21490860856096677 -0.21490860856096677 -0.21490860856096677 -0.21490860856096677 -0.21490860856096677 -0.21490860856096677 -0.21490860856096677 -0.21490860856096677 -0.21490860856096677 -0.21490860856096677 -0.21490860856096677 -0.21490860856096677 -0.21490860856096677 -0.21490860856096677 -0.21490860856096677 -0.21490860856096677 -0.21490860856096677 -0.21490860856096677 -0.2005393845616727 -0.21490860856096677 -0.21490860856096677 -0.21490860856096677 -0.21490860856096677 -0.21490860856096677 -0.21490860856096677 -0.21490860856096677 -0.21490860856096677 -0.21490860856096677 -0.21490860856096677 -0.21490860856096677 -0.21490860856096677 -0.21490860856096677 -0.21490860856096677 -0.2005393845616727 -0.21490860856096677 -0.21490860856096677 -0.21490860856096677 -0.21490860856096677 -0.21490860856096677 -0.21490860856096677 -0.21490860856096677 -0.21490860856096677 -0.21490860856096677 -0.21490860856096677 -0.21490860856096677 -0.21490860856096677 -0.21490860856096677 -0.21490860856096677 -0.21490860856096677 -0.21490860856096677 -0.21490860856096677 -0.21490860856096677 -0.21490860856096677 -0.21490860856096677 -0.21490860856096677 -0.21490860856096677 -0.21490860856096677 -0.21490860856096677 -0.21490860856096677 -0.21490860856096677 -0.21490860856096677 -0.21490860856096677 -0.21490860856096677 -0.21490860856096677 -0.21490860856096677 -0.21490860856096677 -0.2007912125120053 -0.2007912125120053 -0.21490860856096677 -0.21490860856096677 -0.21490860856096677 -0.21312036081183913 -0.21490860856096677 -0.20069419707525465 -0.20638379212317884 -0.20069419707525465 -0.1650964828798623 -0.172343789395648 -0.15637280172162352 -0.15637280172162352 -0.15532095637140594 -0.15175214921103813 -0.13044321571823875 -0.10771662051631004 -0.10411635093135119 -0.06026619814920979 -0.0414997747203133 -0.01202090482311622
-0.3335858794089664 -0.3335858794089664 -0.3335858794089664 -0.3335858794089664 -0.3335858794089664 -0.3335858794089664 -0.3335858794089664 -0.2910168055812731 -0.3335858794089664 -0.3335858794089664 -0.3335858794089664 -0.3335858794089664 -0.3335858794089664 -0.3335858794089664 -0.3335858794089664 -0.3335858794089664 -0.3335858794089664 -0.3335858794089664 -0.3335858794089664 -0.3335858794089664 -0.2910168055812731 -0.2005393845616727 -0.3335858794089664 -0.2910168055812731 -0.3335858794089664 -0.2910168055812731 -0.3335858794089664 -0.3335858794089664 -0.3335858794089664 -0.3335858794089664 -0.3335858794089664 -0.3335858794089664 -0.3335858794089664 -0.3335858794089664 -0.3335858794089664 -0.2379316545252044 -0.2005393845616727 -0.22756876362612646 -0.22830552679999425 -0.22756876362612646 -0.22830552679999425 -0.2910168055812731 -0.22756876362612646 -0.22830552679999425 -0.3335858794089664 -0.3335858794089664 -0.22830552679999425 -0.22756876362612646 -0.3335858794089664 -0.22756876362612646 -0.3335858794089664 -0.2616721643858613 -0.22756876362612646 -0.2910168055812731 -0.22830552679999425 -0.2616721643858613 -0.2616721643858613 -0.2379316545252044 -0.3190683313127569 -0.3190683313127569 -0.30461898934677667 -0.2844810867792142 -0.2844810867792142 -0.27682091413269405 -0.286638305034479 -0.2379316545252044 -0.23251960119023826 -0.2650774288769177 -0.22756876362612646 -0.2007912125120053 -0.2007912125120053 -0.23238513259262944 -0.22780709186736678 -0.22700491554332977 -0.21312036081183913 -0.21490860856096677 -0.20069419707525465 -0.20638379212317884 -0.20069419707525465 -0.1650964828798623 -0.172343789395648 -0.15637280172162352 -0.15637280172162352 -0.15532095637140594 -0.15175214921103813 -0.13044321571823875 -0.10771662051631004 -0.10411635093135119 -0.06026619814920979 -0.0414997747203133 -0.01202090482311622
-0.22756876362612646 -0.22756876362612646 -0.22756876362612646 -0.22756876362612646 -0.22756876362612646 -0.22756876362612646 -0.22756876362612646 -0.22756876362612646 -0.22756876362612646 -0.22756876362612646 -0.22756876362612646 -0.22756876362612646 -0.22756876362612646 -0.22756876362612646 -0.22756876362612646 -0.22756876362612646 -0.22756876362612646 -0.22756876362612646 -0.22756876362612646 -0.22756876362612646 -0.22756876362612646 -0.2005393845616727 -0.22756876362612646 -0.22756876362612646 -0.22756876362612646 -0.22756876362612646 -0.22756876362612646 -0.22756876362612646 -0.22756876362612646 -0.22756876362612646 -0.22756876362612646 -0.22756876362612646 -0.22756876362612646 -0.22756876362612646 -0.22756876362612646 -0.22756876362612646 -0.2005393845616727 -0.3531574044481987 -0.22756876362612646 -0.4133184265377333 -0.22756876362612646 -0.22756876362612646 -0.3623059285372314 -0.22756876362612646 -0.22756876362612646 -0.22756876362612646 -0.22756876362612646 -0.3531574044481987 -0.22756876362612646 -0.33024413914650086 -0.22756876362612646 -0.22756876362612646 -0.3143007743387771 -0.22756876362612646 -0.22756876362612646 -0.22756876362612646 -0.22756876362612646 -0.22756876362612646 -0.22756876362612646 -0.22756876362612646 -0.22756876362612646 -0.22756876362612646 -0.22756876362612646 -0.22756876362612646 -0.22756876362612646 -0.22756876362612646 -0.22756876362612646 -0.22756876362612646 -0.23316910639800412 -0.2007912125120053 -0.2007912125120053 -0.22756876362612646 -0.22756876362612646 -0.22700491554332977 -0.21312036081183913 -0.21490860856096677 -0.20069419707525465 -0.20638379212317884 -0.20069419707525465 -0.1650964828798623 -0.172343789395648 -0.15637280172162352 -0.15637280172162352 -0.15532095637140594 -0.15175214921103813 -0.13044321571823875 -0.10771662051631004 -0.10411635093135119 -0.06026619814920979 -0.0414997747203133 -0.01202090482311622
-0.22830552679999425 -0.22830552679999425 -0.22830552679999425 -0.22830552679999425 -0.22830552679999425 -0.22830552679999425 -0.22830552679999425 -0.22830552679999425 -0.22830552679999425 -0.22830552679999425 -0.22830552679999425 -0.22830552679999425 -0.22830552679999425 -0.22830552679999425 -0.22830552679999425 -0.22830552679999425 -0.22830552679999425 -0.22830552679999425 -0.22830552679999425 -0.22830552679999425 -0.22830552679999425 -0.2005393845616727 -0.22830552679999425 -0.22830552679999425 -0.22830552679999425 -0.22830552679999425 -0.22830552679999425 -0.22830552679999425 -0.22830552679999425 -0.22830552679999425 -0.22830552679999425 -0.22830552679999425 -0.22830552679999425 -0.22830552679999425 -0.22830552679999425 -0.22830552679999425 -0.2005393845616727 -0.22756876362612646 -0.4046494550015019 -0.22756876362612646 -0.41322664511166474 -0.22830552679999425 -0.22756876362612646 -0.3098266462186488 -0.22830552679999425 -0.22830552679999425 -0.3572667222542457 -0.22756876362612646 -0.22830552679999425 -0.22756876362612646 -0.22830552679999425 -0.22830552679999425 -0.22756876362612646 -0.22830552679999425 -0.3444222373311635 -0.22830552679999425 -0.22830552679999425 -0.22830552679999425 -0.22830552679999425 -0.22830552679999425 -0.22830552679999425 -0.22830552679999425 -0.22830552679999425 -0.22830552679999425 -0.22830552679999425 -0.22830552679999425 -0.22830552679999425 -0.22830552679999425 -0.22756876362612646 -0.2007912125120053 -0.2007912125120053 -0.22830552679999425 -0.22780709186736678 -0.22700491554332977 -0.21312036081183913 -0.21490860856096677 -0.20069419707525465 -0.20638379212317884 -0.20069419707525465 -0.1650964828798623 -0.172343789395648 -0.15637280172162352 -0.15637280172162352 -0.15532095637140594 -0.15175214921103813 -0.13044321571823875 -0.10771662051631004 -0.10411635093135119 -0.06026619814920979 -0.0414997747203133 -0.01202090482311622
-0.22756876362612646 -0.22756876362612646 -0.22756876362612646 -0.22756876362612646 -0.22756876362612646 -0.22756876362612646 -0.22756876362612646 -0.22756876362612646 -0.22756876362612646 -0.22756876362612646 -0.22756876362612646 -0.22756876362612646 -0.22756876362612646 -0.22756876362612646 -0.22756876362612646 -0.22756876362612646 -0.22756876362612646 -0.22756876362612646 -0.22756876362612646 -0.22756876362612646 -0.22756876362612646 -0.2005393845616727 -0.22756876362612646 -0.22756876362612646 -0.22756876362612646 -0.22756876362612646 -0.22756876362612646 -0.22756876362612646 -0.22756876362612646 -0.22756876362612646 -0.22756876362612646 -0.22756876362612646 -0.22756876362612646 -0.22756876362612646 -0.22756876362612646 -0.22756876362612646 -0.2005393845616727 -0.41297991147595364 -0.22756876362612646 -0.3531574044481987 -0.22756876362612646 -0.22756876362612646 -0.3531574044481987 -0.22756876362612646 -0.22756876362612646 -0.22756876362612646 -0.22756876362612646 -0.3846991483495694 -0.22756876362612646 -0.33024413914650086 -0.22756876362612646 -0.22756876362612646 -0.3143007743387771 -0.22756876362612646 -0.22756876362612646 -0.22756876362612646 -0.22756876362612646 -0.22756876362612646 -0.22756876362612646 -0.22756876362612646 -0.22756876362612646 -0.22756876362612646 -0.22756876362612646 -0.22756876362612646 -0.22756876362612646 -0.22756876362612646 -0.22756876362612646 -0.22756876362612646 -0.23316910639800412 -0.2007912125120053 -0.2007912125120053 -0.22756876362612646 -0.22756876362612646 -0.22700491554332977 -0.21312036081183913 -0.21490860856096677 -0.20069419707525465 -0.20638379212317884 -0.20069419707525465 -0.1650964828798623 -0.172343789395648 -0.15637280172162352 -0.15637280172162352 -0.15532095637140594 -0.15175214921103813 -0.13044321571823875 -0.10771662051631004 -0.10411635093135119 -0.06026619814920979 -0.0414997747203133 -0.01202090482311622
-0.22830552679999425 -0.22830552679999425 -0.22830552679999425 -0.22830552679999425 -0.22830552679999425 -0.22830552679999425 -0.22830552679999425 -0.22830552679999425 -0.22830552679999425 -0.22830552679999425 -0.22830552679999425 -0.22830552679999425 -0.22830552679999425 -0.22830552679999425 -0.22830552679999425 -0.22830552679999425 -0.22830552679999425 -0.22830552679999425 -0.22830552679999425 -0.22830552679999425 -0.22830552679999425 -0.2005393845616727 -0.22830552679999425 -0.22830552679999425 -0.22830552679999425 -0.22830552679999425 -0.22830552679999425 -0.22830552679999425 -0.22830552679999425 -0.22830552679999425 -0.22830552679999425 -0.22830552679999425 -0.22830552679999425 -0.22830552679999425 -0.22830552679999425 -0.22830552679999425 -0.2005393845616727 -0.22756876362612646 -0.4129420074373163 -0.22756876362612646 -0.4046494550015019 -0.22830552679999425 -0.22756876362612646 -0.3098266462186488 -0.22830552679999425 -0.22830552679999425 -0.3572667222542457 -0.22756876362612646 -0.22830552679999425 -0.22756876362612646 -0.22830552679999425 -0.22830552679999425 -0.22756876362612646 -0.22830552679999425 -0.3444222373311635 -0.22830552679999425 -0.22830552679999425 -0.22830552679999425 -0.22830552679999425 -0.22830552679999425 -0.22830552679999425 -0.22830552679999425 -0.22830552679999425 -0.22830552679999425 -0.22830552679999425 -0.22830552679999425 -0.22830552679999425 -0.22830552679999425 -0.22756876362612646 -0.2007912125120053 -0.2007912125120053 -0.22830552679999425 -0.22780709186736678 -0.22700491554332977 -0.21312036081183913 -0.21490860856096677 -0.20069419707525465 -0.20638379212317884 -0.20069419707525465 -0.1650964828798623 -0.172343789395648 -0.15637280172162352 -0.15637280172162352 -0.15532095637140594 -0.15175214921103813 -0.13044321571823875 -0.10771662051631004 -0.10411635093135119 -0.06026619814920979 -0.0414997747203133 -0.01202090482311622
-0.3639821370395035 -0.3639821370395035 -0.3639821370395035 -0.3639821370395035 -0.3639821370395035 -0.3639821370395035 -0.3639821370395035 -0.2910168055812731 -0.3639821370395035 -0.3639821370395035 -0.3639821370395035 -0.3639821370395035 -0.3639821370395035 -0.3639821370395035 -0.3639821370395035 -0.3639821370395035 -0.3639821370395035 -0.3639821370395035 -0.3639821370395035 -0.3639821370395035 -0.2910168055812731 -0.2005393845616727 -0.3639821370395035 -0.2910168055812731 -0.3639821370395035 -0.2910168055812731 -0.3639821370395035 -0.3639821370395035 -0.3639821370395035 -0.3639821370395035 -0.3639821370395035 -0.3335858794089664 -0.3639821370395035 -0.3639821370395035 -0.3639821370395035 -0.2379316545252044 -0.2005393845616727 -0.22756876362612646 -0.22830552679999425 -0.22756876362612646 -0.22830552679999425 -0.2910168055812731 -0.22756876362612646 -0.22830552679999425 -0.3639821370395035 -0.3639821370395035 -0.22830552679999425 -0.22756876362612646 -0.3639821370395035 -0.22756876362612646 -0.3639821370395035 -0.2616721643858613 -0.22756876362612646 -0.2910168055812731 -0.22830552679999425 -0.2616721643858613 -0.2616721643858613 -0.2379316545252044 -0.3190683313127569 -0.3190683313127569 -0.30461898934677667 -0.2844810867792142 -0.2844810867792142 -0.27682091413269405 -0.286638305034479 -0.2379316545252044 -0.23251960119023826 -0.2650774288769177 -0.22756876362612646 -0.2007912125120053 -0.2007912125120053 -0.23238513259262944 -0.22780709186736678 -0.22700491554332977 -0.21312036081183913 -0.21490860856096677 -0.20069419707525465 -0.20638379212317884 -0.20069419707525465 -0.1650964828798623 -0.172343789395648 -0.15637280172162352 -0.15637280172162352 -0.15532095637140594 -0.15175214921103813 -0.13044321571823875 -0.10771662051631004 -0.10411635093135119 -0.06026619814920979 -0.0414997747203133 -0.01202090482311622
-0.22756876362612646 -0.22756876362612646 -0.22756876362612646 -0.22756876362612646 -0.22756876362612646 -0.22756876362612646 -0.22756876362612646 -0.22756876362612646 -0.22756876362612646 -0.22756876362612646 -0.22756876362612646 -0.22756876362612646 -0.22756876362612646 -0.22756876362612646 -0.22756876362612646 -0.22756876362612646 -0.22756876362612646 -0.22756876362612646 -0.22756876362612646 -0.22756876362612646 -0.22756876362612646 -0.2005393845616727 -0.22756876362612646 -0.22756876362612646 -0.22756876362612646 -0.22756876362612646 -0.22756876362612646 -0.22756876362612646 -0.22756876362612646 -0.22756876362612646 -0.22756876362612646 -0.22756876362612646 -0.22756876362612646 -0.22756876362612646 -0.22756876362612646 -0.22756876362612646 -0.2005393845616727 -0.3531574044481987 -0.22756876362612646 -0.3623059285372314 -0.22756876362612646 -0.22756876362612646 -0.40549528015516445 -0.22756876362612646 -0.22756876362612646 -0.22756876362612646 -0.22756876362612646 -0.3531574044481987 -0.22756876362612646 -0.33024413914650086 -0.22756876362612646 -0.22756876362612646 -0.3143007743387771 -0.22756876362612646 -0.22756876362612646 -0.22756876362612646 -0.22756876362612646 -0.22756876362612646 -0.22756876362612646 -0.22756876362612646 -0.22756876362612646 -0.22756876362612646 -0.22756876362612646 -0.22756876362612646 -0.22756876362612646 -0.22756876362612646 -0.22756876362612646 -0.22756876362612646 -0.23316910639800412 -0.2007912125120053 -0.2007912125120053 -0.22756876362612646 -0.22756876362612646 -0.22700491554332977 -0.21312036081183913 -0.21490860856096677 -0.20069419707525465 -0.20638379212317884 -0.20069419707525465 -0.1650964828798623 -0.172343789395648 -0.15637280172162352 -0.15637280172162352 -0.15532095637140594 -0.15175214921103813 -0.13044321571823875 -0.10771662051631004 -0.10411635093135119 -0.06026619814920979 -0.0414997747203133 -0.01202090482311622
-0.22830552679999425 -0.22830552679999425 -0.22830552679999425 -0.22830552679999425 -0.22830552679999425 -0.22830552679999425 -0.22830552679999425 -0.22830552679999425 -0.22830552679999425 -0.22830552679999425 -0.22830552679999425 -0.22830552679999425 -0.22830552679999425 -0.22830552679999425 -0.22830552679999425 -0.22830552679999425 -0.22830552679999425 -0.22830552679999425 -0.22830552679999425 -0.22830552679999425 -0.22830552679999425 -0.2005393845616727 -0.22830552679999425 -0.22830552679999425 -0.22830552679999425 -0.22830552679999425 -0.22830552679999425 -0.22830552679999425 -0.22830552679999425 -0.22830552679999425 -0.22830552679999425 -0.22830552679999425 -0.22830552679999425 -0.22830552679999425 -0.22830552679999425 -0.22830552679999425 -0.2005393845616727 -0.22756876362612646 -0.3098266462186488 -0.22756876362612646 -0.3098266462186488 -0.22830552679999425 -0.22756876362612646 -0.4052628959441366 -0.22830552679999425 -0.22830552679999425 -0.3098266462186488 -0.22756876362612646 -0.22830552679999425 -0.22756876362612646 -0.22830552679999425 -0.22830552679999425 -0.22756876362612646 -0.22830552679999425 -0.3098266462186488 -0.22830552679999425 -0.22830552679999425 -0.22830552679999425 -0.22830552679999425 -0.22830552679999425 -0.22830552679999425 -0.22830552679999425 -0.22830552679999425 -0.22830552679999425 -0.22830552679999425 -0.22830552679999425 -0.22830552679999425 -0.22830552679999425 -0.22756876362612646 -0.2007912125120053 -0.2007912125120053 -0.22830552679999425 -0.22780709186736678 -0.22700491554332977 -0.21312036081183913 -0.21490860856096677 -0.20069419707525465 -0.20638379212317884 -0.20069419707525465 -0.1650964828798623 -0.172343789395648 -0.15637280172162352 -0.15637280172162352 -0.15532095637140594 -0.15175214921103813 -0.13044321571823875 -0.10771662051631004 -0.10411635093135119 -0.06026619814920979 -0.0414997747203133 -0.01202090482311622
-0.40298623239961856 -0.40298623239961856 -0.40298623239961856 -0.40298623239961856 -0.40298623239961856 -0.40298623239961856 -0.40298623239961856 -0.2910168055812731 -0.40298623239961856 -0.40298623239961856 -0.40298623239961856 -0.40298623239961856 -0.40298623239961856 -0.40298623239961856 -0.40298623239961856 -0.40298623239961856 -0.40298623239961856 -0.40298623239961856 -0.40298623239961856 -0.40298623239961856 -0.2910168055812731 -0.2005393845616727 -0.40298623239961856 -0.2910168055812731 -0.40298623239961856 -0.2910168055812731 -0.3855278509758527 -0.3855278509758527 -0.40298623239961856 -0.3855278509758527 -0.3855278509758527 -0.3335858794089664 -0.40298623239961856 -0.40298623239961856 -0.40298623239961856 -0.2379316545252044 -0.2005393845616727 -0.22756876362612646 -0.22830552679999425 -0.22756876362612646 -0.22830552679999425 -0.2910168055812731 -0.22756876362612646 -0.22830552679999425 -0.3855278509758527 -0.40113588493881985 -0.22830552679999425 -0.22756876362612646 -0.3855278509758527 -0.22756876362612646 -0.3639821370395035 -0.2616721643858613 -0.22756876362612646 -0.2910168055812731 -0.22830552679999425 -0.2616721643858613 -0.2616721643858613 -0.2379316545252044 -0.3190683313127569 -0.3190683313127569 -0.30461898934677667 -0.2844810867792142 -0.2844810867792142 -0.27682091413269405 -0.286638305034479 -0.2379316545252044 -0.23251960119023826 -0.2650774288769177 -0.22756876362612646 -0.2007912125120053 -0.2007912125120053 -0.23238513259262944 -0.22780709186736678 -0.22700491554332977 -0.21312036081183913 -0.21490860856096677 -0.20069419707525465 -0.20638379212317884 -0.20069419707525465 -0.1650964828798623 -0.172343789395648 -0.15637280172162352 -0.15637280172162352 -0.15532095637140594 -0.15175214921103813 -0.13044321571823875 -0.10771662051631004 -0.10411635093135119 -0.06026619814920979 -0.0414997747203133 -0.01202090482311622
-0.2005393845616727 -0.2005393845616727 -0.2005393845616727 -0.2005393845616727 -0.2005393845616727 -0.2005393845616727 -0.2005393845616727 -0.2005393845616727 -0.2005393845616727 -0.2005393845616727 -0.2005393845616727 -0.2005393845616727 -0.2005393845616727 -0.2005393845616727 -0.2005393845616727 -0.2005393845616727 -0.2005393845616727 -0.2005393845616727 -0.2005393845616727 -0.2005393845616727 -0.2005393845616727 -0.3417213144259771 -0.2005393845616727 -0.2005393845616727 -0.2005393845616727 -0.2005393845616727 -0.2005393845616727 -0.2005393845616727 -0.2005393845616727 -0.2005393845616727 -0.2005393845616727 -0.2005393845616727 -0.2005393845616727 -0.2005393845616727 -0.2005393845616727 -0.2005393845616727 -0.4017120723472701 -0.2005393845616727 -0.2005393845616727 -0.2005393845616727 -0.2005393845616727 -0.2005393845616727 -0.2005393845616727 -0.2005393845616727 -0.2005393845616727 -0.2005393845616727 -0.2005393845616727 -0.2005393845616727 -0.2005393845616727 -0.2005393845616727 -0.2005393845616727 -0.2005393845616727 -0.2005393845616727 -0.2005393845616727 -0.2005393845616727 -0.2005393845616727 -0.2005393845616727 -0.2005393845616727 -0.2005393845616727 -0.2005393845616727 -0.2005393845616727 -0.2005393845616727 -0.2005393845616727 -0.2005393845616727 -0.2005393845616727 -0.2005393845616727 -0.2005393845616727 -0.2005393845616727 -0.2005393845616727 -0.2005393845616727 -0.2005393845616727 -0.2005393845616727 -0.2005393845616727 -0.2005393845616727 -0.2005393845616727 -0.2005393845616727 -0.2005393845616727 -0.2005393845616727 -0.2005393845616727 -0.1650964828798623 -0.172343789395648 -0.15637280172162352 -0.15637280172162352 -0.15532095637140594 -0.15175214921103813 -0.13044321571823875 -0.10771662051631004 -0.10411635093135119 -0.06026619814920979 -0.0414997747203133 -0.01202090482311622
-0.3978106676055332 -0.3978106676055332 -0.3978106676055332 -0.3978106676055332 -0.3978106676055332 -0.3978106676055332 -0.3978106676055332 -0.2910168055812731 -0.3978106676055332 -0.3978106676055332 -0.3978106676055332 -0.3978106676055332 -0.3978106676055332 -0.3978106676055332 -0.3978106676055332 -0.3978106676055332 -0.3978106676055332 -0.3978106676055332 -0.3978106676055332 -0.3978106676055332 -0.2910168055812731 -0.2005393845616727 -0.3978106676055332 -0.2910168055812731 -0.3978106676055332 -0.2910168055812731 -0.3855278509758527 -0.3855278509758527 -0.3978106676055332 -0.3855278509758527 -0.3855278509758527 -0.3335858794089664 -0.3978106676055332 -0.3978106676055332 -0.3978106676055332 -0.2379316545252044 -0.2005393845616727 -0.22756876362612646 -0.22830552679999425 -0.22756876362612646 -0.22830552679999425 -0.2910168055812731 -0.22756876362612646 -0.22830552679999425 -0.3855278509758527 -0.3978106676055332 -0.22830552679999425 -0.22756876362612646 -0.3855278509758527 -0.22756876362612646 -0.3639821370395035 -0.2616721643858613 -0.22756876362612646 -0.2910168055812731 -0.22830552679999425 -0.2616721643858613 -0.2616721643858613 -0.2379316545252044 -0.3190683313127569 -0.3190683313127569 -0.30461898934677667 -0.2844810867792142 -0.2844810867792142 -0.27682091413269405 -0.286638305034479 -0.2379316545252044 -0.23251960119023826 -0.2650774288769177 -0.22756876362612646 -0.2007912125120053 -0.2007912125120053 -0.23238513259262944 -0.22780709186736678 -0.22700491554332977 -0.21312036081183913 -0.21490860856096677 -0.20069419707525465 -0.20638379212317884 -0.20069419707525465 -0.1650964828798623 -0.172343789395648 -0.15637280172162352 -0.15637280172162352 -0.15532095637140594 -0.15175214921103813 -0.13044321571823875 -0.10771662051631004 -0.10411635093135119 -0.06026619814920979 -0.0414997747203133 -0.01202090482311622
-0.3855278509758527 -0.3855278509758527 -0.3855278509758527 -0.3855278509758527 -0.3855278509758527 -0.3855278509758527 -0.3855278509758527 -0.2910168055812731 -0.3855278509758527 -0.3855278509758527 -0.3855278509758527 -0.3855278509758527 -0.3855278509758527 -0.3855278509758527 -0.3855278509758527 -0.3855278509758527 -0.3855278509758527 -0.3855278509758527 -0.3855278509758527 -0.3855278509758527 -0.2910168055812731 -0.2005393845616727 -0.3855278509758527 -0.2910168055812731 -0.3855278509758527 -0.2910168055812731 -0.3855278509758527 -0.3855278509758527 -0.3855278509758527 -0.3855278509758527 -0.3855278509758527 -0.3335858794089664 -0.3855278509758527 -0.3855278509758527 -0.3855278509758527 -0.2379316545252044 -0.2005393845616727 -0.22756876362612646 -0.22830552679999425 -0.22756876362612646 -0.22830552679999425 -0.2910168055812731 -0.22756876362612646 -0.22830552679999425 -0.3855278509758527 -0.3855278509758527 -0.22830552679999425 -0.22756876362612646 -0.3855278509758527 -0.22756876362612646 -0.3639821370395035 -0.2616721643858613 -0.22756876362612646 -0.2910168055812731 -0.22830552679999425 -0.2616721643858613 -0.2616721643858613 -0.2379316545252044 -0.3190683313127569 -0.3190683313127569 -0.30461898934677667 -0.2844810867792142 -0.2844810867792142 -0.27682091413269405 -0.286638305034479 -0.2379316545252044 -0.23251960119023826 -0.2650774288769177 -0.22756876362612646 -0.2007912125120053 -0.2007912125120053 -0.23238513259262944 -0.22780709186736678 -0.22700491554332977 -0.21312036081183913 -0.21490860856096677 -0.20069419707525465 -0.20638379212317884 -0.20069419707525465 -0.1650964828798623 -0.172343789395648 -0.15637280172162352 -0.15637280172162352 -0.15532095637140594 -0.15175214921103813 -0.13044321571823875 -0.10771662051631004 -0.10411635093135119 -0.06026619814920979 -0.0414997747203133 -0.01202090482311622
-0.22830552679999425 -0.22830552679999425 -0.22830552679999425 -0.22830552679999425 -0.22830552679999425 -0.22830552679999425 -0.22830552679999425 -0.22830552679999425 -0.22830552679999425 -0.22830552679999425 -0.22830552679999425 -0.22830552679999425 -0.22830552679999425 -0.22830552679999425 -0.22830552679999425 -0.22830552679999425 -0.22830552679999425 -0.22830552679999425 -0.22830552679999425 -0.22830552679999425 -0.22830552679999425 -0.2005393845616727 -0.22830552679999425 -0.22830552679999425 -0.22830552679999425 -0.22830552679999425 -0.22830552679999425 -0.22830552679999425 -0.22830552679999425 -0.22830552679999425 -0.22830552679999425 -0.22830552679999425 -0.22830552679999425 -0.22830552679999425 -0.22830552679999425 -0.22830552679999425 -0.2005393845616727 -0.22756876362612646 -0.3572667222542457 -0.22756876362612646 -0.3572667222542457 -0.22830552679999425 -0.22756876362612646 -0.3098266462186488 -0.22830552679999425 -0.22830552679999425 -0.3833858122785163 -0.22756876362612646 -0.22830552679999425 -0.22756876362612646 -0.22830552679999425 -0.22830552679999425 -0.22756876362612646 -0.22830552679999425 -0.3444222373311635 -0.22830552679999425 -0.22830552679999425 -0.22830552679999425 -0.22830552679999425 -0.22830552679999425 -0.22830552679999425 -0.22830552679999425 -0.22830552679999425 -0.22830552679999425 -0.22830552679999425 -0.22830552679999425 -0.22830552679999425 -0.22830552679999425 -0.22756876362612646 -0.2007912125120053 -0.2007912125120053 -0.22830552679999425 -0.22780709186736678 -0.22700491554332977 -0.21312036081183913 -0.21490860856096677 -0.20069419707525465 -0.20638379212317884 -0.20069419707525465 -0.1650964828798623 -0.172343789395648 -0.15637280172162352 -0.15637280172162352 -0.15532095637140594 -0.15175214921103813 -0.13044321571823875 -0.10771662051631004 -0.10411635093135119 -0.06026619814920979 -0.0414997747203133 -0.01202090482311622
-0.22756876362612646 -0.22756876362612646 -0.22756876362612646 -0.22756876362612646 -0.22756876362612646 -0.22756876362612646 -0.22756876362612646 -0.22756876362612646 -0.22756876362612646 -0.22756876362612646 -0.22756876362612646 -0.22756876362612646 -0.22756876362612646 -0.22756876362612646 -0.22756876362612646 -0.22756876362612646 -0.22756876362612646 -0.22756876362612646 -0.22756876362612646 -0.22756876362612646 -0.22756876362612646 -0.2005393845616727 -0.22756876362612646 -0.22756876362612646 -0.22756876362612646 -0.22756876362612646 -0.22756876362612646 -0.22756876362612646 -0.22756876362612646 -0.22756876362612646 -0.22756876362612646 -0.22756876362612646 -0.22756876362612646 -0.22756876362612646 -0.22756876362612646 -0.22756876362612646 -0.2005393845616727 -0.3833029548986264 -0.22756876362612646 -0.3531574044481987 -0.22756876362612646 -0.22756876362612646 -0.3531574044481987 -0.22756876362612646 -0.22756876362612646 -0.22756876362612646 -0.22756876362612646 -0.3833029548986264 -0.22756876362612646 -0.33024413914650086 -0.22756876362612646 -0.22756876362612646 -0.3143007743387771 -0.22756876362612646 -0.22756876362612646 -0.22756876362612646 -0.22756876362612646 -0.22756876362612646 -0.22756876362612646 -0.22756876362612646 -0.22756876362612646 -0.22756876362612646 -0.22756876362612646 -0.22756876362612646 -0.22756876362612646 -0.22756876362612646 -0.22756876362612646 -0.22756876362612646 -0.23316910639800412 -0.2007912125120053 -0.2007912125120053 -0.22756876362612646 -0.22756876362612646 -0.22700491554332977 -0.21312036081183913 -0.21490860856096677 -0.20069419707525465 -0.20638379212317884 -0.20069419707525465 -0.1650964828798623 -0.172343789395648 -0.15637280172162352 -0.15637280172162352 -0.15532095637140594 -0.15175214921103813 -0.13044321571823875 -0.10771662051631004 -0.10411635093135119 -0.06026619814920979 -0.0414997747203133 -0.01202090482311622
-0.22756876362612646 -0.22756876362612646 -0.22756876362612646 -0.22756876362612646 -0.22756876362612646 -0.22756876362612646 -0.22756876362612646 -0.22756876362612646 -0.22756876362612646 -0.22756876362612646 -0.22756876362612646 -0.22756876362612646 -0.22756876362612646 -0.22756876362612646 -0.22756876362612646 -0.22756876362612646 -0.22756876362612646 -0.22756876362612646 -0.22756876362612646 -0.22756876362612646 -0.22756876362612646 -0.2005393845616727 -0.22756876362612646 -0.22756876362612646 -0.22756876362612646 -0.22756876362612646 -0.22756876362612646 -0.22756876362612646 -0.22756876362612646 -0.22756876362612646 -0.22756876362612646 -0.22756876362612646 -0.22756876362612646 -0.22756876362612646 -0.22756876362612646 -0.22756876362612646 -0.2005393845616727 -0.33024413914650086 -0.22756876362612646 -0.33024413914650086 -0.22756876362612646 -0.22756876362612646 -0.33024413914650086 -0.22756876362612646 -0.22756876362612646 -0.22756876362612646 -0.22756876362612646 -0.33024413914650086 -0.22756876362612646 -0.3687811562915142 -0.22756876362612646 -0.22756876362612646 -0.3143007743387771 -0.22756876362612646 -0.22756876362612646 -0.22756876362612646 -0.22756876362612646 -0.22756876362612646 -0.22756876362612646 -0.22756876362612646 -0.22756876362612646 -0.22756876362612646 -0.22756876362612646 -0.22756876362612646 -0.22756876362612646 -0.22756876362612646 -0.22756876362612646 -0.22756876362612646 -0.23316910639800412 -0.2007912125120053 -0.2007912125120053 -0.22756876362612646 -0.22756876362612646 -0.22700491554332977 -0.21312036081183913 -0.21490860856096677 -0.20069419707525465 -0.20638379212317884 -0.20069419707525465 -0.1650964828798623 -0.172343789395648 -0.15637280172162352 -0.15637280172162352 -0.15532095637140594 -0.15175214921103813 -0.13044321571823875 -0.10771662051631004 -0.10411635093135119 -0.06026619814920979 -0.0414997747203133 -0.01202090482311622
-0.2379316545252044 -0.2379316545252044 -0.2379316545252044 -0.2379316545252044 -0.2379316545252044 -0.2379316545252044 -0.2379316545252044 -0.2379316545252044 -0.2379316545252044 -0.2379316545252044 -0.2379316545252044 -0.2379316545252044 -0.2379316545252044 -0.2379316545252044 -0.2379316545252044 -0.2379316545252044 -0.2379316545252044 -0.2379316545252044 -0.2379316545252044 -0.2379316545252044 -0.2379316545252044 -0.2005393845616727 -0.2379316545252044 -0.2379316545252044 -0.2379316545252044 -0.2379316545252044 -0.2379316545252044 -0.2379316545252044 -0.2379316545252044 -0.2379316545252044 -0.2379316545252044 -0.2379316545252044 -0.2379316545252044 -0.2379316545252044 -0.2379316545252044 -0.24391271550771643 -0.2005393845616727 -0.22756876362612646 -0.22830552679999425 -0.22756876362612646 -0.22830552679999425 -0.2379316545252044 -0.22756876362612646 -0.22830552679999425 -0.2379316545252044 -0.2379316545252044 -0.22830552679999425 -0.22756876362612646 -0.2379316545252044 -0.22756876362612646 -0.2379316545252044 -0.2379316545252044 -0.22756876362612646 -0.2379316545252044 -0.22830552679999425 -0.2379316545252044 -0.2379316545252044 -0.24391271550771643 -0.2379316545252044 -0.2379316545252044 -0.2379316545252044 -0.2379316545252044 -0.2379316545252044 -0.2379316545252044 -0.2379316545252044 -0.2788254420387021 -0.23251960119023826 -0.2379316545252044 -0.22756876362612646 -0.2007912125120053 -0.2007912125120053 -0.23238513259262944 -0.22780709186736678 -0.22700491554332977 -0.21312036081183913 -0.21490860856096677 -0.20069419707525465 -0.20638379212317884 -0.20069419707525465 -0.1650964828798623 -0.172343789395648 -0.15637280172162352 -0.15637280172162352 -0.15532095637140594 -0.15175214921103813 -0.13044321571823875 -0.10771662051631004 -0.10411635093135119 -0.06026619814920979 -0.0414997747203133 -0.01202090482311622
-0.2379316545252044 -0.2379316545252044 -0.2379316545252044 -0.2379316545252044 -0.2379316545252044 -0.2379316545252044 -0.2379316545252044 -0.2379316545252044 -0.2379316545252044 -0.2379316545252044 -0.2379316545252044 -0.2379316545252044 -0.2379316545252044 -0.2379316545252044 -0.2379316545252044 -0.2379316545252044 -0.2379316545252044 -0.2379316545252044 -0.2379316545252044 -0.2379316545252044 -0.2379316545252044 -0.2005393845616727 -0.2379316545252044 -0.2379316545252044 -0.2379316545252044 -0.2379316545252044 -0.2379316545252044 -0.2379316545252044 -0.2379316545252044 -0.2379316545252044 -0.2379316545252044 -0.2379316545252044 -0.2379316545252044 -0.2379316545252044 -0.2379316545252044 -0.24391271550771643 -0.2005393845616727 -0.22756876362612646 -0.22830552679999425 -0.22756876362612646 -0.22830552679999425 -0.2379316545252044 -0.22756876362612646 -0.22830552679999425 -0.2379316545252044 -0.2379316545252044 -0.22830552679999425 -0.22756876362612646 -0.2379316545252044 -0.22756876362612646 -0.2379316545252044 -0.2379316545252044 -0.22756876362612646 -0.2379316545252044 -0.22830552679999425 -0.2379316545252044 -0.2379316545252044 -0.24391271550771643 -0.2379316545252044 -0.2379316545252044 -0.2379316545252044 -0.2379316545252044 -0.2379316545252044 -0.2379316545252044 -0.2379316545252044 -0.2788254420387021 -0.23251960119023826 -0.2379316545252044 -0.22756876362612646 -0.2007912125120053 -0.2007912125120053 -0.23238513259262944 -0.22780709186736678 -0.22700491554332977 -0.21312036081183913 -0.21490860856096677 -0.20069419707525465 -0.20638379212317884 -0.20069419707525465 -0.1650964828798623 -0.172343789395648 -0.15637280172162352 -0.15637280172162352 -0.15532095637140594 -0.15175214921103813 -0.13044321571823875 -0.10771662051631004 -0.10411635093135119 -0.06026619814920979 -0.0414997747203133 -0.01202090482311622
-0.20638379212317884 -0.20638379212317884 -0.20638379212317884 -0.20638379212317884 -0.20638379212317884 -0.20638379212317884 -0.20638379212317884 -0.20638379212317884 -0.20638379212317884 -0.20638379212317884 -0.20638379212317884 -0.20638379212317884 -0.20638379212317884 -0.20638379212317884 -0.20638379212317884 -0.20638379212317884 -0.20638379212317884 -0.20638379212317884 -0.20638379212317884 -0.20638379212317884 -0.20638379212317884 -0.2005393845616727 -0.20638379212317884 -0.20638379212317884 -0.20638379212317884 -0.20638379212317884 -0.20638379212317884 -0.20638379212317884 -0.20638379212317884 -0.20638379212317884 -0.20638379212317884 -0.20638379212317884 -0.20638379212317884 -0.20638379212317884 -0.20638379212317884 -0.20638379212317884 -0.2005393845616727 -0.20638379212317884 -0.20638379212317884 -0.20638379212317884 -0.20638379212317884 -0.20638379212317884 -0.20638379212317884 -0.20638379212317884 -0.20638379212317884 -0.20638379212317884 -0.20638379212317884 -0.20638379212317884 -0.20638379212317884 -0.20638379212317884 -0.20638379212317884 -0.20638379212317884 -0.20638379212317884 -0.20638379212317884 -0.20638379212317884 -0.20638379212317884 -0.20638379212317884 -0.20638379212317884 -0.20638379212317884 -0.20638379212317884 -0.20638379212317884 -0.20638379212317884 -0.20638379212317884 -0.20638379212317884 -0.20638379212317884 -0.20638379212317884 -0.20638379212317884 -0.20638379212317884 -0.20638379212317884 -0.2007912125120053 -0.2007912125120053 -0.20638379212317884 -0.20638379212317884 -0.20638379212317884 -0.20638379212317884 -0.20638379212317884 -0.20069419707525465 -0.20638379212317884 -0.20069419707525465 -0.1650964828798623 -0.172343789395648 -0.15637280172162352 -0.15637280172162352 -0.15532095637140594 -0.15175214921103813 -0.13044321571823875 -0.10771662051631004 -0.10411635093135119 -0.06026619814920979 -0.0414997747203133 -0.01202090482311622
-0.3335858794089664 -0.3335858794089664 -0.3335858794089664 -0.3335858794089664 -0.3335858794089664 -0.3335858794089664 -0.3335858794089664 -0.2910168055812731 -0.3335858794089664 -0.3335858794089664 -0.3335858794089664 -0.3335858794089664 -0.3335858794089664 -0.3335858794089664 -0.3335858794089664 -0.3335858794089664 -0.3335858794089664 -0.3335858794089664 -0.3335858794089664 -0.3335858794089664 -0.2910168055812731 -0.2005393845616727 -0.3335858794089664 -0.2910168055812731 -0.3335858794089664 -0.2910168055812731 -0.3335858794089664 -0.3335858794089664 -0.3335858794089664 -0.3335858794089664 -0.3335858794089664 -0.3335858794089664 -0.3335858794089664 -0.3335858794089664 -0.3335858794089664 -0.2379316545252044 -0.2005393845616727 -0.22756876362612646 -0.22830552679999425 -0.22756876362612646 -0.22830552679999425 -0.2910168055812731 -0.22756876362612646 -0.22830552679999425 -0.3335858794089664 -0.3335858794089664 -0.22830552679999425 -0.22756876362612646 -0.3335858794089664 -0.22756876362612646 -0.3335858794089664 -0.2616721643858613 -0.22756876362612646 -0.2910168055812731 -0.22830552679999425 -0.2616721643858613 -0.2616721643858613 -0.2379316545252044 -0.3190683313127569 -0.3190683313127569 -0.30461898934677667 -0.2844810867792142 -0.2844810867792142 -0.27682091413269405 -0.286638305034479 -0.2379316545252044 -0.23251960119023826 -0.2650774288769177 -0.22756876362612646 -0.2007912125120053 -0.2007912125120053 -0.23238513259262944 -0.22780709186736678 -0.22700491554332977 -0.21312036081183913 -0.21490860856096677 -0.20069419707525465 -0.20638379212317884 -0.20069419707525465 -0.1650964828798623 -0.172343789395648 -0.15637280172162352 -0.15637280172162352 -0.15532095637140594 -0.15175214921103813 -0.13044321571823875 -0.10771662051631004 -0.10411635093135119 -0.06026619814920979 -0.0414997747203133 -0.01202090482311622
-0.2005393845616727 -0.2005393845616727 -0.2005393845616727 -0.2005393845616727 -0.2005393845616727 -0.2005393845616727 -0.2005393845616727 -0.2005393845616727 -0.2005393845616727 -0.2005393845616727 -0.2005393845616727 -0.2005393845616727 -0.2005393845616727 -0.2005393845616727 -0.2005393845616727 -0.2005393845616727 -0.2005393845616727 -0.2005393845616727 -0.2005393845616727 -0.2005393845616727 -0.2005393845616727 -0.2005393845616727 -0.2005393845616727 -0.2005393845616727 -0.2005393845616727 -0.2005393845616727 -0.2005393845616727 -0.2005393845616727 -0.2005393845616727 -0.2005393845616727 -0.2005393845616727 -0.2005393845616727 -0.2005393845616727 -0.2005393845616727 -0.2005393845616727 -0.2005393845616727 -0.2005393845616727 -0.2005393845616727 -0.2005393845616727 -0.2005393845616727 -0.2005393845616727 -0.2005393845616727 -0.2005393845616727 -0.2005393845616727 -0.2005393845616727 -0.2005393845616727 -0.2005393845616727 -0.2005393845616727 -0.2005393845616727 -0.2005393845616727 -0.2005393845616727 -0.2005393845616727 -0.2005393845616727 -0.2005393845616727 -0.2005393845616727 -0.2005393845616727 -0.2005393845616727 -0.2005393845616727 -0.2005393845616727 -0.2005393845616727 -0.2005393845616727 -0.2005393845616727 -0.2005393845616727 -0.2005393845616727 -0.2005393845616727 -0.2005393845616727 -0.2005393845616727 -0.2005393845616727 -0.2005393845616727 -0.2005393845616727 -0.2005393845616727 -0.2005393845616727 -0.2005393845616727 -0.2005393845616727 -0.2005393845616727 -0.2005393845616727 -0.2005393845616727 -0.2005393845616727 -0.2005393845616727 -0.1650964828798623 -0.172343789395648 -0.15637280172162352 -0.15637280172162352 -0.15532095637140594 -0.15175214921103813 -0.13044321571823875 -0.10771662051631004 -0.10411635093135119 -0.06026619814920979 -0.0414997747203133 -0.01202090482311622
-0.22700491554332977 -0.22700491554332977 -0.22700491554332977 -0.22700491554332977 -0.22700491554332977 -0.22700491554332977 -0.22700491554332977 -0.22700491554332977 -0.22700491554332977 -0.22700491554332977 -0.22700491554332977 -0.22700491554332977 -0.22700491554332977 -0.22700491554332977 -0.22700491554332977 -0.22700491554332977 -0.22700491554332977 -0.22700491554332977 -0.22700491554332977 -0.22700491554332977 -0.22700491554332977 -0.2005393845616727 -0.22700491554332977 -0.22700491554332977 -0.22700491554332977 -0.22700491554332977 -0.22700491554332977 -0.22700491554332977 -0.22700491554332977 -0.22700491554332977 -0.22700491554332977 -0.22700491554332977 -0.22700491554332977 -0.22700491554332977 -0.22700491554332977 -0.22700491554332977 -0.2005393845616727 -0.22700491554332977 -0.22700491554332977 -0.22700491554332977 -0.22700491554332977 -0.22700491554332977 -0.22700491554332977 -0.22700491554332977 -0.22700491554332977 -0.22700491554332977 -0.22700491554332977 -0.22700491554332977 -0.22700491554332977 -0.22700491554332977 -0.22700491554332977 -0.22700491554332977 -0.22700491554332977 -0.22700491554332977 -0.22700491554332977 -0.22700491554332977 -0.22700491554332977 -0.22700491554332977 -0.22700491554332977 -0.22700491554332977 -0.22700491554332977 -0.22700491554332977 -0.22700491554332977 -0.22700491554332977 -0.22700491554332977 -0.22700491554332977 -0.22700491554332977 -0.22700491554332977 -0.22700491554332977 -0.2007912125120053 -0.2007912125120053 -0.22700491554332977 -0.22700491554332977 -0.22700491554332977 -0.21312036081183913 -0.21490860856096677 -0.20069419707525465 -0.20638379212317884 -0.20069419707525465 -0.1650964828798623 -0.172343789395648 -0.15637280172162352 -0.15637280172162352 -0.15532095637140594 -0.15175214921103813 -0.13044321571823875 -0.10771662051631004 -0.10411635093135119 -0.06026619814920979 -0.0414997747203133 -0.01202090482311622
-0.22756876362612646 -0.22756876362612646 -0.22756876362612646 -0.22756876362612646 -0.22756876362612646 -0.22756876362612646 -0.22756876362612646 -0.22756876362612646 -0.22756876362612646 -0.22756876362612646 -0.22756876362612646 -0.22756876362612646 -0.22756876362612646 -0.22756876362612646 -0.22756876362612646 -0.22756876362612646 -0.22756876362612646 -0.22756876362612646 -0.22756876362612646 -0.22756876362612646 -0.22756876362612646 -0.2005393845616727 -0.22756876362612646 -0.22756876362612646 -0.22756876362612646 -0.22756876362612646 -0.22756876362612646 -0.22756876362612646 -0.22756876362612646 -0.22756876362612646 -0.22756876362612646 -0.22756876362612646 -0.22756876362612646 -0.22756876362612646 -0.22756876362612646 -0.22756876362612646 -0.2005393845616727 -0.3143007743387771 -0.22756876362612646 -0.3143007743387771 -0.22756876362612646 -0.22756876362612646 -0.3143007743387771 -0.22756876362612646 -0.22756876362612646 -0.22756876362612646 -0.22756876362612646 -0.3143007743387771 -0.22756876362612646 -0.3143007743387771 -0.22756876362612646 -0.22756876362612646 -0.337191944943304 -0.22756876362612646 -0.22756876362612646 -0.22756876362612646 -0.22756876362612646 -0.22756876362612646 -0.22756876362612646 -0.22756876362612646 -0.22756876362612646 -0.22756876362612646 -0.22756876362612646 -0.22756876362612646 -0.22756876362612646 -0.22756876362612646 -0.22756876362612646 -0.22756876362612646 -0.23316910639800412 -0.2007912125120053 -0.2007912125120053 -0.22756876362612646 -0.22756876362612646 -0.22700491554332977 -0.21312036081183913 -0.21490860856096677 -0.20069419707525465 -0.20638379212317884 -0.20069419707525465 -0.1650964828798623 -0.172343789395648 -0.15637280172162352 -0.15637280172162352 -0.15532095637140594 -0.15175214921103813 -0.13044321571823875 -0.10771662051631004 -0.10411635093135119 -0.06026619814920979 -0.0414997747203133 -0.01202090482311622
-0.22830552679999425 -0.22830552679999425 -0.22830552679999425 -0.22830552679999425 -0.22830552679999425 -0.22830552679999425 -0.22830552679999425 -0.22830552679999425 -0.22830552679999425 -0.22830552679999425 -0.22830552679999425 -0.22830552679999425 -0.22830552679999425 -0.22830552679999425 -0.22830552679999425 -0.22830552679999425 -0.22830552679999425 -0.22830552679999425 -0.22830552679999425 -0.22830552679999425 -0.22830552679999425 -0.2005393845616727 -0.22830552679999425 -0.22830552679999425 -0.22830552679999425 -0.22830552679999425 -0.22830552679999425 -0.22830552679999425 -0.22830552679999425 -0.22830552679999425 -0.22830552679999425 -0.22830552679999425 -0.22830552679999425 -0.22830552679999425 -0.22830552679999425 -0.22830552679999425 -0.2005393845616727 -0.22756876362612646 -0.33580687580591184 -0.22756876362612646 -0.33580687580591184 -0.22830552679999425 -0.22756876362612646 -0.3098266462186488 -0.22830552679999425 -0.22830552679999425 -0.33580687580591184 -0.22756876362612646 -0.22830552679999425 -0.22756876362612646 -0.22830552679999425 -0.22830552679999425 -0.22756876362612646 -0.22830552679999425 -0.33580687580591184 -0.22830552679999425 -0.22830552679999425 -0.22830552679999425 -0.22830552679999425 -0.22830552679999425 -0.22830552679999425 -0.22830552679999425 -0.22830552679999425 -0.22830552679999425 -0.22830552679999425 -0.22830552679999425 -0.22830552679999425 -0.22830552679999425 -0.22756876362612646 -0.2007912125120053 -0.2007912125120053 -0.22830552679999425 -0.22780709186736678 -0.22700491554332977 -0.21312036081183913 -0.21490860856096677 -0.20069419707525465 -0.20638379212317884 -0.20069419707525465 -0.1650964828798623 -0.172343789395648 -0.15637280172162352 -0.15637280172162352 -0.15532095637140594 -0.15175214921103813 -0.13044321571823875 -0.10771662051631004 -0.10411635093135119 -0.06026619814920979 -0.0414997747203133 -0.01202090482311622
-0.31732293364819175 -0.31732293364819175 -0.31732293364819175 -0.31732293364819175 -0.31732293364819175 -0.31732293364819175 -0.31732293364819175 -0.2910168055812731 -0.31732293364819175 -0.31732293364819175 -0.31732293364819175 -0.31732293364819175 -0.31732293364819175 -0.31732293364819175 -0.31732293364819175 -0.31732293364819175 -0.31732293364819175 -0.31732293364819175 -0.31732293364819175 -0.31732293364819175 -0.2910168055812731 -0.2005393845616727 -0.31732293364819175 -0.2910168055812731 -0.31732293364819175 -0.2910168055812731 -0.31732293364819175 -0.31732293364819175 -0.31732293364819175 -0.31732293364819175 -0.31732293364819175 -0.31732293364819175 -0.31732293364819175 -0.31732293364819175 -0.31732293364819175 -0.2379316545252044 -0.2005393845616727 -0.22756876362612646 -0.22830552679999425 -0.22756876362612646 -0.22830552679999425 -0.2910168055812731 -0.22756876362612646 -0.22830552679999425 -0.31732293364819175 -0.31732293364819175 -0.22830552679999425 -0.22756876362612646 -0.31732293364819175 -0.22756876362612646 -0.31732293364819175 -0.2616721643858613 -0.22756876362612646 -0.2910168055812731 -0.22830552679999425 -0.2616721643858613 -0.2616721643858613 -0.2379316545252044 -0.31732293364819175 -0.31732293364819175 -0.30461898934677667 -0.2844810867792142 -0.2844810867792142 -0.27682091413269405 -0.286638305034479 -0.2379316545252044 -0.23251960119023826 -0.2650774288769177 -0.22756876362612646 -0.2007912125120053 -0.2007912125120053 -0.23238513259262944 -0.22780709186736678 -0.22700491554332977 -0.21312036081183913 -0.21490860856096677 -0.20069419707525465 -0.20638379212317884 -0.20069419707525465 -0.1650964828798623 -0.172343789395648 -0.15637280172162352 -0.15637280172162352 -0.15532095637140594 -0.15175214921103813 -0.13044321571823875 -0.10771662051631004 -0.10411635093135119 -0.06026619814920979 -0.0414997747203133 -0.01202090482311622
-0.27682091413269405 -0.27682091413269405 -0.27682091413269405 -0.27682091413269405 -0.27682091413269405 -0.27682091413269405 -0.27682091413269405 -0.27682091413269405 -0.27682091413269405 -0.27682091413269405 -0.27682091413269405 -0.27682091413269405 -0.27682091413269405 -0.27682091413269405 -0.27682091413269405 -0.27682091413269405 -0.27682091413269405 -0.27682091413269405 -0.27682091413269405 -0.27682091413269405 -0.27682091413269405 -0.2005393845616727 -0.27682091413269405 -0.27682091413269405 -0.27682091413269405 -0.27682091413269405 -0.27682091413269405 -0.27682091413269405 -0.27682091413269405 -0.27682091413269405 -0.27682091413269405 -0.27682091413269405 -0.27682091413269405 -0.27682091413269405 -0.27682091413269405 -0.2379316545252044 -0.2005393845616727 -0.22756876362612646 -0.22830552679999425 -0.22756876362612646 -0.22830552679999425 -0.27682091413269405 -0.22756876362612646 -0.22830552679999425 -0.27682091413269405 -0.27682091413269405 -0.22830552679999425 -0.22756876362612646 -0.27682091413269405 -0.22756876362612646 -0.27682091413269405 -0.2616721643858613 -0.22756876362612646 -0.27682091413269405 -0.22830552679999425 -0.2616721643858613 -0.2616721643858613 -0.2379316545252044 -0.27682091413269405 -0.27682091413269405 -0.27682091413269405 -0.27682091413269405 -0.27682091413269405 -0.27682091413269405 -0.27682091413269405 -0.2379316545252044 -0.23251960119023826 -0.2650774288769177 -0.22756876362612646 -0.2007912125120053 -0.2007912125120053 -0.23238513259262944 -0.22780709186736678 -0.22700491554332977 -0.21312036081183913 -0.21490860856096677 -0.20069419707525465 -0.20638379212317884 -0.20069419707525465 -0.1650964828798623 -0.172343789395648 -0.15637280172162352 -0.15637280172162352 -0.15532095637140594 -0.15175214921103813 -0.13044321571823875 -0.10771662051631004 -0.10411635093135119 -0.06026619814920979 -0.0414997747203133 -0.01202090482311622
-0.2910168055812731 -0.2910168055812731 -0.2910168055812731 -0.2910168055812731 -0.2910168055812731 -0.2910168055812731 -0.2910168055812731 -0.30073785618596716 -0.2910168055812731 -0.2910168055812731 -0.2910168055812731 -0.2910168055812731 -0.2910168055812731 -0.2910168055812731 -0.2910168055812731 -0.2910168055812731 -0.2910168055812731 -0.2910168055812731 -0.2910168055812731 -0.2910168055812731 -0.30073785618596716 -0.2005393845616727 -0.2910168055812731 -0.30073785618596716 -0.2910168055812731 -0.30073785618596716 -0.2910168055812731 -0.2910168055812731 -0.2910168055812731 -0.2910168055812731 -0.2910168055812731 -0.2910168055812731 -0.2910168055812731 -0.2910168055812731 -0.2910168055812731 -0.2379316545252044 -0.2005393845616727 -0.22756876362612646 -0.22830552679999425 -0.22756876362612646 -0.22830552679999425 -0.29774010893685354 -0.22756876362612646 -0.22830552679999425 -0.2910168055812731 -0.2910168055812731 -0.22830552679999425 -0.22756876362612646 -0.2910168055812731 -0.22756876362612646 -0.2910168055812731 -0.2616721643858613 -0.22756876362612646 -0.29774010893685354 -0.22830552679999425 -0.2616721643858613 -0.2616721643858613 -0.2379316545252044 -0.2910168055812731 -0.2910168055812731 -0.2910168055812731 -0.2844810867792142 -0.2844810867792142 -0.27682091413269405 -0.286638305034479 -0.2379316545252044 -0.23251960119023826 -0.2650774288769177 -0.22756876362612646 -0.2007912125120053 -0.2007912125120053 -0.23238513259262944 -0.22780709186736678 -0.22700491554332977 -0.21312036081183913 -0.21490860856096677 -0.20069419707525465 -0.20638379212317884 -0.20069419707525465 -0.1650964828798623 -0.172343789395648 -0.15637280172162352 -0.15637280172162352 -0.15532095637140594 -0.15175214921103813 -0.13044321571823875 -0.10771662051631004 -0.10411635093135119 -0.06026619814920979 -0.0414997747203133 -0.01202090482311622
-0.2948397661614595 -0.2948397661614595 -0.2948397661614595 -0.2948397661614595 -0.2948397661614595 -0.2948397661614595 -0.2948397661614595 -0.2910168055812731 -0.2948397661614595 -0.2948397661614595 -0.2948397661614595 -0.2948397661614595 -0.2948397661614595 -0.2948397661614595 -0.2948397661614595 -0.2948397661614595 -0.2948397661614595 -0.2948397661614595 -0.2948397661614595 -0.2948397661614595 -0.2910168055812731 -0.2005393845616727 -0.2948397661614595 -0.2910168055812731 -0.2948397661614595 -0.2910168055812731 -0.2948397661614595 -0.2948397661614595 -0.2948397661614595 -0.2948397661614595 -0.2948397661614595 -0.2948397661614595 -0.2948397661614595 -0.2948397661614595 -0.2948397661614595 -0.2379316545252044 -0.2005393845616727 -0.22756876362612646 -0.22830552679999425 -0.22756876362612646 -0.22830552679999425 -0.2910168055812731 -0.22756876362612646 -0.22830552679999425 -0.2948397661614595 -0.2948397661614595 -0.22830552679999425 -0.22756876362612646 -0.2948397661614595 -0.22756876362612646 -0.2948397661614595 -0.2616721643858613 -0.22756876362612646 -0.2910168055812731 -0.22830552679999425 -0.2616721643858613 -0.2616721643858613 -0.2379316545252044 -0.2948397661614595 -0.2948397661614595 -0.2948397661614595 -0.2844810867792142 -0.2844810867792142 -0.27682091413269405 -0.286638305034479 -0.2379316545252044 -0.23251960119023826 -0.2650774288769177 -0.22756876362612646 -0.2007912125120053 -0.2007912125120053 -0.23238513259262944 -0.22780709186736678 -0.22700491554332977 -0.21312036081183913 -0.21490860856096677 -0.20069419707525465 -0.20638379212317884 -0.20069419707525465 -0.1650964828798623 -0.172343789395648 -0.15637280172162352 -0.15637280172162352 -0.15532095637140594 -0.15175214921103813 -0.13044321571823875 -0.10771662051631004 -0.10411635093135119 -0.06026619814920979 -0.0414997747203133 -0.01202090482311622
-0.2939474152207751 -0.2939474152207751 -0.2939474152207751 -0.2939474152207751 -0.2939474152207751 -0.2939474152207751 -0.2939474152207751 -0.2910168055812731 -0.2939474152207751 -0.2939474152207751 -0.2939474152207751 -0.2939474152207751 -0.2939474152207751 -0.2939474152207751 -0.2939474152207751 -0.2939474152207751 -0.2939474152207751 -0.2939474152207751 -0.2939474152207751 -0.2939474152207751 -0.2910168055812731 -0.2005393845616727 -0.2939474152207751 -0.2910168055812731 -0.2939474152207751 -0.2910168055812731 -0.2939474152207751 -0.2939474152207751 -0.2939474152207751 -0.2939474152207751 -0.2939474152207751 -0.2939474152207751 -0.2939474152207751 -0.2939474152207751 -0.2939474152207751 -0.2379316545252044 -0.2005393845616727 -0.22756876362612646 -0.22830552679999425 -0.22756876362612646 -0.22830552679999425 -0.2910168055812731 -0.22756876362612646 -0.22830552679999425 -0.2939474152207751 -0.2939474152207751 -0.22830552679999425 -0.22756876362612646 -0.2939474152207751 -0.22756876362612646 -0.2939474152207751 -0.2616721643858613 -0.22756876362612646 -0.2910168055812731 -0.22830552679999425 -0.2616721643858613 -0.2616721643858613 -0.2379316545252044 -0.2939474152207751 -0.2939474152207751 -0.2939474152207751 -0.2844810867792142 -0.2844810867792142 -0.27682091413269405 -0.286638305034479 -0.2379316545252044 -0.23251960119023826 -0.2650774288769177 -0.22756876362612646 -0.2007912125120053 -0.2007912125120053 -0.23238513259262944 -0.22780709186736678 -0.22700491554332977 -0.21312036081183913 -0.21490860856096677 -0.20069419707525465 -0.20638379212317884 -0.20069419707525465 -0.1650964828798623 -0.172343789395648 -0.15637280172162352 -0.15637280172162352 -0.15532095637140594 -0.15175214921103813 -0.13044321571823875 -0.10771662051631004 -0.10411635093135119 -0.06026619814920979 -0.0414997747203133 -0.01202090482311622
-0.2844810867792142 -0.2844810867792142 -0.2844810867792142 -0.2844810867792142 -0.2844810867792142 -0.2844810867792142 -0.2844810867792142 -0.2844810867792142 -0.2844810867792142 -0.2844810867792142 -0.2844810867792142 -0.2844810867792142 -0.2844810867792142 -0.2844810867792142 -0.2844810867792142 -0.2844810867792142 -0.2844810867792142 -0.2844810867792142 -0.2844810867792142 -0.2844810867792142 -0.2844810867792142 -0.2005393845616727 -0.2844810867792142 -0.2844810867792142 -0.2844810867792142 -0.2844810867792142 -0.2844810867792142 -0.2844810867792142 -0.2844810867792142 -0.2844810867792142 -0.2844810867792142 -0.2844810867792142 -0.2844810867792142 -0.2844810867792142 -0.2844810867792142 -0.2379316545252044 -0.2005393845616727 -0.22756876362612646 -0.22830552679999425 -0.22756876362612646 -0.22830552679999425 -0.2844810867792142 -0.22756876362612646 -0.22830552679999425 -0.2844810867792142 -0.2844810867792142 -0.22830552679999425 -0.22756876362612646 -0.2844810867792142 -0.22756876362612646 -0.2844810867792142 -0.2616721643858613 -0.22756876362612646 -0.2844810867792142 -0.22830552679999425 -0.2616721643858613 -0.2616721643858613 -0.2379316545252044 -0.2844810867792142 -0.2844810867792142 -0.2844810867792142 -0.2844810867792142 -0.2844810867792142 -0.27682091413269405 -0.2844810867792142 -0.2379316545252044 -0.23251960119023826 -0.2650774288769177 -0.22756876362612646 -0.2007912125120053 -0.2007912125120053 -0.23238513259262944 -0.22780709186736678 -0.22700491554332977 -0.21312036081183913 -0.21490860856096677 -0.20069419707525465 -0.20638379212317884 -0.20069419707525465 -0.1650964828798623 -0.172343789395648 -0.15637280172162352 -0.15637280172162352 -0.15532095637140594 -0.15175214921103813 -0.13044321571823875 -0.10771662051631004 -0.10411635093135119 -0.06026619814920979 -0.0414997747203133 -0.01202090482311622
-0.2843779666611732 -0.2843779666611732 -0.2843779666611732 -0.2843779666611732 -0.2843779666611732 -0.2843779666611732 -0.2843779666611732 -0.2843779666611732 -0.2843779666611732 -0.2843779666611732 -0.2843779666611732 -0.2843779666611732 -0.2843779666611732 -0.2843779666611732 -0.2843779666611732 -0.2843779666611732 -0.2843779666611732 -0.2843779666611732 -0.2843779666611732 -0.2843779666611732 -0.2843779666611732 -0.2005393845616727 -0.2843779666611732 -0.2843779666611732 -0.2843779666611732 -0.2843779666611732 -0.2843779666611732 -0.2843779666611732 -0.2843779666611732 -0.2843779666611732 -0.2843779666611732 -0.2843779666611732 -0.2843779666611732 -0.2843779666611732 -0.2843779666611732 -0.2379316545252044 -0.2005393845616727 -0.22756876362612646 -0.22830552679999425 -0.22756876362612646 -0.22830552679999425 -0.2843779666611732 -0.22756876362612646 -0.22830552679999425 -0.2843779666611732 -0.2843779666611732 -0.22830552679999425 -0.22756876362612646 -0.2843779666611732 -0.22756876362612646 -0.2843779666611732 -0.2616721643858613 -0.22756876362612646 -0.2843779666611732 -0.22830552679999425 -0.2616721643858613 -0.2616721643858613 -0.2379316545252044 -0.2843779666611732 -0.2843779666611732 -0.2843779666611732 -0.2843779666611732 -0.2843779666611732 -0.27682091413269405 -0.2843779666611732 -0.2379316545252044 -0.23251960119023826 -0.2650774288769177 -0.22756876362612646 -0.2007912125120053 -0.2007912125120053 -0.23238513259262944 -0.22780709186736678 -0.22700491554332977 -0.21312036081183913 -0.21490860856096677 -0.20069419707525465 -0.20638379212317884 -0.20069419707525465 -0.1650964828798623 -0.172343789395648 -0.15637280172162352 -0.15637280172162352 -0.15532095637140594 -0.15175214921103813 -0.13044321571823875 -0.10771662051631004 -0.10411635093135119 -0.06026619814920979 -0.0414997747203133 -0.01202090482311622
-0.22700491554332977 -0.22700491554332977 -0.22700491554332977 -0.22700491554332977 -0.22700491554332977 -0.22700491554332977 -0.22700491554332977 -0.22700491554332977 -0.22700491554332977 -0.22700491554332977 -0.22700491554332977 -0.22700491554332977 -0.22700491554332977 -0.22700491554332977 -0.22700491554332977 -0.22700491554332977 -0.22700491554332977 -0.22700491554332977 -0.22700491554332977 -0.22700491554332977 -0.22700491554332977 -0.2005393845616727 -0.22700491554332977 -0.22700491554332977 -0.22700491554332977 -0.22700491554332977 -0.22700491554332977 -0.22700491554332977 -0.22700491554332977 -0.22700491554332977 -0.22700491554332977 -0.22700491554332977 -0.22700491554332977 -0.22700491554332977 -0.22700491554332977 -0.22700491554332977 -0.2005393845616727 -0.22700491554332977 -0.22700491554332977 -0.22700491554332977 -0.22700491554332977 -0.22700491554332977 -0.22700491554332977 -0.22700491554332977 -0.22700491554332977 -0.22700491554332977 -0.22700491554332977 -0.22700491554332977 -0.22700491554332977 -0.22700491554332977 -0.22700491554332977 -0.22700491554332977 -0.22700491554332977 -0.22700491554332977 -0.22700491554332977 -0.22700491554332977 -0.22700491554332977 -0.22700491554332977 -0.22700491554332977 -0.22700491554332977 -0.22700491554332977 -0.22700491554332977 -0.22700491554332977 -0.22700491554332977 -0.22700491554332977 -0.22700491554332977 -0.22700491554332977 -0.22700491554332977 -0.22700491554332977 -0.2007912125120053 -0.2007912125120053 -0.22700491554332977 -0.22700491554332977 -0.22700491554332977 -0.21312036081183913 -0.21490860856096677 -0.20069419707525465 -0.20638379212317884 -0.20069419707525465 -0.1650964828798623 -0.172343789395648 -0.15637280172162352 -0.15637280172162352 -0.15532095637140594 -0.15175214921103813 -0.13044321571823875 -0.10771662051631004 -0.10411635093135119 -0.06026619814920979 -0.0414997747203133 -0.01202090482311622
-0.22700491554332977 -0.22700491554332977 -0.22700491554332977 -0.22700491554332977 -0.22700491554332977 -0.22700491554332977 -0.22700491554332977 -0.22700491554332977 -0.22700491554332977 -0.22700491554332977 -0.22700491554332977 -0.22700491554332977 -0.22700491554332977 -0.22700491554332977 -0.22700491554332977 -0.22700491554332977 -0.22700491554332977 -0.22700491554332977 -0.22700491554332977 -0.22700491554332977 -0.22700491554332977 -0.2005393845616727 -0.22700491554332977 -0.22700491554332977 -0.22700491554332977 -0.22700491554332977 -0.22700491554332977 -0.22700491554332977 -0.22700491554332977 -0.22700491554332977 -0.22700491554332977 -0.22700491554332977 -0.22700491554332977 -0.22700491554332977 -0.22700491554332977 -0.22700491554332977 -0.2005393845616727 -0.22700491554332977 -0.22700491554332977 -0.22700491554332977 -0.22700491554332977 -0.22700491554332977 -0.22700491554332977 -0.22700491554332977 -0.22700491554332977 -0.22700491554332977 -0.22700491554332977 -0.22700491554332977 -0.22700491554332977 -0.22700491554332977 -0.22700491554332977 -0.22700491554332977 -0.22700491554332977 -0.22700491554332977 -0.22700491554332977 -0.22700491554332977 -0.22700491554332977 -0.22700491554332977 -0.22700491554332977 -0.22700491554332977 -0.22700491554332977 -0.22700491554332977 -0.22700491554332977 -0.22700491554332977 -0.22700491554332977 -0.22700491554332977 -0.22700491554332977 -0.22700491554332977 -0.22700491554332977 -0.2007912125120053 -0.2007912125120053 -0.22700491554332977 -0.22700491554332977 -0.22700491554332977 -0.21312036081183913 -0.21490860856096677 -0.20069419707525465 -0.20638379212317884 -0.20069419707525465 -0.1650964828798623 -0.172343789395648 -0.15637280172162352 -0.15637280172162352 -0.15532095637140594 -0.15175214921103813 -0.13044321571823875 -0.10771662051631004 -0.10411635093135119 -0.06026619814920979 -0.0414997747203133 -0.01202090482311622
-0.22700491554332977 -0.22700491554332977 -0.22700491554332977 -0.22700491554332977 -0.22700491554332977 -0.22700491554332977 -0.22700491554332977 -0.22700491554332977 -0.22700491554332977 -0.22700491554332977 -0.22700491554332977 -0.22700491554332977 -0.22700491554332977 -0.22700491554332977 -0.22700491554332977 -0.22700491554332977 -0.22700491554332977 -0.22700491554332977 -0.22700491554332977 -0.22700491554332977 -0.22700491554332977 -0.2005393845616727 -0.22700491554332977 -0.22700491554332977 -0.22700491554332977 -0.22700491554332977 -0.22700491554332977 -0.22700491554332977 -0.22700491554332977 -0.22700491554332977 -0.22700491554332977 -0.22700491554332977 -0.22700491554332977 -0.22700491554332977 -0.22700491554332977 -0.22700491554332977 -0.2005393845616727 -0.22700491554332977 -0.22700491554332977 -0.22700491554332977 -0.22700491554332977 -0.22700491554332977 -0.22700491554332977 -0.22700491554332977 -0.22700491554332977 -0.22700491554332977 -0.22700491554332977 -0.22700491554332977 -0.22700491554332977 -0.22700491554332977 -0.22700491554332977 -0.22700491554332977 -0.22700491554332977 -0.22700491554332977 -0.22700491554332977 -0.22700491554332977 -0.22700491554332977 -0.22700491554332977 -0.22700491554332977 -0.22700491554332977 -0.22700491554332977 -0.22700491554332977 -0.22700491554332977 -0.22700491554332977 -0.22700491554332977 -0.22700491554332977 -0.22700491554332977 -0.22700491554332977 -0.22700491554332977 -0.2007912125120053 -0.2007912125120053 -0.22700491554332977 -0.22700491554332977 -0.22700491554332977 -0.21312036081183913 -0.21490860856096677 -0.20069419707525465 -0.20638379212317884 -0.20069419707525465 -0.1650964828798623 -0.172343789395648 -0.15637280172162352 -0.15637280172162352 -0.15532095637140594 -0.15175214921103813 -0.13044321571823875 -0.10771662051631004 -0.10411635093135119 -0.06026619814920979 -0.0414997747203133 -0.01202090482311622
-0.23238513259262944 -0.23238513259262944 -0.23238513259262944 -0.23238513259262944 -0.23238513259262944 -0.23238513259262944 -0.23238513259262944 -0.23238513259262944 -0.23238513259262944 -0.23238513259262944 -0.23238513259262944 -0.23238513259262944 -0.23238513259262944 -0.23238513259262944 -0.23238513259262944 -0.23238513259262944 -0.23238513259262944 -0.23238513259262944 -0.23238513259262944 -0.23238513259262944 -0.23238513259262944 -0.2005393845616727 -0.23238513259262944 -0.23238513259262944 -0.23238513259262944 -0.23238513259262944 -0.23238513259262944 -0.23238513259262944 -0.23238513259262944 -0.23238513259262944 -0.23238513259262944 -0.23238513259262944 -0.23238513259262944 -0.23238513259262944 -0.23238513259262944 -0.23238513259262944 -0.2005393845616727 -0.22756876362612646 -0.22830552679999425 -0.22756876362612646 -0.22830552679999425 -0.23238513259262944 -0.22756876362612646 -0.22830552679999425 -0.23238513259262944 -0.23238513259262944 -0.22830552679999425 -0.22756876362612646 -0.23238513259262944 -0.22756876362612646 -0.23238513259262944 -0.23238513259262944 -0.22756876362612646 -0.23238513259262944 -0.22830552679999425 -0.23238513259262944 -0.23238513259262944 -0.23238513259262944 -0.23238513259262944 -0.23238513259262944 -0.23238513259262944 -0.23238513259262944 -0.23238513259262944 -0.23238513259262944 -0.23238513259262944 -0.23238513259262944 -0.23238513259262944 -0.23238513259262944 -0.22756876362612646 -0.2007912125120053 -0.2007912125120053 -0.23238513259262944 -0.22780709186736678 -0.22700491554332977 -0.21312036081183913 -0.21490860856096677 -0.20069419707525465 -0.20638379212317884 -0.20069419707525465 -0.1650964828798623 -0.172343789395648 -0.15637280172162352 -0.15637280172162352 -0.15532095637140594 -0.15175214921103813 -0.13044321571823875 -0.10771662051631004 -0.10411635093135119 -0.06026619814920979 -0.0414997747203133 -0.01202090482311622
-0.22700491554332977 -0.22700491554332977 -0.22700491554332977 -0.22700491554332977 -0.22700491554332977 -0.22700491554332977 -0.22700491554332977 -0.22700491554332977 -0.22700491554332977 -0.22700491554332977 -0.22700491554332977 -0.22700491554332977 -0.22700491554332977 -0.22700491554332977 -0.22700491554332977 -0.22700491554332977 -0.22700491554332977 -0.22700491554332977 -0.22700491554332977 -0.22700491554332977 -0.22700491554332977 -0.2005393845616727 -0.22700491554332977 -0.22700491554332977 -0.22700491554332977 -0.22700491554332977 -0.22700491554332977 -0.22700491554332977 -0.22700491554332977 -0.22700491554332977 -0.22700491554332977 -0.22700491554332977 -0.22700491554332977 -0.22700491554332977 -0.22700491554332977 -0.22700491554332977 -0.2005393845616727 -0.22700491554332977 -0.22700491554332977 -0.22700491554332977 -0.22700491554332977 -0.22700491554332977 -0.22700491554332977 -0.22700491554332977 -0.22700491554332977 -0.22700491554332977 -0.22700491554332977 -0.22700491554332977 -0.22700491554332977 -0.22700491554332977 -0.22700491554332977 -0.22700491554332977 -0.22700491554332977 -0.22700491554332977 -0.22700491554332977 -0.22700491554332977 -0.22700491554332977 -0.22700491554332977 -0.22700491554332977 -0.22700491554332977 -0.22700491554332977 -0.22700491554332977 -0.22700491554332977 -0.22700491554332977 -0.22700491554332977 -0.22700491554332977 -0.22700491554332977 -0.22700491554332977 -0.22700491554332977 -0.2007912125120053 -0.2007912125120053 -0.22700491554332977 -0.22700491554332977 -0.22700491554332977 -0.21312036081183913 -0.21490860856096677 -0.20069419707525465 -0.20638379212317884 -0.20069419707525465 -0.1650964828798623 -0.172343789395648 -0.15637280172162352 -0.15637280172162352 -0.15532095637140594 -0.15175214921103813 -0.13044321571823875 -0.10771662051631004 -0.10411635093135119 -0.06026619814920979 -0.0414997747203133 -0.01202090482311622
-0.22756876362612646 -0.22756876362612646 -0.22756876362612646 -0.22756876362612646 -0.22756876362612646 -0.22756876362612646 -0.22756876362612646 -0.22756876362612646 -0.22756876362612646 -0.22756876362612646 -0.22756876362612646 -0.22756876362612646 -0.22756876362612646 -0.22756876362612646 -0.22756876362612646 -0.22756876362612646 -0.22756876362612646 -0.22756876362612646 -0.22756876362612646 -0.22756876362612646 -0.22756876362612646 -0.2005393845616727 -0.22756876362612646 -0.22756876362612646 -0.22756876362612646 -0.22756876362612646 -0.22756876362612646 -0.22756876362612646 -0.22756876362612646 -0.22756876362612646 -0.22756876362612646 -0.22756876362612646 -0.22756876362612646 -0.22756876362612646 -0.22756876362612646 -0.22756876362612646 -0.2005393845616727 -0.23316910639800412 -0.22756876362612646 -0.23316910639800412 -0.22756876362612646 -0.22756876362612646 -0.23316910639800412 -0.22756876362612646 -0.22756876362612646 -0.22756876362612646 -0.22756876362612646 -0.23316910639800412 -0.22756876362612646 -0.23316910639800412 -0.22756876362612646 -0.22756876362612646 -0.23316910639800412 -0.22756876362612646 -0.22756876362612646 -0.22756876362612646 -0.22756876362612646 -0.22756876362612646 -0.22756876362612646 -0.22756876362612646 -0.22756876362612646 -0.22756876362612646 -0.22756876362612646 -0.22756876362612646 -0.22756876362612646 -0.22756876362612646 -0.22756876362612646 -0.22756876362612646 -0.2536458182710357 -0.2007912125120053 -0.2007912125120053 -0.22756876362612646 -0.22756876362612646 -0.22700491554332977 -0.21312036081183913 -0.21490860856096677 -0.20069419707525465 -0.20638379212317884 -0.20069419707525465 -0.1650964828798623 -0.172343789395648 -0.15637280172162352 -0.15637280172162352 -0.15532095637140594 -0.15175214921103813 -0.13044321571823875 -0.10771662051631004 -0.10411635093135119 -0.06026619814920979 -0.0414997747203133 -0.01202090482311622
-0.2459181628437386 -0.2459181628437386 -0.2459181628437386 -0.2459181628437386 -0.2459181628437386 -0.2459181628437386 -0.2459181628437386 -0.2459181628437386 -0.2459181628437386 -0.2459181628437386 -0.2459181628437386 -0.2459181628437386 -0.2459181628437386 -0.2459181628437386 -0.2459181628437386 -0.2459181628437386 -0.2459181628437386 -0.2459181628437386 -0.2459181628437386 -0.2459181628437386 -0.2459181628437386 -0.2005393845616727 -0.2459181628437386 -0.2459181628437386 -0.2459181628437386 -0.2459181628437386 -0.2459181628437386 -0.2459181628437386 -0.2459181628437386 -0.2459181628437386 -0.2459181628437386 -0.2459181628437386 -0.2459181628437386 -0.2459181628437386 -0.2459181628437386 -0.2379316545252044 -0.2005393845616727 -0.22756876362612646 -0.22830552679999425 -0.22756876362612646 -0.22830552679999425 -0.2459181628437386 -0.22756876362612646 -0.22830552679999425 -0.2459181628437386 -0.2459181628437386 -0.22830552679999425 -0.22756876362612646 -0.2459181628437386 -0.22756876362612646 -0.2459181628437386 -0.2459181628437386 -0.22756876362612646 -0.2459181628437386 -0.22830552679999425 -0.2459181628437386 -0.2459181628437386 -0.2379316545252044 -0.2459181628437386 -0.2459181628437386 -0.2459181628437386 -0.2459181628437386 -0.2459181628437386 -0.2459181628437386 -0.2459181628437386 -0.2379316545252044 -0.23251960119023826 -0.2459181628437386 -0.22756876362612646 -0.2007912125120053 -0.2007912125120053 -0.23238513259262944 -0.22780709186736678 -0.22700491554332977 -0.21312036081183913 -0.21490860856096677 -0.20069419707525465 -0.20638379212317884 -0.20069419707525465 -0.1650964828798623 -0.172343789395648 -0.15637280172162352 -0.15637280172162352 -0.15532095637140594 -0.15175214921103813 -0.13044321571823875 -0.10771662051631004 -0.10411635093135119 -0.06026619814920979 -0.0414997747203133 -0.01202090482311622
-0.2455044941289926 -0.2455044941289926 -0.2455044941289926 -0.2455044941289926 -0.2455044941289926 -0.2455044941289926 -0.2455044941289926 -0.2455044941289926 -0.2455044941289926 -0.2455044941289926 -0.2455044941289926 -0.2455044941289926 -0.2455044941289926 -0.2455044941289926 -0.2455044941289926 -0.2455044941289926 -0.2455044941289926 -0.2455044941289926 -0.2455044941289926 -0.2455044941289926 -0.2455044941289926 -0.2005393845616727 -0.2455044941289926 -0.2455044941289926 -0.2455044941289926 -0.2455044941289926 -0.2455044941289926 -0.2455044941289926 -0.2455044941289926 -0.2455044941289926 -0.2455044941289926 -0.2455044941289926 -0.2455044941289926 -0.2455044941289926 -0.2455044941289926 -0.2379316545252044 -0.2005393845616727 -0.22756876362612646 -0.22830552679999425 -0.22756876362612646 -0.22830552679999425 -0.2455044941289926 -0.22756876362612646 -0.22830552679999425 -0.2455044941289926 -0.2455044941289926 -0.22830552679999425 -0.22756876362612646 -0.2455044941289926 -0.22756876362612646 -0.2455044941289926 -0.2455044941289926 -0.22756876362612646 -0.2455044941289926 -0.22830552679999425 -0.2455044941289926 -0.2455044941289926 -0.2379316545252044 -0.2455044941289926 -0.2455044941289926 -0.2455044941289926 -0.2455044941289926 -0.2455044941289926 -0.2455044941289926 -0.2455044941289926 -0.2379316545252044 -0.23251960119023826 -0.2455044941289926 -0.22756876362612646 -0.2007912125120053 -0.2007912125120053 -0.23238513259262944 -0.22780709186736678 -0.22700491554332977 -0.21312036081183913 -0.21490860856096677 -0.20069419707525465 -0.20638379212317884 -0.20069419707525465 -0.1650964828798623 -0.172343789395648 -0.15637280172162352 -0.15637280172162352 -0.15532095637140594 -0.15175214921103813 -0.13044321571823875 -0.10771662051631004 -0.10411635093135119 -0.06026619814920979 -0.0414997747203133 -0.01202090482311622
-0.1650964828798623 -0.1650964828798623 -0.1650964828798623 -0.1650964828798623 -0.1650964828798623 -0.1650964828798623 -0.1650964828798623 -0.1650964828798623 -0.1650964828798623 -0.1650964828798623 -0.1650964828798623 -0.1650964828798623 -0.1650964828798623 -0.1650964828798623 -0.1650964828798623 -0.1650964828798623 -0.1650964828798623 -0.1650964828798623 -0.1650964828798623 -0.1650964828798623 -0.1650964828798623 -0.1650964828798623 -0.1650964828798623 -0.1650964828798623 -0.1650964828798623 -0.1650964828798623 -0.1650964828798623 -0.1650964828798623 -0.1650964828798623 -0.1650964828798623 -0.1650964828798623 -0.1650964828798623 -0.1650964828798623 -0.1650964828798623 -0.1650964828798623 -0.1650964828798623 -0.1650964828798623 -0.1650964828798623 -0.1650964828798623 -0.1650964828798623 -0.1650964828798623 -0.1650964828798623 -0.1650964828798623 -0.1650964828798623 -0.1650964828798623 -0.1650964828798623 -0.1650964828798623 -0.1650964828798623 -0.1650964828798623 -0.1650964828798623 -0.1650964828798623 -0.1650964828798623 -0.1650964828798623 -0.1650964828798623 -0.1650964828798623 -0.1650964828798623 -0.1650964828798623 -0.1650964828798623 -0.1650964828798623 -0.1650964828798623 -0.1650964828798623 -0.1650964828798623 -0.1650964828798623 -0.1650964828798623 -0.1650964828798623 -0.1650964828798623 -0.1650964828798623 -0.1650964828798623 -0.1650964828798623 -0.1650964828798623 -0.1650964828798623 -0.1650964828798623 -0.1650964828798623 -0.1650964828798623 -0.1650964828798623 -0.1650964828798623 -0.1650964828798623 -0.1650964828798623 -0.1650964828798623 -0.1650964828798623 -0.1650964828798623 -0.15637280172162352 -0.15637280172162352 -0.15532095637140594 -0.15175214921103813 -0.13044321571823875 -0.10771662051631004 -0.10411635093135119 -0.06026619814920979 -0.0414997747203133 -0.01202090482311622
-0.23197681488312383 -0.23197681488312383 -0.23197681488312383 -0.23197681488312383 -0.23197681488312383 -0.23197681488312383 -0.23197681488312383 -0.23197681488312383 -0.23197681488312383 -0.23197681488312383 -0.23197681488312383 -0.23197681488312383 -0.23197681488312383 -0.23197681488312383 -0.23197681488312383 -0.23197681488312383 -0.23197681488312383 -0.23197681488312383 -0.23197681488312383 -0.23197681488312383 -0.23197681488312383 -0.2005393845616727 -0.23197681488312383 -0.23197681488312383 -0.23197681488312383 -0.23197681488312383 -0.23197681488312383 -0.23197681488312383 -0.23197681488312383 -0.23197681488312383 -0.23197681488312383 -0.23197681488312383 -0.23197681488312383 -0.23197681488312383 -0.23197681488312383 -0.23197681488312383 -0.2005393845616727 -0.22756876362612646 -0.22830552679999425 -0.22756876362612646 -0.22830552679999425 -0.23197681488312383 -0.22756876362612646 -0.22830552679999425 -0.23197681488312383 -0.23197681488312383 -0.22830552679999425 -0.22756876362612646 -0.23197681488312383 -0.22756876362612646 -0.23197681488312383 -0.23197681488312383 -0.22756876362612646 -0.23197681488312383 -0.22830552679999425 -0.23197681488312383 -0.23197681488312383 -0.23197681488312383 -0.23197681488312383 -0.23197681488312383 -0.23197681488312383 -0.23197681488312383 -0.23197681488312383 -0.23197681488312383 -0.23197681488312383 -0.23197681488312383 -0.23197681488312383 -0.23197681488312383 -0.22756876362612646 -0.2007912125120053 -0.2007912125120053 -0.23197681488312383 -0.22780709186736678 -0.22700491554332977 -0.21312036081183913 -0.21490860856096677 -0.20069419707525465 -0.20638379212317884 -0.20069419707525465 -0.1650964828798623 -0.172343789395648 -0.15637280172162352 -0.15637280172162352 -0.15532095637140594 -0.15175214921103813 -0.13044321571823875 -0.10771662051631004 -0.10411635093135119 -0.06026619814920979 -0.0414997747203133 -0.01202090482311622
-0.2126788610778143 -0.2126788610778143 -0.2126788610778143 -0.2126788610778143 -0.2126788610778143 -0.2126788610778143 -0.2126788610778143 -0.2126788610778143 -0.2126788610778143 -0.2126788610778143 -0.2126788610778143 -0.2126788610778143 -0.2126788610778143 -0.2126788610778143 -0.2126788610778143 -0.2126788610778143 -0.2126788610778143 -0.2126788610778143 -0.2126788610778143 -0.2126788610778143 -0.2126788610778143 -0.2005393845616727 -0.2126788610778143 -0.2126788610778143 -0.2126788610778143 -0.2126788610778143 -0.2126788610778143 -0.2126788610778143 -0.2126788610778143 -0.2126788610778143 -0.2126788610778143 -0.2126788610778143 -0.2126788610778143 -0.2126788610778143 -0.2126788610778143 -0.2126788610778143 -0.2005393845616727 -0.2126788610778143 -0.2126788610778143 -0.2126788610778143 -0.2126788610778143 -0.2126788610778143 -0.2126788610778143 -0.2126788610778143 -0.2126788610778143 -0.2126788610778143 -0.2126788610778143 -0.2126788610778143 -0.2126788610778143 -0.2126788610778143 -0.2126788610778143 -0.2126788610778143 -0.2126788610778143 -0.2126788610778143 -0.2126788610778143 -0.2126788610778143 -0.2126788610778143 -0.2126788610778143 -0.2126788610778143 -0.2126788610778143 -0.2126788610778143 -0.2126788610778143 -0.2126788610778143 -0.2126788610778143 -0.2126788610778143 -0.2126788610778143 -0.2126788610778143 -0.2126788610778143 -0.2126788610778143 -0.2007912125120053 -0.2007912125120053 -0.2126788610778143 -0.2126788610778143 -0.2126788610778143 -0.2126788610778143 -0.2126788610778143 -0.20069419707525465 -0.20638379212317884 -0.20069419707525465 -0.1650964828798623 -0.172343789395648 -0.15637280172162352 -0.15637280172162352 -0.15532095637140594 -0.15175214921103813 -0.13044321571823875 -0.10771662051631004 -0.10411635093135119 -0.06026619814920979 -0.0414997747203133 -0.01202090482311622
-0.1650964828798623 -0.1650964828798623 -0.1650964828798623 -0.1650964828798623 -0.1650964828798623 -0.1650964828798623 -0.1650964828798623 -0.1650964828798623 -0.1650964828798623 -0.1650964828798623 -0.1650964828798623 -0.1650964828798623 -0.1650964828798623 -0.1650964828798623 -0.1650964828798623 -0.1650964828798623 -0.1650964828798623 -0.1650964828798623 -0.1650964828798623 -0.1650964828798623 -0.1650964828798623 -0.1650964828798623 -0.1650964828798623 -0.1650964828798623 -0.1650964828798623 -0.1650964828798623 -0.1650964828798623 -0.1650964828798623 -0.1650964828798623 -0.1650964828798623 -0.1650964828798623 -0.1650964828798623 -0.1650964828798623 -0.1650964828798623 -0.1650964828798623 -0.1650964828798623 -0.1650964828798623 -0.1650964828798623 -0.1650964828798623 -0.1650964828798623 -0.1650964828798623 -0.1650964828798623 -0.1650964828798623 -0.1650964828798623 -0.1650964828798623 -0.1650964828798623 -0.1650964828798623 -0.1650964828798623 -0.1650964828798623 -0.1650964828798623 -0.1650964828798623 -0.1650964828798623 -0.1650964828798623 -0.1650964828798623 -0.1650964828798623 -0.1650964828798623 -0.1650964828798623 -0.1650964828798623 -0.1650964828798623 -0.1650964828798623 -0.1650964828798623 -0.1650964828798623 -0.1650964828798623 -0.1650964828798623 -0.1650964828798623 -0.1650964828798623 -0.1650964828798623 -0.1650964828798623 -0.1650964828798623 -0.1650964828798623 -0.1650964828798623 -0.1650964828798623 -0.1650964828798623 -0.1650964828798623 -0.1650964828798623 -0.1650964828798623 -0.1650964828798623 -0.1650964828798623 -0.1650964828798623 -0.17252558338451857 -0.1650964828798623 -0.15637280172162352 -0.15637280172162352 -0.15532095637140594 -0.15175214921103813 -0.13044321571823875 -0.10771662051631004 -0.10411635093135119 -0.06026619814920979 -0.0414997747203133 -0.01202090482311622
-0.1721823634902938 -0.1721823634902938 -0.1721823634902938 -0.1721823634902938 -0.1721823634902938 -0.1721823634902938 -0.1721823634902938 -0.1721823634902938 -0.1721823634902938 -0.1721823634902938 -0.1721823634902938 -0.1721823634902938 -0.1721823634902938 -0.1721823634902938 -0.1721823634902938 -0.1721823634902938 -0.1721823634902938 -0.1721823634902938 -0.1721823634902938 -0.1721823634902938 -0.1721823634902938 -0.1721823634902938 -0.1721823634902938 -0.1721823634902938 -0.1721823634902938 -0.1721823634902938 -0.1721823634902938 -0.1721823634902938 -0.1721823634902938 -0.1721823634902938 -0.1721823634902938 -0.1721823634902938 -0.1721823634902938 -0.1721823634902938 -0.1721823634902938 -0.1721823634902938 -0.1721823634902938 -0.1721823634902938 -0.1721823634902938 -0.1721823634902938 -0.1721823634902938 -0.1721823634902938 -0.1721823634902938 -0.1721823634902938 -0.1721823634902938 -0.1721823634902938 -0.1721823634902938 -0.1721823634902938 -0.1721823634902938 -0.1721823634902938 -0.1721823634902938 -0.1721823634902938 -0.1721823634902938 -0.1721823634902938 -0.1721823634902938 -0.1721823634902938 -0.1721823634902938 -0.1721823634902938 -0.1721823634902938 -0.1721823634902938 -0.1721823634902938 -0.1721823634902938 -0.1721823634902938 -0.1721823634902938 -0.1721823634902938 -0.1721823634902938 -0.1721823634902938 -0.1721823634902938 -0.1721823634902938 -0.1721823634902938 -0.1721823634902938 -0.1721823634902938 -0.1721823634902938 -0.1721823634902938 -0.1721823634902938 -0.1721823634902938 -0.1721823634902938 -0.1721823634902938 -0.1721823634902938 -0.1650964828798623 -0.1721823634902938 -0.15637280172162352 -0.15637280172162352 -0.15532095637140594 -0.15175214921103813 -0.13044321571823875 -0.10771662051631004 -0.10411635093135119 -0.06026619814920979 -0.0414997747203133 -0.01202090482311622
-0.16127510983078297 -0.16127510983078297 -0.16127510983078297 -0.16127510983078297 -0.16127510983078297 -0.16127510983078297 -0.16127510983078297 -0.16127510983078297 -0.16127510983078297 -0.16127510983078297 -0.16127510983078297 -0.16127510983078297 -0.16127510983078297 -0.16127510983078297 -0.16127510983078297 -0.16127510983078297 -0.16127510983078297 -0.16127510983078297 -0.16127510983078297 -0.16127510983078297 -0.16127510983078297 -0.16127510983078297 -0.16127510983078297 -0.16127510983078297 -0.16127510983078297 -0.16127510983078297 -0.16127510983078297 -0.16127510983078297 -0.16127510983078297 -0.16127510983078297 -0.16127510983078297 -0.16127510983078297 -0.16127510983078297 -0.16127510983078297 -0.16127510983078297 -0.16127510983078297 -0.16127510983078297 -0.16127510983078297 -0.16127510983078297 -0.16127510983078297 -0.16127510983078297 -0.16127510983078297 -0.16127510983078297 -0.16127510983078297 -0.16127510983078297 -0.16127510983078297 -0.16127510983078297 -0.16127510983078297 -0.16127510983078297 -0.16127510983078297 -0.16127510983078297 -0.16127510983078297 -0.16127510983078297 -0.16127510983078297 -0.16127510983078297 -0.16127510983078297 -0.16127510983078297 -0.16127510983078297 -0.16127510983078297 -0.16127510983078297 -0.16127510983078297 -0.16127510983078297 -0.16127510983078297 -0.16127510983078297 -0.16127510983078297 -0.16127510983078297 -0.16127510983078297 -0.16127510983078297 -0.16127510983078297 -0.16127510983078297 -0.16127510983078297 -0.16127510983078297 -0.16127510983078297 -0.16127510983078297 -0.16127510983078297 -0.16127510983078297 -0.16127510983078297 -0.16127510983078297 -0.16127510983078297 -0.16127510983078297 -0.16127510983078297 -0.15637280172162352 -0.15637280172162352 -0.15532095637140594 -0.15175214921103813 -0.13044321571823875 -0.10771662051631004 -0.10411635093135119 -0.06026619814920979 -0.0414997747203133 -0.01202090482311622
-0.15175214921103813 -0.15175214921103813 -0.15175214921103813 -0.15175214921103813 -0.15175214921103813 -0.15175214921103813 -0.15175214921103813 -0.15175214921103813 -0.15175214921103813 -0.15175214921103813 -0.15175214921103813 -0.15175214921103813 -0.15175214921103813 -0.15175214921103813 -0.15175214921103813 -0.15175214921103813 -0.15175214921103813 -0.15175214921103813 -0.15175214921103813 -0.15175214921103813 -0.15175214921103813 -0.15175214921103813 -0.15175214921103813 -0.15175214921103813 -0.15175214921103813 -0.15175214921103813 -0.15175214921103813 -0.15175214921103813 -0.15175214921103813 -0.15175214921103813 -0.15175214921103813 -0.15175214921103813 -0.15175214921103813 -0.15175214921103813 -0.15175214921103813 -0.15175214921103813 -0.15175214921103813 -0.15175214921103813 -0.15175214921103813 -0.15175214921103813 -0.15175214921103813 -0.15175214921103813 -0.15175214921103813 -0.15175214921103813 -0.15175214921103813 -0.15175214921103813 -0.15175214921103813 -0.15175214921103813 -0.15175214921103813 -0.15175214921103813 -0.15175214921103813 -0.15175214921103813 -0.15175214921103813 -0.15175214921103813 -0.15175214921103813 -0.15175214921103813 -0.15175214921103813 -0.15175214921103813 -0.15175214921103813 -0.15175214921103813 -0.15175214921103813 -0.15175214921103813 -0.15175214921103813 -0.15175214921103813 -0.15175214921103813 -0.15175214921103813 -0.15175214921103813 -0.15175214921103813 -0.15175214921103813 -0.15175214921103813 -0.15175214921103813 -0.15175214921103813 -0.15175214921103813 -0.15175214921103813 -0.15175214921103813 -0.15175214921103813 -0.15175214921103813 -0.15175214921103813 -0.15175214921103813 -0.15175214921103813 -0.15175214921103813 -0.15175214921103813 -0.15175214921103813 -0.15175214921103813 -0.15175214921103813 -0.13044321571823875 -0.10771662051631004 -0.10411635093135119 -0.06026619814920979 -0.0414997747203133 -0.01202090482311622
-0.1581662783400088 -0.1581662783400088 -0.1581662783400088 -0.1581662783400088 -0.1581662783400088 -0.1581662783400088 -0.1581662783400088 -0.1581662783400088 -0.1581662783400088 -0.1581662783400088 -0.1581662783400088 -0.1581662783400088 -0.1581662783400088 -0.1581662783400088 -0.1581662783400088 -0.1581662783400088 -0.1581662783400088 -0.1581662783400088 -0.1581662783400088 -0.1581662783400088 -0.1581662783400088 -0.1581662783400088 -0.1581662783400088 -0.1581662783400088 -0.1581662783400088 -0.1581662783400088 -0.1581662783400088 -0.1581662783400088 -0.1581662783400088 -0.1581662783400088 -0.1581662783400088 -0.1581662783400088 -0.1581662783400088 -0.1581662783400088 -0.1581662783400088 -0.1581662783400088 -0.1581662783400088 -0.1581662783400088 -0.1581662783400088 -0.1581662783400088 -0.1581662783400088 -0.1581662783400088 -0.1581662783400088 -0.1581662783400088 -0.1581662783400088 -0.1581662783400088 -0.1581662783400088 -0.1581662783400088 -0.1581662783400088 -0.1581662783400088 -0.1581662783400088 -0.1581662783400088 -0.1581662783400088 -0.1581662783400088 -0.1581662783400088 -0.1581662783400088 -0.1581662783400088 -0.1581662783400088 -0.1581662783400088 -0.1581662783400088 -0.1581662783400088 -0.1581662783400088 -0.1581662783400088 -0.1581662783400088 -0.1581662783400088 -0.1581662783400088 -0.1581662783400088 -0.1581662783400088 -0.1581662783400088 -0.1581662783400088 -0.1581662783400088 -0.1581662783400088 -0.1581662783400088 -0.1581662783400088 -0.1581662783400088 -0.1581662783400088 -0.1581662783400088 -0.1581662783400088 -0.1581662783400088 -0.1581662783400088 -0.1581662783400088 -0.15637280172162352 -0.15637280172162352 -0.15532095637140594 -0.15175214921103813 -0.13044321571823875 -0.10771662051631004 -0.10411635093135119 -0.06026619814920979 -0.0414997747203133 -0.01202090482311622
-0.15103321407637682 -0.15103321407637682 -0.15103321407637682 -0.15103321407637682 -0.15103321407637682 -0.15103321407637682 -0.15103321407637682 -0.15103321407637682 -0.15103321407637682 -0.15103321407637682 -0.15103321407637682 -0.15103321407637682 -0.15103321407637682 -0.15103321407637682 -0.15103321407637682 -0.15103321407637682 -0.15103321407637682 -0.15103321407637682 -0.15103321407637682 -0.15103321407637682 -0.15103321407637682 -0.15103321407637682 -0.15103321407637682 -0.15103321407637682 -0.15103321407637682 -0.15103321407637682 -0.15103321407637682 -0.15103321407637682 -0.15103321407637682 -0.15103321407637682 -0.15103321407637682 -0.15103321407637682 -0.15103321407637682 -0.15103321407637682 -0.15103321407637682 -0.15103321407637682 -0.15103321407637682 -0.15103321407637682 -0.15103321407637682 -0.15103321407637682 -0.15103321407637682 -0.15103321407637682 -0.15103321407637682 -0.15103321407637682 -0.15103321407637682 -0.15103321407637682 -0.15103321407637682 -0.15103321407637682 -0.15103321407637682 -0.15103321407637682 -0.15103321407637682 -0.15103321407637682 -0.15103321407637682 -0.15103321407637682 -0.15103321407637682 -0.15103321407637682 -0.15103321407637682 -0.15103321407637682 -0.15103321407637682 -0.15103321407637682 -0.15103321407637682 -0.15103321407637682 -0.15103321407637682 -0.15103321407637682 -0.15103321407637682 -0.15103321407637682 -0.15103321407637682 -0.15103321407637682 -0.15103321407637682 -0.15103321407637682 -0.15103321407637682 -0.15103321407637682 -0.15103321407637682 -0.15103321407637682 -0.15103321407637682 -0.15103321407637682 -0.15103321407637682 -0.15103321407637682 -0.15103321407637682 -0.15103321407637682 -0.15103321407637682 -0.15103321407637682 -0.15103321407637682 -0.15103321407637682 -0.15103321407637682 -0.13044321571823875 -0.10771662051631004 -0.10411635093135119 -0.06026619814920979 -0.0414997747203133 -0.01202090482311622
-0.1499260587589852 -0.1499260587589852 -0.1499260587589852 -0.1499260587589852 -0.1499260587589852 -0.1499260587589852 -0.1499260587589852 -0.1499260587589852 -0.1499260587589852 -0.1499260587589852 -0.1499260587589852 -0.1499260587589852 -0.1499260587589852 -0.1499260587589852 -0.1499260587589852 -0.1499260587589852 -0.1499260587589852 -0.1499260587589852 -0.1499260587589852 -0.1499260587589852 -0.1499260587589852 -0.1499260587589852 -0.1499260587589852 -0.1499260587589852 -0.1499260587589852 -0.1499260587589852 -0.1499260587589852 -0.1499260587589852 -0.1499260587589852 -0.1499260587589852 -0.1499260587589852 -0.1499260587589852 -0.1499260587589852 -0.1499260587589852 -0.1499260587589852 -0.1499260587589852 -0.1499260587589852 -0.1499260587589852 -0.1499260587589852 -0.1499260587589852 -0.1499260587589852 -0.1499260587589852 -0.1499260587589852 -0.1499260587589852 -0.1499260587589852 -0.1499260587589852 -0.1499260587589852 -0.1499260587589852 -0.1499260587589852 -0.1499260587589852 -0.1499260587589852 -0.1499260587589852 -0.1499260587589852 -0.1499260587589852 -0.1499260587589852 -0.1499260587589852 -0.1499260587589852 -0.1499260587589852 -0.1499260587589852 -0.1499260587589852 -0.1499260587589852 -0.1499260587589852 -0.1499260587589852 -0.1499260587589852 -0.1499260587589852 -0.1499260587589852 -0.1499260587589852 -0.1499260587589852 -0.1499260587589852 -0.1499260587589852 -0.1499260587589852 -0.1499260587589852 -0.1499260587589852 -0.1499260587589852 -0.1499260587589852 -0.1499260587589852 -0.1499260587589852 -0.1499260587589852 -0.1499260587589852 -0.1499260587589852 -0.1499260587589852 -0.1499260587589852 -0.1499260587589852 -0.1499260587589852 -0.1499260587589852 -0.13044321571823875 -0.10771662051631004 -0.10411635093135119 -0.06026619814920979 -0.0414997747203133 -0.01202090482311622
-0.1411556360846943 -0.1411556360846943 -0.1411556360846943 -0.1411556360846943 -0.1411556360846943 -0.1411556360846943 -0.1411556360846943 -0.1411556360846943 -0.1411556360846943 -0.1411556360846943 -0.1411556360846943 -0.1411556360846943 -0.1411556360846943 -0.1411556360846943 -0.1411556360846943 -0.1411556360846943 -0.1411556360846943 -0.1411556360846943 -0.1411556360846943 -0.1411556360846943 -0.1411556360846943 -0.1411556360846943 -0.1411556360846943 -0.1411556360846943 -0.1411556360846943 -0.1411556360846943 -0.1411556360846943 -0.1411556360846943 -0.1411556360846943 -0.1411556360846943 -0.1411556360846943 -0.1411556360846943 -0.1411556360846943 -0.1411556360846943 -0.1411556360846943 -0.1411556360846943 -0.1411556360846943 -0.1411556360846943 -0.1411556360846943 -0.1411556360846943 -0.1411556360846943 -0.1411556360846943 -0.1411556360846943 -0.1411556360846943 -0.1411556360846943 -0.1411556360846943 -0.1411556360846943 -0.1411556360846943 -0.1411556360846943 -0.1411556360846943 -0.1411556360846943 -0.1411556360846943 -0.1411556360846943 -0.1411556360846943 -0.1411556360846943 -0.1411556360846943 -0.1411556360846943 -0.1411556360846943 -0.1411556360846943 -0.1411556360846943 -0.1411556360846943 -0.1411556360846943 -0.1411556360846943 -0.1411556360846943 -0.1411556360846943 -0.1411556360846943 -0.1411556360846943 -0.1411556360846943 -0.1411556360846943 -0.1411556360846943 -0.1411556360846943 -0.1411556360846943 -0.1411556360846943 -0.1411556360846943 -0.1411556360846943 -0.1411556360846943 -0.1411556360846943 -0.1411556360846943 -0.1411556360846943 -0.1411556360846943 -0.1411556360846943 -0.1411556360846943 -0.1411556360846943 -0.1411556360846943 -0.1411556360846943 -0.13044321571823875 -0.10771662051631004 -0.10411635093135119 -0.06026619814920979 -0.0414997747203133 -0.01202090482311622
-0.10411635093135119 -0.10411635093135119 -0.10411635093135119 -0.10411635093135119 -0.10411635093135119 -0.10411635093135119 -0.10411635093135119 -0.10411635093135119 -0.10411635093135119 -0.10411635093135119 -0.10411635093135119 -0.10411635093135119 -0.10411635093135119 -0.10411635093135119 -0.10411635093135119 -0.10411635093135119 -0.10411635093135119 -0.10411635093135119 -0.10411635093135119 -0.10411635093135119 -0.10411635093135119 -0.10411635093135119 -0.10411635093135119 -0.10411635093135119 -0.10411635093135119 -0.10411635093135119 -0.10411635093135119 -0.10411635093135119 -0.10411635093135119 -0.10411635093135119 -0.10411635093135119 -0.10411635093135119 -0.10411635093135119 -0.10411635093135119 -0.10411635093135119 -0.10411635093135119 -0.10411635093135119 -0.10411635093135119 -0.10411635093135119 -0.10411635093135119 -0.10411635093135119 -0.10411635093135119 -0.10411635093135119 -0.10411635093135119 -0.10411635093135119 -0.10411635093135119 -0.10411635093135119 -0.10411635093135119 -0.10411635093135119 -0.10411635093135119 -0.10411635093135119 -0.10411635093135119 -0.10411635093135119 -0.10411635093135119 -0.10411635093135119 -0.10411635093135119 -0.10411635093135119 -0.10411635093135119 -0.10411635093135119 -0.10411635093135119 -0.10411635093135119 -0.10411635093135119 -0.10411635093135119 -0.10411635093135119 -0.10411635093135119 -0.10411635093135119 -0.10411635093135119 -0.10411635093135119 -0.10411635093135119 -0.10411635093135119 -0.10411635093135119 -0.10411635093135119 -0.10411635093135119 -0.10411635093135119 -0.10411635093135119 -0.10411635093135119 -0.10411635093135119 -0.10411635093135119 -0.10411635093135119 -0.10411635093135119 -0.10411635093135119 -0.10411635093135119 -0.10411635093135119 -0.10411635093135119 -0.10411635093135119 -0.10411635093135119 -0.10411635093135119 -0.10482758910161555 -0.06026619814920979 -0.0414997747203133 -0.01202090482311622
-0.06026619814920979 -0.06026619814920979 -0.06026619814920979 -0.06026619814920979 -0.06026619814920979 -0.06026619814920979 -0.06026619814920979 -0.06026619814920979 -0.06026619814920979 -0.06026619814920979 -0.06026619814920979 -0.06026619814920979 -0.06026619814920979 -0.06026619814920979 -0.06026619814920979 -0.06026619814920979 -0.06026619814920979 -0.06026619814920979 -0.06026619814920979 -0.06026619814920979 -0.06026619814920979 -0.06026619814920979 -0.06026619814920979 -0.06026619814920979 -0.06026619814920979 -0.06026619814920979 -0.06026619814920979 -0.06026619814920979 -0.06026619814920979 -0.06026619814920979 -0.06026619814920979 -0.06026619814920979 -0.06026619814920979 -0.06026619814920979 -0.06026619814920979 -0.06026619814920979 -0.06026619814920979 -0.06026619814920979 -0.06026619814920979 -0.06026619814920979 -0.06026619814920979 -0.06026619814920979 -0.06026619814920979 -0.06026619814920979 -0.06026619814920979 -0.06026619814920979 -0.06026619814920979 -0.06026619814920979 -0.06026619814920979 -0.06026619814920979 -0.06026619814920979 -0.06026619814920979 -0.06026619814920979 -0.06026619814920979 -0.06026619814920979 -0.06026619814920979 -0.06026619814920979 -0.06026619814920979 -0.06026619814920979 -0.06026619814920979 -0.06026619814920979 -0.06026619814920979 -0.06026619814920979 -0.06026619814920979 -0.06026619814920979 -0.06026619814920979 -0.06026619814920979 -0.06026619814920979 -0.06026619814920979 -0.06026619814920979 -0.06026619814920979 -0.06026619814920979 -0.06026619814920979 -0.06026619814920979 -0.06026619814920979 -0.06026619814920979 -0.06026619814920979 -0.06026619814920979 -0.06026619814920979 -0.06026619814920979 -0.06026619814920979 -0.06026619814920979 -0.06026619814920979 -0.06026619814920979 -0.06026619814920979 -0.06026619814920979 -0.06026619814920979 -0.06026619814920979 -0.06056129673649381 -0.0414997747203133 -0.01202090482311622
-0.06026619814920979 -0.06026619814920979 -0.06026619814920979 -0.06026619814920979 -0.06026619814920979 -0.06026619814920979 -0.06026619814920979 -0.06026619814920979 -0.06026619814920979 -0.06026619814920979 -0.06026619814920979 -0.06026619814920979 -0.06026619814920979 -0.06026619814920979 -0.06026619814920979 -0.06026619814920979 -0.06026619814920979 -0.06026619814920979 -0.06026619814920979 -0.06026619814920979 -0.06026619814920979 -0.06026619814920979 -0.06026619814920979 -0.06026619814920979 -0.06026619814920979 -0.06026619814920979 -0.06026619814920979 -0.06026619814920979 -0.06026619814920979 -0.06026619814920979 -0.06026619814920979 -0.06026619814920979 -0.06026619814920979 -0.06026619814920979 -0.06026619814920979 -0.06026619814920979 -0.06026619814920979 -0.06026619814920979 -0.06026619814920979 -0.06026619814920979 -0.06026619814920979 -0.06026619814920979 -0.06026619814920979 -0.06026619814920979 -0.06026619814920979 -0.06026619814920979 -0.06026619814920979 -0.06026619814920979 -0.06026619814920979 -0.06026619814920979 -0.06026619814920979 -0.06026619814920979 -0.06026619814920979 -0.06026619814920979 -0.06026619814920979 -0.06026619814920979 -0.06026619814920979 -0.06026619814920979 -0.06026619814920979 -0.06026619814920979 -0.06026619814920979 -0.06026619814920979 -0.06026619814920979 -0.06026619814920979 -0.06026619814920979 -0.06026619814920979 -0.06026619814920979 -0.06026619814920979 -0.06026619814920979 -0.06026619814920979 -0.06026619814920979 -0.06026619814920979 -0.06026619814920979 -0.06026619814920979 -0.06026619814920979 -0.06026619814920979 -0.06026619814920979 -0.06026619814920979 -0.06026619814920979 -0.06026619814920979 -0.06026619814920979 -0.06026619814920979 -0.06026619814920979 -0.06026619814920979 -0.06026619814920979 -0.06026619814920979 -0.06026619814920979 -0.06026619814920979 -0.06026619814920979 -0.0414997747203133 -0.01202090482311622
-0.08770190388682172 -0.08770190388682172 -0.08770190388682172 -0.08770190388682172 -0.08770190388682172 -0.08770190388682172 -0.08770190388682172 -0.08770190388682172 -0.08770190388682172 -0.08770190388682172 -0.08770190388682172 -0.08770190388682172 -0.08770190388682172 -0.08770190388682172 -0.08770190388682172 -0.08770190388682172 -0.08770190388682172 -0.08770190388682172 -0.08770190388682172 -0.08770190388682172 -0.08770190388682172 -0.08770190388682172 -0.08770190388682172 -0.08770190388682172 -0.08770190388682172 -0.08770190388682172 -0.08770190388682172 -0.08770190388682172 -0.08770190388682172 -0.08770190388682172 -0.08770190388682172 -0.08770190388682172 -0.08770190388682172 -0.08770190388682172 -0.08770190388682172 -0.08770190388682172 -0.08770190388682172 -0.08770190388682172 -0.08770190388682172 -0.08770190388682172 -0.08770190388682172 -0.08770190388682172 -0.08770190388682172 -0.08770190388682172 -0.08770190388682172 -0.08770190388682172 -0.08770190388682172 -0.08770190388682172 -0.08770190388682172 -0.08770190388682172 -0.08770190388682172 -0.08770190388682172 -0.08770190388682172 -0.08770190388682172 -0.08770190388682172 -0.08770190388682172 -0.08770190388682172 -0.08770190388682172 -0.08770190388682172 -0.08770190388682172 -0.08770190388682172 -0.08770190388682172 -0.08770190388682172 -0.08770190388682172 -0.08770190388682172 -0.08770190388682172 -0.08770190388682172 -0.08770190388682172 -0.08770190388682172 -0.08770190388682172 -0.08770190388682172 -0.08770190388682172 -0.08770190388682172 -0.08770190388682172 -0.08770190388682172 -0.08770190388682172 -0.08770190388682172 -0.08770190388682172 -0.08770190388682172 -0.08770190388682172 -0.08770190388682172 -0.08770190388682172 -0.08770190388682172 -0.08770190388682172 -0.08770190388682172 -0.08770190388682172 -0.08770190388682172 -0.08770190388682172 -0.06026619814920979 -0.0414997747203133 -0.01202090482311622
-0.08595906543310494 -0.08595906543310494 -0.08595906543310494 -0.08595906543310494 -0.08595906543310494 -0.08595906543310494 -0.08595906543310494 -0.08595906543310494 -0.08595906543310494 -0.08595906543310494 -0.08595906543310494 -0.08595906543310494 -0.08595906543310494 -0.08595906543310494 -0.08595906543310494 -0.08595906543310494 -0.08595906543310494 -0.08595906543310494 -0.08595906543310494 -0.08595906543310494 -0.08595906543310494 -0.08595906543310494 -0.08595906543310494 -0.08595906543310494 -0.08595906543310494 -0.08595906543310494 -0.08595906543310494 -0.08595906543310494 -0.08595906543310494 -0.08595906543310494 -0.08595906543310494 -0.08595906543310494 -0.08595906543310494 -0.08595906543310494 -0.08595906543310494 -0.08595906543310494 -0.08595906543310494 -0.08595906543310494 -0.08595906543310494 -0.08595906543310494 -0.08595906543310494 -0.08595906543310494 -0.08595906543310494 -0.08595906543310494 -0.08595906543310494 -0.08595906543310494 -0.08595906543310494 -0.08595906543310494 -0.08595906543310494 -0.08595906543310494 -0.08595906543310494 -0.08595906543310494 -0.08595906543310494 -0.08595906543310494 -0.08595906543310494 -0.08595906543310494 -0.08595906543310494 -0.08595906543310494 -0.08595906543310494 -0.08595906543310494 -0.08595906543310494 -0.08595906543310494 -0.08595906543310494 -0.08595906543310494 -0.08595906543310494 -0.08595906543310494 -0.08595906543310494 -0.08595906543310494 -0.08595906543310494 -0.08595906543310494 -0.08595906543310494 -0.08595906543310494 -0.08595906543310494 -0.08595906543310494 -0.08595906543310494 -0.08595906543310494 -0.08595906543310494 -0.08595906543310494 -0.08595906543310494 -0.08595906543310494 -0.08595906543310494 -0.08595906543310494 -0.08595906543310494 -0.08595906543310494 -0.08595906543310494 -0.08595906543310494 -0.08595906543310494 -0.08595906543310494 -0.06026619814920979 -0.0414997747203133 -0.01202090482311622
-0.08567999404858427 -0.08567999404858427 -0.08567999404858427 -0.08567999404858427 -0.08567999404858427 -0.08567999404858427 -0.08567999404858427 -0.08567999404858427 -0.08567999404858427 -0.08567999404858427 -0.08567999404858427 -0.08567999404858427 -0.08567999404858427 -0.08567999404858427 -0.08567999404858427 -0.08567999404858427 -0.08567999404858427 -0.08567999404858427 -0.08567999404858427 -0.08567999404858427 -0.08567999404858427 -0.08567999404858427 -0.08567999404858427 -0.08567999404858427 -0.08567999404858427 -0.08567999404858427 -0.08567999404858427 -0.08567999404858427 -0.08567999404858427 -0.08567999404858427 -0.08567999404858427 -0.08567999404858427 -0.08567999404858427 -0.08567999404858427 -0.08567999404858427 -0.08567999404858427 -0.08567999404858427 -0.08567999404858427 -0.08567999404858427 -0.08567999404858427 -0.08567999404858427 -0.08567999404858427 -0.08567999404858427 -0.08567999404858427 -0.08567999404858427 -0.08567999404858427 -0.08567999404858427 -0.08567999404858427 -0.08567999404858427 -0.08567999404858427 -0.08567999404858427 -0.08567999404858427 -0.08567999404858427 -0.08567999404858427 -0.08567999404858427 -0.08567999404858427 -0.08567999404858427 -0.08567999404858427 -0.08567999404858427 -0.08567999404858427 -0.08567999404858427 -0.08567999404858427 -0.08567999404858427 -0.08567999404858427 -0.08567999404858427 -0.08567999404858427 -0.08567999404858427 -0.08567999404858427 -0.08567999404858427 -0.08567999404858427 -0.08567999404858427 -0.08567999404858427 -0.08567999404858427 -0.08567999404858427 -0.08567999404858427 -0.08567999404858427 -0.08567999404858427 -0.08567999404858427 -0.08567999404858427 -0.08567999404858427 -0.08567999404858427 -0.08567999404858427 -0.08567999404858427 -0.08567999404858427 -0.08567999404858427 -0.08567999404858427 -0.08567999404858427 -0.08567999404858427 -0.06026619814920979 -0.0414997747203133 -0.01202090482311622
-0.0414997747203133 -0.0414997747203133 -0.0414997747203133 -0.0414997747203133 -0.0414997747203133 -0.0414997747203133 -0.0414997747203133 -0.0414997747203133 -0.0414997747203133 -0.0414997747203133 -0.0414997747203133 -0.0414997747203133 -0.0414997747203133 -0.0414997747203133 -0.0414997747203133 -0.0414997747203133 -0.0414997747203133 -0.0414997747203133 -0.0414997747203133 -0.0414997747203133 -0.0414997747203133 -0.0414997747203133 -0.0414997747203133 -0.0414997747203133 -0.0414997747203133 -0.0414997747203133 -0.0414997747203133 -0.0414997747203133 -0.0414997747203133 -0.0414997747203133 -0.0414997747203133 -0.0414997747203133 -0.0414997747203133 -0.0414997747203133 -0.0414997747203133 -0.0414997747203133 -0.0414997747203133 -0.0414997747203133 -0.0414997747203133 -0.0414997747203133 -0.0414997747203133 -0.0414997747203133 -0.0414997747203133 -0.0414997747203133 -0.0414997747203133 -0.0414997747203133 -0.0414997747203133 -0.0414997747203133 -0.0414997747203133 -0.0414997747203133 -0.0414997747203133 -0.0414997747203133 -0.0414997747203133 -0.0414997747203133 -0.0414997747203133 -0.0414997747203133 -0.0414997747203133 -0.0414997747203133 -0.0414997747203133 -0.0414997747203133 -0.0414997747203133 -0.0414997747203133 -0.0414997747203133 -0.0414997747203133 -0.0414997747203133 -0.0414997747203133 -0.0414997747203133 -0.0414997747203133 -0.0414997747203133 -0.0414997747203133 -0.0414997747203133 -0.0414997747203133 -0.0414997747203133 -0.0414997747203133 -0.0414997747203133 -0.0414997747203133 -0.0414997747203133 -0.0414997747203133 -0.0414997747203133 -0.0414997747203133 -0.0414997747203133 -0.0414997747203133 -0.0414997747203133 -0.0414997747203133 -0.0414997747203133 -0.0414997747203133 -0.0414997747203133 -0.0414997747203133 -0.0414997747203133 -0.05442033977323419 -0.01202090482311622
-0.0414997747203133 -0.0414997747203133 -0.0414997747203133 -0.0414997747203133 -0.0414997747203133 -0.0414997747203133 -0.0414997747203133 -0.0414997747203133 -0.0414997747203133 -0.0414997747203133 -0.0414997747203133 -0.0414997747203133 -0.0414997747203133 -0.0414997747203133 -0.0414997747203133 -0.0414997747203133 -0.0414997747203133 -0.0414997747203133 -0.0414997747203133 -0.0414997747203133 -0.0414997747203133 -0.0414997747203133 -0.0414997747203133 -0.0414997747203133 -0.0414997747203133 -0.0414997747203133 -0.0414997747203133 -0.0414997747203133 -0.0414997747203133 -0.0414997747203133 -0.0414997747203133 -0.0414997747203133 -0.0414997747203133 -0.0414997747203133 -0.0414997747203133 -0.0414997747203133 -0.0414997747203133 -0.0414997747203133 -0.0414997747203133 -0.0414997747203133 -0.0414997747203133 -0.0414997747203133 -0.0414997747203133 -0.0414997747203133 -0.0414997747203133 -0.0414997747203133 -0.0414997747203133 -0.0414997747203133 -0.0414997747203133 -0.0414997747203133 -0.0414997747203133 -0.0414997747203133 -0.0414997747203133 -0.0414997747203133 -0.0414997747203133 -0.0414997747203133 -0.0414997747203133 -0.0414997747203133 -0.0414997747203133 -0.0414997747203133 -0.0414997747203133 -0.0414997747203133 -0.0414997747203133 -0.0414997747203133 -0.0414997747203133 -0.0414997747203133 -0.0414997747203133 -0.0414997747203133 -0.0414997747203133 -0.0414997747203133 -0.0414997747203133 -0.0414997747203133 -0.0414997747203133 -0.0414997747203133 -0.0414997747203133 -0.0414997747203133 -0.0414997747203133 -0.0414997747203133 -0.0414997747203133 -0.0414997747203133 -0.0414997747203133 -0.0414997747203133 -0.0414997747203133 -0.0414997747203133 -0.0414997747203133 -0.0414997747203133 -0.0414997747203133 -0.0414997747203133 -0.0414997747203133 -0.0414997747203133 -0.01202090482311622