-0.9028564290677943 -0.4406062834443337 -0.4406062834443337 -0.4406062834443337 -0.30081507163199683 -0.30081507163199683 -0.4406062834443337 -0.34820510064449456 -0.34820510064449456 -0.4406062834443337 -0.34820510064449456 -0.34820510064449456 -0.4406062834443337 -0.34820510064449456 -0.34820510064449456 -0.36261342675090835 -0.18564252061927516 -0.36261342675090835 -0.6122571508054561 -0.6122571508054561 -0.6122571508054561 -0.30081507163199683 -0.6122571508054561 -0.6122571508054561 -0.30081507163199683 -0.30081507163199683 -0.36261342675090835 -0.30081507163199683 -0.4075563460262548 -0.5068538918429021 -0.4075563460262548 -0.4011225909289649 -0.36261342675090835 -0.34820510064449456 -0.34820510064449456 -0.4406062834443337 -0.34820510064449456 -0.36261342675090835 -0.36261342675090835 -0.36261342675090835 -0.30081507163199683 -0.4011225909289649 -0.4011225909289649 -0.4011225909289649 -0.30081507163199683 -0.39955595549143097 -0.39955595549143097 -0.4075563460262548 -0.32138285840123076 -0.32138285840123076 -0.40804585257469345 -0.22736153281851018 -0.2263842036506563 -0.22736153281851018 -0.2263842036506563 -0.4004357596887059 -0.22736153281851018 -0.2263842036506563 -0.34820510064449456 -0.18564252061927516 -0.34820510064449456 -0.36727172986803136 -0.2263842036506563 -0.22736153281851018 -0.22736153281851018 -0.35350854350742145 -0.35350854350742145 -0.3407480597407193 -0.3450461941239237 -0.3407480597407193 -0.3407480597407193 -0.22736153281851018 -0.2263842036506563 -0.31726946358897357 -0.2982198822470917 -0.3006842562196282 -0.2939199901566018 -0.2939296613938797 -0.28196947886867557 -0.27715967150559945 -0.2654247181178903 -0.2654247181178903 -0.2654247181178903 -0.26608665639399354 -0.2654247181178903 -0.22090296888232583 -0.24586173368406258 -0.24541108786674604 -0.17653724512913108 -0.23093757607330573 -0.20166298059068932 -0.1491337429988009 -0.17121110784555274 -0.14863594575488256 -0.15504364634549625 -0.14863594575488256 -0.1444540315950841 -0.1444540315950841 -0.1404648365241943 -0.10452246947905046 -0.09141389627260586 -0.09141389627260586 -0.08456607331910931 -0.08456607331910931 -0.08523252492820958 -0.06033955019202001 -0.041684742660770414
-0.4406062834443337 -0.9009403481630219 -0.45177369683047214 -0.45177369683047214 -0.30081507163199683 -0.30081507163199683 -0.5828241890981954 -0.34820510064449456 -0.34820510064449456 -0.5828241890981954 -0.34820510064449456 -0.34820510064449456 -0.6017758100715532 -0.34820510064449456 -0.34820510064449456 -0.36261342675090835 -0.18564252061927516 -0.36261342675090835 -0.4406062834443337 -0.4406062834443337 -0.4406062834443337 -0.30081507163199683 -0.4406062834443337 -0.4406062834443337 -0.30081507163199683 -0.30081507163199683 -0.36261342675090835 -0.30081507163199683 -0.4075563460262548 -0.4406062834443337 -0.4075563460262548 -0.4011225909289649 -0.36261342675090835 -0.34820510064449456 -0.34820510064449456 -0.45177369683047214 -0.34820510064449456 -0.36261342675090835 -0.36261342675090835 -0.36261342675090835 -0.30081507163199683 -0.4011225909289649 -0.4011225909289649 -0.4011225909289649 -0.30081507163199683 -0.39955595549143097 -0.39955595549143097 -0.4075563460262548 -0.32138285840123076 -0.32138285840123076 -0.40804585257469345 -0.22736153281851018 -0.2263842036506563 -0.22736153281851018 -0.2263842036506563 -0.4004357596887059 -0.22736153281851018 -0.2263842036506563 -0.34820510064449456 -0.18564252061927516 -0.34820510064449456 -0.36727172986803136 -0.2263842036506563 -0.22736153281851018 -0.22736153281851018 -0.35350854350742145 -0.35350854350742145 -0.3407480597407193 -0.3450461941239237 -0.3407480597407193 -0.3407480597407193 -0.22736153281851018 -0.2263842036506563 -0.31726946358897357 -0.2982198822470917 -0.3006842562196282 -0.2939199901566018 -0.2939296613938797 -0.28196947886867557 -0.27715967150559945 -0.2654247181178903 -0.2654247181178903 -0.2654247181178903 -0.26608665639399354 -0.2654247181178903 -0.22090296888232583 -0.24586173368406258 -0.24541108786674604 -0.17653724512913108 -0.23093757607330573 -0.20166298059068932 -0.1491337429988009 -0.17121110784555274 -0.14863594575488256 -0.15504364634549625 -0.14863594575488256 -0.1444540315950841 -0.1444540315950841 -0.1404648365241943 -0.10452246947905046 -0.09141389627260586 -0.09141389627260586 -0.08456607331910931 -0.08456607331910931 -0.08523252492820958 -0.06033955019202001 -0.041684742660770414
-0.4406062834443337 -0.45177369683047214 -0.7940737598317357 -0.679551918166073 -0.30081507163199683 -0.30081507163199683 -0.45177369683047214 -0.34820510064449456 -0.34820510064449456 -0.45177369683047214 -0.34820510064449456 -0.34820510064449456 -0.45177369683047214 -0.34820510064449456 -0.34820510064449456 -0.36261342675090835 -0.18564252061927516 -0.36261342675090835 -0.4406062834443337 -0.4406062834443337 -0.4406062834443337 -0.30081507163199683 -0.4406062834443337 -0.4406062834443337 -0.30081507163199683 -0.30081507163199683 -0.36261342675090835 -0.30081507163199683 -0.4075563460262548 -0.4406062834443337 -0.4075563460262548 -0.4011225909289649 -0.36261342675090835 -0.34820510064449456 -0.34820510064449456 -0.45642998318042854 -0.34820510064449456 -0.36261342675090835 -0.36261342675090835 -0.36261342675090835 -0.30081507163199683 -0.4011225909289649 -0.4011225909289649 -0.4011225909289649 -0.30081507163199683 -0.39955595549143097 -0.39955595549143097 -0.4075563460262548 -0.32138285840123076 -0.32138285840123076 -0.40804585257469345 -0.22736153281851018 -0.2263842036506563 -0.22736153281851018 -0.2263842036506563 -0.4004357596887059 -0.22736153281851018 -0.2263842036506563 -0.34820510064449456 -0.18564252061927516 -0.34820510064449456 -0.36727172986803136 -0.2263842036506563 -0.22736153281851018 -0.22736153281851018 -0.35350854350742145 -0.35350854350742145 -0.3407480597407193 -0.3450461941239237 -0.3407480597407193 -0.3407480597407193 -0.22736153281851018 -0.2263842036506563 -0.31726946358897357 -0.2982198822470917 -0.3006842562196282 -0.2939199901566018 -0.2939296613938797 -0.28196947886867557 -0.27715967150559945 -0.2654247181178903 -0.2654247181178903 -0.2654247181178903 -0.26608665639399354 -0.2654247181178903 -0.22090296888232583 -0.24586173368406258 -0.24541108786674604 -0.17653724512913108 -0.23093757607330573 -0.20166298059068932 -0.1491337429988009 -0.17121110784555274 -0.14863594575488256 -0.15504364634549625 -0.14863594575488256 -0.1444540315950841 -0.1444540315950841 -0.1404648365241943 -0.10452246947905046 -0.09141389627260586 -0.09141389627260586 -0.08456607331910931 -0.08456607331910931 -0.08523252492820958 -0.06033955019202001 -0.041684742660770414
-0.4406062834443337 -0.45177369683047214 -0.679551918166073 -0.7832668606918974 -0.30081507163199683 -0.30081507163199683 -0.45177369683047214 -0.34820510064449456 -0.34820510064449456 -0.45177369683047214 -0.34820510064449456 -0.34820510064449456 -0.45177369683047214 -0.34820510064449456 -0.34820510064449456 -0.36261342675090835 -0.18564252061927516 -0.36261342675090835 -0.4406062834443337 -0.4406062834443337 -0.4406062834443337 -0.30081507163199683 -0.4406062834443337 -0.4406062834443337 -0.30081507163199683 -0.30081507163199683 -0.36261342675090835 -0.30081507163199683 -0.4075563460262548 -0.4406062834443337 -0.4075563460262548 -0.4011225909289649 -0.36261342675090835 -0.34820510064449456 -0.34820510064449456 -0.45642998318042854 -0.34820510064449456 -0.36261342675090835 -0.36261342675090835 -0.36261342675090835 -0.30081507163199683 -0.4011225909289649 -0.4011225909289649 -0.4011225909289649 -0.30081507163199683 -0.39955595549143097 -0.39955595549143097 -0.4075563460262548 -0.32138285840123076 -0.32138285840123076 -0.40804585257469345 -0.22736153281851018 -0.2263842036506563 -0.22736153281851018 -0.2263842036506563 -0.4004357596887059 -0.22736153281851018 -0.2263842036506563 -0.34820510064449456 -0.18564252061927516 -0.34820510064449456 -0.36727172986803136 -0.2263842036506563 -0.22736153281851018 -0.22736153281851018 -0.35350854350742145 -0.35350854350742145 -0.3407480597407193 -0.3450461941239237 -0.3407480597407193 -0.3407480597407193 -0.22736153281851018 -0.2263842036506563 -0.31726946358897357 -0.2982198822470917 -0.3006842562196282 -0.2939199901566018 -0.2939296613938797 -0.28196947886867557 -0.27715967150559945 -0.2654247181178903 -0.2654247181178903 -0.2654247181178903 -0.26608665639399354 -0.2654247181178903 -0.22090296888232583 -0.24586173368406258 -0.24541108786674604 -0.17653724512913108 -0.23093757607330573 -0.20166298059068932 -0.1491337429988009 -0.17121110784555274 -0.14863594575488256 -0.15504364634549625 -0.14863594575488256 -0.1444540315950841 -0.1444540315950841 -0.1404648365241943 -0.10452246947905046 -0.09141389627260586 -0.09141389627260586 -0.08456607331910931 -0.08456607331910931 -0.08523252492820958 -0.06033955019202001 -0.041684742660770414
-0.30081507163199683 -0.30081507163199683 -0.30081507163199683 -0.30081507163199683 -0.7654250385115652 -0.7409248223567935 -0.30081507163199683 -0.30081507163199683 -0.30081507163199683 -0.30081507163199683 -0.30081507163199683 -0.30081507163199683 -0.30081507163199683 -0.30081507163199683 -0.30081507163199683 -0.30081507163199683 -0.18564252061927516 -0.30081507163199683 -0.30081507163199683 -0.30081507163199683 -0.30081507163199683 -0.34370279409198634 -0.30081507163199683 -0.30081507163199683 -0.34370279409198634 -0.34370279409198634 -0.30081507163199683 -0.34370279409198634 -0.30081507163199683 -0.30081507163199683 -0.30081507163199683 -0.30081507163199683 -0.30081507163199683 -0.30081507163199683 -0.30081507163199683 -0.30081507163199683 -0.30081507163199683 -0.30081507163199683 -0.30081507163199683 -0.30081507163199683 -0.34370279409198634 -0.30081507163199683 -0.30081507163199683 -0.30081507163199683 -0.3097505100373713 -0.30081507163199683 -0.30081507163199683 -0.30081507163199683 -0.30081507163199683 -0.30081507163199683 -0.30081507163199683 -0.22736153281851018 -0.2263842036506563 -0.22736153281851018 -0.2263842036506563 -0.30081507163199683 -0.22736153281851018 -0.2263842036506563 -0.30081507163199683 -0.18564252061927516 -0.30081507163199683 -0.30081507163199683 -0.2263842036506563 -0.22736153281851018 -0.22736153281851018 -0.30081507163199683 -0.30081507163199683 -0.30081507163199683 -0.30081507163199683 -0.30081507163199683 -0.30081507163199683 -0.22736153281851018 -0.2263842036506563 -0.30081507163199683 -0.2982198822470917 -0.3006842562196282 -0.2939199901566018 -0.2939296613938797 -0.28196947886867557 -0.27715967150559945 -0.2654247181178903 -0.2654247181178903 -0.2654247181178903 -0.26608665639399354 -0.2654247181178903 -0.22090296888232583 -0.24586173368406258 -0.24541108786674604 -0.17653724512913108 -0.23093757607330573 -0.20166298059068932 -0.1491337429988009 -0.17121110784555274 -0.14863594575488256 -0.15504364634549625 -0.14863594575488256 -0.1444540315950841 -0.1444540315950841 -0.1404648365241943 -0.10452246947905046 -0.09141389627260586 -0.09141389627260586 -0.08456607331910931 -0.08456607331910931 -0.08523252492820958 -0.06033955019202001 -0.041684742660770414
-0.30081507163199683 -0.30081507163199683 -0.30081507163199683 -0.30081507163199683 -0.7409248223567935 -0.7531522828173122 -0.30081507163199683 -0.30081507163199683 -0.30081507163199683 -0.30081507163199683 -0.30081507163199683 -0.30081507163199683 -0.30081507163199683 -0.30081507163199683 -0.30081507163199683 -0.30081507163199683 -0.18564252061927516 -0.30081507163199683 -0.30081507163199683 -0.30081507163199683 -0.30081507163199683 -0.34370279409198634 -0.30081507163199683 -0.30081507163199683 -0.34370279409198634 -0.34370279409198634 -0.30081507163199683 -0.34370279409198634 -0.30081507163199683 -0.30081507163199683 -0.30081507163199683 -0.30081507163199683 -0.30081507163199683 -0.30081507163199683 -0.30081507163199683 -0.30081507163199683 -0.30081507163199683 -0.30081507163199683 -0.30081507163199683 -0.30081507163199683 -0.34370279409198634 -0.30081507163199683 -0.30081507163199683 -0.30081507163199683 -0.3097505100373713 -0.30081507163199683 -0.30081507163199683 -0.30081507163199683 -0.30081507163199683 -0.30081507163199683 -0.30081507163199683 -0.22736153281851018 -0.2263842036506563 -0.22736153281851018 -0.2263842036506563 -0.30081507163199683 -0.22736153281851018 -0.2263842036506563 -0.30081507163199683 -0.18564252061927516 -0.30081507163199683 -0.30081507163199683 -0.2263842036506563 -0.22736153281851018 -0.22736153281851018 -0.30081507163199683 -0.30081507163199683 -0.30081507163199683 -0.30081507163199683 -0.30081507163199683 -0.30081507163199683 -0.22736153281851018 -0.2263842036506563 -0.30081507163199683 -0.2982198822470917 -0.3006842562196282 -0.2939199901566018 -0.2939296613938797 -0.28196947886867557 -0.27715967150559945 -0.2654247181178903 -0.2654247181178903 -0.2654247181178903 -0.26608665639399354 -0.2654247181178903 -0.22090296888232583 -0.24586173368406258 -0.24541108786674604 -0.17653724512913108 -0.23093757607330573 -0.20166298059068932 -0.1491337429988009 -0.17121110784555274 -0.14863594575488256 -0.15504364634549625 -0.14863594575488256 -0.1444540315950841 -0.1444540315950841 -0.1404648365241943 -0.10452246947905046 -0.09141389627260586 -0.09141389627260586 -0.08456607331910931 -0.08456607331910931 -0.08523252492820958 -0.06033955019202001 -0.041684742660770414
-0.4406062834443337 -0.5828241890981954 -0.45177369683047214 -0.45177369683047214 -0.30081507163199683 -0.30081507163199683 -0.741898494304822 -0.34820510064449456 -0.34820510064449456 -0.7099859845439901 -0.34820510064449456 -0.34820510064449456 -0.5828241890981954 -0.34820510064449456 -0.34820510064449456 -0.36261342675090835 -0.18564252061927516 -0.36261342675090835 -0.4406062834443337 -0.4406062834443337 -0.4406062834443337 -0.30081507163199683 -0.4406062834443337 -0.4406062834443337 -0.30081507163199683 -0.30081507163199683 -0.36261342675090835 -0.30081507163199683 -0.4075563460262548 -0.4406062834443337 -0.4075563460262548 -0.4011225909289649 -0.36261342675090835 -0.34820510064449456 -0.34820510064449456 -0.45177369683047214 -0.34820510064449456 -0.36261342675090835 -0.36261342675090835 -0.36261342675090835 -0.30081507163199683 -0.4011225909289649 -0.4011225909289649 -0.4011225909289649 -0.30081507163199683 -0.39955595549143097 -0.39955595549143097 -0.4075563460262548 -0.32138285840123076 -0.32138285840123076 -0.40804585257469345 -0.22736153281851018 -0.2263842036506563 -0.22736153281851018 -0.2263842036506563 -0.4004357596887059 -0.22736153281851018 -0.2263842036506563 -0.34820510064449456 -0.18564252061927516 -0.34820510064449456 -0.36727172986803136 -0.2263842036506563 -0.22736153281851018 -0.22736153281851018 -0.35350854350742145 -0.35350854350742145 -0.3407480597407193 -0.3450461941239237 -0.3407480597407193 -0.3407480597407193 -0.22736153281851018 -0.2263842036506563 -0.31726946358897357 -0.2982198822470917 -0.3006842562196282 -0.2939199901566018 -0.2939296613938797 -0.28196947886867557 -0.27715967150559945 -0.2654247181178903 -0.2654247181178903 -0.2654247181178903 -0.26608665639399354 -0.2654247181178903 -0.22090296888232583 -0.24586173368406258 -0.24541108786674604 -0.17653724512913108 -0.23093757607330573 -0.20166298059068932 -0.1491337429988009 -0.17121110784555274 -0.14863594575488256 -0.15504364634549625 -0.14863594575488256 -0.1444540315950841 -0.1444540315950841 -0.1404648365241943 -0.10452246947905046 -0.09141389627260586 -0.09141389627260586 -0.08456607331910931 -0.08456607331910931 -0.08523252492820958 -0.06033955019202001 -0.041684742660770414
-0.34820510064449456 -0.34820510064449456 -0.34820510064449456 -0.34820510064449456 -0.30081507163199683 -0.30081507163199683 -0.34820510064449456 -0.735425194524316 -0.7145545335211286 -0.34820510064449456 -0.6913911286188476 -0.6926707158398832 -0.34820510064449456 -0.661272151390321 -0.6176367521552966 -0.34820510064449456 -0.18564252061927516 -0.34820510064449456 -0.34820510064449456 -0.34820510064449456 -0.34820510064449456 -0.30081507163199683 -0.34820510064449456 -0.34820510064449456 -0.30081507163199683 -0.30081507163199683 -0.34820510064449456 -0.30081507163199683 -0.34820510064449456 -0.34820510064449456 -0.34820510064449456 -0.34820510064449456 -0.34820510064449456 -0.45253679167898564 -0.45253679167898564 -0.34820510064449456 -0.45253679167898564 -0.34820510064449456 -0.34820510064449456 -0.34820510064449456 -0.30081507163199683 -0.34820510064449456 -0.34820510064449456 -0.34820510064449456 -0.30081507163199683 -0.34820510064449456 -0.34820510064449456 -0.34820510064449456 -0.32138285840123076 -0.32138285840123076 -0.34820510064449456 -0.22736153281851018 -0.2263842036506563 -0.22736153281851018 -0.2263842036506563 -0.34820510064449456 -0.22736153281851018 -0.2263842036506563 -0.37449732308824646 -0.18564252061927516 -0.37449732308824646 -0.34820510064449456 -0.2263842036506563 -0.22736153281851018 -0.22736153281851018 -0.34820510064449456 -0.34820510064449456 -0.3407480597407193 -0.3450461941239237 -0.3407480597407193 -0.3407480597407193 -0.22736153281851018 -0.2263842036506563 -0.31726946358897357 -0.2982198822470917 -0.3006842562196282 -0.2939199901566018 -0.2939296613938797 -0.28196947886867557 -0.27715967150559945 -0.2654247181178903 -0.2654247181178903 -0.2654247181178903 -0.26608665639399354 -0.2654247181178903 -0.22090296888232583 -0.24586173368406258 -0.24541108786674604 -0.17653724512913108 -0.23093757607330573 -0.20166298059068932 -0.1491337429988009 -0.17121110784555274 -0.14863594575488256 -0.15504364634549625 -0.14863594575488256 -0.1444540315950841 -0.1444540315950841 -0.1404648365241943 -0.10452246947905046 -0.09141389627260586 -0.09141389627260586 -0.08456607331910931 -0.08456607331910931 -0.08523252492820958 -0.06033955019202001 -0.041684742660770414
-0.34820510064449456 -0.34820510064449456 -0.34820510064449456 -0.34820510064449456 -0.30081507163199683 -0.30081507163199683 -0.34820510064449456 -0.7145545335211286 -0.7163935663591431 -0.34820510064449456 -0.6913911286188476 -0.6926707158398832 -0.34820510064449456 -0.661272151390321 -0.6176367521552966 -0.34820510064449456 -0.18564252061927516 -0.34820510064449456 -0.34820510064449456 -0.34820510064449456 -0.34820510064449456 -0.30081507163199683 -0.34820510064449456 -0.34820510064449456 -0.30081507163199683 -0.30081507163199683 -0.34820510064449456 -0.30081507163199683 -0.34820510064449456 -0.34820510064449456 -0.34820510064449456 -0.34820510064449456 -0.34820510064449456 -0.45253679167898564 -0.45253679167898564 -0.34820510064449456 -0.45253679167898564 -0.34820510064449456 -0.34820510064449456 -0.34820510064449456 -0.30081507163199683 -0.34820510064449456 -0.34820510064449456 -0.34820510064449456 -0.30081507163199683 -0.34820510064449456 -0.34820510064449456 -0.34820510064449456 -0.32138285840123076 -0.32138285840123076 -0.34820510064449456 -0.22736153281851018 -0.2263842036506563 -0.22736153281851018 -0.2263842036506563 -0.34820510064449456 -0.22736153281851018 -0.2263842036506563 -0.37449732308824646 -0.18564252061927516 -0.37449732308824646 -0.34820510064449456 -0.2263842036506563 -0.22736153281851018 -0.22736153281851018 -0.34820510064449456 -0.34820510064449456 -0.3407480597407193 -0.3450461941239237 -0.3407480597407193 -0.3407480597407193 -0.22736153281851018 -0.2263842036506563 -0.31726946358897357 -0.2982198822470917 -0.3006842562196282 -0.2939199901566018 -0.2939296613938797 -0.28196947886867557 -0.27715967150559945 -0.2654247181178903 -0.2654247181178903 -0.2654247181178903 -0.26608665639399354 -0.2654247181178903 -0.22090296888232583 -0.24586173368406258 -0.24541108786674604 -0.17653724512913108 -0.23093757607330573 -0.20166298059068932 -0.1491337429988009 -0.17121110784555274 -0.14863594575488256 -0.15504364634549625 -0.14863594575488256 -0.1444540315950841 -0.1444540315950841 -0.1404648365241943 -0.10452246947905046 -0.09141389627260586 -0.09141389627260586 -0.08456607331910931 -0.08456607331910931 -0.08523252492820958 -0.06033955019202001 -0.041684742660770414
-0.4406062834443337 -0.5828241890981954 -0.45177369683047214 -0.45177369683047214 -0.30081507163199683 -0.30081507163199683 -0.7099859845439901 -0.34820510064449456 -0.34820510064449456 -0.7131700177062221 -0.34820510064449456 -0.34820510064449456 -0.5828241890981954 -0.34820510064449456 -0.34820510064449456 -0.36261342675090835 -0.18564252061927516 -0.36261342675090835 -0.4406062834443337 -0.4406062834443337 -0.4406062834443337 -0.30081507163199683 -0.4406062834443337 -0.4406062834443337 -0.30081507163199683 -0.30081507163199683 -0.36261342675090835 -0.30081507163199683 -0.4075563460262548 -0.4406062834443337 -0.4075563460262548 -0.4011225909289649 -0.36261342675090835 -0.34820510064449456 -0.34820510064449456 -0.45177369683047214 -0.34820510064449456 -0.36261342675090835 -0.36261342675090835 -0.36261342675090835 -0.30081507163199683 -0.4011225909289649 -0.4011225909289649 -0.4011225909289649 -0.30081507163199683 -0.39955595549143097 -0.39955595549143097 -0.4075563460262548 -0.32138285840123076 -0.32138285840123076 -0.40804585257469345 -0.22736153281851018 -0.2263842036506563 -0.22736153281851018 -0.2263842036506563 -0.4004357596887059 -0.22736153281851018 -0.2263842036506563 -0.34820510064449456 -0.18564252061927516 -0.34820510064449456 -0.36727172986803136 -0.2263842036506563 -0.22736153281851018 -0.22736153281851018 -0.35350854350742145 -0.35350854350742145 -0.3407480597407193 -0.3450461941239237 -0.3407480597407193 -0.3407480597407193 -0.22736153281851018 -0.2263842036506563 -0.31726946358897357 -0.2982198822470917 -0.3006842562196282 -0.2939199901566018 -0.2939296613938797 -0.28196947886867557 -0.27715967150559945 -0.2654247181178903 -0.2654247181178903 -0.2654247181178903 -0.26608665639399354 -0.2654247181178903 -0.22090296888232583 -0.24586173368406258 -0.24541108786674604 -0.17653724512913108 -0.23093757607330573 -0.20166298059068932 -0.1491337429988009 -0.17121110784555274 -0.14863594575488256 -0.15504364634549625 -0.14863594575488256 -0.1444540315950841 -0.1444540315950841 -0.1404648365241943 -0.10452246947905046 -0.09141389627260586 -0.09141389627260586 -0.08456607331910931 -0.08456607331910931 -0.08523252492820958 -0.06033955019202001 -0.041684742660770414
-0.34820510064449456 -0.34820510064449456 -0.34820510064449456 -0.34820510064449456 -0.30081507163199683 -0.30081507163199683 -0.34820510064449456 -0.6913911286188476 -0.6913911286188476 -0.34820510064449456 -0.7109487642021087 -0.6913911286188476 -0.34820510064449456 -0.661272151390321 -0.6176367521552966 -0.34820510064449456 -0.18564252061927516 -0.34820510064449456 -0.34820510064449456 -0.34820510064449456 -0.34820510064449456 -0.30081507163199683 -0.34820510064449456 -0.34820510064449456 -0.30081507163199683 -0.30081507163199683 -0.34820510064449456 -0.30081507163199683 -0.34820510064449456 -0.34820510064449456 -0.34820510064449456 -0.34820510064449456 -0.34820510064449456 -0.45253679167898564 -0.45253679167898564 -0.34820510064449456 -0.45253679167898564 -0.34820510064449456 -0.34820510064449456 -0.34820510064449456 -0.30081507163199683 -0.34820510064449456 -0.34820510064449456 -0.34820510064449456 -0.30081507163199683 -0.34820510064449456 -0.34820510064449456 -0.34820510064449456 -0.32138285840123076 -0.32138285840123076 -0.34820510064449456 -0.22736153281851018 -0.2263842036506563 -0.22736153281851018 -0.2263842036506563 -0.34820510064449456 -0.22736153281851018 -0.2263842036506563 -0.37449732308824646 -0.18564252061927516 -0.37449732308824646 -0.34820510064449456 -0.2263842036506563 -0.22736153281851018 -0.22736153281851018 -0.34820510064449456 -0.34820510064449456 -0.3407480597407193 -0.3450461941239237 -0.3407480597407193 -0.3407480597407193 -0.22736153281851018 -0.2263842036506563 -0.31726946358897357 -0.2982198822470917 -0.3006842562196282 -0.2939199901566018 -0.2939296613938797 -0.28196947886867557 -0.27715967150559945 -0.2654247181178903 -0.2654247181178903 -0.2654247181178903 -0.26608665639399354 -0.2654247181178903 -0.22090296888232583 -0.24586173368406258 -0.24541108786674604 -0.17653724512913108 -0.23093757607330573 -0.20166298059068932 -0.1491337429988009 -0.17121110784555274 -0.14863594575488256 -0.15504364634549625 -0.14863594575488256 -0.1444540315950841 -0.1444540315950841 -0.1404648365241943 -0.10452246947905046 -0.09141389627260586 -0.09141389627260586 -0.08456607331910931 -0.08456607331910931 -0.08523252492820958 -0.06033955019202001 -0.041684742660770414
-0.34820510064449456 -0.34820510064449456 -0.34820510064449456 -0.34820510064449456 -0.30081507163199683 -0.30081507163199683 -0.34820510064449456 -0.6926707158398832 -0.6926707158398832 -0.34820510064449456 -0.6913911286188476 -0.6929370264302637 -0.34820510064449456 -0.661272151390321 -0.6176367521552966 -0.34820510064449456 -0.18564252061927516 -0.34820510064449456 -0.34820510064449456 -0.34820510064449456 -0.34820510064449456 -0.30081507163199683 -0.34820510064449456 -0.34820510064449456 -0.30081507163199683 -0.30081507163199683 -0.34820510064449456 -0.30081507163199683 -0.34820510064449456 -0.34820510064449456 -0.34820510064449456 -0.34820510064449456 -0.34820510064449456 -0.45253679167898564 -0.45253679167898564 -0.34820510064449456 -0.45253679167898564 -0.34820510064449456 -0.34820510064449456 -0.34820510064449456 -0.30081507163199683 -0.34820510064449456 -0.34820510064449456 -0.34820510064449456 -0.30081507163199683 -0.34820510064449456 -0.34820510064449456 -0.34820510064449456 -0.32138285840123076 -0.32138285840123076 -0.34820510064449456 -0.22736153281851018 -0.2263842036506563 -0.22736153281851018 -0.2263842036506563 -0.34820510064449456 -0.22736153281851018 -0.2263842036506563 -0.37449732308824646 -0.18564252061927516 -0.37449732308824646 -0.34820510064449456 -0.2263842036506563 -0.22736153281851018 -0.22736153281851018 -0.34820510064449456 -0.34820510064449456 -0.3407480597407193 -0.3450461941239237 -0.3407480597407193 -0.3407480597407193 -0.22736153281851018 -0.2263842036506563 -0.31726946358897357 -0.2982198822470917 -0.3006842562196282 -0.2939199901566018 -0.2939296613938797 -0.28196947886867557 -0.27715967150559945 -0.2654247181178903 -0.2654247181178903 -0.2654247181178903 -0.26608665639399354 -0.2654247181178903 -0.22090296888232583 -0.24586173368406258 -0.24541108786674604 -0.17653724512913108 -0.23093757607330573 -0.20166298059068932 -0.1491337429988009 -0.17121110784555274 -0.14863594575488256 -0.15504364634549625 -0.14863594575488256 -0.1444540315950841 -0.1444540315950841 -0.1404648365241943 -0.10452246947905046 -0.09141389627260586 -0.09141389627260586 -0.08456607331910931 -0.08456607331910931 -0.08523252492820958 -0.06033955019202001 -0.041684742660770414
-0.4406062834443337 -0.6017758100715532 -0.45177369683047214 -0.45177369683047214 -0.30081507163199683 -0.30081507163199683 -0.5828241890981954 -0.34820510064449456 -0.34820510064449456 -0.5828241890981954 -0.34820510064449456 -0.34820510064449456 -0.6821900279234646 -0.34820510064449456 -0.34820510064449456 -0.36261342675090835 -0.18564252061927516 -0.36261342675090835 -0.4406062834443337 -0.4406062834443337 -0.4406062834443337 -0.30081507163199683 -0.4406062834443337 -0.4406062834443337 -0.30081507163199683 -0.30081507163199683 -0.36261342675090835 -0.30081507163199683 -0.4075563460262548 -0.4406062834443337 -0.4075563460262548 -0.4011225909289649 -0.36261342675090835 -0.34820510064449456 -0.34820510064449456 -0.45177369683047214 -0.34820510064449456 -0.36261342675090835 -0.36261342675090835 -0.36261342675090835 -0.30081507163199683 -0.4011225909289649 -0.4011225909289649 -0.4011225909289649 -0.30081507163199683 -0.39955595549143097 -0.39955595549143097 -0.4075563460262548 -0.32138285840123076 -0.32138285840123076 -0.40804585257469345 -0.22736153281851018 -0.2263842036506563 -0.22736153281851018 -0.2263842036506563 -0.4004357596887059 -0.22736153281851018 -0.2263842036506563 -0.34820510064449456 -0.18564252061927516 -0.34820510064449456 -0.36727172986803136 -0.2263842036506563 -0.22736153281851018 -0.22736153281851018 -0.35350854350742145 -0.35350854350742145 -0.3407480597407193 -0.3450461941239237 -0.3407480597407193 -0.3407480597407193 -0.22736153281851018 -0.2263842036506563 -0.31726946358897357 -0.2982198822470917 -0.3006842562196282 -0.2939199901566018 -0.2939296613938797 -0.28196947886867557 -0.27715967150559945 -0.2654247181178903 -0.2654247181178903 -0.2654247181178903 -0.26608665639399354 -0.2654247181178903 -0.22090296888232583 -0.24586173368406258 -0.24541108786674604 -0.17653724512913108 -0.23093757607330573 -0.20166298059068932 -0.1491337429988009 -0.17121110784555274 -0.14863594575488256 -0.15504364634549625 -0.14863594575488256 -0.1444540315950841 -0.1444540315950841 -0.1404648365241943 -0.10452246947905046 -0.09141389627260586 -0.09141389627260586 -0.08456607331910931 -0.08456607331910931 -0.08523252492820958 -0.06033955019202001 -0.041684742660770414
-0.34820510064449456 -0.34820510064449456 -0.34820510064449456 -0.34820510064449456 -0.30081507163199683 -0.30081507163199683 -0.34820510064449456 -0.661272151390321 -0.661272151390321 -0.34820510064449456 -0.661272151390321 -0.661272151390321 -0.34820510064449456 -0.6798323827207193 -0.6176367521552966 -0.34820510064449456 -0.18564252061927516 -0.34820510064449456 -0.34820510064449456 -0.34820510064449456 -0.34820510064449456 -0.30081507163199683 -0.34820510064449456 -0.34820510064449456 -0.30081507163199683 -0.30081507163199683 -0.34820510064449456 -0.30081507163199683 -0.34820510064449456 -0.34820510064449456 -0.34820510064449456 -0.34820510064449456 -0.34820510064449456 -0.45253679167898564 -0.45253679167898564 -0.34820510064449456 -0.45253679167898564 -0.34820510064449456 -0.34820510064449456 -0.34820510064449456 -0.30081507163199683 -0.34820510064449456 -0.34820510064449456 -0.34820510064449456 -0.30081507163199683 -0.34820510064449456 -0.34820510064449456 -0.34820510064449456 -0.32138285840123076 -0.32138285840123076 -0.34820510064449456 -0.22736153281851018 -0.2263842036506563 -0.22736153281851018 -0.2263842036506563 -0.34820510064449456 -0.22736153281851018 -0.2263842036506563 -0.37449732308824646 -0.18564252061927516 -0.37449732308824646 -0.34820510064449456 -0.2263842036506563 -0.22736153281851018 -0.22736153281851018 -0.34820510064449456 -0.34820510064449456 -0.3407480597407193 -0.3450461941239237 -0.3407480597407193 -0.3407480597407193 -0.22736153281851018 -0.2263842036506563 -0.31726946358897357 -0.2982198822470917 -0.3006842562196282 -0.2939199901566018 -0.2939296613938797 -0.28196947886867557 -0.27715967150559945 -0.2654247181178903 -0.2654247181178903 -0.2654247181178903 -0.26608665639399354 -0.2654247181178903 -0.22090296888232583 -0.24586173368406258 -0.24541108786674604 -0.17653724512913108 -0.23093757607330573 -0.20166298059068932 -0.1491337429988009 -0.17121110784555274 -0.14863594575488256 -0.15504364634549625 -0.14863594575488256 -0.1444540315950841 -0.1444540315950841 -0.1404648365241943 -0.10452246947905046 -0.09141389627260586 -0.09141389627260586 -0.08456607331910931 -0.08456607331910931 -0.08523252492820958 -0.06033955019202001 -0.041684742660770414
-0.34820510064449456 -0.34820510064449456 -0.34820510064449456 -0.34820510064449456 -0.30081507163199683 -0.30081507163199683 -0.34820510064449456 -0.6176367521552966 -0.6176367521552966 -0.34820510064449456 -0.6176367521552966 -0.6176367521552966 -0.34820510064449456 -0.6176367521552966 -0.6636167580864222 -0.34820510064449456 -0.18564252061927516 -0.34820510064449456 -0.34820510064449456 -0.34820510064449456 -0.34820510064449456 -0.30081507163199683 -0.34820510064449456 -0.34820510064449456 -0.30081507163199683 -0.30081507163199683 -0.34820510064449456 -0.30081507163199683 -0.34820510064449456 -0.34820510064449456 -0.34820510064449456 -0.34820510064449456 -0.34820510064449456 -0.45253679167898564 -0.45253679167898564 -0.34820510064449456 -0.45253679167898564 -0.34820510064449456 -0.34820510064449456 -0.34820510064449456 -0.30081507163199683 -0.34820510064449456 -0.34820510064449456 -0.34820510064449456 -0.30081507163199683 -0.34820510064449456 -0.34820510064449456 -0.34820510064449456 -0.32138285840123076 -0.32138285840123076 -0.34820510064449456 -0.22736153281851018 -0.2263842036506563 -0.22736153281851018 -0.2263842036506563 -0.34820510064449456 -0.22736153281851018 -0.2263842036506563 -0.37449732308824646 -0.18564252061927516 -0.37449732308824646 -0.34820510064449456 -0.2263842036506563 -0.22736153281851018 -0.22736153281851018 -0.34820510064449456 -0.34820510064449456 -0.3407480597407193 -0.3450461941239237 -0.3407480597407193 -0.3407480597407193 -0.22736153281851018 -0.2263842036506563 -0.31726946358897357 -0.2982198822470917 -0.3006842562196282 -0.2939199901566018 -0.2939296613938797 -0.28196947886867557 -0.27715967150559945 -0.2654247181178903 -0.2654247181178903 -0.2654247181178903 -0.26608665639399354 -0.2654247181178903 -0.22090296888232583 -0.24586173368406258 -0.24541108786674604 -0.17653724512913108 -0.23093757607330573 -0.20166298059068932 -0.1491337429988009 -0.17121110784555274 -0.14863594575488256 -0.15504364634549625 -0.14863594575488256 -0.1444540315950841 -0.1444540315950841 -0.1404648365241943 -0.10452246947905046 -0.09141389627260586 -0.09141389627260586 -0.08456607331910931 -0.08456607331910931 -0.08523252492820958 -0.06033955019202001 -0.041684742660770414
-0.36261342675090835 -0.36261342675090835 -0.36261342675090835 -0.36261342675090835 -0.30081507163199683 -0.30081507163199683 -0.36261342675090835 -0.34820510064449456 -0.34820510064449456 -0.36261342675090835 -0.34820510064449456 -0.34820510064449456 -0.36261342675090835 -0.34820510064449456 -0.34820510064449456 -0.6627790065180489 -0.18564252061927516 -0.6551681927648325 -0.36261342675090835 -0.36261342675090835 -0.36261342675090835 -0.30081507163199683 -0.36261342675090835 -0.36261342675090835 -0.30081507163199683 -0.30081507163199683 -0.5316497056850479 -0.30081507163199683 -0.36261342675090835 -0.36261342675090835 -0.36261342675090835 -0.36261342675090835 -0.48102800856115047 -0.34820510064449456 -0.34820510064449456 -0.36261342675090835 -0.34820510064449456 -0.45927863839169497 -0.45927863839169497 -0.45927863839169497 -0.30081507163199683 -0.36261342675090835 -0.36261342675090835 -0.36261342675090835 -0.30081507163199683 -0.36261342675090835 -0.36261342675090835 -0.36261342675090835 -0.32138285840123076 -0.32138285840123076 -0.36261342675090835 -0.22736153281851018 -0.2263842036506563 -0.22736153281851018 -0.2263842036506563 -0.36261342675090835 -0.22736153281851018 -0.2263842036506563 -0.34820510064449456 -0.18564252061927516 -0.34820510064449456 -0.36261342675090835 -0.2263842036506563 -0.22736153281851018 -0.22736153281851018 -0.35350854350742145 -0.35350854350742145 -0.3407480597407193 -0.3450461941239237 -0.3407480597407193 -0.3407480597407193 -0.22736153281851018 -0.2263842036506563 -0.31726946358897357 -0.2982198822470917 -0.3006842562196282 -0.2939199901566018 -0.2939296613938797 -0.28196947886867557 -0.27715967150559945 -0.2654247181178903 -0.2654247181178903 -0.2654247181178903 -0.26608665639399354 -0.2654247181178903 -0.22090296888232583 -0.24586173368406258 -0.24541108786674604 -0.17653724512913108 -0.23093757607330573 -0.20166298059068932 -0.1491337429988009 -0.17121110784555274 -0.14863594575488256 -0.15504364634549625 -0.14863594575488256 -0.1444540315950841 -0.1444540315950841 -0.1404648365241943 -0.10452246947905046 -0.09141389627260586 -0.09141389627260586 -0.08456607331910931 -0.08456607331910931 -0.08523252492820958 -0.06033955019202001 -0.041684742660770414
-0.18564252061927516 -0.18564252061927516 -0.18564252061927516 -0.18564252061927516 -0.18564252061927516 -0.18564252061927516 -0.18564252061927516 -0.18564252061927516 -0.18564252061927516 -0.18564252061927516 -0.18564252061927516 -0.18564252061927516 -0.18564252061927516 -0.18564252061927516 -0.18564252061927516 -0.18564252061927516 -0.659553247811184 -0.18564252061927516 -0.18564252061927516 -0.18564252061927516 -0.18564252061927516 -0.18564252061927516 -0.18564252061927516 -0.18564252061927516 -0.18564252061927516 -0.18564252061927516 -0.18564252061927516 -0.18564252061927516 -0.18564252061927516 -0.18564252061927516 -0.18564252061927516 -0.18564252061927516 -0.18564252061927516 -0.18564252061927516 -0.18564252061927516 -0.18564252061927516 -0.18564252061927516 -0.18564252061927516 -0.18564252061927516 -0.18564252061927516 -0.18564252061927516 -0.18564252061927516 -0.18564252061927516 -0.18564252061927516 -0.18564252061927516 -0.18564252061927516 -0.18564252061927516 -0.18564252061927516 -0.18564252061927516 -0.18564252061927516 -0.18564252061927516 -0.18564252061927516 -0.18564252061927516 -0.18564252061927516 -0.18564252061927516 -0.18564252061927516 -0.18564252061927516 -0.18564252061927516 -0.18564252061927516 -0.3531429357070757 -0.18564252061927516 -0.18564252061927516 -0.18564252061927516 -0.18564252061927516 -0.18564252061927516 -0.18564252061927516 -0.18564252061927516 -0.18564252061927516 -0.18564252061927516 -0.18564252061927516 -0.18564252061927516 -0.18564252061927516 -0.18564252061927516 -0.18564252061927516 -0.18564252061927516 -0.18564252061927516 -0.18564252061927516 -0.18564252061927516 -0.18564252061927516 -0.18564252061927516 -0.18564252061927516 -0.18564252061927516 -0.18564252061927516 -0.18564252061927516 -0.18564252061927516 -0.18564252061927516 -0.18564252061927516 -0.18564252061927516 -0.17653724512913108 -0.18564252061927516 -0.18564252061927516 -0.1491337429988009 -0.17121110784555274 -0.14863594575488256 -0.15504364634549625 -0.14863594575488256 -0.1444540315950841 -0.1444540315950841 -0.1404648365241943 -0.10452246947905046 -0.09141389627260586 -0.09141389627260586 -0.08456607331910931 -0.08456607331910931 -0.08523252492820958 -0.06033955019202001 -0.041684742660770414
-0.36261342675090835 -0.36261342675090835 -0.36261342675090835 -0.36261342675090835 -0.30081507163199683 -0.30081507163199683 -0.36261342675090835 -0.34820510064449456 -0.34820510064449456 -0.36261342675090835 -0.34820510064449456 -0.34820510064449456 -0.36261342675090835 -0.34820510064449456 -0.34820510064449456 -0.6551681927648325 -0.18564252061927516 -0.6567302400995181 -0.36261342675090835 -0.36261342675090835 -0.36261342675090835 -0.30081507163199683 -0.36261342675090835 -0.36261342675090835 -0.30081507163199683 -0.30081507163199683 -0.5316497056850479 -0.30081507163199683 -0.36261342675090835 -0.36261342675090835 -0.36261342675090835 -0.36261342675090835 -0.48102800856115047 -0.34820510064449456 -0.34820510064449456 -0.36261342675090835 -0.34820510064449456 -0.45927863839169497 -0.45927863839169497 -0.45927863839169497 -0.30081507163199683 -0.36261342675090835 -0.36261342675090835 -0.36261342675090835 -0.30081507163199683 -0.36261342675090835 -0.36261342675090835 -0.36261342675090835 -0.32138285840123076 -0.32138285840123076 -0.36261342675090835 -0.22736153281851018 -0.2263842036506563 -0.22736153281851018 -0.2263842036506563 -0.36261342675090835 -0.22736153281851018 -0.2263842036506563 -0.34820510064449456 -0.18564252061927516 -0.34820510064449456 -0.36261342675090835 -0.2263842036506563 -0.22736153281851018 -0.22736153281851018 -0.35350854350742145 -0.35350854350742145 -0.3407480597407193 -0.3450461941239237 -0.3407480597407193 -0.3407480597407193 -0.22736153281851018 -0.2263842036506563 -0.31726946358897357 -0.2982198822470917 -0.3006842562196282 -0.2939199901566018 -0.2939296613938797 -0.28196947886867557 -0.27715967150559945 -0.2654247181178903 -0.2654247181178903 -0.2654247181178903 -0.26608665639399354 -0.2654247181178903 -0.22090296888232583 -0.24586173368406258 -0.24541108786674604 -0.17653724512913108 -0.23093757607330573 -0.20166298059068932 -0.1491337429988009 -0.17121110784555274 -0.14863594575488256 -0.15504364634549625 -0.14863594575488256 -0.1444540315950841 -0.1444540315950841 -0.1404648365241943 -0.10452246947905046 -0.09141389627260586 -0.09141389627260586 -0.08456607331910931 -0.08456607331910931 -0.08523252492820958 -0.06033955019202001 -0.041684742660770414
-0.6122571508054561 -0.4406062834443337 -0.4406062834443337 -0.4406062834443337 -0.30081507163199683 -0.30081507163199683 -0.4406062834443337 -0.34820510064449456 -0.34820510064449456 -0.4406062834443337 -0.34820510064449456 -0.34820510064449456 -0.4406062834443337 -0.34820510064449456 -0.34820510064449456 -0.36261342675090835 -0.18564252061927516 -0.36261342675090835 -0.6549991225802093 -0.6214913881495221 -0.6214913881495221 -0.30081507163199683 -0.6385729947545634 -0.6251555642475655 -0.30081507163199683 -0.30081507163199683 -0.36261342675090835 -0.30081507163199683 -0.4075563460262548 -0.5068538918429021 -0.4075563460262548 -0.4011225909289649 -0.36261342675090835 -0.34820510064449456 -0.34820510064449456 -0.4406062834443337 -0.34820510064449456 -0.36261342675090835 -0.36261342675090835 -0.36261342675090835 -0.30081507163199683 -0.4011225909289649 -0.4011225909289649 -0.4011225909289649 -0.30081507163199683 -0.39955595549143097 -0.39955595549143097 -0.4075563460262548 -0.32138285840123076 -0.32138285840123076 -0.40804585257469345 -0.22736153281851018 -0.2263842036506563 -0.22736153281851018 -0.2263842036506563 -0.4004357596887059 -0.22736153281851018 -0.2263842036506563 -0.34820510064449456 -0.18564252061927516 -0.34820510064449456 -0.36727172986803136 -0.2263842036506563 -0.22736153281851018 -0.22736153281851018 -0.35350854350742145 -0.35350854350742145 -0.3407480597407193 -0.3450461941239237 -0.3407480597407193 -0.3407480597407193 -0.22736153281851018 -0.2263842036506563 -0.31726946358897357 -0.2982198822470917 -0.3006842562196282 -0.2939199901566018 -0.2939296613938797 -0.28196947886867557 -0.27715967150559945 -0.2654247181178903 -0.2654247181178903 -0.2654247181178903 -0.26608665639399354 -0.2654247181178903 -0.22090296888232583 -0.24586173368406258 -0.24541108786674604 -0.17653724512913108 -0.23093757607330573 -0.20166298059068932 -0.1491337429988009 -0.17121110784555274 -0.14863594575488256 -0.15504364634549625 -0.14863594575488256 -0.1444540315950841 -0.1444540315950841 -0.1404648365241943 -0.10452246947905046 -0.09141389627260586 -0.09141389627260586 -0.08456607331910931 -0.08456607331910931 -0.08523252492820958 -0.06033955019202001 -0.041684742660770414
-0.6122571508054561 -0.4406062834443337 -0.4406062834443337 -0.4406062834443337 -0.30081507163199683 -0.30081507163199683 -0.4406062834443337 -0.34820510064449456 -0.34820510064449456 -0.4406062834443337 -0.34820510064449456 -0.34820510064449456 -0.4406062834443337 -0.34820510064449456 -0.34820510064449456 -0.36261342675090835 -0.18564252061927516 -0.36261342675090835 -0.6214913881495221 -0.6508368570014135 -0.6341188629720608 -0.30081507163199683 -0.6214913881495221 -0.6214913881495221 -0.30081507163199683 -0.30081507163199683 -0.36261342675090835 -0.30081507163199683 -0.4075563460262548 -0.5068538918429021 -0.4075563460262548 -0.4011225909289649 -0.36261342675090835 -0.34820510064449456 -0.34820510064449456 -0.4406062834443337 -0.34820510064449456 -0.36261342675090835 -0.36261342675090835 -0.36261342675090835 -0.30081507163199683 -0.4011225909289649 -0.4011225909289649 -0.4011225909289649 -0.30081507163199683 -0.39955595549143097 -0.39955595549143097 -0.4075563460262548 -0.32138285840123076 -0.32138285840123076 -0.40804585257469345 -0.22736153281851018 -0.2263842036506563 -0.22736153281851018 -0.2263842036506563 -0.4004357596887059 -0.22736153281851018 -0.2263842036506563 -0.34820510064449456 -0.18564252061927516 -0.34820510064449456 -0.36727172986803136 -0.2263842036506563 -0.22736153281851018 -0.22736153281851018 -0.35350854350742145 -0.35350854350742145 -0.3407480597407193 -0.3450461941239237 -0.3407480597407193 -0.3407480597407193 -0.22736153281851018 -0.2263842036506563 -0.31726946358897357 -0.2982198822470917 -0.3006842562196282 -0.2939199901566018 -0.2939296613938797 -0.28196947886867557 -0.27715967150559945 -0.2654247181178903 -0.2654247181178903 -0.2654247181178903 -0.26608665639399354 -0.2654247181178903 -0.22090296888232583 -0.24586173368406258 -0.24541108786674604 -0.17653724512913108 -0.23093757607330573 -0.20166298059068932 -0.1491337429988009 -0.17121110784555274 -0.14863594575488256 -0.15504364634549625 -0.14863594575488256 -0.1444540315950841 -0.1444540315950841 -0.1404648365241943 -0.10452246947905046 -0.09141389627260586 -0.09141389627260586 -0.08456607331910931 -0.08456607331910931 -0.08523252492820958 -0.06033955019202001 -0.041684742660770414
-0.6122571508054561 -0.4406062834443337 -0.4406062834443337 -0.4406062834443337 -0.30081507163199683 -0.30081507163199683 -0.4406062834443337 -0.34820510064449456 -0.34820510064449456 -0.4406062834443337 -0.34820510064449456 -0.34820510064449456 -0.4406062834443337 -0.34820510064449456 -0.34820510064449456 -0.36261342675090835 -0.18564252061927516 -0.36261342675090835 -0.6214913881495221 -0.6341188629720608 -0.6503046655235593 -0.30081507163199683 -0.6214913881495221 -0.6214913881495221 -0.30081507163199683 -0.30081507163199683 -0.36261342675090835 -0.30081507163199683 -0.4075563460262548 -0.5068538918429021 -0.4075563460262548 -0.4011225909289649 -0.36261342675090835 -0.34820510064449456 -0.34820510064449456 -0.4406062834443337 -0.34820510064449456 -0.36261342675090835 -0.36261342675090835 -0.36261342675090835 -0.30081507163199683 -0.4011225909289649 -0.4011225909289649 -0.4011225909289649 -0.30081507163199683 -0.39955595549143097 -0.39955595549143097 -0.4075563460262548 -0.32138285840123076 -0.32138285840123076 -0.40804585257469345 -0.22736153281851018 -0.2263842036506563 -0.22736153281851018 -0.2263842036506563 -0.4004357596887059 -0.22736153281851018 -0.2263842036506563 -0.34820510064449456 -0.18564252061927516 -0.34820510064449456 -0.36727172986803136 -0.2263842036506563 -0.22736153281851018 -0.22736153281851018 -0.35350854350742145 -0.35350854350742145 -0.3407480597407193 -0.3450461941239237 -0.3407480597407193 -0.3407480597407193 -0.22736153281851018 -0.2263842036506563 -0.31726946358897357 -0.2982198822470917 -0.3006842562196282 -0.2939199901566018 -0.2939296613938797 -0.28196947886867557 -0.27715967150559945 -0.2654247181178903 -0.2654247181178903 -0.2654247181178903 -0.26608665639399354 -0.2654247181178903 -0.22090296888232583 -0.24586173368406258 -0.24541108786674604 -0.17653724512913108 -0.23093757607330573 -0.20166298059068932 -0.1491337429988009 -0.17121110784555274 -0.14863594575488256 -0.15504364634549625 -0.14863594575488256 -0.1444540315950841 -0.1444540315950841 -0.1404648365241943 -0.10452246947905046 -0.09141389627260586 -0.09141389627260586 -0.08456607331910931 -0.08456607331910931 -0.08523252492820958 -0.06033955019202001 -0.041684742660770414
-0.30081507163199683 -0.30081507163199683 -0.30081507163199683 -0.30081507163199683 -0.34370279409198634 -0.34370279409198634 -0.30081507163199683 -0.30081507163199683 -0.30081507163199683 -0.30081507163199683 -0.30081507163199683 -0.30081507163199683 -0.30081507163199683 -0.30081507163199683 -0.30081507163199683 -0.30081507163199683 -0.18564252061927516 -0.30081507163199683 -0.30081507163199683 -0.30081507163199683 -0.30081507163199683 -0.6423970411890215 -0.30081507163199683 -0.30081507163199683 -0.6087879748658497 -0.6087879748658497 -0.30081507163199683 -0.38845389732552343 -0.30081507163199683 -0.30081507163199683 -0.30081507163199683 -0.30081507163199683 -0.30081507163199683 -0.30081507163199683 -0.30081507163199683 -0.30081507163199683 -0.30081507163199683 -0.30081507163199683 -0.30081507163199683 -0.30081507163199683 -0.45530824803660874 -0.30081507163199683 -0.30081507163199683 -0.30081507163199683 -0.3097505100373713 -0.30081507163199683 -0.30081507163199683 -0.30081507163199683 -0.30081507163199683 -0.30081507163199683 -0.30081507163199683 -0.22736153281851018 -0.2263842036506563 -0.22736153281851018 -0.2263842036506563 -0.30081507163199683 -0.22736153281851018 -0.2263842036506563 -0.30081507163199683 -0.18564252061927516 -0.30081507163199683 -0.30081507163199683 -0.2263842036506563 -0.22736153281851018 -0.22736153281851018 -0.30081507163199683 -0.30081507163199683 -0.30081507163199683 -0.30081507163199683 -0.30081507163199683 -0.30081507163199683 -0.22736153281851018 -0.2263842036506563 -0.30081507163199683 -0.2982198822470917 -0.3006842562196282 -0.2939199901566018 -0.2939296613938797 -0.28196947886867557 -0.27715967150559945 -0.2654247181178903 -0.2654247181178903 -0.2654247181178903 -0.26608665639399354 -0.2654247181178903 -0.22090296888232583 -0.24586173368406258 -0.24541108786674604 -0.17653724512913108 -0.23093757607330573 -0.20166298059068932 -0.1491337429988009 -0.17121110784555274 -0.14863594575488256 -0.15504364634549625 -0.14863594575488256 -0.1444540315950841 -0.1444540315950841 -0.1404648365241943 -0.10452246947905046 -0.09141389627260586 -0.09141389627260586 -0.08456607331910931 -0.08456607331910931 -0.08523252492820958 -0.06033955019202001 -0.041684742660770414
-0.6122571508054561 -0.4406062834443337 -0.4406062834443337 -0.4406062834443337 -0.30081507163199683 -0.30081507163199683 -0.4406062834443337 -0.34820510064449456 -0.34820510064449456 -0.4406062834443337 -0.34820510064449456 -0.34820510064449456 -0.4406062834443337 -0.34820510064449456 -0.34820510064449456 -0.36261342675090835 -0.18564252061927516 -0.36261342675090835 -0.6385729947545634 -0.6214913881495221 -0.6214913881495221 -0.30081507163199683 -0.6411368129969081 -0.6251555642475655 -0.30081507163199683 -0.30081507163199683 -0.36261342675090835 -0.30081507163199683 -0.4075563460262548 -0.5068538918429021 -0.4075563460262548 -0.4011225909289649 -0.36261342675090835 -0.34820510064449456 -0.34820510064449456 -0.4406062834443337 -0.34820510064449456 -0.36261342675090835 -0.36261342675090835 -0.36261342675090835 -0.30081507163199683 -0.4011225909289649 -0.4011225909289649 -0.4011225909289649 -0.30081507163199683 -0.39955595549143097 -0.39955595549143097 -0.4075563460262548 -0.32138285840123076 -0.32138285840123076 -0.40804585257469345 -0.22736153281851018 -0.2263842036506563 -0.22736153281851018 -0.2263842036506563 -0.4004357596887059 -0.22736153281851018 -0.2263842036506563 -0.34820510064449456 -0.18564252061927516 -0.34820510064449456 -0.36727172986803136 -0.2263842036506563 -0.22736153281851018 -0.22736153281851018 -0.35350854350742145 -0.35350854350742145 -0.3407480597407193 -0.3450461941239237 -0.3407480597407193 -0.3407480597407193 -0.22736153281851018 -0.2263842036506563 -0.31726946358897357 -0.2982198822470917 -0.3006842562196282 -0.2939199901566018 -0.2939296613938797 -0.28196947886867557 -0.27715967150559945 -0.2654247181178903 -0.2654247181178903 -0.2654247181178903 -0.26608665639399354 -0.2654247181178903 -0.22090296888232583 -0.24586173368406258 -0.24541108786674604 -0.17653724512913108 -0.23093757607330573 -0.20166298059068932 -0.1491337429988009 -0.17121110784555274 -0.14863594575488256 -0.15504364634549625 -0.14863594575488256 -0.1444540315950841 -0.1444540315950841 -0.1404648365241943 -0.10452246947905046 -0.09141389627260586 -0.09141389627260586 -0.08456607331910931 -0.08456607331910931 -0.08523252492820958 -0.06033955019202001 -0.041684742660770414
-0.6122571508054561 -0.4406062834443337 -0.4406062834443337 -0.4406062834443337 -0.30081507163199683 -0.30081507163199683 -0.4406062834443337 -0.34820510064449456 -0.34820510064449456 -0.4406062834443337 -0.34820510064449456 -0.34820510064449456 -0.4406062834443337 -0.34820510064449456 -0.34820510064449456 -0.36261342675090835 -0.18564252061927516 -0.36261342675090835 -0.6251555642475655 -0.6214913881495221 -0.6214913881495221 -0.30081507163199683 -0.6251555642475655 -0.628414667996552 -0.30081507163199683 -0.30081507163199683 -0.36261342675090835 -0.30081507163199683 -0.4075563460262548 -0.5068538918429021 -0.4075563460262548 -0.4011225909289649 -0.36261342675090835 -0.34820510064449456 -0.34820510064449456 -0.4406062834443337 -0.34820510064449456 -0.36261342675090835 -0.36261342675090835 -0.36261342675090835 -0.30081507163199683 -0.4011225909289649 -0.4011225909289649 -0.4011225909289649 -0.30081507163199683 -0.39955595549143097 -0.39955595549143097 -0.4075563460262548 -0.32138285840123076 -0.32138285840123076 -0.40804585257469345 -0.22736153281851018 -0.2263842036506563 -0.22736153281851018 -0.2263842036506563 -0.4004357596887059 -0.22736153281851018 -0.2263842036506563 -0.34820510064449456 -0.18564252061927516 -0.34820510064449456 -0.36727172986803136 -0.2263842036506563 -0.22736153281851018 -0.22736153281851018 -0.35350854350742145 -0.35350854350742145 -0.3407480597407193 -0.3450461941239237 -0.3407480597407193 -0.3407480597407193 -0.22736153281851018 -0.2263842036506563 -0.31726946358897357 -0.2982198822470917 -0.3006842562196282 -0.2939199901566018 -0.2939296613938797 -0.28196947886867557 -0.27715967150559945 -0.2654247181178903 -0.2654247181178903 -0.2654247181178903 -0.26608665639399354 -0.2654247181178903 -0.22090296888232583 -0.24586173368406258 -0.24541108786674604 -0.17653724512913108 -0.23093757607330573 -0.20166298059068932 -0.1491337429988009 -0.17121110784555274 -0.14863594575488256 -0.15504364634549625 -0.14863594575488256 -0.1444540315950841 -0.1444540315950841 -0.1404648365241943 -0.10452246947905046 -0.09141389627260586 -0.09141389627260586 -0.08456607331910931 -0.08456607331910931 -0.08523252492820958 -0.06033955019202001 -0.041684742660770414
-0.30081507163199683 -0.30081507163199683 -0.30081507163199683 -0.30081507163199683 -0.34370279409198634 -0.34370279409198634 -0.30081507163199683 -0.30081507163199683 -0.30081507163199683 -0.30081507163199683 -0.30081507163199683 -0.30081507163199683 -0.30081507163199683 -0.30081507163199683 -0.30081507163199683 -0.30081507163199683 -0.18564252061927516 -0.30081507163199683 -0.30081507163199683 -0.30081507163199683 -0.30081507163199683 -0.6087879748658497 -0.30081507163199683 -0.30081507163199683 -0.6168380445789079 -0.615428934567152 -0.30081507163199683 -0.38845389732552343 -0.30081507163199683 -0.30081507163199683 -0.30081507163199683 -0.30081507163199683 -0.30081507163199683 -0.30081507163199683 -0.30081507163199683 -0.30081507163199683 -0.30081507163199683 -0.30081507163199683 -0.30081507163199683 -0.30081507163199683 -0.45530824803660874 -0.30081507163199683 -0.30081507163199683 -0.30081507163199683 -0.3097505100373713 -0.30081507163199683 -0.30081507163199683 -0.30081507163199683 -0.30081507163199683 -0.30081507163199683 -0.30081507163199683 -0.22736153281851018 -0.2263842036506563 -0.22736153281851018 -0.2263842036506563 -0.30081507163199683 -0.22736153281851018 -0.2263842036506563 -0.30081507163199683 -0.18564252061927516 -0.30081507163199683 -0.30081507163199683 -0.2263842036506563 -0.22736153281851018 -0.22736153281851018 -0.30081507163199683 -0.30081507163199683 -0.30081507163199683 -0.30081507163199683 -0.30081507163199683 -0.30081507163199683 -0.22736153281851018 -0.2263842036506563 -0.30081507163199683 -0.2982198822470917 -0.3006842562196282 -0.2939199901566018 -0.2939296613938797 -0.28196947886867557 -0.27715967150559945 -0.2654247181178903 -0.2654247181178903 -0.2654247181178903 -0.26608665639399354 -0.2654247181178903 -0.22090296888232583 -0.24586173368406258 -0.24541108786674604 -0.17653724512913108 -0.23093757607330573 -0.20166298059068932 -0.1491337429988009 -0.17121110784555274 -0.14863594575488256 -0.15504364634549625 -0.14863594575488256 -0.1444540315950841 -0.1444540315950841 -0.1404648365241943 -0.10452246947905046 -0.09141389627260586 -0.09141389627260586 -0.08456607331910931 -0.08456607331910931 -0.08523252492820958 -0.06033955019202001 -0.041684742660770414
-0.30081507163199683 -0.30081507163199683 -0.30081507163199683 -0.30081507163199683 -0.34370279409198634 -0.34370279409198634 -0.30081507163199683 -0.30081507163199683 -0.30081507163199683 -0.30081507163199683 -0.30081507163199683 -0.30081507163199683 -0.30081507163199683 -0.30081507163199683 -0.30081507163199683 -0.30081507163199683 -0.18564252061927516 -0.30081507163199683 -0.30081507163199683 -0.30081507163199683 -0.30081507163199683 -0.6087879748658497 -0.30081507163199683 -0.30081507163199683 -0.615428934567152 -0.6158507163514884 -0.30081507163199683 -0.38845389732552343 -0.30081507163199683 -0.30081507163199683 -0.30081507163199683 -0.30081507163199683 -0.30081507163199683 -0.30081507163199683 -0.30081507163199683 -0.30081507163199683 -0.30081507163199683 -0.30081507163199683 -0.30081507163199683 -0.30081507163199683 -0.45530824803660874 -0.30081507163199683 -0.30081507163199683 -0.30081507163199683 -0.3097505100373713 -0.30081507163199683 -0.30081507163199683 -0.30081507163199683 -0.30081507163199683 -0.30081507163199683 -0.30081507163199683 -0.22736153281851018 -0.2263842036506563 -0.22736153281851018 -0.2263842036506563 -0.30081507163199683 -0.22736153281851018 -0.2263842036506563 -0.30081507163199683 -0.18564252061927516 -0.30081507163199683 -0.30081507163199683 -0.2263842036506563 -0.22736153281851018 -0.22736153281851018 -0.30081507163199683 -0.30081507163199683 -0.30081507163199683 -0.30081507163199683 -0.30081507163199683 -0.30081507163199683 -0.22736153281851018 -0.2263842036506563 -0.30081507163199683 -0.2982198822470917 -0.3006842562196282 -0.2939199901566018 -0.2939296613938797 -0.28196947886867557 -0.27715967150559945 -0.2654247181178903 -0.2654247181178903 -0.2654247181178903 -0.26608665639399354 -0.2654247181178903 -0.22090296888232583 -0.24586173368406258 -0.24541108786674604 -0.17653724512913108 -0.23093757607330573 -0.20166298059068932 -0.1491337429988009 -0.17121110784555274 -0.14863594575488256 -0.15504364634549625 -0.14863594575488256 -0.1444540315950841 -0.1444540315950841 -0.1404648365241943 -0.10452246947905046 -0.09141389627260586 -0.09141389627260586 -0.08456607331910931 -0.08456607331910931 -0.08523252492820958 -0.06033955019202001 -0.041684742660770414
-0.36261342675090835 -0.36261342675090835 -0.36261342675090835 -0.36261342675090835 -0.30081507163199683 -0.30081507163199683 -0.36261342675090835 -0.34820510064449456 -0.34820510064449456 -0.36261342675090835 -0.34820510064449456 -0.34820510064449456 -0.36261342675090835 -0.34820510064449456 -0.34820510064449456 -0.5316497056850479 -0.18564252061927516 -0.5316497056850479 -0.36261342675090835 -0.36261342675090835 -0.36261342675090835 -0.30081507163199683 -0.36261342675090835 -0.36261342675090835 -0.30081507163199683 -0.30081507163199683 -0.583559036044058 -0.30081507163199683 -0.36261342675090835 -0.36261342675090835 -0.36261342675090835 -0.36261342675090835 -0.48102800856115047 -0.34820510064449456 -0.34820510064449456 -0.36261342675090835 -0.34820510064449456 -0.45927863839169497 -0.45927863839169497 -0.45927863839169497 -0.30081507163199683 -0.36261342675090835 -0.36261342675090835 -0.36261342675090835 -0.30081507163199683 -0.36261342675090835 -0.36261342675090835 -0.36261342675090835 -0.32138285840123076 -0.32138285840123076 -0.36261342675090835 -0.22736153281851018 -0.2263842036506563 -0.22736153281851018 -0.2263842036506563 -0.36261342675090835 -0.22736153281851018 -0.2263842036506563 -0.34820510064449456 -0.18564252061927516 -0.34820510064449456 -0.36261342675090835 -0.2263842036506563 -0.22736153281851018 -0.22736153281851018 -0.35350854350742145 -0.35350854350742145 -0.3407480597407193 -0.3450461941239237 -0.3407480597407193 -0.3407480597407193 -0.22736153281851018 -0.2263842036506563 -0.31726946358897357 -0.2982198822470917 -0.3006842562196282 -0.2939199901566018 -0.2939296613938797 -0.28196947886867557 -0.27715967150559945 -0.2654247181178903 -0.2654247181178903 -0.2654247181178903 -0.26608665639399354 -0.2654247181178903 -0.22090296888232583 -0.24586173368406258 -0.24541108786674604 -0.17653724512913108 -0.23093757607330573 -0.20166298059068932 -0.1491337429988009 -0.17121110784555274 -0.14863594575488256 -0.15504364634549625 -0.14863594575488256 -0.1444540315950841 -0.1444540315950841 -0.1404648365241943 -0.10452246947905046 -0.09141389627260586 -0.09141389627260586 -0.08456607331910931 -0.08456607331910931 -0.08523252492820958 -0.06033955019202001 -0.041684742660770414
-0.30081507163199683 -0.30081507163199683 -0.30081507163199683 -0.30081507163199683 -0.34370279409198634 -0.34370279409198634 -0.30081507163199683 -0.30081507163199683 -0.30081507163199683 -0.30081507163199683 -0.30081507163199683 -0.30081507163199683 -0.30081507163199683 -0.30081507163199683 -0.30081507163199683 -0.30081507163199683 -0.18564252061927516 -0.30081507163199683 -0.30081507163199683 -0.30081507163199683 -0.30081507163199683 -0.38845389732552343 -0.30081507163199683 -0.30081507163199683 -0.38845389732552343 -0.38845389732552343 -0.30081507163199683 -0.5703017107973988 -0.30081507163199683 -0.30081507163199683 -0.30081507163199683 -0.30081507163199683 -0.30081507163199683 -0.30081507163199683 -0.30081507163199683 -0.30081507163199683 -0.30081507163199683 -0.30081507163199683 -0.30081507163199683 -0.30081507163199683 -0.38845389732552343 -0.30081507163199683 -0.30081507163199683 -0.30081507163199683 -0.3097505100373713 -0.30081507163199683 -0.30081507163199683 -0.30081507163199683 -0.30081507163199683 -0.30081507163199683 -0.30081507163199683 -0.22736153281851018 -0.2263842036506563 -0.22736153281851018 -0.2263842036506563 -0.30081507163199683 -0.22736153281851018 -0.2263842036506563 -0.30081507163199683 -0.18564252061927516 -0.30081507163199683 -0.30081507163199683 -0.2263842036506563 -0.22736153281851018 -0.22736153281851018 -0.30081507163199683 -0.30081507163199683 -0.30081507163199683 -0.30081507163199683 -0.30081507163199683 -0.30081507163199683 -0.22736153281851018 -0.2263842036506563 -0.30081507163199683 -0.2982198822470917 -0.3006842562196282 -0.2939199901566018 -0.2939296613938797 -0.28196947886867557 -0.27715967150559945 -0.2654247181178903 -0.2654247181178903 -0.2654247181178903 -0.26608665639399354 -0.2654247181178903 -0.22090296888232583 -0.24586173368406258 -0.24541108786674604 -0.17653724512913108 -0.23093757607330573 -0.20166298059068932 -0.1491337429988009 -0.17121110784555274 -0.14863594575488256 -0.15504364634549625 -0.14863594575488256 -0.1444540315950841 -0.1444540315950841 -0.1404648365241943 -0.10452246947905046 -0.09141389627260586 -0.09141389627260586 -0.08456607331910931 -0.08456607331910931 -0.08523252492820958 -0.06033955019202001 -0.041684742660770414
-0.4075563460262548 -0.4075563460262548 -0.4075563460262548 -0.4075563460262548 -0.30081507163199683 -0.30081507163199683 -0.4075563460262548 -0.34820510064449456 -0.34820510064449456 -0.4075563460262548 -0.34820510064449456 -0.34820510064449456 -0.4075563460262548 -0.34820510064449456 -0.34820510064449456 -0.36261342675090835 -0.18564252061927516 -0.36261342675090835 -0.4075563460262548 -0.4075563460262548 -0.4075563460262548 -0.30081507163199683 -0.4075563460262548 -0.4075563460262548 -0.30081507163199683 -0.30081507163199683 -0.36261342675090835 -0.30081507163199683 -0.5170190698217383 -0.4075563460262548 -0.4990134957361771 -0.4011225909289649 -0.36261342675090835 -0.34820510064449456 -0.34820510064449456 -0.4075563460262548 -0.34820510064449456 -0.36261342675090835 -0.36261342675090835 -0.36261342675090835 -0.30081507163199683 -0.4011225909289649 -0.4011225909289649 -0.4011225909289649 -0.30081507163199683 -0.39955595549143097 -0.39955595549143097 -0.42630061175498296 -0.32138285840123076 -0.32138285840123076 -0.4075563460262548 -0.22736153281851018 -0.2263842036506563 -0.22736153281851018 -0.2263842036506563 -0.4004357596887059 -0.22736153281851018 -0.2263842036506563 -0.34820510064449456 -0.18564252061927516 -0.34820510064449456 -0.36727172986803136 -0.2263842036506563 -0.22736153281851018 -0.22736153281851018 -0.35350854350742145 -0.35350854350742145 -0.3407480597407193 -0.3450461941239237 -0.3407480597407193 -0.3407480597407193 -0.22736153281851018 -0.2263842036506563 -0.31726946358897357 -0.2982198822470917 -0.3006842562196282 -0.2939199901566018 -0.2939296613938797 -0.28196947886867557 -0.27715967150559945 -0.2654247181178903 -0.2654247181178903 -0.2654247181178903 -0.26608665639399354 -0.2654247181178903 -0.22090296888232583 -0.24586173368406258 -0.24541108786674604 -0.17653724512913108 -0.23093757607330573 -0.20166298059068932 -0.1491337429988009 -0.17121110784555274 -0.14863594575488256 -0.15504364634549625 -0.14863594575488256 -0.1444540315950841 -0.1444540315950841 -0.1404648365241943 -0.10452246947905046 -0.09141389627260586 -0.09141389627260586 -0.08456607331910931 -0.08456607331910931 -0.08523252492820958 -0.06033955019202001 -0.041684742660770414
-0.5068538918429021 -0.4406062834443337 -0.4406062834443337 -0.4406062834443337 -0.30081507163199683 -0.30081507163199683 -0.4406062834443337 -0.34820510064449456 -0.34820510064449456 -0.4406062834443337 -0.34820510064449456 -0.34820510064449456 -0.4406062834443337 -0.34820510064449456 -0.34820510064449456 -0.36261342675090835 -0.18564252061927516 -0.36261342675090835 -0.5068538918429021 -0.5068538918429021 -0.5068538918429021 -0.30081507163199683 -0.5068538918429021 -0.5068538918429021 -0.30081507163199683 -0.30081507163199683 -0.36261342675090835 -0.30081507163199683 -0.4075563460262548 -0.5131973448723951 -0.4075563460262548 -0.4011225909289649 -0.36261342675090835 -0.34820510064449456 -0.34820510064449456 -0.4406062834443337 -0.34820510064449456 -0.36261342675090835 -0.36261342675090835 -0.36261342675090835 -0.30081507163199683 -0.4011225909289649 -0.4011225909289649 -0.4011225909289649 -0.30081507163199683 -0.39955595549143097 -0.39955595549143097 -0.4075563460262548 -0.32138285840123076 -0.32138285840123076 -0.40804585257469345 -0.22736153281851018 -0.2263842036506563 -0.22736153281851018 -0.2263842036506563 -0.4004357596887059 -0.22736153281851018 -0.2263842036506563 -0.34820510064449456 -0.18564252061927516 -0.34820510064449456 -0.36727172986803136 -0.2263842036506563 -0.22736153281851018 -0.22736153281851018 -0.35350854350742145 -0.35350854350742145 -0.3407480597407193 -0.3450461941239237 -0.3407480597407193 -0.3407480597407193 -0.22736153281851018 -0.2263842036506563 -0.31726946358897357 -0.2982198822470917 -0.3006842562196282 -0.2939199901566018 -0.2939296613938797 -0.28196947886867557 -0.27715967150559945 -0.2654247181178903 -0.2654247181178903 -0.2654247181178903 -0.26608665639399354 -0.2654247181178903 -0.22090296888232583 -0.24586173368406258 -0.24541108786674604 -0.17653724512913108 -0.23093757607330573 -0.20166298059068932 -0.1491337429988009 -0.17121110784555274 -0.14863594575488256 -0.15504364634549625 -0.14863594575488256 -0.1444540315950841 -0.1444540315950841 -0.1404648365241943 -0.10452246947905046 -0.09141389627260586 -0.09141389627260586 -0.08456607331910931 -0.08456607331910931 -0.08523252492820958 -0.06033955019202001 -0.041684742660770414
-0.4075563460262548 -0.4075563460262548 -0.4075563460262548 -0.4075563460262548 -0.30081507163199683 -0.30081507163199683 -0.4075563460262548 -0.34820510064449456 -0.34820510064449456 -0.4075563460262548 -0.34820510064449456 -0.34820510064449456 -0.4075563460262548 -0.34820510064449456 -0.34820510064449456 -0.36261342675090835 -0.18564252061927516 -0.36261342675090835 -0.4075563460262548 -0.4075563460262548 -0.4075563460262548 -0.30081507163199683 -0.4075563460262548 -0.4075563460262548 -0.30081507163199683 -0.30081507163199683 -0.36261342675090835 -0.30081507163199683 -0.4990134957361771 -0.4075563460262548 -0.5013604402854624 -0.4011225909289649 -0.36261342675090835 -0.34820510064449456 -0.34820510064449456 -0.4075563460262548 -0.34820510064449456 -0.36261342675090835 -0.36261342675090835 -0.36261342675090835 -0.30081507163199683 -0.4011225909289649 -0.4011225909289649 -0.4011225909289649 -0.30081507163199683 -0.39955595549143097 -0.39955595549143097 -0.42630061175498296 -0.32138285840123076 -0.32138285840123076 -0.4075563460262548 -0.22736153281851018 -0.2263842036506563 -0.22736153281851018 -0.2263842036506563 -0.4004357596887059 -0.22736153281851018 -0.2263842036506563 -0.34820510064449456 -0.18564252061927516 -0.34820510064449456 -0.36727172986803136 -0.2263842036506563 -0.22736153281851018 -0.22736153281851018 -0.35350854350742145 -0.35350854350742145 -0.3407480597407193 -0.3450461941239237 -0.3407480597407193 -0.3407480597407193 -0.22736153281851018 -0.2263842036506563 -0.31726946358897357 -0.2982198822470917 -0.3006842562196282 -0.2939199901566018 -0.2939296613938797 -0.28196947886867557 -0.27715967150559945 -0.2654247181178903 -0.2654247181178903 -0.2654247181178903 -0.26608665639399354 -0.2654247181178903 -0.22090296888232583 -0.24586173368406258 -0.24541108786674604 -0.17653724512913108 -0.23093757607330573 -0.20166298059068932 -0.1491337429988009 -0.17121110784555274 -0.14863594575488256 -0.15504364634549625 -0.14863594575488256 -0.1444540315950841 -0.1444540315950841 -0.1404648365241943 -0.10452246947905046 -0.09141389627260586 -0.09141389627260586 -0.08456607331910931 -0.08456607331910931 -0.08523252492820958 -0.06033955019202001 -0.041684742660770414
-0.4011225909289649 -0.4011225909289649 -0.4011225909289649 -0.4011225909289649 -0.30081507163199683 -0.30081507163199683 -0.4011225909289649 -0.34820510064449456 -0.34820510064449456 -0.4011225909289649 -0.34820510064449456 -0.34820510064449456 -0.4011225909289649 -0.34820510064449456 -0.34820510064449456 -0.36261342675090835 -0.18564252061927516 -0.36261342675090835 -0.4011225909289649 -0.4011225909289649 -0.4011225909289649 -0.30081507163199683 -0.4011225909289649 -0.4011225909289649 -0.30081507163199683 -0.30081507163199683 -0.36261342675090835 -0.30081507163199683 -0.4011225909289649 -0.4011225909289649 -0.4011225909289649 -0.49824939583124095 -0.36261342675090835 -0.34820510064449456 -0.34820510064449456 -0.4011225909289649 -0.34820510064449456 -0.36261342675090835 -0.36261342675090835 -0.36261342675090835 -0.30081507163199683 -0.45493701580959134 -0.45493701580959134 -0.45372415887890877 -0.30081507163199683 -0.39955595549143097 -0.39955595549143097 -0.4011225909289649 -0.32138285840123076 -0.32138285840123076 -0.4011225909289649 -0.22736153281851018 -0.2263842036506563 -0.22736153281851018 -0.2263842036506563 -0.4004357596887059 -0.22736153281851018 -0.2263842036506563 -0.34820510064449456 -0.18564252061927516 -0.34820510064449456 -0.36727172986803136 -0.2263842036506563 -0.22736153281851018 -0.22736153281851018 -0.35350854350742145 -0.35350854350742145 -0.3407480597407193 -0.3450461941239237 -0.3407480597407193 -0.3407480597407193 -0.22736153281851018 -0.2263842036506563 -0.31726946358897357 -0.2982198822470917 -0.3006842562196282 -0.2939199901566018 -0.2939296613938797 -0.28196947886867557 -0.27715967150559945 -0.2654247181178903 -0.2654247181178903 -0.2654247181178903 -0.26608665639399354 -0.2654247181178903 -0.22090296888232583 -0.24586173368406258 -0.24541108786674604 -0.17653724512913108 -0.23093757607330573 -0.20166298059068932 -0.1491337429988009 -0.17121110784555274 -0.14863594575488256 -0.15504364634549625 -0.14863594575488256 -0.1444540315950841 -0.1444540315950841 -0.1404648365241943 -0.10452246947905046 -0.09141389627260586 -0.09141389627260586 -0.08456607331910931 -0.08456607331910931 -0.08523252492820958 -0.06033955019202001 -0.041684742660770414
-0.36261342675090835 -0.36261342675090835 -0.36261342675090835 -0.36261342675090835 -0.30081507163199683 -0.30081507163199683 -0.36261342675090835 -0.34820510064449456 -0.34820510064449456 -0.36261342675090835 -0.34820510064449456 -0.34820510064449456 -0.36261342675090835 -0.34820510064449456 -0.34820510064449456 -0.48102800856115047 -0.18564252061927516 -0.48102800856115047 -0.36261342675090835 -0.36261342675090835 -0.36261342675090835 -0.30081507163199683 -0.36261342675090835 -0.36261342675090835 -0.30081507163199683 -0.30081507163199683 -0.48102800856115047 -0.30081507163199683 -0.36261342675090835 -0.36261342675090835 -0.36261342675090835 -0.36261342675090835 -0.49268397724906043 -0.34820510064449456 -0.34820510064449456 -0.36261342675090835 -0.34820510064449456 -0.45927863839169497 -0.45927863839169497 -0.45927863839169497 -0.30081507163199683 -0.36261342675090835 -0.36261342675090835 -0.36261342675090835 -0.30081507163199683 -0.36261342675090835 -0.36261342675090835 -0.36261342675090835 -0.32138285840123076 -0.32138285840123076 -0.36261342675090835 -0.22736153281851018 -0.2263842036506563 -0.22736153281851018 -0.2263842036506563 -0.36261342675090835 -0.22736153281851018 -0.2263842036506563 -0.34820510064449456 -0.18564252061927516 -0.34820510064449456 -0.36261342675090835 -0.2263842036506563 -0.22736153281851018 -0.22736153281851018 -0.35350854350742145 -0.35350854350742145 -0.3407480597407193 -0.3450461941239237 -0.3407480597407193 -0.3407480597407193 -0.22736153281851018 -0.2263842036506563 -0.31726946358897357 -0.2982198822470917 -0.3006842562196282 -0.2939199901566018 -0.2939296613938797 -0.28196947886867557 -0.27715967150559945 -0.2654247181178903 -0.2654247181178903 -0.2654247181178903 -0.26608665639399354 -0.2654247181178903 -0.22090296888232583 -0.24586173368406258 -0.24541108786674604 -0.17653724512913108 -0.23093757607330573 -0.20166298059068932 -0.1491337429988009 -0.17121110784555274 -0.14863594575488256 -0.15504364634549625 -0.14863594575488256 -0.1444540315950841 -0.1444540315950841 -0.1404648365241943 -0.10452246947905046 -0.09141389627260586 -0.09141389627260586 -0.08456607331910931 -0.08456607331910931 -0.08523252492820958 -0.06033955019202001 -0.041684742660770414
-0.34820510064449456 -0.34820510064449456 -0.34820510064449456 -0.34820510064449456 -0.30081507163199683 -0.30081507163199683 -0.34820510064449456 -0.45253679167898564 -0.45253679167898564 -0.34820510064449456 -0.45253679167898564 -0.45253679167898564 -0.34820510064449456 -0.45253679167898564 -0.45253679167898564 -0.34820510064449456 -0.18564252061927516 -0.34820510064449456 -0.34820510064449456 -0.34820510064449456 -0.34820510064449456 -0.30081507163199683 -0.34820510064449456 -0.34820510064449456 -0.30081507163199683 -0.30081507163199683 -0.34820510064449456 -0.30081507163199683 -0.34820510064449456 -0.34820510064449456 -0.34820510064449456 -0.34820510064449456 -0.34820510064449456 -0.4915228358743104 -0.4663924766734849 -0.34820510064449456 -0.4663924766734849 -0.34820510064449456 -0.34820510064449456 -0.34820510064449456 -0.30081507163199683 -0.34820510064449456 -0.34820510064449456 -0.34820510064449456 -0.30081507163199683 -0.34820510064449456 -0.34820510064449456 -0.34820510064449456 -0.32138285840123076 -0.32138285840123076 -0.34820510064449456 -0.22736153281851018 -0.2263842036506563 -0.22736153281851018 -0.2263842036506563 -0.34820510064449456 -0.22736153281851018 -0.2263842036506563 -0.37449732308824646 -0.18564252061927516 -0.37449732308824646 -0.34820510064449456 -0.2263842036506563 -0.22736153281851018 -0.22736153281851018 -0.34820510064449456 -0.34820510064449456 -0.3407480597407193 -0.3450461941239237 -0.3407480597407193 -0.3407480597407193 -0.22736153281851018 -0.2263842036506563 -0.31726946358897357 -0.2982198822470917 -0.3006842562196282 -0.2939199901566018 -0.2939296613938797 -0.28196947886867557 -0.27715967150559945 -0.2654247181178903 -0.2654247181178903 -0.2654247181178903 -0.26608665639399354 -0.2654247181178903 -0.22090296888232583 -0.24586173368406258 -0.24541108786674604 -0.17653724512913108 -0.23093757607330573 -0.20166298059068932 -0.1491337429988009 -0.17121110784555274 -0.14863594575488256 -0.15504364634549625 -0.14863594575488256 -0.1444540315950841 -0.1444540315950841 -0.1404648365241943 -0.10452246947905046 -0.09141389627260586 -0.09141389627260586 -0.08456607331910931 -0.08456607331910931 -0.08523252492820958 -0.06033955019202001 -0.041684742660770414
-0.34820510064449456 -0.34820510064449456 -0.34820510064449456 -0.34820510064449456 -0.30081507163199683 -0.30081507163199683 -0.34820510064449456 -0.45253679167898564 -0.45253679167898564 -0.34820510064449456 -0.45253679167898564 -0.45253679167898564 -0.34820510064449456 -0.45253679167898564 -0.45253679167898564 -0.34820510064449456 -0.18564252061927516 -0.34820510064449456 -0.34820510064449456 -0.34820510064449456 -0.34820510064449456 -0.30081507163199683 -0.34820510064449456 -0.34820510064449456 -0.30081507163199683 -0.30081507163199683 -0.34820510064449456 -0.30081507163199683 -0.34820510064449456 -0.34820510064449456 -0.34820510064449456 -0.34820510064449456 -0.34820510064449456 -0.4663924766734849 -0.482044423342678 -0.34820510064449456 -0.4774011925326362 -0.34820510064449456 -0.34820510064449456 -0.34820510064449456 -0.30081507163199683 -0.34820510064449456 -0.34820510064449456 -0.34820510064449456 -0.30081507163199683 -0.34820510064449456 -0.34820510064449456 -0.34820510064449456 -0.32138285840123076 -0.32138285840123076 -0.34820510064449456 -0.22736153281851018 -0.2263842036506563 -0.22736153281851018 -0.2263842036506563 -0.34820510064449456 -0.22736153281851018 -0.2263842036506563 -0.37449732308824646 -0.18564252061927516 -0.37449732308824646 -0.34820510064449456 -0.2263842036506563 -0.22736153281851018 -0.22736153281851018 -0.34820510064449456 -0.34820510064449456 -0.3407480597407193 -0.3450461941239237 -0.3407480597407193 -0.3407480597407193 -0.22736153281851018 -0.2263842036506563 -0.31726946358897357 -0.2982198822470917 -0.3006842562196282 -0.2939199901566018 -0.2939296613938797 -0.28196947886867557 -0.27715967150559945 -0.2654247181178903 -0.2654247181178903 -0.2654247181178903 -0.26608665639399354 -0.2654247181178903 -0.22090296888232583 -0.24586173368406258 -0.24541108786674604 -0.17653724512913108 -0.23093757607330573 -0.20166298059068932 -0.1491337429988009 -0.17121110784555274 -0.14863594575488256 -0.15504364634549625 -0.14863594575488256 -0.1444540315950841 -0.1444540315950841 -0.1404648365241943 -0.10452246947905046 -0.09141389627260586 -0.09141389627260586 -0.08456607331910931 -0.08456607331910931 -0.08523252492820958 -0.06033955019202001 -0.041684742660770414
-0.4406062834443337 -0.45177369683047214 -0.45642998318042854 -0.45642998318042854 -0.30081507163199683 -0.30081507163199683 -0.45177369683047214 -0.34820510064449456 -0.34820510064449456 -0.45177369683047214 -0.34820510064449456 -0.34820510064449456 -0.45177369683047214 -0.34820510064449456 -0.34820510064449456 -0.36261342675090835 -0.18564252061927516 -0.36261342675090835 -0.4406062834443337 -0.4406062834443337 -0.4406062834443337 -0.30081507163199683 -0.4406062834443337 -0.4406062834443337 -0.30081507163199683 -0.30081507163199683 -0.36261342675090835 -0.30081507163199683 -0.4075563460262548 -0.4406062834443337 -0.4075563460262548 -0.4011225909289649 -0.36261342675090835 -0.34820510064449456 -0.34820510064449456 -0.4789641974740788 -0.34820510064449456 -0.36261342675090835 -0.36261342675090835 -0.36261342675090835 -0.30081507163199683 -0.4011225909289649 -0.4011225909289649 -0.4011225909289649 -0.30081507163199683 -0.39955595549143097 -0.39955595549143097 -0.4075563460262548 -0.32138285840123076 -0.32138285840123076 -0.40804585257469345 -0.22736153281851018 -0.2263842036506563 -0.22736153281851018 -0.2263842036506563 -0.4004357596887059 -0.22736153281851018 -0.2263842036506563 -0.34820510064449456 -0.18564252061927516 -0.34820510064449456 -0.36727172986803136 -0.2263842036506563 -0.22736153281851018 -0.22736153281851018 -0.35350854350742145 -0.35350854350742145 -0.3407480597407193 -0.3450461941239237 -0.3407480597407193 -0.3407480597407193 -0.22736153281851018 -0.2263842036506563 -0.31726946358897357 -0.2982198822470917 -0.3006842562196282 -0.2939199901566018 -0.2939296613938797 -0.28196947886867557 -0.27715967150559945 -0.2654247181178903 -0.2654247181178903 -0.2654247181178903 -0.26608665639399354 -0.2654247181178903 -0.22090296888232583 -0.24586173368406258 -0.24541108786674604 -0.17653724512913108 -0.23093757607330573 -0.20166298059068932 -0.1491337429988009 -0.17121110784555274 -0.14863594575488256 -0.15504364634549625 -0.14863594575488256 -0.1444540315950841 -0.1444540315950841 -0.1404648365241943 -0.10452246947905046 -0.09141389627260586 -0.09141389627260586 -0.08456607331910931 -0.08456607331910931 -0.08523252492820958 -0.06033955019202001 -0.041684742660770414
-0.34820510064449456 -0.34820510064449456 -0.34820510064449456 -0.34820510064449456 -0.30081507163199683 -0.30081507163199683 -0.34820510064449456 -0.45253679167898564 -0.45253679167898564 -0.34820510064449456 -0.45253679167898564 -0.45253679167898564 -0.34820510064449456 -0.45253679167898564 -0.45253679167898564 -0.34820510064449456 -0.18564252061927516 -0.34820510064449456 -0.34820510064449456 -0.34820510064449456 -0.34820510064449456 -0.30081507163199683 -0.34820510064449456 -0.34820510064449456 -0.30081507163199683 -0.30081507163199683 -0.34820510064449456 -0.30081507163199683 -0.34820510064449456 -0.34820510064449456 -0.34820510064449456 -0.34820510064449456 -0.34820510064449456 -0.4663924766734849 -0.4774011925326362 -0.34820510064449456 -0.47856464957668365 -0.34820510064449456 -0.34820510064449456 -0.34820510064449456 -0.30081507163199683 -0.34820510064449456 -0.34820510064449456 -0.34820510064449456 -0.30081507163199683 -0.34820510064449456 -0.34820510064449456 -0.34820510064449456 -0.32138285840123076 -0.32138285840123076 -0.34820510064449456 -0.22736153281851018 -0.2263842036506563 -0.22736153281851018 -0.2263842036506563 -0.34820510064449456 -0.22736153281851018 -0.2263842036506563 -0.37449732308824646 -0.18564252061927516 -0.37449732308824646 -0.34820510064449456 -0.2263842036506563 -0.22736153281851018 -0.22736153281851018 -0.34820510064449456 -0.34820510064449456 -0.3407480597407193 -0.3450461941239237 -0.3407480597407193 -0.3407480597407193 -0.22736153281851018 -0.2263842036506563 -0.31726946358897357 -0.2982198822470917 -0.3006842562196282 -0.2939199901566018 -0.2939296613938797 -0.28196947886867557 -0.27715967150559945 -0.2654247181178903 -0.2654247181178903 -0.2654247181178903 -0.26608665639399354 -0.2654247181178903 -0.22090296888232583 -0.24586173368406258 -0.24541108786674604 -0.17653724512913108 -0.23093757607330573 -0.20166298059068932 -0.1491337429988009 -0.17121110784555274 -0.14863594575488256 -0.15504364634549625 -0.14863594575488256 -0.1444540315950841 -0.1444540315950841 -0.1404648365241943 -0.10452246947905046 -0.09141389627260586 -0.09141389627260586 -0.08456607331910931 -0.08456607331910931 -0.08523252492820958 -0.06033955019202001 -0.041684742660770414
-0.36261342675090835 -0.36261342675090835 -0.36261342675090835 -0.36261342675090835 -0.30081507163199683 -0.30081507163199683 -0.36261342675090835 -0.34820510064449456 -0.34820510064449456 -0.36261342675090835 -0.34820510064449456 -0.34820510064449456 -0.36261342675090835 -0.34820510064449456 -0.34820510064449456 -0.45927863839169497 -0.18564252061927516 -0.45927863839169497 -0.36261342675090835 -0.36261342675090835 -0.36261342675090835 -0.30081507163199683 -0.36261342675090835 -0.36261342675090835 -0.30081507163199683 -0.30081507163199683 -0.45927863839169497 -0.30081507163199683 -0.36261342675090835 -0.36261342675090835 -0.36261342675090835 -0.36261342675090835 -0.45927863839169497 -0.34820510064449456 -0.34820510064449456 -0.36261342675090835 -0.34820510064449456 -0.4742015266477716 -0.4687664512866055 -0.47018079236061716 -0.30081507163199683 -0.36261342675090835 -0.36261342675090835 -0.36261342675090835 -0.30081507163199683 -0.36261342675090835 -0.36261342675090835 -0.36261342675090835 -0.32138285840123076 -0.32138285840123076 -0.36261342675090835 -0.22736153281851018 -0.2263842036506563 -0.22736153281851018 -0.2263842036506563 -0.36261342675090835 -0.22736153281851018 -0.2263842036506563 -0.34820510064449456 -0.18564252061927516 -0.34820510064449456 -0.36261342675090835 -0.2263842036506563 -0.22736153281851018 -0.22736153281851018 -0.35350854350742145 -0.35350854350742145 -0.3407480597407193 -0.3450461941239237 -0.3407480597407193 -0.3407480597407193 -0.22736153281851018 -0.2263842036506563 -0.31726946358897357 -0.2982198822470917 -0.3006842562196282 -0.2939199901566018 -0.2939296613938797 -0.28196947886867557 -0.27715967150559945 -0.2654247181178903 -0.2654247181178903 -0.2654247181178903 -0.26608665639399354 -0.2654247181178903 -0.22090296888232583 -0.24586173368406258 -0.24541108786674604 -0.17653724512913108 -0.23093757607330573 -0.20166298059068932 -0.1491337429988009 -0.17121110784555274 -0.14863594575488256 -0.15504364634549625 -0.14863594575488256 -0.1444540315950841 -0.1444540315950841 -0.1404648365241943 -0.10452246947905046 -0.09141389627260586 -0.09141389627260586 -0.08456607331910931 -0.08456607331910931 -0.08523252492820958 -0.06033955019202001 -0.041684742660770414
-0.36261342675090835 -0.36261342675090835 -0.36261342675090835 -0.36261342675090835 -0.30081507163199683 -0.30081507163199683 -0.36261342675090835 -0.34820510064449456 -0.34820510064449456 -0.36261342675090835 -0.34820510064449456 -0.34820510064449456 -0.36261342675090835 -0.34820510064449456 -0.34820510064449456 -0.45927863839169497 -0.18564252061927516 -0.45927863839169497 -0.36261342675090835 -0.36261342675090835 -0.36261342675090835 -0.30081507163199683 -0.36261342675090835 -0.36261342675090835 -0.30081507163199683 -0.30081507163199683 -0.45927863839169497 -0.30081507163199683 -0.36261342675090835 -0.36261342675090835 -0.36261342675090835 -0.36261342675090835 -0.45927863839169497 -0.34820510064449456 -0.34820510064449456 -0.36261342675090835 -0.34820510064449456 -0.4687664512866055 -0.47123649523554184 -0.4687664512866055 -0.30081507163199683 -0.36261342675090835 -0.36261342675090835 -0.36261342675090835 -0.30081507163199683 -0.36261342675090835 -0.36261342675090835 -0.36261342675090835 -0.32138285840123076 -0.32138285840123076 -0.36261342675090835 -0.22736153281851018 -0.2263842036506563 -0.22736153281851018 -0.2263842036506563 -0.36261342675090835 -0.22736153281851018 -0.2263842036506563 -0.34820510064449456 -0.18564252061927516 -0.34820510064449456 -0.36261342675090835 -0.2263842036506563 -0.22736153281851018 -0.22736153281851018 -0.35350854350742145 -0.35350854350742145 -0.3407480597407193 -0.3450461941239237 -0.3407480597407193 -0.3407480597407193 -0.22736153281851018 -0.2263842036506563 -0.31726946358897357 -0.2982198822470917 -0.3006842562196282 -0.2939199901566018 -0.2939296613938797 -0.28196947886867557 -0.27715967150559945 -0.2654247181178903 -0.2654247181178903 -0.2654247181178903 -0.26608665639399354 -0.2654247181178903 -0.22090296888232583 -0.24586173368406258 -0.24541108786674604 -0.17653724512913108 -0.23093757607330573 -0.20166298059068932 -0.1491337429988009 -0.17121110784555274 -0.14863594575488256 -0.15504364634549625 -0.14863594575488256 -0.1444540315950841 -0.1444540315950841 -0.1404648365241943 -0.10452246947905046 -0.09141389627260586 -0.09141389627260586 -0.08456607331910931 -0.08456607331910931 -0.08523252492820958 -0.06033955019202001 -0.041684742660770414
-0.36261342675090835 -0.36261342675090835 -0.36261342675090835 -0.36261342675090835 -0.30081507163199683 -0.30081507163199683 -0.36261342675090835 -0.34820510064449456 -0.34820510064449456 -0.36261342675090835 -0.34820510064449456 -0.34820510064449456 -0.36261342675090835 -0.34820510064449456 -0.34820510064449456 -0.45927863839169497 -0.18564252061927516 -0.45927863839169497 -0.36261342675090835 -0.36261342675090835 -0.36261342675090835 -0.30081507163199683 -0.36261342675090835 -0.36261342675090835 -0.30081507163199683 -0.30081507163199683 -0.45927863839169497 -0.30081507163199683 -0.36261342675090835 -0.36261342675090835 -0.36261342675090835 -0.36261342675090835 -0.45927863839169497 -0.34820510064449456 -0.34820510064449456 -0.36261342675090835 -0.34820510064449456 -0.47018079236061716 -0.4687664512866055 -0.47069975176194806 -0.30081507163199683 -0.36261342675090835 -0.36261342675090835 -0.36261342675090835 -0.30081507163199683 -0.36261342675090835 -0.36261342675090835 -0.36261342675090835 -0.32138285840123076 -0.32138285840123076 -0.36261342675090835 -0.22736153281851018 -0.2263842036506563 -0.22736153281851018 -0.2263842036506563 -0.36261342675090835 -0.22736153281851018 -0.2263842036506563 -0.34820510064449456 -0.18564252061927516 -0.34820510064449456 -0.36261342675090835 -0.2263842036506563 -0.22736153281851018 -0.22736153281851018 -0.35350854350742145 -0.35350854350742145 -0.3407480597407193 -0.3450461941239237 -0.3407480597407193 -0.3407480597407193 -0.22736153281851018 -0.2263842036506563 -0.31726946358897357 -0.2982198822470917 -0.3006842562196282 -0.2939199901566018 -0.2939296613938797 -0.28196947886867557 -0.27715967150559945 -0.2654247181178903 -0.2654247181178903 -0.2654247181178903 -0.26608665639399354 -0.2654247181178903 -0.22090296888232583 -0.24586173368406258 -0.24541108786674604 -0.17653724512913108 -0.23093757607330573 -0.20166298059068932 -0.1491337429988009 -0.17121110784555274 -0.14863594575488256 -0.15504364634549625 -0.14863594575488256 -0.1444540315950841 -0.1444540315950841 -0.1404648365241943 -0.10452246947905046 -0.09141389627260586 -0.09141389627260586 -0.08456607331910931 -0.08456607331910931 -0.08523252492820958 -0.06033955019202001 -0.041684742660770414
-0.30081507163199683 -0.30081507163199683 -0.30081507163199683 -0.30081507163199683 -0.34370279409198634 -0.34370279409198634 -0.30081507163199683 -0.30081507163199683 -0.30081507163199683 -0.30081507163199683 -0.30081507163199683 -0.30081507163199683 -0.30081507163199683 -0.30081507163199683 -0.30081507163199683 -0.30081507163199683 -0.18564252061927516 -0.30081507163199683 -0.30081507163199683 -0.30081507163199683 -0.30081507163199683 -0.45530824803660874 -0.30081507163199683 -0.30081507163199683 -0.45530824803660874 -0.45530824803660874 -0.30081507163199683 -0.38845389732552343 -0.30081507163199683 -0.30081507163199683 -0.30081507163199683 -0.30081507163199683 -0.30081507163199683 -0.30081507163199683 -0.30081507163199683 -0.30081507163199683 -0.30081507163199683 -0.30081507163199683 -0.30081507163199683 -0.30081507163199683 -0.46463389130358973 -0.30081507163199683 -0.30081507163199683 -0.30081507163199683 -0.3097505100373713 -0.30081507163199683 -0.30081507163199683 -0.30081507163199683 -0.30081507163199683 -0.30081507163199683 -0.30081507163199683 -0.22736153281851018 -0.2263842036506563 -0.22736153281851018 -0.2263842036506563 -0.30081507163199683 -0.22736153281851018 -0.2263842036506563 -0.30081507163199683 -0.18564252061927516 -0.30081507163199683 -0.30081507163199683 -0.2263842036506563 -0.22736153281851018 -0.22736153281851018 -0.30081507163199683 -0.30081507163199683 -0.30081507163199683 -0.30081507163199683 -0.30081507163199683 -0.30081507163199683 -0.22736153281851018 -0.2263842036506563 -0.30081507163199683 -0.2982198822470917 -0.3006842562196282 -0.2939199901566018 -0.2939296613938797 -0.28196947886867557 -0.27715967150559945 -0.2654247181178903 -0.2654247181178903 -0.2654247181178903 -0.26608665639399354 -0.2654247181178903 -0.22090296888232583 -0.24586173368406258 -0.24541108786674604 -0.17653724512913108 -0.23093757607330573 -0.20166298059068932 -0.1491337429988009 -0.17121110784555274 -0.14863594575488256 -0.15504364634549625 -0.14863594575488256 -0.1444540315950841 -0.1444540315950841 -0.1404648365241943 -0.10452246947905046 -0.09141389627260586 -0.09141389627260586 -0.08456607331910931 -0.08456607331910931 -0.08523252492820958 -0.06033955019202001 -0.041684742660770414
-0.4011225909289649 -0.4011225909289649 -0.4011225909289649 -0.4011225909289649 -0.30081507163199683 -0.30081507163199683 -0.4011225909289649 -0.34820510064449456 -0.34820510064449456 -0.4011225909289649 -0.34820510064449456 -0.34820510064449456 -0.4011225909289649 -0.34820510064449456 -0.34820510064449456 -0.36261342675090835 -0.18564252061927516 -0.36261342675090835 -0.4011225909289649 -0.4011225909289649 -0.4011225909289649 -0.30081507163199683 -0.4011225909289649 -0.4011225909289649 -0.30081507163199683 -0.30081507163199683 -0.36261342675090835 -0.30081507163199683 -0.4011225909289649 -0.4011225909289649 -0.4011225909289649 -0.45493701580959134 -0.36261342675090835 -0.34820510064449456 -0.34820510064449456 -0.4011225909289649 -0.34820510064449456 -0.36261342675090835 -0.36261342675090835 -0.36261342675090835 -0.30081507163199683 -0.4628175357684387 -0.45747878960179916 -0.45372415887890877 -0.30081507163199683 -0.39955595549143097 -0.39955595549143097 -0.4011225909289649 -0.32138285840123076 -0.32138285840123076 -0.4011225909289649 -0.22736153281851018 -0.2263842036506563 -0.22736153281851018 -0.2263842036506563 -0.4004357596887059 -0.22736153281851018 -0.2263842036506563 -0.34820510064449456 -0.18564252061927516 -0.34820510064449456 -0.36727172986803136 -0.2263842036506563 -0.22736153281851018 -0.22736153281851018 -0.35350854350742145 -0.35350854350742145 -0.3407480597407193 -0.3450461941239237 -0.3407480597407193 -0.3407480597407193 -0.22736153281851018 -0.2263842036506563 -0.31726946358897357 -0.2982198822470917 -0.3006842562196282 -0.2939199901566018 -0.2939296613938797 -0.28196947886867557 -0.27715967150559945 -0.2654247181178903 -0.2654247181178903 -0.2654247181178903 -0.26608665639399354 -0.2654247181178903 -0.22090296888232583 -0.24586173368406258 -0.24541108786674604 -0.17653724512913108 -0.23093757607330573 -0.20166298059068932 -0.1491337429988009 -0.17121110784555274 -0.14863594575488256 -0.15504364634549625 -0.14863594575488256 -0.1444540315950841 -0.1444540315950841 -0.1404648365241943 -0.10452246947905046 -0.09141389627260586 -0.09141389627260586 -0.08456607331910931 -0.08456607331910931 -0.08523252492820958 -0.06033955019202001 -0.041684742660770414
-0.4011225909289649 -0.4011225909289649 -0.4011225909289649 -0.4011225909289649 -0.30081507163199683 -0.30081507163199683 -0.4011225909289649 -0.34820510064449456 -0.34820510064449456 -0.4011225909289649 -0.34820510064449456 -0.34820510064449456 -0.4011225909289649 -0.34820510064449456 -0.34820510064449456 -0.36261342675090835 -0.18564252061927516 -0.36261342675090835 -0.4011225909289649 -0.4011225909289649 -0.4011225909289649 -0.30081507163199683 -0.4011225909289649 -0.4011225909289649 -0.30081507163199683 -0.30081507163199683 -0.36261342675090835 -0.30081507163199683 -0.4011225909289649 -0.4011225909289649 -0.4011225909289649 -0.45493701580959134 -0.36261342675090835 -0.34820510064449456 -0.34820510064449456 -0.4011225909289649 -0.34820510064449456 -0.36261342675090835 -0.36261342675090835 -0.36261342675090835 -0.30081507163199683 -0.45747878960179916 -0.4577856172463637 -0.45372415887890877 -0.30081507163199683 -0.39955595549143097 -0.39955595549143097 -0.4011225909289649 -0.32138285840123076 -0.32138285840123076 -0.4011225909289649 -0.22736153281851018 -0.2263842036506563 -0.22736153281851018 -0.2263842036506563 -0.4004357596887059 -0.22736153281851018 -0.2263842036506563 -0.34820510064449456 -0.18564252061927516 -0.34820510064449456 -0.36727172986803136 -0.2263842036506563 -0.22736153281851018 -0.22736153281851018 -0.35350854350742145 -0.35350854350742145 -0.3407480597407193 -0.3450461941239237 -0.3407480597407193 -0.3407480597407193 -0.22736153281851018 -0.2263842036506563 -0.31726946358897357 -0.2982198822470917 -0.3006842562196282 -0.2939199901566018 -0.2939296613938797 -0.28196947886867557 -0.27715967150559945 -0.2654247181178903 -0.2654247181178903 -0.2654247181178903 -0.26608665639399354 -0.2654247181178903 -0.22090296888232583 -0.24586173368406258 -0.24541108786674604 -0.17653724512913108 -0.23093757607330573 -0.20166298059068932 -0.1491337429988009 -0.17121110784555274 -0.14863594575488256 -0.15504364634549625 -0.14863594575488256 -0.1444540315950841 -0.1444540315950841 -0.1404648365241943 -0.10452246947905046 -0.09141389627260586 -0.09141389627260586 -0.08456607331910931 -0.08456607331910931 -0.08523252492820958 -0.06033955019202001 -0.041684742660770414
-0.4011225909289649 -0.4011225909289649 -0.4011225909289649 -0.4011225909289649 -0.30081507163199683 -0.30081507163199683 -0.4011225909289649 -0.34820510064449456 -0.34820510064449456 -0.4011225909289649 -0.34820510064449456 -0.34820510064449456 -0.4011225909289649 -0.34820510064449456 -0.34820510064449456 -0.36261342675090835 -0.18564252061927516 -0.36261342675090835 -0.4011225909289649 -0.4011225909289649 -0.4011225909289649 -0.30081507163199683 -0.4011225909289649 -0.4011225909289649 -0.30081507163199683 -0.30081507163199683 -0.36261342675090835 -0.30081507163199683 -0.4011225909289649 -0.4011225909289649 -0.4011225909289649 -0.45372415887890877 -0.36261342675090835 -0.34820510064449456 -0.34820510064449456 -0.4011225909289649 -0.34820510064449456 -0.36261342675090835 -0.36261342675090835 -0.36261342675090835 -0.30081507163199683 -0.45372415887890877 -0.45372415887890877 -0.4545292893829166 -0.30081507163199683 -0.39955595549143097 -0.39955595549143097 -0.4011225909289649 -0.32138285840123076 -0.32138285840123076 -0.4011225909289649 -0.22736153281851018 -0.2263842036506563 -0.22736153281851018 -0.2263842036506563 -0.4004357596887059 -0.22736153281851018 -0.2263842036506563 -0.34820510064449456 -0.18564252061927516 -0.34820510064449456 -0.36727172986803136 -0.2263842036506563 -0.22736153281851018 -0.22736153281851018 -0.35350854350742145 -0.35350854350742145 -0.3407480597407193 -0.3450461941239237 -0.3407480597407193 -0.3407480597407193 -0.22736153281851018 -0.2263842036506563 -0.31726946358897357 -0.2982198822470917 -0.3006842562196282 -0.2939199901566018 -0.2939296613938797 -0.28196947886867557 -0.27715967150559945 -0.2654247181178903 -0.2654247181178903 -0.2654247181178903 -0.26608665639399354 -0.2654247181178903 -0.22090296888232583 -0.24586173368406258 -0.24541108786674604 -0.17653724512913108 -0.23093757607330573 -0.20166298059068932 -0.1491337429988009 -0.17121110784555274 -0.14863594575488256 -0.15504364634549625 -0.14863594575488256 -0.1444540315950841 -0.1444540315950841 -0.1404648365241943 -0.10452246947905046 -0.09141389627260586 -0.09141389627260586 -0.08456607331910931 -0.08456607331910931 -0.08523252492820958 -0.06033955019202001 -0.041684742660770414
-0.30081507163199683 -0.30081507163199683 -0.30081507163199683 -0.30081507163199683 -0.3097505100373713 -0.3097505100373713 -0.30081507163199683 -0.30081507163199683 -0.30081507163199683 -0.30081507163199683 -0.30081507163199683 -0.30081507163199683 -0.30081507163199683 -0.30081507163199683 -0.30081507163199683 -0.30081507163199683 -0.18564252061927516 -0.30081507163199683 -0.30081507163199683 -0.30081507163199683 -0.30081507163199683 -0.3097505100373713 -0.30081507163199683 -0.30081507163199683 -0.3097505100373713 -0.3097505100373713 -0.30081507163199683 -0.3097505100373713 -0.30081507163199683 -0.30081507163199683 -0.30081507163199683 -0.30081507163199683 -0.30081507163199683 -0.30081507163199683 -0.30081507163199683 -0.30081507163199683 -0.30081507163199683 -0.30081507163199683 -0.30081507163199683 -0.30081507163199683 -0.3097505100373713 -0.30081507163199683 -0.30081507163199683 -0.30081507163199683 -0.4317192449054082 -0.30081507163199683 -0.30081507163199683 -0.30081507163199683 -0.30081507163199683 -0.30081507163199683 -0.30081507163199683 -0.22736153281851018 -0.2263842036506563 -0.22736153281851018 -0.2263842036506563 -0.30081507163199683 -0.22736153281851018 -0.2263842036506563 -0.30081507163199683 -0.18564252061927516 -0.30081507163199683 -0.30081507163199683 -0.2263842036506563 -0.22736153281851018 -0.22736153281851018 -0.30081507163199683 -0.30081507163199683 -0.30081507163199683 -0.30081507163199683 -0.30081507163199683 -0.30081507163199683 -0.22736153281851018 -0.2263842036506563 -0.30081507163199683 -0.2982198822470917 -0.3006842562196282 -0.2939199901566018 -0.2939296613938797 -0.28196947886867557 -0.27715967150559945 -0.2654247181178903 -0.2654247181178903 -0.2654247181178903 -0.26608665639399354 -0.2654247181178903 -0.22090296888232583 -0.24586173368406258 -0.24541108786674604 -0.17653724512913108 -0.23093757607330573 -0.20166298059068932 -0.1491337429988009 -0.17121110784555274 -0.14863594575488256 -0.15504364634549625 -0.14863594575488256 -0.1444540315950841 -0.1444540315950841 -0.1404648365241943 -0.10452246947905046 -0.09141389627260586 -0.09141389627260586 -0.08456607331910931 -0.08456607331910931 -0.08523252492820958 -0.06033955019202001 -0.041684742660770414
-0.39955595549143097 -0.39955595549143097 -0.39955595549143097 -0.39955595549143097 -0.30081507163199683 -0.30081507163199683 -0.39955595549143097 -0.34820510064449456 -0.34820510064449456 -0.39955595549143097 -0.34820510064449456 -0.34820510064449456 -0.39955595549143097 -0.34820510064449456 -0.34820510064449456 -0.36261342675090835 -0.18564252061927516 -0.36261342675090835 -0.39955595549143097 -0.39955595549143097 -0.39955595549143097 -0.30081507163199683 -0.39955595549143097 -0.39955595549143097 -0.30081507163199683 -0.30081507163199683 -0.36261342675090835 -0.30081507163199683 -0.39955595549143097 -0.39955595549143097 -0.39955595549143097 -0.39955595549143097 -0.36261342675090835 -0.34820510064449456 -0.34820510064449456 -0.39955595549143097 -0.34820510064449456 -0.36261342675090835 -0.36261342675090835 -0.36261342675090835 -0.30081507163199683 -0.39955595549143097 -0.39955595549143097 -0.39955595549143097 -0.30081507163199683 -0.4312104565722334 -0.4269939956038778 -0.39955595549143097 -0.32138285840123076 -0.32138285840123076 -0.39955595549143097 -0.22736153281851018 -0.2263842036506563 -0.22736153281851018 -0.2263842036506563 -0.39955595549143097 -0.22736153281851018 -0.2263842036506563 -0.34820510064449456 -0.18564252061927516 -0.34820510064449456 -0.36727172986803136 -0.2263842036506563 -0.22736153281851018 -0.22736153281851018 -0.35350854350742145 -0.35350854350742145 -0.3407480597407193 -0.3450461941239237 -0.3407480597407193 -0.3407480597407193 -0.22736153281851018 -0.2263842036506563 -0.31726946358897357 -0.2982198822470917 -0.3006842562196282 -0.2939199901566018 -0.2939296613938797 -0.28196947886867557 -0.27715967150559945 -0.2654247181178903 -0.2654247181178903 -0.2654247181178903 -0.26608665639399354 -0.2654247181178903 -0.22090296888232583 -0.24586173368406258 -0.24541108786674604 -0.17653724512913108 -0.23093757607330573 -0.20166298059068932 -0.1491337429988009 -0.17121110784555274 -0.14863594575488256 -0.15504364634549625 -0.14863594575488256 -0.1444540315950841 -0.1444540315950841 -0.1404648365241943 -0.10452246947905046 -0.09141389627260586 -0.09141389627260586 -0.08456607331910931 -0.08456607331910931 -0.08523252492820958 -0.06033955019202001 -0.041684742660770414
-0.39955595549143097 -0.39955595549143097 -0.39955595549143097 -0.39955595549143097 -0.30081507163199683 -0.30081507163199683 -0.39955595549143097 -0.34820510064449456 -0.34820510064449456 -0.39955595549143097 -0.34820510064449456 -0.34820510064449456 -0.39955595549143097 -0.34820510064449456 -0.34820510064449456 -0.36261342675090835 -0.18564252061927516 -0.36261342675090835 -0.39955595549143097 -0.39955595549143097 -0.39955595549143097 -0.30081507163199683 -0.39955595549143097 -0.39955595549143097 -0.30081507163199683 -0.30081507163199683 -0.36261342675090835 -0.30081507163199683 -0.39955595549143097 -0.39955595549143097 -0.39955595549143097 -0.39955595549143097 -0.36261342675090835 -0.34820510064449456 -0.34820510064449456 -0.39955595549143097 -0.34820510064449456 -0.36261342675090835 -0.36261342675090835 -0.36261342675090835 -0.30081507163199683 -0.39955595549143097 -0.39955595549143097 -0.39955595549143097 -0.30081507163199683 -0.4269939956038778 -0.42961751512187524 -0.39955595549143097 -0.32138285840123076 -0.32138285840123076 -0.39955595549143097 -0.22736153281851018 -0.2263842036506563 -0.22736153281851018 -0.2263842036506563 -0.39955595549143097 -0.22736153281851018 -0.2263842036506563 -0.34820510064449456 -0.18564252061927516 -0.34820510064449456 -0.36727172986803136 -0.2263842036506563 -0.22736153281851018 -0.22736153281851018 -0.35350854350742145 -0.35350854350742145 -0.3407480597407193 -0.3450461941239237 -0.3407480597407193 -0.3407480597407193 -0.22736153281851018 -0.2263842036506563 -0.31726946358897357 -0.2982198822470917 -0.3006842562196282 -0.2939199901566018 -0.2939296613938797 -0.28196947886867557 -0.27715967150559945 -0.2654247181178903 -0.2654247181178903 -0.2654247181178903 -0.26608665639399354 -0.2654247181178903 -0.22090296888232583 -0.24586173368406258 -0.24541108786674604 -0.17653724512913108 -0.23093757607330573 -0.20166298059068932 -0.1491337429988009 -0.17121110784555274 -0.14863594575488256 -0.15504364634549625 -0.14863594575488256 -0.1444540315950841 -0.1444540315950841 -0.1404648365241943 -0.10452246947905046 -0.09141389627260586 -0.09141389627260586 -0.08456607331910931 -0.08456607331910931 -0.08523252492820958 -0.06033955019202001 -0.041684742660770414
-0.4075563460262548 -0.4075563460262548 -0.4075563460262548 -0.4075563460262548 -0.30081507163199683 -0.30081507163199683 -0.4075563460262548 -0.34820510064449456 -0.34820510064449456 -0.4075563460262548 -0.34820510064449456 -0.34820510064449456 -0.4075563460262548 -0.34820510064449456 -0.34820510064449456 -0.36261342675090835 -0.18564252061927516 -0.36261342675090835 -0.4075563460262548 -0.4075563460262548 -0.4075563460262548 -0.30081507163199683 -0.4075563460262548 -0.4075563460262548 -0.30081507163199683 -0.30081507163199683 -0.36261342675090835 -0.30081507163199683 -0.42630061175498296 -0.4075563460262548 -0.42630061175498296 -0.4011225909289649 -0.36261342675090835 -0.34820510064449456 -0.34820510064449456 -0.4075563460262548 -0.34820510064449456 -0.36261342675090835 -0.36261342675090835 -0.36261342675090835 -0.30081507163199683 -0.4011225909289649 -0.4011225909289649 -0.4011225909289649 -0.30081507163199683 -0.39955595549143097 -0.39955595549143097 -0.42850187425287667 -0.32138285840123076 -0.32138285840123076 -0.4075563460262548 -0.22736153281851018 -0.2263842036506563 -0.22736153281851018 -0.2263842036506563 -0.4004357596887059 -0.22736153281851018 -0.2263842036506563 -0.34820510064449456 -0.18564252061927516 -0.34820510064449456 -0.36727172986803136 -0.2263842036506563 -0.22736153281851018 -0.22736153281851018 -0.35350854350742145 -0.35350854350742145 -0.3407480597407193 -0.3450461941239237 -0.3407480597407193 -0.3407480597407193 -0.22736153281851018 -0.2263842036506563 -0.31726946358897357 -0.2982198822470917 -0.3006842562196282 -0.2939199901566018 -0.2939296613938797 -0.28196947886867557 -0.27715967150559945 -0.2654247181178903 -0.2654247181178903 -0.2654247181178903 -0.26608665639399354 -0.2654247181178903 -0.22090296888232583 -0.24586173368406258 -0.24541108786674604 -0.17653724512913108 -0.23093757607330573 -0.20166298059068932 -0.1491337429988009 -0.17121110784555274 -0.14863594575488256 -0.15504364634549625 -0.14863594575488256 -0.1444540315950841 -0.1444540315950841 -0.1404648365241943 -0.10452246947905046 -0.09141389627260586 -0.09141389627260586 -0.08456607331910931 -0.08456607331910931 -0.08523252492820958 -0.06033955019202001 -0.041684742660770414
-0.32138285840123076 -0.32138285840123076 -0.32138285840123076 -0.32138285840123076 -0.30081507163199683 -0.30081507163199683 -0.32138285840123076 -0.32138285840123076 -0.32138285840123076 -0.32138285840123076 -0.32138285840123076 -0.32138285840123076 -0.32138285840123076 -0.32138285840123076 -0.32138285840123076 -0.32138285840123076 -0.18564252061927516 -0.32138285840123076 -0.32138285840123076 -0.32138285840123076 -0.32138285840123076 -0.30081507163199683 -0.32138285840123076 -0.32138285840123076 -0.30081507163199683 -0.30081507163199683 -0.32138285840123076 -0.30081507163199683 -0.32138285840123076 -0.32138285840123076 -0.32138285840123076 -0.32138285840123076 -0.32138285840123076 -0.32138285840123076 -0.32138285840123076 -0.32138285840123076 -0.32138285840123076 -0.32138285840123076 -0.32138285840123076 -0.32138285840123076 -0.30081507163199683 -0.32138285840123076 -0.32138285840123076 -0.32138285840123076 -0.30081507163199683 -0.32138285840123076 -0.32138285840123076 -0.32138285840123076 -0.42012745891706943 -0.41384608441323467 -0.32138285840123076 -0.22736153281851018 -0.2263842036506563 -0.22736153281851018 -0.2263842036506563 -0.32138285840123076 -0.22736153281851018 -0.2263842036506563 -0.32138285840123076 -0.18564252061927516 -0.32138285840123076 -0.32138285840123076 -0.2263842036506563 -0.22736153281851018 -0.22736153281851018 -0.32138285840123076 -0.32138285840123076 -0.32138285840123076 -0.32138285840123076 -0.32138285840123076 -0.32138285840123076 -0.22736153281851018 -0.2263842036506563 -0.31726946358897357 -0.2982198822470917 -0.3006842562196282 -0.2939199901566018 -0.2939296613938797 -0.28196947886867557 -0.27715967150559945 -0.2654247181178903 -0.2654247181178903 -0.2654247181178903 -0.26608665639399354 -0.2654247181178903 -0.22090296888232583 -0.24586173368406258 -0.24541108786674604 -0.17653724512913108 -0.23093757607330573 -0.20166298059068932 -0.1491337429988009 -0.17121110784555274 -0.14863594575488256 -0.15504364634549625 -0.14863594575488256 -0.1444540315950841 -0.1444540315950841 -0.1404648365241943 -0.10452246947905046 -0.09141389627260586 -0.09141389627260586 -0.08456607331910931 -0.08456607331910931 -0.08523252492820958 -0.06033955019202001 -0.041684742660770414
-0.32138285840123076 -0.32138285840123076 -0.32138285840123076 -0.32138285840123076 -0.30081507163199683 -0.30081507163199683 -0.32138285840123076 -0.32138285840123076 -0.32138285840123076 -0.32138285840123076 -0.32138285840123076 -0.32138285840123076 -0.32138285840123076 -0.32138285840123076 -0.32138285840123076 -0.32138285840123076 -0.18564252061927516 -0.32138285840123076 -0.32138285840123076 -0.32138285840123076 -0.32138285840123076 -0.30081507163199683 -0.32138285840123076 -0.32138285840123076 -0.30081507163199683 -0.30081507163199683 -0.32138285840123076 -0.30081507163199683 -0.32138285840123076 -0.32138285840123076 -0.32138285840123076 -0.32138285840123076 -0.32138285840123076 -0.32138285840123076 -0.32138285840123076 -0.32138285840123076 -0.32138285840123076 -0.32138285840123076 -0.32138285840123076 -0.32138285840123076 -0.30081507163199683 -0.32138285840123076 -0.32138285840123076 -0.32138285840123076 -0.30081507163199683 -0.32138285840123076 -0.32138285840123076 -0.32138285840123076 -0.41384608441323467 -0.41445840270103984 -0.32138285840123076 -0.22736153281851018 -0.2263842036506563 -0.22736153281851018 -0.2263842036506563 -0.32138285840123076 -0.22736153281851018 -0.2263842036506563 -0.32138285840123076 -0.18564252061927516 -0.32138285840123076 -0.32138285840123076 -0.2263842036506563 -0.22736153281851018 -0.22736153281851018 -0.32138285840123076 -0.32138285840123076 -0.32138285840123076 -0.32138285840123076 -0.32138285840123076 -0.32138285840123076 -0.22736153281851018 -0.2263842036506563 -0.31726946358897357 -0.2982198822470917 -0.3006842562196282 -0.2939199901566018 -0.2939296613938797 -0.28196947886867557 -0.27715967150559945 -0.2654247181178903 -0.2654247181178903 -0.2654247181178903 -0.26608665639399354 -0.2654247181178903 -0.22090296888232583 -0.24586173368406258 -0.24541108786674604 -0.17653724512913108 -0.23093757607330573 -0.20166298059068932 -0.1491337429988009 -0.17121110784555274 -0.14863594575488256 -0.15504364634549625 -0.14863594575488256 -0.1444540315950841 -0.1444540315950841 -0.1404648365241943 -0.10452246947905046 -0.09141389627260586 -0.09141389627260586 -0.08456607331910931 -0.08456607331910931 -0.08523252492820958 -0.06033955019202001 -0.041684742660770414
-0.40804585257469345 -0.40804585257469345 -0.40804585257469345 -0.40804585257469345 -0.30081507163199683 -0.30081507163199683 -0.40804585257469345 -0.34820510064449456 -0.34820510064449456 -0.40804585257469345 -0.34820510064449456 -0.34820510064449456 -0.40804585257469345 -0.34820510064449456 -0.34820510064449456 -0.36261342675090835 -0.18564252061927516 -0.36261342675090835 -0.40804585257469345 -0.40804585257469345 -0.40804585257469345 -0.30081507163199683 -0.40804585257469345 -0.40804585257469345 -0.30081507163199683 -0.30081507163199683 -0.36261342675090835 -0.30081507163199683 -0.4075563460262548 -0.40804585257469345 -0.4075563460262548 -0.4011225909289649 -0.36261342675090835 -0.34820510064449456 -0.34820510064449456 -0.40804585257469345 -0.34820510064449456 -0.36261342675090835 -0.36261342675090835 -0.36261342675090835 -0.30081507163199683 -0.4011225909289649 -0.4011225909289649 -0.4011225909289649 -0.30081507163199683 -0.39955595549143097 -0.39955595549143097 -0.4075563460262548 -0.32138285840123076 -0.32138285840123076 -0.4141643410862287 -0.22736153281851018 -0.2263842036506563 -0.22736153281851018 -0.2263842036506563 -0.4004357596887059 -0.22736153281851018 -0.2263842036506563 -0.34820510064449456 -0.18564252061927516 -0.34820510064449456 -0.36727172986803136 -0.2263842036506563 -0.22736153281851018 -0.22736153281851018 -0.35350854350742145 -0.35350854350742145 -0.3407480597407193 -0.3450461941239237 -0.3407480597407193 -0.3407480597407193 -0.22736153281851018 -0.2263842036506563 -0.31726946358897357 -0.2982198822470917 -0.3006842562196282 -0.2939199901566018 -0.2939296613938797 -0.28196947886867557 -0.27715967150559945 -0.2654247181178903 -0.2654247181178903 -0.2654247181178903 -0.26608665639399354 -0.2654247181178903 -0.22090296888232583 -0.24586173368406258 -0.24541108786674604 -0.17653724512913108 -0.23093757607330573 -0.20166298059068932 -0.1491337429988009 -0.17121110784555274 -0.14863594575488256 -0.15504364634549625 -0.14863594575488256 -0.1444540315950841 -0.1444540315950841 -0.1404648365241943 -0.10452246947905046 -0.09141389627260586 -0.09141389627260586 -0.08456607331910931 -0.08456607331910931 -0.08523252492820958 -0.06033955019202001 -0.041684742660770414
-0.22736153281851018 -0.22736153281851018 -0.22736153281851018 -0.22736153281851018 -0.22736153281851018 -0.22736153281851018 -0.22736153281851018 -0.22736153281851018 -0.22736153281851018 -0.22736153281851018 -0.22736153281851018 -0.22736153281851018 -0.22736153281851018 -0.22736153281851018 -0.22736153281851018 -0.22736153281851018 -0.18564252061927516 -0.22736153281851018 -0.22736153281851018 -0.22736153281851018 -0.22736153281851018 -0.22736153281851018 -0.22736153281851018 -0.22736153281851018 -0.22736153281851018 -0.22736153281851018 -0.22736153281851018 -0.22736153281851018 -0.22736153281851018 -0.22736153281851018 -0.22736153281851018 -0.22736153281851018 -0.22736153281851018 -0.22736153281851018 -0.22736153281851018 -0.22736153281851018 -0.22736153281851018 -0.22736153281851018 -0.22736153281851018 -0.22736153281851018 -0.22736153281851018 -0.22736153281851018 -0.22736153281851018 -0.22736153281851018 -0.22736153281851018 -0.22736153281851018 -0.22736153281851018 -0.22736153281851018 -0.22736153281851018 -0.22736153281851018 -0.22736153281851018 -0.4133184265377333 -0.2263842036506563 -0.3444323441851032 -0.2263842036506563 -0.22736153281851018 -0.3564084631794932 -0.2263842036506563 -0.22736153281851018 -0.18564252061927516 -0.22736153281851018 -0.22736153281851018 -0.2263842036506563 -0.3444323441851032 -0.32501492025492384 -0.22736153281851018 -0.22736153281851018 -0.22736153281851018 -0.22736153281851018 -0.22736153281851018 -0.22736153281851018 -0.301933913253224 -0.2263842036506563 -0.22736153281851018 -0.22736153281851018 -0.22736153281851018 -0.22736153281851018 -0.22736153281851018 -0.22736153281851018 -0.22736153281851018 -0.22736153281851018 -0.22736153281851018 -0.22736153281851018 -0.22736153281851018 -0.22736153281851018 -0.22090296888232583 -0.22736153281851018 -0.22736153281851018 -0.17653724512913108 -0.22736153281851018 -0.20166298059068932 -0.1491337429988009 -0.17121110784555274 -0.14863594575488256 -0.15504364634549625 -0.14863594575488256 -0.1444540315950841 -0.1444540315950841 -0.1404648365241943 -0.10452246947905046 -0.09141389627260586 -0.09141389627260586 -0.08456607331910931 -0.08456607331910931 -0.08523252492820958 -0.06033955019202001 -0.041684742660770414
-0.2263842036506563 -0.2263842036506563 -0.2263842036506563 -0.2263842036506563 -0.2263842036506563 -0.2263842036506563 -0.2263842036506563 -0.2263842036506563 -0.2263842036506563 -0.2263842036506563 -0.2263842036506563 -0.2263842036506563 -0.2263842036506563 -0.2263842036506563 -0.2263842036506563 -0.2263842036506563 -0.18564252061927516 -0.2263842036506563 -0.2263842036506563 -0.2263842036506563 -0.2263842036506563 -0.2263842036506563 -0.2263842036506563 -0.2263842036506563 -0.2263842036506563 -0.2263842036506563 -0.2263842036506563 -0.2263842036506563 -0.2263842036506563 -0.2263842036506563 -0.2263842036506563 -0.2263842036506563 -0.2263842036506563 -0.2263842036506563 -0.2263842036506563 -0.2263842036506563 -0.2263842036506563 -0.2263842036506563 -0.2263842036506563 -0.2263842036506563 -0.2263842036506563 -0.2263842036506563 -0.2263842036506563 -0.2263842036506563 -0.2263842036506563 -0.2263842036506563 -0.2263842036506563 -0.2263842036506563 -0.2263842036506563 -0.2263842036506563 -0.2263842036506563 -0.2263842036506563 -0.41322664511166474 -0.2263842036506563 -0.39696471640675624 -0.2263842036506563 -0.2263842036506563 -0.3068440004700645 -0.2263842036506563 -0.18564252061927516 -0.2263842036506563 -0.2263842036506563 -0.3470145191642073 -0.2263842036506563 -0.2263842036506563 -0.2263842036506563 -0.2263842036506563 -0.2263842036506563 -0.2263842036506563 -0.2263842036506563 -0.2263842036506563 -0.2263842036506563 -0.3325859619907955 -0.2263842036506563 -0.2263842036506563 -0.2263842036506563 -0.2263842036506563 -0.2263842036506563 -0.2263842036506563 -0.2263842036506563 -0.2263842036506563 -0.2263842036506563 -0.2263842036506563 -0.2263842036506563 -0.2263842036506563 -0.22090296888232583 -0.2263842036506563 -0.2263842036506563 -0.17653724512913108 -0.2263842036506563 -0.20166298059068932 -0.1491337429988009 -0.17121110784555274 -0.14863594575488256 -0.15504364634549625 -0.14863594575488256 -0.1444540315950841 -0.1444540315950841 -0.1404648365241943 -0.10452246947905046 -0.09141389627260586 -0.09141389627260586 -0.08456607331910931 -0.08456607331910931 -0.08523252492820958 -0.06033955019202001 -0.041684742660770414
-0.22736153281851018 -0.22736153281851018 -0.22736153281851018 -0.22736153281851018 -0.22736153281851018 -0.22736153281851018 -0.22736153281851018 -0.22736153281851018 -0.22736153281851018 -0.22736153281851018 -0.22736153281851018 -0.22736153281851018 -0.22736153281851018 -0.22736153281851018 -0.22736153281851018 -0.22736153281851018 -0.18564252061927516 -0.22736153281851018 -0.22736153281851018 -0.22736153281851018 -0.22736153281851018 -0.22736153281851018 -0.22736153281851018 -0.22736153281851018 -0.22736153281851018 -0.22736153281851018 -0.22736153281851018 -0.22736153281851018 -0.22736153281851018 -0.22736153281851018 -0.22736153281851018 -0.22736153281851018 -0.22736153281851018 -0.22736153281851018 -0.22736153281851018 -0.22736153281851018 -0.22736153281851018 -0.22736153281851018 -0.22736153281851018 -0.22736153281851018 -0.22736153281851018 -0.22736153281851018 -0.22736153281851018 -0.22736153281851018 -0.22736153281851018 -0.22736153281851018 -0.22736153281851018 -0.22736153281851018 -0.22736153281851018 -0.22736153281851018 -0.22736153281851018 -0.3444323441851032 -0.2263842036506563 -0.41297991147595364 -0.2263842036506563 -0.22736153281851018 -0.3444323441851032 -0.2263842036506563 -0.22736153281851018 -0.18564252061927516 -0.22736153281851018 -0.22736153281851018 -0.2263842036506563 -0.37461302770290633 -0.32501492025492384 -0.22736153281851018 -0.22736153281851018 -0.22736153281851018 -0.22736153281851018 -0.22736153281851018 -0.22736153281851018 -0.301933913253224 -0.2263842036506563 -0.22736153281851018 -0.22736153281851018 -0.22736153281851018 -0.22736153281851018 -0.22736153281851018 -0.22736153281851018 -0.22736153281851018 -0.22736153281851018 -0.22736153281851018 -0.22736153281851018 -0.22736153281851018 -0.22736153281851018 -0.22090296888232583 -0.22736153281851018 -0.22736153281851018 -0.17653724512913108 -0.22736153281851018 -0.20166298059068932 -0.1491337429988009 -0.17121110784555274 -0.14863594575488256 -0.15504364634549625 -0.14863594575488256 -0.1444540315950841 -0.1444540315950841 -0.1404648365241943 -0.10452246947905046 -0.09141389627260586 -0.09141389627260586 -0.08456607331910931 -0.08456607331910931 -0.08523252492820958 -0.06033955019202001 -0.041684742660770414
-0.2263842036506563 -0.2263842036506563 -0.2263842036506563 -0.2263842036506563 -0.2263842036506563 -0.2263842036506563 -0.2263842036506563 -0.2263842036506563 -0.2263842036506563 -0.2263842036506563 -0.2263842036506563 -0.2263842036506563 -0.2263842036506563 -0.2263842036506563 -0.2263842036506563 -0.2263842036506563 -0.18564252061927516 -0.2263842036506563 -0.2263842036506563 -0.2263842036506563 -0.2263842036506563 -0.2263842036506563 -0.2263842036506563 -0.2263842036506563 -0.2263842036506563 -0.2263842036506563 -0.2263842036506563 -0.2263842036506563 -0.2263842036506563 -0.2263842036506563 -0.2263842036506563 -0.2263842036506563 -0.2263842036506563 -0.2263842036506563 -0.2263842036506563 -0.2263842036506563 -0.2263842036506563 -0.2263842036506563 -0.2263842036506563 -0.2263842036506563 -0.2263842036506563 -0.2263842036506563 -0.2263842036506563 -0.2263842036506563 -0.2263842036506563 -0.2263842036506563 -0.2263842036506563 -0.2263842036506563 -0.2263842036506563 -0.2263842036506563 -0.2263842036506563 -0.2263842036506563 -0.39696471640675624 -0.2263842036506563 -0.4129420074373163 -0.2263842036506563 -0.2263842036506563 -0.3068440004700645 -0.2263842036506563 -0.18564252061927516 -0.2263842036506563 -0.2263842036506563 -0.3470145191642073 -0.2263842036506563 -0.2263842036506563 -0.2263842036506563 -0.2263842036506563 -0.2263842036506563 -0.2263842036506563 -0.2263842036506563 -0.2263842036506563 -0.2263842036506563 -0.3325859619907955 -0.2263842036506563 -0.2263842036506563 -0.2263842036506563 -0.2263842036506563 -0.2263842036506563 -0.2263842036506563 -0.2263842036506563 -0.2263842036506563 -0.2263842036506563 -0.2263842036506563 -0.2263842036506563 -0.2263842036506563 -0.22090296888232583 -0.2263842036506563 -0.2263842036506563 -0.17653724512913108 -0.2263842036506563 -0.20166298059068932 -0.1491337429988009 -0.17121110784555274 -0.14863594575488256 -0.15504364634549625 -0.14863594575488256 -0.1444540315950841 -0.1444540315950841 -0.1404648365241943 -0.10452246947905046 -0.09141389627260586 -0.09141389627260586 -0.08456607331910931 -0.08456607331910931 -0.08523252492820958 -0.06033955019202001 -0.041684742660770414
-0.4004357596887059 -0.4004357596887059 -0.4004357596887059 -0.4004357596887059 -0.30081507163199683 -0.30081507163199683 -0.4004357596887059 -0.34820510064449456 -0.34820510064449456 -0.4004357596887059 -0.34820510064449456 -0.34820510064449456 -0.4004357596887059 -0.34820510064449456 -0.34820510064449456 -0.36261342675090835 -0.18564252061927516 -0.36261342675090835 -0.4004357596887059 -0.4004357596887059 -0.4004357596887059 -0.30081507163199683 -0.4004357596887059 -0.4004357596887059 -0.30081507163199683 -0.30081507163199683 -0.36261342675090835 -0.30081507163199683 -0.4004357596887059 -0.4004357596887059 -0.4004357596887059 -0.4004357596887059 -0.36261342675090835 -0.34820510064449456 -0.34820510064449456 -0.4004357596887059 -0.34820510064449456 -0.36261342675090835 -0.36261342675090835 -0.36261342675090835 -0.30081507163199683 -0.4004357596887059 -0.4004357596887059 -0.4004357596887059 -0.30081507163199683 -0.39955595549143097 -0.39955595549143097 -0.4004357596887059 -0.32138285840123076 -0.32138285840123076 -0.4004357596887059 -0.22736153281851018 -0.2263842036506563 -0.22736153281851018 -0.2263842036506563 -0.40646734567650594 -0.22736153281851018 -0.2263842036506563 -0.34820510064449456 -0.18564252061927516 -0.34820510064449456 -0.36727172986803136 -0.2263842036506563 -0.22736153281851018 -0.22736153281851018 -0.35350854350742145 -0.35350854350742145 -0.3407480597407193 -0.3450461941239237 -0.3407480597407193 -0.3407480597407193 -0.22736153281851018 -0.2263842036506563 -0.31726946358897357 -0.2982198822470917 -0.3006842562196282 -0.2939199901566018 -0.2939296613938797 -0.28196947886867557 -0.27715967150559945 -0.2654247181178903 -0.2654247181178903 -0.2654247181178903 -0.26608665639399354 -0.2654247181178903 -0.22090296888232583 -0.24586173368406258 -0.24541108786674604 -0.17653724512913108 -0.23093757607330573 -0.20166298059068932 -0.1491337429988009 -0.17121110784555274 -0.14863594575488256 -0.15504364634549625 -0.14863594575488256 -0.1444540315950841 -0.1444540315950841 -0.1404648365241943 -0.10452246947905046 -0.09141389627260586 -0.09141389627260586 -0.08456607331910931 -0.08456607331910931 -0.08523252492820958 -0.06033955019202001 -0.041684742660770414
-0.22736153281851018 -0.22736153281851018 -0.22736153281851018 -0.22736153281851018 -0.22736153281851018 -0.22736153281851018 -0.22736153281851018 -0.22736153281851018 -0.22736153281851018 -0.22736153281851018 -0.22736153281851018 -0.22736153281851018 -0.22736153281851018 -0.22736153281851018 -0.22736153281851018 -0.22736153281851018 -0.18564252061927516 -0.22736153281851018 -0.22736153281851018 -0.22736153281851018 -0.22736153281851018 -0.22736153281851018 -0.22736153281851018 -0.22736153281851018 -0.22736153281851018 -0.22736153281851018 -0.22736153281851018 -0.22736153281851018 -0.22736153281851018 -0.22736153281851018 -0.22736153281851018 -0.22736153281851018 -0.22736153281851018 -0.22736153281851018 -0.22736153281851018 -0.22736153281851018 -0.22736153281851018 -0.22736153281851018 -0.22736153281851018 -0.22736153281851018 -0.22736153281851018 -0.22736153281851018 -0.22736153281851018 -0.22736153281851018 -0.22736153281851018 -0.22736153281851018 -0.22736153281851018 -0.22736153281851018 -0.22736153281851018 -0.22736153281851018 -0.22736153281851018 -0.3564084631794932 -0.2263842036506563 -0.3444323441851032 -0.2263842036506563 -0.22736153281851018 -0.40549528015516445 -0.2263842036506563 -0.22736153281851018 -0.18564252061927516 -0.22736153281851018 -0.22736153281851018 -0.2263842036506563 -0.3444323441851032 -0.32501492025492384 -0.22736153281851018 -0.22736153281851018 -0.22736153281851018 -0.22736153281851018 -0.22736153281851018 -0.22736153281851018 -0.301933913253224 -0.2263842036506563 -0.22736153281851018 -0.22736153281851018 -0.22736153281851018 -0.22736153281851018 -0.22736153281851018 -0.22736153281851018 -0.22736153281851018 -0.22736153281851018 -0.22736153281851018 -0.22736153281851018 -0.22736153281851018 -0.22736153281851018 -0.22090296888232583 -0.22736153281851018 -0.22736153281851018 -0.17653724512913108 -0.22736153281851018 -0.20166298059068932 -0.1491337429988009 -0.17121110784555274 -0.14863594575488256 -0.15504364634549625 -0.14863594575488256 -0.1444540315950841 -0.1444540315950841 -0.1404648365241943 -0.10452246947905046 -0.09141389627260586 -0.09141389627260586 -0.08456607331910931 -0.08456607331910931 -0.08523252492820958 -0.06033955019202001 -0.041684742660770414
-0.2263842036506563 -0.2263842036506563 -0.2263842036506563 -0.2263842036506563 -0.2263842036506563 -0.2263842036506563 -0.2263842036506563 -0.2263842036506563 -0.2263842036506563 -0.2263842036506563 -0.2263842036506563 -0.2263842036506563 -0.2263842036506563 -0.2263842036506563 -0.2263842036506563 -0.2263842036506563 -0.18564252061927516 -0.2263842036506563 -0.2263842036506563 -0.2263842036506563 -0.2263842036506563 -0.2263842036506563 -0.2263842036506563 -0.2263842036506563 -0.2263842036506563 -0.2263842036506563 -0.2263842036506563 -0.2263842036506563 -0.2263842036506563 -0.2263842036506563 -0.2263842036506563 -0.2263842036506563 -0.2263842036506563 -0.2263842036506563 -0.2263842036506563 -0.2263842036506563 -0.2263842036506563 -0.2263842036506563 -0.2263842036506563 -0.2263842036506563 -0.2263842036506563 -0.2263842036506563 -0.2263842036506563 -0.2263842036506563 -0.2263842036506563 -0.2263842036506563 -0.2263842036506563 -0.2263842036506563 -0.2263842036506563 -0.2263842036506563 -0.2263842036506563 -0.2263842036506563 -0.3068440004700645 -0.2263842036506563 -0.3068440004700645 -0.2263842036506563 -0.2263842036506563 -0.4052628959441366 -0.2263842036506563 -0.18564252061927516 -0.2263842036506563 -0.2263842036506563 -0.3068440004700645 -0.2263842036506563 -0.2263842036506563 -0.2263842036506563 -0.2263842036506563 -0.2263842036506563 -0.2263842036506563 -0.2263842036506563 -0.2263842036506563 -0.2263842036506563 -0.3068440004700645 -0.2263842036506563 -0.2263842036506563 -0.2263842036506563 -0.2263842036506563 -0.2263842036506563 -0.2263842036506563 -0.2263842036506563 -0.2263842036506563 -0.2263842036506563 -0.2263842036506563 -0.2263842036506563 -0.2263842036506563 -0.22090296888232583 -0.2263842036506563 -0.2263842036506563 -0.17653724512913108 -0.2263842036506563 -0.20166298059068932 -0.1491337429988009 -0.17121110784555274 -0.14863594575488256 -0.15504364634549625 -0.14863594575488256 -0.1444540315950841 -0.1444540315950841 -0.1404648365241943 -0.10452246947905046 -0.09141389627260586 -0.09141389627260586 -0.08456607331910931 -0.08456607331910931 -0.08523252492820958 -0.06033955019202001 -0.041684742660770414
-0.34820510064449456 -0.34820510064449456 -0.34820510064449456 -0.34820510064449456 -0.30081507163199683 -0.30081507163199683 -0.34820510064449456 -0.37449732308824646 -0.37449732308824646 -0.34820510064449456 -0.37449732308824646 -0.37449732308824646 -0.34820510064449456 -0.37449732308824646 -0.37449732308824646 -0.34820510064449456 -0.18564252061927516 -0.34820510064449456 -0.34820510064449456 -0.34820510064449456 -0.34820510064449456 -0.30081507163199683 -0.34820510064449456 -0.34820510064449456 -0.30081507163199683 -0.30081507163199683 -0.34820510064449456 -0.30081507163199683 -0.34820510064449456 -0.34820510064449456 -0.34820510064449456 -0.34820510064449456 -0.34820510064449456 -0.37449732308824646 -0.37449732308824646 -0.34820510064449456 -0.37449732308824646 -0.34820510064449456 -0.34820510064449456 -0.34820510064449456 -0.30081507163199683 -0.34820510064449456 -0.34820510064449456 -0.34820510064449456 -0.30081507163199683 -0.34820510064449456 -0.34820510064449456 -0.34820510064449456 -0.32138285840123076 -0.32138285840123076 -0.34820510064449456 -0.22736153281851018 -0.2263842036506563 -0.22736153281851018 -0.2263842036506563 -0.34820510064449456 -0.22736153281851018 -0.2263842036506563 -0.40298623239961856 -0.18564252061927516 -0.3953198531554524 -0.34820510064449456 -0.2263842036506563 -0.22736153281851018 -0.22736153281851018 -0.34820510064449456 -0.34820510064449456 -0.3407480597407193 -0.3450461941239237 -0.3407480597407193 -0.3407480597407193 -0.22736153281851018 -0.2263842036506563 -0.31726946358897357 -0.2982198822470917 -0.3006842562196282 -0.2939199901566018 -0.2939296613938797 -0.28196947886867557 -0.27715967150559945 -0.2654247181178903 -0.2654247181178903 -0.2654247181178903 -0.26608665639399354 -0.2654247181178903 -0.22090296888232583 -0.24586173368406258 -0.24541108786674604 -0.17653724512913108 -0.23093757607330573 -0.20166298059068932 -0.1491337429988009 -0.17121110784555274 -0.14863594575488256 -0.15504364634549625 -0.14863594575488256 -0.1444540315950841 -0.1444540315950841 -0.1404648365241943 -0.10452246947905046 -0.09141389627260586 -0.09141389627260586 -0.08456607331910931 -0.08456607331910931 -0.08523252492820958 -0.06033955019202001 -0.041684742660770414
-0.18564252061927516 -0.18564252061927516 -0.18564252061927516 -0.18564252061927516 -0.18564252061927516 -0.18564252061927516 -0.18564252061927516 -0.18564252061927516 -0.18564252061927516 -0.18564252061927516 -0.18564252061927516 -0.18564252061927516 -0.18564252061927516 -0.18564252061927516 -0.18564252061927516 -0.18564252061927516 -0.3531429357070757 -0.18564252061927516 -0.18564252061927516 -0.18564252061927516 -0.18564252061927516 -0.18564252061927516 -0.18564252061927516 -0.18564252061927516 -0.18564252061927516 -0.18564252061927516 -0.18564252061927516 -0.18564252061927516 -0.18564252061927516 -0.18564252061927516 -0.18564252061927516 -0.18564252061927516 -0.18564252061927516 -0.18564252061927516 -0.18564252061927516 -0.18564252061927516 -0.18564252061927516 -0.18564252061927516 -0.18564252061927516 -0.18564252061927516 -0.18564252061927516 -0.18564252061927516 -0.18564252061927516 -0.18564252061927516 -0.18564252061927516 -0.18564252061927516 -0.18564252061927516 -0.18564252061927516 -0.18564252061927516 -0.18564252061927516 -0.18564252061927516 -0.18564252061927516 -0.18564252061927516 -0.18564252061927516 -0.18564252061927516 -0.18564252061927516 -0.18564252061927516 -0.18564252061927516 -0.18564252061927516 -0.4017120723472701 -0.18564252061927516 -0.18564252061927516 -0.18564252061927516 -0.18564252061927516 -0.18564252061927516 -0.18564252061927516 -0.18564252061927516 -0.18564252061927516 -0.18564252061927516 -0.18564252061927516 -0.18564252061927516 -0.18564252061927516 -0.18564252061927516 -0.18564252061927516 -0.18564252061927516 -0.18564252061927516 -0.18564252061927516 -0.18564252061927516 -0.18564252061927516 -0.18564252061927516 -0.18564252061927516 -0.18564252061927516 -0.18564252061927516 -0.18564252061927516 -0.18564252061927516 -0.18564252061927516 -0.18564252061927516 -0.18564252061927516 -0.17653724512913108 -0.18564252061927516 -0.18564252061927516 -0.1491337429988009 -0.17121110784555274 -0.14863594575488256 -0.15504364634549625 -0.14863594575488256 -0.1444540315950841 -0.1444540315950841 -0.1404648365241943 -0.10452246947905046 -0.09141389627260586 -0.09141389627260586 -0.08456607331910931 -0.08456607331910931 -0.08523252492820958 -0.06033955019202001 -0.041684742660770414
-0.34820510064449456 -0.34820510064449456 -0.34820510064449456 -0.34820510064449456 -0.30081507163199683 -0.30081507163199683 -0.34820510064449456 -0.37449732308824646 -0.37449732308824646 -0.34820510064449456 -0.37449732308824646 -0.37449732308824646 -0.34820510064449456 -0.37449732308824646 -0.37449732308824646 -0.34820510064449456 -0.18564252061927516 -0.34820510064449456 -0.34820510064449456 -0.34820510064449456 -0.34820510064449456 -0.30081507163199683 -0.34820510064449456 -0.34820510064449456 -0.30081507163199683 -0.30081507163199683 -0.34820510064449456 -0.30081507163199683 -0.34820510064449456 -0.34820510064449456 -0.34820510064449456 -0.34820510064449456 -0.34820510064449456 -0.37449732308824646 -0.37449732308824646 -0.34820510064449456 -0.37449732308824646 -0.34820510064449456 -0.34820510064449456 -0.34820510064449456 -0.30081507163199683 -0.34820510064449456 -0.34820510064449456 -0.34820510064449456 -0.30081507163199683 -0.34820510064449456 -0.34820510064449456 -0.34820510064449456 -0.32138285840123076 -0.32138285840123076 -0.34820510064449456 -0.22736153281851018 -0.2263842036506563 -0.22736153281851018 -0.2263842036506563 -0.34820510064449456 -0.22736153281851018 -0.2263842036506563 -0.3953198531554524 -0.18564252061927516 -0.3978106676055332 -0.34820510064449456 -0.2263842036506563 -0.22736153281851018 -0.22736153281851018 -0.34820510064449456 -0.34820510064449456 -0.3407480597407193 -0.3450461941239237 -0.3407480597407193 -0.3407480597407193 -0.22736153281851018 -0.2263842036506563 -0.31726946358897357 -0.2982198822470917 -0.3006842562196282 -0.2939199901566018 -0.2939296613938797 -0.28196947886867557 -0.27715967150559945 -0.2654247181178903 -0.2654247181178903 -0.2654247181178903 -0.26608665639399354 -0.2654247181178903 -0.22090296888232583 -0.24586173368406258 -0.24541108786674604 -0.17653724512913108 -0.23093757607330573 -0.20166298059068932 -0.1491337429988009 -0.17121110784555274 -0.14863594575488256 -0.15504364634549625 -0.14863594575488256 -0.1444540315950841 -0.1444540315950841 -0.1404648365241943 -0.10452246947905046 -0.09141389627260586 -0.09141389627260586 -0.08456607331910931 -0.08456607331910931 -0.08523252492820958 -0.06033955019202001 -0.041684742660770414
-0.36727172986803136 -0.36727172986803136 -0.36727172986803136 -0.36727172986803136 -0.30081507163199683 -0.30081507163199683 -0.36727172986803136 -0.34820510064449456 -0.34820510064449456 -0.36727172986803136 -0.34820510064449456 -0.34820510064449456 -0.36727172986803136 -0.34820510064449456 -0.34820510064449456 -0.36261342675090835 -0.18564252061927516 -0.36261342675090835 -0.36727172986803136 -0.36727172986803136 -0.36727172986803136 -0.30081507163199683 -0.36727172986803136 -0.36727172986803136 -0.30081507163199683 -0.30081507163199683 -0.36261342675090835 -0.30081507163199683 -0.36727172986803136 -0.36727172986803136 -0.36727172986803136 -0.36727172986803136 -0.36261342675090835 -0.34820510064449456 -0.34820510064449456 -0.36727172986803136 -0.34820510064449456 -0.36261342675090835 -0.36261342675090835 -0.36261342675090835 -0.30081507163199683 -0.36727172986803136 -0.36727172986803136 -0.36727172986803136 -0.30081507163199683 -0.36727172986803136 -0.36727172986803136 -0.36727172986803136 -0.32138285840123076 -0.32138285840123076 -0.36727172986803136 -0.22736153281851018 -0.2263842036506563 -0.22736153281851018 -0.2263842036506563 -0.36727172986803136 -0.22736153281851018 -0.2263842036506563 -0.34820510064449456 -0.18564252061927516 -0.34820510064449456 -0.3884371829413546 -0.2263842036506563 -0.22736153281851018 -0.22736153281851018 -0.35350854350742145 -0.35350854350742145 -0.3407480597407193 -0.3450461941239237 -0.3407480597407193 -0.3407480597407193 -0.22736153281851018 -0.2263842036506563 -0.31726946358897357 -0.2982198822470917 -0.3006842562196282 -0.2939199901566018 -0.2939296613938797 -0.28196947886867557 -0.27715967150559945 -0.2654247181178903 -0.2654247181178903 -0.2654247181178903 -0.26608665639399354 -0.2654247181178903 -0.22090296888232583 -0.24586173368406258 -0.24541108786674604 -0.17653724512913108 -0.23093757607330573 -0.20166298059068932 -0.1491337429988009 -0.17121110784555274 -0.14863594575488256 -0.15504364634549625 -0.14863594575488256 -0.1444540315950841 -0.1444540315950841 -0.1404648365241943 -0.10452246947905046 -0.09141389627260586 -0.09141389627260586 -0.08456607331910931 -0.08456607331910931 -0.08523252492820958 -0.06033955019202001 -0.041684742660770414
-0.2263842036506563 -0.2263842036506563 -0.2263842036506563 -0.2263842036506563 -0.2263842036506563 -0.2263842036506563 -0.2263842036506563 -0.2263842036506563 -0.2263842036506563 -0.2263842036506563 -0.2263842036506563 -0.2263842036506563 -0.2263842036506563 -0.2263842036506563 -0.2263842036506563 -0.2263842036506563 -0.18564252061927516 -0.2263842036506563 -0.2263842036506563 -0.2263842036506563 -0.2263842036506563 -0.2263842036506563 -0.2263842036506563 -0.2263842036506563 -0.2263842036506563 -0.2263842036506563 -0.2263842036506563 -0.2263842036506563 -0.2263842036506563 -0.2263842036506563 -0.2263842036506563 -0.2263842036506563 -0.2263842036506563 -0.2263842036506563 -0.2263842036506563 -0.2263842036506563 -0.2263842036506563 -0.2263842036506563 -0.2263842036506563 -0.2263842036506563 -0.2263842036506563 -0.2263842036506563 -0.2263842036506563 -0.2263842036506563 -0.2263842036506563 -0.2263842036506563 -0.2263842036506563 -0.2263842036506563 -0.2263842036506563 -0.2263842036506563 -0.2263842036506563 -0.2263842036506563 -0.3470145191642073 -0.2263842036506563 -0.3470145191642073 -0.2263842036506563 -0.2263842036506563 -0.3068440004700645 -0.2263842036506563 -0.18564252061927516 -0.2263842036506563 -0.2263842036506563 -0.3833858122785163 -0.2263842036506563 -0.2263842036506563 -0.2263842036506563 -0.2263842036506563 -0.2263842036506563 -0.2263842036506563 -0.2263842036506563 -0.2263842036506563 -0.2263842036506563 -0.3325859619907955 -0.2263842036506563 -0.2263842036506563 -0.2263842036506563 -0.2263842036506563 -0.2263842036506563 -0.2263842036506563 -0.2263842036506563 -0.2263842036506563 -0.2263842036506563 -0.2263842036506563 -0.2263842036506563 -0.2263842036506563 -0.22090296888232583 -0.2263842036506563 -0.2263842036506563 -0.17653724512913108 -0.2263842036506563 -0.20166298059068932 -0.1491337429988009 -0.17121110784555274 -0.14863594575488256 -0.15504364634549625 -0.14863594575488256 -0.1444540315950841 -0.1444540315950841 -0.1404648365241943 -0.10452246947905046 -0.09141389627260586 -0.09141389627260586 -0.08456607331910931 -0.08456607331910931 -0.08523252492820958 -0.06033955019202001 -0.041684742660770414
-0.22736153281851018 -0.22736153281851018 -0.22736153281851018 -0.22736153281851018 -0.22736153281851018 -0.22736153281851018 -0.22736153281851018 -0.22736153281851018 -0.22736153281851018 -0.22736153281851018 -0.22736153281851018 -0.22736153281851018 -0.22736153281851018 -0.22736153281851018 -0.22736153281851018 -0.22736153281851018 -0.18564252061927516 -0.22736153281851018 -0.22736153281851018 -0.22736153281851018 -0.22736153281851018 -0.22736153281851018 -0.22736153281851018 -0.22736153281851018 -0.22736153281851018 -0.22736153281851018 -0.22736153281851018 -0.22736153281851018 -0.22736153281851018 -0.22736153281851018 -0.22736153281851018 -0.22736153281851018 -0.22736153281851018 -0.22736153281851018 -0.22736153281851018 -0.22736153281851018 -0.22736153281851018 -0.22736153281851018 -0.22736153281851018 -0.22736153281851018 -0.22736153281851018 -0.22736153281851018 -0.22736153281851018 -0.22736153281851018 -0.22736153281851018 -0.22736153281851018 -0.22736153281851018 -0.22736153281851018 -0.22736153281851018 -0.22736153281851018 -0.22736153281851018 -0.3444323441851032 -0.2263842036506563 -0.37461302770290633 -0.2263842036506563 -0.22736153281851018 -0.3444323441851032 -0.2263842036506563 -0.22736153281851018 -0.18564252061927516 -0.22736153281851018 -0.22736153281851018 -0.2263842036506563 -0.3833029548986264 -0.32501492025492384 -0.22736153281851018 -0.22736153281851018 -0.22736153281851018 -0.22736153281851018 -0.22736153281851018 -0.22736153281851018 -0.301933913253224 -0.2263842036506563 -0.22736153281851018 -0.22736153281851018 -0.22736153281851018 -0.22736153281851018 -0.22736153281851018 -0.22736153281851018 -0.22736153281851018 -0.22736153281851018 -0.22736153281851018 -0.22736153281851018 -0.22736153281851018 -0.22736153281851018 -0.22090296888232583 -0.22736153281851018 -0.22736153281851018 -0.17653724512913108 -0.22736153281851018 -0.20166298059068932 -0.1491337429988009 -0.17121110784555274 -0.14863594575488256 -0.15504364634549625 -0.14863594575488256 -0.1444540315950841 -0.1444540315950841 -0.1404648365241943 -0.10452246947905046 -0.09141389627260586 -0.09141389627260586 -0.08456607331910931 -0.08456607331910931 -0.08523252492820958 -0.06033955019202001 -0.041684742660770414
-0.22736153281851018 -0.22736153281851018 -0.22736153281851018 -0.22736153281851018 -0.22736153281851018 -0.22736153281851018 -0.22736153281851018 -0.22736153281851018 -0.22736153281851018 -0.22736153281851018 -0.22736153281851018 -0.22736153281851018 -0.22736153281851018 -0.22736153281851018 -0.22736153281851018 -0.22736153281851018 -0.18564252061927516 -0.22736153281851018 -0.22736153281851018 -0.22736153281851018 -0.22736153281851018 -0.22736153281851018 -0.22736153281851018 -0.22736153281851018 -0.22736153281851018 -0.22736153281851018 -0.22736153281851018 -0.22736153281851018 -0.22736153281851018 -0.22736153281851018 -0.22736153281851018 -0.22736153281851018 -0.22736153281851018 -0.22736153281851018 -0.22736153281851018 -0.22736153281851018 -0.22736153281851018 -0.22736153281851018 -0.22736153281851018 -0.22736153281851018 -0.22736153281851018 -0.22736153281851018 -0.22736153281851018 -0.22736153281851018 -0.22736153281851018 -0.22736153281851018 -0.22736153281851018 -0.22736153281851018 -0.22736153281851018 -0.22736153281851018 -0.22736153281851018 -0.32501492025492384 -0.2263842036506563 -0.32501492025492384 -0.2263842036506563 -0.22736153281851018 -0.32501492025492384 -0.2263842036506563 -0.22736153281851018 -0.18564252061927516 -0.22736153281851018 -0.22736153281851018 -0.2263842036506563 -0.32501492025492384 -0.3687811562915142 -0.22736153281851018 -0.22736153281851018 -0.22736153281851018 -0.22736153281851018 -0.22736153281851018 -0.22736153281851018 -0.301933913253224 -0.2263842036506563 -0.22736153281851018 -0.22736153281851018 -0.22736153281851018 -0.22736153281851018 -0.22736153281851018 -0.22736153281851018 -0.22736153281851018 -0.22736153281851018 -0.22736153281851018 -0.22736153281851018 -0.22736153281851018 -0.22736153281851018 -0.22090296888232583 -0.22736153281851018 -0.22736153281851018 -0.17653724512913108 -0.22736153281851018 -0.20166298059068932 -0.1491337429988009 -0.17121110784555274 -0.14863594575488256 -0.15504364634549625 -0.14863594575488256 -0.1444540315950841 -0.1444540315950841 -0.1404648365241943 -0.10452246947905046 -0.09141389627260586 -0.09141389627260586 -0.08456607331910931 -0.08456607331910931 -0.08523252492820958 -0.06033955019202001 -0.041684742660770414
-0.35350854350742145 -0.35350854350742145 -0.35350854350742145 -0.35350854350742145 -0.30081507163199683 -0.30081507163199683 -0.35350854350742145 -0.34820510064449456 -0.34820510064449456 -0.35350854350742145 -0.34820510064449456 -0.34820510064449456 -0.35350854350742145 -0.34820510064449456 -0.34820510064449456 -0.35350854350742145 -0.18564252061927516 -0.35350854350742145 -0.35350854350742145 -0.35350854350742145 -0.35350854350742145 -0.30081507163199683 -0.35350854350742145 -0.35350854350742145 -0.30081507163199683 -0.30081507163199683 -0.35350854350742145 -0.30081507163199683 -0.35350854350742145 -0.35350854350742145 -0.35350854350742145 -0.35350854350742145 -0.35350854350742145 -0.34820510064449456 -0.34820510064449456 -0.35350854350742145 -0.34820510064449456 -0.35350854350742145 -0.35350854350742145 -0.35350854350742145 -0.30081507163199683 -0.35350854350742145 -0.35350854350742145 -0.35350854350742145 -0.30081507163199683 -0.35350854350742145 -0.35350854350742145 -0.35350854350742145 -0.32138285840123076 -0.32138285840123076 -0.35350854350742145 -0.22736153281851018 -0.2263842036506563 -0.22736153281851018 -0.2263842036506563 -0.35350854350742145 -0.22736153281851018 -0.2263842036506563 -0.34820510064449456 -0.18564252061927516 -0.34820510064449456 -0.35350854350742145 -0.2263842036506563 -0.22736153281851018 -0.22736153281851018 -0.3620123678465627 -0.3592897782478285 -0.3407480597407193 -0.3450461941239237 -0.3407480597407193 -0.3407480597407193 -0.22736153281851018 -0.2263842036506563 -0.31726946358897357 -0.2982198822470917 -0.3006842562196282 -0.2939199901566018 -0.2939296613938797 -0.28196947886867557 -0.27715967150559945 -0.2654247181178903 -0.2654247181178903 -0.2654247181178903 -0.26608665639399354 -0.2654247181178903 -0.22090296888232583 -0.24586173368406258 -0.24541108786674604 -0.17653724512913108 -0.23093757607330573 -0.20166298059068932 -0.1491337429988009 -0.17121110784555274 -0.14863594575488256 -0.15504364634549625 -0.14863594575488256 -0.1444540315950841 -0.1444540315950841 -0.1404648365241943 -0.10452246947905046 -0.09141389627260586 -0.09141389627260586 -0.08456607331910931 -0.08456607331910931 -0.08523252492820958 -0.06033955019202001 -0.041684742660770414
-0.35350854350742145 -0.35350854350742145 -0.35350854350742145 -0.35350854350742145 -0.30081507163199683 -0.30081507163199683 -0.35350854350742145 -0.34820510064449456 -0.34820510064449456 -0.35350854350742145 -0.34820510064449456 -0.34820510064449456 -0.35350854350742145 -0.34820510064449456 -0.34820510064449456 -0.35350854350742145 -0.18564252061927516 -0.35350854350742145 -0.35350854350742145 -0.35350854350742145 -0.35350854350742145 -0.30081507163199683 -0.35350854350742145 -0.35350854350742145 -0.30081507163199683 -0.30081507163199683 -0.35350854350742145 -0.30081507163199683 -0.35350854350742145 -0.35350854350742145 -0.35350854350742145 -0.35350854350742145 -0.35350854350742145 -0.34820510064449456 -0.34820510064449456 -0.35350854350742145 -0.34820510064449456 -0.35350854350742145 -0.35350854350742145 -0.35350854350742145 -0.30081507163199683 -0.35350854350742145 -0.35350854350742145 -0.35350854350742145 -0.30081507163199683 -0.35350854350742145 -0.35350854350742145 -0.35350854350742145 -0.32138285840123076 -0.32138285840123076 -0.35350854350742145 -0.22736153281851018 -0.2263842036506563 -0.22736153281851018 -0.2263842036506563 -0.35350854350742145 -0.22736153281851018 -0.2263842036506563 -0.34820510064449456 -0.18564252061927516 -0.34820510064449456 -0.35350854350742145 -0.2263842036506563 -0.22736153281851018 -0.22736153281851018 -0.3592897782478285 -0.3618486095749676 -0.3407480597407193 -0.3450461941239237 -0.3407480597407193 -0.3407480597407193 -0.22736153281851018 -0.2263842036506563 -0.31726946358897357 -0.2982198822470917 -0.3006842562196282 -0.2939199901566018 -0.2939296613938797 -0.28196947886867557 -0.27715967150559945 -0.2654247181178903 -0.2654247181178903 -0.2654247181178903 -0.26608665639399354 -0.2654247181178903 -0.22090296888232583 -0.24586173368406258 -0.24541108786674604 -0.17653724512913108 -0.23093757607330573 -0.20166298059068932 -0.1491337429988009 -0.17121110784555274 -0.14863594575488256 -0.15504364634549625 -0.14863594575488256 -0.1444540315950841 -0.1444540315950841 -0.1404648365241943 -0.10452246947905046 -0.09141389627260586 -0.09141389627260586 -0.08456607331910931 -0.08456607331910931 -0.08523252492820958 -0.06033955019202001 -0.041684742660770414
-0.3407480597407193 -0.3407480597407193 -0.3407480597407193 -0.3407480597407193 -0.30081507163199683 -0.30081507163199683 -0.3407480597407193 -0.3407480597407193 -0.3407480597407193 -0.3407480597407193 -0.3407480597407193 -0.3407480597407193 -0.3407480597407193 -0.3407480597407193 -0.3407480597407193 -0.3407480597407193 -0.18564252061927516 -0.3407480597407193 -0.3407480597407193 -0.3407480597407193 -0.3407480597407193 -0.30081507163199683 -0.3407480597407193 -0.3407480597407193 -0.30081507163199683 -0.30081507163199683 -0.3407480597407193 -0.30081507163199683 -0.3407480597407193 -0.3407480597407193 -0.3407480597407193 -0.3407480597407193 -0.3407480597407193 -0.3407480597407193 -0.3407480597407193 -0.3407480597407193 -0.3407480597407193 -0.3407480597407193 -0.3407480597407193 -0.3407480597407193 -0.30081507163199683 -0.3407480597407193 -0.3407480597407193 -0.3407480597407193 -0.30081507163199683 -0.3407480597407193 -0.3407480597407193 -0.3407480597407193 -0.32138285840123076 -0.32138285840123076 -0.3407480597407193 -0.22736153281851018 -0.2263842036506563 -0.22736153281851018 -0.2263842036506563 -0.3407480597407193 -0.22736153281851018 -0.2263842036506563 -0.3407480597407193 -0.18564252061927516 -0.3407480597407193 -0.3407480597407193 -0.2263842036506563 -0.22736153281851018 -0.22736153281851018 -0.3407480597407193 -0.3407480597407193 -0.3464594430973929 -0.3407480597407193 -0.3437552419526429 -0.34254885079030306 -0.22736153281851018 -0.2263842036506563 -0.31726946358897357 -0.2982198822470917 -0.3006842562196282 -0.2939199901566018 -0.2939296613938797 -0.28196947886867557 -0.27715967150559945 -0.2654247181178903 -0.2654247181178903 -0.2654247181178903 -0.26608665639399354 -0.2654247181178903 -0.22090296888232583 -0.24586173368406258 -0.24541108786674604 -0.17653724512913108 -0.23093757607330573 -0.20166298059068932 -0.1491337429988009 -0.17121110784555274 -0.14863594575488256 -0.15504364634549625 -0.14863594575488256 -0.1444540315950841 -0.1444540315950841 -0.1404648365241943 -0.10452246947905046 -0.09141389627260586 -0.09141389627260586 -0.08456607331910931 -0.08456607331910931 -0.08523252492820958 -0.06033955019202001 -0.041684742660770414
-0.3450461941239237 -0.3450461941239237 -0.3450461941239237 -0.3450461941239237 -0.30081507163199683 -0.30081507163199683 -0.3450461941239237 -0.3450461941239237 -0.3450461941239237 -0.3450461941239237 -0.3450461941239237 -0.3450461941239237 -0.3450461941239237 -0.3450461941239237 -0.3450461941239237 -0.3450461941239237 -0.18564252061927516 -0.3450461941239237 -0.3450461941239237 -0.3450461941239237 -0.3450461941239237 -0.30081507163199683 -0.3450461941239237 -0.3450461941239237 -0.30081507163199683 -0.30081507163199683 -0.3450461941239237 -0.30081507163199683 -0.3450461941239237 -0.3450461941239237 -0.3450461941239237 -0.3450461941239237 -0.3450461941239237 -0.3450461941239237 -0.3450461941239237 -0.3450461941239237 -0.3450461941239237 -0.3450461941239237 -0.3450461941239237 -0.3450461941239237 -0.30081507163199683 -0.3450461941239237 -0.3450461941239237 -0.3450461941239237 -0.30081507163199683 -0.3450461941239237 -0.3450461941239237 -0.3450461941239237 -0.32138285840123076 -0.32138285840123076 -0.3450461941239237 -0.22736153281851018 -0.2263842036506563 -0.22736153281851018 -0.2263842036506563 -0.3450461941239237 -0.22736153281851018 -0.2263842036506563 -0.3450461941239237 -0.18564252061927516 -0.3450461941239237 -0.3450461941239237 -0.2263842036506563 -0.22736153281851018 -0.22736153281851018 -0.3450461941239237 -0.3450461941239237 -0.3407480597407193 -0.34563274466816846 -0.3407480597407193 -0.3407480597407193 -0.22736153281851018 -0.2263842036506563 -0.31726946358897357 -0.2982198822470917 -0.3006842562196282 -0.2939199901566018 -0.2939296613938797 -0.28196947886867557 -0.27715967150559945 -0.2654247181178903 -0.2654247181178903 -0.2654247181178903 -0.26608665639399354 -0.2654247181178903 -0.22090296888232583 -0.24586173368406258 -0.24541108786674604 -0.17653724512913108 -0.23093757607330573 -0.20166298059068932 -0.1491337429988009 -0.17121110784555274 -0.14863594575488256 -0.15504364634549625 -0.14863594575488256 -0.1444540315950841 -0.1444540315950841 -0.1404648365241943 -0.10452246947905046 -0.09141389627260586 -0.09141389627260586 -0.08456607331910931 -0.08456607331910931 -0.08523252492820958 -0.06033955019202001 -0.041684742660770414
-0.3407480597407193 -0.3407480597407193 -0.3407480597407193 -0.3407480597407193 -0.30081507163199683 -0.30081507163199683 -0.3407480597407193 -0.3407480597407193 -0.3407480597407193 -0.3407480597407193 -0.3407480597407193 -0.3407480597407193 -0.3407480597407193 -0.3407480597407193 -0.3407480597407193 -0.3407480597407193 -0.18564252061927516 -0.3407480597407193 -0.3407480597407193 -0.3407480597407193 -0.3407480597407193 -0.30081507163199683 -0.3407480597407193 -0.3407480597407193 -0.30081507163199683 -0.30081507163199683 -0.3407480597407193 -0.30081507163199683 -0.3407480597407193 -0.3407480597407193 -0.3407480597407193 -0.3407480597407193 -0.3407480597407193 -0.3407480597407193 -0.3407480597407193 -0.3407480597407193 -0.3407480597407193 -0.3407480597407193 -0.3407480597407193 -0.3407480597407193 -0.30081507163199683 -0.3407480597407193 -0.3407480597407193 -0.3407480597407193 -0.30081507163199683 -0.3407480597407193 -0.3407480597407193 -0.3407480597407193 -0.32138285840123076 -0.32138285840123076 -0.3407480597407193 -0.22736153281851018 -0.2263842036506563 -0.22736153281851018 -0.2263842036506563 -0.3407480597407193 -0.22736153281851018 -0.2263842036506563 -0.3407480597407193 -0.18564252061927516 -0.3407480597407193 -0.3407480597407193 -0.2263842036506563 -0.22736153281851018 -0.22736153281851018 -0.3407480597407193 -0.3407480597407193 -0.3437552419526429 -0.3407480597407193 -0.3437865387549917 -0.34254885079030306 -0.22736153281851018 -0.2263842036506563 -0.31726946358897357 -0.2982198822470917 -0.3006842562196282 -0.2939199901566018 -0.2939296613938797 -0.28196947886867557 -0.27715967150559945 -0.2654247181178903 -0.2654247181178903 -0.2654247181178903 -0.26608665639399354 -0.2654247181178903 -0.22090296888232583 -0.24586173368406258 -0.24541108786674604 -0.17653724512913108 -0.23093757607330573 -0.20166298059068932 -0.1491337429988009 -0.17121110784555274 -0.14863594575488256 -0.15504364634549625 -0.14863594575488256 -0.1444540315950841 -0.1444540315950841 -0.1404648365241943 -0.10452246947905046 -0.09141389627260586 -0.09141389627260586 -0.08456607331910931 -0.08456607331910931 -0.08523252492820958 -0.06033955019202001 -0.041684742660770414
-0.3407480597407193 -0.3407480597407193 -0.3407480597407193 -0.3407480597407193 -0.30081507163199683 -0.30081507163199683 -0.3407480597407193 -0.3407480597407193 -0.3407480597407193 -0.3407480597407193 -0.3407480597407193 -0.3407480597407193 -0.3407480597407193 -0.3407480597407193 -0.3407480597407193 -0.3407480597407193 -0.18564252061927516 -0.3407480597407193 -0.3407480597407193 -0.3407480597407193 -0.3407480597407193 -0.30081507163199683 -0.3407480597407193 -0.3407480597407193 -0.30081507163199683 -0.30081507163199683 -0.3407480597407193 -0.30081507163199683 -0.3407480597407193 -0.3407480597407193 -0.3407480597407193 -0.3407480597407193 -0.3407480597407193 -0.3407480597407193 -0.3407480597407193 -0.3407480597407193 -0.3407480597407193 -0.3407480597407193 -0.3407480597407193 -0.3407480597407193 -0.30081507163199683 -0.3407480597407193 -0.3407480597407193 -0.3407480597407193 -0.30081507163199683 -0.3407480597407193 -0.3407480597407193 -0.3407480597407193 -0.32138285840123076 -0.32138285840123076 -0.3407480597407193 -0.22736153281851018 -0.2263842036506563 -0.22736153281851018 -0.2263842036506563 -0.3407480597407193 -0.22736153281851018 -0.2263842036506563 -0.3407480597407193 -0.18564252061927516 -0.3407480597407193 -0.3407480597407193 -0.2263842036506563 -0.22736153281851018 -0.22736153281851018 -0.3407480597407193 -0.3407480597407193 -0.34254885079030306 -0.3407480597407193 -0.34254885079030306 -0.34263813866369963 -0.22736153281851018 -0.2263842036506563 -0.31726946358897357 -0.2982198822470917 -0.3006842562196282 -0.2939199901566018 -0.2939296613938797 -0.28196947886867557 -0.27715967150559945 -0.2654247181178903 -0.2654247181178903 -0.2654247181178903 -0.26608665639399354 -0.2654247181178903 -0.22090296888232583 -0.24586173368406258 -0.24541108786674604 -0.17653724512913108 -0.23093757607330573 -0.20166298059068932 -0.1491337429988009 -0.17121110784555274 -0.14863594575488256 -0.15504364634549625 -0.14863594575488256 -0.1444540315950841 -0.1444540315950841 -0.1404648365241943 -0.10452246947905046 -0.09141389627260586 -0.09141389627260586 -0.08456607331910931 -0.08456607331910931 -0.08523252492820958 -0.06033955019202001 -0.041684742660770414
-0.22736153281851018 -0.22736153281851018 -0.22736153281851018 -0.22736153281851018 -0.22736153281851018 -0.22736153281851018 -0.22736153281851018 -0.22736153281851018 -0.22736153281851018 -0.22736153281851018 -0.22736153281851018 -0.22736153281851018 -0.22736153281851018 -0.22736153281851018 -0.22736153281851018 -0.22736153281851018 -0.18564252061927516 -0.22736153281851018 -0.22736153281851018 -0.22736153281851018 -0.22736153281851018 -0.22736153281851018 -0.22736153281851018 -0.22736153281851018 -0.22736153281851018 -0.22736153281851018 -0.22736153281851018 -0.22736153281851018 -0.22736153281851018 -0.22736153281851018 -0.22736153281851018 -0.22736153281851018 -0.22736153281851018 -0.22736153281851018 -0.22736153281851018 -0.22736153281851018 -0.22736153281851018 -0.22736153281851018 -0.22736153281851018 -0.22736153281851018 -0.22736153281851018 -0.22736153281851018 -0.22736153281851018 -0.22736153281851018 -0.22736153281851018 -0.22736153281851018 -0.22736153281851018 -0.22736153281851018 -0.22736153281851018 -0.22736153281851018 -0.22736153281851018 -0.301933913253224 -0.2263842036506563 -0.301933913253224 -0.2263842036506563 -0.22736153281851018 -0.301933913253224 -0.2263842036506563 -0.22736153281851018 -0.18564252061927516 -0.22736153281851018 -0.22736153281851018 -0.2263842036506563 -0.301933913253224 -0.301933913253224 -0.22736153281851018 -0.22736153281851018 -0.22736153281851018 -0.22736153281851018 -0.22736153281851018 -0.22736153281851018 -0.337191944943304 -0.2263842036506563 -0.22736153281851018 -0.22736153281851018 -0.22736153281851018 -0.22736153281851018 -0.22736153281851018 -0.22736153281851018 -0.22736153281851018 -0.22736153281851018 -0.22736153281851018 -0.22736153281851018 -0.22736153281851018 -0.22736153281851018 -0.22090296888232583 -0.22736153281851018 -0.22736153281851018 -0.17653724512913108 -0.22736153281851018 -0.20166298059068932 -0.1491337429988009 -0.17121110784555274 -0.14863594575488256 -0.15504364634549625 -0.14863594575488256 -0.1444540315950841 -0.1444540315950841 -0.1404648365241943 -0.10452246947905046 -0.09141389627260586 -0.09141389627260586 -0.08456607331910931 -0.08456607331910931 -0.08523252492820958 -0.06033955019202001 -0.041684742660770414
-0.2263842036506563 -0.2263842036506563 -0.2263842036506563 -0.2263842036506563 -0.2263842036506563 -0.2263842036506563 -0.2263842036506563 -0.2263842036506563 -0.2263842036506563 -0.2263842036506563 -0.2263842036506563 -0.2263842036506563 -0.2263842036506563 -0.2263842036506563 -0.2263842036506563 -0.2263842036506563 -0.18564252061927516 -0.2263842036506563 -0.2263842036506563 -0.2263842036506563 -0.2263842036506563 -0.2263842036506563 -0.2263842036506563 -0.2263842036506563 -0.2263842036506563 -0.2263842036506563 -0.2263842036506563 -0.2263842036506563 -0.2263842036506563 -0.2263842036506563 -0.2263842036506563 -0.2263842036506563 -0.2263842036506563 -0.2263842036506563 -0.2263842036506563 -0.2263842036506563 -0.2263842036506563 -0.2263842036506563 -0.2263842036506563 -0.2263842036506563 -0.2263842036506563 -0.2263842036506563 -0.2263842036506563 -0.2263842036506563 -0.2263842036506563 -0.2263842036506563 -0.2263842036506563 -0.2263842036506563 -0.2263842036506563 -0.2263842036506563 -0.2263842036506563 -0.2263842036506563 -0.3325859619907955 -0.2263842036506563 -0.3325859619907955 -0.2263842036506563 -0.2263842036506563 -0.3068440004700645 -0.2263842036506563 -0.18564252061927516 -0.2263842036506563 -0.2263842036506563 -0.3325859619907955 -0.2263842036506563 -0.2263842036506563 -0.2263842036506563 -0.2263842036506563 -0.2263842036506563 -0.2263842036506563 -0.2263842036506563 -0.2263842036506563 -0.2263842036506563 -0.33580687580591184 -0.2263842036506563 -0.2263842036506563 -0.2263842036506563 -0.2263842036506563 -0.2263842036506563 -0.2263842036506563 -0.2263842036506563 -0.2263842036506563 -0.2263842036506563 -0.2263842036506563 -0.2263842036506563 -0.2263842036506563 -0.22090296888232583 -0.2263842036506563 -0.2263842036506563 -0.17653724512913108 -0.2263842036506563 -0.20166298059068932 -0.1491337429988009 -0.17121110784555274 -0.14863594575488256 -0.15504364634549625 -0.14863594575488256 -0.1444540315950841 -0.1444540315950841 -0.1404648365241943 -0.10452246947905046 -0.09141389627260586 -0.09141389627260586 -0.08456607331910931 -0.08456607331910931 -0.08523252492820958 -0.06033955019202001 -0.041684742660770414
-0.31726946358897357 -0.31726946358897357 -0.31726946358897357 -0.31726946358897357 -0.30081507163199683 -0.30081507163199683 -0.31726946358897357 -0.31726946358897357 -0.31726946358897357 -0.31726946358897357 -0.31726946358897357 -0.31726946358897357 -0.31726946358897357 -0.31726946358897357 -0.31726946358897357 -0.31726946358897357 -0.18564252061927516 -0.31726946358897357 -0.31726946358897357 -0.31726946358897357 -0.31726946358897357 -0.30081507163199683 -0.31726946358897357 -0.31726946358897357 -0.30081507163199683 -0.30081507163199683 -0.31726946358897357 -0.30081507163199683 -0.31726946358897357 -0.31726946358897357 -0.31726946358897357 -0.31726946358897357 -0.31726946358897357 -0.31726946358897357 -0.31726946358897357 -0.31726946358897357 -0.31726946358897357 -0.31726946358897357 -0.31726946358897357 -0.31726946358897357 -0.30081507163199683 -0.31726946358897357 -0.31726946358897357 -0.31726946358897357 -0.30081507163199683 -0.31726946358897357 -0.31726946358897357 -0.31726946358897357 -0.31726946358897357 -0.31726946358897357 -0.31726946358897357 -0.22736153281851018 -0.2263842036506563 -0.22736153281851018 -0.2263842036506563 -0.31726946358897357 -0.22736153281851018 -0.2263842036506563 -0.31726946358897357 -0.18564252061927516 -0.31726946358897357 -0.31726946358897357 -0.2263842036506563 -0.22736153281851018 -0.22736153281851018 -0.31726946358897357 -0.31726946358897357 -0.31726946358897357 -0.31726946358897357 -0.31726946358897357 -0.31726946358897357 -0.22736153281851018 -0.2263842036506563 -0.31732293364819175 -0.2982198822470917 -0.3006842562196282 -0.2939199901566018 -0.2939296613938797 -0.28196947886867557 -0.27715967150559945 -0.2654247181178903 -0.2654247181178903 -0.2654247181178903 -0.26608665639399354 -0.2654247181178903 -0.22090296888232583 -0.24586173368406258 -0.24541108786674604 -0.17653724512913108 -0.23093757607330573 -0.20166298059068932 -0.1491337429988009 -0.17121110784555274 -0.14863594575488256 -0.15504364634549625 -0.14863594575488256 -0.1444540315950841 -0.1444540315950841 -0.1404648365241943 -0.10452246947905046 -0.09141389627260586 -0.09141389627260586 -0.08456607331910931 -0.08456607331910931 -0.08523252492820958 -0.06033955019202001 -0.041684742660770414
-0.2982198822470917 -0.2982198822470917 -0.2982198822470917 -0.2982198822470917 -0.2982198822470917 -0.2982198822470917 -0.2982198822470917 -0.2982198822470917 -0.2982198822470917 -0.2982198822470917 -0.2982198822470917 -0.2982198822470917 -0.2982198822470917 -0.2982198822470917 -0.2982198822470917 -0.2982198822470917 -0.18564252061927516 -0.2982198822470917 -0.2982198822470917 -0.2982198822470917 -0.2982198822470917 -0.2982198822470917 -0.2982198822470917 -0.2982198822470917 -0.2982198822470917 -0.2982198822470917 -0.2982198822470917 -0.2982198822470917 -0.2982198822470917 -0.2982198822470917 -0.2982198822470917 -0.2982198822470917 -0.2982198822470917 -0.2982198822470917 -0.2982198822470917 -0.2982198822470917 -0.2982198822470917 -0.2982198822470917 -0.2982198822470917 -0.2982198822470917 -0.2982198822470917 -0.2982198822470917 -0.2982198822470917 -0.2982198822470917 -0.2982198822470917 -0.2982198822470917 -0.2982198822470917 -0.2982198822470917 -0.2982198822470917 -0.2982198822470917 -0.2982198822470917 -0.22736153281851018 -0.2263842036506563 -0.22736153281851018 -0.2263842036506563 -0.2982198822470917 -0.22736153281851018 -0.2263842036506563 -0.2982198822470917 -0.18564252061927516 -0.2982198822470917 -0.2982198822470917 -0.2263842036506563 -0.22736153281851018 -0.22736153281851018 -0.2982198822470917 -0.2982198822470917 -0.2982198822470917 -0.2982198822470917 -0.2982198822470917 -0.2982198822470917 -0.22736153281851018 -0.2263842036506563 -0.2982198822470917 -0.31564075842289246 -0.2982198822470917 -0.2939199901566018 -0.2939296613938797 -0.28196947886867557 -0.27715967150559945 -0.2654247181178903 -0.2654247181178903 -0.2654247181178903 -0.26608665639399354 -0.2654247181178903 -0.22090296888232583 -0.24586173368406258 -0.24541108786674604 -0.17653724512913108 -0.23093757607330573 -0.20166298059068932 -0.1491337429988009 -0.17121110784555274 -0.14863594575488256 -0.15504364634549625 -0.14863594575488256 -0.1444540315950841 -0.1444540315950841 -0.1404648365241943 -0.10452246947905046 -0.09141389627260586 -0.09141389627260586 -0.08456607331910931 -0.08456607331910931 -0.08523252492820958 -0.06033955019202001 -0.041684742660770414
-0.3006842562196282 -0.3006842562196282 -0.3006842562196282 -0.3006842562196282 -0.3006842562196282 -0.3006842562196282 -0.3006842562196282 -0.3006842562196282 -0.3006842562196282 -0.3006842562196282 -0.3006842562196282 -0.3006842562196282 -0.3006842562196282 -0.3006842562196282 -0.3006842562196282 -0.3006842562196282 -0.18564252061927516 -0.3006842562196282 -0.3006842562196282 -0.3006842562196282 -0.3006842562196282 -0.3006842562196282 -0.3006842562196282 -0.3006842562196282 -0.3006842562196282 -0.3006842562196282 -0.3006842562196282 -0.3006842562196282 -0.3006842562196282 -0.3006842562196282 -0.3006842562196282 -0.3006842562196282 -0.3006842562196282 -0.3006842562196282 -0.3006842562196282 -0.3006842562196282 -0.3006842562196282 -0.3006842562196282 -0.3006842562196282 -0.3006842562196282 -0.3006842562196282 -0.3006842562196282 -0.3006842562196282 -0.3006842562196282 -0.3006842562196282 -0.3006842562196282 -0.3006842562196282 -0.3006842562196282 -0.3006842562196282 -0.3006842562196282 -0.3006842562196282 -0.22736153281851018 -0.2263842036506563 -0.22736153281851018 -0.2263842036506563 -0.3006842562196282 -0.22736153281851018 -0.2263842036506563 -0.3006842562196282 -0.18564252061927516 -0.3006842562196282 -0.3006842562196282 -0.2263842036506563 -0.22736153281851018 -0.22736153281851018 -0.3006842562196282 -0.3006842562196282 -0.3006842562196282 -0.3006842562196282 -0.3006842562196282 -0.3006842562196282 -0.22736153281851018 -0.2263842036506563 -0.3006842562196282 -0.2982198822470917 -0.30073785618596716 -0.2939199901566018 -0.2939296613938797 -0.28196947886867557 -0.27715967150559945 -0.2654247181178903 -0.2654247181178903 -0.2654247181178903 -0.26608665639399354 -0.2654247181178903 -0.22090296888232583 -0.24586173368406258 -0.24541108786674604 -0.17653724512913108 -0.23093757607330573 -0.20166298059068932 -0.1491337429988009 -0.17121110784555274 -0.14863594575488256 -0.15504364634549625 -0.14863594575488256 -0.1444540315950841 -0.1444540315950841 -0.1404648365241943 -0.10452246947905046 -0.09141389627260586 -0.09141389627260586 -0.08456607331910931 -0.08456607331910931 -0.08523252492820958 -0.06033955019202001 -0.041684742660770414
-0.2939199901566018 -0.2939199901566018 -0.2939199901566018 -0.2939199901566018 -0.2939199901566018 -0.2939199901566018 -0.2939199901566018 -0.2939199901566018 -0.2939199901566018 -0.2939199901566018 -0.2939199901566018 -0.2939199901566018 -0.2939199901566018 -0.2939199901566018 -0.2939199901566018 -0.2939199901566018 -0.18564252061927516 -0.2939199901566018 -0.2939199901566018 -0.2939199901566018 -0.2939199901566018 -0.2939199901566018 -0.2939199901566018 -0.2939199901566018 -0.2939199901566018 -0.2939199901566018 -0.2939199901566018 -0.2939199901566018 -0.2939199901566018 -0.2939199901566018 -0.2939199901566018 -0.2939199901566018 -0.2939199901566018 -0.2939199901566018 -0.2939199901566018 -0.2939199901566018 -0.2939199901566018 -0.2939199901566018 -0.2939199901566018 -0.2939199901566018 -0.2939199901566018 -0.2939199901566018 -0.2939199901566018 -0.2939199901566018 -0.2939199901566018 -0.2939199901566018 -0.2939199901566018 -0.2939199901566018 -0.2939199901566018 -0.2939199901566018 -0.2939199901566018 -0.22736153281851018 -0.2263842036506563 -0.22736153281851018 -0.2263842036506563 -0.2939199901566018 -0.22736153281851018 -0.2263842036506563 -0.2939199901566018 -0.18564252061927516 -0.2939199901566018 -0.2939199901566018 -0.2263842036506563 -0.22736153281851018 -0.22736153281851018 -0.2939199901566018 -0.2939199901566018 -0.2939199901566018 -0.2939199901566018 -0.2939199901566018 -0.2939199901566018 -0.22736153281851018 -0.2263842036506563 -0.2939199901566018 -0.2939199901566018 -0.2939199901566018 -0.2948397661614595 -0.2939199901566018 -0.28196947886867557 -0.27715967150559945 -0.2654247181178903 -0.2654247181178903 -0.2654247181178903 -0.26608665639399354 -0.2654247181178903 -0.22090296888232583 -0.24586173368406258 -0.24541108786674604 -0.17653724512913108 -0.23093757607330573 -0.20166298059068932 -0.1491337429988009 -0.17121110784555274 -0.14863594575488256 -0.15504364634549625 -0.14863594575488256 -0.1444540315950841 -0.1444540315950841 -0.1404648365241943 -0.10452246947905046 -0.09141389627260586 -0.09141389627260586 -0.08456607331910931 -0.08456607331910931 -0.08523252492820958 -0.06033955019202001 -0.041684742660770414
-0.2939296613938797 -0.2939296613938797 -0.2939296613938797 -0.2939296613938797 -0.2939296613938797 -0.2939296613938797 -0.2939296613938797 -0.2939296613938797 -0.2939296613938797 -0.2939296613938797 -0.2939296613938797 -0.2939296613938797 -0.2939296613938797 -0.2939296613938797 -0.2939296613938797 -0.2939296613938797 -0.18564252061927516 -0.2939296613938797 -0.2939296613938797 -0.2939296613938797 -0.2939296613938797 -0.2939296613938797 -0.2939296613938797 -0.2939296613938797 -0.2939296613938797 -0.2939296613938797 -0.2939296613938797 -0.2939296613938797 -0.2939296613938797 -0.2939296613938797 -0.2939296613938797 -0.2939296613938797 -0.2939296613938797 -0.2939296613938797 -0.2939296613938797 -0.2939296613938797 -0.2939296613938797 -0.2939296613938797 -0.2939296613938797 -0.2939296613938797 -0.2939296613938797 -0.2939296613938797 -0.2939296613938797 -0.2939296613938797 -0.2939296613938797 -0.2939296613938797 -0.2939296613938797 -0.2939296613938797 -0.2939296613938797 -0.2939296613938797 -0.2939296613938797 -0.22736153281851018 -0.2263842036506563 -0.22736153281851018 -0.2263842036506563 -0.2939296613938797 -0.22736153281851018 -0.2263842036506563 -0.2939296613938797 -0.18564252061927516 -0.2939296613938797 -0.2939296613938797 -0.2263842036506563 -0.22736153281851018 -0.22736153281851018 -0.2939296613938797 -0.2939296613938797 -0.2939296613938797 -0.2939296613938797 -0.2939296613938797 -0.2939296613938797 -0.22736153281851018 -0.2263842036506563 -0.2939296613938797 -0.2939296613938797 -0.2939296613938797 -0.2939199901566018 -0.2939474152207751 -0.28196947886867557 -0.27715967150559945 -0.2654247181178903 -0.2654247181178903 -0.2654247181178903 -0.26608665639399354 -0.2654247181178903 -0.22090296888232583 -0.24586173368406258 -0.24541108786674604 -0.17653724512913108 -0.23093757607330573 -0.20166298059068932 -0.1491337429988009 -0.17121110784555274 -0.14863594575488256 -0.15504364634549625 -0.14863594575488256 -0.1444540315950841 -0.1444540315950841 -0.1404648365241943 -0.10452246947905046 -0.09141389627260586 -0.09141389627260586 -0.08456607331910931 -0.08456607331910931 -0.08523252492820958 -0.06033955019202001 -0.041684742660770414
-0.28196947886867557 -0.28196947886867557 -0.28196947886867557 -0.28196947886867557 -0.28196947886867557 -0.28196947886867557 -0.28196947886867557 -0.28196947886867557 -0.28196947886867557 -0.28196947886867557 -0.28196947886867557 -0.28196947886867557 -0.28196947886867557 -0.28196947886867557 -0.28196947886867557 -0.28196947886867557 -0.18564252061927516 -0.28196947886867557 -0.28196947886867557 -0.28196947886867557 -0.28196947886867557 -0.28196947886867557 -0.28196947886867557 -0.28196947886867557 -0.28196947886867557 -0.28196947886867557 -0.28196947886867557 -0.28196947886867557 -0.28196947886867557 -0.28196947886867557 -0.28196947886867557 -0.28196947886867557 -0.28196947886867557 -0.28196947886867557 -0.28196947886867557 -0.28196947886867557 -0.28196947886867557 -0.28196947886867557 -0.28196947886867557 -0.28196947886867557 -0.28196947886867557 -0.28196947886867557 -0.28196947886867557 -0.28196947886867557 -0.28196947886867557 -0.28196947886867557 -0.28196947886867557 -0.28196947886867557 -0.28196947886867557 -0.28196947886867557 -0.28196947886867557 -0.22736153281851018 -0.2263842036506563 -0.22736153281851018 -0.2263842036506563 -0.28196947886867557 -0.22736153281851018 -0.2263842036506563 -0.28196947886867557 -0.18564252061927516 -0.28196947886867557 -0.28196947886867557 -0.2263842036506563 -0.22736153281851018 -0.22736153281851018 -0.28196947886867557 -0.28196947886867557 -0.28196947886867557 -0.28196947886867557 -0.28196947886867557 -0.28196947886867557 -0.22736153281851018 -0.2263842036506563 -0.28196947886867557 -0.28196947886867557 -0.28196947886867557 -0.28196947886867557 -0.28196947886867557 -0.28982694885240734 -0.27715967150559945 -0.2654247181178903 -0.2654247181178903 -0.2654247181178903 -0.26608665639399354 -0.2654247181178903 -0.22090296888232583 -0.24586173368406258 -0.24541108786674604 -0.17653724512913108 -0.23093757607330573 -0.20166298059068932 -0.1491337429988009 -0.17121110784555274 -0.14863594575488256 -0.15504364634549625 -0.14863594575488256 -0.1444540315950841 -0.1444540315950841 -0.1404648365241943 -0.10452246947905046 -0.09141389627260586 -0.09141389627260586 -0.08456607331910931 -0.08456607331910931 -0.08523252492820958 -0.06033955019202001 -0.041684742660770414
-0.27715967150559945 -0.27715967150559945 -0.27715967150559945 -0.27715967150559945 -0.27715967150559945 -0.27715967150559945 -0.27715967150559945 -0.27715967150559945 -0.27715967150559945 -0.27715967150559945 -0.27715967150559945 -0.27715967150559945 -0.27715967150559945 -0.27715967150559945 -0.27715967150559945 -0.27715967150559945 -0.18564252061927516 -0.27715967150559945 -0.27715967150559945 -0.27715967150559945 -0.27715967150559945 -0.27715967150559945 -0.27715967150559945 -0.27715967150559945 -0.27715967150559945 -0.27715967150559945 -0.27715967150559945 -0.27715967150559945 -0.27715967150559945 -0.27715967150559945 -0.27715967150559945 -0.27715967150559945 -0.27715967150559945 -0.27715967150559945 -0.27715967150559945 -0.27715967150559945 -0.27715967150559945 -0.27715967150559945 -0.27715967150559945 -0.27715967150559945 -0.27715967150559945 -0.27715967150559945 -0.27715967150559945 -0.27715967150559945 -0.27715967150559945 -0.27715967150559945 -0.27715967150559945 -0.27715967150559945 -0.27715967150559945 -0.27715967150559945 -0.27715967150559945 -0.22736153281851018 -0.2263842036506563 -0.22736153281851018 -0.2263842036506563 -0.27715967150559945 -0.22736153281851018 -0.2263842036506563 -0.27715967150559945 -0.18564252061927516 -0.27715967150559945 -0.27715967150559945 -0.2263842036506563 -0.22736153281851018 -0.22736153281851018 -0.27715967150559945 -0.27715967150559945 -0.27715967150559945 -0.27715967150559945 -0.27715967150559945 -0.27715967150559945 -0.22736153281851018 -0.2263842036506563 -0.27715967150559945 -0.27715967150559945 -0.27715967150559945 -0.27715967150559945 -0.27715967150559945 -0.27715967150559945 -0.2843779666611732 -0.2654247181178903 -0.2654247181178903 -0.2654247181178903 -0.26608665639399354 -0.2654247181178903 -0.22090296888232583 -0.24586173368406258 -0.24541108786674604 -0.17653724512913108 -0.23093757607330573 -0.20166298059068932 -0.1491337429988009 -0.17121110784555274 -0.14863594575488256 -0.15504364634549625 -0.14863594575488256 -0.1444540315950841 -0.1444540315950841 -0.1404648365241943 -0.10452246947905046 -0.09141389627260586 -0.09141389627260586 -0.08456607331910931 -0.08456607331910931 -0.08523252492820958 -0.06033955019202001 -0.041684742660770414
-0.2654247181178903 -0.2654247181178903 -0.2654247181178903 -0.2654247181178903 -0.2654247181178903 -0.2654247181178903 -0.2654247181178903 -0.2654247181178903 -0.2654247181178903 -0.2654247181178903 -0.2654247181178903 -0.2654247181178903 -0.2654247181178903 -0.2654247181178903 -0.2654247181178903 -0.2654247181178903 -0.18564252061927516 -0.2654247181178903 -0.2654247181178903 -0.2654247181178903 -0.2654247181178903 -0.2654247181178903 -0.2654247181178903 -0.2654247181178903 -0.2654247181178903 -0.2654247181178903 -0.2654247181178903 -0.2654247181178903 -0.2654247181178903 -0.2654247181178903 -0.2654247181178903 -0.2654247181178903 -0.2654247181178903 -0.2654247181178903 -0.2654247181178903 -0.2654247181178903 -0.2654247181178903 -0.2654247181178903 -0.2654247181178903 -0.2654247181178903 -0.2654247181178903 -0.2654247181178903 -0.2654247181178903 -0.2654247181178903 -0.2654247181178903 -0.2654247181178903 -0.2654247181178903 -0.2654247181178903 -0.2654247181178903 -0.2654247181178903 -0.2654247181178903 -0.22736153281851018 -0.2263842036506563 -0.22736153281851018 -0.2263842036506563 -0.2654247181178903 -0.22736153281851018 -0.2263842036506563 -0.2654247181178903 -0.18564252061927516 -0.2654247181178903 -0.2654247181178903 -0.2263842036506563 -0.22736153281851018 -0.22736153281851018 -0.2654247181178903 -0.2654247181178903 -0.2654247181178903 -0.2654247181178903 -0.2654247181178903 -0.2654247181178903 -0.22736153281851018 -0.2263842036506563 -0.2654247181178903 -0.2654247181178903 -0.2654247181178903 -0.2654247181178903 -0.2654247181178903 -0.2654247181178903 -0.2654247181178903 -0.26760289039515356 -0.2667950392527788 -0.26614842440909026 -0.2654247181178903 -0.26584289623859236 -0.22090296888232583 -0.24586173368406258 -0.24541108786674604 -0.17653724512913108 -0.23093757607330573 -0.20166298059068932 -0.1491337429988009 -0.17121110784555274 -0.14863594575488256 -0.15504364634549625 -0.14863594575488256 -0.1444540315950841 -0.1444540315950841 -0.1404648365241943 -0.10452246947905046 -0.09141389627260586 -0.09141389627260586 -0.08456607331910931 -0.08456607331910931 -0.08523252492820958 -0.06033955019202001 -0.041684742660770414
-0.2654247181178903 -0.2654247181178903 -0.2654247181178903 -0.2654247181178903 -0.2654247181178903 -0.2654247181178903 -0.2654247181178903 -0.2654247181178903 -0.2654247181178903 -0.2654247181178903 -0.2654247181178903 -0.2654247181178903 -0.2654247181178903 -0.2654247181178903 -0.2654247181178903 -0.2654247181178903 -0.18564252061927516 -0.2654247181178903 -0.2654247181178903 -0.2654247181178903 -0.2654247181178903 -0.2654247181178903 -0.2654247181178903 -0.2654247181178903 -0.2654247181178903 -0.2654247181178903 -0.2654247181178903 -0.2654247181178903 -0.2654247181178903 -0.2654247181178903 -0.2654247181178903 -0.2654247181178903 -0.2654247181178903 -0.2654247181178903 -0.2654247181178903 -0.2654247181178903 -0.2654247181178903 -0.2654247181178903 -0.2654247181178903 -0.2654247181178903 -0.2654247181178903 -0.2654247181178903 -0.2654247181178903 -0.2654247181178903 -0.2654247181178903 -0.2654247181178903 -0.2654247181178903 -0.2654247181178903 -0.2654247181178903 -0.2654247181178903 -0.2654247181178903 -0.22736153281851018 -0.2263842036506563 -0.22736153281851018 -0.2263842036506563 -0.2654247181178903 -0.22736153281851018 -0.2263842036506563 -0.2654247181178903 -0.18564252061927516 -0.2654247181178903 -0.2654247181178903 -0.2263842036506563 -0.22736153281851018 -0.22736153281851018 -0.2654247181178903 -0.2654247181178903 -0.2654247181178903 -0.2654247181178903 -0.2654247181178903 -0.2654247181178903 -0.22736153281851018 -0.2263842036506563 -0.2654247181178903 -0.2654247181178903 -0.2654247181178903 -0.2654247181178903 -0.2654247181178903 -0.2654247181178903 -0.2654247181178903 -0.2667950392527788 -0.26713429992751336 -0.26614842440909026 -0.2654247181178903 -0.26584289623859236 -0.22090296888232583 -0.24586173368406258 -0.24541108786674604 -0.17653724512913108 -0.23093757607330573 -0.20166298059068932 -0.1491337429988009 -0.17121110784555274 -0.14863594575488256 -0.15504364634549625 -0.14863594575488256 -0.1444540315950841 -0.1444540315950841 -0.1404648365241943 -0.10452246947905046 -0.09141389627260586 -0.09141389627260586 -0.08456607331910931 -0.08456607331910931 -0.08523252492820958 -0.06033955019202001 -0.041684742660770414
-0.2654247181178903 -0.2654247181178903 -0.2654247181178903 -0.2654247181178903 -0.2654247181178903 -0.2654247181178903 -0.2654247181178903 -0.2654247181178903 -0.2654247181178903 -0.2654247181178903 -0.2654247181178903 -0.2654247181178903 -0.2654247181178903 -0.2654247181178903 -0.2654247181178903 -0.2654247181178903 -0.18564252061927516 -0.2654247181178903 -0.2654247181178903 -0.2654247181178903 -0.2654247181178903 -0.2654247181178903 -0.2654247181178903 -0.2654247181178903 -0.2654247181178903 -0.2654247181178903 -0.2654247181178903 -0.2654247181178903 -0.2654247181178903 -0.2654247181178903 -0.2654247181178903 -0.2654247181178903 -0.2654247181178903 -0.2654247181178903 -0.2654247181178903 -0.2654247181178903 -0.2654247181178903 -0.2654247181178903 -0.2654247181178903 -0.2654247181178903 -0.2654247181178903 -0.2654247181178903 -0.2654247181178903 -0.2654247181178903 -0.2654247181178903 -0.2654247181178903 -0.2654247181178903 -0.2654247181178903 -0.2654247181178903 -0.2654247181178903 -0.2654247181178903 -0.22736153281851018 -0.2263842036506563 -0.22736153281851018 -0.2263842036506563 -0.2654247181178903 -0.22736153281851018 -0.2263842036506563 -0.2654247181178903 -0.18564252061927516 -0.2654247181178903 -0.2654247181178903 -0.2263842036506563 -0.22736153281851018 -0.22736153281851018 -0.2654247181178903 -0.2654247181178903 -0.2654247181178903 -0.2654247181178903 -0.2654247181178903 -0.2654247181178903 -0.22736153281851018 -0.2263842036506563 -0.2654247181178903 -0.2654247181178903 -0.2654247181178903 -0.2654247181178903 -0.2654247181178903 -0.2654247181178903 -0.2654247181178903 -0.26614842440909026 -0.26614842440909026 -0.2667837484433568 -0.2654247181178903 -0.26584289623859236 -0.22090296888232583 -0.24586173368406258 -0.24541108786674604 -0.17653724512913108 -0.23093757607330573 -0.20166298059068932 -0.1491337429988009 -0.17121110784555274 -0.14863594575488256 -0.15504364634549625 -0.14863594575488256 -0.1444540315950841 -0.1444540315950841 -0.1404648365241943 -0.10452246947905046 -0.09141389627260586 -0.09141389627260586 -0.08456607331910931 -0.08456607331910931 -0.08523252492820958 -0.06033955019202001 -0.041684742660770414
-0.26608665639399354 -0.26608665639399354 -0.26608665639399354 -0.26608665639399354 -0.26608665639399354 -0.26608665639399354 -0.26608665639399354 -0.26608665639399354 -0.26608665639399354 -0.26608665639399354 -0.26608665639399354 -0.26608665639399354 -0.26608665639399354 -0.26608665639399354 -0.26608665639399354 -0.26608665639399354 -0.18564252061927516 -0.26608665639399354 -0.26608665639399354 -0.26608665639399354 -0.26608665639399354 -0.26608665639399354 -0.26608665639399354 -0.26608665639399354 -0.26608665639399354 -0.26608665639399354 -0.26608665639399354 -0.26608665639399354 -0.26608665639399354 -0.26608665639399354 -0.26608665639399354 -0.26608665639399354 -0.26608665639399354 -0.26608665639399354 -0.26608665639399354 -0.26608665639399354 -0.26608665639399354 -0.26608665639399354 -0.26608665639399354 -0.26608665639399354 -0.26608665639399354 -0.26608665639399354 -0.26608665639399354 -0.26608665639399354 -0.26608665639399354 -0.26608665639399354 -0.26608665639399354 -0.26608665639399354 -0.26608665639399354 -0.26608665639399354 -0.26608665639399354 -0.22736153281851018 -0.2263842036506563 -0.22736153281851018 -0.2263842036506563 -0.26608665639399354 -0.22736153281851018 -0.2263842036506563 -0.26608665639399354 -0.18564252061927516 -0.26608665639399354 -0.26608665639399354 -0.2263842036506563 -0.22736153281851018 -0.22736153281851018 -0.26608665639399354 -0.26608665639399354 -0.26608665639399354 -0.26608665639399354 -0.26608665639399354 -0.26608665639399354 -0.22736153281851018 -0.2263842036506563 -0.26608665639399354 -0.26608665639399354 -0.26608665639399354 -0.26608665639399354 -0.26608665639399354 -0.26608665639399354 -0.26608665639399354 -0.2654247181178903 -0.2654247181178903 -0.2654247181178903 -0.2667768529922372 -0.2654247181178903 -0.22090296888232583 -0.24586173368406258 -0.24541108786674604 -0.17653724512913108 -0.23093757607330573 -0.20166298059068932 -0.1491337429988009 -0.17121110784555274 -0.14863594575488256 -0.15504364634549625 -0.14863594575488256 -0.1444540315950841 -0.1444540315950841 -0.1404648365241943 -0.10452246947905046 -0.09141389627260586 -0.09141389627260586 -0.08456607331910931 -0.08456607331910931 -0.08523252492820958 -0.06033955019202001 -0.041684742660770414
-0.2654247181178903 -0.2654247181178903 -0.2654247181178903 -0.2654247181178903 -0.2654247181178903 -0.2654247181178903 -0.2654247181178903 -0.2654247181178903 -0.2654247181178903 -0.2654247181178903 -0.2654247181178903 -0.2654247181178903 -0.2654247181178903 -0.2654247181178903 -0.2654247181178903 -0.2654247181178903 -0.18564252061927516 -0.2654247181178903 -0.2654247181178903 -0.2654247181178903 -0.2654247181178903 -0.2654247181178903 -0.2654247181178903 -0.2654247181178903 -0.2654247181178903 -0.2654247181178903 -0.2654247181178903 -0.2654247181178903 -0.2654247181178903 -0.2654247181178903 -0.2654247181178903 -0.2654247181178903 -0.2654247181178903 -0.2654247181178903 -0.2654247181178903 -0.2654247181178903 -0.2654247181178903 -0.2654247181178903 -0.2654247181178903 -0.2654247181178903 -0.2654247181178903 -0.2654247181178903 -0.2654247181178903 -0.2654247181178903 -0.2654247181178903 -0.2654247181178903 -0.2654247181178903 -0.2654247181178903 -0.2654247181178903 -0.2654247181178903 -0.2654247181178903 -0.22736153281851018 -0.2263842036506563 -0.22736153281851018 -0.2263842036506563 -0.2654247181178903 -0.22736153281851018 -0.2263842036506563 -0.2654247181178903 -0.18564252061927516 -0.2654247181178903 -0.2654247181178903 -0.2263842036506563 -0.22736153281851018 -0.22736153281851018 -0.2654247181178903 -0.2654247181178903 -0.2654247181178903 -0.2654247181178903 -0.2654247181178903 -0.2654247181178903 -0.22736153281851018 -0.2263842036506563 -0.2654247181178903 -0.2654247181178903 -0.2654247181178903 -0.2654247181178903 -0.2654247181178903 -0.2654247181178903 -0.2654247181178903 -0.26584289623859236 -0.26584289623859236 -0.26584289623859236 -0.2654247181178903 -0.2664876309361815 -0.22090296888232583 -0.24586173368406258 -0.24541108786674604 -0.17653724512913108 -0.23093757607330573 -0.20166298059068932 -0.1491337429988009 -0.17121110784555274 -0.14863594575488256 -0.15504364634549625 -0.14863594575488256 -0.1444540315950841 -0.1444540315950841 -0.1404648365241943 -0.10452246947905046 -0.09141389627260586 -0.09141389627260586 -0.08456607331910931 -0.08456607331910931 -0.08523252492820958 -0.06033955019202001 -0.041684742660770414
-0.22090296888232583 -0.22090296888232583 -0.22090296888232583 -0.22090296888232583 -0.22090296888232583 -0.22090296888232583 -0.22090296888232583 -0.22090296888232583 -0.22090296888232583 -0.22090296888232583 -0.22090296888232583 -0.22090296888232583 -0.22090296888232583 -0.22090296888232583 -0.22090296888232583 -0.22090296888232583 -0.18564252061927516 -0.22090296888232583 -0.22090296888232583 -0.22090296888232583 -0.22090296888232583 -0.22090296888232583 -0.22090296888232583 -0.22090296888232583 -0.22090296888232583 -0.22090296888232583 -0.22090296888232583 -0.22090296888232583 -0.22090296888232583 -0.22090296888232583 -0.22090296888232583 -0.22090296888232583 -0.22090296888232583 -0.22090296888232583 -0.22090296888232583 -0.22090296888232583 -0.22090296888232583 -0.22090296888232583 -0.22090296888232583 -0.22090296888232583 -0.22090296888232583 -0.22090296888232583 -0.22090296888232583 -0.22090296888232583 -0.22090296888232583 -0.22090296888232583 -0.22090296888232583 -0.22090296888232583 -0.22090296888232583 -0.22090296888232583 -0.22090296888232583 -0.22090296888232583 -0.22090296888232583 -0.22090296888232583 -0.22090296888232583 -0.22090296888232583 -0.22090296888232583 -0.22090296888232583 -0.22090296888232583 -0.18564252061927516 -0.22090296888232583 -0.22090296888232583 -0.22090296888232583 -0.22090296888232583 -0.22090296888232583 -0.22090296888232583 -0.22090296888232583 -0.22090296888232583 -0.22090296888232583 -0.22090296888232583 -0.22090296888232583 -0.22090296888232583 -0.22090296888232583 -0.22090296888232583 -0.22090296888232583 -0.22090296888232583 -0.22090296888232583 -0.22090296888232583 -0.22090296888232583 -0.22090296888232583 -0.22090296888232583 -0.22090296888232583 -0.22090296888232583 -0.22090296888232583 -0.22090296888232583 -0.2536458182710357 -0.22090296888232583 -0.22090296888232583 -0.17653724512913108 -0.22090296888232583 -0.20166298059068932 -0.1491337429988009 -0.17121110784555274 -0.14863594575488256 -0.15504364634549625 -0.14863594575488256 -0.1444540315950841 -0.1444540315950841 -0.1404648365241943 -0.10452246947905046 -0.09141389627260586 -0.09141389627260586 -0.08456607331910931 -0.08456607331910931 -0.08523252492820958 -0.06033955019202001 -0.041684742660770414
-0.24586173368406258 -0.24586173368406258 -0.24586173368406258 -0.24586173368406258 -0.24586173368406258 -0.24586173368406258 -0.24586173368406258 -0.24586173368406258 -0.24586173368406258 -0.24586173368406258 -0.24586173368406258 -0.24586173368406258 -0.24586173368406258 -0.24586173368406258 -0.24586173368406258 -0.24586173368406258 -0.18564252061927516 -0.24586173368406258 -0.24586173368406258 -0.24586173368406258 -0.24586173368406258 -0.24586173368406258 -0.24586173368406258 -0.24586173368406258 -0.24586173368406258 -0.24586173368406258 -0.24586173368406258 -0.24586173368406258 -0.24586173368406258 -0.24586173368406258 -0.24586173368406258 -0.24586173368406258 -0.24586173368406258 -0.24586173368406258 -0.24586173368406258 -0.24586173368406258 -0.24586173368406258 -0.24586173368406258 -0.24586173368406258 -0.24586173368406258 -0.24586173368406258 -0.24586173368406258 -0.24586173368406258 -0.24586173368406258 -0.24586173368406258 -0.24586173368406258 -0.24586173368406258 -0.24586173368406258 -0.24586173368406258 -0.24586173368406258 -0.24586173368406258 -0.22736153281851018 -0.2263842036506563 -0.22736153281851018 -0.2263842036506563 -0.24586173368406258 -0.22736153281851018 -0.2263842036506563 -0.24586173368406258 -0.18564252061927516 -0.24586173368406258 -0.24586173368406258 -0.2263842036506563 -0.22736153281851018 -0.22736153281851018 -0.24586173368406258 -0.24586173368406258 -0.24586173368406258 -0.24586173368406258 -0.24586173368406258 -0.24586173368406258 -0.22736153281851018 -0.2263842036506563 -0.24586173368406258 -0.24586173368406258 -0.24586173368406258 -0.24586173368406258 -0.24586173368406258 -0.24586173368406258 -0.24586173368406258 -0.24586173368406258 -0.24586173368406258 -0.24586173368406258 -0.24586173368406258 -0.24586173368406258 -0.22090296888232583 -0.2459181628437386 -0.24541108786674604 -0.17653724512913108 -0.23093757607330573 -0.20166298059068932 -0.1491337429988009 -0.17121110784555274 -0.14863594575488256 -0.15504364634549625 -0.14863594575488256 -0.1444540315950841 -0.1444540315950841 -0.1404648365241943 -0.10452246947905046 -0.09141389627260586 -0.09141389627260586 -0.08456607331910931 -0.08456607331910931 -0.08523252492820958 -0.06033955019202001 -0.041684742660770414
-0.24541108786674604 -0.24541108786674604 -0.24541108786674604 -0.24541108786674604 -0.24541108786674604 -0.24541108786674604 -0.24541108786674604 -0.24541108786674604 -0.24541108786674604 -0.24541108786674604 -0.24541108786674604 -0.24541108786674604 -0.24541108786674604 -0.24541108786674604 -0.24541108786674604 -0.24541108786674604 -0.18564252061927516 -0.24541108786674604 -0.24541108786674604 -0.24541108786674604 -0.24541108786674604 -0.24541108786674604 -0.24541108786674604 -0.24541108786674604 -0.24541108786674604 -0.24541108786674604 -0.24541108786674604 -0.24541108786674604 -0.24541108786674604 -0.24541108786674604 -0.24541108786674604 -0.24541108786674604 -0.24541108786674604 -0.24541108786674604 -0.24541108786674604 -0.24541108786674604 -0.24541108786674604 -0.24541108786674604 -0.24541108786674604 -0.24541108786674604 -0.24541108786674604 -0.24541108786674604 -0.24541108786674604 -0.24541108786674604 -0.24541108786674604 -0.24541108786674604 -0.24541108786674604 -0.24541108786674604 -0.24541108786674604 -0.24541108786674604 -0.24541108786674604 -0.22736153281851018 -0.2263842036506563 -0.22736153281851018 -0.2263842036506563 -0.24541108786674604 -0.22736153281851018 -0.2263842036506563 -0.24541108786674604 -0.18564252061927516 -0.24541108786674604 -0.24541108786674604 -0.2263842036506563 -0.22736153281851018 -0.22736153281851018 -0.24541108786674604 -0.24541108786674604 -0.24541108786674604 -0.24541108786674604 -0.24541108786674604 -0.24541108786674604 -0.22736153281851018 -0.2263842036506563 -0.24541108786674604 -0.24541108786674604 -0.24541108786674604 -0.24541108786674604 -0.24541108786674604 -0.24541108786674604 -0.24541108786674604 -0.24541108786674604 -0.24541108786674604 -0.24541108786674604 -0.24541108786674604 -0.24541108786674604 -0.22090296888232583 -0.24541108786674604 -0.2455044941289926 -0.17653724512913108 -0.23093757607330573 -0.20166298059068932 -0.1491337429988009 -0.17121110784555274 -0.14863594575488256 -0.15504364634549625 -0.14863594575488256 -0.1444540315950841 -0.1444540315950841 -0.1404648365241943 -0.10452246947905046 -0.09141389627260586 -0.09141389627260586 -0.08456607331910931 -0.08456607331910931 -0.08523252492820958 -0.06033955019202001 -0.041684742660770414
-0.17653724512913108 -0.17653724512913108 -0.17653724512913108 -0.17653724512913108 -0.17653724512913108 -0.17653724512913108 -0.17653724512913108 -0.17653724512913108 -0.17653724512913108 -0.17653724512913108 -0.17653724512913108 -0.17653724512913108 -0.17653724512913108 -0.17653724512913108 -0.17653724512913108 -0.17653724512913108 -0.17653724512913108 -0.17653724512913108 -0.17653724512913108 -0.17653724512913108 -0.17653724512913108 -0.17653724512913108 -0.17653724512913108 -0.17653724512913108 -0.17653724512913108 -0.17653724512913108 -0.17653724512913108 -0.17653724512913108 -0.17653724512913108 -0.17653724512913108 -0.17653724512913108 -0.17653724512913108 -0.17653724512913108 -0.17653724512913108 -0.17653724512913108 -0.17653724512913108 -0.17653724512913108 -0.17653724512913108 -0.17653724512913108 -0.17653724512913108 -0.17653724512913108 -0.17653724512913108 -0.17653724512913108 -0.17653724512913108 -0.17653724512913108 -0.17653724512913108 -0.17653724512913108 -0.17653724512913108 -0.17653724512913108 -0.17653724512913108 -0.17653724512913108 -0.17653724512913108 -0.17653724512913108 -0.17653724512913108 -0.17653724512913108 -0.17653724512913108 -0.17653724512913108 -0.17653724512913108 -0.17653724512913108 -0.17653724512913108 -0.17653724512913108 -0.17653724512913108 -0.17653724512913108 -0.17653724512913108 -0.17653724512913108 -0.17653724512913108 -0.17653724512913108 -0.17653724512913108 -0.17653724512913108 -0.17653724512913108 -0.17653724512913108 -0.17653724512913108 -0.17653724512913108 -0.17653724512913108 -0.17653724512913108 -0.17653724512913108 -0.17653724512913108 -0.17653724512913108 -0.17653724512913108 -0.17653724512913108 -0.17653724512913108 -0.17653724512913108 -0.17653724512913108 -0.17653724512913108 -0.17653724512913108 -0.17653724512913108 -0.17653724512913108 -0.17653724512913108 -0.2405221477776811 -0.17653724512913108 -0.17653724512913108 -0.1491337429988009 -0.17121110784555274 -0.14863594575488256 -0.15504364634549625 -0.14863594575488256 -0.1444540315950841 -0.1444540315950841 -0.1404648365241943 -0.10452246947905046 -0.09141389627260586 -0.09141389627260586 -0.08456607331910931 -0.08456607331910931 -0.08523252492820958 -0.06033955019202001 -0.041684742660770414
-0.23093757607330573 -0.23093757607330573 -0.23093757607330573 -0.23093757607330573 -0.23093757607330573 -0.23093757607330573 -0.23093757607330573 -0.23093757607330573 -0.23093757607330573 -0.23093757607330573 -0.23093757607330573 -0.23093757607330573 -0.23093757607330573 -0.23093757607330573 -0.23093757607330573 -0.23093757607330573 -0.18564252061927516 -0.23093757607330573 -0.23093757607330573 -0.23093757607330573 -0.23093757607330573 -0.23093757607330573 -0.23093757607330573 -0.23093757607330573 -0.23093757607330573 -0.23093757607330573 -0.23093757607330573 -0.23093757607330573 -0.23093757607330573 -0.23093757607330573 -0.23093757607330573 -0.23093757607330573 -0.23093757607330573 -0.23093757607330573 -0.23093757607330573 -0.23093757607330573 -0.23093757607330573 -0.23093757607330573 -0.23093757607330573 -0.23093757607330573 -0.23093757607330573 -0.23093757607330573 -0.23093757607330573 -0.23093757607330573 -0.23093757607330573 -0.23093757607330573 -0.23093757607330573 -0.23093757607330573 -0.23093757607330573 -0.23093757607330573 -0.23093757607330573 -0.22736153281851018 -0.2263842036506563 -0.22736153281851018 -0.2263842036506563 -0.23093757607330573 -0.22736153281851018 -0.2263842036506563 -0.23093757607330573 -0.18564252061927516 -0.23093757607330573 -0.23093757607330573 -0.2263842036506563 -0.22736153281851018 -0.22736153281851018 -0.23093757607330573 -0.23093757607330573 -0.23093757607330573 -0.23093757607330573 -0.23093757607330573 -0.23093757607330573 -0.22736153281851018 -0.2263842036506563 -0.23093757607330573 -0.23093757607330573 -0.23093757607330573 -0.23093757607330573 -0.23093757607330573 -0.23093757607330573 -0.23093757607330573 -0.23093757607330573 -0.23093757607330573 -0.23093757607330573 -0.23093757607330573 -0.23093757607330573 -0.22090296888232583 -0.23093757607330573 -0.23093757607330573 -0.17653724512913108 -0.23197681488312383 -0.20166298059068932 -0.1491337429988009 -0.17121110784555274 -0.14863594575488256 -0.15504364634549625 -0.14863594575488256 -0.1444540315950841 -0.1444540315950841 -0.1404648365241943 -0.10452246947905046 -0.09141389627260586 -0.09141389627260586 -0.08456607331910931 -0.08456607331910931 -0.08523252492820958 -0.06033955019202001 -0.041684742660770414
-0.20166298059068932 -0.20166298059068932 -0.20166298059068932 -0.20166298059068932 -0.20166298059068932 -0.20166298059068932 -0.20166298059068932 -0.20166298059068932 -0.20166298059068932 -0.20166298059068932 -0.20166298059068932 -0.20166298059068932 -0.20166298059068932 -0.20166298059068932 -0.20166298059068932 -0.20166298059068932 -0.18564252061927516 -0.20166298059068932 -0.20166298059068932 -0.20166298059068932 -0.20166298059068932 -0.20166298059068932 -0.20166298059068932 -0.20166298059068932 -0.20166298059068932 -0.20166298059068932 -0.20166298059068932 -0.20166298059068932 -0.20166298059068932 -0.20166298059068932 -0.20166298059068932 -0.20166298059068932 -0.20166298059068932 -0.20166298059068932 -0.20166298059068932 -0.20166298059068932 -0.20166298059068932 -0.20166298059068932 -0.20166298059068932 -0.20166298059068932 -0.20166298059068932 -0.20166298059068932 -0.20166298059068932 -0.20166298059068932 -0.20166298059068932 -0.20166298059068932 -0.20166298059068932 -0.20166298059068932 -0.20166298059068932 -0.20166298059068932 -0.20166298059068932 -0.20166298059068932 -0.20166298059068932 -0.20166298059068932 -0.20166298059068932 -0.20166298059068932 -0.20166298059068932 -0.20166298059068932 -0.20166298059068932 -0.18564252061927516 -0.20166298059068932 -0.20166298059068932 -0.20166298059068932 -0.20166298059068932 -0.20166298059068932 -0.20166298059068932 -0.20166298059068932 -0.20166298059068932 -0.20166298059068932 -0.20166298059068932 -0.20166298059068932 -0.20166298059068932 -0.20166298059068932 -0.20166298059068932 -0.20166298059068932 -0.20166298059068932 -0.20166298059068932 -0.20166298059068932 -0.20166298059068932 -0.20166298059068932 -0.20166298059068932 -0.20166298059068932 -0.20166298059068932 -0.20166298059068932 -0.20166298059068932 -0.20166298059068932 -0.20166298059068932 -0.20166298059068932 -0.17653724512913108 -0.20166298059068932 -0.2126788610778143 -0.1491337429988009 -0.17121110784555274 -0.14863594575488256 -0.15504364634549625 -0.14863594575488256 -0.1444540315950841 -0.1444540315950841 -0.1404648365241943 -0.10452246947905046 -0.09141389627260586 -0.09141389627260586 -0.08456607331910931 -0.08456607331910931 -0.08523252492820958 -0.06033955019202001 -0.041684742660770414
-0.1491337429988009 -0.1491337429988009 -0.1491337429988009 -0.1491337429988009 -0.1491337429988009 -0.1491337429988009 -0.1491337429988009 -0.1491337429988009 -0.1491337429988009 -0.1491337429988009 -0.1491337429988009 -0.1491337429988009 -0.1491337429988009 -0.1491337429988009 -0.1491337429988009 -0.1491337429988009 -0.1491337429988009 -0.1491337429988009 -0.1491337429988009 -0.1491337429988009 -0.1491337429988009 -0.1491337429988009 -0.1491337429988009 -0.1491337429988009 -0.1491337429988009 -0.1491337429988009 -0.1491337429988009 -0.1491337429988009 -0.1491337429988009 -0.1491337429988009 -0.1491337429988009 -0.1491337429988009 -0.1491337429988009 -0.1491337429988009 -0.1491337429988009 -0.1491337429988009 -0.1491337429988009 -0.1491337429988009 -0.1491337429988009 -0.1491337429988009 -0.1491337429988009 -0.1491337429988009 -0.1491337429988009 -0.1491337429988009 -0.1491337429988009 -0.1491337429988009 -0.1491337429988009 -0.1491337429988009 -0.1491337429988009 -0.1491337429988009 -0.1491337429988009 -0.1491337429988009 -0.1491337429988009 -0.1491337429988009 -0.1491337429988009 -0.1491337429988009 -0.1491337429988009 -0.1491337429988009 -0.1491337429988009 -0.1491337429988009 -0.1491337429988009 -0.1491337429988009 -0.1491337429988009 -0.1491337429988009 -0.1491337429988009 -0.1491337429988009 -0.1491337429988009 -0.1491337429988009 -0.1491337429988009 -0.1491337429988009 -0.1491337429988009 -0.1491337429988009 -0.1491337429988009 -0.1491337429988009 -0.1491337429988009 -0.1491337429988009 -0.1491337429988009 -0.1491337429988009 -0.1491337429988009 -0.1491337429988009 -0.1491337429988009 -0.1491337429988009 -0.1491337429988009 -0.1491337429988009 -0.1491337429988009 -0.1491337429988009 -0.1491337429988009 -0.1491337429988009 -0.1491337429988009 -0.1491337429988009 -0.1491337429988009 -0.17252558338451857 -0.1491337429988009 -0.14863594575488256 -0.1491337429988009 -0.14863594575488256 -0.1444540315950841 -0.1444540315950841 -0.1404648365241943 -0.10452246947905046 -0.09141389627260586 -0.09141389627260586 -0.08456607331910931 -0.08456607331910931 -0.08523252492820958 -0.06033955019202001 -0.041684742660770414
-0.17121110784555274 -0.17121110784555274 -0.17121110784555274 -0.17121110784555274 -0.17121110784555274 -0.17121110784555274 -0.17121110784555274 -0.17121110784555274 -0.17121110784555274 -0.17121110784555274 -0.17121110784555274 -0.17121110784555274 -0.17121110784555274 -0.17121110784555274 -0.17121110784555274 -0.17121110784555274 -0.17121110784555274 -0.17121110784555274 -0.17121110784555274 -0.17121110784555274 -0.17121110784555274 -0.17121110784555274 -0.17121110784555274 -0.17121110784555274 -0.17121110784555274 -0.17121110784555274 -0.17121110784555274 -0.17121110784555274 -0.17121110784555274 -0.17121110784555274 -0.17121110784555274 -0.17121110784555274 -0.17121110784555274 -0.17121110784555274 -0.17121110784555274 -0.17121110784555274 -0.17121110784555274 -0.17121110784555274 -0.17121110784555274 -0.17121110784555274 -0.17121110784555274 -0.17121110784555274 -0.17121110784555274 -0.17121110784555274 -0.17121110784555274 -0.17121110784555274 -0.17121110784555274 -0.17121110784555274 -0.17121110784555274 -0.17121110784555274 -0.17121110784555274 -0.17121110784555274 -0.17121110784555274 -0.17121110784555274 -0.17121110784555274 -0.17121110784555274 -0.17121110784555274 -0.17121110784555274 -0.17121110784555274 -0.17121110784555274 -0.17121110784555274 -0.17121110784555274 -0.17121110784555274 -0.17121110784555274 -0.17121110784555274 -0.17121110784555274 -0.17121110784555274 -0.17121110784555274 -0.17121110784555274 -0.17121110784555274 -0.17121110784555274 -0.17121110784555274 -0.17121110784555274 -0.17121110784555274 -0.17121110784555274 -0.17121110784555274 -0.17121110784555274 -0.17121110784555274 -0.17121110784555274 -0.17121110784555274 -0.17121110784555274 -0.17121110784555274 -0.17121110784555274 -0.17121110784555274 -0.17121110784555274 -0.17121110784555274 -0.17121110784555274 -0.17121110784555274 -0.17121110784555274 -0.17121110784555274 -0.17121110784555274 -0.1491337429988009 -0.1721823634902938 -0.14863594575488256 -0.15504364634549625 -0.14863594575488256 -0.1444540315950841 -0.1444540315950841 -0.1404648365241943 -0.10452246947905046 -0.09141389627260586 -0.09141389627260586 -0.08456607331910931 -0.08456607331910931 -0.08523252492820958 -0.06033955019202001 -0.041684742660770414
-0.14863594575488256 -0.14863594575488256 -0.14863594575488256 -0.14863594575488256 -0.14863594575488256 -0.14863594575488256 -0.14863594575488256 -0.14863594575488256 -0.14863594575488256 -0.14863594575488256 -0.14863594575488256 -0.14863594575488256 -0.14863594575488256 -0.14863594575488256 -0.14863594575488256 -0.14863594575488256 -0.14863594575488256 -0.14863594575488256 -0.14863594575488256 -0.14863594575488256 -0.14863594575488256 -0.14863594575488256 -0.14863594575488256 -0.14863594575488256 -0.14863594575488256 -0.14863594575488256 -0.14863594575488256 -0.14863594575488256 -0.14863594575488256 -0.14863594575488256 -0.14863594575488256 -0.14863594575488256 -0.14863594575488256 -0.14863594575488256 -0.14863594575488256 -0.14863594575488256 -0.14863594575488256 -0.14863594575488256 -0.14863594575488256 -0.14863594575488256 -0.14863594575488256 -0.14863594575488256 -0.14863594575488256 -0.14863594575488256 -0.14863594575488256 -0.14863594575488256 -0.14863594575488256 -0.14863594575488256 -0.14863594575488256 -0.14863594575488256 -0.14863594575488256 -0.14863594575488256 -0.14863594575488256 -0.14863594575488256 -0.14863594575488256 -0.14863594575488256 -0.14863594575488256 -0.14863594575488256 -0.14863594575488256 -0.14863594575488256 -0.14863594575488256 -0.14863594575488256 -0.14863594575488256 -0.14863594575488256 -0.14863594575488256 -0.14863594575488256 -0.14863594575488256 -0.14863594575488256 -0.14863594575488256 -0.14863594575488256 -0.14863594575488256 -0.14863594575488256 -0.14863594575488256 -0.14863594575488256 -0.14863594575488256 -0.14863594575488256 -0.14863594575488256 -0.14863594575488256 -0.14863594575488256 -0.14863594575488256 -0.14863594575488256 -0.14863594575488256 -0.14863594575488256 -0.14863594575488256 -0.14863594575488256 -0.14863594575488256 -0.14863594575488256 -0.14863594575488256 -0.14863594575488256 -0.14863594575488256 -0.14863594575488256 -0.14863594575488256 -0.14863594575488256 -0.16127510983078297 -0.14863594575488256 -0.15798418235264314 -0.1444540315950841 -0.1444540315950841 -0.1404648365241943 -0.10452246947905046 -0.09141389627260586 -0.09141389627260586 -0.08456607331910931 -0.08456607331910931 -0.08523252492820958 -0.06033955019202001 -0.041684742660770414
-0.15504364634549625 -0.15504364634549625 -0.15504364634549625 -0.15504364634549625 -0.15504364634549625 -0.15504364634549625 -0.15504364634549625 -0.15504364634549625 -0.15504364634549625 -0.15504364634549625 -0.15504364634549625 -0.15504364634549625 -0.15504364634549625 -0.15504364634549625 -0.15504364634549625 -0.15504364634549625 -0.15504364634549625 -0.15504364634549625 -0.15504364634549625 -0.15504364634549625 -0.15504364634549625 -0.15504364634549625 -0.15504364634549625 -0.15504364634549625 -0.15504364634549625 -0.15504364634549625 -0.15504364634549625 -0.15504364634549625 -0.15504364634549625 -0.15504364634549625 -0.15504364634549625 -0.15504364634549625 -0.15504364634549625 -0.15504364634549625 -0.15504364634549625 -0.15504364634549625 -0.15504364634549625 -0.15504364634549625 -0.15504364634549625 -0.15504364634549625 -0.15504364634549625 -0.15504364634549625 -0.15504364634549625 -0.15504364634549625 -0.15504364634549625 -0.15504364634549625 -0.15504364634549625 -0.15504364634549625 -0.15504364634549625 -0.15504364634549625 -0.15504364634549625 -0.15504364634549625 -0.15504364634549625 -0.15504364634549625 -0.15504364634549625 -0.15504364634549625 -0.15504364634549625 -0.15504364634549625 -0.15504364634549625 -0.15504364634549625 -0.15504364634549625 -0.15504364634549625 -0.15504364634549625 -0.15504364634549625 -0.15504364634549625 -0.15504364634549625 -0.15504364634549625 -0.15504364634549625 -0.15504364634549625 -0.15504364634549625 -0.15504364634549625 -0.15504364634549625 -0.15504364634549625 -0.15504364634549625 -0.15504364634549625 -0.15504364634549625 -0.15504364634549625 -0.15504364634549625 -0.15504364634549625 -0.15504364634549625 -0.15504364634549625 -0.15504364634549625 -0.15504364634549625 -0.15504364634549625 -0.15504364634549625 -0.15504364634549625 -0.15504364634549625 -0.15504364634549625 -0.15504364634549625 -0.15504364634549625 -0.15504364634549625 -0.1491337429988009 -0.15504364634549625 -0.14863594575488256 -0.16092556938362435 -0.14863594575488256 -0.1444540315950841 -0.1444540315950841 -0.1404648365241943 -0.10452246947905046 -0.09141389627260586 -0.09141389627260586 -0.08456607331910931 -0.08456607331910931 -0.08523252492820958 -0.06033955019202001 -0.041684742660770414
-0.14863594575488256 -0.14863594575488256 -0.14863594575488256 -0.14863594575488256 -0.14863594575488256 -0.14863594575488256 -0.14863594575488256 -0.14863594575488256 -0.14863594575488256 -0.14863594575488256 -0.14863594575488256 -0.14863594575488256 -0.14863594575488256 -0.14863594575488256 -0.14863594575488256 -0.14863594575488256 -0.14863594575488256 -0.14863594575488256 -0.14863594575488256 -0.14863594575488256 -0.14863594575488256 -0.14863594575488256 -0.14863594575488256 -0.14863594575488256 -0.14863594575488256 -0.14863594575488256 -0.14863594575488256 -0.14863594575488256 -0.14863594575488256 -0.14863594575488256 -0.14863594575488256 -0.14863594575488256 -0.14863594575488256 -0.14863594575488256 -0.14863594575488256 -0.14863594575488256 -0.14863594575488256 -0.14863594575488256 -0.14863594575488256 -0.14863594575488256 -0.14863594575488256 -0.14863594575488256 -0.14863594575488256 -0.14863594575488256 -0.14863594575488256 -0.14863594575488256 -0.14863594575488256 -0.14863594575488256 -0.14863594575488256 -0.14863594575488256 -0.14863594575488256 -0.14863594575488256 -0.14863594575488256 -0.14863594575488256 -0.14863594575488256 -0.14863594575488256 -0.14863594575488256 -0.14863594575488256 -0.14863594575488256 -0.14863594575488256 -0.14863594575488256 -0.14863594575488256 -0.14863594575488256 -0.14863594575488256 -0.14863594575488256 -0.14863594575488256 -0.14863594575488256 -0.14863594575488256 -0.14863594575488256 -0.14863594575488256 -0.14863594575488256 -0.14863594575488256 -0.14863594575488256 -0.14863594575488256 -0.14863594575488256 -0.14863594575488256 -0.14863594575488256 -0.14863594575488256 -0.14863594575488256 -0.14863594575488256 -0.14863594575488256 -0.14863594575488256 -0.14863594575488256 -0.14863594575488256 -0.14863594575488256 -0.14863594575488256 -0.14863594575488256 -0.14863594575488256 -0.14863594575488256 -0.14863594575488256 -0.14863594575488256 -0.14863594575488256 -0.14863594575488256 -0.15798418235264314 -0.14863594575488256 -0.1581662783400088 -0.1444540315950841 -0.1444540315950841 -0.1404648365241943 -0.10452246947905046 -0.09141389627260586 -0.09141389627260586 -0.08456607331910931 -0.08456607331910931 -0.08523252492820958 -0.06033955019202001 -0.041684742660770414
-0.1444540315950841 -0.1444540315950841 -0.1444540315950841 -0.1444540315950841 -0.1444540315950841 -0.1444540315950841 -0.1444540315950841 -0.1444540315950841 -0.1444540315950841 -0.1444540315950841 -0.1444540315950841 -0.1444540315950841 -0.1444540315950841 -0.1444540315950841 -0.1444540315950841 -0.1444540315950841 -0.1444540315950841 -0.1444540315950841 -0.1444540315950841 -0.1444540315950841 -0.1444540315950841 -0.1444540315950841 -0.1444540315950841 -0.1444540315950841 -0.1444540315950841 -0.1444540315950841 -0.1444540315950841 -0.1444540315950841 -0.1444540315950841 -0.1444540315950841 -0.1444540315950841 -0.1444540315950841 -0.1444540315950841 -0.1444540315950841 -0.1444540315950841 -0.1444540315950841 -0.1444540315950841 -0.1444540315950841 -0.1444540315950841 -0.1444540315950841 -0.1444540315950841 -0.1444540315950841 -0.1444540315950841 -0.1444540315950841 -0.1444540315950841 -0.1444540315950841 -0.1444540315950841 -0.1444540315950841 -0.1444540315950841 -0.1444540315950841 -0.1444540315950841 -0.1444540315950841 -0.1444540315950841 -0.1444540315950841 -0.1444540315950841 -0.1444540315950841 -0.1444540315950841 -0.1444540315950841 -0.1444540315950841 -0.1444540315950841 -0.1444540315950841 -0.1444540315950841 -0.1444540315950841 -0.1444540315950841 -0.1444540315950841 -0.1444540315950841 -0.1444540315950841 -0.1444540315950841 -0.1444540315950841 -0.1444540315950841 -0.1444540315950841 -0.1444540315950841 -0.1444540315950841 -0.1444540315950841 -0.1444540315950841 -0.1444540315950841 -0.1444540315950841 -0.1444540315950841 -0.1444540315950841 -0.1444540315950841 -0.1444540315950841 -0.1444540315950841 -0.1444540315950841 -0.1444540315950841 -0.1444540315950841 -0.1444540315950841 -0.1444540315950841 -0.1444540315950841 -0.1444540315950841 -0.1444540315950841 -0.1444540315950841 -0.1444540315950841 -0.1444540315950841 -0.1444540315950841 -0.1444540315950841 -0.1444540315950841 -0.15103321407637682 -0.1495211866996305 -0.1404648365241943 -0.10452246947905046 -0.09141389627260586 -0.09141389627260586 -0.08456607331910931 -0.08456607331910931 -0.08523252492820958 -0.06033955019202001 -0.041684742660770414
-0.1444540315950841 -0.1444540315950841 -0.1444540315950841 -0.1444540315950841 -0.1444540315950841 -0.1444540315950841 -0.1444540315950841 -0.1444540315950841 -0.1444540315950841 -0.1444540315950841 -0.1444540315950841 -0.1444540315950841 -0.1444540315950841 -0.1444540315950841 -0.1444540315950841 -0.1444540315950841 -0.1444540315950841 -0.1444540315950841 -0.1444540315950841 -0.1444540315950841 -0.1444540315950841 -0.1444540315950841 -0.1444540315950841 -0.1444540315950841 -0.1444540315950841 -0.1444540315950841 -0.1444540315950841 -0.1444540315950841 -0.1444540315950841 -0.1444540315950841 -0.1444540315950841 -0.1444540315950841 -0.1444540315950841 -0.1444540315950841 -0.1444540315950841 -0.1444540315950841 -0.1444540315950841 -0.1444540315950841 -0.1444540315950841 -0.1444540315950841 -0.1444540315950841 -0.1444540315950841 -0.1444540315950841 -0.1444540315950841 -0.1444540315950841 -0.1444540315950841 -0.1444540315950841 -0.1444540315950841 -0.1444540315950841 -0.1444540315950841 -0.1444540315950841 -0.1444540315950841 -0.1444540315950841 -0.1444540315950841 -0.1444540315950841 -0.1444540315950841 -0.1444540315950841 -0.1444540315950841 -0.1444540315950841 -0.1444540315950841 -0.1444540315950841 -0.1444540315950841 -0.1444540315950841 -0.1444540315950841 -0.1444540315950841 -0.1444540315950841 -0.1444540315950841 -0.1444540315950841 -0.1444540315950841 -0.1444540315950841 -0.1444540315950841 -0.1444540315950841 -0.1444540315950841 -0.1444540315950841 -0.1444540315950841 -0.1444540315950841 -0.1444540315950841 -0.1444540315950841 -0.1444540315950841 -0.1444540315950841 -0.1444540315950841 -0.1444540315950841 -0.1444540315950841 -0.1444540315950841 -0.1444540315950841 -0.1444540315950841 -0.1444540315950841 -0.1444540315950841 -0.1444540315950841 -0.1444540315950841 -0.1444540315950841 -0.1444540315950841 -0.1444540315950841 -0.1444540315950841 -0.1444540315950841 -0.1444540315950841 -0.1495211866996305 -0.1499260587589852 -0.1404648365241943 -0.10452246947905046 -0.09141389627260586 -0.09141389627260586 -0.08456607331910931 -0.08456607331910931 -0.08523252492820958 -0.06033955019202001 -0.041684742660770414
-0.1404648365241943 -0.1404648365241943 -0.1404648365241943 -0.1404648365241943 -0.1404648365241943 -0.1404648365241943 -0.1404648365241943 -0.1404648365241943 -0.1404648365241943 -0.1404648365241943 -0.1404648365241943 -0.1404648365241943 -0.1404648365241943 -0.1404648365241943 -0.1404648365241943 -0.1404648365241943 -0.1404648365241943 -0.1404648365241943 -0.1404648365241943 -0.1404648365241943 -0.1404648365241943 -0.1404648365241943 -0.1404648365241943 -0.1404648365241943 -0.1404648365241943 -0.1404648365241943 -0.1404648365241943 -0.1404648365241943 -0.1404648365241943 -0.1404648365241943 -0.1404648365241943 -0.1404648365241943 -0.1404648365241943 -0.1404648365241943 -0.1404648365241943 -0.1404648365241943 -0.1404648365241943 -0.1404648365241943 -0.1404648365241943 -0.1404648365241943 -0.1404648365241943 -0.1404648365241943 -0.1404648365241943 -0.1404648365241943 -0.1404648365241943 -0.1404648365241943 -0.1404648365241943 -0.1404648365241943 -0.1404648365241943 -0.1404648365241943 -0.1404648365241943 -0.1404648365241943 -0.1404648365241943 -0.1404648365241943 -0.1404648365241943 -0.1404648365241943 -0.1404648365241943 -0.1404648365241943 -0.1404648365241943 -0.1404648365241943 -0.1404648365241943 -0.1404648365241943 -0.1404648365241943 -0.1404648365241943 -0.1404648365241943 -0.1404648365241943 -0.1404648365241943 -0.1404648365241943 -0.1404648365241943 -0.1404648365241943 -0.1404648365241943 -0.1404648365241943 -0.1404648365241943 -0.1404648365241943 -0.1404648365241943 -0.1404648365241943 -0.1404648365241943 -0.1404648365241943 -0.1404648365241943 -0.1404648365241943 -0.1404648365241943 -0.1404648365241943 -0.1404648365241943 -0.1404648365241943 -0.1404648365241943 -0.1404648365241943 -0.1404648365241943 -0.1404648365241943 -0.1404648365241943 -0.1404648365241943 -0.1404648365241943 -0.1404648365241943 -0.1404648365241943 -0.1404648365241943 -0.1404648365241943 -0.1404648365241943 -0.1404648365241943 -0.1404648365241943 -0.1411556360846943 -0.10452246947905046 -0.09141389627260586 -0.09141389627260586 -0.08456607331910931 -0.08456607331910931 -0.08523252492820958 -0.06033955019202001 -0.041684742660770414
-0.10452246947905046 -0.10452246947905046 -0.10452246947905046 -0.10452246947905046 -0.10452246947905046 -0.10452246947905046 -0.10452246947905046 -0.10452246947905046 -0.10452246947905046 -0.10452246947905046 -0.10452246947905046 -0.10452246947905046 -0.10452246947905046 -0.10452246947905046 -0.10452246947905046 -0.10452246947905046 -0.10452246947905046 -0.10452246947905046 -0.10452246947905046 -0.10452246947905046 -0.10452246947905046 -0.10452246947905046 -0.10452246947905046 -0.10452246947905046 -0.10452246947905046 -0.10452246947905046 -0.10452246947905046 -0.10452246947905046 -0.10452246947905046 -0.10452246947905046 -0.10452246947905046 -0.10452246947905046 -0.10452246947905046 -0.10452246947905046 -0.10452246947905046 -0.10452246947905046 -0.10452246947905046 -0.10452246947905046 -0.10452246947905046 -0.10452246947905046 -0.10452246947905046 -0.10452246947905046 -0.10452246947905046 -0.10452246947905046 -0.10452246947905046 -0.10452246947905046 -0.10452246947905046 -0.10452246947905046 -0.10452246947905046 -0.10452246947905046 -0.10452246947905046 -0.10452246947905046 -0.10452246947905046 -0.10452246947905046 -0.10452246947905046 -0.10452246947905046 -0.10452246947905046 -0.10452246947905046 -0.10452246947905046 -0.10452246947905046 -0.10452246947905046 -0.10452246947905046 -0.10452246947905046 -0.10452246947905046 -0.10452246947905046 -0.10452246947905046 -0.10452246947905046 -0.10452246947905046 -0.10452246947905046 -0.10452246947905046 -0.10452246947905046 -0.10452246947905046 -0.10452246947905046 -0.10452246947905046 -0.10452246947905046 -0.10452246947905046 -0.10452246947905046 -0.10452246947905046 -0.10452246947905046 -0.10452246947905046 -0.10452246947905046 -0.10452246947905046 -0.10452246947905046 -0.10452246947905046 -0.10452246947905046 -0.10452246947905046 -0.10452246947905046 -0.10452246947905046 -0.10452246947905046 -0.10452246947905046 -0.10452246947905046 -0.10452246947905046 -0.10452246947905046 -0.10452246947905046 -0.10452246947905046 -0.10452246947905046 -0.10452246947905046 -0.10452246947905046 -0.10452246947905046 -0.10553812464216007 -0.09141389627260586 -0.09141389627260586 -0.08456607331910931 -0.08456607331910931 -0.08523252492820958 -0.06033955019202001 -0.041684742660770414
-0.09141389627260586 -0.09141389627260586 -0.09141389627260586 -0.09141389627260586 -0.09141389627260586 -0.09141389627260586 -0.09141389627260586 -0.09141389627260586 -0.09141389627260586 -0.09141389627260586 -0.09141389627260586 -0.09141389627260586 -0.09141389627260586 -0.09141389627260586 -0.09141389627260586 -0.09141389627260586 -0.09141389627260586 -0.09141389627260586 -0.09141389627260586 -0.09141389627260586 -0.09141389627260586 -0.09141389627260586 -0.09141389627260586 -0.09141389627260586 -0.09141389627260586 -0.09141389627260586 -0.09141389627260586 -0.09141389627260586 -0.09141389627260586 -0.09141389627260586 -0.09141389627260586 -0.09141389627260586 -0.09141389627260586 -0.09141389627260586 -0.09141389627260586 -0.09141389627260586 -0.09141389627260586 -0.09141389627260586 -0.09141389627260586 -0.09141389627260586 -0.09141389627260586 -0.09141389627260586 -0.09141389627260586 -0.09141389627260586 -0.09141389627260586 -0.09141389627260586 -0.09141389627260586 -0.09141389627260586 -0.09141389627260586 -0.09141389627260586 -0.09141389627260586 -0.09141389627260586 -0.09141389627260586 -0.09141389627260586 -0.09141389627260586 -0.09141389627260586 -0.09141389627260586 -0.09141389627260586 -0.09141389627260586 -0.09141389627260586 -0.09141389627260586 -0.09141389627260586 -0.09141389627260586 -0.09141389627260586 -0.09141389627260586 -0.09141389627260586 -0.09141389627260586 -0.09141389627260586 -0.09141389627260586 -0.09141389627260586 -0.09141389627260586 -0.09141389627260586 -0.09141389627260586 -0.09141389627260586 -0.09141389627260586 -0.09141389627260586 -0.09141389627260586 -0.09141389627260586 -0.09141389627260586 -0.09141389627260586 -0.09141389627260586 -0.09141389627260586 -0.09141389627260586 -0.09141389627260586 -0.09141389627260586 -0.09141389627260586 -0.09141389627260586 -0.09141389627260586 -0.09141389627260586 -0.09141389627260586 -0.09141389627260586 -0.09141389627260586 -0.09141389627260586 -0.09141389627260586 -0.09141389627260586 -0.09141389627260586 -0.09141389627260586 -0.09141389627260586 -0.09141389627260586 -0.09141389627260586 -0.09197530344111675 -0.09141389627260586 -0.08456607331910931 -0.08456607331910931 -0.08523252492820958 -0.06033955019202001 -0.041684742660770414
-0.09141389627260586 -0.09141389627260586 -0.09141389627260586 -0.09141389627260586 -0.09141389627260586 -0.09141389627260586 -0.09141389627260586 -0.09141389627260586 -0.09141389627260586 -0.09141389627260586 -0.09141389627260586 -0.09141389627260586 -0.09141389627260586 -0.09141389627260586 -0.09141389627260586 -0.09141389627260586 -0.09141389627260586 -0.09141389627260586 -0.09141389627260586 -0.09141389627260586 -0.09141389627260586 -0.09141389627260586 -0.09141389627260586 -0.09141389627260586 -0.09141389627260586 -0.09141389627260586 -0.09141389627260586 -0.09141389627260586 -0.09141389627260586 -0.09141389627260586 -0.09141389627260586 -0.09141389627260586 -0.09141389627260586 -0.09141389627260586 -0.09141389627260586 -0.09141389627260586 -0.09141389627260586 -0.09141389627260586 -0.09141389627260586 -0.09141389627260586 -0.09141389627260586 -0.09141389627260586 -0.09141389627260586 -0.09141389627260586 -0.09141389627260586 -0.09141389627260586 -0.09141389627260586 -0.09141389627260586 -0.09141389627260586 -0.09141389627260586 -0.09141389627260586 -0.09141389627260586 -0.09141389627260586 -0.09141389627260586 -0.09141389627260586 -0.09141389627260586 -0.09141389627260586 -0.09141389627260586 -0.09141389627260586 -0.09141389627260586 -0.09141389627260586 -0.09141389627260586 -0.09141389627260586 -0.09141389627260586 -0.09141389627260586 -0.09141389627260586 -0.09141389627260586 -0.09141389627260586 -0.09141389627260586 -0.09141389627260586 -0.09141389627260586 -0.09141389627260586 -0.09141389627260586 -0.09141389627260586 -0.09141389627260586 -0.09141389627260586 -0.09141389627260586 -0.09141389627260586 -0.09141389627260586 -0.09141389627260586 -0.09141389627260586 -0.09141389627260586 -0.09141389627260586 -0.09141389627260586 -0.09141389627260586 -0.09141389627260586 -0.09141389627260586 -0.09141389627260586 -0.09141389627260586 -0.09141389627260586 -0.09141389627260586 -0.09141389627260586 -0.09141389627260586 -0.09141389627260586 -0.09141389627260586 -0.09141389627260586 -0.09141389627260586 -0.09141389627260586 -0.09141389627260586 -0.09141389627260586 -0.09141389627260586 -0.0914570000016979 -0.08456607331910931 -0.08456607331910931 -0.08523252492820958 -0.06033955019202001 -0.041684742660770414
-0.08456607331910931 -0.08456607331910931 -0.08456607331910931 -0.08456607331910931 -0.08456607331910931 -0.08456607331910931 -0.08456607331910931 -0.08456607331910931 -0.08456607331910931 -0.08456607331910931 -0.08456607331910931 -0.08456607331910931 -0.08456607331910931 -0.08456607331910931 -0.08456607331910931 -0.08456607331910931 -0.08456607331910931 -0.08456607331910931 -0.08456607331910931 -0.08456607331910931 -0.08456607331910931 -0.08456607331910931 -0.08456607331910931 -0.08456607331910931 -0.08456607331910931 -0.08456607331910931 -0.08456607331910931 -0.08456607331910931 -0.08456607331910931 -0.08456607331910931 -0.08456607331910931 -0.08456607331910931 -0.08456607331910931 -0.08456607331910931 -0.08456607331910931 -0.08456607331910931 -0.08456607331910931 -0.08456607331910931 -0.08456607331910931 -0.08456607331910931 -0.08456607331910931 -0.08456607331910931 -0.08456607331910931 -0.08456607331910931 -0.08456607331910931 -0.08456607331910931 -0.08456607331910931 -0.08456607331910931 -0.08456607331910931 -0.08456607331910931 -0.08456607331910931 -0.08456607331910931 -0.08456607331910931 -0.08456607331910931 -0.08456607331910931 -0.08456607331910931 -0.08456607331910931 -0.08456607331910931 -0.08456607331910931 -0.08456607331910931 -0.08456607331910931 -0.08456607331910931 -0.08456607331910931 -0.08456607331910931 -0.08456607331910931 -0.08456607331910931 -0.08456607331910931 -0.08456607331910931 -0.08456607331910931 -0.08456607331910931 -0.08456607331910931 -0.08456607331910931 -0.08456607331910931 -0.08456607331910931 -0.08456607331910931 -0.08456607331910931 -0.08456607331910931 -0.08456607331910931 -0.08456607331910931 -0.08456607331910931 -0.08456607331910931 -0.08456607331910931 -0.08456607331910931 -0.08456607331910931 -0.08456607331910931 -0.08456607331910931 -0.08456607331910931 -0.08456607331910931 -0.08456607331910931 -0.08456607331910931 -0.08456607331910931 -0.08456607331910931 -0.08456607331910931 -0.08456607331910931 -0.08456607331910931 -0.08456607331910931 -0.08456607331910931 -0.08456607331910931 -0.08456607331910931 -0.08456607331910931 -0.08456607331910931 -0.08456607331910931 -0.08770190388682172 -0.08530196358188792 -0.08456607331910931 -0.06033955019202001 -0.041684742660770414
-0.08456607331910931 -0.08456607331910931 -0.08456607331910931 -0.08456607331910931 -0.08456607331910931 -0.08456607331910931 -0.08456607331910931 -0.08456607331910931 -0.08456607331910931 -0.08456607331910931 -0.08456607331910931 -0.08456607331910931 -0.08456607331910931 -0.08456607331910931 -0.08456607331910931 -0.08456607331910931 -0.08456607331910931 -0.08456607331910931 -0.08456607331910931 -0.08456607331910931 -0.08456607331910931 -0.08456607331910931 -0.08456607331910931 -0.08456607331910931 -0.08456607331910931 -0.08456607331910931 -0.08456607331910931 -0.08456607331910931 -0.08456607331910931 -0.08456607331910931 -0.08456607331910931 -0.08456607331910931 -0.08456607331910931 -0.08456607331910931 -0.08456607331910931 -0.08456607331910931 -0.08456607331910931 -0.08456607331910931 -0.08456607331910931 -0.08456607331910931 -0.08456607331910931 -0.08456607331910931 -0.08456607331910931 -0.08456607331910931 -0.08456607331910931 -0.08456607331910931 -0.08456607331910931 -0.08456607331910931 -0.08456607331910931 -0.08456607331910931 -0.08456607331910931 -0.08456607331910931 -0.08456607331910931 -0.08456607331910931 -0.08456607331910931 -0.08456607331910931 -0.08456607331910931 -0.08456607331910931 -0.08456607331910931 -0.08456607331910931 -0.08456607331910931 -0.08456607331910931 -0.08456607331910931 -0.08456607331910931 -0.08456607331910931 -0.08456607331910931 -0.08456607331910931 -0.08456607331910931 -0.08456607331910931 -0.08456607331910931 -0.08456607331910931 -0.08456607331910931 -0.08456607331910931 -0.08456607331910931 -0.08456607331910931 -0.08456607331910931 -0.08456607331910931 -0.08456607331910931 -0.08456607331910931 -0.08456607331910931 -0.08456607331910931 -0.08456607331910931 -0.08456607331910931 -0.08456607331910931 -0.08456607331910931 -0.08456607331910931 -0.08456607331910931 -0.08456607331910931 -0.08456607331910931 -0.08456607331910931 -0.08456607331910931 -0.08456607331910931 -0.08456607331910931 -0.08456607331910931 -0.08456607331910931 -0.08456607331910931 -0.08456607331910931 -0.08456607331910931 -0.08456607331910931 -0.08456607331910931 -0.08456607331910931 -0.08456607331910931 -0.08530196358188792 -0.08595906543310494 -0.08456607331910931 -0.06033955019202001 -0.041684742660770414
-0.08523252492820958 -0.08523252492820958 -0.08523252492820958 -0.08523252492820958 -0.08523252492820958 -0.08523252492820958 -0.08523252492820958 -0.08523252492820958 -0.08523252492820958 -0.08523252492820958 -0.08523252492820958 -0.08523252492820958 -0.08523252492820958 -0.08523252492820958 -0.08523252492820958 -0.08523252492820958 -0.08523252492820958 -0.08523252492820958 -0.08523252492820958 -0.08523252492820958 -0.08523252492820958 -0.08523252492820958 -0.08523252492820958 -0.08523252492820958 -0.08523252492820958 -0.08523252492820958 -0.08523252492820958 -0.08523252492820958 -0.08523252492820958 -0.08523252492820958 -0.08523252492820958 -0.08523252492820958 -0.08523252492820958 -0.08523252492820958 -0.08523252492820958 -0.08523252492820958 -0.08523252492820958 -0.08523252492820958 -0.08523252492820958 -0.08523252492820958 -0.08523252492820958 -0.08523252492820958 -0.08523252492820958 -0.08523252492820958 -0.08523252492820958 -0.08523252492820958 -0.08523252492820958 -0.08523252492820958 -0.08523252492820958 -0.08523252492820958 -0.08523252492820958 -0.08523252492820958 -0.08523252492820958 -0.08523252492820958 -0.08523252492820958 -0.08523252492820958 -0.08523252492820958 -0.08523252492820958 -0.08523252492820958 -0.08523252492820958 -0.08523252492820958 -0.08523252492820958 -0.08523252492820958 -0.08523252492820958 -0.08523252492820958 -0.08523252492820958 -0.08523252492820958 -0.08523252492820958 -0.08523252492820958 -0.08523252492820958 -0.08523252492820958 -0.08523252492820958 -0.08523252492820958 -0.08523252492820958 -0.08523252492820958 -0.08523252492820958 -0.08523252492820958 -0.08523252492820958 -0.08523252492820958 -0.08523252492820958 -0.08523252492820958 -0.08523252492820958 -0.08523252492820958 -0.08523252492820958 -0.08523252492820958 -0.08523252492820958 -0.08523252492820958 -0.08523252492820958 -0.08523252492820958 -0.08523252492820958 -0.08523252492820958 -0.08523252492820958 -0.08523252492820958 -0.08523252492820958 -0.08523252492820958 -0.08523252492820958 -0.08523252492820958 -0.08523252492820958 -0.08523252492820958 -0.08523252492820958 -0.08523252492820958 -0.08523252492820958 -0.08456607331910931 -0.08456607331910931 -0.08567999404858427 -0.06033955019202001 -0.041684742660770414
-0.06033955019202001 -0.06033955019202001 -0.06033955019202001 -0.06033955019202001 -0.06033955019202001 -0.06033955019202001 -0.06033955019202001 -0.06033955019202001 -0.06033955019202001 -0.06033955019202001 -0.06033955019202001 -0.06033955019202001 -0.06033955019202001 -0.06033955019202001 -0.06033955019202001 -0.06033955019202001 -0.06033955019202001 -0.06033955019202001 -0.06033955019202001 -0.06033955019202001 -0.06033955019202001 -0.06033955019202001 -0.06033955019202001 -0.06033955019202001 -0.06033955019202001 -0.06033955019202001 -0.06033955019202001 -0.06033955019202001 -0.06033955019202001 -0.06033955019202001 -0.06033955019202001 -0.06033955019202001 -0.06033955019202001 -0.06033955019202001 -0.06033955019202001 -0.06033955019202001 -0.06033955019202001 -0.06033955019202001 -0.06033955019202001 -0.06033955019202001 -0.06033955019202001 -0.06033955019202001 -0.06033955019202001 -0.06033955019202001 -0.06033955019202001 -0.06033955019202001 -0.06033955019202001 -0.06033955019202001 -0.06033955019202001 -0.06033955019202001 -0.06033955019202001 -0.06033955019202001 -0.06033955019202001 -0.06033955019202001 -0.06033955019202001 -0.06033955019202001 -0.06033955019202001 -0.06033955019202001 -0.06033955019202001 -0.06033955019202001 -0.06033955019202001 -0.06033955019202001 -0.06033955019202001 -0.06033955019202001 -0.06033955019202001 -0.06033955019202001 -0.06033955019202001 -0.06033955019202001 -0.06033955019202001 -0.06033955019202001 -0.06033955019202001 -0.06033955019202001 -0.06033955019202001 -0.06033955019202001 -0.06033955019202001 -0.06033955019202001 -0.06033955019202001 -0.06033955019202001 -0.06033955019202001 -0.06033955019202001 -0.06033955019202001 -0.06033955019202001 -0.06033955019202001 -0.06033955019202001 -0.06033955019202001 -0.06033955019202001 -0.06033955019202001 -0.06033955019202001 -0.06033955019202001 -0.06033955019202001 -0.06033955019202001 -0.06033955019202001 -0.06033955019202001 -0.06033955019202001 -0.06033955019202001 -0.06033955019202001 -0.06033955019202001 -0.06033955019202001 -0.06033955019202001 -0.06033955019202001 -0.06033955019202001 -0.06033955019202001 -0.06033955019202001 -0.06033955019202001 -0.06033955019202001 -0.07968830107839187 -0.041684742660770414
-0.041684742660770414 -0.041684742660770414 -0.041684742660770414 -0.041684742660770414 -0.041684742660770414 -0.041684742660770414 -0.041684742660770414 -0.041684742660770414 -0.041684742660770414 -0.041684742660770414 -0.041684742660770414 -0.041684742660770414 -0.041684742660770414 -0.041684742660770414 -0.041684742660770414 -0.041684742660770414 -0.041684742660770414 -0.041684742660770414 -0.041684742660770414 -0.041684742660770414 -0.041684742660770414 -0.041684742660770414 -0.041684742660770414 -0.041684742660770414 -0.041684742660770414 -0.041684742660770414 -0.041684742660770414 -0.041684742660770414 -0.041684742660770414 -0.041684742660770414 -0.041684742660770414 -0.041684742660770414 -0.041684742660770414 -0.041684742660770414 -0.041684742660770414 -0.041684742660770414 -0.041684742660770414 -0.041684742660770414 -0.041684742660770414 -0.041684742660770414 -0.041684742660770414 -0.041684742660770414 -0.041684742660770414 -0.041684742660770414 -0.041684742660770414 -0.041684742660770414 -0.041684742660770414 -0.041684742660770414 -0.041684742660770414 -0.041684742660770414 -0.041684742660770414 -0.041684742660770414 -0.041684742660770414 -0.041684742660770414 -0.041684742660770414 -0.041684742660770414 -0.041684742660770414 -0.041684742660770414 -0.041684742660770414 -0.041684742660770414 -0.041684742660770414 -0.041684742660770414 -0.041684742660770414 -0.041684742660770414 -0.041684742660770414 -0.041684742660770414 -0.041684742660770414 -0.041684742660770414 -0.041684742660770414 -0.041684742660770414 -0.041684742660770414 -0.041684742660770414 -0.041684742660770414 -0.041684742660770414 -0.041684742660770414 -0.041684742660770414 -0.041684742660770414 -0.041684742660770414 -0.041684742660770414 -0.041684742660770414 -0.041684742660770414 -0.041684742660770414 -0.041684742660770414 -0.041684742660770414 -0.041684742660770414 -0.041684742660770414 -0.041684742660770414 -0.041684742660770414 -0.041684742660770414 -0.041684742660770414 -0.041684742660770414 -0.041684742660770414 -0.041684742660770414 -0.041684742660770414 -0.041684742660770414 -0.041684742660770414 -0.041684742660770414 -0.041684742660770414 -0.041684742660770414 -0.041684742660770414 -0.041684742660770414 -0.041684742660770414 -0.041684742660770414 -0.041684742660770414 -0.041684742660770414 -0.041684742660770414 -0.04598189333700133