-0.444093918602788 -0.444093918602788 -0.444093918602788 -0.5393393825900559 -0.5393393825900559 -0.2677274293920085 -0.6086830067403297 -0.6086830067403297 -0.444093918602788 -0.444093918602788 -0.6086830067403297 -0.444093918602788 -0.444093918602788 -0.444093918602788 -0.444093918602788 -0.444093918602788 -0.444093918602788 -0.6086830067403297 -0.6086830067403297 -0.444093918602788 -0.444093918602788 -0.444093918602788 -0.444093918602788 -0.4446813757269676 -0.18680081060525894 -0.444093918602788 -0.2677274293920085 -0.5052261642962518 -0.2677274293920085 -0.3899006671287962 -0.3611825009736173 -0.26243168892835433 -0.444093918602788 -0.3899006671287962 -0.5193858792064938 -0.2677274293920085 -0.4674168062829956 -0.39450871338321275 -0.4368061244200766 -0.4368061244200766 -0.4368061244200766 -0.3899006671287962 -0.444093918602788 -0.3899006671287962 -0.3899006671287962 -0.3870681790476593 -0.22792673485377757 -0.23115323117485265 -0.18680081060525894 -0.18680081060525894 -0.22792673485377757 -0.424615673119531 -0.23115323117485265 -0.26243168892835433 -0.22792673485377757 -0.23115323117485265 -0.3899006671287962 -0.22792673485377757 -0.23115323117485265 -0.26243168892835433 -0.22792673485377757 -0.22792673485377757 -0.23115323117485265 -0.3426958233058182 -0.3426958233058182 -0.28592059511651297 -0.2677274293920085 -0.2677274293920085 -0.2677274293920085 -0.2954912211319098 -0.2677274293920085 -0.22792673485377757 -0.2580388130303047 -0.2404488369600046 -0.1463197491294116 -0.22042650718697718 -0.1834986033585268 -0.18333289222395 -0.18528356058641587 -0.18505708147873406 -0.17010262685728972 -0.17010262685728972 -0.16644279176195498 -0.16292569319560318 -0.15151217254818247 -0.15015433761543776 -0.15076379179363636 -0.13718176774679253 -0.10717164796500567 -0.09834427903086175 -0.05646783131543406 -0.062096038318993206 -0.0540506367608819 -0.0540506367608819 -0.04316816363657956 -0.04639651613525776 -0.04639651613525776
-0.424615673119531 -0.424615673119531 -0.424615673119531 -0.424615673119531 -0.424615673119531 -0.2677274293920085 -0.424615673119531 -0.424615673119531 -0.424615673119531 -0.424615673119531 -0.424615673119531 -0.424615673119531 -0.424615673119531 -0.424615673119531 -0.424615673119531 -0.424615673119531 -0.424615673119531 -0.424615673119531 -0.424615673119531 -0.424615673119531 -0.424615673119531 -0.424615673119531 -0.424615673119531 -0.424615673119531 -0.18680081060525894 -0.424615673119531 -0.2677274293920085 -0.424615673119531 -0.2677274293920085 -0.3899006671287962 -0.3611825009736173 -0.26243168892835433 -0.424615673119531 -0.3899006671287962 -0.424615673119531 -0.2677274293920085 -0.424615673119531 -0.39450871338321275 -0.424615673119531 -0.424615673119531 -0.424615673119531 -0.3899006671287962 -0.424615673119531 -0.3899006671287962 -0.3899006671287962 -0.3870681790476593 -0.22792673485377757 -0.23115323117485265 -0.18680081060525894 -0.18680081060525894 -0.22792673485377757 -0.424615673119531 -0.23115323117485265 -0.26243168892835433 -0.22792673485377757 -0.23115323117485265 -0.3899006671287962 -0.22792673485377757 -0.23115323117485265 -0.26243168892835433 -0.22792673485377757 -0.22792673485377757 -0.23115323117485265 -0.3426958233058182 -0.3426958233058182 -0.28592059511651297 -0.2677274293920085 -0.2677274293920085 -0.2677274293920085 -0.2954912211319098 -0.2677274293920085 -0.22792673485377757 -0.2580388130303047 -0.2404488369600046 -0.1463197491294116 -0.22042650718697718 -0.1834986033585268 -0.18333289222395 -0.18528356058641587 -0.18505708147873406 -0.17010262685728972 -0.17010262685728972 -0.16644279176195498 -0.16292569319560318 -0.15151217254818247 -0.15015433761543776 -0.15076379179363636 -0.13718176774679253 -0.10717164796500567 -0.09834427903086175 -0.05646783131543406 -0.062096038318993206 -0.0540506367608819 -0.0540506367608819 -0.04316816363657956 -0.04639651613525776 -0.04639651613525776
-0.3870681790476593 -0.3870681790476593 -0.3870681790476593 -0.3870681790476593 -0.3870681790476593 -0.2677274293920085 -0.3870681790476593 -0.3870681790476593 -0.3870681790476593 -0.3870681790476593 -0.3870681790476593 -0.3870681790476593 -0.3870681790476593 -0.3870681790476593 -0.3870681790476593 -0.3870681790476593 -0.3870681790476593 -0.3870681790476593 -0.3870681790476593 -0.3870681790476593 -0.3870681790476593 -0.3870681790476593 -0.3870681790476593 -0.3870681790476593 -0.18680081060525894 -0.3870681790476593 -0.2677274293920085 -0.3870681790476593 -0.2677274293920085 -0.3870681790476593 -0.3611825009736173 -0.26243168892835433 -0.3870681790476593 -0.3870681790476593 -0.3870681790476593 -0.2677274293920085 -0.3870681790476593 -0.3870681790476593 -0.3870681790476593 -0.3870681790476593 -0.3870681790476593 -0.3870681790476593 -0.3870681790476593 -0.3870681790476593 -0.3870681790476593 -0.3870681790476593 -0.22792673485377757 -0.23115323117485265 -0.18680081060525894 -0.18680081060525894 -0.22792673485377757 -0.3870681790476593 -0.23115323117485265 -0.26243168892835433 -0.22792673485377757 -0.23115323117485265 -0.3870681790476593 -0.22792673485377757 -0.23115323117485265 -0.26243168892835433 -0.22792673485377757 -0.22792673485377757 -0.23115323117485265 -0.3426958233058182 -0.3426958233058182 -0.28592059511651297 -0.2677274293920085 -0.2677274293920085 -0.2677274293920085 -0.2954912211319098 -0.2677274293920085 -0.22792673485377757 -0.2580388130303047 -0.2404488369600046 -0.1463197491294116 -0.22042650718697718 -0.1834986033585268 -0.18333289222395 -0.18528356058641587 -0.18505708147873406 -0.17010262685728972 -0.17010262685728972 -0.16644279176195498 -0.16292569319560318 -0.15151217254818247 -0.15015433761543776 -0.15076379179363636 -0.13718176774679253 -0.10717164796500567 -0.09834427903086175 -0.05646783131543406 -0.062096038318993206 -0.0540506367608819 -0.0540506367608819 -0.04316816363657956 -0.04639651613525776 -0.04639651613525776
-0.47719096789632004 -0.7170337613311579 -0.7170337613311579 -0.444093918602788 -0.444093918602788 -0.2677274293920085 -0.444093918602788 -0.444093918602788 -0.7170337613311579 -0.7170337613311579 -0.444093918602788 -0.7170337613311579 -0.6788783550872136 -0.6788783550872136 -0.7022281440760485 -0.6788783550872136 -0.6646728463444279 -0.444093918602788 -0.444093918602788 -0.6366046782856764 -0.5989991731655293 -0.5939491198095079 -0.6105313295505456 -0.444093918602788 -0.18680081060525894 -0.5857231367799619 -0.2677274293920085 -0.444093918602788 -0.2677274293920085 -0.3899006671287962 -0.3611825009736173 -0.26243168892835433 -0.47719096789632004 -0.3899006671287962 -0.444093918602788 -0.2677274293920085 -0.444093918602788 -0.39450871338321275 -0.4368061244200766 -0.4368061244200766 -0.4368061244200766 -0.3899006671287962 -0.47719096789632004 -0.3899006671287962 -0.3899006671287962 -0.3870681790476593 -0.22792673485377757 -0.23115323117485265 -0.18680081060525894 -0.18680081060525894 -0.22792673485377757 -0.424615673119531 -0.23115323117485265 -0.26243168892835433 -0.22792673485377757 -0.23115323117485265 -0.3899006671287962 -0.22792673485377757 -0.23115323117485265 -0.26243168892835433 -0.22792673485377757 -0.22792673485377757 -0.23115323117485265 -0.3426958233058182 -0.3426958233058182 -0.28592059511651297 -0.2677274293920085 -0.2677274293920085 -0.2677274293920085 -0.2954912211319098 -0.2677274293920085 -0.22792673485377757 -0.2580388130303047 -0.2404488369600046 -0.1463197491294116 -0.22042650718697718 -0.1834986033585268 -0.18333289222395 -0.18528356058641587 -0.18505708147873406 -0.17010262685728972 -0.17010262685728972 -0.16644279176195498 -0.16292569319560318 -0.15151217254818247 -0.15015433761543776 -0.15076379179363636 -0.13718176774679253 -0.10717164796500567 -0.09834427903086175 -0.05646783131543406 -0.062096038318993206 -0.0540506367608819 -0.0540506367608819 -0.04316816363657956 -0.04639651613525776 -0.04639651613525776
-0.444093918602788 -0.444093918602788 -0.444093918602788 -0.7791440283953411 -0.7791440283953411 -0.2677274293920085 -0.5393393825900559 -0.5393393825900559 -0.444093918602788 -0.444093918602788 -0.5393393825900559 -0.444093918602788 -0.444093918602788 -0.444093918602788 -0.444093918602788 -0.444093918602788 -0.444093918602788 -0.5393393825900559 -0.5393393825900559 -0.444093918602788 -0.444093918602788 -0.444093918602788 -0.444093918602788 -0.4446813757269676 -0.18680081060525894 -0.444093918602788 -0.2677274293920085 -0.5052261642962518 -0.2677274293920085 -0.3899006671287962 -0.3611825009736173 -0.26243168892835433 -0.444093918602788 -0.3899006671287962 -0.5193858792064938 -0.2677274293920085 -0.4674168062829956 -0.39450871338321275 -0.4368061244200766 -0.4368061244200766 -0.4368061244200766 -0.3899006671287962 -0.444093918602788 -0.3899006671287962 -0.3899006671287962 -0.3870681790476593 -0.22792673485377757 -0.23115323117485265 -0.18680081060525894 -0.18680081060525894 -0.22792673485377757 -0.424615673119531 -0.23115323117485265 -0.26243168892835433 -0.22792673485377757 -0.23115323117485265 -0.3899006671287962 -0.22792673485377757 -0.23115323117485265 -0.26243168892835433 -0.22792673485377757 -0.22792673485377757 -0.23115323117485265 -0.3426958233058182 -0.3426958233058182 -0.28592059511651297 -0.2677274293920085 -0.2677274293920085 -0.2677274293920085 -0.2954912211319098 -0.2677274293920085 -0.22792673485377757 -0.2580388130303047 -0.2404488369600046 -0.1463197491294116 -0.22042650718697718 -0.1834986033585268 -0.18333289222395 -0.18528356058641587 -0.18505708147873406 -0.17010262685728972 -0.17010262685728972 -0.16644279176195498 -0.16292569319560318 -0.15151217254818247 -0.15015433761543776 -0.15076379179363636 -0.13718176774679253 -0.10717164796500567 -0.09834427903086175 -0.05646783131543406 -0.062096038318993206 -0.0540506367608819 -0.0540506367608819 -0.04316816363657956 -0.04639651613525776 -0.04639651613525776
-0.47719096789632004 -0.5857231367799619 -0.5857231367799619 -0.444093918602788 -0.444093918602788 -0.2677274293920085 -0.444093918602788 -0.444093918602788 -0.5857231367799619 -0.5857231367799619 -0.444093918602788 -0.5857231367799619 -0.5857231367799619 -0.5857231367799619 -0.5857231367799619 -0.5857231367799619 -0.5857231367799619 -0.444093918602788 -0.444093918602788 -0.5857231367799619 -0.5857231367799619 -0.5857231367799619 -0.5857231367799619 -0.444093918602788 -0.18680081060525894 -0.5857231367799619 -0.2677274293920085 -0.444093918602788 -0.2677274293920085 -0.3899006671287962 -0.3611825009736173 -0.26243168892835433 -0.47719096789632004 -0.3899006671287962 -0.444093918602788 -0.2677274293920085 -0.444093918602788 -0.39450871338321275 -0.4368061244200766 -0.4368061244200766 -0.4368061244200766 -0.3899006671287962 -0.47719096789632004 -0.3899006671287962 -0.3899006671287962 -0.3870681790476593 -0.22792673485377757 -0.23115323117485265 -0.18680081060525894 -0.18680081060525894 -0.22792673485377757 -0.424615673119531 -0.23115323117485265 -0.26243168892835433 -0.22792673485377757 -0.23115323117485265 -0.3899006671287962 -0.22792673485377757 -0.23115323117485265 -0.26243168892835433 -0.22792673485377757 -0.22792673485377757 -0.23115323117485265 -0.3426958233058182 -0.3426958233058182 -0.28592059511651297 -0.2677274293920085 -0.2677274293920085 -0.2677274293920085 -0.2954912211319098 -0.2677274293920085 -0.22792673485377757 -0.2580388130303047 -0.2404488369600046 -0.1463197491294116 -0.22042650718697718 -0.1834986033585268 -0.18333289222395 -0.18528356058641587 -0.18505708147873406 -0.17010262685728972 -0.17010262685728972 -0.16644279176195498 -0.16292569319560318 -0.15151217254818247 -0.15015433761543776 -0.15076379179363636 -0.13718176774679253 -0.10717164796500567 -0.09834427903086175 -0.05646783131543406 -0.062096038318993206 -0.0540506367608819 -0.0540506367608819 -0.04316816363657956 -0.04639651613525776 -0.04639651613525776
-0.47719096789632004 -0.6788783550872136 -0.6788783550872136 -0.444093918602788 -0.444093918602788 -0.2677274293920085 -0.444093918602788 -0.444093918602788 -0.6788783550872136 -0.6788783550872136 -0.444093918602788 -0.6788783550872136 -0.7422975390235361 -0.7277208785208485 -0.6788783550872136 -0.6847509742933184 -0.6646728463444279 -0.444093918602788 -0.444093918602788 -0.6366046782856764 -0.5989991731655293 -0.5939491198095079 -0.6105313295505456 -0.444093918602788 -0.18680081060525894 -0.5857231367799619 -0.2677274293920085 -0.444093918602788 -0.2677274293920085 -0.3899006671287962 -0.3611825009736173 -0.26243168892835433 -0.47719096789632004 -0.3899006671287962 -0.444093918602788 -0.2677274293920085 -0.444093918602788 -0.39450871338321275 -0.4368061244200766 -0.4368061244200766 -0.4368061244200766 -0.3899006671287962 -0.47719096789632004 -0.3899006671287962 -0.3899006671287962 -0.3870681790476593 -0.22792673485377757 -0.23115323117485265 -0.18680081060525894 -0.18680081060525894 -0.22792673485377757 -0.424615673119531 -0.23115323117485265 -0.26243168892835433 -0.22792673485377757 -0.23115323117485265 -0.3899006671287962 -0.22792673485377757 -0.23115323117485265 -0.26243168892835433 -0.22792673485377757 -0.22792673485377757 -0.23115323117485265 -0.3426958233058182 -0.3426958233058182 -0.28592059511651297 -0.2677274293920085 -0.2677274293920085 -0.2677274293920085 -0.2954912211319098 -0.2677274293920085 -0.22792673485377757 -0.2580388130303047 -0.2404488369600046 -0.1463197491294116 -0.22042650718697718 -0.1834986033585268 -0.18333289222395 -0.18528356058641587 -0.18505708147873406 -0.17010262685728972 -0.17010262685728972 -0.16644279176195498 -0.16292569319560318 -0.15151217254818247 -0.15015433761543776 -0.15076379179363636 -0.13718176774679253 -0.10717164796500567 -0.09834427903086175 -0.05646783131543406 -0.062096038318993206 -0.0540506367608819 -0.0540506367608819 -0.04316816363657956 -0.04639651613525776 -0.04639651613525776
-0.2677274293920085 -0.2677274293920085 -0.2677274293920085 -0.2677274293920085 -0.2677274293920085 -0.3768073032329246 -0.2677274293920085 -0.2677274293920085 -0.2677274293920085 -0.2677274293920085 -0.2677274293920085 -0.2677274293920085 -0.2677274293920085 -0.2677274293920085 -0.2677274293920085 -0.2677274293920085 -0.2677274293920085 -0.2677274293920085 -0.2677274293920085 -0.2677274293920085 -0.2677274293920085 -0.2677274293920085 -0.2677274293920085 -0.2677274293920085 -0.18680081060525894 -0.2677274293920085 -0.3768073032329246 -0.2677274293920085 -0.3768073032329246 -0.2677274293920085 -0.2677274293920085 -0.26243168892835433 -0.2677274293920085 -0.2677274293920085 -0.2677274293920085 -0.3768073032329246 -0.2677274293920085 -0.2677274293920085 -0.2677274293920085 -0.2677274293920085 -0.2677274293920085 -0.2677274293920085 -0.2677274293920085 -0.2677274293920085 -0.2677274293920085 -0.2677274293920085 -0.22792673485377757 -0.23115323117485265 -0.18680081060525894 -0.18680081060525894 -0.22792673485377757 -0.2677274293920085 -0.23115323117485265 -0.26243168892835433 -0.22792673485377757 -0.23115323117485265 -0.2677274293920085 -0.22792673485377757 -0.23115323117485265 -0.26243168892835433 -0.22792673485377757 -0.22792673485377757 -0.23115323117485265 -0.2677274293920085 -0.2677274293920085 -0.2677274293920085 -0.2932501326850292 -0.2932501326850292 -0.2932501326850292 -0.2677274293920085 -0.2932501326850292 -0.22792673485377757 -0.2580388130303047 -0.2404488369600046 -0.1463197491294116 -0.22042650718697718 -0.1834986033585268 -0.18333289222395 -0.18528356058641587 -0.18505708147873406 -0.17010262685728972 -0.17010262685728972 -0.16644279176195498 -0.16292569319560318 -0.15151217254818247 -0.15015433761543776 -0.15076379179363636 -0.13718176774679253 -0.10717164796500567 -0.09834427903086175 -0.05646783131543406 -0.062096038318993206 -0.0540506367608819 -0.0540506367608819 -0.04316816363657956 -0.04639651613525776 -0.04639651613525776
-0.3426958233058182 -0.3426958233058182 -0.3426958233058182 -0.3426958233058182 -0.3426958233058182 -0.2677274293920085 -0.3426958233058182 -0.3426958233058182 -0.3426958233058182 -0.3426958233058182 -0.3426958233058182 -0.3426958233058182 -0.3426958233058182 -0.3426958233058182 -0.3426958233058182 -0.3426958233058182 -0.3426958233058182 -0.3426958233058182 -0.3426958233058182 -0.3426958233058182 -0.3426958233058182 -0.3426958233058182 -0.3426958233058182 -0.3426958233058182 -0.18680081060525894 -0.3426958233058182 -0.2677274293920085 -0.3426958233058182 -0.2677274293920085 -0.3426958233058182 -0.3426958233058182 -0.26243168892835433 -0.3426958233058182 -0.3426958233058182 -0.3426958233058182 -0.2677274293920085 -0.3426958233058182 -0.3426958233058182 -0.3426958233058182 -0.3426958233058182 -0.3426958233058182 -0.3426958233058182 -0.3426958233058182 -0.3426958233058182 -0.3426958233058182 -0.3426958233058182 -0.22792673485377757 -0.23115323117485265 -0.18680081060525894 -0.18680081060525894 -0.22792673485377757 -0.3426958233058182 -0.23115323117485265 -0.26243168892835433 -0.22792673485377757 -0.23115323117485265 -0.3426958233058182 -0.22792673485377757 -0.23115323117485265 -0.26243168892835433 -0.22792673485377757 -0.22792673485377757 -0.23115323117485265 -0.3426958233058182 -0.3426958233058182 -0.28592059511651297 -0.2677274293920085 -0.2677274293920085 -0.2677274293920085 -0.2954912211319098 -0.2677274293920085 -0.22792673485377757 -0.2580388130303047 -0.2404488369600046 -0.1463197491294116 -0.22042650718697718 -0.1834986033585268 -0.18333289222395 -0.18528356058641587 -0.18505708147873406 -0.17010262685728972 -0.17010262685728972 -0.16644279176195498 -0.16292569319560318 -0.15151217254818247 -0.15015433761543776 -0.15076379179363636 -0.13718176774679253 -0.10717164796500567 -0.09834427903086175 -0.05646783131543406 -0.062096038318993206 -0.0540506367608819 -0.0540506367608819 -0.04316816363657956 -0.04639651613525776 -0.04639651613525776
-0.47719096789632004 -0.6788783550872136 -0.6788783550872136 -0.444093918602788 -0.444093918602788 -0.2677274293920085 -0.444093918602788 -0.444093918602788 -0.6788783550872136 -0.6788783550872136 -0.444093918602788 -0.6788783550872136 -0.7277208785208485 -0.7277208785208485 -0.6788783550872136 -0.6847509742933184 -0.6646728463444279 -0.444093918602788 -0.444093918602788 -0.6366046782856764 -0.5989991731655293 -0.5939491198095079 -0.6105313295505456 -0.444093918602788 -0.18680081060525894 -0.5857231367799619 -0.2677274293920085 -0.444093918602788 -0.2677274293920085 -0.3899006671287962 -0.3611825009736173 -0.26243168892835433 -0.47719096789632004 -0.3899006671287962 -0.444093918602788 -0.2677274293920085 -0.444093918602788 -0.39450871338321275 -0.4368061244200766 -0.4368061244200766 -0.4368061244200766 -0.3899006671287962 -0.47719096789632004 -0.3899006671287962 -0.3899006671287962 -0.3870681790476593 -0.22792673485377757 -0.23115323117485265 -0.18680081060525894 -0.18680081060525894 -0.22792673485377757 -0.424615673119531 -0.23115323117485265 -0.26243168892835433 -0.22792673485377757 -0.23115323117485265 -0.3899006671287962 -0.22792673485377757 -0.23115323117485265 -0.26243168892835433 -0.22792673485377757 -0.22792673485377757 -0.23115323117485265 -0.3426958233058182 -0.3426958233058182 -0.28592059511651297 -0.2677274293920085 -0.2677274293920085 -0.2677274293920085 -0.2954912211319098 -0.2677274293920085 -0.22792673485377757 -0.2580388130303047 -0.2404488369600046 -0.1463197491294116 -0.22042650718697718 -0.1834986033585268 -0.18333289222395 -0.18528356058641587 -0.18505708147873406 -0.17010262685728972 -0.17010262685728972 -0.16644279176195498 -0.16292569319560318 -0.15151217254818247 -0.15015433761543776 -0.15076379179363636 -0.13718176774679253 -0.10717164796500567 -0.09834427903086175 -0.05646783131543406 -0.062096038318993206 -0.0540506367608819 -0.0540506367608819 -0.04316816363657956 -0.04639651613525776 -0.04639651613525776
-0.47719096789632004 -0.47719096789632004 -0.47719096789632004 -0.444093918602788 -0.444093918602788 -0.2677274293920085 -0.444093918602788 -0.444093918602788 -0.47719096789632004 -0.47719096789632004 -0.444093918602788 -0.47719096789632004 -0.47719096789632004 -0.47719096789632004 -0.47719096789632004 -0.47719096789632004 -0.47719096789632004 -0.444093918602788 -0.444093918602788 -0.47719096789632004 -0.47719096789632004 -0.47719096789632004 -0.47719096789632004 -0.444093918602788 -0.18680081060525894 -0.47719096789632004 -0.2677274293920085 -0.444093918602788 -0.2677274293920085 -0.3899006671287962 -0.3611825009736173 -0.26243168892835433 -0.47719096789632004 -0.3899006671287962 -0.444093918602788 -0.2677274293920085 -0.444093918602788 -0.39450871338321275 -0.4368061244200766 -0.4368061244200766 -0.4368061244200766 -0.3899006671287962 -0.47719096789632004 -0.3899006671287962 -0.3899006671287962 -0.3870681790476593 -0.22792673485377757 -0.23115323117485265 -0.18680081060525894 -0.18680081060525894 -0.22792673485377757 -0.424615673119531 -0.23115323117485265 -0.26243168892835433 -0.22792673485377757 -0.23115323117485265 -0.3899006671287962 -0.22792673485377757 -0.23115323117485265 -0.26243168892835433 -0.22792673485377757 -0.22792673485377757 -0.23115323117485265 -0.3426958233058182 -0.3426958233058182 -0.28592059511651297 -0.2677274293920085 -0.2677274293920085 -0.2677274293920085 -0.2954912211319098 -0.2677274293920085 -0.22792673485377757 -0.2580388130303047 -0.2404488369600046 -0.1463197491294116 -0.22042650718697718 -0.1834986033585268 -0.18333289222395 -0.18528356058641587 -0.18505708147873406 -0.17010262685728972 -0.17010262685728972 -0.16644279176195498 -0.16292569319560318 -0.15151217254818247 -0.15015433761543776 -0.15076379179363636 -0.13718176774679253 -0.10717164796500567 -0.09834427903086175 -0.05646783131543406 -0.062096038318993206 -0.0540506367608819 -0.0540506367608819 -0.04316816363657956 -0.04639651613525776 -0.04639651613525776
-0.47719096789632004 -0.5857231367799619 -0.5857231367799619 -0.444093918602788 -0.444093918602788 -0.2677274293920085 -0.444093918602788 -0.444093918602788 -0.5857231367799619 -0.5857231367799619 -0.444093918602788 -0.5857231367799619 -0.5857231367799619 -0.5857231367799619 -0.5857231367799619 -0.5857231367799619 -0.5857231367799619 -0.444093918602788 -0.444093918602788 -0.5857231367799619 -0.5857231367799619 -0.5857231367799619 -0.5857231367799619 -0.444093918602788 -0.18680081060525894 -0.5857231367799619 -0.2677274293920085 -0.444093918602788 -0.2677274293920085 -0.3899006671287962 -0.3611825009736173 -0.26243168892835433 -0.47719096789632004 -0.3899006671287962 -0.444093918602788 -0.2677274293920085 -0.444093918602788 -0.39450871338321275 -0.4368061244200766 -0.4368061244200766 -0.4368061244200766 -0.3899006671287962 -0.47719096789632004 -0.3899006671287962 -0.3899006671287962 -0.3870681790476593 -0.22792673485377757 -0.23115323117485265 -0.18680081060525894 -0.18680081060525894 -0.22792673485377757 -0.424615673119531 -0.23115323117485265 -0.26243168892835433 -0.22792673485377757 -0.23115323117485265 -0.3899006671287962 -0.22792673485377757 -0.23115323117485265 -0.26243168892835433 -0.22792673485377757 -0.22792673485377757 -0.23115323117485265 -0.3426958233058182 -0.3426958233058182 -0.28592059511651297 -0.2677274293920085 -0.2677274293920085 -0.2677274293920085 -0.2954912211319098 -0.2677274293920085 -0.22792673485377757 -0.2580388130303047 -0.2404488369600046 -0.1463197491294116 -0.22042650718697718 -0.1834986033585268 -0.18333289222395 -0.18528356058641587 -0.18505708147873406 -0.17010262685728972 -0.17010262685728972 -0.16644279176195498 -0.16292569319560318 -0.15151217254818247 -0.15015433761543776 -0.15076379179363636 -0.13718176774679253 -0.10717164796500567 -0.09834427903086175 -0.05646783131543406 -0.062096038318993206 -0.0540506367608819 -0.0540506367608819 -0.04316816363657956 -0.04639651613525776 -0.04639651613525776
-0.4368061244200766 -0.4368061244200766 -0.4368061244200766 -0.4368061244200766 -0.4368061244200766 -0.2677274293920085 -0.4368061244200766 -0.4368061244200766 -0.4368061244200766 -0.4368061244200766 -0.4368061244200766 -0.4368061244200766 -0.4368061244200766 -0.4368061244200766 -0.4368061244200766 -0.4368061244200766 -0.4368061244200766 -0.4368061244200766 -0.4368061244200766 -0.4368061244200766 -0.4368061244200766 -0.4368061244200766 -0.4368061244200766 -0.4368061244200766 -0.18680081060525894 -0.4368061244200766 -0.2677274293920085 -0.4368061244200766 -0.2677274293920085 -0.3899006671287962 -0.3611825009736173 -0.26243168892835433 -0.4368061244200766 -0.3899006671287962 -0.4368061244200766 -0.2677274293920085 -0.4368061244200766 -0.39450871338321275 -0.4368061244200766 -0.4368061244200766 -0.4368061244200766 -0.3899006671287962 -0.4368061244200766 -0.3899006671287962 -0.3899006671287962 -0.3870681790476593 -0.22792673485377757 -0.23115323117485265 -0.18680081060525894 -0.18680081060525894 -0.22792673485377757 -0.424615673119531 -0.23115323117485265 -0.26243168892835433 -0.22792673485377757 -0.23115323117485265 -0.3899006671287962 -0.22792673485377757 -0.23115323117485265 -0.26243168892835433 -0.22792673485377757 -0.22792673485377757 -0.23115323117485265 -0.3426958233058182 -0.3426958233058182 -0.28592059511651297 -0.2677274293920085 -0.2677274293920085 -0.2677274293920085 -0.2954912211319098 -0.2677274293920085 -0.22792673485377757 -0.2580388130303047 -0.2404488369600046 -0.1463197491294116 -0.22042650718697718 -0.1834986033585268 -0.18333289222395 -0.18528356058641587 -0.18505708147873406 -0.17010262685728972 -0.17010262685728972 -0.16644279176195498 -0.16292569319560318 -0.15151217254818247 -0.15015433761543776 -0.15076379179363636 -0.13718176774679253 -0.10717164796500567 -0.09834427903086175 -0.05646783131543406 -0.062096038318993206 -0.0540506367608819 -0.0540506367608819 -0.04316816363657956 -0.04639651613525776 -0.04639651613525776
-0.444093918602788 -0.444093918602788 -0.444093918602788 -0.714820524278058 -0.714820524278058 -0.2677274293920085 -0.5393393825900559 -0.5393393825900559 -0.444093918602788 -0.444093918602788 -0.5393393825900559 -0.444093918602788 -0.444093918602788 -0.444093918602788 -0.444093918602788 -0.444093918602788 -0.444093918602788 -0.5393393825900559 -0.5393393825900559 -0.444093918602788 -0.444093918602788 -0.444093918602788 -0.444093918602788 -0.4446813757269676 -0.18680081060525894 -0.444093918602788 -0.2677274293920085 -0.5052261642962518 -0.2677274293920085 -0.3899006671287962 -0.3611825009736173 -0.26243168892835433 -0.444093918602788 -0.3899006671287962 -0.5193858792064938 -0.2677274293920085 -0.4674168062829956 -0.39450871338321275 -0.4368061244200766 -0.4368061244200766 -0.4368061244200766 -0.3899006671287962 -0.444093918602788 -0.3899006671287962 -0.3899006671287962 -0.3870681790476593 -0.22792673485377757 -0.23115323117485265 -0.18680081060525894 -0.18680081060525894 -0.22792673485377757 -0.424615673119531 -0.23115323117485265 -0.26243168892835433 -0.22792673485377757 -0.23115323117485265 -0.3899006671287962 -0.22792673485377757 -0.23115323117485265 -0.26243168892835433 -0.22792673485377757 -0.22792673485377757 -0.23115323117485265 -0.3426958233058182 -0.3426958233058182 -0.28592059511651297 -0.2677274293920085 -0.2677274293920085 -0.2677274293920085 -0.2954912211319098 -0.2677274293920085 -0.22792673485377757 -0.2580388130303047 -0.2404488369600046 -0.1463197491294116 -0.22042650718697718 -0.1834986033585268 -0.18333289222395 -0.18528356058641587 -0.18505708147873406 -0.17010262685728972 -0.17010262685728972 -0.16644279176195498 -0.16292569319560318 -0.15151217254818247 -0.15015433761543776 -0.15076379179363636 -0.13718176774679253 -0.10717164796500567 -0.09834427903086175 -0.05646783131543406 -0.062096038318993206 -0.0540506367608819 -0.0540506367608819 -0.04316816363657956 -0.04639651613525776 -0.04639651613525776
-0.2954912211319098 -0.2954912211319098 -0.2954912211319098 -0.2954912211319098 -0.2954912211319098 -0.2677274293920085 -0.2954912211319098 -0.2954912211319098 -0.2954912211319098 -0.2954912211319098 -0.2954912211319098 -0.2954912211319098 -0.2954912211319098 -0.2954912211319098 -0.2954912211319098 -0.2954912211319098 -0.2954912211319098 -0.2954912211319098 -0.2954912211319098 -0.2954912211319098 -0.2954912211319098 -0.2954912211319098 -0.2954912211319098 -0.2954912211319098 -0.18680081060525894 -0.2954912211319098 -0.2677274293920085 -0.2954912211319098 -0.2677274293920085 -0.2954912211319098 -0.2954912211319098 -0.26243168892835433 -0.2954912211319098 -0.2954912211319098 -0.2954912211319098 -0.2677274293920085 -0.2954912211319098 -0.2954912211319098 -0.2954912211319098 -0.2954912211319098 -0.2954912211319098 -0.2954912211319098 -0.2954912211319098 -0.2954912211319098 -0.2954912211319098 -0.2954912211319098 -0.22792673485377757 -0.23115323117485265 -0.18680081060525894 -0.18680081060525894 -0.22792673485377757 -0.2954912211319098 -0.23115323117485265 -0.26243168892835433 -0.22792673485377757 -0.23115323117485265 -0.2954912211319098 -0.22792673485377757 -0.23115323117485265 -0.26243168892835433 -0.22792673485377757 -0.22792673485377757 -0.23115323117485265 -0.2954912211319098 -0.2954912211319098 -0.28592059511651297 -0.2677274293920085 -0.2677274293920085 -0.2677274293920085 -0.2954912211319098 -0.2677274293920085 -0.22792673485377757 -0.2580388130303047 -0.2404488369600046 -0.1463197491294116 -0.22042650718697718 -0.1834986033585268 -0.18333289222395 -0.18528356058641587 -0.18505708147873406 -0.17010262685728972 -0.17010262685728972 -0.16644279176195498 -0.16292569319560318 -0.15151217254818247 -0.15015433761543776 -0.15076379179363636 -0.13718176774679253 -0.10717164796500567 -0.09834427903086175 -0.05646783131543406 -0.062096038318993206 -0.0540506367608819 -0.0540506367608819 -0.04316816363657956 -0.04639651613525776 -0.04639651613525776
-0.47719096789632004 -0.6711989611519501 -0.6711989611519501 -0.444093918602788 -0.444093918602788 -0.2677274293920085 -0.444093918602788 -0.444093918602788 -0.6711989611519501 -0.6711989611519501 -0.444093918602788 -0.6711989611519501 -0.6711989611519501 -0.6711989611519501 -0.6711989611519501 -0.6711989611519501 -0.6646728463444279 -0.444093918602788 -0.444093918602788 -0.6366046782856764 -0.5989991731655293 -0.5939491198095079 -0.6105313295505456 -0.444093918602788 -0.18680081060525894 -0.5857231367799619 -0.2677274293920085 -0.444093918602788 -0.2677274293920085 -0.3899006671287962 -0.3611825009736173 -0.26243168892835433 -0.47719096789632004 -0.3899006671287962 -0.444093918602788 -0.2677274293920085 -0.444093918602788 -0.39450871338321275 -0.4368061244200766 -0.4368061244200766 -0.4368061244200766 -0.3899006671287962 -0.47719096789632004 -0.3899006671287962 -0.3899006671287962 -0.3870681790476593 -0.22792673485377757 -0.23115323117485265 -0.18680081060525894 -0.18680081060525894 -0.22792673485377757 -0.424615673119531 -0.23115323117485265 -0.26243168892835433 -0.22792673485377757 -0.23115323117485265 -0.3899006671287962 -0.22792673485377757 -0.23115323117485265 -0.26243168892835433 -0.22792673485377757 -0.22792673485377757 -0.23115323117485265 -0.3426958233058182 -0.3426958233058182 -0.28592059511651297 -0.2677274293920085 -0.2677274293920085 -0.2677274293920085 -0.2954912211319098 -0.2677274293920085 -0.22792673485377757 -0.2580388130303047 -0.2404488369600046 -0.1463197491294116 -0.22042650718697718 -0.1834986033585268 -0.18333289222395 -0.18528356058641587 -0.18505708147873406 -0.17010262685728972 -0.17010262685728972 -0.16644279176195498 -0.16292569319560318 -0.15151217254818247 -0.15015433761543776 -0.15076379179363636 -0.13718176774679253 -0.10717164796500567 -0.09834427903086175 -0.05646783131543406 -0.062096038318993206 -0.0540506367608819 -0.0540506367608819 -0.04316816363657956 -0.04639651613525776 -0.04639651613525776
-0.47719096789632004 -0.6694837912596724 -0.6694837912596724 -0.444093918602788 -0.444093918602788 -0.2677274293920085 -0.444093918602788 -0.444093918602788 -0.6694837912596724 -0.6694837912596724 -0.444093918602788 -0.6694837912596724 -0.6694837912596724 -0.6694837912596724 -0.6694837912596724 -0.6694837912596724 -0.6646728463444279 -0.444093918602788 -0.444093918602788 -0.6366046782856764 -0.5989991731655293 -0.5939491198095079 -0.6105313295505456 -0.444093918602788 -0.18680081060525894 -0.5857231367799619 -0.2677274293920085 -0.444093918602788 -0.2677274293920085 -0.3899006671287962 -0.3611825009736173 -0.26243168892835433 -0.47719096789632004 -0.3899006671287962 -0.444093918602788 -0.2677274293920085 -0.444093918602788 -0.39450871338321275 -0.4368061244200766 -0.4368061244200766 -0.4368061244200766 -0.3899006671287962 -0.47719096789632004 -0.3899006671287962 -0.3899006671287962 -0.3870681790476593 -0.22792673485377757 -0.23115323117485265 -0.18680081060525894 -0.18680081060525894 -0.22792673485377757 -0.424615673119531 -0.23115323117485265 -0.26243168892835433 -0.22792673485377757 -0.23115323117485265 -0.3899006671287962 -0.22792673485377757 -0.23115323117485265 -0.26243168892835433 -0.22792673485377757 -0.22792673485377757 -0.23115323117485265 -0.3426958233058182 -0.3426958233058182 -0.28592059511651297 -0.2677274293920085 -0.2677274293920085 -0.2677274293920085 -0.2954912211319098 -0.2677274293920085 -0.22792673485377757 -0.2580388130303047 -0.2404488369600046 -0.1463197491294116 -0.22042650718697718 -0.1834986033585268 -0.18333289222395 -0.18528356058641587 -0.18505708147873406 -0.17010262685728972 -0.17010262685728972 -0.16644279176195498 -0.16292569319560318 -0.15151217254818247 -0.15015433761543776 -0.15076379179363636 -0.13718176774679253 -0.10717164796500567 -0.09834427903086175 -0.05646783131543406 -0.062096038318993206 -0.0540506367608819 -0.0540506367608819 -0.04316816363657956 -0.04639651613525776 -0.04639651613525776
-0.3426958233058182 -0.3426958233058182 -0.3426958233058182 -0.3426958233058182 -0.3426958233058182 -0.2677274293920085 -0.3426958233058182 -0.3426958233058182 -0.3426958233058182 -0.3426958233058182 -0.3426958233058182 -0.3426958233058182 -0.3426958233058182 -0.3426958233058182 -0.3426958233058182 -0.3426958233058182 -0.3426958233058182 -0.3426958233058182 -0.3426958233058182 -0.3426958233058182 -0.3426958233058182 -0.3426958233058182 -0.3426958233058182 -0.3426958233058182 -0.18680081060525894 -0.3426958233058182 -0.2677274293920085 -0.3426958233058182 -0.2677274293920085 -0.3426958233058182 -0.3426958233058182 -0.26243168892835433 -0.3426958233058182 -0.3426958233058182 -0.3426958233058182 -0.2677274293920085 -0.3426958233058182 -0.3426958233058182 -0.3426958233058182 -0.3426958233058182 -0.3426958233058182 -0.3426958233058182 -0.3426958233058182 -0.3426958233058182 -0.3426958233058182 -0.3426958233058182 -0.22792673485377757 -0.23115323117485265 -0.18680081060525894 -0.18680081060525894 -0.22792673485377757 -0.3426958233058182 -0.23115323117485265 -0.26243168892835433 -0.22792673485377757 -0.23115323117485265 -0.3426958233058182 -0.22792673485377757 -0.23115323117485265 -0.26243168892835433 -0.22792673485377757 -0.22792673485377757 -0.23115323117485265 -0.3426958233058182 -0.3426958233058182 -0.28592059511651297 -0.2677274293920085 -0.2677274293920085 -0.2677274293920085 -0.2954912211319098 -0.2677274293920085 -0.22792673485377757 -0.2580388130303047 -0.2404488369600046 -0.1463197491294116 -0.22042650718697718 -0.1834986033585268 -0.18333289222395 -0.18528356058641587 -0.18505708147873406 -0.17010262685728972 -0.17010262685728972 -0.16644279176195498 -0.16292569319560318 -0.15151217254818247 -0.15015433761543776 -0.15076379179363636 -0.13718176774679253 -0.10717164796500567 -0.09834427903086175 -0.05646783131543406 -0.062096038318993206 -0.0540506367608819 -0.0540506367608819 -0.04316816363657956 -0.04639651613525776 -0.04639651613525776
-0.47719096789632004 -0.5857231367799619 -0.5857231367799619 -0.444093918602788 -0.444093918602788 -0.2677274293920085 -0.444093918602788 -0.444093918602788 -0.5857231367799619 -0.5857231367799619 -0.444093918602788 -0.5857231367799619 -0.5857231367799619 -0.5857231367799619 -0.5857231367799619 -0.5857231367799619 -0.5857231367799619 -0.444093918602788 -0.444093918602788 -0.5857231367799619 -0.5857231367799619 -0.5857231367799619 -0.5857231367799619 -0.444093918602788 -0.18680081060525894 -0.5857231367799619 -0.2677274293920085 -0.444093918602788 -0.2677274293920085 -0.3899006671287962 -0.3611825009736173 -0.26243168892835433 -0.47719096789632004 -0.3899006671287962 -0.444093918602788 -0.2677274293920085 -0.444093918602788 -0.39450871338321275 -0.4368061244200766 -0.4368061244200766 -0.4368061244200766 -0.3899006671287962 -0.47719096789632004 -0.3899006671287962 -0.3899006671287962 -0.3870681790476593 -0.22792673485377757 -0.23115323117485265 -0.18680081060525894 -0.18680081060525894 -0.22792673485377757 -0.424615673119531 -0.23115323117485265 -0.26243168892835433 -0.22792673485377757 -0.23115323117485265 -0.3899006671287962 -0.22792673485377757 -0.23115323117485265 -0.26243168892835433 -0.22792673485377757 -0.22792673485377757 -0.23115323117485265 -0.3426958233058182 -0.3426958233058182 -0.28592059511651297 -0.2677274293920085 -0.2677274293920085 -0.2677274293920085 -0.2954912211319098 -0.2677274293920085 -0.22792673485377757 -0.2580388130303047 -0.2404488369600046 -0.1463197491294116 -0.22042650718697718 -0.1834986033585268 -0.18333289222395 -0.18528356058641587 -0.18505708147873406 -0.17010262685728972 -0.17010262685728972 -0.16644279176195498 -0.16292569319560318 -0.15151217254818247 -0.15015433761543776 -0.15076379179363636 -0.13718176774679253 -0.10717164796500567 -0.09834427903086175 -0.05646783131543406 -0.062096038318993206 -0.0540506367608819 -0.0540506367608819 -0.04316816363657956 -0.04639651613525776 -0.04639651613525776
-0.47719096789632004 -0.6105313295505456 -0.6105313295505456 -0.444093918602788 -0.444093918602788 -0.2677274293920085 -0.444093918602788 -0.444093918602788 -0.6105313295505456 -0.6105313295505456 -0.444093918602788 -0.6105313295505456 -0.6105313295505456 -0.6105313295505456 -0.6105313295505456 -0.6105313295505456 -0.6105313295505456 -0.444093918602788 -0.444093918602788 -0.6105313295505456 -0.5989991731655293 -0.5939491198095079 -0.6105313295505456 -0.444093918602788 -0.18680081060525894 -0.5857231367799619 -0.2677274293920085 -0.444093918602788 -0.2677274293920085 -0.3899006671287962 -0.3611825009736173 -0.26243168892835433 -0.47719096789632004 -0.3899006671287962 -0.444093918602788 -0.2677274293920085 -0.444093918602788 -0.39450871338321275 -0.4368061244200766 -0.4368061244200766 -0.4368061244200766 -0.3899006671287962 -0.47719096789632004 -0.3899006671287962 -0.3899006671287962 -0.3870681790476593 -0.22792673485377757 -0.23115323117485265 -0.18680081060525894 -0.18680081060525894 -0.22792673485377757 -0.424615673119531 -0.23115323117485265 -0.26243168892835433 -0.22792673485377757 -0.23115323117485265 -0.3899006671287962 -0.22792673485377757 -0.23115323117485265 -0.26243168892835433 -0.22792673485377757 -0.22792673485377757 -0.23115323117485265 -0.3426958233058182 -0.3426958233058182 -0.28592059511651297 -0.2677274293920085 -0.2677274293920085 -0.2677274293920085 -0.2954912211319098 -0.2677274293920085 -0.22792673485377757 -0.2580388130303047 -0.2404488369600046 -0.1463197491294116 -0.22042650718697718 -0.1834986033585268 -0.18333289222395 -0.18528356058641587 -0.18505708147873406 -0.17010262685728972 -0.17010262685728972 -0.16644279176195498 -0.16292569319560318 -0.15151217254818247 -0.15015433761543776 -0.15076379179363636 -0.13718176774679253 -0.10717164796500567 -0.09834427903086175 -0.05646783131543406 -0.062096038318993206 -0.0540506367608819 -0.0540506367608819 -0.04316816363657956 -0.04639651613525776 -0.04639651613525776
-0.2677274293920085 -0.2677274293920085 -0.2677274293920085 -0.2677274293920085 -0.2677274293920085 -0.3768073032329246 -0.2677274293920085 -0.2677274293920085 -0.2677274293920085 -0.2677274293920085 -0.2677274293920085 -0.2677274293920085 -0.2677274293920085 -0.2677274293920085 -0.2677274293920085 -0.2677274293920085 -0.2677274293920085 -0.2677274293920085 -0.2677274293920085 -0.2677274293920085 -0.2677274293920085 -0.2677274293920085 -0.2677274293920085 -0.2677274293920085 -0.18680081060525894 -0.2677274293920085 -0.5033250202374223 -0.2677274293920085 -0.5033250202374223 -0.2677274293920085 -0.2677274293920085 -0.26243168892835433 -0.2677274293920085 -0.2677274293920085 -0.2677274293920085 -0.5033250202374223 -0.2677274293920085 -0.2677274293920085 -0.2677274293920085 -0.2677274293920085 -0.2677274293920085 -0.2677274293920085 -0.2677274293920085 -0.2677274293920085 -0.2677274293920085 -0.2677274293920085 -0.22792673485377757 -0.23115323117485265 -0.18680081060525894 -0.18680081060525894 -0.22792673485377757 -0.2677274293920085 -0.23115323117485265 -0.26243168892835433 -0.22792673485377757 -0.23115323117485265 -0.2677274293920085 -0.22792673485377757 -0.23115323117485265 -0.26243168892835433 -0.22792673485377757 -0.22792673485377757 -0.23115323117485265 -0.2677274293920085 -0.2677274293920085 -0.2677274293920085 -0.2932501326850292 -0.2932501326850292 -0.2932501326850292 -0.2677274293920085 -0.2932501326850292 -0.22792673485377757 -0.2580388130303047 -0.2404488369600046 -0.1463197491294116 -0.22042650718697718 -0.1834986033585268 -0.18333289222395 -0.18528356058641587 -0.18505708147873406 -0.17010262685728972 -0.17010262685728972 -0.16644279176195498 -0.16292569319560318 -0.15151217254818247 -0.15015433761543776 -0.15076379179363636 -0.13718176774679253 -0.10717164796500567 -0.09834427903086175 -0.05646783131543406 -0.062096038318993206 -0.0540506367608819 -0.0540506367608819 -0.04316816363657956 -0.04639651613525776 -0.04639651613525776
-0.18680081060525894 -0.18680081060525894 -0.18680081060525894 -0.18680081060525894 -0.18680081060525894 -0.18680081060525894 -0.18680081060525894 -0.18680081060525894 -0.18680081060525894 -0.18680081060525894 -0.18680081060525894 -0.18680081060525894 -0.18680081060525894 -0.18680081060525894 -0.18680081060525894 -0.18680081060525894 -0.18680081060525894 -0.18680081060525894 -0.18680081060525894 -0.18680081060525894 -0.18680081060525894 -0.18680081060525894 -0.18680081060525894 -0.18680081060525894 -0.6198435011156763 -0.18680081060525894 -0.18680081060525894 -0.18680081060525894 -0.18680081060525894 -0.18680081060525894 -0.18680081060525894 -0.18680081060525894 -0.18680081060525894 -0.18680081060525894 -0.18680081060525894 -0.18680081060525894 -0.18680081060525894 -0.18680081060525894 -0.18680081060525894 -0.18680081060525894 -0.18680081060525894 -0.18680081060525894 -0.18680081060525894 -0.18680081060525894 -0.18680081060525894 -0.18680081060525894 -0.18680081060525894 -0.18680081060525894 -0.34620942430752694 -0.34620942430752694 -0.18680081060525894 -0.18680081060525894 -0.18680081060525894 -0.18680081060525894 -0.18680081060525894 -0.18680081060525894 -0.18680081060525894 -0.18680081060525894 -0.18680081060525894 -0.18680081060525894 -0.18680081060525894 -0.18680081060525894 -0.18680081060525894 -0.18680081060525894 -0.18680081060525894 -0.18680081060525894 -0.18680081060525894 -0.18680081060525894 -0.18680081060525894 -0.18680081060525894 -0.18680081060525894 -0.18680081060525894 -0.18680081060525894 -0.18680081060525894 -0.1463197491294116 -0.18680081060525894 -0.1834986033585268 -0.18333289222395 -0.18528356058641587 -0.18505708147873406 -0.17010262685728972 -0.17010262685728972 -0.16644279176195498 -0.16292569319560318 -0.15151217254818247 -0.15015433761543776 -0.15076379179363636 -0.13718176774679253 -0.10717164796500567 -0.09834427903086175 -0.05646783131543406 -0.062096038318993206 -0.0540506367608819 -0.0540506367608819 -0.04316816363657956 -0.04639651613525776 -0.04639651613525776
-0.2580388130303047 -0.2580388130303047 -0.2580388130303047 -0.2580388130303047 -0.2580388130303047 -0.2580388130303047 -0.2580388130303047 -0.2580388130303047 -0.2580388130303047 -0.2580388130303047 -0.2580388130303047 -0.2580388130303047 -0.2580388130303047 -0.2580388130303047 -0.2580388130303047 -0.2580388130303047 -0.2580388130303047 -0.2580388130303047 -0.2580388130303047 -0.2580388130303047 -0.2580388130303047 -0.2580388130303047 -0.2580388130303047 -0.2580388130303047 -0.18680081060525894 -0.2580388130303047 -0.2580388130303047 -0.2580388130303047 -0.2580388130303047 -0.2580388130303047 -0.2580388130303047 -0.2580388130303047 -0.2580388130303047 -0.2580388130303047 -0.2580388130303047 -0.2580388130303047 -0.2580388130303047 -0.2580388130303047 -0.2580388130303047 -0.2580388130303047 -0.2580388130303047 -0.2580388130303047 -0.2580388130303047 -0.2580388130303047 -0.2580388130303047 -0.2580388130303047 -0.22792673485377757 -0.23115323117485265 -0.18680081060525894 -0.18680081060525894 -0.22792673485377757 -0.2580388130303047 -0.23115323117485265 -0.2580388130303047 -0.22792673485377757 -0.23115323117485265 -0.2580388130303047 -0.22792673485377757 -0.23115323117485265 -0.2580388130303047 -0.22792673485377757 -0.22792673485377757 -0.23115323117485265 -0.2580388130303047 -0.2580388130303047 -0.2580388130303047 -0.2580388130303047 -0.2580388130303047 -0.2580388130303047 -0.2580388130303047 -0.2580388130303047 -0.22792673485377757 -0.2580388130303047 -0.2404488369600046 -0.1463197491294116 -0.22042650718697718 -0.1834986033585268 -0.18333289222395 -0.18528356058641587 -0.18505708147873406 -0.17010262685728972 -0.17010262685728972 -0.16644279176195498 -0.16292569319560318 -0.15151217254818247 -0.15015433761543776 -0.15076379179363636 -0.13718176774679253 -0.10717164796500567 -0.09834427903086175 -0.05646783131543406 -0.062096038318993206 -0.0540506367608819 -0.0540506367608819 -0.04316816363657956 -0.04639651613525776 -0.04639651613525776
-0.2677274293920085 -0.2677274293920085 -0.2677274293920085 -0.2677274293920085 -0.2677274293920085 -0.3768073032329246 -0.2677274293920085 -0.2677274293920085 -0.2677274293920085 -0.2677274293920085 -0.2677274293920085 -0.2677274293920085 -0.2677274293920085 -0.2677274293920085 -0.2677274293920085 -0.2677274293920085 -0.2677274293920085 -0.2677274293920085 -0.2677274293920085 -0.2677274293920085 -0.2677274293920085 -0.2677274293920085 -0.2677274293920085 -0.2677274293920085 -0.18680081060525894 -0.2677274293920085 -0.3768073032329246 -0.2677274293920085 -0.3768073032329246 -0.2677274293920085 -0.2677274293920085 -0.26243168892835433 -0.2677274293920085 -0.2677274293920085 -0.2677274293920085 -0.3768073032329246 -0.2677274293920085 -0.2677274293920085 -0.2677274293920085 -0.2677274293920085 -0.2677274293920085 -0.2677274293920085 -0.2677274293920085 -0.2677274293920085 -0.2677274293920085 -0.2677274293920085 -0.22792673485377757 -0.23115323117485265 -0.18680081060525894 -0.18680081060525894 -0.22792673485377757 -0.2677274293920085 -0.23115323117485265 -0.26243168892835433 -0.22792673485377757 -0.23115323117485265 -0.2677274293920085 -0.22792673485377757 -0.23115323117485265 -0.26243168892835433 -0.22792673485377757 -0.22792673485377757 -0.23115323117485265 -0.2677274293920085 -0.2677274293920085 -0.2677274293920085 -0.2932501326850292 -0.2932501326850292 -0.2932501326850292 -0.2677274293920085 -0.2932501326850292 -0.22792673485377757 -0.2580388130303047 -0.2404488369600046 -0.1463197491294116 -0.22042650718697718 -0.1834986033585268 -0.18333289222395 -0.18528356058641587 -0.18505708147873406 -0.17010262685728972 -0.17010262685728972 -0.16644279176195498 -0.16292569319560318 -0.15151217254818247 -0.15015433761543776 -0.15076379179363636 -0.13718176774679253 -0.10717164796500567 -0.09834427903086175 -0.05646783131543406 -0.062096038318993206 -0.0540506367608819 -0.0540506367608819 -0.04316816363657956 -0.04639651613525776 -0.04639651613525776
-0.3611825009736173 -0.3611825009736173 -0.3611825009736173 -0.3611825009736173 -0.3611825009736173 -0.2677274293920085 -0.3611825009736173 -0.3611825009736173 -0.3611825009736173 -0.3611825009736173 -0.3611825009736173 -0.3611825009736173 -0.3611825009736173 -0.3611825009736173 -0.3611825009736173 -0.3611825009736173 -0.3611825009736173 -0.3611825009736173 -0.3611825009736173 -0.3611825009736173 -0.3611825009736173 -0.3611825009736173 -0.3611825009736173 -0.3611825009736173 -0.18680081060525894 -0.3611825009736173 -0.2677274293920085 -0.3611825009736173 -0.2677274293920085 -0.3611825009736173 -0.3611825009736173 -0.26243168892835433 -0.3611825009736173 -0.3611825009736173 -0.3611825009736173 -0.2677274293920085 -0.3611825009736173 -0.3611825009736173 -0.3611825009736173 -0.3611825009736173 -0.3611825009736173 -0.3611825009736173 -0.3611825009736173 -0.3611825009736173 -0.3611825009736173 -0.3611825009736173 -0.22792673485377757 -0.23115323117485265 -0.18680081060525894 -0.18680081060525894 -0.22792673485377757 -0.3611825009736173 -0.23115323117485265 -0.26243168892835433 -0.22792673485377757 -0.23115323117485265 -0.3611825009736173 -0.22792673485377757 -0.23115323117485265 -0.26243168892835433 -0.22792673485377757 -0.22792673485377757 -0.23115323117485265 -0.3426958233058182 -0.3426958233058182 -0.28592059511651297 -0.2677274293920085 -0.2677274293920085 -0.2677274293920085 -0.2954912211319098 -0.2677274293920085 -0.22792673485377757 -0.2580388130303047 -0.2404488369600046 -0.1463197491294116 -0.22042650718697718 -0.1834986033585268 -0.18333289222395 -0.18528356058641587 -0.18505708147873406 -0.17010262685728972 -0.17010262685728972 -0.16644279176195498 -0.16292569319560318 -0.15151217254818247 -0.15015433761543776 -0.15076379179363636 -0.13718176774679253 -0.10717164796500567 -0.09834427903086175 -0.05646783131543406 -0.062096038318993206 -0.0540506367608819 -0.0540506367608819 -0.04316816363657956 -0.04639651613525776 -0.04639651613525776
-0.2677274293920085 -0.2677274293920085 -0.2677274293920085 -0.2677274293920085 -0.2677274293920085 -0.3768073032329246 -0.2677274293920085 -0.2677274293920085 -0.2677274293920085 -0.2677274293920085 -0.2677274293920085 -0.2677274293920085 -0.2677274293920085 -0.2677274293920085 -0.2677274293920085 -0.2677274293920085 -0.2677274293920085 -0.2677274293920085 -0.2677274293920085 -0.2677274293920085 -0.2677274293920085 -0.2677274293920085 -0.2677274293920085 -0.2677274293920085 -0.18680081060525894 -0.2677274293920085 -0.5033250202374223 -0.2677274293920085 -0.5033250202374223 -0.2677274293920085 -0.2677274293920085 -0.26243168892835433 -0.2677274293920085 -0.2677274293920085 -0.2677274293920085 -0.5033250202374223 -0.2677274293920085 -0.2677274293920085 -0.2677274293920085 -0.2677274293920085 -0.2677274293920085 -0.2677274293920085 -0.2677274293920085 -0.2677274293920085 -0.2677274293920085 -0.2677274293920085 -0.22792673485377757 -0.23115323117485265 -0.18680081060525894 -0.18680081060525894 -0.22792673485377757 -0.2677274293920085 -0.23115323117485265 -0.26243168892835433 -0.22792673485377757 -0.23115323117485265 -0.2677274293920085 -0.22792673485377757 -0.23115323117485265 -0.26243168892835433 -0.22792673485377757 -0.22792673485377757 -0.23115323117485265 -0.2677274293920085 -0.2677274293920085 -0.2677274293920085 -0.2932501326850292 -0.2932501326850292 -0.2932501326850292 -0.2677274293920085 -0.2932501326850292 -0.22792673485377757 -0.2580388130303047 -0.2404488369600046 -0.1463197491294116 -0.22042650718697718 -0.1834986033585268 -0.18333289222395 -0.18528356058641587 -0.18505708147873406 -0.17010262685728972 -0.17010262685728972 -0.16644279176195498 -0.16292569319560318 -0.15151217254818247 -0.15015433761543776 -0.15076379179363636 -0.13718176774679253 -0.10717164796500567 -0.09834427903086175 -0.05646783131543406 -0.062096038318993206 -0.0540506367608819 -0.0540506367608819 -0.04316816363657956 -0.04639651613525776 -0.04639651613525776
-0.3899006671287962 -0.3899006671287962 -0.3899006671287962 -0.3899006671287962 -0.3899006671287962 -0.2677274293920085 -0.3899006671287962 -0.3899006671287962 -0.3899006671287962 -0.3899006671287962 -0.3899006671287962 -0.3899006671287962 -0.3899006671287962 -0.3899006671287962 -0.3899006671287962 -0.3899006671287962 -0.3899006671287962 -0.3899006671287962 -0.3899006671287962 -0.3899006671287962 -0.3899006671287962 -0.3899006671287962 -0.3899006671287962 -0.3899006671287962 -0.18680081060525894 -0.3899006671287962 -0.2677274293920085 -0.3899006671287962 -0.2677274293920085 -0.5534948970550094 -0.3611825009736173 -0.26243168892835433 -0.3899006671287962 -0.4414900618820481 -0.3899006671287962 -0.2677274293920085 -0.3899006671287962 -0.3899006671287962 -0.3899006671287962 -0.3899006671287962 -0.3899006671287962 -0.4865938646457046 -0.3899006671287962 -0.4414900618820481 -0.4198822737075181 -0.3870681790476593 -0.22792673485377757 -0.23115323117485265 -0.18680081060525894 -0.18680081060525894 -0.22792673485377757 -0.3899006671287962 -0.23115323117485265 -0.26243168892835433 -0.22792673485377757 -0.23115323117485265 -0.3945237053541288 -0.22792673485377757 -0.23115323117485265 -0.26243168892835433 -0.22792673485377757 -0.22792673485377757 -0.23115323117485265 -0.3426958233058182 -0.3426958233058182 -0.28592059511651297 -0.2677274293920085 -0.2677274293920085 -0.2677274293920085 -0.2954912211319098 -0.2677274293920085 -0.22792673485377757 -0.2580388130303047 -0.2404488369600046 -0.1463197491294116 -0.22042650718697718 -0.1834986033585268 -0.18333289222395 -0.18528356058641587 -0.18505708147873406 -0.17010262685728972 -0.17010262685728972 -0.16644279176195498 -0.16292569319560318 -0.15151217254818247 -0.15015433761543776 -0.15076379179363636 -0.13718176774679253 -0.10717164796500567 -0.09834427903086175 -0.05646783131543406 -0.062096038318993206 -0.0540506367608819 -0.0540506367608819 -0.04316816363657956 -0.04639651613525776 -0.04639651613525776
-0.3899006671287962 -0.3899006671287962 -0.3899006671287962 -0.3899006671287962 -0.3899006671287962 -0.2677274293920085 -0.3899006671287962 -0.3899006671287962 -0.3899006671287962 -0.3899006671287962 -0.3899006671287962 -0.3899006671287962 -0.3899006671287962 -0.3899006671287962 -0.3899006671287962 -0.3899006671287962 -0.3899006671287962 -0.3899006671287962 -0.3899006671287962 -0.3899006671287962 -0.3899006671287962 -0.3899006671287962 -0.3899006671287962 -0.3899006671287962 -0.18680081060525894 -0.3899006671287962 -0.2677274293920085 -0.3899006671287962 -0.2677274293920085 -0.4865938646457046 -0.3611825009736173 -0.26243168892835433 -0.3899006671287962 -0.4414900618820481 -0.3899006671287962 -0.2677274293920085 -0.3899006671287962 -0.3899006671287962 -0.3899006671287962 -0.3899006671287962 -0.3899006671287962 -0.4865938646457046 -0.3899006671287962 -0.4414900618820481 -0.4198822737075181 -0.3870681790476593 -0.22792673485377757 -0.23115323117485265 -0.18680081060525894 -0.18680081060525894 -0.22792673485377757 -0.3899006671287962 -0.23115323117485265 -0.26243168892835433 -0.22792673485377757 -0.23115323117485265 -0.3945237053541288 -0.22792673485377757 -0.23115323117485265 -0.26243168892835433 -0.22792673485377757 -0.22792673485377757 -0.23115323117485265 -0.3426958233058182 -0.3426958233058182 -0.28592059511651297 -0.2677274293920085 -0.2677274293920085 -0.2677274293920085 -0.2954912211319098 -0.2677274293920085 -0.22792673485377757 -0.2580388130303047 -0.2404488369600046 -0.1463197491294116 -0.22042650718697718 -0.1834986033585268 -0.18333289222395 -0.18528356058641587 -0.18505708147873406 -0.17010262685728972 -0.17010262685728972 -0.16644279176195498 -0.16292569319560318 -0.15151217254818247 -0.15015433761543776 -0.15076379179363636 -0.13718176774679253 -0.10717164796500567 -0.09834427903086175 -0.05646783131543406 -0.062096038318993206 -0.0540506367608819 -0.0540506367608819 -0.04316816363657956 -0.04639651613525776 -0.04639651613525776
-0.47719096789632004 -0.47719096789632004 -0.47719096789632004 -0.444093918602788 -0.444093918602788 -0.2677274293920085 -0.444093918602788 -0.444093918602788 -0.47719096789632004 -0.47719096789632004 -0.444093918602788 -0.47719096789632004 -0.47719096789632004 -0.47719096789632004 -0.47719096789632004 -0.47719096789632004 -0.47719096789632004 -0.444093918602788 -0.444093918602788 -0.47719096789632004 -0.47719096789632004 -0.47719096789632004 -0.47719096789632004 -0.444093918602788 -0.18680081060525894 -0.47719096789632004 -0.2677274293920085 -0.444093918602788 -0.2677274293920085 -0.3899006671287962 -0.3611825009736173 -0.26243168892835433 -0.47719096789632004 -0.3899006671287962 -0.444093918602788 -0.2677274293920085 -0.444093918602788 -0.39450871338321275 -0.4368061244200766 -0.4368061244200766 -0.4368061244200766 -0.3899006671287962 -0.47719096789632004 -0.3899006671287962 -0.3899006671287962 -0.3870681790476593 -0.22792673485377757 -0.23115323117485265 -0.18680081060525894 -0.18680081060525894 -0.22792673485377757 -0.424615673119531 -0.23115323117485265 -0.26243168892835433 -0.22792673485377757 -0.23115323117485265 -0.3899006671287962 -0.22792673485377757 -0.23115323117485265 -0.26243168892835433 -0.22792673485377757 -0.22792673485377757 -0.23115323117485265 -0.3426958233058182 -0.3426958233058182 -0.28592059511651297 -0.2677274293920085 -0.2677274293920085 -0.2677274293920085 -0.2954912211319098 -0.2677274293920085 -0.22792673485377757 -0.2580388130303047 -0.2404488369600046 -0.1463197491294116 -0.22042650718697718 -0.1834986033585268 -0.18333289222395 -0.18528356058641587 -0.18505708147873406 -0.17010262685728972 -0.17010262685728972 -0.16644279176195498 -0.16292569319560318 -0.15151217254818247 -0.15015433761543776 -0.15076379179363636 -0.13718176774679253 -0.10717164796500567 -0.09834427903086175 -0.05646783131543406 -0.062096038318993206 -0.0540506367608819 -0.0540506367608819 -0.04316816363657956 -0.04639651613525776 -0.04639651613525776
-0.3899006671287962 -0.3899006671287962 -0.3899006671287962 -0.3899006671287962 -0.3899006671287962 -0.2677274293920085 -0.3899006671287962 -0.3899006671287962 -0.3899006671287962 -0.3899006671287962 -0.3899006671287962 -0.3899006671287962 -0.3899006671287962 -0.3899006671287962 -0.3899006671287962 -0.3899006671287962 -0.3899006671287962 -0.3899006671287962 -0.3899006671287962 -0.3899006671287962 -0.3899006671287962 -0.3899006671287962 -0.3899006671287962 -0.3899006671287962 -0.18680081060525894 -0.3899006671287962 -0.2677274293920085 -0.3899006671287962 -0.2677274293920085 -0.4198822737075181 -0.3611825009736173 -0.26243168892835433 -0.3899006671287962 -0.4198822737075181 -0.3899006671287962 -0.2677274293920085 -0.3899006671287962 -0.3899006671287962 -0.3899006671287962 -0.3899006671287962 -0.3899006671287962 -0.4198822737075181 -0.3899006671287962 -0.4198822737075181 -0.4618117429245679 -0.3870681790476593 -0.22792673485377757 -0.23115323117485265 -0.18680081060525894 -0.18680081060525894 -0.22792673485377757 -0.3899006671287962 -0.23115323117485265 -0.26243168892835433 -0.22792673485377757 -0.23115323117485265 -0.3945237053541288 -0.22792673485377757 -0.23115323117485265 -0.26243168892835433 -0.22792673485377757 -0.22792673485377757 -0.23115323117485265 -0.3426958233058182 -0.3426958233058182 -0.28592059511651297 -0.2677274293920085 -0.2677274293920085 -0.2677274293920085 -0.2954912211319098 -0.2677274293920085 -0.22792673485377757 -0.2580388130303047 -0.2404488369600046 -0.1463197491294116 -0.22042650718697718 -0.1834986033585268 -0.18333289222395 -0.18528356058641587 -0.18505708147873406 -0.17010262685728972 -0.17010262685728972 -0.16644279176195498 -0.16292569319560318 -0.15151217254818247 -0.15015433761543776 -0.15076379179363636 -0.13718176774679253 -0.10717164796500567 -0.09834427903086175 -0.05646783131543406 -0.062096038318993206 -0.0540506367608819 -0.0540506367608819 -0.04316816363657956 -0.04639651613525776 -0.04639651613525776
-0.3899006671287962 -0.3899006671287962 -0.3899006671287962 -0.3899006671287962 -0.3899006671287962 -0.2677274293920085 -0.3899006671287962 -0.3899006671287962 -0.3899006671287962 -0.3899006671287962 -0.3899006671287962 -0.3899006671287962 -0.3899006671287962 -0.3899006671287962 -0.3899006671287962 -0.3899006671287962 -0.3899006671287962 -0.3899006671287962 -0.3899006671287962 -0.3899006671287962 -0.3899006671287962 -0.3899006671287962 -0.3899006671287962 -0.3899006671287962 -0.18680081060525894 -0.3899006671287962 -0.2677274293920085 -0.3899006671287962 -0.2677274293920085 -0.4414900618820481 -0.3611825009736173 -0.26243168892835433 -0.3899006671287962 -0.5218109215193903 -0.3899006671287962 -0.2677274293920085 -0.3899006671287962 -0.3899006671287962 -0.3899006671287962 -0.3899006671287962 -0.3899006671287962 -0.4414900618820481 -0.3899006671287962 -0.46668374458782264 -0.4198822737075181 -0.3870681790476593 -0.22792673485377757 -0.23115323117485265 -0.18680081060525894 -0.18680081060525894 -0.22792673485377757 -0.3899006671287962 -0.23115323117485265 -0.26243168892835433 -0.22792673485377757 -0.23115323117485265 -0.3945237053541288 -0.22792673485377757 -0.23115323117485265 -0.26243168892835433 -0.22792673485377757 -0.22792673485377757 -0.23115323117485265 -0.3426958233058182 -0.3426958233058182 -0.28592059511651297 -0.2677274293920085 -0.2677274293920085 -0.2677274293920085 -0.2954912211319098 -0.2677274293920085 -0.22792673485377757 -0.2580388130303047 -0.2404488369600046 -0.1463197491294116 -0.22042650718697718 -0.1834986033585268 -0.18333289222395 -0.18528356058641587 -0.18505708147873406 -0.17010262685728972 -0.17010262685728972 -0.16644279176195498 -0.16292569319560318 -0.15151217254818247 -0.15015433761543776 -0.15076379179363636 -0.13718176774679253 -0.10717164796500567 -0.09834427903086175 -0.05646783131543406 -0.062096038318993206 -0.0540506367608819 -0.0540506367608819 -0.04316816363657956 -0.04639651613525776 -0.04639651613525776
-0.2580388130303047 -0.2580388130303047 -0.2580388130303047 -0.2580388130303047 -0.2580388130303047 -0.2580388130303047 -0.2580388130303047 -0.2580388130303047 -0.2580388130303047 -0.2580388130303047 -0.2580388130303047 -0.2580388130303047 -0.2580388130303047 -0.2580388130303047 -0.2580388130303047 -0.2580388130303047 -0.2580388130303047 -0.2580388130303047 -0.2580388130303047 -0.2580388130303047 -0.2580388130303047 -0.2580388130303047 -0.2580388130303047 -0.2580388130303047 -0.18680081060525894 -0.2580388130303047 -0.2580388130303047 -0.2580388130303047 -0.2580388130303047 -0.2580388130303047 -0.2580388130303047 -0.2580388130303047 -0.2580388130303047 -0.2580388130303047 -0.2580388130303047 -0.2580388130303047 -0.2580388130303047 -0.2580388130303047 -0.2580388130303047 -0.2580388130303047 -0.2580388130303047 -0.2580388130303047 -0.2580388130303047 -0.2580388130303047 -0.2580388130303047 -0.2580388130303047 -0.22792673485377757 -0.23115323117485265 -0.18680081060525894 -0.18680081060525894 -0.22792673485377757 -0.2580388130303047 -0.23115323117485265 -0.2580388130303047 -0.22792673485377757 -0.23115323117485265 -0.2580388130303047 -0.22792673485377757 -0.23115323117485265 -0.2580388130303047 -0.22792673485377757 -0.22792673485377757 -0.23115323117485265 -0.2580388130303047 -0.2580388130303047 -0.2580388130303047 -0.2580388130303047 -0.2580388130303047 -0.2580388130303047 -0.2580388130303047 -0.2580388130303047 -0.22792673485377757 -0.2580388130303047 -0.2404488369600046 -0.1463197491294116 -0.22042650718697718 -0.1834986033585268 -0.18333289222395 -0.18528356058641587 -0.18505708147873406 -0.17010262685728972 -0.17010262685728972 -0.16644279176195498 -0.16292569319560318 -0.15151217254818247 -0.15015433761543776 -0.15076379179363636 -0.13718176774679253 -0.10717164796500567 -0.09834427903086175 -0.05646783131543406 -0.062096038318993206 -0.0540506367608819 -0.0540506367608819 -0.04316816363657956 -0.04639651613525776 -0.04639651613525776
-0.444093918602788 -0.444093918602788 -0.444093918602788 -0.49972750819048883 -0.49972750819048883 -0.2677274293920085 -0.49972750819048883 -0.49972750819048883 -0.444093918602788 -0.444093918602788 -0.49972750819048883 -0.444093918602788 -0.444093918602788 -0.444093918602788 -0.444093918602788 -0.444093918602788 -0.444093918602788 -0.49972750819048883 -0.49972750819048883 -0.444093918602788 -0.444093918602788 -0.444093918602788 -0.444093918602788 -0.4446813757269676 -0.18680081060525894 -0.444093918602788 -0.2677274293920085 -0.49972750819048883 -0.2677274293920085 -0.3899006671287962 -0.3611825009736173 -0.26243168892835433 -0.444093918602788 -0.3899006671287962 -0.49972750819048883 -0.2677274293920085 -0.4674168062829956 -0.39450871338321275 -0.4368061244200766 -0.4368061244200766 -0.4368061244200766 -0.3899006671287962 -0.444093918602788 -0.3899006671287962 -0.3899006671287962 -0.3870681790476593 -0.22792673485377757 -0.23115323117485265 -0.18680081060525894 -0.18680081060525894 -0.22792673485377757 -0.424615673119531 -0.23115323117485265 -0.26243168892835433 -0.22792673485377757 -0.23115323117485265 -0.3899006671287962 -0.22792673485377757 -0.23115323117485265 -0.26243168892835433 -0.22792673485377757 -0.22792673485377757 -0.23115323117485265 -0.3426958233058182 -0.3426958233058182 -0.28592059511651297 -0.2677274293920085 -0.2677274293920085 -0.2677274293920085 -0.2954912211319098 -0.2677274293920085 -0.22792673485377757 -0.2580388130303047 -0.2404488369600046 -0.1463197491294116 -0.22042650718697718 -0.1834986033585268 -0.18333289222395 -0.18528356058641587 -0.18505708147873406 -0.17010262685728972 -0.17010262685728972 -0.16644279176195498 -0.16292569319560318 -0.15151217254818247 -0.15015433761543776 -0.15076379179363636 -0.13718176774679253 -0.10717164796500567 -0.09834427903086175 -0.05646783131543406 -0.062096038318993206 -0.0540506367608819 -0.0540506367608819 -0.04316816363657956 -0.04639651613525776 -0.04639651613525776
-0.444093918602788 -0.444093918602788 -0.444093918602788 -0.49908750345192004 -0.49908750345192004 -0.2677274293920085 -0.49908750345192004 -0.49908750345192004 -0.444093918602788 -0.444093918602788 -0.49908750345192004 -0.444093918602788 -0.444093918602788 -0.444093918602788 -0.444093918602788 -0.444093918602788 -0.444093918602788 -0.49908750345192004 -0.49908750345192004 -0.444093918602788 -0.444093918602788 -0.444093918602788 -0.444093918602788 -0.4446813757269676 -0.18680081060525894 -0.444093918602788 -0.2677274293920085 -0.49908750345192004 -0.2677274293920085 -0.3899006671287962 -0.3611825009736173 -0.26243168892835433 -0.444093918602788 -0.3899006671287962 -0.49908750345192004 -0.2677274293920085 -0.4674168062829956 -0.39450871338321275 -0.4368061244200766 -0.4368061244200766 -0.4368061244200766 -0.3899006671287962 -0.444093918602788 -0.3899006671287962 -0.3899006671287962 -0.3870681790476593 -0.22792673485377757 -0.23115323117485265 -0.18680081060525894 -0.18680081060525894 -0.22792673485377757 -0.424615673119531 -0.23115323117485265 -0.26243168892835433 -0.22792673485377757 -0.23115323117485265 -0.3899006671287962 -0.22792673485377757 -0.23115323117485265 -0.26243168892835433 -0.22792673485377757 -0.22792673485377757 -0.23115323117485265 -0.3426958233058182 -0.3426958233058182 -0.28592059511651297 -0.2677274293920085 -0.2677274293920085 -0.2677274293920085 -0.2954912211319098 -0.2677274293920085 -0.22792673485377757 -0.2580388130303047 -0.2404488369600046 -0.1463197491294116 -0.22042650718697718 -0.1834986033585268 -0.18333289222395 -0.18528356058641587 -0.18505708147873406 -0.17010262685728972 -0.17010262685728972 -0.16644279176195498 -0.16292569319560318 -0.15151217254818247 -0.15015433761543776 -0.15076379179363636 -0.13718176774679253 -0.10717164796500567 -0.09834427903086175 -0.05646783131543406 -0.062096038318993206 -0.0540506367608819 -0.0540506367608819 -0.04316816363657956 -0.04639651613525776 -0.04639651613525776
-0.3426958233058182 -0.3426958233058182 -0.3426958233058182 -0.3426958233058182 -0.3426958233058182 -0.2677274293920085 -0.3426958233058182 -0.3426958233058182 -0.3426958233058182 -0.3426958233058182 -0.3426958233058182 -0.3426958233058182 -0.3426958233058182 -0.3426958233058182 -0.3426958233058182 -0.3426958233058182 -0.3426958233058182 -0.3426958233058182 -0.3426958233058182 -0.3426958233058182 -0.3426958233058182 -0.3426958233058182 -0.3426958233058182 -0.3426958233058182 -0.18680081060525894 -0.3426958233058182 -0.2677274293920085 -0.3426958233058182 -0.2677274293920085 -0.3426958233058182 -0.3426958233058182 -0.26243168892835433 -0.3426958233058182 -0.3426958233058182 -0.3426958233058182 -0.2677274293920085 -0.3426958233058182 -0.3426958233058182 -0.3426958233058182 -0.3426958233058182 -0.3426958233058182 -0.3426958233058182 -0.3426958233058182 -0.3426958233058182 -0.3426958233058182 -0.3426958233058182 -0.22792673485377757 -0.23115323117485265 -0.18680081060525894 -0.18680081060525894 -0.22792673485377757 -0.3426958233058182 -0.23115323117485265 -0.26243168892835433 -0.22792673485377757 -0.23115323117485265 -0.3426958233058182 -0.22792673485377757 -0.23115323117485265 -0.26243168892835433 -0.22792673485377757 -0.22792673485377757 -0.23115323117485265 -0.3426958233058182 -0.3426958233058182 -0.28592059511651297 -0.2677274293920085 -0.2677274293920085 -0.2677274293920085 -0.2954912211319098 -0.2677274293920085 -0.22792673485377757 -0.2580388130303047 -0.2404488369600046 -0.1463197491294116 -0.22042650718697718 -0.1834986033585268 -0.18333289222395 -0.18528356058641587 -0.18505708147873406 -0.17010262685728972 -0.17010262685728972 -0.16644279176195498 -0.16292569319560318 -0.15151217254818247 -0.15015433761543776 -0.15076379179363636 -0.13718176774679253 -0.10717164796500567 -0.09834427903086175 -0.05646783131543406 -0.062096038318993206 -0.0540506367608819 -0.0540506367608819 -0.04316816363657956 -0.04639651613525776 -0.04639651613525776
-0.26243168892835433 -0.26243168892835433 -0.26243168892835433 -0.26243168892835433 -0.26243168892835433 -0.26243168892835433 -0.26243168892835433 -0.26243168892835433 -0.26243168892835433 -0.26243168892835433 -0.26243168892835433 -0.26243168892835433 -0.26243168892835433 -0.26243168892835433 -0.26243168892835433 -0.26243168892835433 -0.26243168892835433 -0.26243168892835433 -0.26243168892835433 -0.26243168892835433 -0.26243168892835433 -0.26243168892835433 -0.26243168892835433 -0.26243168892835433 -0.18680081060525894 -0.26243168892835433 -0.26243168892835433 -0.26243168892835433 -0.26243168892835433 -0.26243168892835433 -0.26243168892835433 -0.3158813431969039 -0.26243168892835433 -0.26243168892835433 -0.26243168892835433 -0.26243168892835433 -0.26243168892835433 -0.26243168892835433 -0.26243168892835433 -0.26243168892835433 -0.26243168892835433 -0.26243168892835433 -0.26243168892835433 -0.26243168892835433 -0.26243168892835433 -0.26243168892835433 -0.22792673485377757 -0.23115323117485265 -0.18680081060525894 -0.18680081060525894 -0.22792673485377757 -0.26243168892835433 -0.23115323117485265 -0.3158813431969039 -0.22792673485377757 -0.23115323117485265 -0.26243168892835433 -0.22792673485377757 -0.23115323117485265 -0.3158813431969039 -0.22792673485377757 -0.22792673485377757 -0.23115323117485265 -0.26243168892835433 -0.26243168892835433 -0.26243168892835433 -0.26243168892835433 -0.26243168892835433 -0.26243168892835433 -0.26243168892835433 -0.26243168892835433 -0.22792673485377757 -0.2580388130303047 -0.2404488369600046 -0.1463197491294116 -0.22042650718697718 -0.1834986033585268 -0.18333289222395 -0.18528356058641587 -0.18505708147873406 -0.17010262685728972 -0.17010262685728972 -0.16644279176195498 -0.16292569319560318 -0.15151217254818247 -0.15015433761543776 -0.15076379179363636 -0.13718176774679253 -0.10717164796500567 -0.09834427903086175 -0.05646783131543406 -0.062096038318993206 -0.0540506367608819 -0.0540506367608819 -0.04316816363657956 -0.04639651613525776 -0.04639651613525776
-0.18680081060525894 -0.18680081060525894 -0.18680081060525894 -0.18680081060525894 -0.18680081060525894 -0.18680081060525894 -0.18680081060525894 -0.18680081060525894 -0.18680081060525894 -0.18680081060525894 -0.18680081060525894 -0.18680081060525894 -0.18680081060525894 -0.18680081060525894 -0.18680081060525894 -0.18680081060525894 -0.18680081060525894 -0.18680081060525894 -0.18680081060525894 -0.18680081060525894 -0.18680081060525894 -0.18680081060525894 -0.18680081060525894 -0.18680081060525894 -0.34620942430752694 -0.18680081060525894 -0.18680081060525894 -0.18680081060525894 -0.18680081060525894 -0.18680081060525894 -0.18680081060525894 -0.18680081060525894 -0.18680081060525894 -0.18680081060525894 -0.18680081060525894 -0.18680081060525894 -0.18680081060525894 -0.18680081060525894 -0.18680081060525894 -0.18680081060525894 -0.18680081060525894 -0.18680081060525894 -0.18680081060525894 -0.18680081060525894 -0.18680081060525894 -0.18680081060525894 -0.18680081060525894 -0.18680081060525894 -0.4227477864332879 -0.4227477864332879 -0.18680081060525894 -0.18680081060525894 -0.18680081060525894 -0.18680081060525894 -0.18680081060525894 -0.18680081060525894 -0.18680081060525894 -0.18680081060525894 -0.18680081060525894 -0.18680081060525894 -0.18680081060525894 -0.18680081060525894 -0.18680081060525894 -0.18680081060525894 -0.18680081060525894 -0.18680081060525894 -0.18680081060525894 -0.18680081060525894 -0.18680081060525894 -0.18680081060525894 -0.18680081060525894 -0.18680081060525894 -0.18680081060525894 -0.18680081060525894 -0.1463197491294116 -0.18680081060525894 -0.1834986033585268 -0.18333289222395 -0.18528356058641587 -0.18505708147873406 -0.17010262685728972 -0.17010262685728972 -0.16644279176195498 -0.16292569319560318 -0.15151217254818247 -0.15015433761543776 -0.15076379179363636 -0.13718176774679253 -0.10717164796500567 -0.09834427903086175 -0.05646783131543406 -0.062096038318993206 -0.0540506367608819 -0.0540506367608819 -0.04316816363657956 -0.04639651613525776 -0.04639651613525776
-0.22792673485377757 -0.22792673485377757 -0.22792673485377757 -0.22792673485377757 -0.22792673485377757 -0.22792673485377757 -0.22792673485377757 -0.22792673485377757 -0.22792673485377757 -0.22792673485377757 -0.22792673485377757 -0.22792673485377757 -0.22792673485377757 -0.22792673485377757 -0.22792673485377757 -0.22792673485377757 -0.22792673485377757 -0.22792673485377757 -0.22792673485377757 -0.22792673485377757 -0.22792673485377757 -0.22792673485377757 -0.22792673485377757 -0.22792673485377757 -0.18680081060525894 -0.22792673485377757 -0.22792673485377757 -0.22792673485377757 -0.22792673485377757 -0.22792673485377757 -0.22792673485377757 -0.22792673485377757 -0.22792673485377757 -0.22792673485377757 -0.22792673485377757 -0.22792673485377757 -0.22792673485377757 -0.22792673485377757 -0.22792673485377757 -0.22792673485377757 -0.22792673485377757 -0.22792673485377757 -0.22792673485377757 -0.22792673485377757 -0.22792673485377757 -0.22792673485377757 -0.4211667761258193 -0.22792673485377757 -0.18680081060525894 -0.18680081060525894 -0.36247727338247737 -0.22792673485377757 -0.22792673485377757 -0.22792673485377757 -0.36247727338247737 -0.22792673485377757 -0.22792673485377757 -0.3958262643160007 -0.22792673485377757 -0.22792673485377757 -0.33547284063822597 -0.32569286463140185 -0.22792673485377757 -0.22792673485377757 -0.22792673485377757 -0.22792673485377757 -0.22792673485377757 -0.22792673485377757 -0.22792673485377757 -0.22792673485377757 -0.22792673485377757 -0.24203169660618193 -0.22792673485377757 -0.22792673485377757 -0.1463197491294116 -0.22042650718697718 -0.1834986033585268 -0.18333289222395 -0.18528356058641587 -0.18505708147873406 -0.17010262685728972 -0.17010262685728972 -0.16644279176195498 -0.16292569319560318 -0.15151217254818247 -0.15015433761543776 -0.15076379179363636 -0.13718176774679253 -0.10717164796500567 -0.09834427903086175 -0.05646783131543406 -0.062096038318993206 -0.0540506367608819 -0.0540506367608819 -0.04316816363657956 -0.04639651613525776 -0.04639651613525776
-0.23115323117485265 -0.23115323117485265 -0.23115323117485265 -0.23115323117485265 -0.23115323117485265 -0.23115323117485265 -0.23115323117485265 -0.23115323117485265 -0.23115323117485265 -0.23115323117485265 -0.23115323117485265 -0.23115323117485265 -0.23115323117485265 -0.23115323117485265 -0.23115323117485265 -0.23115323117485265 -0.23115323117485265 -0.23115323117485265 -0.23115323117485265 -0.23115323117485265 -0.23115323117485265 -0.23115323117485265 -0.23115323117485265 -0.23115323117485265 -0.18680081060525894 -0.23115323117485265 -0.23115323117485265 -0.23115323117485265 -0.23115323117485265 -0.23115323117485265 -0.23115323117485265 -0.23115323117485265 -0.23115323117485265 -0.23115323117485265 -0.23115323117485265 -0.23115323117485265 -0.23115323117485265 -0.23115323117485265 -0.23115323117485265 -0.23115323117485265 -0.23115323117485265 -0.23115323117485265 -0.23115323117485265 -0.23115323117485265 -0.23115323117485265 -0.23115323117485265 -0.22792673485377757 -0.42092879625573126 -0.18680081060525894 -0.18680081060525894 -0.22792673485377757 -0.23115323117485265 -0.41280803154570905 -0.23115323117485265 -0.22792673485377757 -0.3132697370656484 -0.23115323117485265 -0.22792673485377757 -0.3679948786381074 -0.23115323117485265 -0.22792673485377757 -0.22792673485377757 -0.35313360905464525 -0.23115323117485265 -0.23115323117485265 -0.23115323117485265 -0.23115323117485265 -0.23115323117485265 -0.23115323117485265 -0.23115323117485265 -0.23115323117485265 -0.22792673485377757 -0.23115323117485265 -0.23115323117485265 -0.1463197491294116 -0.22042650718697718 -0.1834986033585268 -0.18333289222395 -0.18528356058641587 -0.18505708147873406 -0.17010262685728972 -0.17010262685728972 -0.16644279176195498 -0.16292569319560318 -0.15151217254818247 -0.15015433761543776 -0.15076379179363636 -0.13718176774679253 -0.10717164796500567 -0.09834427903086175 -0.05646783131543406 -0.062096038318993206 -0.0540506367608819 -0.0540506367608819 -0.04316816363657956 -0.04639651613525776 -0.04639651613525776
-0.22792673485377757 -0.22792673485377757 -0.22792673485377757 -0.22792673485377757 -0.22792673485377757 -0.22792673485377757 -0.22792673485377757 -0.22792673485377757 -0.22792673485377757 -0.22792673485377757 -0.22792673485377757 -0.22792673485377757 -0.22792673485377757 -0.22792673485377757 -0.22792673485377757 -0.22792673485377757 -0.22792673485377757 -0.22792673485377757 -0.22792673485377757 -0.22792673485377757 -0.22792673485377757 -0.22792673485377757 -0.22792673485377757 -0.22792673485377757 -0.18680081060525894 -0.22792673485377757 -0.22792673485377757 -0.22792673485377757 -0.22792673485377757 -0.22792673485377757 -0.22792673485377757 -0.22792673485377757 -0.22792673485377757 -0.22792673485377757 -0.22792673485377757 -0.22792673485377757 -0.22792673485377757 -0.22792673485377757 -0.22792673485377757 -0.22792673485377757 -0.22792673485377757 -0.22792673485377757 -0.22792673485377757 -0.22792673485377757 -0.22792673485377757 -0.22792673485377757 -0.36247727338247737 -0.22792673485377757 -0.18680081060525894 -0.18680081060525894 -0.41974675159279706 -0.22792673485377757 -0.22792673485377757 -0.22792673485377757 -0.36821473726990045 -0.22792673485377757 -0.22792673485377757 -0.36247727338247737 -0.22792673485377757 -0.22792673485377757 -0.33547284063822597 -0.32569286463140185 -0.22792673485377757 -0.22792673485377757 -0.22792673485377757 -0.22792673485377757 -0.22792673485377757 -0.22792673485377757 -0.22792673485377757 -0.22792673485377757 -0.22792673485377757 -0.24203169660618193 -0.22792673485377757 -0.22792673485377757 -0.1463197491294116 -0.22042650718697718 -0.1834986033585268 -0.18333289222395 -0.18528356058641587 -0.18505708147873406 -0.17010262685728972 -0.17010262685728972 -0.16644279176195498 -0.16292569319560318 -0.15151217254818247 -0.15015433761543776 -0.15076379179363636 -0.13718176774679253 -0.10717164796500567 -0.09834427903086175 -0.05646783131543406 -0.062096038318993206 -0.0540506367608819 -0.0540506367608819 -0.04316816363657956 -0.04639651613525776 -0.04639651613525776
-0.23115323117485265 -0.23115323117485265 -0.23115323117485265 -0.23115323117485265 -0.23115323117485265 -0.23115323117485265 -0.23115323117485265 -0.23115323117485265 -0.23115323117485265 -0.23115323117485265 -0.23115323117485265 -0.23115323117485265 -0.23115323117485265 -0.23115323117485265 -0.23115323117485265 -0.23115323117485265 -0.23115323117485265 -0.23115323117485265 -0.23115323117485265 -0.23115323117485265 -0.23115323117485265 -0.23115323117485265 -0.23115323117485265 -0.23115323117485265 -0.18680081060525894 -0.23115323117485265 -0.23115323117485265 -0.23115323117485265 -0.23115323117485265 -0.23115323117485265 -0.23115323117485265 -0.23115323117485265 -0.23115323117485265 -0.23115323117485265 -0.23115323117485265 -0.23115323117485265 -0.23115323117485265 -0.23115323117485265 -0.23115323117485265 -0.23115323117485265 -0.23115323117485265 -0.23115323117485265 -0.23115323117485265 -0.23115323117485265 -0.23115323117485265 -0.23115323117485265 -0.22792673485377757 -0.41280803154570905 -0.18680081060525894 -0.18680081060525894 -0.22792673485377757 -0.23115323117485265 -0.4190257629200823 -0.23115323117485265 -0.22792673485377757 -0.3132697370656484 -0.23115323117485265 -0.22792673485377757 -0.3679948786381074 -0.23115323117485265 -0.22792673485377757 -0.22792673485377757 -0.35313360905464525 -0.23115323117485265 -0.23115323117485265 -0.23115323117485265 -0.23115323117485265 -0.23115323117485265 -0.23115323117485265 -0.23115323117485265 -0.23115323117485265 -0.22792673485377757 -0.23115323117485265 -0.23115323117485265 -0.1463197491294116 -0.22042650718697718 -0.1834986033585268 -0.18333289222395 -0.18528356058641587 -0.18505708147873406 -0.17010262685728972 -0.17010262685728972 -0.16644279176195498 -0.16292569319560318 -0.15151217254818247 -0.15015433761543776 -0.15076379179363636 -0.13718176774679253 -0.10717164796500567 -0.09834427903086175 -0.05646783131543406 -0.062096038318993206 -0.0540506367608819 -0.0540506367608819 -0.04316816363657956 -0.04639651613525776 -0.04639651613525776
-0.16292569319560318 -0.16292569319560318 -0.16292569319560318 -0.16292569319560318 -0.16292569319560318 -0.16292569319560318 -0.16292569319560318 -0.16292569319560318 -0.16292569319560318 -0.16292569319560318 -0.16292569319560318 -0.16292569319560318 -0.16292569319560318 -0.16292569319560318 -0.16292569319560318 -0.16292569319560318 -0.16292569319560318 -0.16292569319560318 -0.16292569319560318 -0.16292569319560318 -0.16292569319560318 -0.16292569319560318 -0.16292569319560318 -0.16292569319560318 -0.16292569319560318 -0.16292569319560318 -0.16292569319560318 -0.16292569319560318 -0.16292569319560318 -0.16292569319560318 -0.16292569319560318 -0.16292569319560318 -0.16292569319560318 -0.16292569319560318 -0.16292569319560318 -0.16292569319560318 -0.16292569319560318 -0.16292569319560318 -0.16292569319560318 -0.16292569319560318 -0.16292569319560318 -0.16292569319560318 -0.16292569319560318 -0.16292569319560318 -0.16292569319560318 -0.16292569319560318 -0.16292569319560318 -0.16292569319560318 -0.16292569319560318 -0.16292569319560318 -0.16292569319560318 -0.16292569319560318 -0.16292569319560318 -0.16292569319560318 -0.16292569319560318 -0.16292569319560318 -0.16292569319560318 -0.16292569319560318 -0.16292569319560318 -0.16292569319560318 -0.16292569319560318 -0.16292569319560318 -0.16292569319560318 -0.16292569319560318 -0.16292569319560318 -0.16292569319560318 -0.16292569319560318 -0.16292569319560318 -0.16292569319560318 -0.16292569319560318 -0.16292569319560318 -0.16292569319560318 -0.16292569319560318 -0.16292569319560318 -0.1463197491294116 -0.16292569319560318 -0.16292569319560318 -0.16292569319560318 -0.16292569319560318 -0.16292569319560318 -0.16292569319560318 -0.16292569319560318 -0.16292569319560318 -0.16292569319560318 -0.15151217254818247 -0.15015433761543776 -0.15076379179363636 -0.13718176774679253 -0.10717164796500567 -0.09834427903086175 -0.05646783131543406 -0.062096038318993206 -0.0540506367608819 -0.0540506367608819 -0.04316816363657956 -0.04639651613525776 -0.04639651613525776
-0.22792673485377757 -0.22792673485377757 -0.22792673485377757 -0.22792673485377757 -0.22792673485377757 -0.22792673485377757 -0.22792673485377757 -0.22792673485377757 -0.22792673485377757 -0.22792673485377757 -0.22792673485377757 -0.22792673485377757 -0.22792673485377757 -0.22792673485377757 -0.22792673485377757 -0.22792673485377757 -0.22792673485377757 -0.22792673485377757 -0.22792673485377757 -0.22792673485377757 -0.22792673485377757 -0.22792673485377757 -0.22792673485377757 -0.22792673485377757 -0.18680081060525894 -0.22792673485377757 -0.22792673485377757 -0.22792673485377757 -0.22792673485377757 -0.22792673485377757 -0.22792673485377757 -0.22792673485377757 -0.22792673485377757 -0.22792673485377757 -0.22792673485377757 -0.22792673485377757 -0.22792673485377757 -0.22792673485377757 -0.22792673485377757 -0.22792673485377757 -0.22792673485377757 -0.22792673485377757 -0.22792673485377757 -0.22792673485377757 -0.22792673485377757 -0.22792673485377757 -0.36247727338247737 -0.22792673485377757 -0.18680081060525894 -0.18680081060525894 -0.36821473726990045 -0.22792673485377757 -0.22792673485377757 -0.22792673485377757 -0.4086847293727871 -0.22792673485377757 -0.22792673485377757 -0.36247727338247737 -0.22792673485377757 -0.22792673485377757 -0.33547284063822597 -0.32569286463140185 -0.22792673485377757 -0.22792673485377757 -0.22792673485377757 -0.22792673485377757 -0.22792673485377757 -0.22792673485377757 -0.22792673485377757 -0.22792673485377757 -0.22792673485377757 -0.24203169660618193 -0.22792673485377757 -0.22792673485377757 -0.1463197491294116 -0.22042650718697718 -0.1834986033585268 -0.18333289222395 -0.18528356058641587 -0.18505708147873406 -0.17010262685728972 -0.17010262685728972 -0.16644279176195498 -0.16292569319560318 -0.15151217254818247 -0.15015433761543776 -0.15076379179363636 -0.13718176774679253 -0.10717164796500567 -0.09834427903086175 -0.05646783131543406 -0.062096038318993206 -0.0540506367608819 -0.0540506367608819 -0.04316816363657956 -0.04639651613525776 -0.04639651613525776
-0.23115323117485265 -0.23115323117485265 -0.23115323117485265 -0.23115323117485265 -0.23115323117485265 -0.23115323117485265 -0.23115323117485265 -0.23115323117485265 -0.23115323117485265 -0.23115323117485265 -0.23115323117485265 -0.23115323117485265 -0.23115323117485265 -0.23115323117485265 -0.23115323117485265 -0.23115323117485265 -0.23115323117485265 -0.23115323117485265 -0.23115323117485265 -0.23115323117485265 -0.23115323117485265 -0.23115323117485265 -0.23115323117485265 -0.23115323117485265 -0.18680081060525894 -0.23115323117485265 -0.23115323117485265 -0.23115323117485265 -0.23115323117485265 -0.23115323117485265 -0.23115323117485265 -0.23115323117485265 -0.23115323117485265 -0.23115323117485265 -0.23115323117485265 -0.23115323117485265 -0.23115323117485265 -0.23115323117485265 -0.23115323117485265 -0.23115323117485265 -0.23115323117485265 -0.23115323117485265 -0.23115323117485265 -0.23115323117485265 -0.23115323117485265 -0.23115323117485265 -0.22792673485377757 -0.3132697370656484 -0.18680081060525894 -0.18680081060525894 -0.22792673485377757 -0.23115323117485265 -0.3132697370656484 -0.23115323117485265 -0.22792673485377757 -0.4070660725961479 -0.23115323117485265 -0.22792673485377757 -0.3132697370656484 -0.23115323117485265 -0.22792673485377757 -0.22792673485377757 -0.3132697370656484 -0.23115323117485265 -0.23115323117485265 -0.23115323117485265 -0.23115323117485265 -0.23115323117485265 -0.23115323117485265 -0.23115323117485265 -0.23115323117485265 -0.22792673485377757 -0.23115323117485265 -0.23115323117485265 -0.1463197491294116 -0.22042650718697718 -0.1834986033585268 -0.18333289222395 -0.18528356058641587 -0.18505708147873406 -0.17010262685728972 -0.17010262685728972 -0.16644279176195498 -0.16292569319560318 -0.15151217254818247 -0.15015433761543776 -0.15076379179363636 -0.13718176774679253 -0.10717164796500567 -0.09834427903086175 -0.05646783131543406 -0.062096038318993206 -0.0540506367608819 -0.0540506367608819 -0.04316816363657956 -0.04639651613525776 -0.04639651613525776
-0.3899006671287962 -0.3899006671287962 -0.3899006671287962 -0.3899006671287962 -0.3899006671287962 -0.2677274293920085 -0.3899006671287962 -0.3899006671287962 -0.3899006671287962 -0.3899006671287962 -0.3899006671287962 -0.3899006671287962 -0.3899006671287962 -0.3899006671287962 -0.3899006671287962 -0.3899006671287962 -0.3899006671287962 -0.3899006671287962 -0.3899006671287962 -0.3899006671287962 -0.3899006671287962 -0.3899006671287962 -0.3899006671287962 -0.3899006671287962 -0.18680081060525894 -0.3899006671287962 -0.2677274293920085 -0.3899006671287962 -0.2677274293920085 -0.4042561552061966 -0.3611825009736173 -0.26243168892835433 -0.3899006671287962 -0.4042561552061966 -0.3899006671287962 -0.2677274293920085 -0.3899006671287962 -0.3899006671287962 -0.3899006671287962 -0.3899006671287962 -0.3899006671287962 -0.4042561552061966 -0.3899006671287962 -0.4042561552061966 -0.4042561552061966 -0.3870681790476593 -0.22792673485377757 -0.23115323117485265 -0.18680081060525894 -0.18680081060525894 -0.22792673485377757 -0.3899006671287962 -0.23115323117485265 -0.26243168892835433 -0.22792673485377757 -0.23115323117485265 -0.3945237053541288 -0.22792673485377757 -0.23115323117485265 -0.26243168892835433 -0.22792673485377757 -0.22792673485377757 -0.23115323117485265 -0.3426958233058182 -0.3426958233058182 -0.28592059511651297 -0.2677274293920085 -0.2677274293920085 -0.2677274293920085 -0.2954912211319098 -0.2677274293920085 -0.22792673485377757 -0.2580388130303047 -0.2404488369600046 -0.1463197491294116 -0.22042650718697718 -0.1834986033585268 -0.18333289222395 -0.18528356058641587 -0.18505708147873406 -0.17010262685728972 -0.17010262685728972 -0.16644279176195498 -0.16292569319560318 -0.15151217254818247 -0.15015433761543776 -0.15076379179363636 -0.13718176774679253 -0.10717164796500567 -0.09834427903086175 -0.05646783131543406 -0.062096038318993206 -0.0540506367608819 -0.0540506367608819 -0.04316816363657956 -0.04639651613525776 -0.04639651613525776
-0.40126504083978504 -0.40126504083978504 -0.40126504083978504 -0.40126504083978504 -0.40126504083978504 -0.2677274293920085 -0.40126504083978504 -0.40126504083978504 -0.40126504083978504 -0.40126504083978504 -0.40126504083978504 -0.40126504083978504 -0.40126504083978504 -0.40126504083978504 -0.40126504083978504 -0.40126504083978504 -0.40126504083978504 -0.40126504083978504 -0.40126504083978504 -0.40126504083978504 -0.40126504083978504 -0.40126504083978504 -0.40126504083978504 -0.40126504083978504 -0.18680081060525894 -0.40126504083978504 -0.2677274293920085 -0.40126504083978504 -0.2677274293920085 -0.3899006671287962 -0.3611825009736173 -0.26243168892835433 -0.40126504083978504 -0.3899006671287962 -0.40126504083978504 -0.2677274293920085 -0.40126504083978504 -0.39450871338321275 -0.40126504083978504 -0.40126504083978504 -0.40126504083978504 -0.3899006671287962 -0.40126504083978504 -0.3899006671287962 -0.3899006671287962 -0.3870681790476593 -0.22792673485377757 -0.23115323117485265 -0.18680081060525894 -0.18680081060525894 -0.22792673485377757 -0.40126504083978504 -0.23115323117485265 -0.26243168892835433 -0.22792673485377757 -0.23115323117485265 -0.3899006671287962 -0.22792673485377757 -0.23115323117485265 -0.26243168892835433 -0.22792673485377757 -0.22792673485377757 -0.23115323117485265 -0.3426958233058182 -0.3426958233058182 -0.28592059511651297 -0.2677274293920085 -0.2677274293920085 -0.2677274293920085 -0.2954912211319098 -0.2677274293920085 -0.22792673485377757 -0.2580388130303047 -0.2404488369600046 -0.1463197491294116 -0.22042650718697718 -0.1834986033585268 -0.18333289222395 -0.18528356058641587 -0.18505708147873406 -0.17010262685728972 -0.17010262685728972 -0.16644279176195498 -0.16292569319560318 -0.15151217254818247 -0.15015433761543776 -0.15076379179363636 -0.13718176774679253 -0.10717164796500567 -0.09834427903086175 -0.05646783131543406 -0.062096038318993206 -0.0540506367608819 -0.0540506367608819 -0.04316816363657956 -0.04639651613525776 -0.04639651613525776
-0.23115323117485265 -0.23115323117485265 -0.23115323117485265 -0.23115323117485265 -0.23115323117485265 -0.23115323117485265 -0.23115323117485265 -0.23115323117485265 -0.23115323117485265 -0.23115323117485265 -0.23115323117485265 -0.23115323117485265 -0.23115323117485265 -0.23115323117485265 -0.23115323117485265 -0.23115323117485265 -0.23115323117485265 -0.23115323117485265 -0.23115323117485265 -0.23115323117485265 -0.23115323117485265 -0.23115323117485265 -0.23115323117485265 -0.23115323117485265 -0.18680081060525894 -0.23115323117485265 -0.23115323117485265 -0.23115323117485265 -0.23115323117485265 -0.23115323117485265 -0.23115323117485265 -0.23115323117485265 -0.23115323117485265 -0.23115323117485265 -0.23115323117485265 -0.23115323117485265 -0.23115323117485265 -0.23115323117485265 -0.23115323117485265 -0.23115323117485265 -0.23115323117485265 -0.23115323117485265 -0.23115323117485265 -0.23115323117485265 -0.23115323117485265 -0.23115323117485265 -0.22792673485377757 -0.3679948786381074 -0.18680081060525894 -0.18680081060525894 -0.22792673485377757 -0.23115323117485265 -0.3679948786381074 -0.23115323117485265 -0.22792673485377757 -0.3132697370656484 -0.23115323117485265 -0.22792673485377757 -0.39381640570448 -0.23115323117485265 -0.22792673485377757 -0.22792673485377757 -0.35313360905464525 -0.23115323117485265 -0.23115323117485265 -0.23115323117485265 -0.23115323117485265 -0.23115323117485265 -0.23115323117485265 -0.23115323117485265 -0.23115323117485265 -0.22792673485377757 -0.23115323117485265 -0.23115323117485265 -0.1463197491294116 -0.22042650718697718 -0.1834986033585268 -0.18333289222395 -0.18528356058641587 -0.18505708147873406 -0.17010262685728972 -0.17010262685728972 -0.16644279176195498 -0.16292569319560318 -0.15151217254818247 -0.15015433761543776 -0.15076379179363636 -0.13718176774679253 -0.10717164796500567 -0.09834427903086175 -0.05646783131543406 -0.062096038318993206 -0.0540506367608819 -0.0540506367608819 -0.04316816363657956 -0.04639651613525776 -0.04639651613525776
-0.22792673485377757 -0.22792673485377757 -0.22792673485377757 -0.22792673485377757 -0.22792673485377757 -0.22792673485377757 -0.22792673485377757 -0.22792673485377757 -0.22792673485377757 -0.22792673485377757 -0.22792673485377757 -0.22792673485377757 -0.22792673485377757 -0.22792673485377757 -0.22792673485377757 -0.22792673485377757 -0.22792673485377757 -0.22792673485377757 -0.22792673485377757 -0.22792673485377757 -0.22792673485377757 -0.22792673485377757 -0.22792673485377757 -0.22792673485377757 -0.18680081060525894 -0.22792673485377757 -0.22792673485377757 -0.22792673485377757 -0.22792673485377757 -0.22792673485377757 -0.22792673485377757 -0.22792673485377757 -0.22792673485377757 -0.22792673485377757 -0.22792673485377757 -0.22792673485377757 -0.22792673485377757 -0.22792673485377757 -0.22792673485377757 -0.22792673485377757 -0.22792673485377757 -0.22792673485377757 -0.22792673485377757 -0.22792673485377757 -0.22792673485377757 -0.22792673485377757 -0.3936585796367618 -0.22792673485377757 -0.18680081060525894 -0.18680081060525894 -0.36247727338247737 -0.22792673485377757 -0.22792673485377757 -0.22792673485377757 -0.36247727338247737 -0.22792673485377757 -0.22792673485377757 -0.3936585796367618 -0.22792673485377757 -0.22792673485377757 -0.33547284063822597 -0.32569286463140185 -0.22792673485377757 -0.22792673485377757 -0.22792673485377757 -0.22792673485377757 -0.22792673485377757 -0.22792673485377757 -0.22792673485377757 -0.22792673485377757 -0.22792673485377757 -0.24203169660618193 -0.22792673485377757 -0.22792673485377757 -0.1463197491294116 -0.22042650718697718 -0.1834986033585268 -0.18333289222395 -0.18528356058641587 -0.18505708147873406 -0.17010262685728972 -0.17010262685728972 -0.16644279176195498 -0.16292569319560318 -0.15151217254818247 -0.15015433761543776 -0.15076379179363636 -0.13718176774679253 -0.10717164796500567 -0.09834427903086175 -0.05646783131543406 -0.062096038318993206 -0.0540506367608819 -0.0540506367608819 -0.04316816363657956 -0.04639651613525776 -0.04639651613525776
-0.38838072249896305 -0.38838072249896305 -0.38838072249896305 -0.38838072249896305 -0.38838072249896305 -0.2677274293920085 -0.38838072249896305 -0.38838072249896305 -0.38838072249896305 -0.38838072249896305 -0.38838072249896305 -0.38838072249896305 -0.38838072249896305 -0.38838072249896305 -0.38838072249896305 -0.38838072249896305 -0.38838072249896305 -0.38838072249896305 -0.38838072249896305 -0.38838072249896305 -0.38838072249896305 -0.38838072249896305 -0.38838072249896305 -0.38838072249896305 -0.18680081060525894 -0.38838072249896305 -0.2677274293920085 -0.38838072249896305 -0.2677274293920085 -0.38838072249896305 -0.3611825009736173 -0.26243168892835433 -0.38838072249896305 -0.38838072249896305 -0.38838072249896305 -0.2677274293920085 -0.38838072249896305 -0.38838072249896305 -0.38838072249896305 -0.38838072249896305 -0.38838072249896305 -0.38838072249896305 -0.38838072249896305 -0.38838072249896305 -0.38838072249896305 -0.3870681790476593 -0.22792673485377757 -0.23115323117485265 -0.18680081060525894 -0.18680081060525894 -0.22792673485377757 -0.38838072249896305 -0.23115323117485265 -0.26243168892835433 -0.22792673485377757 -0.23115323117485265 -0.38838072249896305 -0.22792673485377757 -0.23115323117485265 -0.26243168892835433 -0.22792673485377757 -0.22792673485377757 -0.23115323117485265 -0.3426958233058182 -0.3426958233058182 -0.28592059511651297 -0.2677274293920085 -0.2677274293920085 -0.2677274293920085 -0.2954912211319098 -0.2677274293920085 -0.22792673485377757 -0.2580388130303047 -0.2404488369600046 -0.1463197491294116 -0.22042650718697718 -0.1834986033585268 -0.18333289222395 -0.18528356058641587 -0.18505708147873406 -0.17010262685728972 -0.17010262685728972 -0.16644279176195498 -0.16292569319560318 -0.15151217254818247 -0.15015433761543776 -0.15076379179363636 -0.13718176774679253 -0.10717164796500567 -0.09834427903086175 -0.05646783131543406 -0.062096038318993206 -0.0540506367608819 -0.0540506367608819 -0.04316816363657956 -0.04639651613525776 -0.04639651613525776
-0.22792673485377757 -0.22792673485377757 -0.22792673485377757 -0.22792673485377757 -0.22792673485377757 -0.22792673485377757 -0.22792673485377757 -0.22792673485377757 -0.22792673485377757 -0.22792673485377757 -0.22792673485377757 -0.22792673485377757 -0.22792673485377757 -0.22792673485377757 -0.22792673485377757 -0.22792673485377757 -0.22792673485377757 -0.22792673485377757 -0.22792673485377757 -0.22792673485377757 -0.22792673485377757 -0.22792673485377757 -0.22792673485377757 -0.22792673485377757 -0.18680081060525894 -0.22792673485377757 -0.22792673485377757 -0.22792673485377757 -0.22792673485377757 -0.22792673485377757 -0.22792673485377757 -0.22792673485377757 -0.22792673485377757 -0.22792673485377757 -0.22792673485377757 -0.22792673485377757 -0.22792673485377757 -0.22792673485377757 -0.22792673485377757 -0.22792673485377757 -0.22792673485377757 -0.22792673485377757 -0.22792673485377757 -0.22792673485377757 -0.22792673485377757 -0.22792673485377757 -0.33547284063822597 -0.22792673485377757 -0.18680081060525894 -0.18680081060525894 -0.33547284063822597 -0.22792673485377757 -0.22792673485377757 -0.22792673485377757 -0.33547284063822597 -0.22792673485377757 -0.22792673485377757 -0.33547284063822597 -0.22792673485377757 -0.22792673485377757 -0.37087609797028714 -0.32569286463140185 -0.22792673485377757 -0.22792673485377757 -0.22792673485377757 -0.22792673485377757 -0.22792673485377757 -0.22792673485377757 -0.22792673485377757 -0.22792673485377757 -0.22792673485377757 -0.24203169660618193 -0.22792673485377757 -0.22792673485377757 -0.1463197491294116 -0.22042650718697718 -0.1834986033585268 -0.18333289222395 -0.18528356058641587 -0.18505708147873406 -0.17010262685728972 -0.17010262685728972 -0.16644279176195498 -0.16292569319560318 -0.15151217254818247 -0.15015433761543776 -0.15076379179363636 -0.13718176774679253 -0.10717164796500567 -0.09834427903086175 -0.05646783131543406 -0.062096038318993206 -0.0540506367608819 -0.0540506367608819 -0.04316816363657956 -0.04639651613525776 -0.04639651613525776
-0.36831822497864286 -0.36831822497864286 -0.36831822497864286 -0.36831822497864286 -0.36831822497864286 -0.2677274293920085 -0.36831822497864286 -0.36831822497864286 -0.36831822497864286 -0.36831822497864286 -0.36831822497864286 -0.36831822497864286 -0.36831822497864286 -0.36831822497864286 -0.36831822497864286 -0.36831822497864286 -0.36831822497864286 -0.36831822497864286 -0.36831822497864286 -0.36831822497864286 -0.36831822497864286 -0.36831822497864286 -0.36831822497864286 -0.36831822497864286 -0.18680081060525894 -0.36831822497864286 -0.2677274293920085 -0.36831822497864286 -0.2677274293920085 -0.36831822497864286 -0.3611825009736173 -0.26243168892835433 -0.36831822497864286 -0.36831822497864286 -0.36831822497864286 -0.2677274293920085 -0.36831822497864286 -0.36831822497864286 -0.36831822497864286 -0.36831822497864286 -0.36831822497864286 -0.36831822497864286 -0.36831822497864286 -0.36831822497864286 -0.36831822497864286 -0.36831822497864286 -0.22792673485377757 -0.23115323117485265 -0.18680081060525894 -0.18680081060525894 -0.22792673485377757 -0.36831822497864286 -0.23115323117485265 -0.26243168892835433 -0.22792673485377757 -0.23115323117485265 -0.36831822497864286 -0.22792673485377757 -0.23115323117485265 -0.26243168892835433 -0.22792673485377757 -0.22792673485377757 -0.23115323117485265 -0.3426958233058182 -0.3426958233058182 -0.28592059511651297 -0.2677274293920085 -0.2677274293920085 -0.2677274293920085 -0.2954912211319098 -0.2677274293920085 -0.22792673485377757 -0.2580388130303047 -0.2404488369600046 -0.1463197491294116 -0.22042650718697718 -0.1834986033585268 -0.18333289222395 -0.18528356058641587 -0.18505708147873406 -0.17010262685728972 -0.17010262685728972 -0.16644279176195498 -0.16292569319560318 -0.15151217254818247 -0.15015433761543776 -0.15076379179363636 -0.13718176774679253 -0.10717164796500567 -0.09834427903086175 -0.05646783131543406 -0.062096038318993206 -0.0540506367608819 -0.0540506367608819 -0.04316816363657956 -0.04639651613525776 -0.04639651613525776
-0.22792673485377757 -0.22792673485377757 -0.22792673485377757 -0.22792673485377757 -0.22792673485377757 -0.22792673485377757 -0.22792673485377757 -0.22792673485377757 -0.22792673485377757 -0.22792673485377757 -0.22792673485377757 -0.22792673485377757 -0.22792673485377757 -0.22792673485377757 -0.22792673485377757 -0.22792673485377757 -0.22792673485377757 -0.22792673485377757 -0.22792673485377757 -0.22792673485377757 -0.22792673485377757 -0.22792673485377757 -0.22792673485377757 -0.22792673485377757 -0.18680081060525894 -0.22792673485377757 -0.22792673485377757 -0.22792673485377757 -0.22792673485377757 -0.22792673485377757 -0.22792673485377757 -0.22792673485377757 -0.22792673485377757 -0.22792673485377757 -0.22792673485377757 -0.22792673485377757 -0.22792673485377757 -0.22792673485377757 -0.22792673485377757 -0.22792673485377757 -0.22792673485377757 -0.22792673485377757 -0.22792673485377757 -0.22792673485377757 -0.22792673485377757 -0.22792673485377757 -0.22792673485377757 -0.22792673485377757 -0.18680081060525894 -0.18680081060525894 -0.22792673485377757 -0.22792673485377757 -0.22792673485377757 -0.22792673485377757 -0.22792673485377757 -0.22792673485377757 -0.22792673485377757 -0.22792673485377757 -0.22792673485377757 -0.22792673485377757 -0.22792673485377757 -0.22792673485377757 -0.22792673485377757 -0.22792673485377757 -0.22792673485377757 -0.22792673485377757 -0.22792673485377757 -0.22792673485377757 -0.22792673485377757 -0.22792673485377757 -0.22792673485377757 -0.22792673485377757 -0.22792673485377757 -0.22792673485377757 -0.1463197491294116 -0.22042650718697718 -0.1834986033585268 -0.18333289222395 -0.18528356058641587 -0.18505708147873406 -0.17010262685728972 -0.17010262685728972 -0.16644279176195498 -0.16292569319560318 -0.15151217254818247 -0.15015433761543776 -0.15076379179363636 -0.13718176774679253 -0.10717164796500567 -0.09834427903086175 -0.05646783131543406 -0.062096038318993206 -0.0540506367608819 -0.0540506367608819 -0.04316816363657956 -0.04639651613525776 -0.04639651613525776
-0.22792673485377757 -0.22792673485377757 -0.22792673485377757 -0.22792673485377757 -0.22792673485377757 -0.22792673485377757 -0.22792673485377757 -0.22792673485377757 -0.22792673485377757 -0.22792673485377757 -0.22792673485377757 -0.22792673485377757 -0.22792673485377757 -0.22792673485377757 -0.22792673485377757 -0.22792673485377757 -0.22792673485377757 -0.22792673485377757 -0.22792673485377757 -0.22792673485377757 -0.22792673485377757 -0.22792673485377757 -0.22792673485377757 -0.22792673485377757 -0.18680081060525894 -0.22792673485377757 -0.22792673485377757 -0.22792673485377757 -0.22792673485377757 -0.22792673485377757 -0.22792673485377757 -0.22792673485377757 -0.22792673485377757 -0.22792673485377757 -0.22792673485377757 -0.22792673485377757 -0.22792673485377757 -0.22792673485377757 -0.22792673485377757 -0.22792673485377757 -0.22792673485377757 -0.22792673485377757 -0.22792673485377757 -0.22792673485377757 -0.22792673485377757 -0.22792673485377757 -0.32569286463140185 -0.22792673485377757 -0.18680081060525894 -0.18680081060525894 -0.32569286463140185 -0.22792673485377757 -0.22792673485377757 -0.22792673485377757 -0.32569286463140185 -0.22792673485377757 -0.22792673485377757 -0.32569286463140185 -0.22792673485377757 -0.22792673485377757 -0.32569286463140185 -0.34878328285985966 -0.22792673485377757 -0.22792673485377757 -0.22792673485377757 -0.22792673485377757 -0.22792673485377757 -0.22792673485377757 -0.22792673485377757 -0.22792673485377757 -0.22792673485377757 -0.24203169660618193 -0.22792673485377757 -0.22792673485377757 -0.1463197491294116 -0.22042650718697718 -0.1834986033585268 -0.18333289222395 -0.18528356058641587 -0.18505708147873406 -0.17010262685728972 -0.17010262685728972 -0.16644279176195498 -0.16292569319560318 -0.15151217254818247 -0.15015433761543776 -0.15076379179363636 -0.13718176774679253 -0.10717164796500567 -0.09834427903086175 -0.05646783131543406 -0.062096038318993206 -0.0540506367608819 -0.0540506367608819 -0.04316816363657956 -0.04639651613525776 -0.04639651613525776
-0.18333289222395 -0.18333289222395 -0.18333289222395 -0.18333289222395 -0.18333289222395 -0.18333289222395 -0.18333289222395 -0.18333289222395 -0.18333289222395 -0.18333289222395 -0.18333289222395 -0.18333289222395 -0.18333289222395 -0.18333289222395 -0.18333289222395 -0.18333289222395 -0.18333289222395 -0.18333289222395 -0.18333289222395 -0.18333289222395 -0.18333289222395 -0.18333289222395 -0.18333289222395 -0.18333289222395 -0.18333289222395 -0.18333289222395 -0.18333289222395 -0.18333289222395 -0.18333289222395 -0.18333289222395 -0.18333289222395 -0.18333289222395 -0.18333289222395 -0.18333289222395 -0.18333289222395 -0.18333289222395 -0.18333289222395 -0.18333289222395 -0.18333289222395 -0.18333289222395 -0.18333289222395 -0.18333289222395 -0.18333289222395 -0.18333289222395 -0.18333289222395 -0.18333289222395 -0.18333289222395 -0.18333289222395 -0.18333289222395 -0.18333289222395 -0.18333289222395 -0.18333289222395 -0.18333289222395 -0.18333289222395 -0.18333289222395 -0.18333289222395 -0.18333289222395 -0.18333289222395 -0.18333289222395 -0.18333289222395 -0.18333289222395 -0.18333289222395 -0.18333289222395 -0.18333289222395 -0.18333289222395 -0.18333289222395 -0.18333289222395 -0.18333289222395 -0.18333289222395 -0.18333289222395 -0.18333289222395 -0.18333289222395 -0.18333289222395 -0.18333289222395 -0.1463197491294116 -0.18333289222395 -0.18333289222395 -0.18333289222395 -0.18333289222395 -0.18333289222395 -0.17010262685728972 -0.17010262685728972 -0.16644279176195498 -0.16292569319560318 -0.15151217254818247 -0.15015433761543776 -0.15076379179363636 -0.13718176774679253 -0.10717164796500567 -0.09834427903086175 -0.05646783131543406 -0.062096038318993206 -0.0540506367608819 -0.0540506367608819 -0.04316816363657956 -0.04639651613525776 -0.04639651613525776
-0.23115323117485265 -0.23115323117485265 -0.23115323117485265 -0.23115323117485265 -0.23115323117485265 -0.23115323117485265 -0.23115323117485265 -0.23115323117485265 -0.23115323117485265 -0.23115323117485265 -0.23115323117485265 -0.23115323117485265 -0.23115323117485265 -0.23115323117485265 -0.23115323117485265 -0.23115323117485265 -0.23115323117485265 -0.23115323117485265 -0.23115323117485265 -0.23115323117485265 -0.23115323117485265 -0.23115323117485265 -0.23115323117485265 -0.23115323117485265 -0.18680081060525894 -0.23115323117485265 -0.23115323117485265 -0.23115323117485265 -0.23115323117485265 -0.23115323117485265 -0.23115323117485265 -0.23115323117485265 -0.23115323117485265 -0.23115323117485265 -0.23115323117485265 -0.23115323117485265 -0.23115323117485265 -0.23115323117485265 -0.23115323117485265 -0.23115323117485265 -0.23115323117485265 -0.23115323117485265 -0.23115323117485265 -0.23115323117485265 -0.23115323117485265 -0.23115323117485265 -0.22792673485377757 -0.3469204620172062 -0.18680081060525894 -0.18680081060525894 -0.22792673485377757 -0.23115323117485265 -0.3469204620172062 -0.23115323117485265 -0.22792673485377757 -0.3132697370656484 -0.23115323117485265 -0.22792673485377757 -0.3469204620172062 -0.23115323117485265 -0.22792673485377757 -0.22792673485377757 -0.3469204620172062 -0.23115323117485265 -0.23115323117485265 -0.23115323117485265 -0.23115323117485265 -0.23115323117485265 -0.23115323117485265 -0.23115323117485265 -0.23115323117485265 -0.22792673485377757 -0.23115323117485265 -0.23115323117485265 -0.1463197491294116 -0.22042650718697718 -0.1834986033585268 -0.18333289222395 -0.18528356058641587 -0.18505708147873406 -0.17010262685728972 -0.17010262685728972 -0.16644279176195498 -0.16292569319560318 -0.15151217254818247 -0.15015433761543776 -0.15076379179363636 -0.13718176774679253 -0.10717164796500567 -0.09834427903086175 -0.05646783131543406 -0.062096038318993206 -0.0540506367608819 -0.0540506367608819 -0.04316816363657956 -0.04639651613525776 -0.04639651613525776
-0.22042650718697718 -0.22042650718697718 -0.22042650718697718 -0.22042650718697718 -0.22042650718697718 -0.22042650718697718 -0.22042650718697718 -0.22042650718697718 -0.22042650718697718 -0.22042650718697718 -0.22042650718697718 -0.22042650718697718 -0.22042650718697718 -0.22042650718697718 -0.22042650718697718 -0.22042650718697718 -0.22042650718697718 -0.22042650718697718 -0.22042650718697718 -0.22042650718697718 -0.22042650718697718 -0.22042650718697718 -0.22042650718697718 -0.22042650718697718 -0.18680081060525894 -0.22042650718697718 -0.22042650718697718 -0.22042650718697718 -0.22042650718697718 -0.22042650718697718 -0.22042650718697718 -0.22042650718697718 -0.22042650718697718 -0.22042650718697718 -0.22042650718697718 -0.22042650718697718 -0.22042650718697718 -0.22042650718697718 -0.22042650718697718 -0.22042650718697718 -0.22042650718697718 -0.22042650718697718 -0.22042650718697718 -0.22042650718697718 -0.22042650718697718 -0.22042650718697718 -0.22042650718697718 -0.22042650718697718 -0.18680081060525894 -0.18680081060525894 -0.22042650718697718 -0.22042650718697718 -0.22042650718697718 -0.22042650718697718 -0.22042650718697718 -0.22042650718697718 -0.22042650718697718 -0.22042650718697718 -0.22042650718697718 -0.22042650718697718 -0.22042650718697718 -0.22042650718697718 -0.22042650718697718 -0.22042650718697718 -0.22042650718697718 -0.22042650718697718 -0.22042650718697718 -0.22042650718697718 -0.22042650718697718 -0.22042650718697718 -0.22042650718697718 -0.22042650718697718 -0.22042650718697718 -0.22042650718697718 -0.1463197491294116 -0.22042650718697718 -0.1834986033585268 -0.18333289222395 -0.18528356058641587 -0.18505708147873406 -0.17010262685728972 -0.17010262685728972 -0.16644279176195498 -0.16292569319560318 -0.15151217254818247 -0.15015433761543776 -0.15076379179363636 -0.13718176774679253 -0.10717164796500567 -0.09834427903086175 -0.05646783131543406 -0.062096038318993206 -0.0540506367608819 -0.0540506367608819 -0.04316816363657956 -0.04639651613525776 -0.04639651613525776
-0.18333289222395 -0.18333289222395 -0.18333289222395 -0.18333289222395 -0.18333289222395 -0.18333289222395 -0.18333289222395 -0.18333289222395 -0.18333289222395 -0.18333289222395 -0.18333289222395 -0.18333289222395 -0.18333289222395 -0.18333289222395 -0.18333289222395 -0.18333289222395 -0.18333289222395 -0.18333289222395 -0.18333289222395 -0.18333289222395 -0.18333289222395 -0.18333289222395 -0.18333289222395 -0.18333289222395 -0.18333289222395 -0.18333289222395 -0.18333289222395 -0.18333289222395 -0.18333289222395 -0.18333289222395 -0.18333289222395 -0.18333289222395 -0.18333289222395 -0.18333289222395 -0.18333289222395 -0.18333289222395 -0.18333289222395 -0.18333289222395 -0.18333289222395 -0.18333289222395 -0.18333289222395 -0.18333289222395 -0.18333289222395 -0.18333289222395 -0.18333289222395 -0.18333289222395 -0.18333289222395 -0.18333289222395 -0.18333289222395 -0.18333289222395 -0.18333289222395 -0.18333289222395 -0.18333289222395 -0.18333289222395 -0.18333289222395 -0.18333289222395 -0.18333289222395 -0.18333289222395 -0.18333289222395 -0.18333289222395 -0.18333289222395 -0.18333289222395 -0.18333289222395 -0.18333289222395 -0.18333289222395 -0.18333289222395 -0.18333289222395 -0.18333289222395 -0.18333289222395 -0.18333289222395 -0.18333289222395 -0.18333289222395 -0.18333289222395 -0.18333289222395 -0.1463197491294116 -0.18333289222395 -0.18333289222395 -0.18333289222395 -0.18333289222395 -0.18333289222395 -0.17010262685728972 -0.17010262685728972 -0.16644279176195498 -0.16292569319560318 -0.15151217254818247 -0.15015433761543776 -0.15076379179363636 -0.13718176774679253 -0.10717164796500567 -0.09834427903086175 -0.05646783131543406 -0.062096038318993206 -0.0540506367608819 -0.0540506367608819 -0.04316816363657956 -0.04639651613525776 -0.04639651613525776
-0.15151217254818247 -0.15151217254818247 -0.15151217254818247 -0.15151217254818247 -0.15151217254818247 -0.15151217254818247 -0.15151217254818247 -0.15151217254818247 -0.15151217254818247 -0.15151217254818247 -0.15151217254818247 -0.15151217254818247 -0.15151217254818247 -0.15151217254818247 -0.15151217254818247 -0.15151217254818247 -0.15151217254818247 -0.15151217254818247 -0.15151217254818247 -0.15151217254818247 -0.15151217254818247 -0.15151217254818247 -0.15151217254818247 -0.15151217254818247 -0.15151217254818247 -0.15151217254818247 -0.15151217254818247 -0.15151217254818247 -0.15151217254818247 -0.15151217254818247 -0.15151217254818247 -0.15151217254818247 -0.15151217254818247 -0.15151217254818247 -0.15151217254818247 -0.15151217254818247 -0.15151217254818247 -0.15151217254818247 -0.15151217254818247 -0.15151217254818247 -0.15151217254818247 -0.15151217254818247 -0.15151217254818247 -0.15151217254818247 -0.15151217254818247 -0.15151217254818247 -0.15151217254818247 -0.15151217254818247 -0.15151217254818247 -0.15151217254818247 -0.15151217254818247 -0.15151217254818247 -0.15151217254818247 -0.15151217254818247 -0.15151217254818247 -0.15151217254818247 -0.15151217254818247 -0.15151217254818247 -0.15151217254818247 -0.15151217254818247 -0.15151217254818247 -0.15151217254818247 -0.15151217254818247 -0.15151217254818247 -0.15151217254818247 -0.15151217254818247 -0.15151217254818247 -0.15151217254818247 -0.15151217254818247 -0.15151217254818247 -0.15151217254818247 -0.15151217254818247 -0.15151217254818247 -0.15151217254818247 -0.1463197491294116 -0.15151217254818247 -0.15151217254818247 -0.15151217254818247 -0.15151217254818247 -0.15151217254818247 -0.15151217254818247 -0.15151217254818247 -0.15151217254818247 -0.15151217254818247 -0.15151217254818247 -0.15015433761543776 -0.15076379179363636 -0.13718176774679253 -0.10717164796500567 -0.09834427903086175 -0.05646783131543406 -0.062096038318993206 -0.0540506367608819 -0.0540506367608819 -0.04316816363657956 -0.04639651613525776 -0.04639651613525776
-0.2580388130303047 -0.2580388130303047 -0.2580388130303047 -0.2580388130303047 -0.2580388130303047 -0.2580388130303047 -0.2580388130303047 -0.2580388130303047 -0.2580388130303047 -0.2580388130303047 -0.2580388130303047 -0.2580388130303047 -0.2580388130303047 -0.2580388130303047 -0.2580388130303047 -0.2580388130303047 -0.2580388130303047 -0.2580388130303047 -0.2580388130303047 -0.2580388130303047 -0.2580388130303047 -0.2580388130303047 -0.2580388130303047 -0.2580388130303047 -0.18680081060525894 -0.2580388130303047 -0.2580388130303047 -0.2580388130303047 -0.2580388130303047 -0.2580388130303047 -0.2580388130303047 -0.2580388130303047 -0.2580388130303047 -0.2580388130303047 -0.2580388130303047 -0.2580388130303047 -0.2580388130303047 -0.2580388130303047 -0.2580388130303047 -0.2580388130303047 -0.2580388130303047 -0.2580388130303047 -0.2580388130303047 -0.2580388130303047 -0.2580388130303047 -0.2580388130303047 -0.22792673485377757 -0.23115323117485265 -0.18680081060525894 -0.18680081060525894 -0.22792673485377757 -0.2580388130303047 -0.23115323117485265 -0.2580388130303047 -0.22792673485377757 -0.23115323117485265 -0.2580388130303047 -0.22792673485377757 -0.23115323117485265 -0.2580388130303047 -0.22792673485377757 -0.22792673485377757 -0.23115323117485265 -0.2580388130303047 -0.2580388130303047 -0.2580388130303047 -0.2580388130303047 -0.2580388130303047 -0.2580388130303047 -0.2580388130303047 -0.2580388130303047 -0.22792673485377757 -0.2580388130303047 -0.2404488369600046 -0.1463197491294116 -0.22042650718697718 -0.1834986033585268 -0.18333289222395 -0.18528356058641587 -0.18505708147873406 -0.17010262685728972 -0.17010262685728972 -0.16644279176195498 -0.16292569319560318 -0.15151217254818247 -0.15015433761543776 -0.15076379179363636 -0.13718176774679253 -0.10717164796500567 -0.09834427903086175 -0.05646783131543406 -0.062096038318993206 -0.0540506367608819 -0.0540506367608819 -0.04316816363657956 -0.04639651613525776 -0.04639651613525776
-0.22042650718697718 -0.22042650718697718 -0.22042650718697718 -0.22042650718697718 -0.22042650718697718 -0.22042650718697718 -0.22042650718697718 -0.22042650718697718 -0.22042650718697718 -0.22042650718697718 -0.22042650718697718 -0.22042650718697718 -0.22042650718697718 -0.22042650718697718 -0.22042650718697718 -0.22042650718697718 -0.22042650718697718 -0.22042650718697718 -0.22042650718697718 -0.22042650718697718 -0.22042650718697718 -0.22042650718697718 -0.22042650718697718 -0.22042650718697718 -0.18680081060525894 -0.22042650718697718 -0.22042650718697718 -0.22042650718697718 -0.22042650718697718 -0.22042650718697718 -0.22042650718697718 -0.22042650718697718 -0.22042650718697718 -0.22042650718697718 -0.22042650718697718 -0.22042650718697718 -0.22042650718697718 -0.22042650718697718 -0.22042650718697718 -0.22042650718697718 -0.22042650718697718 -0.22042650718697718 -0.22042650718697718 -0.22042650718697718 -0.22042650718697718 -0.22042650718697718 -0.22042650718697718 -0.22042650718697718 -0.18680081060525894 -0.18680081060525894 -0.22042650718697718 -0.22042650718697718 -0.22042650718697718 -0.22042650718697718 -0.22042650718697718 -0.22042650718697718 -0.22042650718697718 -0.22042650718697718 -0.22042650718697718 -0.22042650718697718 -0.22042650718697718 -0.22042650718697718 -0.22042650718697718 -0.22042650718697718 -0.22042650718697718 -0.22042650718697718 -0.22042650718697718 -0.22042650718697718 -0.22042650718697718 -0.22042650718697718 -0.22042650718697718 -0.22042650718697718 -0.22042650718697718 -0.22042650718697718 -0.1463197491294116 -0.22042650718697718 -0.1834986033585268 -0.18333289222395 -0.18528356058641587 -0.18505708147873406 -0.17010262685728972 -0.17010262685728972 -0.16644279176195498 -0.16292569319560318 -0.15151217254818247 -0.15015433761543776 -0.15076379179363636 -0.13718176774679253 -0.10717164796500567 -0.09834427903086175 -0.05646783131543406 -0.062096038318993206 -0.0540506367608819 -0.0540506367608819 -0.04316816363657956 -0.04639651613525776 -0.04639651613525776
-0.32412616328632143 -0.32412616328632143 -0.32412616328632143 -0.32412616328632143 -0.32412616328632143 -0.2677274293920085 -0.32412616328632143 -0.32412616328632143 -0.32412616328632143 -0.32412616328632143 -0.32412616328632143 -0.32412616328632143 -0.32412616328632143 -0.32412616328632143 -0.32412616328632143 -0.32412616328632143 -0.32412616328632143 -0.32412616328632143 -0.32412616328632143 -0.32412616328632143 -0.32412616328632143 -0.32412616328632143 -0.32412616328632143 -0.32412616328632143 -0.18680081060525894 -0.32412616328632143 -0.2677274293920085 -0.32412616328632143 -0.2677274293920085 -0.32412616328632143 -0.32412616328632143 -0.26243168892835433 -0.32412616328632143 -0.32412616328632143 -0.32412616328632143 -0.2677274293920085 -0.32412616328632143 -0.32412616328632143 -0.32412616328632143 -0.32412616328632143 -0.32412616328632143 -0.32412616328632143 -0.32412616328632143 -0.32412616328632143 -0.32412616328632143 -0.32412616328632143 -0.22792673485377757 -0.23115323117485265 -0.18680081060525894 -0.18680081060525894 -0.22792673485377757 -0.32412616328632143 -0.23115323117485265 -0.26243168892835433 -0.22792673485377757 -0.23115323117485265 -0.32412616328632143 -0.22792673485377757 -0.23115323117485265 -0.26243168892835433 -0.22792673485377757 -0.22792673485377757 -0.23115323117485265 -0.32412616328632143 -0.32412616328632143 -0.28592059511651297 -0.2677274293920085 -0.2677274293920085 -0.2677274293920085 -0.2954912211319098 -0.2677274293920085 -0.22792673485377757 -0.2580388130303047 -0.2404488369600046 -0.1463197491294116 -0.22042650718697718 -0.1834986033585268 -0.18333289222395 -0.18528356058641587 -0.18505708147873406 -0.17010262685728972 -0.17010262685728972 -0.16644279176195498 -0.16292569319560318 -0.15151217254818247 -0.15015433761543776 -0.15076379179363636 -0.13718176774679253 -0.10717164796500567 -0.09834427903086175 -0.05646783131543406 -0.062096038318993206 -0.0540506367608819 -0.0540506367608819 -0.04316816363657956 -0.04639651613525776 -0.04639651613525776
-0.296797156628846 -0.296797156628846 -0.296797156628846 -0.296797156628846 -0.296797156628846 -0.2677274293920085 -0.296797156628846 -0.296797156628846 -0.296797156628846 -0.296797156628846 -0.296797156628846 -0.296797156628846 -0.296797156628846 -0.296797156628846 -0.296797156628846 -0.296797156628846 -0.296797156628846 -0.296797156628846 -0.296797156628846 -0.296797156628846 -0.296797156628846 -0.296797156628846 -0.296797156628846 -0.296797156628846 -0.18680081060525894 -0.296797156628846 -0.2677274293920085 -0.296797156628846 -0.2677274293920085 -0.296797156628846 -0.296797156628846 -0.26243168892835433 -0.296797156628846 -0.296797156628846 -0.296797156628846 -0.2677274293920085 -0.296797156628846 -0.296797156628846 -0.296797156628846 -0.296797156628846 -0.296797156628846 -0.296797156628846 -0.296797156628846 -0.296797156628846 -0.296797156628846 -0.296797156628846 -0.22792673485377757 -0.23115323117485265 -0.18680081060525894 -0.18680081060525894 -0.22792673485377757 -0.296797156628846 -0.23115323117485265 -0.26243168892835433 -0.22792673485377757 -0.23115323117485265 -0.296797156628846 -0.22792673485377757 -0.23115323117485265 -0.26243168892835433 -0.22792673485377757 -0.22792673485377757 -0.23115323117485265 -0.296797156628846 -0.296797156628846 -0.28592059511651297 -0.2677274293920085 -0.2677274293920085 -0.2677274293920085 -0.2954912211319098 -0.2677274293920085 -0.22792673485377757 -0.2580388130303047 -0.2404488369600046 -0.1463197491294116 -0.22042650718697718 -0.1834986033585268 -0.18333289222395 -0.18528356058641587 -0.18505708147873406 -0.17010262685728972 -0.17010262685728972 -0.16644279176195498 -0.16292569319560318 -0.15151217254818247 -0.15015433761543776 -0.15076379179363636 -0.13718176774679253 -0.10717164796500567 -0.09834427903086175 -0.05646783131543406 -0.062096038318993206 -0.0540506367608819 -0.0540506367608819 -0.04316816363657956 -0.04639651613525776 -0.04639651613525776
-0.29544440460518995 -0.29544440460518995 -0.29544440460518995 -0.29544440460518995 -0.29544440460518995 -0.2677274293920085 -0.29544440460518995 -0.29544440460518995 -0.29544440460518995 -0.29544440460518995 -0.29544440460518995 -0.29544440460518995 -0.29544440460518995 -0.29544440460518995 -0.29544440460518995 -0.29544440460518995 -0.29544440460518995 -0.29544440460518995 -0.29544440460518995 -0.29544440460518995 -0.29544440460518995 -0.29544440460518995 -0.29544440460518995 -0.29544440460518995 -0.18680081060525894 -0.29544440460518995 -0.2677274293920085 -0.29544440460518995 -0.2677274293920085 -0.29544440460518995 -0.29544440460518995 -0.26243168892835433 -0.29544440460518995 -0.29544440460518995 -0.29544440460518995 -0.2677274293920085 -0.29544440460518995 -0.29544440460518995 -0.29544440460518995 -0.29544440460518995 -0.29544440460518995 -0.29544440460518995 -0.29544440460518995 -0.29544440460518995 -0.29544440460518995 -0.29544440460518995 -0.22792673485377757 -0.23115323117485265 -0.18680081060525894 -0.18680081060525894 -0.22792673485377757 -0.29544440460518995 -0.23115323117485265 -0.26243168892835433 -0.22792673485377757 -0.23115323117485265 -0.29544440460518995 -0.22792673485377757 -0.23115323117485265 -0.26243168892835433 -0.22792673485377757 -0.22792673485377757 -0.23115323117485265 -0.29544440460518995 -0.29544440460518995 -0.28592059511651297 -0.2677274293920085 -0.2677274293920085 -0.2677274293920085 -0.29544440460518995 -0.2677274293920085 -0.22792673485377757 -0.2580388130303047 -0.2404488369600046 -0.1463197491294116 -0.22042650718697718 -0.1834986033585268 -0.18333289222395 -0.18528356058641587 -0.18505708147873406 -0.17010262685728972 -0.17010262685728972 -0.16644279176195498 -0.16292569319560318 -0.15151217254818247 -0.15015433761543776 -0.15076379179363636 -0.13718176774679253 -0.10717164796500567 -0.09834427903086175 -0.05646783131543406 -0.062096038318993206 -0.0540506367608819 -0.0540506367608819 -0.04316816363657956 -0.04639651613525776 -0.04639651613525776
-0.28592059511651297 -0.28592059511651297 -0.28592059511651297 -0.28592059511651297 -0.28592059511651297 -0.2677274293920085 -0.28592059511651297 -0.28592059511651297 -0.28592059511651297 -0.28592059511651297 -0.28592059511651297 -0.28592059511651297 -0.28592059511651297 -0.28592059511651297 -0.28592059511651297 -0.28592059511651297 -0.28592059511651297 -0.28592059511651297 -0.28592059511651297 -0.28592059511651297 -0.28592059511651297 -0.28592059511651297 -0.28592059511651297 -0.28592059511651297 -0.18680081060525894 -0.28592059511651297 -0.2677274293920085 -0.28592059511651297 -0.2677274293920085 -0.28592059511651297 -0.28592059511651297 -0.26243168892835433 -0.28592059511651297 -0.28592059511651297 -0.28592059511651297 -0.2677274293920085 -0.28592059511651297 -0.28592059511651297 -0.28592059511651297 -0.28592059511651297 -0.28592059511651297 -0.28592059511651297 -0.28592059511651297 -0.28592059511651297 -0.28592059511651297 -0.28592059511651297 -0.22792673485377757 -0.23115323117485265 -0.18680081060525894 -0.18680081060525894 -0.22792673485377757 -0.28592059511651297 -0.23115323117485265 -0.26243168892835433 -0.22792673485377757 -0.23115323117485265 -0.28592059511651297 -0.22792673485377757 -0.23115323117485265 -0.26243168892835433 -0.22792673485377757 -0.22792673485377757 -0.23115323117485265 -0.28592059511651297 -0.28592059511651297 -0.28592059511651297 -0.2677274293920085 -0.2677274293920085 -0.2677274293920085 -0.28592059511651297 -0.2677274293920085 -0.22792673485377757 -0.2580388130303047 -0.2404488369600046 -0.1463197491294116 -0.22042650718697718 -0.1834986033585268 -0.18333289222395 -0.18528356058641587 -0.18505708147873406 -0.17010262685728972 -0.17010262685728972 -0.16644279176195498 -0.16292569319560318 -0.15151217254818247 -0.15015433761543776 -0.15076379179363636 -0.13718176774679253 -0.10717164796500567 -0.09834427903086175 -0.05646783131543406 -0.062096038318993206 -0.0540506367608819 -0.0540506367608819 -0.04316816363657956 -0.04639651613525776 -0.04639651613525776
-0.2906438428184867 -0.2906438428184867 -0.2906438428184867 -0.2906438428184867 -0.2906438428184867 -0.2677274293920085 -0.2906438428184867 -0.2906438428184867 -0.2906438428184867 -0.2906438428184867 -0.2906438428184867 -0.2906438428184867 -0.2906438428184867 -0.2906438428184867 -0.2906438428184867 -0.2906438428184867 -0.2906438428184867 -0.2906438428184867 -0.2906438428184867 -0.2906438428184867 -0.2906438428184867 -0.2906438428184867 -0.2906438428184867 -0.2906438428184867 -0.18680081060525894 -0.2906438428184867 -0.2677274293920085 -0.2906438428184867 -0.2677274293920085 -0.2906438428184867 -0.2906438428184867 -0.26243168892835433 -0.2906438428184867 -0.2906438428184867 -0.2906438428184867 -0.2677274293920085 -0.2906438428184867 -0.2906438428184867 -0.2906438428184867 -0.2906438428184867 -0.2906438428184867 -0.2906438428184867 -0.2906438428184867 -0.2906438428184867 -0.2906438428184867 -0.2906438428184867 -0.22792673485377757 -0.23115323117485265 -0.18680081060525894 -0.18680081060525894 -0.22792673485377757 -0.2906438428184867 -0.23115323117485265 -0.26243168892835433 -0.22792673485377757 -0.23115323117485265 -0.2906438428184867 -0.22792673485377757 -0.23115323117485265 -0.26243168892835433 -0.22792673485377757 -0.22792673485377757 -0.23115323117485265 -0.2906438428184867 -0.2906438428184867 -0.28592059511651297 -0.2677274293920085 -0.2677274293920085 -0.2677274293920085 -0.2906438428184867 -0.2677274293920085 -0.22792673485377757 -0.2580388130303047 -0.2404488369600046 -0.1463197491294116 -0.22042650718697718 -0.1834986033585268 -0.18333289222395 -0.18528356058641587 -0.18505708147873406 -0.17010262685728972 -0.17010262685728972 -0.16644279176195498 -0.16292569319560318 -0.15151217254818247 -0.15015433761543776 -0.15076379179363636 -0.13718176774679253 -0.10717164796500567 -0.09834427903086175 -0.05646783131543406 -0.062096038318993206 -0.0540506367608819 -0.0540506367608819 -0.04316816363657956 -0.04639651613525776 -0.04639651613525776
-0.2580388130303047 -0.2580388130303047 -0.2580388130303047 -0.2580388130303047 -0.2580388130303047 -0.2580388130303047 -0.2580388130303047 -0.2580388130303047 -0.2580388130303047 -0.2580388130303047 -0.2580388130303047 -0.2580388130303047 -0.2580388130303047 -0.2580388130303047 -0.2580388130303047 -0.2580388130303047 -0.2580388130303047 -0.2580388130303047 -0.2580388130303047 -0.2580388130303047 -0.2580388130303047 -0.2580388130303047 -0.2580388130303047 -0.2580388130303047 -0.18680081060525894 -0.2580388130303047 -0.2580388130303047 -0.2580388130303047 -0.2580388130303047 -0.2580388130303047 -0.2580388130303047 -0.2580388130303047 -0.2580388130303047 -0.2580388130303047 -0.2580388130303047 -0.2580388130303047 -0.2580388130303047 -0.2580388130303047 -0.2580388130303047 -0.2580388130303047 -0.2580388130303047 -0.2580388130303047 -0.2580388130303047 -0.2580388130303047 -0.2580388130303047 -0.2580388130303047 -0.22792673485377757 -0.23115323117485265 -0.18680081060525894 -0.18680081060525894 -0.22792673485377757 -0.2580388130303047 -0.23115323117485265 -0.2580388130303047 -0.22792673485377757 -0.23115323117485265 -0.2580388130303047 -0.22792673485377757 -0.23115323117485265 -0.2580388130303047 -0.22792673485377757 -0.22792673485377757 -0.23115323117485265 -0.2580388130303047 -0.2580388130303047 -0.2580388130303047 -0.2580388130303047 -0.2580388130303047 -0.2580388130303047 -0.2580388130303047 -0.2580388130303047 -0.22792673485377757 -0.2580388130303047 -0.2404488369600046 -0.1463197491294116 -0.22042650718697718 -0.1834986033585268 -0.18333289222395 -0.18528356058641587 -0.18505708147873406 -0.17010262685728972 -0.17010262685728972 -0.16644279176195498 -0.16292569319560318 -0.15151217254818247 -0.15015433761543776 -0.15076379179363636 -0.13718176774679253 -0.10717164796500567 -0.09834427903086175 -0.05646783131543406 -0.062096038318993206 -0.0540506367608819 -0.0540506367608819 -0.04316816363657956 -0.04639651613525776 -0.04639651613525776
-0.13718176774679253 -0.13718176774679253 -0.13718176774679253 -0.13718176774679253 -0.13718176774679253 -0.13718176774679253 -0.13718176774679253 -0.13718176774679253 -0.13718176774679253 -0.13718176774679253 -0.13718176774679253 -0.13718176774679253 -0.13718176774679253 -0.13718176774679253 -0.13718176774679253 -0.13718176774679253 -0.13718176774679253 -0.13718176774679253 -0.13718176774679253 -0.13718176774679253 -0.13718176774679253 -0.13718176774679253 -0.13718176774679253 -0.13718176774679253 -0.13718176774679253 -0.13718176774679253 -0.13718176774679253 -0.13718176774679253 -0.13718176774679253 -0.13718176774679253 -0.13718176774679253 -0.13718176774679253 -0.13718176774679253 -0.13718176774679253 -0.13718176774679253 -0.13718176774679253 -0.13718176774679253 -0.13718176774679253 -0.13718176774679253 -0.13718176774679253 -0.13718176774679253 -0.13718176774679253 -0.13718176774679253 -0.13718176774679253 -0.13718176774679253 -0.13718176774679253 -0.13718176774679253 -0.13718176774679253 -0.13718176774679253 -0.13718176774679253 -0.13718176774679253 -0.13718176774679253 -0.13718176774679253 -0.13718176774679253 -0.13718176774679253 -0.13718176774679253 -0.13718176774679253 -0.13718176774679253 -0.13718176774679253 -0.13718176774679253 -0.13718176774679253 -0.13718176774679253 -0.13718176774679253 -0.13718176774679253 -0.13718176774679253 -0.13718176774679253 -0.13718176774679253 -0.13718176774679253 -0.13718176774679253 -0.13718176774679253 -0.13718176774679253 -0.13718176774679253 -0.13718176774679253 -0.13718176774679253 -0.13718176774679253 -0.13718176774679253 -0.13718176774679253 -0.13718176774679253 -0.13718176774679253 -0.13718176774679253 -0.13718176774679253 -0.13718176774679253 -0.13718176774679253 -0.13718176774679253 -0.13718176774679253 -0.13718176774679253 -0.13718176774679253 -0.13718176774679253 -0.10717164796500567 -0.09834427903086175 -0.05646783131543406 -0.062096038318993206 -0.0540506367608819 -0.0540506367608819 -0.04316816363657956 -0.04639651613525776 -0.04639651613525776
-0.2580388130303047 -0.2580388130303047 -0.2580388130303047 -0.2580388130303047 -0.2580388130303047 -0.2580388130303047 -0.2580388130303047 -0.2580388130303047 -0.2580388130303047 -0.2580388130303047 -0.2580388130303047 -0.2580388130303047 -0.2580388130303047 -0.2580388130303047 -0.2580388130303047 -0.2580388130303047 -0.2580388130303047 -0.2580388130303047 -0.2580388130303047 -0.2580388130303047 -0.2580388130303047 -0.2580388130303047 -0.2580388130303047 -0.2580388130303047 -0.18680081060525894 -0.2580388130303047 -0.2580388130303047 -0.2580388130303047 -0.2580388130303047 -0.2580388130303047 -0.2580388130303047 -0.2580388130303047 -0.2580388130303047 -0.2580388130303047 -0.2580388130303047 -0.2580388130303047 -0.2580388130303047 -0.2580388130303047 -0.2580388130303047 -0.2580388130303047 -0.2580388130303047 -0.2580388130303047 -0.2580388130303047 -0.2580388130303047 -0.2580388130303047 -0.2580388130303047 -0.22792673485377757 -0.23115323117485265 -0.18680081060525894 -0.18680081060525894 -0.22792673485377757 -0.2580388130303047 -0.23115323117485265 -0.2580388130303047 -0.22792673485377757 -0.23115323117485265 -0.2580388130303047 -0.22792673485377757 -0.23115323117485265 -0.2580388130303047 -0.22792673485377757 -0.22792673485377757 -0.23115323117485265 -0.2580388130303047 -0.2580388130303047 -0.2580388130303047 -0.2580388130303047 -0.2580388130303047 -0.2580388130303047 -0.2580388130303047 -0.2580388130303047 -0.22792673485377757 -0.2580388130303047 -0.2404488369600046 -0.1463197491294116 -0.22042650718697718 -0.1834986033585268 -0.18333289222395 -0.18528356058641587 -0.18505708147873406 -0.17010262685728972 -0.17010262685728972 -0.16644279176195498 -0.16292569319560318 -0.15151217254818247 -0.15015433761543776 -0.15076379179363636 -0.13718176774679253 -0.10717164796500567 -0.09834427903086175 -0.05646783131543406 -0.062096038318993206 -0.0540506367608819 -0.0540506367608819 -0.04316816363657956 -0.04639651613525776 -0.04639651613525776
-0.22792673485377757 -0.22792673485377757 -0.22792673485377757 -0.22792673485377757 -0.22792673485377757 -0.22792673485377757 -0.22792673485377757 -0.22792673485377757 -0.22792673485377757 -0.22792673485377757 -0.22792673485377757 -0.22792673485377757 -0.22792673485377757 -0.22792673485377757 -0.22792673485377757 -0.22792673485377757 -0.22792673485377757 -0.22792673485377757 -0.22792673485377757 -0.22792673485377757 -0.22792673485377757 -0.22792673485377757 -0.22792673485377757 -0.22792673485377757 -0.18680081060525894 -0.22792673485377757 -0.22792673485377757 -0.22792673485377757 -0.22792673485377757 -0.22792673485377757 -0.22792673485377757 -0.22792673485377757 -0.22792673485377757 -0.22792673485377757 -0.22792673485377757 -0.22792673485377757 -0.22792673485377757 -0.22792673485377757 -0.22792673485377757 -0.22792673485377757 -0.22792673485377757 -0.22792673485377757 -0.22792673485377757 -0.22792673485377757 -0.22792673485377757 -0.22792673485377757 -0.24203169660618193 -0.22792673485377757 -0.18680081060525894 -0.18680081060525894 -0.24203169660618193 -0.22792673485377757 -0.22792673485377757 -0.22792673485377757 -0.24203169660618193 -0.22792673485377757 -0.22792673485377757 -0.24203169660618193 -0.22792673485377757 -0.22792673485377757 -0.24203169660618193 -0.24203169660618193 -0.22792673485377757 -0.22792673485377757 -0.22792673485377757 -0.22792673485377757 -0.22792673485377757 -0.22792673485377757 -0.22792673485377757 -0.22792673485377757 -0.22792673485377757 -0.26496873291905393 -0.22792673485377757 -0.22792673485377757 -0.1463197491294116 -0.22042650718697718 -0.1834986033585268 -0.18333289222395 -0.18528356058641587 -0.18505708147873406 -0.17010262685728972 -0.17010262685728972 -0.16644279176195498 -0.16292569319560318 -0.15151217254818247 -0.15015433761543776 -0.15076379179363636 -0.13718176774679253 -0.10717164796500567 -0.09834427903086175 -0.05646783131543406 -0.062096038318993206 -0.0540506367608819 -0.0540506367608819 -0.04316816363657956 -0.04639651613525776 -0.04639651613525776
-0.1463197491294116 -0.1463197491294116 -0.1463197491294116 -0.1463197491294116 -0.1463197491294116 -0.1463197491294116 -0.1463197491294116 -0.1463197491294116 -0.1463197491294116 -0.1463197491294116 -0.1463197491294116 -0.1463197491294116 -0.1463197491294116 -0.1463197491294116 -0.1463197491294116 -0.1463197491294116 -0.1463197491294116 -0.1463197491294116 -0.1463197491294116 -0.1463197491294116 -0.1463197491294116 -0.1463197491294116 -0.1463197491294116 -0.1463197491294116 -0.1463197491294116 -0.1463197491294116 -0.1463197491294116 -0.1463197491294116 -0.1463197491294116 -0.1463197491294116 -0.1463197491294116 -0.1463197491294116 -0.1463197491294116 -0.1463197491294116 -0.1463197491294116 -0.1463197491294116 -0.1463197491294116 -0.1463197491294116 -0.1463197491294116 -0.1463197491294116 -0.1463197491294116 -0.1463197491294116 -0.1463197491294116 -0.1463197491294116 -0.1463197491294116 -0.1463197491294116 -0.1463197491294116 -0.1463197491294116 -0.1463197491294116 -0.1463197491294116 -0.1463197491294116 -0.1463197491294116 -0.1463197491294116 -0.1463197491294116 -0.1463197491294116 -0.1463197491294116 -0.1463197491294116 -0.1463197491294116 -0.1463197491294116 -0.1463197491294116 -0.1463197491294116 -0.1463197491294116 -0.1463197491294116 -0.1463197491294116 -0.1463197491294116 -0.1463197491294116 -0.1463197491294116 -0.1463197491294116 -0.1463197491294116 -0.1463197491294116 -0.1463197491294116 -0.1463197491294116 -0.1463197491294116 -0.1463197491294116 -0.24823462070503807 -0.1463197491294116 -0.1463197491294116 -0.1463197491294116 -0.1463197491294116 -0.1463197491294116 -0.1463197491294116 -0.1463197491294116 -0.1463197491294116 -0.1463197491294116 -0.1463197491294116 -0.1463197491294116 -0.1463197491294116 -0.13718176774679253 -0.10717164796500567 -0.09834427903086175 -0.05646783131543406 -0.062096038318993206 -0.0540506367608819 -0.0540506367608819 -0.04316816363657956 -0.04639651613525776 -0.04639651613525776
-0.1463197491294116 -0.1463197491294116 -0.1463197491294116 -0.1463197491294116 -0.1463197491294116 -0.1463197491294116 -0.1463197491294116 -0.1463197491294116 -0.1463197491294116 -0.1463197491294116 -0.1463197491294116 -0.1463197491294116 -0.1463197491294116 -0.1463197491294116 -0.1463197491294116 -0.1463197491294116 -0.1463197491294116 -0.1463197491294116 -0.1463197491294116 -0.1463197491294116 -0.1463197491294116 -0.1463197491294116 -0.1463197491294116 -0.1463197491294116 -0.1463197491294116 -0.1463197491294116 -0.1463197491294116 -0.1463197491294116 -0.1463197491294116 -0.1463197491294116 -0.1463197491294116 -0.1463197491294116 -0.1463197491294116 -0.1463197491294116 -0.1463197491294116 -0.1463197491294116 -0.1463197491294116 -0.1463197491294116 -0.1463197491294116 -0.1463197491294116 -0.1463197491294116 -0.1463197491294116 -0.1463197491294116 -0.1463197491294116 -0.1463197491294116 -0.1463197491294116 -0.1463197491294116 -0.1463197491294116 -0.1463197491294116 -0.1463197491294116 -0.1463197491294116 -0.1463197491294116 -0.1463197491294116 -0.1463197491294116 -0.1463197491294116 -0.1463197491294116 -0.1463197491294116 -0.1463197491294116 -0.1463197491294116 -0.1463197491294116 -0.1463197491294116 -0.1463197491294116 -0.1463197491294116 -0.1463197491294116 -0.1463197491294116 -0.1463197491294116 -0.1463197491294116 -0.1463197491294116 -0.1463197491294116 -0.1463197491294116 -0.1463197491294116 -0.1463197491294116 -0.1463197491294116 -0.1463197491294116 -0.24549594132495206 -0.1463197491294116 -0.1463197491294116 -0.1463197491294116 -0.1463197491294116 -0.1463197491294116 -0.1463197491294116 -0.1463197491294116 -0.1463197491294116 -0.1463197491294116 -0.1463197491294116 -0.1463197491294116 -0.1463197491294116 -0.13718176774679253 -0.10717164796500567 -0.09834427903086175 -0.05646783131543406 -0.062096038318993206 -0.0540506367608819 -0.0540506367608819 -0.04316816363657956 -0.04639651613525776 -0.04639651613525776
-0.22792673485377757 -0.22792673485377757 -0.22792673485377757 -0.22792673485377757 -0.22792673485377757 -0.22792673485377757 -0.22792673485377757 -0.22792673485377757 -0.22792673485377757 -0.22792673485377757 -0.22792673485377757 -0.22792673485377757 -0.22792673485377757 -0.22792673485377757 -0.22792673485377757 -0.22792673485377757 -0.22792673485377757 -0.22792673485377757 -0.22792673485377757 -0.22792673485377757 -0.22792673485377757 -0.22792673485377757 -0.22792673485377757 -0.22792673485377757 -0.18680081060525894 -0.22792673485377757 -0.22792673485377757 -0.22792673485377757 -0.22792673485377757 -0.22792673485377757 -0.22792673485377757 -0.22792673485377757 -0.22792673485377757 -0.22792673485377757 -0.22792673485377757 -0.22792673485377757 -0.22792673485377757 -0.22792673485377757 -0.22792673485377757 -0.22792673485377757 -0.22792673485377757 -0.22792673485377757 -0.22792673485377757 -0.22792673485377757 -0.22792673485377757 -0.22792673485377757 -0.22792673485377757 -0.22792673485377757 -0.18680081060525894 -0.18680081060525894 -0.22792673485377757 -0.22792673485377757 -0.22792673485377757 -0.22792673485377757 -0.22792673485377757 -0.22792673485377757 -0.22792673485377757 -0.22792673485377757 -0.22792673485377757 -0.22792673485377757 -0.22792673485377757 -0.22792673485377757 -0.22792673485377757 -0.22792673485377757 -0.22792673485377757 -0.22792673485377757 -0.22792673485377757 -0.22792673485377757 -0.22792673485377757 -0.22792673485377757 -0.22792673485377757 -0.22792673485377757 -0.22792673485377757 -0.22792673485377757 -0.1463197491294116 -0.22042650718697718 -0.1834986033585268 -0.18333289222395 -0.18528356058641587 -0.18505708147873406 -0.17010262685728972 -0.17010262685728972 -0.16644279176195498 -0.16292569319560318 -0.15151217254818247 -0.15015433761543776 -0.15076379179363636 -0.13718176774679253 -0.10717164796500567 -0.09834427903086175 -0.05646783131543406 -0.062096038318993206 -0.0540506367608819 -0.0540506367608819 -0.04316816363657956 -0.04639651613525776 -0.04639651613525776
-0.18333289222395 -0.18333289222395 -0.18333289222395 -0.18333289222395 -0.18333289222395 -0.18333289222395 -0.18333289222395 -0.18333289222395 -0.18333289222395 -0.18333289222395 -0.18333289222395 -0.18333289222395 -0.18333289222395 -0.18333289222395 -0.18333289222395 -0.18333289222395 -0.18333289222395 -0.18333289222395 -0.18333289222395 -0.18333289222395 -0.18333289222395 -0.18333289222395 -0.18333289222395 -0.18333289222395 -0.18333289222395 -0.18333289222395 -0.18333289222395 -0.18333289222395 -0.18333289222395 -0.18333289222395 -0.18333289222395 -0.18333289222395 -0.18333289222395 -0.18333289222395 -0.18333289222395 -0.18333289222395 -0.18333289222395 -0.18333289222395 -0.18333289222395 -0.18333289222395 -0.18333289222395 -0.18333289222395 -0.18333289222395 -0.18333289222395 -0.18333289222395 -0.18333289222395 -0.18333289222395 -0.18333289222395 -0.18333289222395 -0.18333289222395 -0.18333289222395 -0.18333289222395 -0.18333289222395 -0.18333289222395 -0.18333289222395 -0.18333289222395 -0.18333289222395 -0.18333289222395 -0.18333289222395 -0.18333289222395 -0.18333289222395 -0.18333289222395 -0.18333289222395 -0.18333289222395 -0.18333289222395 -0.18333289222395 -0.18333289222395 -0.18333289222395 -0.18333289222395 -0.18333289222395 -0.18333289222395 -0.18333289222395 -0.18333289222395 -0.18333289222395 -0.1463197491294116 -0.18333289222395 -0.18333289222395 -0.18333289222395 -0.18333289222395 -0.18333289222395 -0.17010262685728972 -0.17010262685728972 -0.16644279176195498 -0.16292569319560318 -0.15151217254818247 -0.15015433761543776 -0.15076379179363636 -0.13718176774679253 -0.10717164796500567 -0.09834427903086175 -0.05646783131543406 -0.062096038318993206 -0.0540506367608819 -0.0540506367608819 -0.04316816363657956 -0.04639651613525776 -0.04639651613525776
-0.22042650718697718 -0.22042650718697718 -0.22042650718697718 -0.22042650718697718 -0.22042650718697718 -0.22042650718697718 -0.22042650718697718 -0.22042650718697718 -0.22042650718697718 -0.22042650718697718 -0.22042650718697718 -0.22042650718697718 -0.22042650718697718 -0.22042650718697718 -0.22042650718697718 -0.22042650718697718 -0.22042650718697718 -0.22042650718697718 -0.22042650718697718 -0.22042650718697718 -0.22042650718697718 -0.22042650718697718 -0.22042650718697718 -0.22042650718697718 -0.18680081060525894 -0.22042650718697718 -0.22042650718697718 -0.22042650718697718 -0.22042650718697718 -0.22042650718697718 -0.22042650718697718 -0.22042650718697718 -0.22042650718697718 -0.22042650718697718 -0.22042650718697718 -0.22042650718697718 -0.22042650718697718 -0.22042650718697718 -0.22042650718697718 -0.22042650718697718 -0.22042650718697718 -0.22042650718697718 -0.22042650718697718 -0.22042650718697718 -0.22042650718697718 -0.22042650718697718 -0.22042650718697718 -0.22042650718697718 -0.18680081060525894 -0.18680081060525894 -0.22042650718697718 -0.22042650718697718 -0.22042650718697718 -0.22042650718697718 -0.22042650718697718 -0.22042650718697718 -0.22042650718697718 -0.22042650718697718 -0.22042650718697718 -0.22042650718697718 -0.22042650718697718 -0.22042650718697718 -0.22042650718697718 -0.22042650718697718 -0.22042650718697718 -0.22042650718697718 -0.22042650718697718 -0.22042650718697718 -0.22042650718697718 -0.22042650718697718 -0.22042650718697718 -0.22042650718697718 -0.22042650718697718 -0.22042650718697718 -0.1463197491294116 -0.22042650718697718 -0.1834986033585268 -0.18333289222395 -0.18528356058641587 -0.18505708147873406 -0.17010262685728972 -0.17010262685728972 -0.16644279176195498 -0.16292569319560318 -0.15151217254818247 -0.15015433761543776 -0.15076379179363636 -0.13718176774679253 -0.10717164796500567 -0.09834427903086175 -0.05646783131543406 -0.062096038318993206 -0.0540506367608819 -0.0540506367608819 -0.04316816363657956 -0.04639651613525776 -0.04639651613525776
-0.22042650718697718 -0.22042650718697718 -0.22042650718697718 -0.22042650718697718 -0.22042650718697718 -0.22042650718697718 -0.22042650718697718 -0.22042650718697718 -0.22042650718697718 -0.22042650718697718 -0.22042650718697718 -0.22042650718697718 -0.22042650718697718 -0.22042650718697718 -0.22042650718697718 -0.22042650718697718 -0.22042650718697718 -0.22042650718697718 -0.22042650718697718 -0.22042650718697718 -0.22042650718697718 -0.22042650718697718 -0.22042650718697718 -0.22042650718697718 -0.18680081060525894 -0.22042650718697718 -0.22042650718697718 -0.22042650718697718 -0.22042650718697718 -0.22042650718697718 -0.22042650718697718 -0.22042650718697718 -0.22042650718697718 -0.22042650718697718 -0.22042650718697718 -0.22042650718697718 -0.22042650718697718 -0.22042650718697718 -0.22042650718697718 -0.22042650718697718 -0.22042650718697718 -0.22042650718697718 -0.22042650718697718 -0.22042650718697718 -0.22042650718697718 -0.22042650718697718 -0.22042650718697718 -0.22042650718697718 -0.18680081060525894 -0.18680081060525894 -0.22042650718697718 -0.22042650718697718 -0.22042650718697718 -0.22042650718697718 -0.22042650718697718 -0.22042650718697718 -0.22042650718697718 -0.22042650718697718 -0.22042650718697718 -0.22042650718697718 -0.22042650718697718 -0.22042650718697718 -0.22042650718697718 -0.22042650718697718 -0.22042650718697718 -0.22042650718697718 -0.22042650718697718 -0.22042650718697718 -0.22042650718697718 -0.22042650718697718 -0.22042650718697718 -0.22042650718697718 -0.22042650718697718 -0.22042650718697718 -0.1463197491294116 -0.2230737573825625 -0.1834986033585268 -0.18333289222395 -0.18528356058641587 -0.18505708147873406 -0.17010262685728972 -0.17010262685728972 -0.16644279176195498 -0.16292569319560318 -0.15151217254818247 -0.15015433761543776 -0.15076379179363636 -0.13718176774679253 -0.10717164796500567 -0.09834427903086175 -0.05646783131543406 -0.062096038318993206 -0.0540506367608819 -0.0540506367608819 -0.04316816363657956 -0.04639651613525776 -0.04639651613525776
-0.21762688035622685 -0.21762688035622685 -0.21762688035622685 -0.21762688035622685 -0.21762688035622685 -0.21762688035622685 -0.21762688035622685 -0.21762688035622685 -0.21762688035622685 -0.21762688035622685 -0.21762688035622685 -0.21762688035622685 -0.21762688035622685 -0.21762688035622685 -0.21762688035622685 -0.21762688035622685 -0.21762688035622685 -0.21762688035622685 -0.21762688035622685 -0.21762688035622685 -0.21762688035622685 -0.21762688035622685 -0.21762688035622685 -0.21762688035622685 -0.18680081060525894 -0.21762688035622685 -0.21762688035622685 -0.21762688035622685 -0.21762688035622685 -0.21762688035622685 -0.21762688035622685 -0.21762688035622685 -0.21762688035622685 -0.21762688035622685 -0.21762688035622685 -0.21762688035622685 -0.21762688035622685 -0.21762688035622685 -0.21762688035622685 -0.21762688035622685 -0.21762688035622685 -0.21762688035622685 -0.21762688035622685 -0.21762688035622685 -0.21762688035622685 -0.21762688035622685 -0.21762688035622685 -0.21762688035622685 -0.18680081060525894 -0.18680081060525894 -0.21762688035622685 -0.21762688035622685 -0.21762688035622685 -0.21762688035622685 -0.21762688035622685 -0.21762688035622685 -0.21762688035622685 -0.21762688035622685 -0.21762688035622685 -0.21762688035622685 -0.21762688035622685 -0.21762688035622685 -0.21762688035622685 -0.21762688035622685 -0.21762688035622685 -0.21762688035622685 -0.21762688035622685 -0.21762688035622685 -0.21762688035622685 -0.21762688035622685 -0.21762688035622685 -0.21762688035622685 -0.21762688035622685 -0.21762688035622685 -0.1463197491294116 -0.21762688035622685 -0.1834986033585268 -0.18333289222395 -0.18528356058641587 -0.18505708147873406 -0.17010262685728972 -0.17010262685728972 -0.16644279176195498 -0.16292569319560318 -0.15151217254818247 -0.15015433761543776 -0.15076379179363636 -0.13718176774679253 -0.10717164796500567 -0.09834427903086175 -0.05646783131543406 -0.062096038318993206 -0.0540506367608819 -0.0540506367608819 -0.04316816363657956 -0.04639651613525776 -0.04639651613525776
-0.208944462585473 -0.208944462585473 -0.208944462585473 -0.208944462585473 -0.208944462585473 -0.208944462585473 -0.208944462585473 -0.208944462585473 -0.208944462585473 -0.208944462585473 -0.208944462585473 -0.208944462585473 -0.208944462585473 -0.208944462585473 -0.208944462585473 -0.208944462585473 -0.208944462585473 -0.208944462585473 -0.208944462585473 -0.208944462585473 -0.208944462585473 -0.208944462585473 -0.208944462585473 -0.208944462585473 -0.18680081060525894 -0.208944462585473 -0.208944462585473 -0.208944462585473 -0.208944462585473 -0.208944462585473 -0.208944462585473 -0.208944462585473 -0.208944462585473 -0.208944462585473 -0.208944462585473 -0.208944462585473 -0.208944462585473 -0.208944462585473 -0.208944462585473 -0.208944462585473 -0.208944462585473 -0.208944462585473 -0.208944462585473 -0.208944462585473 -0.208944462585473 -0.208944462585473 -0.208944462585473 -0.208944462585473 -0.18680081060525894 -0.18680081060525894 -0.208944462585473 -0.208944462585473 -0.208944462585473 -0.208944462585473 -0.208944462585473 -0.208944462585473 -0.208944462585473 -0.208944462585473 -0.208944462585473 -0.208944462585473 -0.208944462585473 -0.208944462585473 -0.208944462585473 -0.208944462585473 -0.208944462585473 -0.208944462585473 -0.208944462585473 -0.208944462585473 -0.208944462585473 -0.208944462585473 -0.208944462585473 -0.208944462585473 -0.208944462585473 -0.208944462585473 -0.1463197491294116 -0.208944462585473 -0.1834986033585268 -0.18333289222395 -0.18528356058641587 -0.18505708147873406 -0.17010262685728972 -0.17010262685728972 -0.16644279176195498 -0.16292569319560318 -0.15151217254818247 -0.15015433761543776 -0.15076379179363636 -0.13718176774679253 -0.10717164796500567 -0.09834427903086175 -0.05646783131543406 -0.062096038318993206 -0.0540506367608819 -0.0540506367608819 -0.04316816363657956 -0.04639651613525776 -0.04639651613525776
-0.2085353406314334 -0.2085353406314334 -0.2085353406314334 -0.2085353406314334 -0.2085353406314334 -0.2085353406314334 -0.2085353406314334 -0.2085353406314334 -0.2085353406314334 -0.2085353406314334 -0.2085353406314334 -0.2085353406314334 -0.2085353406314334 -0.2085353406314334 -0.2085353406314334 -0.2085353406314334 -0.2085353406314334 -0.2085353406314334 -0.2085353406314334 -0.2085353406314334 -0.2085353406314334 -0.2085353406314334 -0.2085353406314334 -0.2085353406314334 -0.18680081060525894 -0.2085353406314334 -0.2085353406314334 -0.2085353406314334 -0.2085353406314334 -0.2085353406314334 -0.2085353406314334 -0.2085353406314334 -0.2085353406314334 -0.2085353406314334 -0.2085353406314334 -0.2085353406314334 -0.2085353406314334 -0.2085353406314334 -0.2085353406314334 -0.2085353406314334 -0.2085353406314334 -0.2085353406314334 -0.2085353406314334 -0.2085353406314334 -0.2085353406314334 -0.2085353406314334 -0.2085353406314334 -0.2085353406314334 -0.18680081060525894 -0.18680081060525894 -0.2085353406314334 -0.2085353406314334 -0.2085353406314334 -0.2085353406314334 -0.2085353406314334 -0.2085353406314334 -0.2085353406314334 -0.2085353406314334 -0.2085353406314334 -0.2085353406314334 -0.2085353406314334 -0.2085353406314334 -0.2085353406314334 -0.2085353406314334 -0.2085353406314334 -0.2085353406314334 -0.2085353406314334 -0.2085353406314334 -0.2085353406314334 -0.2085353406314334 -0.2085353406314334 -0.2085353406314334 -0.2085353406314334 -0.2085353406314334 -0.1463197491294116 -0.2085353406314334 -0.1834986033585268 -0.18333289222395 -0.18528356058641587 -0.18505708147873406 -0.17010262685728972 -0.17010262685728972 -0.16644279176195498 -0.16292569319560318 -0.15151217254818247 -0.15015433761543776 -0.15076379179363636 -0.13718176774679253 -0.10717164796500567 -0.09834427903086175 -0.05646783131543406 -0.062096038318993206 -0.0540506367608819 -0.0540506367608819 -0.04316816363657956 -0.04639651613525776 -0.04639651613525776
-0.2066739538550323 -0.2066739538550323 -0.2066739538550323 -0.2066739538550323 -0.2066739538550323 -0.2066739538550323 -0.2066739538550323 -0.2066739538550323 -0.2066739538550323 -0.2066739538550323 -0.2066739538550323 -0.2066739538550323 -0.2066739538550323 -0.2066739538550323 -0.2066739538550323 -0.2066739538550323 -0.2066739538550323 -0.2066739538550323 -0.2066739538550323 -0.2066739538550323 -0.2066739538550323 -0.2066739538550323 -0.2066739538550323 -0.2066739538550323 -0.18680081060525894 -0.2066739538550323 -0.2066739538550323 -0.2066739538550323 -0.2066739538550323 -0.2066739538550323 -0.2066739538550323 -0.2066739538550323 -0.2066739538550323 -0.2066739538550323 -0.2066739538550323 -0.2066739538550323 -0.2066739538550323 -0.2066739538550323 -0.2066739538550323 -0.2066739538550323 -0.2066739538550323 -0.2066739538550323 -0.2066739538550323 -0.2066739538550323 -0.2066739538550323 -0.2066739538550323 -0.2066739538550323 -0.2066739538550323 -0.18680081060525894 -0.18680081060525894 -0.2066739538550323 -0.2066739538550323 -0.2066739538550323 -0.2066739538550323 -0.2066739538550323 -0.2066739538550323 -0.2066739538550323 -0.2066739538550323 -0.2066739538550323 -0.2066739538550323 -0.2066739538550323 -0.2066739538550323 -0.2066739538550323 -0.2066739538550323 -0.2066739538550323 -0.2066739538550323 -0.2066739538550323 -0.2066739538550323 -0.2066739538550323 -0.2066739538550323 -0.2066739538550323 -0.2066739538550323 -0.2066739538550323 -0.2066739538550323 -0.1463197491294116 -0.2066739538550323 -0.1834986033585268 -0.18333289222395 -0.18528356058641587 -0.18505708147873406 -0.17010262685728972 -0.17010262685728972 -0.16644279176195498 -0.16292569319560318 -0.15151217254818247 -0.15015433761543776 -0.15076379179363636 -0.13718176774679253 -0.10717164796500567 -0.09834427903086175 -0.05646783131543406 -0.062096038318993206 -0.0540506367608819 -0.0540506367608819 -0.04316816363657956 -0.04639651613525776 -0.04639651613525776
-0.1834986033585268 -0.1834986033585268 -0.1834986033585268 -0.1834986033585268 -0.1834986033585268 -0.1834986033585268 -0.1834986033585268 -0.1834986033585268 -0.1834986033585268 -0.1834986033585268 -0.1834986033585268 -0.1834986033585268 -0.1834986033585268 -0.1834986033585268 -0.1834986033585268 -0.1834986033585268 -0.1834986033585268 -0.1834986033585268 -0.1834986033585268 -0.1834986033585268 -0.1834986033585268 -0.1834986033585268 -0.1834986033585268 -0.1834986033585268 -0.1834986033585268 -0.1834986033585268 -0.1834986033585268 -0.1834986033585268 -0.1834986033585268 -0.1834986033585268 -0.1834986033585268 -0.1834986033585268 -0.1834986033585268 -0.1834986033585268 -0.1834986033585268 -0.1834986033585268 -0.1834986033585268 -0.1834986033585268 -0.1834986033585268 -0.1834986033585268 -0.1834986033585268 -0.1834986033585268 -0.1834986033585268 -0.1834986033585268 -0.1834986033585268 -0.1834986033585268 -0.1834986033585268 -0.1834986033585268 -0.1834986033585268 -0.1834986033585268 -0.1834986033585268 -0.1834986033585268 -0.1834986033585268 -0.1834986033585268 -0.1834986033585268 -0.1834986033585268 -0.1834986033585268 -0.1834986033585268 -0.1834986033585268 -0.1834986033585268 -0.1834986033585268 -0.1834986033585268 -0.1834986033585268 -0.1834986033585268 -0.1834986033585268 -0.1834986033585268 -0.1834986033585268 -0.1834986033585268 -0.1834986033585268 -0.1834986033585268 -0.1834986033585268 -0.1834986033585268 -0.1834986033585268 -0.1834986033585268 -0.1463197491294116 -0.1834986033585268 -0.18695683656828319 -0.18333289222395 -0.1834986033585268 -0.1834986033585268 -0.17010262685728972 -0.17010262685728972 -0.16644279176195498 -0.16292569319560318 -0.15151217254818247 -0.15015433761543776 -0.15076379179363636 -0.13718176774679253 -0.10717164796500567 -0.09834427903086175 -0.05646783131543406 -0.062096038318993206 -0.0540506367608819 -0.0540506367608819 -0.04316816363657956 -0.04639651613525776 -0.04639651613525776
-0.13718176774679253 -0.13718176774679253 -0.13718176774679253 -0.13718176774679253 -0.13718176774679253 -0.13718176774679253 -0.13718176774679253 -0.13718176774679253 -0.13718176774679253 -0.13718176774679253 -0.13718176774679253 -0.13718176774679253 -0.13718176774679253 -0.13718176774679253 -0.13718176774679253 -0.13718176774679253 -0.13718176774679253 -0.13718176774679253 -0.13718176774679253 -0.13718176774679253 -0.13718176774679253 -0.13718176774679253 -0.13718176774679253 -0.13718176774679253 -0.13718176774679253 -0.13718176774679253 -0.13718176774679253 -0.13718176774679253 -0.13718176774679253 -0.13718176774679253 -0.13718176774679253 -0.13718176774679253 -0.13718176774679253 -0.13718176774679253 -0.13718176774679253 -0.13718176774679253 -0.13718176774679253 -0.13718176774679253 -0.13718176774679253 -0.13718176774679253 -0.13718176774679253 -0.13718176774679253 -0.13718176774679253 -0.13718176774679253 -0.13718176774679253 -0.13718176774679253 -0.13718176774679253 -0.13718176774679253 -0.13718176774679253 -0.13718176774679253 -0.13718176774679253 -0.13718176774679253 -0.13718176774679253 -0.13718176774679253 -0.13718176774679253 -0.13718176774679253 -0.13718176774679253 -0.13718176774679253 -0.13718176774679253 -0.13718176774679253 -0.13718176774679253 -0.13718176774679253 -0.13718176774679253 -0.13718176774679253 -0.13718176774679253 -0.13718176774679253 -0.13718176774679253 -0.13718176774679253 -0.13718176774679253 -0.13718176774679253 -0.13718176774679253 -0.13718176774679253 -0.13718176774679253 -0.13718176774679253 -0.13718176774679253 -0.13718176774679253 -0.13718176774679253 -0.13718176774679253 -0.13718176774679253 -0.13718176774679253 -0.13718176774679253 -0.13718176774679253 -0.13718176774679253 -0.13718176774679253 -0.13718176774679253 -0.13718176774679253 -0.13718176774679253 -0.13718176774679253 -0.10717164796500567 -0.09834427903086175 -0.05646783131543406 -0.062096038318993206 -0.0540506367608819 -0.0540506367608819 -0.04316816363657956 -0.04639651613525776 -0.04639651613525776
-0.16250896651943408 -0.16250896651943408 -0.16250896651943408 -0.16250896651943408 -0.16250896651943408 -0.16250896651943408 -0.16250896651943408 -0.16250896651943408 -0.16250896651943408 -0.16250896651943408 -0.16250896651943408 -0.16250896651943408 -0.16250896651943408 -0.16250896651943408 -0.16250896651943408 -0.16250896651943408 -0.16250896651943408 -0.16250896651943408 -0.16250896651943408 -0.16250896651943408 -0.16250896651943408 -0.16250896651943408 -0.16250896651943408 -0.16250896651943408 -0.16250896651943408 -0.16250896651943408 -0.16250896651943408 -0.16250896651943408 -0.16250896651943408 -0.16250896651943408 -0.16250896651943408 -0.16250896651943408 -0.16250896651943408 -0.16250896651943408 -0.16250896651943408 -0.16250896651943408 -0.16250896651943408 -0.16250896651943408 -0.16250896651943408 -0.16250896651943408 -0.16250896651943408 -0.16250896651943408 -0.16250896651943408 -0.16250896651943408 -0.16250896651943408 -0.16250896651943408 -0.16250896651943408 -0.16250896651943408 -0.16250896651943408 -0.16250896651943408 -0.16250896651943408 -0.16250896651943408 -0.16250896651943408 -0.16250896651943408 -0.16250896651943408 -0.16250896651943408 -0.16250896651943408 -0.16250896651943408 -0.16250896651943408 -0.16250896651943408 -0.16250896651943408 -0.16250896651943408 -0.16250896651943408 -0.16250896651943408 -0.16250896651943408 -0.16250896651943408 -0.16250896651943408 -0.16250896651943408 -0.16250896651943408 -0.16250896651943408 -0.16250896651943408 -0.16250896651943408 -0.16250896651943408 -0.16250896651943408 -0.1463197491294116 -0.16250896651943408 -0.16250896651943408 -0.16250896651943408 -0.16250896651943408 -0.16250896651943408 -0.16250896651943408 -0.16250896651943408 -0.16250896651943408 -0.16250896651943408 -0.15151217254818247 -0.15015433761543776 -0.15076379179363636 -0.13718176774679253 -0.10717164796500567 -0.09834427903086175 -0.05646783131543406 -0.062096038318993206 -0.0540506367608819 -0.0540506367608819 -0.04316816363657956 -0.04639651613525776 -0.04639651613525776
-0.15721310585349246 -0.15721310585349246 -0.15721310585349246 -0.15721310585349246 -0.15721310585349246 -0.15721310585349246 -0.15721310585349246 -0.15721310585349246 -0.15721310585349246 -0.15721310585349246 -0.15721310585349246 -0.15721310585349246 -0.15721310585349246 -0.15721310585349246 -0.15721310585349246 -0.15721310585349246 -0.15721310585349246 -0.15721310585349246 -0.15721310585349246 -0.15721310585349246 -0.15721310585349246 -0.15721310585349246 -0.15721310585349246 -0.15721310585349246 -0.15721310585349246 -0.15721310585349246 -0.15721310585349246 -0.15721310585349246 -0.15721310585349246 -0.15721310585349246 -0.15721310585349246 -0.15721310585349246 -0.15721310585349246 -0.15721310585349246 -0.15721310585349246 -0.15721310585349246 -0.15721310585349246 -0.15721310585349246 -0.15721310585349246 -0.15721310585349246 -0.15721310585349246 -0.15721310585349246 -0.15721310585349246 -0.15721310585349246 -0.15721310585349246 -0.15721310585349246 -0.15721310585349246 -0.15721310585349246 -0.15721310585349246 -0.15721310585349246 -0.15721310585349246 -0.15721310585349246 -0.15721310585349246 -0.15721310585349246 -0.15721310585349246 -0.15721310585349246 -0.15721310585349246 -0.15721310585349246 -0.15721310585349246 -0.15721310585349246 -0.15721310585349246 -0.15721310585349246 -0.15721310585349246 -0.15721310585349246 -0.15721310585349246 -0.15721310585349246 -0.15721310585349246 -0.15721310585349246 -0.15721310585349246 -0.15721310585349246 -0.15721310585349246 -0.15721310585349246 -0.15721310585349246 -0.15721310585349246 -0.1463197491294116 -0.15721310585349246 -0.15721310585349246 -0.15721310585349246 -0.15721310585349246 -0.15721310585349246 -0.15721310585349246 -0.15721310585349246 -0.15721310585349246 -0.15721310585349246 -0.15151217254818247 -0.15015433761543776 -0.15076379179363636 -0.13718176774679253 -0.10717164796500567 -0.09834427903086175 -0.05646783131543406 -0.062096038318993206 -0.0540506367608819 -0.0540506367608819 -0.04316816363657956 -0.04639651613525776 -0.04639651613525776
-0.15569988054133374 -0.15569988054133374 -0.15569988054133374 -0.15569988054133374 -0.15569988054133374 -0.15569988054133374 -0.15569988054133374 -0.15569988054133374 -0.15569988054133374 -0.15569988054133374 -0.15569988054133374 -0.15569988054133374 -0.15569988054133374 -0.15569988054133374 -0.15569988054133374 -0.15569988054133374 -0.15569988054133374 -0.15569988054133374 -0.15569988054133374 -0.15569988054133374 -0.15569988054133374 -0.15569988054133374 -0.15569988054133374 -0.15569988054133374 -0.15569988054133374 -0.15569988054133374 -0.15569988054133374 -0.15569988054133374 -0.15569988054133374 -0.15569988054133374 -0.15569988054133374 -0.15569988054133374 -0.15569988054133374 -0.15569988054133374 -0.15569988054133374 -0.15569988054133374 -0.15569988054133374 -0.15569988054133374 -0.15569988054133374 -0.15569988054133374 -0.15569988054133374 -0.15569988054133374 -0.15569988054133374 -0.15569988054133374 -0.15569988054133374 -0.15569988054133374 -0.15569988054133374 -0.15569988054133374 -0.15569988054133374 -0.15569988054133374 -0.15569988054133374 -0.15569988054133374 -0.15569988054133374 -0.15569988054133374 -0.15569988054133374 -0.15569988054133374 -0.15569988054133374 -0.15569988054133374 -0.15569988054133374 -0.15569988054133374 -0.15569988054133374 -0.15569988054133374 -0.15569988054133374 -0.15569988054133374 -0.15569988054133374 -0.15569988054133374 -0.15569988054133374 -0.15569988054133374 -0.15569988054133374 -0.15569988054133374 -0.15569988054133374 -0.15569988054133374 -0.15569988054133374 -0.15569988054133374 -0.1463197491294116 -0.15569988054133374 -0.15569988054133374 -0.15569988054133374 -0.15569988054133374 -0.15569988054133374 -0.15569988054133374 -0.15569988054133374 -0.15569988054133374 -0.15569988054133374 -0.15151217254818247 -0.15015433761543776 -0.15076379179363636 -0.13718176774679253 -0.10717164796500567 -0.09834427903086175 -0.05646783131543406 -0.062096038318993206 -0.0540506367608819 -0.0540506367608819 -0.04316816363657956 -0.04639651613525776 -0.04639651613525776
-0.15228492731225032 -0.15228492731225032 -0.15228492731225032 -0.15228492731225032 -0.15228492731225032 -0.15228492731225032 -0.15228492731225032 -0.15228492731225032 -0.15228492731225032 -0.15228492731225032 -0.15228492731225032 -0.15228492731225032 -0.15228492731225032 -0.15228492731225032 -0.15228492731225032 -0.15228492731225032 -0.15228492731225032 -0.15228492731225032 -0.15228492731225032 -0.15228492731225032 -0.15228492731225032 -0.15228492731225032 -0.15228492731225032 -0.15228492731225032 -0.15228492731225032 -0.15228492731225032 -0.15228492731225032 -0.15228492731225032 -0.15228492731225032 -0.15228492731225032 -0.15228492731225032 -0.15228492731225032 -0.15228492731225032 -0.15228492731225032 -0.15228492731225032 -0.15228492731225032 -0.15228492731225032 -0.15228492731225032 -0.15228492731225032 -0.15228492731225032 -0.15228492731225032 -0.15228492731225032 -0.15228492731225032 -0.15228492731225032 -0.15228492731225032 -0.15228492731225032 -0.15228492731225032 -0.15228492731225032 -0.15228492731225032 -0.15228492731225032 -0.15228492731225032 -0.15228492731225032 -0.15228492731225032 -0.15228492731225032 -0.15228492731225032 -0.15228492731225032 -0.15228492731225032 -0.15228492731225032 -0.15228492731225032 -0.15228492731225032 -0.15228492731225032 -0.15228492731225032 -0.15228492731225032 -0.15228492731225032 -0.15228492731225032 -0.15228492731225032 -0.15228492731225032 -0.15228492731225032 -0.15228492731225032 -0.15228492731225032 -0.15228492731225032 -0.15228492731225032 -0.15228492731225032 -0.15228492731225032 -0.1463197491294116 -0.15228492731225032 -0.15228492731225032 -0.15228492731225032 -0.15228492731225032 -0.15228492731225032 -0.15228492731225032 -0.15228492731225032 -0.15228492731225032 -0.15228492731225032 -0.15151217254818247 -0.15015433761543776 -0.15076379179363636 -0.13718176774679253 -0.10717164796500567 -0.09834427903086175 -0.05646783131543406 -0.062096038318993206 -0.0540506367608819 -0.0540506367608819 -0.04316816363657956 -0.04639651613525776 -0.04639651613525776
-0.10717164796500567 -0.10717164796500567 -0.10717164796500567 -0.10717164796500567 -0.10717164796500567 -0.10717164796500567 -0.10717164796500567 -0.10717164796500567 -0.10717164796500567 -0.10717164796500567 -0.10717164796500567 -0.10717164796500567 -0.10717164796500567 -0.10717164796500567 -0.10717164796500567 -0.10717164796500567 -0.10717164796500567 -0.10717164796500567 -0.10717164796500567 -0.10717164796500567 -0.10717164796500567 -0.10717164796500567 -0.10717164796500567 -0.10717164796500567 -0.10717164796500567 -0.10717164796500567 -0.10717164796500567 -0.10717164796500567 -0.10717164796500567 -0.10717164796500567 -0.10717164796500567 -0.10717164796500567 -0.10717164796500567 -0.10717164796500567 -0.10717164796500567 -0.10717164796500567 -0.10717164796500567 -0.10717164796500567 -0.10717164796500567 -0.10717164796500567 -0.10717164796500567 -0.10717164796500567 -0.10717164796500567 -0.10717164796500567 -0.10717164796500567 -0.10717164796500567 -0.10717164796500567 -0.10717164796500567 -0.10717164796500567 -0.10717164796500567 -0.10717164796500567 -0.10717164796500567 -0.10717164796500567 -0.10717164796500567 -0.10717164796500567 -0.10717164796500567 -0.10717164796500567 -0.10717164796500567 -0.10717164796500567 -0.10717164796500567 -0.10717164796500567 -0.10717164796500567 -0.10717164796500567 -0.10717164796500567 -0.10717164796500567 -0.10717164796500567 -0.10717164796500567 -0.10717164796500567 -0.10717164796500567 -0.10717164796500567 -0.10717164796500567 -0.10717164796500567 -0.10717164796500567 -0.10717164796500567 -0.10717164796500567 -0.10717164796500567 -0.10717164796500567 -0.10717164796500567 -0.10717164796500567 -0.10717164796500567 -0.10717164796500567 -0.10717164796500567 -0.10717164796500567 -0.10717164796500567 -0.10717164796500567 -0.10717164796500567 -0.10717164796500567 -0.10717164796500567 -0.10717164796500567 -0.09834427903086175 -0.05646783131543406 -0.062096038318993206 -0.0540506367608819 -0.0540506367608819 -0.04316816363657956 -0.04639651613525776 -0.04639651613525776
-0.04316816363657956 -0.04316816363657956 -0.04316816363657956 -0.04316816363657956 -0.04316816363657956 -0.04316816363657956 -0.04316816363657956 -0.04316816363657956 -0.04316816363657956 -0.04316816363657956 -0.04316816363657956 -0.04316816363657956 -0.04316816363657956 -0.04316816363657956 -0.04316816363657956 -0.04316816363657956 -0.04316816363657956 -0.04316816363657956 -0.04316816363657956 -0.04316816363657956 -0.04316816363657956 -0.04316816363657956 -0.04316816363657956 -0.04316816363657956 -0.04316816363657956 -0.04316816363657956 -0.04316816363657956 -0.04316816363657956 -0.04316816363657956 -0.04316816363657956 -0.04316816363657956 -0.04316816363657956 -0.04316816363657956 -0.04316816363657956 -0.04316816363657956 -0.04316816363657956 -0.04316816363657956 -0.04316816363657956 -0.04316816363657956 -0.04316816363657956 -0.04316816363657956 -0.04316816363657956 -0.04316816363657956 -0.04316816363657956 -0.04316816363657956 -0.04316816363657956 -0.04316816363657956 -0.04316816363657956 -0.04316816363657956 -0.04316816363657956 -0.04316816363657956 -0.04316816363657956 -0.04316816363657956 -0.04316816363657956 -0.04316816363657956 -0.04316816363657956 -0.04316816363657956 -0.04316816363657956 -0.04316816363657956 -0.04316816363657956 -0.04316816363657956 -0.04316816363657956 -0.04316816363657956 -0.04316816363657956 -0.04316816363657956 -0.04316816363657956 -0.04316816363657956 -0.04316816363657956 -0.04316816363657956 -0.04316816363657956 -0.04316816363657956 -0.04316816363657956 -0.04316816363657956 -0.04316816363657956 -0.04316816363657956 -0.04316816363657956 -0.04316816363657956 -0.04316816363657956 -0.04316816363657956 -0.04316816363657956 -0.04316816363657956 -0.04316816363657956 -0.04316816363657956 -0.04316816363657956 -0.04316816363657956 -0.04316816363657956 -0.04316816363657956 -0.04316816363657956 -0.04316816363657956 -0.04316816363657956 -0.04316816363657956 -0.04316816363657956 -0.04316816363657956 -0.04316816363657956 -0.04316816363657956 -0.04316816363657956 -0.04316816363657956
-0.09834427903086175 -0.09834427903086175 -0.09834427903086175 -0.09834427903086175 -0.09834427903086175 -0.09834427903086175 -0.09834427903086175 -0.09834427903086175 -0.09834427903086175 -0.09834427903086175 -0.09834427903086175 -0.09834427903086175 -0.09834427903086175 -0.09834427903086175 -0.09834427903086175 -0.09834427903086175 -0.09834427903086175 -0.09834427903086175 -0.09834427903086175 -0.09834427903086175 -0.09834427903086175 -0.09834427903086175 -0.09834427903086175 -0.09834427903086175 -0.09834427903086175 -0.09834427903086175 -0.09834427903086175 -0.09834427903086175 -0.09834427903086175 -0.09834427903086175 -0.09834427903086175 -0.09834427903086175 -0.09834427903086175 -0.09834427903086175 -0.09834427903086175 -0.09834427903086175 -0.09834427903086175 -0.09834427903086175 -0.09834427903086175 -0.09834427903086175 -0.09834427903086175 -0.09834427903086175 -0.09834427903086175 -0.09834427903086175 -0.09834427903086175 -0.09834427903086175 -0.09834427903086175 -0.09834427903086175 -0.09834427903086175 -0.09834427903086175 -0.09834427903086175 -0.09834427903086175 -0.09834427903086175 -0.09834427903086175 -0.09834427903086175 -0.09834427903086175 -0.09834427903086175 -0.09834427903086175 -0.09834427903086175 -0.09834427903086175 -0.09834427903086175 -0.09834427903086175 -0.09834427903086175 -0.09834427903086175 -0.09834427903086175 -0.09834427903086175 -0.09834427903086175 -0.09834427903086175 -0.09834427903086175 -0.09834427903086175 -0.09834427903086175 -0.09834427903086175 -0.09834427903086175 -0.09834427903086175 -0.09834427903086175 -0.09834427903086175 -0.09834427903086175 -0.09834427903086175 -0.09834427903086175 -0.09834427903086175 -0.09834427903086175 -0.09834427903086175 -0.09834427903086175 -0.09834427903086175 -0.09834427903086175 -0.09834427903086175 -0.09834427903086175 -0.09834427903086175 -0.09834427903086175 -0.10482758910161555 -0.05646783131543406 -0.062096038318993206 -0.0540506367608819 -0.0540506367608819 -0.04316816363657956 -0.04639651613525776 -0.04639651613525776
-0.06056129673649381 -0.06056129673649381 -0.06056129673649381 -0.06056129673649381 -0.06056129673649381 -0.06056129673649381 -0.06056129673649381 -0.06056129673649381 -0.06056129673649381 -0.06056129673649381 -0.06056129673649381 -0.06056129673649381 -0.06056129673649381 -0.06056129673649381 -0.06056129673649381 -0.06056129673649381 -0.06056129673649381 -0.06056129673649381 -0.06056129673649381 -0.06056129673649381 -0.06056129673649381 -0.06056129673649381 -0.06056129673649381 -0.06056129673649381 -0.06056129673649381 -0.06056129673649381 -0.06056129673649381 -0.06056129673649381 -0.06056129673649381 -0.06056129673649381 -0.06056129673649381 -0.06056129673649381 -0.06056129673649381 -0.06056129673649381 -0.06056129673649381 -0.06056129673649381 -0.06056129673649381 -0.06056129673649381 -0.06056129673649381 -0.06056129673649381 -0.06056129673649381 -0.06056129673649381 -0.06056129673649381 -0.06056129673649381 -0.06056129673649381 -0.06056129673649381 -0.06056129673649381 -0.06056129673649381 -0.06056129673649381 -0.06056129673649381 -0.06056129673649381 -0.06056129673649381 -0.06056129673649381 -0.06056129673649381 -0.06056129673649381 -0.06056129673649381 -0.06056129673649381 -0.06056129673649381 -0.06056129673649381 -0.06056129673649381 -0.06056129673649381 -0.06056129673649381 -0.06056129673649381 -0.06056129673649381 -0.06056129673649381 -0.06056129673649381 -0.06056129673649381 -0.06056129673649381 -0.06056129673649381 -0.06056129673649381 -0.06056129673649381 -0.06056129673649381 -0.06056129673649381 -0.06056129673649381 -0.06056129673649381 -0.06056129673649381 -0.06056129673649381 -0.06056129673649381 -0.06056129673649381 -0.06056129673649381 -0.06056129673649381 -0.06056129673649381 -0.06056129673649381 -0.06056129673649381 -0.06056129673649381 -0.06056129673649381 -0.06056129673649381 -0.06056129673649381 -0.06056129673649381 -0.06056129673649381 -0.05646783131543406 -0.06056129673649381 -0.0540506367608819 -0.0540506367608819 -0.04316816363657956 -0.04639651613525776 -0.04639651613525776
-0.04316816363657956 -0.04316816363657956 -0.04316816363657956 -0.04316816363657956 -0.04316816363657956 -0.04316816363657956 -0.04316816363657956 -0.04316816363657956 -0.04316816363657956 -0.04316816363657956 -0.04316816363657956 -0.04316816363657956 -0.04316816363657956 -0.04316816363657956 -0.04316816363657956 -0.04316816363657956 -0.04316816363657956 -0.04316816363657956 -0.04316816363657956 -0.04316816363657956 -0.04316816363657956 -0.04316816363657956 -0.04316816363657956 -0.04316816363657956 -0.04316816363657956 -0.04316816363657956 -0.04316816363657956 -0.04316816363657956 -0.04316816363657956 -0.04316816363657956 -0.04316816363657956 -0.04316816363657956 -0.04316816363657956 -0.04316816363657956 -0.04316816363657956 -0.04316816363657956 -0.04316816363657956 -0.04316816363657956 -0.04316816363657956 -0.04316816363657956 -0.04316816363657956 -0.04316816363657956 -0.04316816363657956 -0.04316816363657956 -0.04316816363657956 -0.04316816363657956 -0.04316816363657956 -0.04316816363657956 -0.04316816363657956 -0.04316816363657956 -0.04316816363657956 -0.04316816363657956 -0.04316816363657956 -0.04316816363657956 -0.04316816363657956 -0.04316816363657956 -0.04316816363657956 -0.04316816363657956 -0.04316816363657956 -0.04316816363657956 -0.04316816363657956 -0.04316816363657956 -0.04316816363657956 -0.04316816363657956 -0.04316816363657956 -0.04316816363657956 -0.04316816363657956 -0.04316816363657956 -0.04316816363657956 -0.04316816363657956 -0.04316816363657956 -0.04316816363657956 -0.04316816363657956 -0.04316816363657956 -0.04316816363657956 -0.04316816363657956 -0.04316816363657956 -0.04316816363657956 -0.04316816363657956 -0.04316816363657956 -0.04316816363657956 -0.04316816363657956 -0.04316816363657956 -0.04316816363657956 -0.04316816363657956 -0.04316816363657956 -0.04316816363657956 -0.04316816363657956 -0.04316816363657956 -0.04316816363657956 -0.04316816363657956 -0.04316816363657956 -0.04316816363657956 -0.04316816363657956 -0.04316816363657956 -0.04316816363657956 -0.04316816363657956
-0.030588334922563156 -0.030588334922563156 -0.030588334922563156 -0.030588334922563156 -0.030588334922563156 -0.030588334922563156 -0.030588334922563156 -0.030588334922563156 -0.030588334922563156 -0.030588334922563156 -0.030588334922563156 -0.030588334922563156 -0.030588334922563156 -0.030588334922563156 -0.030588334922563156 -0.030588334922563156 -0.030588334922563156 -0.030588334922563156 -0.030588334922563156 -0.030588334922563156 -0.030588334922563156 -0.030588334922563156 -0.030588334922563156 -0.030588334922563156 -0.030588334922563156 -0.030588334922563156 -0.030588334922563156 -0.030588334922563156 -0.030588334922563156 -0.030588334922563156 -0.030588334922563156 -0.030588334922563156 -0.030588334922563156 -0.030588334922563156 -0.030588334922563156 -0.030588334922563156 -0.030588334922563156 -0.030588334922563156 -0.030588334922563156 -0.030588334922563156 -0.030588334922563156 -0.030588334922563156 -0.030588334922563156 -0.030588334922563156 -0.030588334922563156 -0.030588334922563156 -0.030588334922563156 -0.030588334922563156 -0.030588334922563156 -0.030588334922563156 -0.030588334922563156 -0.030588334922563156 -0.030588334922563156 -0.030588334922563156 -0.030588334922563156 -0.030588334922563156 -0.030588334922563156 -0.030588334922563156 -0.030588334922563156 -0.030588334922563156 -0.030588334922563156 -0.030588334922563156 -0.030588334922563156 -0.030588334922563156 -0.030588334922563156 -0.030588334922563156 -0.030588334922563156 -0.030588334922563156 -0.030588334922563156 -0.030588334922563156 -0.030588334922563156 -0.030588334922563156 -0.030588334922563156 -0.030588334922563156 -0.030588334922563156 -0.030588334922563156 -0.030588334922563156 -0.030588334922563156 -0.030588334922563156 -0.030588334922563156 -0.030588334922563156 -0.030588334922563156 -0.030588334922563156 -0.030588334922563156 -0.030588334922563156 -0.030588334922563156 -0.030588334922563156 -0.030588334922563156 -0.030588334922563156 -0.030588334922563156 -0.030588334922563156 -0.030588334922563156 -0.030588334922563156 -0.030588334922563156 -0.030588334922563156 -0.030588334922563156 -0.030588334922563156