-0.4920997726369036 -0.4920997726369036 -0.4920997726369036 -0.4920997726369036 -0.4920997726369036 -0.4920997726369036 -0.4920997726369036 -0.4920997726369036 -0.2810557040078787 -0.3478157657845959 -0.3478157657845959 -0.3478157657845959 -0.3478157657845959 -0.4920997726369036 -0.3478157657845959 -0.3478157657845959 -0.3478157657845959 -0.3478157657845959 -0.3478157657845959 -0.4920997726369036 -0.3478157657845959 -0.4920997726369036 -0.3478157657845959 -0.3478157657845959 -0.3478157657845959 -0.3478157657845959 -0.43078755476491404 -0.43078755476491404 -0.3478157657845959 -0.3742494640628821 -0.19888506729384528 -0.3478157657845959 -0.3478157657845959 -0.41897199989951445 -0.4920997726369036 -0.28743918845284816 -0.4920997726369036 -0.2810557040078787 -0.43078755476491404 -0.43078755476491404 -0.28743918845284816 -0.28743918845284816 -0.43078755476491404 -0.43078755476491404 -0.4920997726369036 -0.4269639815696264 -0.3478157657845959 -0.3478157657845959 -0.43078755476491404 -0.2810557040078787 -0.2810557040078787 -0.43078755476491404 -0.43078755476491404 -0.3478157657845959 -0.2457238361529283 -0.3478157657845959 -0.3478157657845959 -0.19888506729384528 -0.30465158591214453 -0.30465158591214453 -0.22713002994941628 -0.22812406892408477 -0.22713002994941628 -0.22812406892408477 -0.22713002994941628 -0.22812406892408477 -0.22713002994941628 -0.3962309228082263 -0.22812406892408477 -0.2457238361529283 -0.22713002994941628 -0.3478157657845959 -0.22713002994941628 -0.3478157657845959 -0.22812406892408477 -0.2910831897350783 -0.2910831897350783 -0.2910831897350783 -0.28112522574906906 -0.14576873237876967 -0.27120883402619844 -0.22713002994941628 -0.25982577480618435 -0.21409170335795727 -0.1995259280529714 -0.19736164869341716 -0.1821068647573436 -0.17614167262846486 -0.1739098427424842 -0.1627888159462234 -0.1627888159462234 -0.1627888159462234 -0.1627888159462234 -0.13493349044006586 -0.12960204680651732 -0.12190901523893742 -0.12190901523893742 -0.0820882152549233 -0.09868027573317253 -0.03281880387148894 -0.03281880387148894 -0.03281880387148894 -0.03883199429684344 -0.03883199429684344 -0.03928866302395971 -0.03281880387148894 -0.027831361676233755 -0.004454610170621243
-0.4920997726369036 -0.4920997726369036 -0.4920997726369036 -0.4920997726369036 -0.5023521700077409 -0.4920997726369036 -0.5023521700077409 -0.5023521700077409 -0.2810557040078787 -0.3478157657845959 -0.3478157657845959 -0.3478157657845959 -0.3478157657845959 -0.4920997726369036 -0.3478157657845959 -0.3478157657845959 -0.3478157657845959 -0.3478157657845959 -0.3478157657845959 -0.4920997726369036 -0.3478157657845959 -0.5023521700077409 -0.3478157657845959 -0.3478157657845959 -0.3478157657845959 -0.3478157657845959 -0.43078755476491404 -0.43078755476491404 -0.3478157657845959 -0.3742494640628821 -0.19888506729384528 -0.3478157657845959 -0.3478157657845959 -0.41897199989951445 -0.5023521700077409 -0.28743918845284816 -0.49741746920515423 -0.2810557040078787 -0.43078755476491404 -0.43078755476491404 -0.28743918845284816 -0.28743918845284816 -0.43078755476491404 -0.43078755476491404 -0.5023521700077409 -0.4269639815696264 -0.3478157657845959 -0.3478157657845959 -0.43078755476491404 -0.2810557040078787 -0.2810557040078787 -0.43078755476491404 -0.43078755476491404 -0.3478157657845959 -0.2457238361529283 -0.3478157657845959 -0.3478157657845959 -0.19888506729384528 -0.30465158591214453 -0.30465158591214453 -0.22713002994941628 -0.22812406892408477 -0.22713002994941628 -0.22812406892408477 -0.22713002994941628 -0.22812406892408477 -0.22713002994941628 -0.3962309228082263 -0.22812406892408477 -0.2457238361529283 -0.22713002994941628 -0.3478157657845959 -0.22713002994941628 -0.3478157657845959 -0.22812406892408477 -0.2910831897350783 -0.2910831897350783 -0.2910831897350783 -0.28112522574906906 -0.14576873237876967 -0.27120883402619844 -0.22713002994941628 -0.25982577480618435 -0.21409170335795727 -0.1995259280529714 -0.19736164869341716 -0.1821068647573436 -0.17614167262846486 -0.1739098427424842 -0.1627888159462234 -0.1627888159462234 -0.1627888159462234 -0.1627888159462234 -0.13493349044006586 -0.12960204680651732 -0.12190901523893742 -0.12190901523893742 -0.0820882152549233 -0.09868027573317253 -0.03281880387148894 -0.03281880387148894 -0.03281880387148894 -0.03883199429684344 -0.03883199429684344 -0.03928866302395971 -0.03281880387148894 -0.027831361676233755 -0.004454610170621243
-0.4920997726369036 -0.4920997726369036 -0.4920997726369036 -0.4920997726369036 -0.4920997726369036 -0.4920997726369036 -0.4920997726369036 -0.4920997726369036 -0.2810557040078787 -0.3478157657845959 -0.3478157657845959 -0.3478157657845959 -0.3478157657845959 -0.4920997726369036 -0.3478157657845959 -0.3478157657845959 -0.3478157657845959 -0.3478157657845959 -0.3478157657845959 -0.4920997726369036 -0.3478157657845959 -0.4920997726369036 -0.3478157657845959 -0.3478157657845959 -0.3478157657845959 -0.3478157657845959 -0.43078755476491404 -0.43078755476491404 -0.3478157657845959 -0.3742494640628821 -0.19888506729384528 -0.3478157657845959 -0.3478157657845959 -0.41897199989951445 -0.4920997726369036 -0.28743918845284816 -0.4920997726369036 -0.2810557040078787 -0.43078755476491404 -0.43078755476491404 -0.28743918845284816 -0.28743918845284816 -0.43078755476491404 -0.43078755476491404 -0.4920997726369036 -0.4269639815696264 -0.3478157657845959 -0.3478157657845959 -0.43078755476491404 -0.2810557040078787 -0.2810557040078787 -0.43078755476491404 -0.43078755476491404 -0.3478157657845959 -0.2457238361529283 -0.3478157657845959 -0.3478157657845959 -0.19888506729384528 -0.30465158591214453 -0.30465158591214453 -0.22713002994941628 -0.22812406892408477 -0.22713002994941628 -0.22812406892408477 -0.22713002994941628 -0.22812406892408477 -0.22713002994941628 -0.3962309228082263 -0.22812406892408477 -0.2457238361529283 -0.22713002994941628 -0.3478157657845959 -0.22713002994941628 -0.3478157657845959 -0.22812406892408477 -0.2910831897350783 -0.2910831897350783 -0.2910831897350783 -0.28112522574906906 -0.14576873237876967 -0.27120883402619844 -0.22713002994941628 -0.25982577480618435 -0.21409170335795727 -0.1995259280529714 -0.19736164869341716 -0.1821068647573436 -0.17614167262846486 -0.1739098427424842 -0.1627888159462234 -0.1627888159462234 -0.1627888159462234 -0.1627888159462234 -0.13493349044006586 -0.12960204680651732 -0.12190901523893742 -0.12190901523893742 -0.0820882152549233 -0.09868027573317253 -0.03281880387148894 -0.03281880387148894 -0.03281880387148894 -0.03883199429684344 -0.03883199429684344 -0.03928866302395971 -0.03281880387148894 -0.027831361676233755 -0.004454610170621243
-0.3478157657845959 -0.3478157657845959 -0.3478157657845959 -0.3478157657845959 -0.3478157657845959 -0.3478157657845959 -0.3478157657845959 -0.3478157657845959 -0.2810557040078787 -0.44988319435804547 -0.44988319435804547 -0.44988319435804547 -0.44988319435804547 -0.3478157657845959 -0.44988319435804547 -0.44988319435804547 -0.44988319435804547 -0.44988319435804547 -0.44988319435804547 -0.3478157657845959 -0.44988319435804547 -0.3478157657845959 -0.44988319435804547 -0.44988319435804547 -0.44988319435804547 -0.44988319435804547 -0.3478157657845959 -0.3478157657845959 -0.44988319435804547 -0.3478157657845959 -0.19888506729384528 -0.44988319435804547 -0.44988319435804547 -0.3478157657845959 -0.3478157657845959 -0.28743918845284816 -0.3478157657845959 -0.2810557040078787 -0.3478157657845959 -0.3478157657845959 -0.28743918845284816 -0.28743918845284816 -0.3478157657845959 -0.3478157657845959 -0.3478157657845959 -0.3478157657845959 -0.44988319435804547 -0.44988319435804547 -0.3478157657845959 -0.2810557040078787 -0.2810557040078787 -0.3478157657845959 -0.3478157657845959 -0.44988319435804547 -0.2457238361529283 -0.44006304448803996 -0.44988319435804547 -0.19888506729384528 -0.30465158591214453 -0.30465158591214453 -0.22713002994941628 -0.22812406892408477 -0.22713002994941628 -0.22812406892408477 -0.22713002994941628 -0.22812406892408477 -0.22713002994941628 -0.3478157657845959 -0.22812406892408477 -0.2457238361529283 -0.22713002994941628 -0.36905128704578893 -0.22713002994941628 -0.34978606364198145 -0.22812406892408477 -0.2910831897350783 -0.2910831897350783 -0.2910831897350783 -0.28112522574906906 -0.14576873237876967 -0.27120883402619844 -0.22713002994941628 -0.25982577480618435 -0.21409170335795727 -0.1995259280529714 -0.19736164869341716 -0.1821068647573436 -0.17614167262846486 -0.1739098427424842 -0.1627888159462234 -0.1627888159462234 -0.1627888159462234 -0.1627888159462234 -0.13493349044006586 -0.12960204680651732 -0.12190901523893742 -0.12190901523893742 -0.0820882152549233 -0.09868027573317253 -0.03281880387148894 -0.03281880387148894 -0.03281880387148894 -0.03883199429684344 -0.03883199429684344 -0.03928866302395971 -0.03281880387148894 -0.027831361676233755 -0.004454610170621243
-0.4920997726369036 -0.4920997726369036 -0.4920997726369036 -0.4920997726369036 -0.4920997726369036 -0.4920997726369036 -0.4920997726369036 -0.4920997726369036 -0.2810557040078787 -0.3478157657845959 -0.3478157657845959 -0.3478157657845959 -0.3478157657845959 -0.4920997726369036 -0.3478157657845959 -0.3478157657845959 -0.3478157657845959 -0.3478157657845959 -0.3478157657845959 -0.4920997726369036 -0.3478157657845959 -0.4920997726369036 -0.3478157657845959 -0.3478157657845959 -0.3478157657845959 -0.3478157657845959 -0.43078755476491404 -0.43078755476491404 -0.3478157657845959 -0.3742494640628821 -0.19888506729384528 -0.3478157657845959 -0.3478157657845959 -0.41897199989951445 -0.4920997726369036 -0.28743918845284816 -0.4920997726369036 -0.2810557040078787 -0.43078755476491404 -0.43078755476491404 -0.28743918845284816 -0.28743918845284816 -0.43078755476491404 -0.43078755476491404 -0.4920997726369036 -0.4269639815696264 -0.3478157657845959 -0.3478157657845959 -0.43078755476491404 -0.2810557040078787 -0.2810557040078787 -0.43078755476491404 -0.43078755476491404 -0.3478157657845959 -0.2457238361529283 -0.3478157657845959 -0.3478157657845959 -0.19888506729384528 -0.30465158591214453 -0.30465158591214453 -0.22713002994941628 -0.22812406892408477 -0.22713002994941628 -0.22812406892408477 -0.22713002994941628 -0.22812406892408477 -0.22713002994941628 -0.3962309228082263 -0.22812406892408477 -0.2457238361529283 -0.22713002994941628 -0.3478157657845959 -0.22713002994941628 -0.3478157657845959 -0.22812406892408477 -0.2910831897350783 -0.2910831897350783 -0.2910831897350783 -0.28112522574906906 -0.14576873237876967 -0.27120883402619844 -0.22713002994941628 -0.25982577480618435 -0.21409170335795727 -0.1995259280529714 -0.19736164869341716 -0.1821068647573436 -0.17614167262846486 -0.1739098427424842 -0.1627888159462234 -0.1627888159462234 -0.1627888159462234 -0.1627888159462234 -0.13493349044006586 -0.12960204680651732 -0.12190901523893742 -0.12190901523893742 -0.0820882152549233 -0.09868027573317253 -0.03281880387148894 -0.03281880387148894 -0.03281880387148894 -0.03883199429684344 -0.03883199429684344 -0.03928866302395971 -0.03281880387148894 -0.027831361676233755 -0.004454610170621243
-0.3478157657845959 -0.3478157657845959 -0.3478157657845959 -0.3478157657845959 -0.3478157657845959 -0.3478157657845959 -0.3478157657845959 -0.3478157657845959 -0.2810557040078787 -0.47301892908293836 -0.47301892908293836 -0.47301892908293836 -0.47301892908293836 -0.3478157657845959 -0.47301892908293836 -0.47301892908293836 -0.47301892908293836 -0.47301892908293836 -0.47301892908293836 -0.3478157657845959 -0.47301892908293836 -0.3478157657845959 -0.47301892908293836 -0.47301892908293836 -0.47301892908293836 -0.47301892908293836 -0.3478157657845959 -0.3478157657845959 -0.47301892908293836 -0.3478157657845959 -0.19888506729384528 -0.47301892908293836 -0.47301892908293836 -0.3478157657845959 -0.3478157657845959 -0.28743918845284816 -0.3478157657845959 -0.2810557040078787 -0.3478157657845959 -0.3478157657845959 -0.28743918845284816 -0.28743918845284816 -0.3478157657845959 -0.3478157657845959 -0.3478157657845959 -0.3478157657845959 -0.4686932544103909 -0.47301892908293836 -0.3478157657845959 -0.2810557040078787 -0.2810557040078787 -0.3478157657845959 -0.3478157657845959 -0.4584190234342771 -0.2457238361529283 -0.44006304448803996 -0.44988319435804547 -0.19888506729384528 -0.30465158591214453 -0.30465158591214453 -0.22713002994941628 -0.22812406892408477 -0.22713002994941628 -0.22812406892408477 -0.22713002994941628 -0.22812406892408477 -0.22713002994941628 -0.3478157657845959 -0.22812406892408477 -0.2457238361529283 -0.22713002994941628 -0.36905128704578893 -0.22713002994941628 -0.34978606364198145 -0.22812406892408477 -0.2910831897350783 -0.2910831897350783 -0.2910831897350783 -0.28112522574906906 -0.14576873237876967 -0.27120883402619844 -0.22713002994941628 -0.25982577480618435 -0.21409170335795727 -0.1995259280529714 -0.19736164869341716 -0.1821068647573436 -0.17614167262846486 -0.1739098427424842 -0.1627888159462234 -0.1627888159462234 -0.1627888159462234 -0.1627888159462234 -0.13493349044006586 -0.12960204680651732 -0.12190901523893742 -0.12190901523893742 -0.0820882152549233 -0.09868027573317253 -0.03281880387148894 -0.03281880387148894 -0.03281880387148894 -0.03883199429684344 -0.03883199429684344 -0.03928866302395971 -0.03281880387148894 -0.027831361676233755 -0.004454610170621243
-0.3478157657845959 -0.3478157657845959 -0.3478157657845959 -0.3478157657845959 -0.3478157657845959 -0.3478157657845959 -0.3478157657845959 -0.3478157657845959 -0.2810557040078787 -0.5512430657687283 -0.5512430657687283 -0.5512430657687283 -0.5512430657687283 -0.3478157657845959 -0.5512430657687283 -0.5512430657687283 -0.5512430657687283 -0.5512430657687283 -0.5512430657687283 -0.3478157657845959 -0.5512430657687283 -0.3478157657845959 -0.5512430657687283 -0.5512430657687283 -0.5512430657687283 -0.5512430657687283 -0.3478157657845959 -0.3478157657845959 -0.5512430657687283 -0.3478157657845959 -0.19888506729384528 -0.5512430657687283 -0.5512430657687283 -0.3478157657845959 -0.3478157657845959 -0.28743918845284816 -0.3478157657845959 -0.2810557040078787 -0.3478157657845959 -0.3478157657845959 -0.28743918845284816 -0.28743918845284816 -0.3478157657845959 -0.3478157657845959 -0.3478157657845959 -0.3478157657845959 -0.4686932544103909 -0.47301892908293836 -0.3478157657845959 -0.2810557040078787 -0.2810557040078787 -0.3478157657845959 -0.3478157657845959 -0.4584190234342771 -0.2457238361529283 -0.44006304448803996 -0.44988319435804547 -0.19888506729384528 -0.30465158591214453 -0.30465158591214453 -0.22713002994941628 -0.22812406892408477 -0.22713002994941628 -0.22812406892408477 -0.22713002994941628 -0.22812406892408477 -0.22713002994941628 -0.3478157657845959 -0.22812406892408477 -0.2457238361529283 -0.22713002994941628 -0.36905128704578893 -0.22713002994941628 -0.34978606364198145 -0.22812406892408477 -0.2910831897350783 -0.2910831897350783 -0.2910831897350783 -0.28112522574906906 -0.14576873237876967 -0.27120883402619844 -0.22713002994941628 -0.25982577480618435 -0.21409170335795727 -0.1995259280529714 -0.19736164869341716 -0.1821068647573436 -0.17614167262846486 -0.1739098427424842 -0.1627888159462234 -0.1627888159462234 -0.1627888159462234 -0.1627888159462234 -0.13493349044006586 -0.12960204680651732 -0.12190901523893742 -0.12190901523893742 -0.0820882152549233 -0.09868027573317253 -0.03281880387148894 -0.03281880387148894 -0.03281880387148894 -0.03883199429684344 -0.03883199429684344 -0.03928866302395971 -0.03281880387148894 -0.027831361676233755 -0.004454610170621243
-0.14576873237876967 -0.14576873237876967 -0.14576873237876967 -0.14576873237876967 -0.14576873237876967 -0.14576873237876967 -0.14576873237876967 -0.14576873237876967 -0.14576873237876967 -0.14576873237876967 -0.14576873237876967 -0.14576873237876967 -0.14576873237876967 -0.14576873237876967 -0.14576873237876967 -0.14576873237876967 -0.14576873237876967 -0.14576873237876967 -0.14576873237876967 -0.14576873237876967 -0.14576873237876967 -0.14576873237876967 -0.14576873237876967 -0.14576873237876967 -0.14576873237876967 -0.14576873237876967 -0.14576873237876967 -0.14576873237876967 -0.14576873237876967 -0.14576873237876967 -0.14576873237876967 -0.14576873237876967 -0.14576873237876967 -0.14576873237876967 -0.14576873237876967 -0.14576873237876967 -0.14576873237876967 -0.14576873237876967 -0.14576873237876967 -0.14576873237876967 -0.14576873237876967 -0.14576873237876967 -0.14576873237876967 -0.14576873237876967 -0.14576873237876967 -0.14576873237876967 -0.14576873237876967 -0.14576873237876967 -0.14576873237876967 -0.14576873237876967 -0.14576873237876967 -0.14576873237876967 -0.14576873237876967 -0.14576873237876967 -0.14576873237876967 -0.14576873237876967 -0.14576873237876967 -0.14576873237876967 -0.14576873237876967 -0.14576873237876967 -0.14576873237876967 -0.14576873237876967 -0.14576873237876967 -0.14576873237876967 -0.14576873237876967 -0.14576873237876967 -0.14576873237876967 -0.14576873237876967 -0.14576873237876967 -0.14576873237876967 -0.14576873237876967 -0.14576873237876967 -0.14576873237876967 -0.14576873237876967 -0.14576873237876967 -0.14576873237876967 -0.14576873237876967 -0.14576873237876967 -0.14576873237876967 -0.14576873237876967 -0.14576873237876967 -0.14576873237876967 -0.14576873237876967 -0.14576873237876967 -0.14576873237876967 -0.14576873237876967 -0.14576873237876967 -0.14576873237876967 -0.14576873237876967 -0.14576873237876967 -0.14576873237876967 -0.14576873237876967 -0.14576873237876967 -0.13493349044006586 -0.12960204680651732 -0.12190901523893742 -0.12190901523893742 -0.0820882152549233 -0.09868027573317253 -0.03281880387148894 -0.03281880387148894 -0.03281880387148894 -0.03883199429684344 -0.03883199429684344 -0.03928866302395971 -0.03281880387148894 -0.027831361676233755 -0.004454610170621243
-0.41897199989951445 -0.41897199989951445 -0.41897199989951445 -0.41897199989951445 -0.41897199989951445 -0.41897199989951445 -0.41897199989951445 -0.41897199989951445 -0.2810557040078787 -0.3478157657845959 -0.3478157657845959 -0.3478157657845959 -0.3478157657845959 -0.41897199989951445 -0.3478157657845959 -0.3478157657845959 -0.3478157657845959 -0.3478157657845959 -0.3478157657845959 -0.41897199989951445 -0.3478157657845959 -0.41897199989951445 -0.3478157657845959 -0.3478157657845959 -0.3478157657845959 -0.3478157657845959 -0.41897199989951445 -0.41897199989951445 -0.3478157657845959 -0.3742494640628821 -0.19888506729384528 -0.3478157657845959 -0.3478157657845959 -0.41897199989951445 -0.41897199989951445 -0.28743918845284816 -0.41897199989951445 -0.2810557040078787 -0.41897199989951445 -0.41897199989951445 -0.28743918845284816 -0.28743918845284816 -0.41897199989951445 -0.41897199989951445 -0.41897199989951445 -0.41897199989951445 -0.3478157657845959 -0.3478157657845959 -0.41897199989951445 -0.2810557040078787 -0.2810557040078787 -0.41897199989951445 -0.41897199989951445 -0.3478157657845959 -0.2457238361529283 -0.3478157657845959 -0.3478157657845959 -0.19888506729384528 -0.30465158591214453 -0.30465158591214453 -0.22713002994941628 -0.22812406892408477 -0.22713002994941628 -0.22812406892408477 -0.22713002994941628 -0.22812406892408477 -0.22713002994941628 -0.3962309228082263 -0.22812406892408477 -0.2457238361529283 -0.22713002994941628 -0.3478157657845959 -0.22713002994941628 -0.3478157657845959 -0.22812406892408477 -0.2910831897350783 -0.2910831897350783 -0.2910831897350783 -0.28112522574906906 -0.14576873237876967 -0.27120883402619844 -0.22713002994941628 -0.25982577480618435 -0.21409170335795727 -0.1995259280529714 -0.19736164869341716 -0.1821068647573436 -0.17614167262846486 -0.1739098427424842 -0.1627888159462234 -0.1627888159462234 -0.1627888159462234 -0.1627888159462234 -0.13493349044006586 -0.12960204680651732 -0.12190901523893742 -0.12190901523893742 -0.0820882152549233 -0.09868027573317253 -0.03281880387148894 -0.03281880387148894 -0.03281880387148894 -0.03883199429684344 -0.03883199429684344 -0.03928866302395971 -0.03281880387148894 -0.027831361676233755 -0.004454610170621243
-0.3478157657845959 -0.3478157657845959 -0.3478157657845959 -0.3478157657845959 -0.3478157657845959 -0.3478157657845959 -0.3478157657845959 -0.3478157657845959 -0.2810557040078787 -0.6676380327061119 -0.6676380327061119 -0.6899680092891793 -0.5512430657687283 -0.3478157657845959 -0.6676380327061119 -0.6727858906535793 -0.6899680092891793 -0.6899680092891793 -0.5512430657687283 -0.3478157657845959 -0.6568867251360341 -0.3478157657845959 -0.6676380327061119 -0.5512430657687283 -0.6116113332488385 -0.5512430657687283 -0.3478157657845959 -0.3478157657845959 -0.5512430657687283 -0.3478157657845959 -0.19888506729384528 -0.5512430657687283 -0.5540045622617185 -0.3478157657845959 -0.3478157657845959 -0.28743918845284816 -0.3478157657845959 -0.2810557040078787 -0.3478157657845959 -0.3478157657845959 -0.28743918845284816 -0.28743918845284816 -0.3478157657845959 -0.3478157657845959 -0.3478157657845959 -0.3478157657845959 -0.4686932544103909 -0.47301892908293836 -0.3478157657845959 -0.2810557040078787 -0.2810557040078787 -0.3478157657845959 -0.3478157657845959 -0.4584190234342771 -0.2457238361529283 -0.44006304448803996 -0.44988319435804547 -0.19888506729384528 -0.30465158591214453 -0.30465158591214453 -0.22713002994941628 -0.22812406892408477 -0.22713002994941628 -0.22812406892408477 -0.22713002994941628 -0.22812406892408477 -0.22713002994941628 -0.3478157657845959 -0.22812406892408477 -0.2457238361529283 -0.22713002994941628 -0.36905128704578893 -0.22713002994941628 -0.34978606364198145 -0.22812406892408477 -0.2910831897350783 -0.2910831897350783 -0.2910831897350783 -0.28112522574906906 -0.14576873237876967 -0.27120883402619844 -0.22713002994941628 -0.25982577480618435 -0.21409170335795727 -0.1995259280529714 -0.19736164869341716 -0.1821068647573436 -0.17614167262846486 -0.1739098427424842 -0.1627888159462234 -0.1627888159462234 -0.1627888159462234 -0.1627888159462234 -0.13493349044006586 -0.12960204680651732 -0.12190901523893742 -0.12190901523893742 -0.0820882152549233 -0.09868027573317253 -0.03281880387148894 -0.03281880387148894 -0.03281880387148894 -0.03883199429684344 -0.03883199429684344 -0.03928866302395971 -0.03281880387148894 -0.027831361676233755 -0.004454610170621243
-0.3478157657845959 -0.3478157657845959 -0.3478157657845959 -0.3478157657845959 -0.3478157657845959 -0.3478157657845959 -0.3478157657845959 -0.3478157657845959 -0.2810557040078787 -0.6731139999153645 -0.6731139999153645 -0.6676380327061119 -0.5512430657687283 -0.3478157657845959 -0.6731139999153645 -0.6676380327061119 -0.6676380327061119 -0.6676380327061119 -0.5512430657687283 -0.3478157657845959 -0.6568867251360341 -0.3478157657845959 -0.6731139999153645 -0.5512430657687283 -0.6116113332488385 -0.5512430657687283 -0.3478157657845959 -0.3478157657845959 -0.5512430657687283 -0.3478157657845959 -0.19888506729384528 -0.5512430657687283 -0.5540045622617185 -0.3478157657845959 -0.3478157657845959 -0.28743918845284816 -0.3478157657845959 -0.2810557040078787 -0.3478157657845959 -0.3478157657845959 -0.28743918845284816 -0.28743918845284816 -0.3478157657845959 -0.3478157657845959 -0.3478157657845959 -0.3478157657845959 -0.4686932544103909 -0.47301892908293836 -0.3478157657845959 -0.2810557040078787 -0.2810557040078787 -0.3478157657845959 -0.3478157657845959 -0.4584190234342771 -0.2457238361529283 -0.44006304448803996 -0.44988319435804547 -0.19888506729384528 -0.30465158591214453 -0.30465158591214453 -0.22713002994941628 -0.22812406892408477 -0.22713002994941628 -0.22812406892408477 -0.22713002994941628 -0.22812406892408477 -0.22713002994941628 -0.3478157657845959 -0.22812406892408477 -0.2457238361529283 -0.22713002994941628 -0.36905128704578893 -0.22713002994941628 -0.34978606364198145 -0.22812406892408477 -0.2910831897350783 -0.2910831897350783 -0.2910831897350783 -0.28112522574906906 -0.14576873237876967 -0.27120883402619844 -0.22713002994941628 -0.25982577480618435 -0.21409170335795727 -0.1995259280529714 -0.19736164869341716 -0.1821068647573436 -0.17614167262846486 -0.1739098427424842 -0.1627888159462234 -0.1627888159462234 -0.1627888159462234 -0.1627888159462234 -0.13493349044006586 -0.12960204680651732 -0.12190901523893742 -0.12190901523893742 -0.0820882152549233 -0.09868027573317253 -0.03281880387148894 -0.03281880387148894 -0.03281880387148894 -0.03883199429684344 -0.03883199429684344 -0.03928866302395971 -0.03281880387148894 -0.027831361676233755 -0.004454610170621243
-0.3478157657845959 -0.3478157657845959 -0.3478157657845959 -0.3478157657845959 -0.3478157657845959 -0.3478157657845959 -0.3478157657845959 -0.3478157657845959 -0.2810557040078787 -0.44988319435804547 -0.44988319435804547 -0.44988319435804547 -0.44988319435804547 -0.3478157657845959 -0.44988319435804547 -0.44988319435804547 -0.44988319435804547 -0.44988319435804547 -0.44988319435804547 -0.3478157657845959 -0.44988319435804547 -0.3478157657845959 -0.44988319435804547 -0.44988319435804547 -0.44988319435804547 -0.44988319435804547 -0.3478157657845959 -0.3478157657845959 -0.44988319435804547 -0.3478157657845959 -0.19888506729384528 -0.44988319435804547 -0.44988319435804547 -0.3478157657845959 -0.3478157657845959 -0.28743918845284816 -0.3478157657845959 -0.2810557040078787 -0.3478157657845959 -0.3478157657845959 -0.28743918845284816 -0.28743918845284816 -0.3478157657845959 -0.3478157657845959 -0.3478157657845959 -0.3478157657845959 -0.44988319435804547 -0.44988319435804547 -0.3478157657845959 -0.2810557040078787 -0.2810557040078787 -0.3478157657845959 -0.3478157657845959 -0.44988319435804547 -0.2457238361529283 -0.44006304448803996 -0.44988319435804547 -0.19888506729384528 -0.30465158591214453 -0.30465158591214453 -0.22713002994941628 -0.22812406892408477 -0.22713002994941628 -0.22812406892408477 -0.22713002994941628 -0.22812406892408477 -0.22713002994941628 -0.3478157657845959 -0.22812406892408477 -0.2457238361529283 -0.22713002994941628 -0.36905128704578893 -0.22713002994941628 -0.34978606364198145 -0.22812406892408477 -0.2910831897350783 -0.2910831897350783 -0.2910831897350783 -0.28112522574906906 -0.14576873237876967 -0.27120883402619844 -0.22713002994941628 -0.25982577480618435 -0.21409170335795727 -0.1995259280529714 -0.19736164869341716 -0.1821068647573436 -0.17614167262846486 -0.1739098427424842 -0.1627888159462234 -0.1627888159462234 -0.1627888159462234 -0.1627888159462234 -0.13493349044006586 -0.12960204680651732 -0.12190901523893742 -0.12190901523893742 -0.0820882152549233 -0.09868027573317253 -0.03281880387148894 -0.03281880387148894 -0.03281880387148894 -0.03883199429684344 -0.03883199429684344 -0.03928866302395971 -0.03281880387148894 -0.027831361676233755 -0.004454610170621243
-0.5801132093453981 -0.5801132093453981 -0.5801132093453981 -0.5801132093453981 -0.4920997726369036 -0.5801132093453981 -0.4920997726369036 -0.4920997726369036 -0.2810557040078787 -0.3478157657845959 -0.3478157657845959 -0.3478157657845959 -0.3478157657845959 -0.5801132093453981 -0.3478157657845959 -0.3478157657845959 -0.3478157657845959 -0.3478157657845959 -0.3478157657845959 -0.5801132093453981 -0.3478157657845959 -0.4920997726369036 -0.3478157657845959 -0.3478157657845959 -0.3478157657845959 -0.3478157657845959 -0.43078755476491404 -0.43078755476491404 -0.3478157657845959 -0.3742494640628821 -0.19888506729384528 -0.3478157657845959 -0.3478157657845959 -0.41897199989951445 -0.4920997726369036 -0.28743918845284816 -0.4920997726369036 -0.2810557040078787 -0.43078755476491404 -0.43078755476491404 -0.28743918845284816 -0.28743918845284816 -0.43078755476491404 -0.43078755476491404 -0.4920997726369036 -0.4269639815696264 -0.3478157657845959 -0.3478157657845959 -0.43078755476491404 -0.2810557040078787 -0.2810557040078787 -0.43078755476491404 -0.43078755476491404 -0.3478157657845959 -0.2457238361529283 -0.3478157657845959 -0.3478157657845959 -0.19888506729384528 -0.30465158591214453 -0.30465158591214453 -0.22713002994941628 -0.22812406892408477 -0.22713002994941628 -0.22812406892408477 -0.22713002994941628 -0.22812406892408477 -0.22713002994941628 -0.3962309228082263 -0.22812406892408477 -0.2457238361529283 -0.22713002994941628 -0.3478157657845959 -0.22713002994941628 -0.3478157657845959 -0.22812406892408477 -0.2910831897350783 -0.2910831897350783 -0.2910831897350783 -0.28112522574906906 -0.14576873237876967 -0.27120883402619844 -0.22713002994941628 -0.25982577480618435 -0.21409170335795727 -0.1995259280529714 -0.19736164869341716 -0.1821068647573436 -0.17614167262846486 -0.1739098427424842 -0.1627888159462234 -0.1627888159462234 -0.1627888159462234 -0.1627888159462234 -0.13493349044006586 -0.12960204680651732 -0.12190901523893742 -0.12190901523893742 -0.0820882152549233 -0.09868027573317253 -0.03281880387148894 -0.03281880387148894 -0.03281880387148894 -0.03883199429684344 -0.03883199429684344 -0.03928866302395971 -0.03281880387148894 -0.027831361676233755 -0.004454610170621243
-0.4920997726369036 -0.4920997726369036 -0.4920997726369036 -0.4920997726369036 -0.4920997726369036 -0.4920997726369036 -0.4920997726369036 -0.4920997726369036 -0.2810557040078787 -0.3478157657845959 -0.3478157657845959 -0.3478157657845959 -0.3478157657845959 -0.4920997726369036 -0.3478157657845959 -0.3478157657845959 -0.3478157657845959 -0.3478157657845959 -0.3478157657845959 -0.4920997726369036 -0.3478157657845959 -0.4920997726369036 -0.3478157657845959 -0.3478157657845959 -0.3478157657845959 -0.3478157657845959 -0.43078755476491404 -0.43078755476491404 -0.3478157657845959 -0.3742494640628821 -0.19888506729384528 -0.3478157657845959 -0.3478157657845959 -0.41897199989951445 -0.4920997726369036 -0.28743918845284816 -0.4920997726369036 -0.2810557040078787 -0.43078755476491404 -0.43078755476491404 -0.28743918845284816 -0.28743918845284816 -0.43078755476491404 -0.43078755476491404 -0.4920997726369036 -0.4269639815696264 -0.3478157657845959 -0.3478157657845959 -0.43078755476491404 -0.2810557040078787 -0.2810557040078787 -0.43078755476491404 -0.43078755476491404 -0.3478157657845959 -0.2457238361529283 -0.3478157657845959 -0.3478157657845959 -0.19888506729384528 -0.30465158591214453 -0.30465158591214453 -0.22713002994941628 -0.22812406892408477 -0.22713002994941628 -0.22812406892408477 -0.22713002994941628 -0.22812406892408477 -0.22713002994941628 -0.3962309228082263 -0.22812406892408477 -0.2457238361529283 -0.22713002994941628 -0.3478157657845959 -0.22713002994941628 -0.3478157657845959 -0.22812406892408477 -0.2910831897350783 -0.2910831897350783 -0.2910831897350783 -0.28112522574906906 -0.14576873237876967 -0.27120883402619844 -0.22713002994941628 -0.25982577480618435 -0.21409170335795727 -0.1995259280529714 -0.19736164869341716 -0.1821068647573436 -0.17614167262846486 -0.1739098427424842 -0.1627888159462234 -0.1627888159462234 -0.1627888159462234 -0.1627888159462234 -0.13493349044006586 -0.12960204680651732 -0.12190901523893742 -0.12190901523893742 -0.0820882152549233 -0.09868027573317253 -0.03281880387148894 -0.03281880387148894 -0.03281880387148894 -0.03883199429684344 -0.03883199429684344 -0.03928866302395971 -0.03281880387148894 -0.027831361676233755 -0.004454610170621243
-0.3478157657845959 -0.3478157657845959 -0.3478157657845959 -0.3478157657845959 -0.3478157657845959 -0.3478157657845959 -0.3478157657845959 -0.3478157657845959 -0.2810557040078787 -0.4686932544103909 -0.4686932544103909 -0.4686932544103909 -0.4686932544103909 -0.3478157657845959 -0.4686932544103909 -0.4686932544103909 -0.4686932544103909 -0.4686932544103909 -0.4686932544103909 -0.3478157657845959 -0.4686932544103909 -0.3478157657845959 -0.4686932544103909 -0.4686932544103909 -0.4686932544103909 -0.4686932544103909 -0.3478157657845959 -0.3478157657845959 -0.4686932544103909 -0.3478157657845959 -0.19888506729384528 -0.4686932544103909 -0.4686932544103909 -0.3478157657845959 -0.3478157657845959 -0.28743918845284816 -0.3478157657845959 -0.2810557040078787 -0.3478157657845959 -0.3478157657845959 -0.28743918845284816 -0.28743918845284816 -0.3478157657845959 -0.3478157657845959 -0.3478157657845959 -0.3478157657845959 -0.4686932544103909 -0.4686932544103909 -0.3478157657845959 -0.2810557040078787 -0.2810557040078787 -0.3478157657845959 -0.3478157657845959 -0.4584190234342771 -0.2457238361529283 -0.44006304448803996 -0.44988319435804547 -0.19888506729384528 -0.30465158591214453 -0.30465158591214453 -0.22713002994941628 -0.22812406892408477 -0.22713002994941628 -0.22812406892408477 -0.22713002994941628 -0.22812406892408477 -0.22713002994941628 -0.3478157657845959 -0.22812406892408477 -0.2457238361529283 -0.22713002994941628 -0.36905128704578893 -0.22713002994941628 -0.34978606364198145 -0.22812406892408477 -0.2910831897350783 -0.2910831897350783 -0.2910831897350783 -0.28112522574906906 -0.14576873237876967 -0.27120883402619844 -0.22713002994941628 -0.25982577480618435 -0.21409170335795727 -0.1995259280529714 -0.19736164869341716 -0.1821068647573436 -0.17614167262846486 -0.1739098427424842 -0.1627888159462234 -0.1627888159462234 -0.1627888159462234 -0.1627888159462234 -0.13493349044006586 -0.12960204680651732 -0.12190901523893742 -0.12190901523893742 -0.0820882152549233 -0.09868027573317253 -0.03281880387148894 -0.03281880387148894 -0.03281880387148894 -0.03883199429684344 -0.03883199429684344 -0.03928866302395971 -0.03281880387148894 -0.027831361676233755 -0.004454610170621243
-0.3478157657845959 -0.3478157657845959 -0.3478157657845959 -0.3478157657845959 -0.3478157657845959 -0.3478157657845959 -0.3478157657845959 -0.3478157657845959 -0.2810557040078787 -0.44006304448803996 -0.44006304448803996 -0.44006304448803996 -0.44006304448803996 -0.3478157657845959 -0.44006304448803996 -0.44006304448803996 -0.44006304448803996 -0.44006304448803996 -0.44006304448803996 -0.3478157657845959 -0.44006304448803996 -0.3478157657845959 -0.44006304448803996 -0.44006304448803996 -0.44006304448803996 -0.44006304448803996 -0.3478157657845959 -0.3478157657845959 -0.44006304448803996 -0.3478157657845959 -0.19888506729384528 -0.44006304448803996 -0.44006304448803996 -0.3478157657845959 -0.3478157657845959 -0.28743918845284816 -0.3478157657845959 -0.2810557040078787 -0.3478157657845959 -0.3478157657845959 -0.28743918845284816 -0.28743918845284816 -0.3478157657845959 -0.3478157657845959 -0.3478157657845959 -0.3478157657845959 -0.44006304448803996 -0.44006304448803996 -0.3478157657845959 -0.2810557040078787 -0.2810557040078787 -0.3478157657845959 -0.3478157657845959 -0.44006304448803996 -0.2457238361529283 -0.44006304448803996 -0.44006304448803996 -0.19888506729384528 -0.30465158591214453 -0.30465158591214453 -0.22713002994941628 -0.22812406892408477 -0.22713002994941628 -0.22812406892408477 -0.22713002994941628 -0.22812406892408477 -0.22713002994941628 -0.3478157657845959 -0.22812406892408477 -0.2457238361529283 -0.22713002994941628 -0.36905128704578893 -0.22713002994941628 -0.34978606364198145 -0.22812406892408477 -0.2910831897350783 -0.2910831897350783 -0.2910831897350783 -0.28112522574906906 -0.14576873237876967 -0.27120883402619844 -0.22713002994941628 -0.25982577480618435 -0.21409170335795727 -0.1995259280529714 -0.19736164869341716 -0.1821068647573436 -0.17614167262846486 -0.1739098427424842 -0.1627888159462234 -0.1627888159462234 -0.1627888159462234 -0.1627888159462234 -0.13493349044006586 -0.12960204680651732 -0.12190901523893742 -0.12190901523893742 -0.0820882152549233 -0.09868027573317253 -0.03281880387148894 -0.03281880387148894 -0.03281880387148894 -0.03883199429684344 -0.03883199429684344 -0.03928866302395971 -0.03281880387148894 -0.027831361676233755 -0.004454610170621243
-0.3478157657845959 -0.3478157657845959 -0.3478157657845959 -0.3478157657845959 -0.3478157657845959 -0.3478157657845959 -0.3478157657845959 -0.3478157657845959 -0.2810557040078787 -0.36905128704578893 -0.36905128704578893 -0.36905128704578893 -0.36905128704578893 -0.3478157657845959 -0.36905128704578893 -0.36905128704578893 -0.36905128704578893 -0.36905128704578893 -0.36905128704578893 -0.3478157657845959 -0.36905128704578893 -0.3478157657845959 -0.36905128704578893 -0.36905128704578893 -0.36905128704578893 -0.36905128704578893 -0.3478157657845959 -0.3478157657845959 -0.36905128704578893 -0.3478157657845959 -0.19888506729384528 -0.36905128704578893 -0.36905128704578893 -0.3478157657845959 -0.3478157657845959 -0.28743918845284816 -0.3478157657845959 -0.2810557040078787 -0.3478157657845959 -0.3478157657845959 -0.28743918845284816 -0.28743918845284816 -0.3478157657845959 -0.3478157657845959 -0.3478157657845959 -0.3478157657845959 -0.36905128704578893 -0.36905128704578893 -0.3478157657845959 -0.2810557040078787 -0.2810557040078787 -0.3478157657845959 -0.3478157657845959 -0.36905128704578893 -0.2457238361529283 -0.36905128704578893 -0.36905128704578893 -0.19888506729384528 -0.30465158591214453 -0.30465158591214453 -0.22713002994941628 -0.22812406892408477 -0.22713002994941628 -0.22812406892408477 -0.22713002994941628 -0.22812406892408477 -0.22713002994941628 -0.3478157657845959 -0.22812406892408477 -0.2457238361529283 -0.22713002994941628 -0.36905128704578893 -0.22713002994941628 -0.34978606364198145 -0.22812406892408477 -0.2910831897350783 -0.2910831897350783 -0.2910831897350783 -0.28112522574906906 -0.14576873237876967 -0.27120883402619844 -0.22713002994941628 -0.25982577480618435 -0.21409170335795727 -0.1995259280529714 -0.19736164869341716 -0.1821068647573436 -0.17614167262846486 -0.1739098427424842 -0.1627888159462234 -0.1627888159462234 -0.1627888159462234 -0.1627888159462234 -0.13493349044006586 -0.12960204680651732 -0.12190901523893742 -0.12190901523893742 -0.0820882152549233 -0.09868027573317253 -0.03281880387148894 -0.03281880387148894 -0.03281880387148894 -0.03883199429684344 -0.03883199429684344 -0.03928866302395971 -0.03281880387148894 -0.027831361676233755 -0.004454610170621243
-0.3478157657845959 -0.3478157657845959 -0.3478157657845959 -0.3478157657845959 -0.3478157657845959 -0.3478157657845959 -0.3478157657845959 -0.3478157657845959 -0.2810557040078787 -0.5512430657687283 -0.5512430657687283 -0.5512430657687283 -0.6195864612643196 -0.3478157657845959 -0.5512430657687283 -0.5512430657687283 -0.5512430657687283 -0.5512430657687283 -0.6195864612643196 -0.3478157657845959 -0.5512430657687283 -0.3478157657845959 -0.5512430657687283 -0.6195864612643196 -0.5512430657687283 -0.6195864612643196 -0.3478157657845959 -0.3478157657845959 -0.5959919044981549 -0.3478157657845959 -0.19888506729384528 -0.571985978082023 -0.5512430657687283 -0.3478157657845959 -0.3478157657845959 -0.28743918845284816 -0.3478157657845959 -0.2810557040078787 -0.3478157657845959 -0.3478157657845959 -0.28743918845284816 -0.28743918845284816 -0.3478157657845959 -0.3478157657845959 -0.3478157657845959 -0.3478157657845959 -0.4686932544103909 -0.47301892908293836 -0.3478157657845959 -0.2810557040078787 -0.2810557040078787 -0.3478157657845959 -0.3478157657845959 -0.4584190234342771 -0.2457238361529283 -0.44006304448803996 -0.44988319435804547 -0.19888506729384528 -0.30465158591214453 -0.30465158591214453 -0.22713002994941628 -0.22812406892408477 -0.22713002994941628 -0.22812406892408477 -0.22713002994941628 -0.22812406892408477 -0.22713002994941628 -0.3478157657845959 -0.22812406892408477 -0.2457238361529283 -0.22713002994941628 -0.36905128704578893 -0.22713002994941628 -0.34978606364198145 -0.22812406892408477 -0.2910831897350783 -0.2910831897350783 -0.2910831897350783 -0.28112522574906906 -0.14576873237876967 -0.27120883402619844 -0.22713002994941628 -0.25982577480618435 -0.21409170335795727 -0.1995259280529714 -0.19736164869341716 -0.1821068647573436 -0.17614167262846486 -0.1739098427424842 -0.1627888159462234 -0.1627888159462234 -0.1627888159462234 -0.1627888159462234 -0.13493349044006586 -0.12960204680651732 -0.12190901523893742 -0.12190901523893742 -0.0820882152549233 -0.09868027573317253 -0.03281880387148894 -0.03281880387148894 -0.03281880387148894 -0.03883199429684344 -0.03883199429684344 -0.03928866302395971 -0.03281880387148894 -0.027831361676233755 -0.004454610170621243
-0.3478157657845959 -0.3478157657845959 -0.3478157657845959 -0.3478157657845959 -0.3478157657845959 -0.3478157657845959 -0.3478157657845959 -0.3478157657845959 -0.2810557040078787 -0.3478157657845959 -0.3478157657845959 -0.3478157657845959 -0.3478157657845959 -0.3478157657845959 -0.3478157657845959 -0.3478157657845959 -0.3478157657845959 -0.3478157657845959 -0.3478157657845959 -0.3478157657845959 -0.3478157657845959 -0.3478157657845959 -0.3478157657845959 -0.3478157657845959 -0.3478157657845959 -0.3478157657845959 -0.3478157657845959 -0.3478157657845959 -0.3478157657845959 -0.3478157657845959 -0.19888506729384528 -0.3478157657845959 -0.3478157657845959 -0.3478157657845959 -0.3478157657845959 -0.28743918845284816 -0.3478157657845959 -0.2810557040078787 -0.3478157657845959 -0.3478157657845959 -0.28743918845284816 -0.28743918845284816 -0.3478157657845959 -0.3478157657845959 -0.3478157657845959 -0.3478157657845959 -0.3478157657845959 -0.3478157657845959 -0.3478157657845959 -0.2810557040078787 -0.2810557040078787 -0.3478157657845959 -0.3478157657845959 -0.3478157657845959 -0.2457238361529283 -0.3478157657845959 -0.3478157657845959 -0.19888506729384528 -0.30465158591214453 -0.30465158591214453 -0.22713002994941628 -0.22812406892408477 -0.22713002994941628 -0.22812406892408477 -0.22713002994941628 -0.22812406892408477 -0.22713002994941628 -0.3478157657845959 -0.22812406892408477 -0.2457238361529283 -0.22713002994941628 -0.3478157657845959 -0.22713002994941628 -0.3478157657845959 -0.22812406892408477 -0.2910831897350783 -0.2910831897350783 -0.2910831897350783 -0.28112522574906906 -0.14576873237876967 -0.27120883402619844 -0.22713002994941628 -0.25982577480618435 -0.21409170335795727 -0.1995259280529714 -0.19736164869341716 -0.1821068647573436 -0.17614167262846486 -0.1739098427424842 -0.1627888159462234 -0.1627888159462234 -0.1627888159462234 -0.1627888159462234 -0.13493349044006586 -0.12960204680651732 -0.12190901523893742 -0.12190901523893742 -0.0820882152549233 -0.09868027573317253 -0.03281880387148894 -0.03281880387148894 -0.03281880387148894 -0.03883199429684344 -0.03883199429684344 -0.03928866302395971 -0.03281880387148894 -0.027831361676233755 -0.004454610170621243
-0.3478157657845959 -0.3478157657845959 -0.3478157657845959 -0.3478157657845959 -0.3478157657845959 -0.3478157657845959 -0.3478157657845959 -0.3478157657845959 -0.2810557040078787 -0.6116113332488385 -0.6116113332488385 -0.6116113332488385 -0.5512430657687283 -0.3478157657845959 -0.6116113332488385 -0.6116113332488385 -0.6116113332488385 -0.6116113332488385 -0.5512430657687283 -0.3478157657845959 -0.6116113332488385 -0.3478157657845959 -0.6116113332488385 -0.5512430657687283 -0.6538422091626278 -0.5512430657687283 -0.3478157657845959 -0.3478157657845959 -0.5512430657687283 -0.3478157657845959 -0.19888506729384528 -0.5512430657687283 -0.5540045622617185 -0.3478157657845959 -0.3478157657845959 -0.28743918845284816 -0.3478157657845959 -0.2810557040078787 -0.3478157657845959 -0.3478157657845959 -0.28743918845284816 -0.28743918845284816 -0.3478157657845959 -0.3478157657845959 -0.3478157657845959 -0.3478157657845959 -0.4686932544103909 -0.47301892908293836 -0.3478157657845959 -0.2810557040078787 -0.2810557040078787 -0.3478157657845959 -0.3478157657845959 -0.4584190234342771 -0.2457238361529283 -0.44006304448803996 -0.44988319435804547 -0.19888506729384528 -0.30465158591214453 -0.30465158591214453 -0.22713002994941628 -0.22812406892408477 -0.22713002994941628 -0.22812406892408477 -0.22713002994941628 -0.22812406892408477 -0.22713002994941628 -0.3478157657845959 -0.22812406892408477 -0.2457238361529283 -0.22713002994941628 -0.36905128704578893 -0.22713002994941628 -0.34978606364198145 -0.22812406892408477 -0.2910831897350783 -0.2910831897350783 -0.2910831897350783 -0.28112522574906906 -0.14576873237876967 -0.27120883402619844 -0.22713002994941628 -0.25982577480618435 -0.21409170335795727 -0.1995259280529714 -0.19736164869341716 -0.1821068647573436 -0.17614167262846486 -0.1739098427424842 -0.1627888159462234 -0.1627888159462234 -0.1627888159462234 -0.1627888159462234 -0.13493349044006586 -0.12960204680651732 -0.12190901523893742 -0.12190901523893742 -0.0820882152549233 -0.09868027573317253 -0.03281880387148894 -0.03281880387148894 -0.03281880387148894 -0.03883199429684344 -0.03883199429684344 -0.03928866302395971 -0.03281880387148894 -0.027831361676233755 -0.004454610170621243
-0.22713002994941628 -0.22713002994941628 -0.22713002994941628 -0.22713002994941628 -0.22713002994941628 -0.22713002994941628 -0.22713002994941628 -0.22713002994941628 -0.22713002994941628 -0.22713002994941628 -0.22713002994941628 -0.22713002994941628 -0.22713002994941628 -0.22713002994941628 -0.22713002994941628 -0.22713002994941628 -0.22713002994941628 -0.22713002994941628 -0.22713002994941628 -0.22713002994941628 -0.22713002994941628 -0.22713002994941628 -0.22713002994941628 -0.22713002994941628 -0.22713002994941628 -0.22713002994941628 -0.22713002994941628 -0.22713002994941628 -0.22713002994941628 -0.22713002994941628 -0.19888506729384528 -0.22713002994941628 -0.22713002994941628 -0.22713002994941628 -0.22713002994941628 -0.22713002994941628 -0.22713002994941628 -0.22713002994941628 -0.22713002994941628 -0.22713002994941628 -0.22713002994941628 -0.22713002994941628 -0.22713002994941628 -0.22713002994941628 -0.22713002994941628 -0.22713002994941628 -0.22713002994941628 -0.22713002994941628 -0.22713002994941628 -0.22713002994941628 -0.22713002994941628 -0.22713002994941628 -0.22713002994941628 -0.22713002994941628 -0.22713002994941628 -0.22713002994941628 -0.22713002994941628 -0.19888506729384528 -0.22713002994941628 -0.22713002994941628 -0.22713002994941628 -0.22713002994941628 -0.22713002994941628 -0.22713002994941628 -0.22713002994941628 -0.22713002994941628 -0.22713002994941628 -0.22713002994941628 -0.22713002994941628 -0.22713002994941628 -0.22713002994941628 -0.22713002994941628 -0.22713002994941628 -0.22713002994941628 -0.22713002994941628 -0.22713002994941628 -0.22713002994941628 -0.22713002994941628 -0.22713002994941628 -0.14576873237876967 -0.22713002994941628 -0.22713002994941628 -0.22713002994941628 -0.21409170335795727 -0.1995259280529714 -0.19736164869341716 -0.1821068647573436 -0.17614167262846486 -0.1739098427424842 -0.1627888159462234 -0.1627888159462234 -0.1627888159462234 -0.1627888159462234 -0.13493349044006586 -0.12960204680651732 -0.12190901523893742 -0.12190901523893742 -0.0820882152549233 -0.09868027573317253 -0.03281880387148894 -0.03281880387148894 -0.03281880387148894 -0.03883199429684344 -0.03883199429684344 -0.03928866302395971 -0.03281880387148894 -0.027831361676233755 -0.004454610170621243
-0.19888506729384528 -0.19888506729384528 -0.19888506729384528 -0.19888506729384528 -0.19888506729384528 -0.19888506729384528 -0.19888506729384528 -0.19888506729384528 -0.19888506729384528 -0.19888506729384528 -0.19888506729384528 -0.19888506729384528 -0.19888506729384528 -0.19888506729384528 -0.19888506729384528 -0.19888506729384528 -0.19888506729384528 -0.19888506729384528 -0.19888506729384528 -0.19888506729384528 -0.19888506729384528 -0.19888506729384528 -0.19888506729384528 -0.19888506729384528 -0.19888506729384528 -0.19888506729384528 -0.19888506729384528 -0.19888506729384528 -0.19888506729384528 -0.19888506729384528 -0.6040424442141741 -0.19888506729384528 -0.19888506729384528 -0.19888506729384528 -0.19888506729384528 -0.19888506729384528 -0.19888506729384528 -0.19888506729384528 -0.19888506729384528 -0.19888506729384528 -0.19888506729384528 -0.19888506729384528 -0.19888506729384528 -0.19888506729384528 -0.19888506729384528 -0.19888506729384528 -0.19888506729384528 -0.19888506729384528 -0.19888506729384528 -0.19888506729384528 -0.19888506729384528 -0.19888506729384528 -0.19888506729384528 -0.19888506729384528 -0.19888506729384528 -0.19888506729384528 -0.19888506729384528 -0.33754894803563923 -0.19888506729384528 -0.19888506729384528 -0.19888506729384528 -0.19888506729384528 -0.19888506729384528 -0.19888506729384528 -0.19888506729384528 -0.19888506729384528 -0.19888506729384528 -0.19888506729384528 -0.19888506729384528 -0.19888506729384528 -0.19888506729384528 -0.19888506729384528 -0.19888506729384528 -0.19888506729384528 -0.19888506729384528 -0.19888506729384528 -0.19888506729384528 -0.19888506729384528 -0.19888506729384528 -0.14576873237876967 -0.19888506729384528 -0.19888506729384528 -0.19888506729384528 -0.19888506729384528 -0.19888506729384528 -0.19736164869341716 -0.1821068647573436 -0.17614167262846486 -0.1739098427424842 -0.1627888159462234 -0.1627888159462234 -0.1627888159462234 -0.1627888159462234 -0.13493349044006586 -0.12960204680651732 -0.12190901523893742 -0.12190901523893742 -0.0820882152549233 -0.09868027573317253 -0.03281880387148894 -0.03281880387148894 -0.03281880387148894 -0.03883199429684344 -0.03883199429684344 -0.03928866302395971 -0.03281880387148894 -0.027831361676233755 -0.004454610170621243
-0.3478157657845959 -0.3478157657845959 -0.3478157657845959 -0.3478157657845959 -0.3478157657845959 -0.3478157657845959 -0.3478157657845959 -0.3478157657845959 -0.2810557040078787 -0.3478157657845959 -0.3478157657845959 -0.3478157657845959 -0.3478157657845959 -0.3478157657845959 -0.3478157657845959 -0.3478157657845959 -0.3478157657845959 -0.3478157657845959 -0.3478157657845959 -0.3478157657845959 -0.3478157657845959 -0.3478157657845959 -0.3478157657845959 -0.3478157657845959 -0.3478157657845959 -0.3478157657845959 -0.3478157657845959 -0.3478157657845959 -0.3478157657845959 -0.3478157657845959 -0.19888506729384528 -0.3478157657845959 -0.3478157657845959 -0.3478157657845959 -0.3478157657845959 -0.28743918845284816 -0.3478157657845959 -0.2810557040078787 -0.3478157657845959 -0.3478157657845959 -0.28743918845284816 -0.28743918845284816 -0.3478157657845959 -0.3478157657845959 -0.3478157657845959 -0.3478157657845959 -0.3478157657845959 -0.3478157657845959 -0.3478157657845959 -0.2810557040078787 -0.2810557040078787 -0.3478157657845959 -0.3478157657845959 -0.3478157657845959 -0.2457238361529283 -0.3478157657845959 -0.3478157657845959 -0.19888506729384528 -0.30465158591214453 -0.30465158591214453 -0.22713002994941628 -0.22812406892408477 -0.22713002994941628 -0.22812406892408477 -0.22713002994941628 -0.22812406892408477 -0.22713002994941628 -0.3478157657845959 -0.22812406892408477 -0.2457238361529283 -0.22713002994941628 -0.3478157657845959 -0.22713002994941628 -0.3478157657845959 -0.22812406892408477 -0.2910831897350783 -0.2910831897350783 -0.2910831897350783 -0.28112522574906906 -0.14576873237876967 -0.27120883402619844 -0.22713002994941628 -0.25982577480618435 -0.21409170335795727 -0.1995259280529714 -0.19736164869341716 -0.1821068647573436 -0.17614167262846486 -0.1739098427424842 -0.1627888159462234 -0.1627888159462234 -0.1627888159462234 -0.1627888159462234 -0.13493349044006586 -0.12960204680651732 -0.12190901523893742 -0.12190901523893742 -0.0820882152549233 -0.09868027573317253 -0.03281880387148894 -0.03281880387148894 -0.03281880387148894 -0.03883199429684344 -0.03883199429684344 -0.03928866302395971 -0.03281880387148894 -0.027831361676233755 -0.004454610170621243
-0.22713002994941628 -0.22713002994941628 -0.22713002994941628 -0.22713002994941628 -0.22713002994941628 -0.22713002994941628 -0.22713002994941628 -0.22713002994941628 -0.22713002994941628 -0.22713002994941628 -0.22713002994941628 -0.22713002994941628 -0.22713002994941628 -0.22713002994941628 -0.22713002994941628 -0.22713002994941628 -0.22713002994941628 -0.22713002994941628 -0.22713002994941628 -0.22713002994941628 -0.22713002994941628 -0.22713002994941628 -0.22713002994941628 -0.22713002994941628 -0.22713002994941628 -0.22713002994941628 -0.22713002994941628 -0.22713002994941628 -0.22713002994941628 -0.22713002994941628 -0.19888506729384528 -0.22713002994941628 -0.22713002994941628 -0.22713002994941628 -0.22713002994941628 -0.22713002994941628 -0.22713002994941628 -0.22713002994941628 -0.22713002994941628 -0.22713002994941628 -0.22713002994941628 -0.22713002994941628 -0.22713002994941628 -0.22713002994941628 -0.22713002994941628 -0.22713002994941628 -0.22713002994941628 -0.22713002994941628 -0.22713002994941628 -0.22713002994941628 -0.22713002994941628 -0.22713002994941628 -0.22713002994941628 -0.22713002994941628 -0.22713002994941628 -0.22713002994941628 -0.22713002994941628 -0.19888506729384528 -0.22713002994941628 -0.22713002994941628 -0.22713002994941628 -0.22713002994941628 -0.22713002994941628 -0.22713002994941628 -0.22713002994941628 -0.22713002994941628 -0.22713002994941628 -0.22713002994941628 -0.22713002994941628 -0.22713002994941628 -0.22713002994941628 -0.22713002994941628 -0.22713002994941628 -0.22713002994941628 -0.22713002994941628 -0.22713002994941628 -0.22713002994941628 -0.22713002994941628 -0.22713002994941628 -0.14576873237876967 -0.22713002994941628 -0.22713002994941628 -0.22713002994941628 -0.21409170335795727 -0.1995259280529714 -0.19736164869341716 -0.1821068647573436 -0.17614167262846486 -0.1739098427424842 -0.1627888159462234 -0.1627888159462234 -0.1627888159462234 -0.1627888159462234 -0.13493349044006586 -0.12960204680651732 -0.12190901523893742 -0.12190901523893742 -0.0820882152549233 -0.09868027573317253 -0.03281880387148894 -0.03281880387148894 -0.03281880387148894 -0.03883199429684344 -0.03883199429684344 -0.03928866302395971 -0.03281880387148894 -0.027831361676233755 -0.004454610170621243
-0.2810557040078787 -0.2810557040078787 -0.2810557040078787 -0.2810557040078787 -0.2810557040078787 -0.2810557040078787 -0.2810557040078787 -0.2810557040078787 -0.2810557040078787 -0.2810557040078787 -0.2810557040078787 -0.2810557040078787 -0.2810557040078787 -0.2810557040078787 -0.2810557040078787 -0.2810557040078787 -0.2810557040078787 -0.2810557040078787 -0.2810557040078787 -0.2810557040078787 -0.2810557040078787 -0.2810557040078787 -0.2810557040078787 -0.2810557040078787 -0.2810557040078787 -0.2810557040078787 -0.2810557040078787 -0.2810557040078787 -0.2810557040078787 -0.2810557040078787 -0.19888506729384528 -0.2810557040078787 -0.2810557040078787 -0.2810557040078787 -0.2810557040078787 -0.2810557040078787 -0.2810557040078787 -0.2810557040078787 -0.2810557040078787 -0.2810557040078787 -0.2810557040078787 -0.2810557040078787 -0.2810557040078787 -0.2810557040078787 -0.2810557040078787 -0.2810557040078787 -0.2810557040078787 -0.2810557040078787 -0.2810557040078787 -0.2810557040078787 -0.2810557040078787 -0.2810557040078787 -0.2810557040078787 -0.2810557040078787 -0.2457238361529283 -0.2810557040078787 -0.2810557040078787 -0.19888506729384528 -0.2810557040078787 -0.2810557040078787 -0.22713002994941628 -0.22812406892408477 -0.22713002994941628 -0.22812406892408477 -0.22713002994941628 -0.22812406892408477 -0.22713002994941628 -0.2810557040078787 -0.22812406892408477 -0.2457238361529283 -0.22713002994941628 -0.2810557040078787 -0.22713002994941628 -0.2810557040078787 -0.22812406892408477 -0.2810557040078787 -0.2810557040078787 -0.2810557040078787 -0.2810557040078787 -0.14576873237876967 -0.27120883402619844 -0.22713002994941628 -0.25982577480618435 -0.21409170335795727 -0.1995259280529714 -0.19736164869341716 -0.1821068647573436 -0.17614167262846486 -0.1739098427424842 -0.1627888159462234 -0.1627888159462234 -0.1627888159462234 -0.1627888159462234 -0.13493349044006586 -0.12960204680651732 -0.12190901523893742 -0.12190901523893742 -0.0820882152549233 -0.09868027573317253 -0.03281880387148894 -0.03281880387148894 -0.03281880387148894 -0.03883199429684344 -0.03883199429684344 -0.03928866302395971 -0.03281880387148894 -0.027831361676233755 -0.004454610170621243
-0.22713002994941628 -0.22713002994941628 -0.22713002994941628 -0.22713002994941628 -0.22713002994941628 -0.22713002994941628 -0.22713002994941628 -0.22713002994941628 -0.22713002994941628 -0.22713002994941628 -0.22713002994941628 -0.22713002994941628 -0.22713002994941628 -0.22713002994941628 -0.22713002994941628 -0.22713002994941628 -0.22713002994941628 -0.22713002994941628 -0.22713002994941628 -0.22713002994941628 -0.22713002994941628 -0.22713002994941628 -0.22713002994941628 -0.22713002994941628 -0.22713002994941628 -0.22713002994941628 -0.22713002994941628 -0.22713002994941628 -0.22713002994941628 -0.22713002994941628 -0.19888506729384528 -0.22713002994941628 -0.22713002994941628 -0.22713002994941628 -0.22713002994941628 -0.22713002994941628 -0.22713002994941628 -0.22713002994941628 -0.22713002994941628 -0.22713002994941628 -0.22713002994941628 -0.22713002994941628 -0.22713002994941628 -0.22713002994941628 -0.22713002994941628 -0.22713002994941628 -0.22713002994941628 -0.22713002994941628 -0.22713002994941628 -0.22713002994941628 -0.22713002994941628 -0.22713002994941628 -0.22713002994941628 -0.22713002994941628 -0.22713002994941628 -0.22713002994941628 -0.22713002994941628 -0.19888506729384528 -0.22713002994941628 -0.22713002994941628 -0.22713002994941628 -0.22713002994941628 -0.22713002994941628 -0.22713002994941628 -0.22713002994941628 -0.22713002994941628 -0.22713002994941628 -0.22713002994941628 -0.22713002994941628 -0.22713002994941628 -0.22713002994941628 -0.22713002994941628 -0.22713002994941628 -0.22713002994941628 -0.22713002994941628 -0.22713002994941628 -0.22713002994941628 -0.22713002994941628 -0.22713002994941628 -0.14576873237876967 -0.22713002994941628 -0.22713002994941628 -0.22713002994941628 -0.21409170335795727 -0.1995259280529714 -0.19736164869341716 -0.1821068647573436 -0.17614167262846486 -0.1739098427424842 -0.1627888159462234 -0.1627888159462234 -0.1627888159462234 -0.1627888159462234 -0.13493349044006586 -0.12960204680651732 -0.12190901523893742 -0.12190901523893742 -0.0820882152549233 -0.09868027573317253 -0.03281880387148894 -0.03281880387148894 -0.03281880387148894 -0.03883199429684344 -0.03883199429684344 -0.03928866302395971 -0.03281880387148894 -0.027831361676233755 -0.004454610170621243
-0.43078755476491404 -0.43078755476491404 -0.43078755476491404 -0.43078755476491404 -0.43078755476491404 -0.43078755476491404 -0.43078755476491404 -0.43078755476491404 -0.2810557040078787 -0.3478157657845959 -0.3478157657845959 -0.3478157657845959 -0.3478157657845959 -0.43078755476491404 -0.3478157657845959 -0.3478157657845959 -0.3478157657845959 -0.3478157657845959 -0.3478157657845959 -0.43078755476491404 -0.3478157657845959 -0.43078755476491404 -0.3478157657845959 -0.3478157657845959 -0.3478157657845959 -0.3478157657845959 -0.44114776996581384 -0.44114776996581384 -0.3478157657845959 -0.3742494640628821 -0.19888506729384528 -0.3478157657845959 -0.3478157657845959 -0.41897199989951445 -0.43078755476491404 -0.28743918845284816 -0.43078755476491404 -0.2810557040078787 -0.46771039693982036 -0.46771039693982036 -0.28743918845284816 -0.28743918845284816 -0.46771039693982036 -0.46771039693982036 -0.43078755476491404 -0.4269639815696264 -0.3478157657845959 -0.3478157657845959 -0.46771039693982036 -0.2810557040078787 -0.2810557040078787 -0.46771039693982036 -0.46771039693982036 -0.3478157657845959 -0.2457238361529283 -0.3478157657845959 -0.3478157657845959 -0.19888506729384528 -0.30465158591214453 -0.30465158591214453 -0.22713002994941628 -0.22812406892408477 -0.22713002994941628 -0.22812406892408477 -0.22713002994941628 -0.22812406892408477 -0.22713002994941628 -0.3962309228082263 -0.22812406892408477 -0.2457238361529283 -0.22713002994941628 -0.3478157657845959 -0.22713002994941628 -0.3478157657845959 -0.22812406892408477 -0.2910831897350783 -0.2910831897350783 -0.2910831897350783 -0.28112522574906906 -0.14576873237876967 -0.27120883402619844 -0.22713002994941628 -0.25982577480618435 -0.21409170335795727 -0.1995259280529714 -0.19736164869341716 -0.1821068647573436 -0.17614167262846486 -0.1739098427424842 -0.1627888159462234 -0.1627888159462234 -0.1627888159462234 -0.1627888159462234 -0.13493349044006586 -0.12960204680651732 -0.12190901523893742 -0.12190901523893742 -0.0820882152549233 -0.09868027573317253 -0.03281880387148894 -0.03281880387148894 -0.03281880387148894 -0.03883199429684344 -0.03883199429684344 -0.03928866302395971 -0.03281880387148894 -0.027831361676233755 -0.004454610170621243
-0.43078755476491404 -0.43078755476491404 -0.43078755476491404 -0.43078755476491404 -0.43078755476491404 -0.43078755476491404 -0.43078755476491404 -0.43078755476491404 -0.2810557040078787 -0.3478157657845959 -0.3478157657845959 -0.3478157657845959 -0.3478157657845959 -0.43078755476491404 -0.3478157657845959 -0.3478157657845959 -0.3478157657845959 -0.3478157657845959 -0.3478157657845959 -0.43078755476491404 -0.3478157657845959 -0.43078755476491404 -0.3478157657845959 -0.3478157657845959 -0.3478157657845959 -0.3478157657845959 -0.44114776996581384 -0.44114776996581384 -0.3478157657845959 -0.3742494640628821 -0.19888506729384528 -0.3478157657845959 -0.3478157657845959 -0.41897199989951445 -0.43078755476491404 -0.28743918845284816 -0.43078755476491404 -0.2810557040078787 -0.44114776996581384 -0.44114776996581384 -0.28743918845284816 -0.28743918845284816 -0.44114776996581384 -0.44114776996581384 -0.43078755476491404 -0.4269639815696264 -0.3478157657845959 -0.3478157657845959 -0.44114776996581384 -0.2810557040078787 -0.2810557040078787 -0.44114776996581384 -0.44114776996581384 -0.3478157657845959 -0.2457238361529283 -0.3478157657845959 -0.3478157657845959 -0.19888506729384528 -0.30465158591214453 -0.30465158591214453 -0.22713002994941628 -0.22812406892408477 -0.22713002994941628 -0.22812406892408477 -0.22713002994941628 -0.22812406892408477 -0.22713002994941628 -0.3962309228082263 -0.22812406892408477 -0.2457238361529283 -0.22713002994941628 -0.3478157657845959 -0.22713002994941628 -0.3478157657845959 -0.22812406892408477 -0.2910831897350783 -0.2910831897350783 -0.2910831897350783 -0.28112522574906906 -0.14576873237876967 -0.27120883402619844 -0.22713002994941628 -0.25982577480618435 -0.21409170335795727 -0.1995259280529714 -0.19736164869341716 -0.1821068647573436 -0.17614167262846486 -0.1739098427424842 -0.1627888159462234 -0.1627888159462234 -0.1627888159462234 -0.1627888159462234 -0.13493349044006586 -0.12960204680651732 -0.12190901523893742 -0.12190901523893742 -0.0820882152549233 -0.09868027573317253 -0.03281880387148894 -0.03281880387148894 -0.03281880387148894 -0.03883199429684344 -0.03883199429684344 -0.03928866302395971 -0.03281880387148894 -0.027831361676233755 -0.004454610170621243
-0.3478157657845959 -0.3478157657845959 -0.3478157657845959 -0.3478157657845959 -0.3478157657845959 -0.3478157657845959 -0.3478157657845959 -0.3478157657845959 -0.2810557040078787 -0.36905128704578893 -0.36905128704578893 -0.36905128704578893 -0.36905128704578893 -0.3478157657845959 -0.36905128704578893 -0.36905128704578893 -0.36905128704578893 -0.36905128704578893 -0.36905128704578893 -0.3478157657845959 -0.36905128704578893 -0.3478157657845959 -0.36905128704578893 -0.36905128704578893 -0.36905128704578893 -0.36905128704578893 -0.3478157657845959 -0.3478157657845959 -0.36905128704578893 -0.3478157657845959 -0.19888506729384528 -0.36905128704578893 -0.36905128704578893 -0.3478157657845959 -0.3478157657845959 -0.28743918845284816 -0.3478157657845959 -0.2810557040078787 -0.3478157657845959 -0.3478157657845959 -0.28743918845284816 -0.28743918845284816 -0.3478157657845959 -0.3478157657845959 -0.3478157657845959 -0.3478157657845959 -0.36905128704578893 -0.36905128704578893 -0.3478157657845959 -0.2810557040078787 -0.2810557040078787 -0.3478157657845959 -0.3478157657845959 -0.36905128704578893 -0.2457238361529283 -0.36905128704578893 -0.36905128704578893 -0.19888506729384528 -0.30465158591214453 -0.30465158591214453 -0.22713002994941628 -0.22812406892408477 -0.22713002994941628 -0.22812406892408477 -0.22713002994941628 -0.22812406892408477 -0.22713002994941628 -0.3478157657845959 -0.22812406892408477 -0.2457238361529283 -0.22713002994941628 -0.36905128704578893 -0.22713002994941628 -0.34978606364198145 -0.22812406892408477 -0.2910831897350783 -0.2910831897350783 -0.2910831897350783 -0.28112522574906906 -0.14576873237876967 -0.27120883402619844 -0.22713002994941628 -0.25982577480618435 -0.21409170335795727 -0.1995259280529714 -0.19736164869341716 -0.1821068647573436 -0.17614167262846486 -0.1739098427424842 -0.1627888159462234 -0.1627888159462234 -0.1627888159462234 -0.1627888159462234 -0.13493349044006586 -0.12960204680651732 -0.12190901523893742 -0.12190901523893742 -0.0820882152549233 -0.09868027573317253 -0.03281880387148894 -0.03281880387148894 -0.03281880387148894 -0.03883199429684344 -0.03883199429684344 -0.03928866302395971 -0.03281880387148894 -0.027831361676233755 -0.004454610170621243
-0.43078755476491404 -0.43078755476491404 -0.43078755476491404 -0.43078755476491404 -0.43078755476491404 -0.43078755476491404 -0.43078755476491404 -0.43078755476491404 -0.2810557040078787 -0.3478157657845959 -0.3478157657845959 -0.3478157657845959 -0.3478157657845959 -0.43078755476491404 -0.3478157657845959 -0.3478157657845959 -0.3478157657845959 -0.3478157657845959 -0.3478157657845959 -0.43078755476491404 -0.3478157657845959 -0.43078755476491404 -0.3478157657845959 -0.3478157657845959 -0.3478157657845959 -0.3478157657845959 -0.5275234605962742 -0.5275234605962742 -0.3478157657845959 -0.3742494640628821 -0.19888506729384528 -0.3478157657845959 -0.3478157657845959 -0.41897199989951445 -0.43078755476491404 -0.28743918845284816 -0.43078755476491404 -0.2810557040078787 -0.44114776996581384 -0.44114776996581384 -0.28743918845284816 -0.28743918845284816 -0.44114776996581384 -0.44114776996581384 -0.43078755476491404 -0.4269639815696264 -0.3478157657845959 -0.3478157657845959 -0.44114776996581384 -0.2810557040078787 -0.2810557040078787 -0.44114776996581384 -0.44114776996581384 -0.3478157657845959 -0.2457238361529283 -0.3478157657845959 -0.3478157657845959 -0.19888506729384528 -0.30465158591214453 -0.30465158591214453 -0.22713002994941628 -0.22812406892408477 -0.22713002994941628 -0.22812406892408477 -0.22713002994941628 -0.22812406892408477 -0.22713002994941628 -0.3962309228082263 -0.22812406892408477 -0.2457238361529283 -0.22713002994941628 -0.3478157657845959 -0.22713002994941628 -0.3478157657845959 -0.22812406892408477 -0.2910831897350783 -0.2910831897350783 -0.2910831897350783 -0.28112522574906906 -0.14576873237876967 -0.27120883402619844 -0.22713002994941628 -0.25982577480618435 -0.21409170335795727 -0.1995259280529714 -0.19736164869341716 -0.1821068647573436 -0.17614167262846486 -0.1739098427424842 -0.1627888159462234 -0.1627888159462234 -0.1627888159462234 -0.1627888159462234 -0.13493349044006586 -0.12960204680651732 -0.12190901523893742 -0.12190901523893742 -0.0820882152549233 -0.09868027573317253 -0.03281880387148894 -0.03281880387148894 -0.03281880387148894 -0.03883199429684344 -0.03883199429684344 -0.03928866302395971 -0.03281880387148894 -0.027831361676233755 -0.004454610170621243
-0.43078755476491404 -0.43078755476491404 -0.43078755476491404 -0.43078755476491404 -0.43078755476491404 -0.43078755476491404 -0.43078755476491404 -0.43078755476491404 -0.2810557040078787 -0.3478157657845959 -0.3478157657845959 -0.3478157657845959 -0.3478157657845959 -0.43078755476491404 -0.3478157657845959 -0.3478157657845959 -0.3478157657845959 -0.3478157657845959 -0.3478157657845959 -0.43078755476491404 -0.3478157657845959 -0.43078755476491404 -0.3478157657845959 -0.3478157657845959 -0.3478157657845959 -0.3478157657845959 -0.44114776996581384 -0.44114776996581384 -0.3478157657845959 -0.3742494640628821 -0.19888506729384528 -0.3478157657845959 -0.3478157657845959 -0.41897199989951445 -0.43078755476491404 -0.28743918845284816 -0.43078755476491404 -0.2810557040078787 -0.44114776996581384 -0.44114776996581384 -0.28743918845284816 -0.28743918845284816 -0.44114776996581384 -0.44114776996581384 -0.43078755476491404 -0.4269639815696264 -0.3478157657845959 -0.3478157657845959 -0.44114776996581384 -0.2810557040078787 -0.2810557040078787 -0.44114776996581384 -0.44114776996581384 -0.3478157657845959 -0.2457238361529283 -0.3478157657845959 -0.3478157657845959 -0.19888506729384528 -0.30465158591214453 -0.30465158591214453 -0.22713002994941628 -0.22812406892408477 -0.22713002994941628 -0.22812406892408477 -0.22713002994941628 -0.22812406892408477 -0.22713002994941628 -0.3962309228082263 -0.22812406892408477 -0.2457238361529283 -0.22713002994941628 -0.3478157657845959 -0.22713002994941628 -0.3478157657845959 -0.22812406892408477 -0.2910831897350783 -0.2910831897350783 -0.2910831897350783 -0.28112522574906906 -0.14576873237876967 -0.27120883402619844 -0.22713002994941628 -0.25982577480618435 -0.21409170335795727 -0.1995259280529714 -0.19736164869341716 -0.1821068647573436 -0.17614167262846486 -0.1739098427424842 -0.1627888159462234 -0.1627888159462234 -0.1627888159462234 -0.1627888159462234 -0.13493349044006586 -0.12960204680651732 -0.12190901523893742 -0.12190901523893742 -0.0820882152549233 -0.09868027573317253 -0.03281880387148894 -0.03281880387148894 -0.03281880387148894 -0.03883199429684344 -0.03883199429684344 -0.03928866302395971 -0.03281880387148894 -0.027831361676233755 -0.004454610170621243
-0.19736164869341716 -0.19736164869341716 -0.19736164869341716 -0.19736164869341716 -0.19736164869341716 -0.19736164869341716 -0.19736164869341716 -0.19736164869341716 -0.19736164869341716 -0.19736164869341716 -0.19736164869341716 -0.19736164869341716 -0.19736164869341716 -0.19736164869341716 -0.19736164869341716 -0.19736164869341716 -0.19736164869341716 -0.19736164869341716 -0.19736164869341716 -0.19736164869341716 -0.19736164869341716 -0.19736164869341716 -0.19736164869341716 -0.19736164869341716 -0.19736164869341716 -0.19736164869341716 -0.19736164869341716 -0.19736164869341716 -0.19736164869341716 -0.19736164869341716 -0.19736164869341716 -0.19736164869341716 -0.19736164869341716 -0.19736164869341716 -0.19736164869341716 -0.19736164869341716 -0.19736164869341716 -0.19736164869341716 -0.19736164869341716 -0.19736164869341716 -0.19736164869341716 -0.19736164869341716 -0.19736164869341716 -0.19736164869341716 -0.19736164869341716 -0.19736164869341716 -0.19736164869341716 -0.19736164869341716 -0.19736164869341716 -0.19736164869341716 -0.19736164869341716 -0.19736164869341716 -0.19736164869341716 -0.19736164869341716 -0.19736164869341716 -0.19736164869341716 -0.19736164869341716 -0.19736164869341716 -0.19736164869341716 -0.19736164869341716 -0.19736164869341716 -0.19736164869341716 -0.19736164869341716 -0.19736164869341716 -0.19736164869341716 -0.19736164869341716 -0.19736164869341716 -0.19736164869341716 -0.19736164869341716 -0.19736164869341716 -0.19736164869341716 -0.19736164869341716 -0.19736164869341716 -0.19736164869341716 -0.19736164869341716 -0.19736164869341716 -0.19736164869341716 -0.19736164869341716 -0.19736164869341716 -0.14576873237876967 -0.19736164869341716 -0.19736164869341716 -0.19736164869341716 -0.19736164869341716 -0.19736164869341716 -0.19736164869341716 -0.1821068647573436 -0.17614167262846486 -0.1739098427424842 -0.1627888159462234 -0.1627888159462234 -0.1627888159462234 -0.1627888159462234 -0.13493349044006586 -0.12960204680651732 -0.12190901523893742 -0.12190901523893742 -0.0820882152549233 -0.09868027573317253 -0.03281880387148894 -0.03281880387148894 -0.03281880387148894 -0.03883199429684344 -0.03883199429684344 -0.03928866302395971 -0.03281880387148894 -0.027831361676233755 -0.004454610170621243
-0.49972750819048883 -0.49972750819048883 -0.49972750819048883 -0.49972750819048883 -0.4920997726369036 -0.49972750819048883 -0.4920997726369036 -0.4920997726369036 -0.2810557040078787 -0.3478157657845959 -0.3478157657845959 -0.3478157657845959 -0.3478157657845959 -0.49972750819048883 -0.3478157657845959 -0.3478157657845959 -0.3478157657845959 -0.3478157657845959 -0.3478157657845959 -0.49972750819048883 -0.3478157657845959 -0.4920997726369036 -0.3478157657845959 -0.3478157657845959 -0.3478157657845959 -0.3478157657845959 -0.43078755476491404 -0.43078755476491404 -0.3478157657845959 -0.3742494640628821 -0.19888506729384528 -0.3478157657845959 -0.3478157657845959 -0.41897199989951445 -0.4920997726369036 -0.28743918845284816 -0.4920997726369036 -0.2810557040078787 -0.43078755476491404 -0.43078755476491404 -0.28743918845284816 -0.28743918845284816 -0.43078755476491404 -0.43078755476491404 -0.4920997726369036 -0.4269639815696264 -0.3478157657845959 -0.3478157657845959 -0.43078755476491404 -0.2810557040078787 -0.2810557040078787 -0.43078755476491404 -0.43078755476491404 -0.3478157657845959 -0.2457238361529283 -0.3478157657845959 -0.3478157657845959 -0.19888506729384528 -0.30465158591214453 -0.30465158591214453 -0.22713002994941628 -0.22812406892408477 -0.22713002994941628 -0.22812406892408477 -0.22713002994941628 -0.22812406892408477 -0.22713002994941628 -0.3962309228082263 -0.22812406892408477 -0.2457238361529283 -0.22713002994941628 -0.3478157657845959 -0.22713002994941628 -0.3478157657845959 -0.22812406892408477 -0.2910831897350783 -0.2910831897350783 -0.2910831897350783 -0.28112522574906906 -0.14576873237876967 -0.27120883402619844 -0.22713002994941628 -0.25982577480618435 -0.21409170335795727 -0.1995259280529714 -0.19736164869341716 -0.1821068647573436 -0.17614167262846486 -0.1739098427424842 -0.1627888159462234 -0.1627888159462234 -0.1627888159462234 -0.1627888159462234 -0.13493349044006586 -0.12960204680651732 -0.12190901523893742 -0.12190901523893742 -0.0820882152549233 -0.09868027573317253 -0.03281880387148894 -0.03281880387148894 -0.03281880387148894 -0.03883199429684344 -0.03883199429684344 -0.03928866302395971 -0.03281880387148894 -0.027831361676233755 -0.004454610170621243
-0.49908750345192004 -0.49908750345192004 -0.49908750345192004 -0.49908750345192004 -0.4920997726369036 -0.49908750345192004 -0.4920997726369036 -0.4920997726369036 -0.2810557040078787 -0.3478157657845959 -0.3478157657845959 -0.3478157657845959 -0.3478157657845959 -0.49908750345192004 -0.3478157657845959 -0.3478157657845959 -0.3478157657845959 -0.3478157657845959 -0.3478157657845959 -0.49908750345192004 -0.3478157657845959 -0.4920997726369036 -0.3478157657845959 -0.3478157657845959 -0.3478157657845959 -0.3478157657845959 -0.43078755476491404 -0.43078755476491404 -0.3478157657845959 -0.3742494640628821 -0.19888506729384528 -0.3478157657845959 -0.3478157657845959 -0.41897199989951445 -0.4920997726369036 -0.28743918845284816 -0.4920997726369036 -0.2810557040078787 -0.43078755476491404 -0.43078755476491404 -0.28743918845284816 -0.28743918845284816 -0.43078755476491404 -0.43078755476491404 -0.4920997726369036 -0.4269639815696264 -0.3478157657845959 -0.3478157657845959 -0.43078755476491404 -0.2810557040078787 -0.2810557040078787 -0.43078755476491404 -0.43078755476491404 -0.3478157657845959 -0.2457238361529283 -0.3478157657845959 -0.3478157657845959 -0.19888506729384528 -0.30465158591214453 -0.30465158591214453 -0.22713002994941628 -0.22812406892408477 -0.22713002994941628 -0.22812406892408477 -0.22713002994941628 -0.22812406892408477 -0.22713002994941628 -0.3962309228082263 -0.22812406892408477 -0.2457238361529283 -0.22713002994941628 -0.3478157657845959 -0.22713002994941628 -0.3478157657845959 -0.22812406892408477 -0.2910831897350783 -0.2910831897350783 -0.2910831897350783 -0.28112522574906906 -0.14576873237876967 -0.27120883402619844 -0.22713002994941628 -0.25982577480618435 -0.21409170335795727 -0.1995259280529714 -0.19736164869341716 -0.1821068647573436 -0.17614167262846486 -0.1739098427424842 -0.1627888159462234 -0.1627888159462234 -0.1627888159462234 -0.1627888159462234 -0.13493349044006586 -0.12960204680651732 -0.12190901523893742 -0.12190901523893742 -0.0820882152549233 -0.09868027573317253 -0.03281880387148894 -0.03281880387148894 -0.03281880387148894 -0.03883199429684344 -0.03883199429684344 -0.03928866302395971 -0.03281880387148894 -0.027831361676233755 -0.004454610170621243
-0.4734870602327816 -0.4734870602327816 -0.4734870602327816 -0.4734870602327816 -0.4734870602327816 -0.4734870602327816 -0.4734870602327816 -0.4734870602327816 -0.2810557040078787 -0.3478157657845959 -0.3478157657845959 -0.3478157657845959 -0.3478157657845959 -0.4734870602327816 -0.3478157657845959 -0.3478157657845959 -0.3478157657845959 -0.3478157657845959 -0.3478157657845959 -0.4734870602327816 -0.3478157657845959 -0.4734870602327816 -0.3478157657845959 -0.3478157657845959 -0.3478157657845959 -0.3478157657845959 -0.43078755476491404 -0.43078755476491404 -0.3478157657845959 -0.3742494640628821 -0.19888506729384528 -0.3478157657845959 -0.3478157657845959 -0.41897199989951445 -0.4734870602327816 -0.28743918845284816 -0.4734870602327816 -0.2810557040078787 -0.43078755476491404 -0.43078755476491404 -0.28743918845284816 -0.28743918845284816 -0.43078755476491404 -0.43078755476491404 -0.4734870602327816 -0.4269639815696264 -0.3478157657845959 -0.3478157657845959 -0.43078755476491404 -0.2810557040078787 -0.2810557040078787 -0.43078755476491404 -0.43078755476491404 -0.3478157657845959 -0.2457238361529283 -0.3478157657845959 -0.3478157657845959 -0.19888506729384528 -0.30465158591214453 -0.30465158591214453 -0.22713002994941628 -0.22812406892408477 -0.22713002994941628 -0.22812406892408477 -0.22713002994941628 -0.22812406892408477 -0.22713002994941628 -0.3962309228082263 -0.22812406892408477 -0.2457238361529283 -0.22713002994941628 -0.3478157657845959 -0.22713002994941628 -0.3478157657845959 -0.22812406892408477 -0.2910831897350783 -0.2910831897350783 -0.2910831897350783 -0.28112522574906906 -0.14576873237876967 -0.27120883402619844 -0.22713002994941628 -0.25982577480618435 -0.21409170335795727 -0.1995259280529714 -0.19736164869341716 -0.1821068647573436 -0.17614167262846486 -0.1739098427424842 -0.1627888159462234 -0.1627888159462234 -0.1627888159462234 -0.1627888159462234 -0.13493349044006586 -0.12960204680651732 -0.12190901523893742 -0.12190901523893742 -0.0820882152549233 -0.09868027573317253 -0.03281880387148894 -0.03281880387148894 -0.03281880387148894 -0.03883199429684344 -0.03883199429684344 -0.03928866302395971 -0.03281880387148894 -0.027831361676233755 -0.004454610170621243
-0.09868027573317253 -0.09868027573317253 -0.09868027573317253 -0.09868027573317253 -0.09868027573317253 -0.09868027573317253 -0.09868027573317253 -0.09868027573317253 -0.09868027573317253 -0.09868027573317253 -0.09868027573317253 -0.09868027573317253 -0.09868027573317253 -0.09868027573317253 -0.09868027573317253 -0.09868027573317253 -0.09868027573317253 -0.09868027573317253 -0.09868027573317253 -0.09868027573317253 -0.09868027573317253 -0.09868027573317253 -0.09868027573317253 -0.09868027573317253 -0.09868027573317253 -0.09868027573317253 -0.09868027573317253 -0.09868027573317253 -0.09868027573317253 -0.09868027573317253 -0.09868027573317253 -0.09868027573317253 -0.09868027573317253 -0.09868027573317253 -0.09868027573317253 -0.09868027573317253 -0.09868027573317253 -0.09868027573317253 -0.09868027573317253 -0.09868027573317253 -0.09868027573317253 -0.09868027573317253 -0.09868027573317253 -0.09868027573317253 -0.09868027573317253 -0.09868027573317253 -0.09868027573317253 -0.09868027573317253 -0.09868027573317253 -0.09868027573317253 -0.09868027573317253 -0.09868027573317253 -0.09868027573317253 -0.09868027573317253 -0.09868027573317253 -0.09868027573317253 -0.09868027573317253 -0.09868027573317253 -0.09868027573317253 -0.09868027573317253 -0.09868027573317253 -0.09868027573317253 -0.09868027573317253 -0.09868027573317253 -0.09868027573317253 -0.09868027573317253 -0.09868027573317253 -0.09868027573317253 -0.09868027573317253 -0.09868027573317253 -0.09868027573317253 -0.09868027573317253 -0.09868027573317253 -0.09868027573317253 -0.09868027573317253 -0.09868027573317253 -0.09868027573317253 -0.09868027573317253 -0.09868027573317253 -0.09868027573317253 -0.09868027573317253 -0.09868027573317253 -0.09868027573317253 -0.09868027573317253 -0.09868027573317253 -0.09868027573317253 -0.09868027573317253 -0.09868027573317253 -0.09868027573317253 -0.09868027573317253 -0.09868027573317253 -0.09868027573317253 -0.09868027573317253 -0.09868027573317253 -0.09868027573317253 -0.09868027573317253 -0.09868027573317253 -0.0820882152549233 -0.09868027573317253 -0.03281880387148894 -0.03281880387148894 -0.03281880387148894 -0.03883199429684344 -0.03883199429684344 -0.03928866302395971 -0.03281880387148894 -0.027831361676233755 -0.004454610170621243
-0.19888506729384528 -0.19888506729384528 -0.19888506729384528 -0.19888506729384528 -0.19888506729384528 -0.19888506729384528 -0.19888506729384528 -0.19888506729384528 -0.19888506729384528 -0.19888506729384528 -0.19888506729384528 -0.19888506729384528 -0.19888506729384528 -0.19888506729384528 -0.19888506729384528 -0.19888506729384528 -0.19888506729384528 -0.19888506729384528 -0.19888506729384528 -0.19888506729384528 -0.19888506729384528 -0.19888506729384528 -0.19888506729384528 -0.19888506729384528 -0.19888506729384528 -0.19888506729384528 -0.19888506729384528 -0.19888506729384528 -0.19888506729384528 -0.19888506729384528 -0.33754894803563923 -0.19888506729384528 -0.19888506729384528 -0.19888506729384528 -0.19888506729384528 -0.19888506729384528 -0.19888506729384528 -0.19888506729384528 -0.19888506729384528 -0.19888506729384528 -0.19888506729384528 -0.19888506729384528 -0.19888506729384528 -0.19888506729384528 -0.19888506729384528 -0.19888506729384528 -0.19888506729384528 -0.19888506729384528 -0.19888506729384528 -0.19888506729384528 -0.19888506729384528 -0.19888506729384528 -0.19888506729384528 -0.19888506729384528 -0.19888506729384528 -0.19888506729384528 -0.19888506729384528 -0.33754894803563923 -0.19888506729384528 -0.19888506729384528 -0.19888506729384528 -0.19888506729384528 -0.19888506729384528 -0.19888506729384528 -0.19888506729384528 -0.19888506729384528 -0.19888506729384528 -0.19888506729384528 -0.19888506729384528 -0.19888506729384528 -0.19888506729384528 -0.19888506729384528 -0.19888506729384528 -0.19888506729384528 -0.19888506729384528 -0.19888506729384528 -0.19888506729384528 -0.19888506729384528 -0.19888506729384528 -0.14576873237876967 -0.19888506729384528 -0.19888506729384528 -0.19888506729384528 -0.19888506729384528 -0.19888506729384528 -0.19736164869341716 -0.1821068647573436 -0.17614167262846486 -0.1739098427424842 -0.1627888159462234 -0.1627888159462234 -0.1627888159462234 -0.1627888159462234 -0.13493349044006586 -0.12960204680651732 -0.12190901523893742 -0.12190901523893742 -0.0820882152549233 -0.09868027573317253 -0.03281880387148894 -0.03281880387148894 -0.03281880387148894 -0.03883199429684344 -0.03883199429684344 -0.03928866302395971 -0.03281880387148894 -0.027831361676233755 -0.004454610170621243
-0.22713002994941628 -0.22713002994941628 -0.22713002994941628 -0.22713002994941628 -0.22713002994941628 -0.22713002994941628 -0.22713002994941628 -0.22713002994941628 -0.22713002994941628 -0.22713002994941628 -0.22713002994941628 -0.22713002994941628 -0.22713002994941628 -0.22713002994941628 -0.22713002994941628 -0.22713002994941628 -0.22713002994941628 -0.22713002994941628 -0.22713002994941628 -0.22713002994941628 -0.22713002994941628 -0.22713002994941628 -0.22713002994941628 -0.22713002994941628 -0.22713002994941628 -0.22713002994941628 -0.22713002994941628 -0.22713002994941628 -0.22713002994941628 -0.22713002994941628 -0.19888506729384528 -0.22713002994941628 -0.22713002994941628 -0.22713002994941628 -0.22713002994941628 -0.22713002994941628 -0.22713002994941628 -0.22713002994941628 -0.22713002994941628 -0.22713002994941628 -0.22713002994941628 -0.22713002994941628 -0.22713002994941628 -0.22713002994941628 -0.22713002994941628 -0.22713002994941628 -0.22713002994941628 -0.22713002994941628 -0.22713002994941628 -0.22713002994941628 -0.22713002994941628 -0.22713002994941628 -0.22713002994941628 -0.22713002994941628 -0.22713002994941628 -0.22713002994941628 -0.22713002994941628 -0.19888506729384528 -0.22713002994941628 -0.22713002994941628 -0.4211667761258193 -0.22713002994941628 -0.36214277997625555 -0.22713002994941628 -0.36214277997625555 -0.22713002994941628 -0.3938501127254438 -0.22713002994941628 -0.22713002994941628 -0.22713002994941628 -0.3354811527992121 -0.22713002994941628 -0.3202034540668203 -0.22713002994941628 -0.22713002994941628 -0.22713002994941628 -0.22713002994941628 -0.22713002994941628 -0.22713002994941628 -0.14576873237876967 -0.22713002994941628 -0.23532284632626882 -0.22713002994941628 -0.21409170335795727 -0.1995259280529714 -0.19736164869341716 -0.1821068647573436 -0.17614167262846486 -0.1739098427424842 -0.1627888159462234 -0.1627888159462234 -0.1627888159462234 -0.1627888159462234 -0.13493349044006586 -0.12960204680651732 -0.12190901523893742 -0.12190901523893742 -0.0820882152549233 -0.09868027573317253 -0.03281880387148894 -0.03281880387148894 -0.03281880387148894 -0.03883199429684344 -0.03883199429684344 -0.03928866302395971 -0.03281880387148894 -0.027831361676233755 -0.004454610170621243
-0.22812406892408477 -0.22812406892408477 -0.22812406892408477 -0.22812406892408477 -0.22812406892408477 -0.22812406892408477 -0.22812406892408477 -0.22812406892408477 -0.22812406892408477 -0.22812406892408477 -0.22812406892408477 -0.22812406892408477 -0.22812406892408477 -0.22812406892408477 -0.22812406892408477 -0.22812406892408477 -0.22812406892408477 -0.22812406892408477 -0.22812406892408477 -0.22812406892408477 -0.22812406892408477 -0.22812406892408477 -0.22812406892408477 -0.22812406892408477 -0.22812406892408477 -0.22812406892408477 -0.22812406892408477 -0.22812406892408477 -0.22812406892408477 -0.22812406892408477 -0.19888506729384528 -0.22812406892408477 -0.22812406892408477 -0.22812406892408477 -0.22812406892408477 -0.22812406892408477 -0.22812406892408477 -0.22812406892408477 -0.22812406892408477 -0.22812406892408477 -0.22812406892408477 -0.22812406892408477 -0.22812406892408477 -0.22812406892408477 -0.22812406892408477 -0.22812406892408477 -0.22812406892408477 -0.22812406892408477 -0.22812406892408477 -0.22812406892408477 -0.22812406892408477 -0.22812406892408477 -0.22812406892408477 -0.22812406892408477 -0.22812406892408477 -0.22812406892408477 -0.22812406892408477 -0.19888506729384528 -0.22812406892408477 -0.22812406892408477 -0.22713002994941628 -0.42092879625573126 -0.22713002994941628 -0.40953121225936473 -0.22713002994941628 -0.309886856261268 -0.22713002994941628 -0.22812406892408477 -0.3655456313114264 -0.22812406892408477 -0.22713002994941628 -0.22812406892408477 -0.22713002994941628 -0.22812406892408477 -0.34737701512427543 -0.22812406892408477 -0.22812406892408477 -0.22812406892408477 -0.22812406892408477 -0.14576873237876967 -0.22812406892408477 -0.22713002994941628 -0.22812406892408477 -0.21409170335795727 -0.1995259280529714 -0.19736164869341716 -0.1821068647573436 -0.17614167262846486 -0.1739098427424842 -0.1627888159462234 -0.1627888159462234 -0.1627888159462234 -0.1627888159462234 -0.13493349044006586 -0.12960204680651732 -0.12190901523893742 -0.12190901523893742 -0.0820882152549233 -0.09868027573317253 -0.03281880387148894 -0.03281880387148894 -0.03281880387148894 -0.03883199429684344 -0.03883199429684344 -0.03928866302395971 -0.03281880387148894 -0.027831361676233755 -0.004454610170621243
-0.22713002994941628 -0.22713002994941628 -0.22713002994941628 -0.22713002994941628 -0.22713002994941628 -0.22713002994941628 -0.22713002994941628 -0.22713002994941628 -0.22713002994941628 -0.22713002994941628 -0.22713002994941628 -0.22713002994941628 -0.22713002994941628 -0.22713002994941628 -0.22713002994941628 -0.22713002994941628 -0.22713002994941628 -0.22713002994941628 -0.22713002994941628 -0.22713002994941628 -0.22713002994941628 -0.22713002994941628 -0.22713002994941628 -0.22713002994941628 -0.22713002994941628 -0.22713002994941628 -0.22713002994941628 -0.22713002994941628 -0.22713002994941628 -0.22713002994941628 -0.19888506729384528 -0.22713002994941628 -0.22713002994941628 -0.22713002994941628 -0.22713002994941628 -0.22713002994941628 -0.22713002994941628 -0.22713002994941628 -0.22713002994941628 -0.22713002994941628 -0.22713002994941628 -0.22713002994941628 -0.22713002994941628 -0.22713002994941628 -0.22713002994941628 -0.22713002994941628 -0.22713002994941628 -0.22713002994941628 -0.22713002994941628 -0.22713002994941628 -0.22713002994941628 -0.22713002994941628 -0.22713002994941628 -0.22713002994941628 -0.22713002994941628 -0.22713002994941628 -0.22713002994941628 -0.19888506729384528 -0.22713002994941628 -0.22713002994941628 -0.36214277997625555 -0.22713002994941628 -0.41974675159279706 -0.22713002994941628 -0.3679762173734803 -0.22713002994941628 -0.36214277997625555 -0.22713002994941628 -0.22713002994941628 -0.22713002994941628 -0.3354811527992121 -0.22713002994941628 -0.3202034540668203 -0.22713002994941628 -0.22713002994941628 -0.22713002994941628 -0.22713002994941628 -0.22713002994941628 -0.22713002994941628 -0.14576873237876967 -0.22713002994941628 -0.23532284632626882 -0.22713002994941628 -0.21409170335795727 -0.1995259280529714 -0.19736164869341716 -0.1821068647573436 -0.17614167262846486 -0.1739098427424842 -0.1627888159462234 -0.1627888159462234 -0.1627888159462234 -0.1627888159462234 -0.13493349044006586 -0.12960204680651732 -0.12190901523893742 -0.12190901523893742 -0.0820882152549233 -0.09868027573317253 -0.03281880387148894 -0.03281880387148894 -0.03281880387148894 -0.03883199429684344 -0.03883199429684344 -0.03928866302395971 -0.03281880387148894 -0.027831361676233755 -0.004454610170621243
-0.22812406892408477 -0.22812406892408477 -0.22812406892408477 -0.22812406892408477 -0.22812406892408477 -0.22812406892408477 -0.22812406892408477 -0.22812406892408477 -0.22812406892408477 -0.22812406892408477 -0.22812406892408477 -0.22812406892408477 -0.22812406892408477 -0.22812406892408477 -0.22812406892408477 -0.22812406892408477 -0.22812406892408477 -0.22812406892408477 -0.22812406892408477 -0.22812406892408477 -0.22812406892408477 -0.22812406892408477 -0.22812406892408477 -0.22812406892408477 -0.22812406892408477 -0.22812406892408477 -0.22812406892408477 -0.22812406892408477 -0.22812406892408477 -0.22812406892408477 -0.19888506729384528 -0.22812406892408477 -0.22812406892408477 -0.22812406892408477 -0.22812406892408477 -0.22812406892408477 -0.22812406892408477 -0.22812406892408477 -0.22812406892408477 -0.22812406892408477 -0.22812406892408477 -0.22812406892408477 -0.22812406892408477 -0.22812406892408477 -0.22812406892408477 -0.22812406892408477 -0.22812406892408477 -0.22812406892408477 -0.22812406892408477 -0.22812406892408477 -0.22812406892408477 -0.22812406892408477 -0.22812406892408477 -0.22812406892408477 -0.22812406892408477 -0.22812406892408477 -0.22812406892408477 -0.19888506729384528 -0.22812406892408477 -0.22812406892408477 -0.22713002994941628 -0.40953121225936473 -0.22713002994941628 -0.4190257629200823 -0.22713002994941628 -0.309886856261268 -0.22713002994941628 -0.22812406892408477 -0.3655456313114264 -0.22812406892408477 -0.22713002994941628 -0.22812406892408477 -0.22713002994941628 -0.22812406892408477 -0.34737701512427543 -0.22812406892408477 -0.22812406892408477 -0.22812406892408477 -0.22812406892408477 -0.14576873237876967 -0.22812406892408477 -0.22713002994941628 -0.22812406892408477 -0.21409170335795727 -0.1995259280529714 -0.19736164869341716 -0.1821068647573436 -0.17614167262846486 -0.1739098427424842 -0.1627888159462234 -0.1627888159462234 -0.1627888159462234 -0.1627888159462234 -0.13493349044006586 -0.12960204680651732 -0.12190901523893742 -0.12190901523893742 -0.0820882152549233 -0.09868027573317253 -0.03281880387148894 -0.03281880387148894 -0.03281880387148894 -0.03883199429684344 -0.03883199429684344 -0.03928866302395971 -0.03281880387148894 -0.027831361676233755 -0.004454610170621243
-0.12190901523893742 -0.12190901523893742 -0.12190901523893742 -0.12190901523893742 -0.12190901523893742 -0.12190901523893742 -0.12190901523893742 -0.12190901523893742 -0.12190901523893742 -0.12190901523893742 -0.12190901523893742 -0.12190901523893742 -0.12190901523893742 -0.12190901523893742 -0.12190901523893742 -0.12190901523893742 -0.12190901523893742 -0.12190901523893742 -0.12190901523893742 -0.12190901523893742 -0.12190901523893742 -0.12190901523893742 -0.12190901523893742 -0.12190901523893742 -0.12190901523893742 -0.12190901523893742 -0.12190901523893742 -0.12190901523893742 -0.12190901523893742 -0.12190901523893742 -0.12190901523893742 -0.12190901523893742 -0.12190901523893742 -0.12190901523893742 -0.12190901523893742 -0.12190901523893742 -0.12190901523893742 -0.12190901523893742 -0.12190901523893742 -0.12190901523893742 -0.12190901523893742 -0.12190901523893742 -0.12190901523893742 -0.12190901523893742 -0.12190901523893742 -0.12190901523893742 -0.12190901523893742 -0.12190901523893742 -0.12190901523893742 -0.12190901523893742 -0.12190901523893742 -0.12190901523893742 -0.12190901523893742 -0.12190901523893742 -0.12190901523893742 -0.12190901523893742 -0.12190901523893742 -0.12190901523893742 -0.12190901523893742 -0.12190901523893742 -0.12190901523893742 -0.12190901523893742 -0.12190901523893742 -0.12190901523893742 -0.12190901523893742 -0.12190901523893742 -0.12190901523893742 -0.12190901523893742 -0.12190901523893742 -0.12190901523893742 -0.12190901523893742 -0.12190901523893742 -0.12190901523893742 -0.12190901523893742 -0.12190901523893742 -0.12190901523893742 -0.12190901523893742 -0.12190901523893742 -0.12190901523893742 -0.12190901523893742 -0.12190901523893742 -0.12190901523893742 -0.12190901523893742 -0.12190901523893742 -0.12190901523893742 -0.12190901523893742 -0.12190901523893742 -0.12190901523893742 -0.12190901523893742 -0.12190901523893742 -0.12190901523893742 -0.12190901523893742 -0.12190901523893742 -0.12190901523893742 -0.12190901523893742 -0.12190901523893742 -0.12190901523893742 -0.0820882152549233 -0.09868027573317253 -0.03281880387148894 -0.03281880387148894 -0.03281880387148894 -0.03883199429684344 -0.03883199429684344 -0.03928866302395971 -0.03281880387148894 -0.027831361676233755 -0.004454610170621243
-0.22713002994941628 -0.22713002994941628 -0.22713002994941628 -0.22713002994941628 -0.22713002994941628 -0.22713002994941628 -0.22713002994941628 -0.22713002994941628 -0.22713002994941628 -0.22713002994941628 -0.22713002994941628 -0.22713002994941628 -0.22713002994941628 -0.22713002994941628 -0.22713002994941628 -0.22713002994941628 -0.22713002994941628 -0.22713002994941628 -0.22713002994941628 -0.22713002994941628 -0.22713002994941628 -0.22713002994941628 -0.22713002994941628 -0.22713002994941628 -0.22713002994941628 -0.22713002994941628 -0.22713002994941628 -0.22713002994941628 -0.22713002994941628 -0.22713002994941628 -0.19888506729384528 -0.22713002994941628 -0.22713002994941628 -0.22713002994941628 -0.22713002994941628 -0.22713002994941628 -0.22713002994941628 -0.22713002994941628 -0.22713002994941628 -0.22713002994941628 -0.22713002994941628 -0.22713002994941628 -0.22713002994941628 -0.22713002994941628 -0.22713002994941628 -0.22713002994941628 -0.22713002994941628 -0.22713002994941628 -0.22713002994941628 -0.22713002994941628 -0.22713002994941628 -0.22713002994941628 -0.22713002994941628 -0.22713002994941628 -0.22713002994941628 -0.22713002994941628 -0.22713002994941628 -0.19888506729384528 -0.22713002994941628 -0.22713002994941628 -0.36214277997625555 -0.22713002994941628 -0.3679762173734803 -0.22713002994941628 -0.4086847293727871 -0.22713002994941628 -0.36214277997625555 -0.22713002994941628 -0.22713002994941628 -0.22713002994941628 -0.3354811527992121 -0.22713002994941628 -0.3202034540668203 -0.22713002994941628 -0.22713002994941628 -0.22713002994941628 -0.22713002994941628 -0.22713002994941628 -0.22713002994941628 -0.14576873237876967 -0.22713002994941628 -0.23532284632626882 -0.22713002994941628 -0.21409170335795727 -0.1995259280529714 -0.19736164869341716 -0.1821068647573436 -0.17614167262846486 -0.1739098427424842 -0.1627888159462234 -0.1627888159462234 -0.1627888159462234 -0.1627888159462234 -0.13493349044006586 -0.12960204680651732 -0.12190901523893742 -0.12190901523893742 -0.0820882152549233 -0.09868027573317253 -0.03281880387148894 -0.03281880387148894 -0.03281880387148894 -0.03883199429684344 -0.03883199429684344 -0.03928866302395971 -0.03281880387148894 -0.027831361676233755 -0.004454610170621243
-0.22812406892408477 -0.22812406892408477 -0.22812406892408477 -0.22812406892408477 -0.22812406892408477 -0.22812406892408477 -0.22812406892408477 -0.22812406892408477 -0.22812406892408477 -0.22812406892408477 -0.22812406892408477 -0.22812406892408477 -0.22812406892408477 -0.22812406892408477 -0.22812406892408477 -0.22812406892408477 -0.22812406892408477 -0.22812406892408477 -0.22812406892408477 -0.22812406892408477 -0.22812406892408477 -0.22812406892408477 -0.22812406892408477 -0.22812406892408477 -0.22812406892408477 -0.22812406892408477 -0.22812406892408477 -0.22812406892408477 -0.22812406892408477 -0.22812406892408477 -0.19888506729384528 -0.22812406892408477 -0.22812406892408477 -0.22812406892408477 -0.22812406892408477 -0.22812406892408477 -0.22812406892408477 -0.22812406892408477 -0.22812406892408477 -0.22812406892408477 -0.22812406892408477 -0.22812406892408477 -0.22812406892408477 -0.22812406892408477 -0.22812406892408477 -0.22812406892408477 -0.22812406892408477 -0.22812406892408477 -0.22812406892408477 -0.22812406892408477 -0.22812406892408477 -0.22812406892408477 -0.22812406892408477 -0.22812406892408477 -0.22812406892408477 -0.22812406892408477 -0.22812406892408477 -0.19888506729384528 -0.22812406892408477 -0.22812406892408477 -0.22713002994941628 -0.309886856261268 -0.22713002994941628 -0.309886856261268 -0.22713002994941628 -0.4042951963406073 -0.22713002994941628 -0.22812406892408477 -0.309886856261268 -0.22812406892408477 -0.22713002994941628 -0.22812406892408477 -0.22713002994941628 -0.22812406892408477 -0.309886856261268 -0.22812406892408477 -0.22812406892408477 -0.22812406892408477 -0.22812406892408477 -0.14576873237876967 -0.22812406892408477 -0.22713002994941628 -0.22812406892408477 -0.21409170335795727 -0.1995259280529714 -0.19736164869341716 -0.1821068647573436 -0.17614167262846486 -0.1739098427424842 -0.1627888159462234 -0.1627888159462234 -0.1627888159462234 -0.1627888159462234 -0.13493349044006586 -0.12960204680651732 -0.12190901523893742 -0.12190901523893742 -0.0820882152549233 -0.09868027573317253 -0.03281880387148894 -0.03281880387148894 -0.03281880387148894 -0.03883199429684344 -0.03883199429684344 -0.03928866302395971 -0.03281880387148894 -0.027831361676233755 -0.004454610170621243
-0.4042561552061966 -0.4042561552061966 -0.4042561552061966 -0.4042561552061966 -0.4042561552061966 -0.4042561552061966 -0.4042561552061966 -0.4042561552061966 -0.2810557040078787 -0.3478157657845959 -0.3478157657845959 -0.3478157657845959 -0.3478157657845959 -0.4042561552061966 -0.3478157657845959 -0.3478157657845959 -0.3478157657845959 -0.3478157657845959 -0.3478157657845959 -0.4042561552061966 -0.3478157657845959 -0.4042561552061966 -0.3478157657845959 -0.3478157657845959 -0.3478157657845959 -0.3478157657845959 -0.4042561552061966 -0.4042561552061966 -0.3478157657845959 -0.3742494640628821 -0.19888506729384528 -0.3478157657845959 -0.3478157657845959 -0.4042561552061966 -0.4042561552061966 -0.28743918845284816 -0.4042561552061966 -0.2810557040078787 -0.4042561552061966 -0.4042561552061966 -0.28743918845284816 -0.28743918845284816 -0.4042561552061966 -0.4042561552061966 -0.4042561552061966 -0.4042561552061966 -0.3478157657845959 -0.3478157657845959 -0.4042561552061966 -0.2810557040078787 -0.2810557040078787 -0.4042561552061966 -0.4042561552061966 -0.3478157657845959 -0.2457238361529283 -0.3478157657845959 -0.3478157657845959 -0.19888506729384528 -0.30465158591214453 -0.30465158591214453 -0.22713002994941628 -0.22812406892408477 -0.22713002994941628 -0.22812406892408477 -0.22713002994941628 -0.22812406892408477 -0.22713002994941628 -0.3962309228082263 -0.22812406892408477 -0.2457238361529283 -0.22713002994941628 -0.3478157657845959 -0.22713002994941628 -0.3478157657845959 -0.22812406892408477 -0.2910831897350783 -0.2910831897350783 -0.2910831897350783 -0.28112522574906906 -0.14576873237876967 -0.27120883402619844 -0.22713002994941628 -0.25982577480618435 -0.21409170335795727 -0.1995259280529714 -0.19736164869341716 -0.1821068647573436 -0.17614167262846486 -0.1739098427424842 -0.1627888159462234 -0.1627888159462234 -0.1627888159462234 -0.1627888159462234 -0.13493349044006586 -0.12960204680651732 -0.12190901523893742 -0.12190901523893742 -0.0820882152549233 -0.09868027573317253 -0.03281880387148894 -0.03281880387148894 -0.03281880387148894 -0.03883199429684344 -0.03883199429684344 -0.03928866302395971 -0.03281880387148894 -0.027831361676233755 -0.004454610170621243
-0.40126504083978504 -0.40126504083978504 -0.40126504083978504 -0.40126504083978504 -0.40126504083978504 -0.40126504083978504 -0.40126504083978504 -0.40126504083978504 -0.2810557040078787 -0.3478157657845959 -0.3478157657845959 -0.3478157657845959 -0.3478157657845959 -0.40126504083978504 -0.3478157657845959 -0.3478157657845959 -0.3478157657845959 -0.3478157657845959 -0.3478157657845959 -0.40126504083978504 -0.3478157657845959 -0.40126504083978504 -0.3478157657845959 -0.3478157657845959 -0.3478157657845959 -0.3478157657845959 -0.40126504083978504 -0.40126504083978504 -0.3478157657845959 -0.3742494640628821 -0.19888506729384528 -0.3478157657845959 -0.3478157657845959 -0.40126504083978504 -0.40126504083978504 -0.28743918845284816 -0.40126504083978504 -0.2810557040078787 -0.40126504083978504 -0.40126504083978504 -0.28743918845284816 -0.28743918845284816 -0.40126504083978504 -0.40126504083978504 -0.40126504083978504 -0.40126504083978504 -0.3478157657845959 -0.3478157657845959 -0.40126504083978504 -0.2810557040078787 -0.2810557040078787 -0.40126504083978504 -0.40126504083978504 -0.3478157657845959 -0.2457238361529283 -0.3478157657845959 -0.3478157657845959 -0.19888506729384528 -0.30465158591214453 -0.30465158591214453 -0.22713002994941628 -0.22812406892408477 -0.22713002994941628 -0.22812406892408477 -0.22713002994941628 -0.22812406892408477 -0.22713002994941628 -0.3962309228082263 -0.22812406892408477 -0.2457238361529283 -0.22713002994941628 -0.3478157657845959 -0.22713002994941628 -0.3478157657845959 -0.22812406892408477 -0.2910831897350783 -0.2910831897350783 -0.2910831897350783 -0.28112522574906906 -0.14576873237876967 -0.27120883402619844 -0.22713002994941628 -0.25982577480618435 -0.21409170335795727 -0.1995259280529714 -0.19736164869341716 -0.1821068647573436 -0.17614167262846486 -0.1739098427424842 -0.1627888159462234 -0.1627888159462234 -0.1627888159462234 -0.1627888159462234 -0.13493349044006586 -0.12960204680651732 -0.12190901523893742 -0.12190901523893742 -0.0820882152549233 -0.09868027573317253 -0.03281880387148894 -0.03281880387148894 -0.03281880387148894 -0.03883199429684344 -0.03883199429684344 -0.03928866302395971 -0.03281880387148894 -0.027831361676233755 -0.004454610170621243
-0.22812406892408477 -0.22812406892408477 -0.22812406892408477 -0.22812406892408477 -0.22812406892408477 -0.22812406892408477 -0.22812406892408477 -0.22812406892408477 -0.22812406892408477 -0.22812406892408477 -0.22812406892408477 -0.22812406892408477 -0.22812406892408477 -0.22812406892408477 -0.22812406892408477 -0.22812406892408477 -0.22812406892408477 -0.22812406892408477 -0.22812406892408477 -0.22812406892408477 -0.22812406892408477 -0.22812406892408477 -0.22812406892408477 -0.22812406892408477 -0.22812406892408477 -0.22812406892408477 -0.22812406892408477 -0.22812406892408477 -0.22812406892408477 -0.22812406892408477 -0.19888506729384528 -0.22812406892408477 -0.22812406892408477 -0.22812406892408477 -0.22812406892408477 -0.22812406892408477 -0.22812406892408477 -0.22812406892408477 -0.22812406892408477 -0.22812406892408477 -0.22812406892408477 -0.22812406892408477 -0.22812406892408477 -0.22812406892408477 -0.22812406892408477 -0.22812406892408477 -0.22812406892408477 -0.22812406892408477 -0.22812406892408477 -0.22812406892408477 -0.22812406892408477 -0.22812406892408477 -0.22812406892408477 -0.22812406892408477 -0.22812406892408477 -0.22812406892408477 -0.22812406892408477 -0.19888506729384528 -0.22812406892408477 -0.22812406892408477 -0.22713002994941628 -0.3655456313114264 -0.22713002994941628 -0.3655456313114264 -0.22713002994941628 -0.309886856261268 -0.22713002994941628 -0.22812406892408477 -0.39381640570448 -0.22812406892408477 -0.22713002994941628 -0.22812406892408477 -0.22713002994941628 -0.22812406892408477 -0.34737701512427543 -0.22812406892408477 -0.22812406892408477 -0.22812406892408477 -0.22812406892408477 -0.14576873237876967 -0.22812406892408477 -0.22713002994941628 -0.22812406892408477 -0.21409170335795727 -0.1995259280529714 -0.19736164869341716 -0.1821068647573436 -0.17614167262846486 -0.1739098427424842 -0.1627888159462234 -0.1627888159462234 -0.1627888159462234 -0.1627888159462234 -0.13493349044006586 -0.12960204680651732 -0.12190901523893742 -0.12190901523893742 -0.0820882152549233 -0.09868027573317253 -0.03281880387148894 -0.03281880387148894 -0.03281880387148894 -0.03883199429684344 -0.03883199429684344 -0.03928866302395971 -0.03281880387148894 -0.027831361676233755 -0.004454610170621243
-0.22713002994941628 -0.22713002994941628 -0.22713002994941628 -0.22713002994941628 -0.22713002994941628 -0.22713002994941628 -0.22713002994941628 -0.22713002994941628 -0.22713002994941628 -0.22713002994941628 -0.22713002994941628 -0.22713002994941628 -0.22713002994941628 -0.22713002994941628 -0.22713002994941628 -0.22713002994941628 -0.22713002994941628 -0.22713002994941628 -0.22713002994941628 -0.22713002994941628 -0.22713002994941628 -0.22713002994941628 -0.22713002994941628 -0.22713002994941628 -0.22713002994941628 -0.22713002994941628 -0.22713002994941628 -0.22713002994941628 -0.22713002994941628 -0.22713002994941628 -0.19888506729384528 -0.22713002994941628 -0.22713002994941628 -0.22713002994941628 -0.22713002994941628 -0.22713002994941628 -0.22713002994941628 -0.22713002994941628 -0.22713002994941628 -0.22713002994941628 -0.22713002994941628 -0.22713002994941628 -0.22713002994941628 -0.22713002994941628 -0.22713002994941628 -0.22713002994941628 -0.22713002994941628 -0.22713002994941628 -0.22713002994941628 -0.22713002994941628 -0.22713002994941628 -0.22713002994941628 -0.22713002994941628 -0.22713002994941628 -0.22713002994941628 -0.22713002994941628 -0.22713002994941628 -0.19888506729384528 -0.22713002994941628 -0.22713002994941628 -0.3936585796367618 -0.22713002994941628 -0.36214277997625555 -0.22713002994941628 -0.36214277997625555 -0.22713002994941628 -0.3936585796367618 -0.22713002994941628 -0.22713002994941628 -0.22713002994941628 -0.3354811527992121 -0.22713002994941628 -0.3202034540668203 -0.22713002994941628 -0.22713002994941628 -0.22713002994941628 -0.22713002994941628 -0.22713002994941628 -0.22713002994941628 -0.14576873237876967 -0.22713002994941628 -0.23532284632626882 -0.22713002994941628 -0.21409170335795727 -0.1995259280529714 -0.19736164869341716 -0.1821068647573436 -0.17614167262846486 -0.1739098427424842 -0.1627888159462234 -0.1627888159462234 -0.1627888159462234 -0.1627888159462234 -0.13493349044006586 -0.12960204680651732 -0.12190901523893742 -0.12190901523893742 -0.0820882152549233 -0.09868027573317253 -0.03281880387148894 -0.03281880387148894 -0.03281880387148894 -0.03883199429684344 -0.03883199429684344 -0.03928866302395971 -0.03281880387148894 -0.027831361676233755 -0.004454610170621243
-0.38838072249896305 -0.38838072249896305 -0.38838072249896305 -0.38838072249896305 -0.38838072249896305 -0.38838072249896305 -0.38838072249896305 -0.38838072249896305 -0.2810557040078787 -0.3478157657845959 -0.3478157657845959 -0.3478157657845959 -0.3478157657845959 -0.38838072249896305 -0.3478157657845959 -0.3478157657845959 -0.3478157657845959 -0.3478157657845959 -0.3478157657845959 -0.38838072249896305 -0.3478157657845959 -0.38838072249896305 -0.3478157657845959 -0.3478157657845959 -0.3478157657845959 -0.3478157657845959 -0.38838072249896305 -0.38838072249896305 -0.3478157657845959 -0.3742494640628821 -0.19888506729384528 -0.3478157657845959 -0.3478157657845959 -0.38838072249896305 -0.38838072249896305 -0.28743918845284816 -0.38838072249896305 -0.2810557040078787 -0.38838072249896305 -0.38838072249896305 -0.28743918845284816 -0.28743918845284816 -0.38838072249896305 -0.38838072249896305 -0.38838072249896305 -0.38838072249896305 -0.3478157657845959 -0.3478157657845959 -0.38838072249896305 -0.2810557040078787 -0.2810557040078787 -0.38838072249896305 -0.38838072249896305 -0.3478157657845959 -0.2457238361529283 -0.3478157657845959 -0.3478157657845959 -0.19888506729384528 -0.30465158591214453 -0.30465158591214453 -0.22713002994941628 -0.22812406892408477 -0.22713002994941628 -0.22812406892408477 -0.22713002994941628 -0.22812406892408477 -0.22713002994941628 -0.38838072249896305 -0.22812406892408477 -0.2457238361529283 -0.22713002994941628 -0.3478157657845959 -0.22713002994941628 -0.3478157657845959 -0.22812406892408477 -0.2910831897350783 -0.2910831897350783 -0.2910831897350783 -0.28112522574906906 -0.14576873237876967 -0.27120883402619844 -0.22713002994941628 -0.25982577480618435 -0.21409170335795727 -0.1995259280529714 -0.19736164869341716 -0.1821068647573436 -0.17614167262846486 -0.1739098427424842 -0.1627888159462234 -0.1627888159462234 -0.1627888159462234 -0.1627888159462234 -0.13493349044006586 -0.12960204680651732 -0.12190901523893742 -0.12190901523893742 -0.0820882152549233 -0.09868027573317253 -0.03281880387148894 -0.03281880387148894 -0.03281880387148894 -0.03883199429684344 -0.03883199429684344 -0.03928866302395971 -0.03281880387148894 -0.027831361676233755 -0.004454610170621243
-0.22713002994941628 -0.22713002994941628 -0.22713002994941628 -0.22713002994941628 -0.22713002994941628 -0.22713002994941628 -0.22713002994941628 -0.22713002994941628 -0.22713002994941628 -0.22713002994941628 -0.22713002994941628 -0.22713002994941628 -0.22713002994941628 -0.22713002994941628 -0.22713002994941628 -0.22713002994941628 -0.22713002994941628 -0.22713002994941628 -0.22713002994941628 -0.22713002994941628 -0.22713002994941628 -0.22713002994941628 -0.22713002994941628 -0.22713002994941628 -0.22713002994941628 -0.22713002994941628 -0.22713002994941628 -0.22713002994941628 -0.22713002994941628 -0.22713002994941628 -0.19888506729384528 -0.22713002994941628 -0.22713002994941628 -0.22713002994941628 -0.22713002994941628 -0.22713002994941628 -0.22713002994941628 -0.22713002994941628 -0.22713002994941628 -0.22713002994941628 -0.22713002994941628 -0.22713002994941628 -0.22713002994941628 -0.22713002994941628 -0.22713002994941628 -0.22713002994941628 -0.22713002994941628 -0.22713002994941628 -0.22713002994941628 -0.22713002994941628 -0.22713002994941628 -0.22713002994941628 -0.22713002994941628 -0.22713002994941628 -0.22713002994941628 -0.22713002994941628 -0.22713002994941628 -0.19888506729384528 -0.22713002994941628 -0.22713002994941628 -0.3354811527992121 -0.22713002994941628 -0.3354811527992121 -0.22713002994941628 -0.3354811527992121 -0.22713002994941628 -0.3354811527992121 -0.22713002994941628 -0.22713002994941628 -0.22713002994941628 -0.37087609797028714 -0.22713002994941628 -0.3202034540668203 -0.22713002994941628 -0.22713002994941628 -0.22713002994941628 -0.22713002994941628 -0.22713002994941628 -0.22713002994941628 -0.14576873237876967 -0.22713002994941628 -0.23532284632626882 -0.22713002994941628 -0.21409170335795727 -0.1995259280529714 -0.19736164869341716 -0.1821068647573436 -0.17614167262846486 -0.1739098427424842 -0.1627888159462234 -0.1627888159462234 -0.1627888159462234 -0.1627888159462234 -0.13493349044006586 -0.12960204680651732 -0.12190901523893742 -0.12190901523893742 -0.0820882152549233 -0.09868027573317253 -0.03281880387148894 -0.03281880387148894 -0.03281880387148894 -0.03883199429684344 -0.03883199429684344 -0.03928866302395971 -0.03281880387148894 -0.027831361676233755 -0.004454610170621243
-0.36831822497864286 -0.36831822497864286 -0.36831822497864286 -0.36831822497864286 -0.36831822497864286 -0.36831822497864286 -0.36831822497864286 -0.36831822497864286 -0.2810557040078787 -0.3478157657845959 -0.3478157657845959 -0.3478157657845959 -0.3478157657845959 -0.36831822497864286 -0.3478157657845959 -0.3478157657845959 -0.3478157657845959 -0.3478157657845959 -0.3478157657845959 -0.36831822497864286 -0.3478157657845959 -0.36831822497864286 -0.3478157657845959 -0.3478157657845959 -0.3478157657845959 -0.3478157657845959 -0.36831822497864286 -0.36831822497864286 -0.3478157657845959 -0.36831822497864286 -0.19888506729384528 -0.3478157657845959 -0.3478157657845959 -0.36831822497864286 -0.36831822497864286 -0.28743918845284816 -0.36831822497864286 -0.2810557040078787 -0.36831822497864286 -0.36831822497864286 -0.28743918845284816 -0.28743918845284816 -0.36831822497864286 -0.36831822497864286 -0.36831822497864286 -0.36831822497864286 -0.3478157657845959 -0.3478157657845959 -0.36831822497864286 -0.2810557040078787 -0.2810557040078787 -0.36831822497864286 -0.36831822497864286 -0.3478157657845959 -0.2457238361529283 -0.3478157657845959 -0.3478157657845959 -0.19888506729384528 -0.30465158591214453 -0.30465158591214453 -0.22713002994941628 -0.22812406892408477 -0.22713002994941628 -0.22812406892408477 -0.22713002994941628 -0.22812406892408477 -0.22713002994941628 -0.36831822497864286 -0.22812406892408477 -0.2457238361529283 -0.22713002994941628 -0.3478157657845959 -0.22713002994941628 -0.3478157657845959 -0.22812406892408477 -0.2910831897350783 -0.2910831897350783 -0.2910831897350783 -0.28112522574906906 -0.14576873237876967 -0.27120883402619844 -0.22713002994941628 -0.25982577480618435 -0.21409170335795727 -0.1995259280529714 -0.19736164869341716 -0.1821068647573436 -0.17614167262846486 -0.1739098427424842 -0.1627888159462234 -0.1627888159462234 -0.1627888159462234 -0.1627888159462234 -0.13493349044006586 -0.12960204680651732 -0.12190901523893742 -0.12190901523893742 -0.0820882152549233 -0.09868027573317253 -0.03281880387148894 -0.03281880387148894 -0.03281880387148894 -0.03883199429684344 -0.03883199429684344 -0.03928866302395971 -0.03281880387148894 -0.027831361676233755 -0.004454610170621243
-0.12190901523893742 -0.12190901523893742 -0.12190901523893742 -0.12190901523893742 -0.12190901523893742 -0.12190901523893742 -0.12190901523893742 -0.12190901523893742 -0.12190901523893742 -0.12190901523893742 -0.12190901523893742 -0.12190901523893742 -0.12190901523893742 -0.12190901523893742 -0.12190901523893742 -0.12190901523893742 -0.12190901523893742 -0.12190901523893742 -0.12190901523893742 -0.12190901523893742 -0.12190901523893742 -0.12190901523893742 -0.12190901523893742 -0.12190901523893742 -0.12190901523893742 -0.12190901523893742 -0.12190901523893742 -0.12190901523893742 -0.12190901523893742 -0.12190901523893742 -0.12190901523893742 -0.12190901523893742 -0.12190901523893742 -0.12190901523893742 -0.12190901523893742 -0.12190901523893742 -0.12190901523893742 -0.12190901523893742 -0.12190901523893742 -0.12190901523893742 -0.12190901523893742 -0.12190901523893742 -0.12190901523893742 -0.12190901523893742 -0.12190901523893742 -0.12190901523893742 -0.12190901523893742 -0.12190901523893742 -0.12190901523893742 -0.12190901523893742 -0.12190901523893742 -0.12190901523893742 -0.12190901523893742 -0.12190901523893742 -0.12190901523893742 -0.12190901523893742 -0.12190901523893742 -0.12190901523893742 -0.12190901523893742 -0.12190901523893742 -0.12190901523893742 -0.12190901523893742 -0.12190901523893742 -0.12190901523893742 -0.12190901523893742 -0.12190901523893742 -0.12190901523893742 -0.12190901523893742 -0.12190901523893742 -0.12190901523893742 -0.12190901523893742 -0.12190901523893742 -0.12190901523893742 -0.12190901523893742 -0.12190901523893742 -0.12190901523893742 -0.12190901523893742 -0.12190901523893742 -0.12190901523893742 -0.12190901523893742 -0.12190901523893742 -0.12190901523893742 -0.12190901523893742 -0.12190901523893742 -0.12190901523893742 -0.12190901523893742 -0.12190901523893742 -0.12190901523893742 -0.12190901523893742 -0.12190901523893742 -0.12190901523893742 -0.12190901523893742 -0.12190901523893742 -0.12190901523893742 -0.12190901523893742 -0.12190901523893742 -0.12190901523893742 -0.0820882152549233 -0.09868027573317253 -0.03281880387148894 -0.03281880387148894 -0.03281880387148894 -0.03883199429684344 -0.03883199429684344 -0.03928866302395971 -0.03281880387148894 -0.027831361676233755 -0.004454610170621243
-0.22713002994941628 -0.22713002994941628 -0.22713002994941628 -0.22713002994941628 -0.22713002994941628 -0.22713002994941628 -0.22713002994941628 -0.22713002994941628 -0.22713002994941628 -0.22713002994941628 -0.22713002994941628 -0.22713002994941628 -0.22713002994941628 -0.22713002994941628 -0.22713002994941628 -0.22713002994941628 -0.22713002994941628 -0.22713002994941628 -0.22713002994941628 -0.22713002994941628 -0.22713002994941628 -0.22713002994941628 -0.22713002994941628 -0.22713002994941628 -0.22713002994941628 -0.22713002994941628 -0.22713002994941628 -0.22713002994941628 -0.22713002994941628 -0.22713002994941628 -0.19888506729384528 -0.22713002994941628 -0.22713002994941628 -0.22713002994941628 -0.22713002994941628 -0.22713002994941628 -0.22713002994941628 -0.22713002994941628 -0.22713002994941628 -0.22713002994941628 -0.22713002994941628 -0.22713002994941628 -0.22713002994941628 -0.22713002994941628 -0.22713002994941628 -0.22713002994941628 -0.22713002994941628 -0.22713002994941628 -0.22713002994941628 -0.22713002994941628 -0.22713002994941628 -0.22713002994941628 -0.22713002994941628 -0.22713002994941628 -0.22713002994941628 -0.22713002994941628 -0.22713002994941628 -0.19888506729384528 -0.22713002994941628 -0.22713002994941628 -0.3202034540668203 -0.22713002994941628 -0.3202034540668203 -0.22713002994941628 -0.3202034540668203 -0.22713002994941628 -0.3202034540668203 -0.22713002994941628 -0.22713002994941628 -0.22713002994941628 -0.3202034540668203 -0.22713002994941628 -0.34878328285985966 -0.22713002994941628 -0.22713002994941628 -0.22713002994941628 -0.22713002994941628 -0.22713002994941628 -0.22713002994941628 -0.14576873237876967 -0.22713002994941628 -0.23532284632626882 -0.22713002994941628 -0.21409170335795727 -0.1995259280529714 -0.19736164869341716 -0.1821068647573436 -0.17614167262846486 -0.1739098427424842 -0.1627888159462234 -0.1627888159462234 -0.1627888159462234 -0.1627888159462234 -0.13493349044006586 -0.12960204680651732 -0.12190901523893742 -0.12190901523893742 -0.0820882152549233 -0.09868027573317253 -0.03281880387148894 -0.03281880387148894 -0.03281880387148894 -0.03883199429684344 -0.03883199429684344 -0.03928866302395971 -0.03281880387148894 -0.027831361676233755 -0.004454610170621243
-0.1627888159462234 -0.1627888159462234 -0.1627888159462234 -0.1627888159462234 -0.1627888159462234 -0.1627888159462234 -0.1627888159462234 -0.1627888159462234 -0.1627888159462234 -0.1627888159462234 -0.1627888159462234 -0.1627888159462234 -0.1627888159462234 -0.1627888159462234 -0.1627888159462234 -0.1627888159462234 -0.1627888159462234 -0.1627888159462234 -0.1627888159462234 -0.1627888159462234 -0.1627888159462234 -0.1627888159462234 -0.1627888159462234 -0.1627888159462234 -0.1627888159462234 -0.1627888159462234 -0.1627888159462234 -0.1627888159462234 -0.1627888159462234 -0.1627888159462234 -0.1627888159462234 -0.1627888159462234 -0.1627888159462234 -0.1627888159462234 -0.1627888159462234 -0.1627888159462234 -0.1627888159462234 -0.1627888159462234 -0.1627888159462234 -0.1627888159462234 -0.1627888159462234 -0.1627888159462234 -0.1627888159462234 -0.1627888159462234 -0.1627888159462234 -0.1627888159462234 -0.1627888159462234 -0.1627888159462234 -0.1627888159462234 -0.1627888159462234 -0.1627888159462234 -0.1627888159462234 -0.1627888159462234 -0.1627888159462234 -0.1627888159462234 -0.1627888159462234 -0.1627888159462234 -0.1627888159462234 -0.1627888159462234 -0.1627888159462234 -0.1627888159462234 -0.1627888159462234 -0.1627888159462234 -0.1627888159462234 -0.1627888159462234 -0.1627888159462234 -0.1627888159462234 -0.1627888159462234 -0.1627888159462234 -0.1627888159462234 -0.1627888159462234 -0.1627888159462234 -0.1627888159462234 -0.1627888159462234 -0.1627888159462234 -0.1627888159462234 -0.1627888159462234 -0.1627888159462234 -0.1627888159462234 -0.14576873237876967 -0.1627888159462234 -0.1627888159462234 -0.1627888159462234 -0.1627888159462234 -0.1627888159462234 -0.1627888159462234 -0.1627888159462234 -0.1627888159462234 -0.1627888159462234 -0.1627888159462234 -0.1627888159462234 -0.1627888159462234 -0.1627888159462234 -0.13493349044006586 -0.12960204680651732 -0.12190901523893742 -0.12190901523893742 -0.0820882152549233 -0.09868027573317253 -0.03281880387148894 -0.03281880387148894 -0.03281880387148894 -0.03883199429684344 -0.03883199429684344 -0.03928866302395971 -0.03281880387148894 -0.027831361676233755 -0.004454610170621243
-0.22812406892408477 -0.22812406892408477 -0.22812406892408477 -0.22812406892408477 -0.22812406892408477 -0.22812406892408477 -0.22812406892408477 -0.22812406892408477 -0.22812406892408477 -0.22812406892408477 -0.22812406892408477 -0.22812406892408477 -0.22812406892408477 -0.22812406892408477 -0.22812406892408477 -0.22812406892408477 -0.22812406892408477 -0.22812406892408477 -0.22812406892408477 -0.22812406892408477 -0.22812406892408477 -0.22812406892408477 -0.22812406892408477 -0.22812406892408477 -0.22812406892408477 -0.22812406892408477 -0.22812406892408477 -0.22812406892408477 -0.22812406892408477 -0.22812406892408477 -0.19888506729384528 -0.22812406892408477 -0.22812406892408477 -0.22812406892408477 -0.22812406892408477 -0.22812406892408477 -0.22812406892408477 -0.22812406892408477 -0.22812406892408477 -0.22812406892408477 -0.22812406892408477 -0.22812406892408477 -0.22812406892408477 -0.22812406892408477 -0.22812406892408477 -0.22812406892408477 -0.22812406892408477 -0.22812406892408477 -0.22812406892408477 -0.22812406892408477 -0.22812406892408477 -0.22812406892408477 -0.22812406892408477 -0.22812406892408477 -0.22812406892408477 -0.22812406892408477 -0.22812406892408477 -0.19888506729384528 -0.22812406892408477 -0.22812406892408477 -0.22713002994941628 -0.3469204620172062 -0.22713002994941628 -0.3469204620172062 -0.22713002994941628 -0.309886856261268 -0.22713002994941628 -0.22812406892408477 -0.3469204620172062 -0.22812406892408477 -0.22713002994941628 -0.22812406892408477 -0.22713002994941628 -0.22812406892408477 -0.3469204620172062 -0.22812406892408477 -0.22812406892408477 -0.22812406892408477 -0.22812406892408477 -0.14576873237876967 -0.22812406892408477 -0.22713002994941628 -0.22812406892408477 -0.21409170335795727 -0.1995259280529714 -0.19736164869341716 -0.1821068647573436 -0.17614167262846486 -0.1739098427424842 -0.1627888159462234 -0.1627888159462234 -0.1627888159462234 -0.1627888159462234 -0.13493349044006586 -0.12960204680651732 -0.12190901523893742 -0.12190901523893742 -0.0820882152549233 -0.09868027573317253 -0.03281880387148894 -0.03281880387148894 -0.03281880387148894 -0.03883199429684344 -0.03883199429684344 -0.03928866302395971 -0.03281880387148894 -0.027831361676233755 -0.004454610170621243
-0.12190901523893742 -0.12190901523893742 -0.12190901523893742 -0.12190901523893742 -0.12190901523893742 -0.12190901523893742 -0.12190901523893742 -0.12190901523893742 -0.12190901523893742 -0.12190901523893742 -0.12190901523893742 -0.12190901523893742 -0.12190901523893742 -0.12190901523893742 -0.12190901523893742 -0.12190901523893742 -0.12190901523893742 -0.12190901523893742 -0.12190901523893742 -0.12190901523893742 -0.12190901523893742 -0.12190901523893742 -0.12190901523893742 -0.12190901523893742 -0.12190901523893742 -0.12190901523893742 -0.12190901523893742 -0.12190901523893742 -0.12190901523893742 -0.12190901523893742 -0.12190901523893742 -0.12190901523893742 -0.12190901523893742 -0.12190901523893742 -0.12190901523893742 -0.12190901523893742 -0.12190901523893742 -0.12190901523893742 -0.12190901523893742 -0.12190901523893742 -0.12190901523893742 -0.12190901523893742 -0.12190901523893742 -0.12190901523893742 -0.12190901523893742 -0.12190901523893742 -0.12190901523893742 -0.12190901523893742 -0.12190901523893742 -0.12190901523893742 -0.12190901523893742 -0.12190901523893742 -0.12190901523893742 -0.12190901523893742 -0.12190901523893742 -0.12190901523893742 -0.12190901523893742 -0.12190901523893742 -0.12190901523893742 -0.12190901523893742 -0.12190901523893742 -0.12190901523893742 -0.12190901523893742 -0.12190901523893742 -0.12190901523893742 -0.12190901523893742 -0.12190901523893742 -0.12190901523893742 -0.12190901523893742 -0.12190901523893742 -0.12190901523893742 -0.12190901523893742 -0.12190901523893742 -0.12190901523893742 -0.12190901523893742 -0.12190901523893742 -0.12190901523893742 -0.12190901523893742 -0.12190901523893742 -0.12190901523893742 -0.12190901523893742 -0.12190901523893742 -0.12190901523893742 -0.12190901523893742 -0.12190901523893742 -0.12190901523893742 -0.12190901523893742 -0.12190901523893742 -0.12190901523893742 -0.12190901523893742 -0.12190901523893742 -0.12190901523893742 -0.12190901523893742 -0.12190901523893742 -0.12190901523893742 -0.12190901523893742 -0.12190901523893742 -0.0820882152549233 -0.09868027573317253 -0.03281880387148894 -0.03281880387148894 -0.03281880387148894 -0.03883199429684344 -0.03883199429684344 -0.03928866302395971 -0.03281880387148894 -0.027831361676233755 -0.004454610170621243
-0.12190901523893742 -0.12190901523893742 -0.12190901523893742 -0.12190901523893742 -0.12190901523893742 -0.12190901523893742 -0.12190901523893742 -0.12190901523893742 -0.12190901523893742 -0.12190901523893742 -0.12190901523893742 -0.12190901523893742 -0.12190901523893742 -0.12190901523893742 -0.12190901523893742 -0.12190901523893742 -0.12190901523893742 -0.12190901523893742 -0.12190901523893742 -0.12190901523893742 -0.12190901523893742 -0.12190901523893742 -0.12190901523893742 -0.12190901523893742 -0.12190901523893742 -0.12190901523893742 -0.12190901523893742 -0.12190901523893742 -0.12190901523893742 -0.12190901523893742 -0.12190901523893742 -0.12190901523893742 -0.12190901523893742 -0.12190901523893742 -0.12190901523893742 -0.12190901523893742 -0.12190901523893742 -0.12190901523893742 -0.12190901523893742 -0.12190901523893742 -0.12190901523893742 -0.12190901523893742 -0.12190901523893742 -0.12190901523893742 -0.12190901523893742 -0.12190901523893742 -0.12190901523893742 -0.12190901523893742 -0.12190901523893742 -0.12190901523893742 -0.12190901523893742 -0.12190901523893742 -0.12190901523893742 -0.12190901523893742 -0.12190901523893742 -0.12190901523893742 -0.12190901523893742 -0.12190901523893742 -0.12190901523893742 -0.12190901523893742 -0.12190901523893742 -0.12190901523893742 -0.12190901523893742 -0.12190901523893742 -0.12190901523893742 -0.12190901523893742 -0.12190901523893742 -0.12190901523893742 -0.12190901523893742 -0.12190901523893742 -0.12190901523893742 -0.12190901523893742 -0.12190901523893742 -0.12190901523893742 -0.12190901523893742 -0.12190901523893742 -0.12190901523893742 -0.12190901523893742 -0.12190901523893742 -0.12190901523893742 -0.12190901523893742 -0.12190901523893742 -0.12190901523893742 -0.12190901523893742 -0.12190901523893742 -0.12190901523893742 -0.12190901523893742 -0.12190901523893742 -0.12190901523893742 -0.12190901523893742 -0.12190901523893742 -0.12190901523893742 -0.12190901523893742 -0.12190901523893742 -0.12190901523893742 -0.12190901523893742 -0.12190901523893742 -0.0820882152549233 -0.09868027573317253 -0.03281880387148894 -0.03281880387148894 -0.03281880387148894 -0.03883199429684344 -0.03883199429684344 -0.03928866302395971 -0.03281880387148894 -0.027831361676233755 -0.004454610170621243
-0.1627888159462234 -0.1627888159462234 -0.1627888159462234 -0.1627888159462234 -0.1627888159462234 -0.1627888159462234 -0.1627888159462234 -0.1627888159462234 -0.1627888159462234 -0.1627888159462234 -0.1627888159462234 -0.1627888159462234 -0.1627888159462234 -0.1627888159462234 -0.1627888159462234 -0.1627888159462234 -0.1627888159462234 -0.1627888159462234 -0.1627888159462234 -0.1627888159462234 -0.1627888159462234 -0.1627888159462234 -0.1627888159462234 -0.1627888159462234 -0.1627888159462234 -0.1627888159462234 -0.1627888159462234 -0.1627888159462234 -0.1627888159462234 -0.1627888159462234 -0.1627888159462234 -0.1627888159462234 -0.1627888159462234 -0.1627888159462234 -0.1627888159462234 -0.1627888159462234 -0.1627888159462234 -0.1627888159462234 -0.1627888159462234 -0.1627888159462234 -0.1627888159462234 -0.1627888159462234 -0.1627888159462234 -0.1627888159462234 -0.1627888159462234 -0.1627888159462234 -0.1627888159462234 -0.1627888159462234 -0.1627888159462234 -0.1627888159462234 -0.1627888159462234 -0.1627888159462234 -0.1627888159462234 -0.1627888159462234 -0.1627888159462234 -0.1627888159462234 -0.1627888159462234 -0.1627888159462234 -0.1627888159462234 -0.1627888159462234 -0.1627888159462234 -0.1627888159462234 -0.1627888159462234 -0.1627888159462234 -0.1627888159462234 -0.1627888159462234 -0.1627888159462234 -0.1627888159462234 -0.1627888159462234 -0.1627888159462234 -0.1627888159462234 -0.1627888159462234 -0.1627888159462234 -0.1627888159462234 -0.1627888159462234 -0.1627888159462234 -0.1627888159462234 -0.1627888159462234 -0.1627888159462234 -0.14576873237876967 -0.1627888159462234 -0.1627888159462234 -0.1627888159462234 -0.1627888159462234 -0.1627888159462234 -0.1627888159462234 -0.1627888159462234 -0.1627888159462234 -0.1627888159462234 -0.1627888159462234 -0.1627888159462234 -0.1627888159462234 -0.1627888159462234 -0.13493349044006586 -0.12960204680651732 -0.12190901523893742 -0.12190901523893742 -0.0820882152549233 -0.09868027573317253 -0.03281880387148894 -0.03281880387148894 -0.03281880387148894 -0.03883199429684344 -0.03883199429684344 -0.03928866302395971 -0.03281880387148894 -0.027831361676233755 -0.004454610170621243
-0.21409170335795727 -0.21409170335795727 -0.21409170335795727 -0.21409170335795727 -0.21409170335795727 -0.21409170335795727 -0.21409170335795727 -0.21409170335795727 -0.21409170335795727 -0.21409170335795727 -0.21409170335795727 -0.21409170335795727 -0.21409170335795727 -0.21409170335795727 -0.21409170335795727 -0.21409170335795727 -0.21409170335795727 -0.21409170335795727 -0.21409170335795727 -0.21409170335795727 -0.21409170335795727 -0.21409170335795727 -0.21409170335795727 -0.21409170335795727 -0.21409170335795727 -0.21409170335795727 -0.21409170335795727 -0.21409170335795727 -0.21409170335795727 -0.21409170335795727 -0.19888506729384528 -0.21409170335795727 -0.21409170335795727 -0.21409170335795727 -0.21409170335795727 -0.21409170335795727 -0.21409170335795727 -0.21409170335795727 -0.21409170335795727 -0.21409170335795727 -0.21409170335795727 -0.21409170335795727 -0.21409170335795727 -0.21409170335795727 -0.21409170335795727 -0.21409170335795727 -0.21409170335795727 -0.21409170335795727 -0.21409170335795727 -0.21409170335795727 -0.21409170335795727 -0.21409170335795727 -0.21409170335795727 -0.21409170335795727 -0.21409170335795727 -0.21409170335795727 -0.21409170335795727 -0.19888506729384528 -0.21409170335795727 -0.21409170335795727 -0.21409170335795727 -0.21409170335795727 -0.21409170335795727 -0.21409170335795727 -0.21409170335795727 -0.21409170335795727 -0.21409170335795727 -0.21409170335795727 -0.21409170335795727 -0.21409170335795727 -0.21409170335795727 -0.21409170335795727 -0.21409170335795727 -0.21409170335795727 -0.21409170335795727 -0.21409170335795727 -0.21409170335795727 -0.21409170335795727 -0.21409170335795727 -0.14576873237876967 -0.21409170335795727 -0.21409170335795727 -0.21409170335795727 -0.21409170335795727 -0.1995259280529714 -0.19736164869341716 -0.1821068647573436 -0.17614167262846486 -0.1739098427424842 -0.1627888159462234 -0.1627888159462234 -0.1627888159462234 -0.1627888159462234 -0.13493349044006586 -0.12960204680651732 -0.12190901523893742 -0.12190901523893742 -0.0820882152549233 -0.09868027573317253 -0.03281880387148894 -0.03281880387148894 -0.03281880387148894 -0.03883199429684344 -0.03883199429684344 -0.03928866302395971 -0.03281880387148894 -0.027831361676233755 -0.004454610170621243
-0.1821068647573436 -0.1821068647573436 -0.1821068647573436 -0.1821068647573436 -0.1821068647573436 -0.1821068647573436 -0.1821068647573436 -0.1821068647573436 -0.1821068647573436 -0.1821068647573436 -0.1821068647573436 -0.1821068647573436 -0.1821068647573436 -0.1821068647573436 -0.1821068647573436 -0.1821068647573436 -0.1821068647573436 -0.1821068647573436 -0.1821068647573436 -0.1821068647573436 -0.1821068647573436 -0.1821068647573436 -0.1821068647573436 -0.1821068647573436 -0.1821068647573436 -0.1821068647573436 -0.1821068647573436 -0.1821068647573436 -0.1821068647573436 -0.1821068647573436 -0.1821068647573436 -0.1821068647573436 -0.1821068647573436 -0.1821068647573436 -0.1821068647573436 -0.1821068647573436 -0.1821068647573436 -0.1821068647573436 -0.1821068647573436 -0.1821068647573436 -0.1821068647573436 -0.1821068647573436 -0.1821068647573436 -0.1821068647573436 -0.1821068647573436 -0.1821068647573436 -0.1821068647573436 -0.1821068647573436 -0.1821068647573436 -0.1821068647573436 -0.1821068647573436 -0.1821068647573436 -0.1821068647573436 -0.1821068647573436 -0.1821068647573436 -0.1821068647573436 -0.1821068647573436 -0.1821068647573436 -0.1821068647573436 -0.1821068647573436 -0.1821068647573436 -0.1821068647573436 -0.1821068647573436 -0.1821068647573436 -0.1821068647573436 -0.1821068647573436 -0.1821068647573436 -0.1821068647573436 -0.1821068647573436 -0.1821068647573436 -0.1821068647573436 -0.1821068647573436 -0.1821068647573436 -0.1821068647573436 -0.1821068647573436 -0.1821068647573436 -0.1821068647573436 -0.1821068647573436 -0.1821068647573436 -0.14576873237876967 -0.1821068647573436 -0.1821068647573436 -0.1821068647573436 -0.1821068647573436 -0.1821068647573436 -0.1821068647573436 -0.1821068647573436 -0.17614167262846486 -0.1739098427424842 -0.1627888159462234 -0.1627888159462234 -0.1627888159462234 -0.1627888159462234 -0.13493349044006586 -0.12960204680651732 -0.12190901523893742 -0.12190901523893742 -0.0820882152549233 -0.09868027573317253 -0.03281880387148894 -0.03281880387148894 -0.03281880387148894 -0.03883199429684344 -0.03883199429684344 -0.03928866302395971 -0.03281880387148894 -0.027831361676233755 -0.004454610170621243
-0.30465158591214453 -0.30465158591214453 -0.30465158591214453 -0.30465158591214453 -0.30465158591214453 -0.30465158591214453 -0.30465158591214453 -0.30465158591214453 -0.2810557040078787 -0.30465158591214453 -0.30465158591214453 -0.30465158591214453 -0.30465158591214453 -0.30465158591214453 -0.30465158591214453 -0.30465158591214453 -0.30465158591214453 -0.30465158591214453 -0.30465158591214453 -0.30465158591214453 -0.30465158591214453 -0.30465158591214453 -0.30465158591214453 -0.30465158591214453 -0.30465158591214453 -0.30465158591214453 -0.30465158591214453 -0.30465158591214453 -0.30465158591214453 -0.30465158591214453 -0.19888506729384528 -0.30465158591214453 -0.30465158591214453 -0.30465158591214453 -0.30465158591214453 -0.28743918845284816 -0.30465158591214453 -0.2810557040078787 -0.30465158591214453 -0.30465158591214453 -0.28743918845284816 -0.28743918845284816 -0.30465158591214453 -0.30465158591214453 -0.30465158591214453 -0.30465158591214453 -0.30465158591214453 -0.30465158591214453 -0.30465158591214453 -0.2810557040078787 -0.2810557040078787 -0.30465158591214453 -0.30465158591214453 -0.30465158591214453 -0.2457238361529283 -0.30465158591214453 -0.30465158591214453 -0.19888506729384528 -0.30465158591214453 -0.30465158591214453 -0.22713002994941628 -0.22812406892408477 -0.22713002994941628 -0.22812406892408477 -0.22713002994941628 -0.22812406892408477 -0.22713002994941628 -0.30465158591214453 -0.22812406892408477 -0.2457238361529283 -0.22713002994941628 -0.30465158591214453 -0.22713002994941628 -0.30465158591214453 -0.22812406892408477 -0.2910831897350783 -0.2910831897350783 -0.2910831897350783 -0.28112522574906906 -0.14576873237876967 -0.27120883402619844 -0.22713002994941628 -0.25982577480618435 -0.21409170335795727 -0.1995259280529714 -0.19736164869341716 -0.1821068647573436 -0.17614167262846486 -0.1739098427424842 -0.1627888159462234 -0.1627888159462234 -0.1627888159462234 -0.1627888159462234 -0.13493349044006586 -0.12960204680651732 -0.12190901523893742 -0.12190901523893742 -0.0820882152549233 -0.09868027573317253 -0.03281880387148894 -0.03281880387148894 -0.03281880387148894 -0.03883199429684344 -0.03883199429684344 -0.03928866302395971 -0.03281880387148894 -0.027831361676233755 -0.004454610170621243
-0.296797156628846 -0.296797156628846 -0.296797156628846 -0.296797156628846 -0.296797156628846 -0.296797156628846 -0.296797156628846 -0.296797156628846 -0.2810557040078787 -0.296797156628846 -0.296797156628846 -0.296797156628846 -0.296797156628846 -0.296797156628846 -0.296797156628846 -0.296797156628846 -0.296797156628846 -0.296797156628846 -0.296797156628846 -0.296797156628846 -0.296797156628846 -0.296797156628846 -0.296797156628846 -0.296797156628846 -0.296797156628846 -0.296797156628846 -0.296797156628846 -0.296797156628846 -0.296797156628846 -0.296797156628846 -0.19888506729384528 -0.296797156628846 -0.296797156628846 -0.296797156628846 -0.296797156628846 -0.28743918845284816 -0.296797156628846 -0.2810557040078787 -0.296797156628846 -0.296797156628846 -0.28743918845284816 -0.28743918845284816 -0.296797156628846 -0.296797156628846 -0.296797156628846 -0.296797156628846 -0.296797156628846 -0.296797156628846 -0.296797156628846 -0.2810557040078787 -0.2810557040078787 -0.296797156628846 -0.296797156628846 -0.296797156628846 -0.2457238361529283 -0.296797156628846 -0.296797156628846 -0.19888506729384528 -0.296797156628846 -0.296797156628846 -0.22713002994941628 -0.22812406892408477 -0.22713002994941628 -0.22812406892408477 -0.22713002994941628 -0.22812406892408477 -0.22713002994941628 -0.296797156628846 -0.22812406892408477 -0.2457238361529283 -0.22713002994941628 -0.296797156628846 -0.22713002994941628 -0.296797156628846 -0.22812406892408477 -0.2910831897350783 -0.2910831897350783 -0.2910831897350783 -0.28112522574906906 -0.14576873237876967 -0.27120883402619844 -0.22713002994941628 -0.25982577480618435 -0.21409170335795727 -0.1995259280529714 -0.19736164869341716 -0.1821068647573436 -0.17614167262846486 -0.1739098427424842 -0.1627888159462234 -0.1627888159462234 -0.1627888159462234 -0.1627888159462234 -0.13493349044006586 -0.12960204680651732 -0.12190901523893742 -0.12190901523893742 -0.0820882152549233 -0.09868027573317253 -0.03281880387148894 -0.03281880387148894 -0.03281880387148894 -0.03883199429684344 -0.03883199429684344 -0.03928866302395971 -0.03281880387148894 -0.027831361676233755 -0.004454610170621243
-0.29544440460518995 -0.29544440460518995 -0.29544440460518995 -0.29544440460518995 -0.29544440460518995 -0.29544440460518995 -0.29544440460518995 -0.29544440460518995 -0.2810557040078787 -0.29544440460518995 -0.29544440460518995 -0.29544440460518995 -0.29544440460518995 -0.29544440460518995 -0.29544440460518995 -0.29544440460518995 -0.29544440460518995 -0.29544440460518995 -0.29544440460518995 -0.29544440460518995 -0.29544440460518995 -0.29544440460518995 -0.29544440460518995 -0.29544440460518995 -0.29544440460518995 -0.29544440460518995 -0.29544440460518995 -0.29544440460518995 -0.29544440460518995 -0.29544440460518995 -0.19888506729384528 -0.29544440460518995 -0.29544440460518995 -0.29544440460518995 -0.29544440460518995 -0.28743918845284816 -0.29544440460518995 -0.2810557040078787 -0.29544440460518995 -0.29544440460518995 -0.28743918845284816 -0.28743918845284816 -0.29544440460518995 -0.29544440460518995 -0.29544440460518995 -0.29544440460518995 -0.29544440460518995 -0.29544440460518995 -0.29544440460518995 -0.2810557040078787 -0.2810557040078787 -0.29544440460518995 -0.29544440460518995 -0.29544440460518995 -0.2457238361529283 -0.29544440460518995 -0.29544440460518995 -0.19888506729384528 -0.29544440460518995 -0.29544440460518995 -0.22713002994941628 -0.22812406892408477 -0.22713002994941628 -0.22812406892408477 -0.22713002994941628 -0.22812406892408477 -0.22713002994941628 -0.29544440460518995 -0.22812406892408477 -0.2457238361529283 -0.22713002994941628 -0.29544440460518995 -0.22713002994941628 -0.29544440460518995 -0.22812406892408477 -0.2910831897350783 -0.2910831897350783 -0.2910831897350783 -0.28112522574906906 -0.14576873237876967 -0.27120883402619844 -0.22713002994941628 -0.25982577480618435 -0.21409170335795727 -0.1995259280529714 -0.19736164869341716 -0.1821068647573436 -0.17614167262846486 -0.1739098427424842 -0.1627888159462234 -0.1627888159462234 -0.1627888159462234 -0.1627888159462234 -0.13493349044006586 -0.12960204680651732 -0.12190901523893742 -0.12190901523893742 -0.0820882152549233 -0.09868027573317253 -0.03281880387148894 -0.03281880387148894 -0.03281880387148894 -0.03883199429684344 -0.03883199429684344 -0.03928866302395971 -0.03281880387148894 -0.027831361676233755 -0.004454610170621243
-0.2810557040078787 -0.2810557040078787 -0.2810557040078787 -0.2810557040078787 -0.2810557040078787 -0.2810557040078787 -0.2810557040078787 -0.2810557040078787 -0.2810557040078787 -0.2810557040078787 -0.2810557040078787 -0.2810557040078787 -0.2810557040078787 -0.2810557040078787 -0.2810557040078787 -0.2810557040078787 -0.2810557040078787 -0.2810557040078787 -0.2810557040078787 -0.2810557040078787 -0.2810557040078787 -0.2810557040078787 -0.2810557040078787 -0.2810557040078787 -0.2810557040078787 -0.2810557040078787 -0.2810557040078787 -0.2810557040078787 -0.2810557040078787 -0.2810557040078787 -0.19888506729384528 -0.2810557040078787 -0.2810557040078787 -0.2810557040078787 -0.2810557040078787 -0.2810557040078787 -0.2810557040078787 -0.2810557040078787 -0.2810557040078787 -0.2810557040078787 -0.2810557040078787 -0.2810557040078787 -0.2810557040078787 -0.2810557040078787 -0.2810557040078787 -0.2810557040078787 -0.2810557040078787 -0.2810557040078787 -0.2810557040078787 -0.2810557040078787 -0.2810557040078787 -0.2810557040078787 -0.2810557040078787 -0.2810557040078787 -0.2457238361529283 -0.2810557040078787 -0.2810557040078787 -0.19888506729384528 -0.2810557040078787 -0.2810557040078787 -0.22713002994941628 -0.22812406892408477 -0.22713002994941628 -0.22812406892408477 -0.22713002994941628 -0.22812406892408477 -0.22713002994941628 -0.2810557040078787 -0.22812406892408477 -0.2457238361529283 -0.22713002994941628 -0.2810557040078787 -0.22713002994941628 -0.2810557040078787 -0.22812406892408477 -0.2810557040078787 -0.2810557040078787 -0.2810557040078787 -0.2810557040078787 -0.14576873237876967 -0.27120883402619844 -0.22713002994941628 -0.25982577480618435 -0.21409170335795727 -0.1995259280529714 -0.19736164869341716 -0.1821068647573436 -0.17614167262846486 -0.1739098427424842 -0.1627888159462234 -0.1627888159462234 -0.1627888159462234 -0.1627888159462234 -0.13493349044006586 -0.12960204680651732 -0.12190901523893742 -0.12190901523893742 -0.0820882152549233 -0.09868027573317253 -0.03281880387148894 -0.03281880387148894 -0.03281880387148894 -0.03883199429684344 -0.03883199429684344 -0.03928866302395971 -0.03281880387148894 -0.027831361676233755 -0.004454610170621243
-0.2457238361529283 -0.2457238361529283 -0.2457238361529283 -0.2457238361529283 -0.2457238361529283 -0.2457238361529283 -0.2457238361529283 -0.2457238361529283 -0.2457238361529283 -0.2457238361529283 -0.2457238361529283 -0.2457238361529283 -0.2457238361529283 -0.2457238361529283 -0.2457238361529283 -0.2457238361529283 -0.2457238361529283 -0.2457238361529283 -0.2457238361529283 -0.2457238361529283 -0.2457238361529283 -0.2457238361529283 -0.2457238361529283 -0.2457238361529283 -0.2457238361529283 -0.2457238361529283 -0.2457238361529283 -0.2457238361529283 -0.2457238361529283 -0.2457238361529283 -0.19888506729384528 -0.2457238361529283 -0.2457238361529283 -0.2457238361529283 -0.2457238361529283 -0.2457238361529283 -0.2457238361529283 -0.2457238361529283 -0.2457238361529283 -0.2457238361529283 -0.2457238361529283 -0.2457238361529283 -0.2457238361529283 -0.2457238361529283 -0.2457238361529283 -0.2457238361529283 -0.2457238361529283 -0.2457238361529283 -0.2457238361529283 -0.2457238361529283 -0.2457238361529283 -0.2457238361529283 -0.2457238361529283 -0.2457238361529283 -0.2457238361529283 -0.2457238361529283 -0.2457238361529283 -0.19888506729384528 -0.2457238361529283 -0.2457238361529283 -0.22713002994941628 -0.22812406892408477 -0.22713002994941628 -0.22812406892408477 -0.22713002994941628 -0.22812406892408477 -0.22713002994941628 -0.2457238361529283 -0.22812406892408477 -0.2457238361529283 -0.22713002994941628 -0.2457238361529283 -0.22713002994941628 -0.2457238361529283 -0.22812406892408477 -0.2457238361529283 -0.2457238361529283 -0.2457238361529283 -0.2457238361529283 -0.14576873237876967 -0.2457238361529283 -0.22713002994941628 -0.2457238361529283 -0.21409170335795727 -0.1995259280529714 -0.19736164869341716 -0.1821068647573436 -0.17614167262846486 -0.1739098427424842 -0.1627888159462234 -0.1627888159462234 -0.1627888159462234 -0.1627888159462234 -0.13493349044006586 -0.12960204680651732 -0.12190901523893742 -0.12190901523893742 -0.0820882152549233 -0.09868027573317253 -0.03281880387148894 -0.03281880387148894 -0.03281880387148894 -0.03883199429684344 -0.03883199429684344 -0.03928866302395971 -0.03281880387148894 -0.027831361676233755 -0.004454610170621243
-0.2788254420387021 -0.2788254420387021 -0.2788254420387021 -0.2788254420387021 -0.2788254420387021 -0.2788254420387021 -0.2788254420387021 -0.2788254420387021 -0.2788254420387021 -0.2788254420387021 -0.2788254420387021 -0.2788254420387021 -0.2788254420387021 -0.2788254420387021 -0.2788254420387021 -0.2788254420387021 -0.2788254420387021 -0.2788254420387021 -0.2788254420387021 -0.2788254420387021 -0.2788254420387021 -0.2788254420387021 -0.2788254420387021 -0.2788254420387021 -0.2788254420387021 -0.2788254420387021 -0.2788254420387021 -0.2788254420387021 -0.2788254420387021 -0.2788254420387021 -0.19888506729384528 -0.2788254420387021 -0.2788254420387021 -0.2788254420387021 -0.2788254420387021 -0.2788254420387021 -0.2788254420387021 -0.2788254420387021 -0.2788254420387021 -0.2788254420387021 -0.2788254420387021 -0.2788254420387021 -0.2788254420387021 -0.2788254420387021 -0.2788254420387021 -0.2788254420387021 -0.2788254420387021 -0.2788254420387021 -0.2788254420387021 -0.2788254420387021 -0.2788254420387021 -0.2788254420387021 -0.2788254420387021 -0.2788254420387021 -0.2457238361529283 -0.2788254420387021 -0.2788254420387021 -0.19888506729384528 -0.2788254420387021 -0.2788254420387021 -0.22713002994941628 -0.22812406892408477 -0.22713002994941628 -0.22812406892408477 -0.22713002994941628 -0.22812406892408477 -0.22713002994941628 -0.2788254420387021 -0.22812406892408477 -0.2457238361529283 -0.22713002994941628 -0.2788254420387021 -0.22713002994941628 -0.2788254420387021 -0.22812406892408477 -0.2788254420387021 -0.2788254420387021 -0.2788254420387021 -0.2788254420387021 -0.14576873237876967 -0.27120883402619844 -0.22713002994941628 -0.25982577480618435 -0.21409170335795727 -0.1995259280529714 -0.19736164869341716 -0.1821068647573436 -0.17614167262846486 -0.1739098427424842 -0.1627888159462234 -0.1627888159462234 -0.1627888159462234 -0.1627888159462234 -0.13493349044006586 -0.12960204680651732 -0.12190901523893742 -0.12190901523893742 -0.0820882152549233 -0.09868027573317253 -0.03281880387148894 -0.03281880387148894 -0.03281880387148894 -0.03883199429684344 -0.03883199429684344 -0.03928866302395971 -0.03281880387148894 -0.027831361676233755 -0.004454610170621243
-0.12190901523893742 -0.12190901523893742 -0.12190901523893742 -0.12190901523893742 -0.12190901523893742 -0.12190901523893742 -0.12190901523893742 -0.12190901523893742 -0.12190901523893742 -0.12190901523893742 -0.12190901523893742 -0.12190901523893742 -0.12190901523893742 -0.12190901523893742 -0.12190901523893742 -0.12190901523893742 -0.12190901523893742 -0.12190901523893742 -0.12190901523893742 -0.12190901523893742 -0.12190901523893742 -0.12190901523893742 -0.12190901523893742 -0.12190901523893742 -0.12190901523893742 -0.12190901523893742 -0.12190901523893742 -0.12190901523893742 -0.12190901523893742 -0.12190901523893742 -0.12190901523893742 -0.12190901523893742 -0.12190901523893742 -0.12190901523893742 -0.12190901523893742 -0.12190901523893742 -0.12190901523893742 -0.12190901523893742 -0.12190901523893742 -0.12190901523893742 -0.12190901523893742 -0.12190901523893742 -0.12190901523893742 -0.12190901523893742 -0.12190901523893742 -0.12190901523893742 -0.12190901523893742 -0.12190901523893742 -0.12190901523893742 -0.12190901523893742 -0.12190901523893742 -0.12190901523893742 -0.12190901523893742 -0.12190901523893742 -0.12190901523893742 -0.12190901523893742 -0.12190901523893742 -0.12190901523893742 -0.12190901523893742 -0.12190901523893742 -0.12190901523893742 -0.12190901523893742 -0.12190901523893742 -0.12190901523893742 -0.12190901523893742 -0.12190901523893742 -0.12190901523893742 -0.12190901523893742 -0.12190901523893742 -0.12190901523893742 -0.12190901523893742 -0.12190901523893742 -0.12190901523893742 -0.12190901523893742 -0.12190901523893742 -0.12190901523893742 -0.12190901523893742 -0.12190901523893742 -0.12190901523893742 -0.12190901523893742 -0.12190901523893742 -0.12190901523893742 -0.12190901523893742 -0.12190901523893742 -0.12190901523893742 -0.12190901523893742 -0.12190901523893742 -0.12190901523893742 -0.12190901523893742 -0.12190901523893742 -0.12190901523893742 -0.12190901523893742 -0.12190901523893742 -0.12190901523893742 -0.12190901523893742 -0.12190901523893742 -0.12190901523893742 -0.0820882152549233 -0.09868027573317253 -0.03281880387148894 -0.03281880387148894 -0.03281880387148894 -0.03883199429684344 -0.03883199429684344 -0.03928866302395971 -0.03281880387148894 -0.027831361676233755 -0.004454610170621243
-0.26887628589446844 -0.26887628589446844 -0.26887628589446844 -0.26887628589446844 -0.26887628589446844 -0.26887628589446844 -0.26887628589446844 -0.26887628589446844 -0.26887628589446844 -0.26887628589446844 -0.26887628589446844 -0.26887628589446844 -0.26887628589446844 -0.26887628589446844 -0.26887628589446844 -0.26887628589446844 -0.26887628589446844 -0.26887628589446844 -0.26887628589446844 -0.26887628589446844 -0.26887628589446844 -0.26887628589446844 -0.26887628589446844 -0.26887628589446844 -0.26887628589446844 -0.26887628589446844 -0.26887628589446844 -0.26887628589446844 -0.26887628589446844 -0.26887628589446844 -0.19888506729384528 -0.26887628589446844 -0.26887628589446844 -0.26887628589446844 -0.26887628589446844 -0.26887628589446844 -0.26887628589446844 -0.26887628589446844 -0.26887628589446844 -0.26887628589446844 -0.26887628589446844 -0.26887628589446844 -0.26887628589446844 -0.26887628589446844 -0.26887628589446844 -0.26887628589446844 -0.26887628589446844 -0.26887628589446844 -0.26887628589446844 -0.26887628589446844 -0.26887628589446844 -0.26887628589446844 -0.26887628589446844 -0.26887628589446844 -0.2457238361529283 -0.26887628589446844 -0.26887628589446844 -0.19888506729384528 -0.26887628589446844 -0.26887628589446844 -0.22713002994941628 -0.22812406892408477 -0.22713002994941628 -0.22812406892408477 -0.22713002994941628 -0.22812406892408477 -0.22713002994941628 -0.26887628589446844 -0.22812406892408477 -0.2457238361529283 -0.22713002994941628 -0.26887628589446844 -0.22713002994941628 -0.26887628589446844 -0.22812406892408477 -0.26887628589446844 -0.26887628589446844 -0.26887628589446844 -0.26887628589446844 -0.14576873237876967 -0.26887628589446844 -0.22713002994941628 -0.25982577480618435 -0.21409170335795727 -0.1995259280529714 -0.19736164869341716 -0.1821068647573436 -0.17614167262846486 -0.1739098427424842 -0.1627888159462234 -0.1627888159462234 -0.1627888159462234 -0.1627888159462234 -0.13493349044006586 -0.12960204680651732 -0.12190901523893742 -0.12190901523893742 -0.0820882152549233 -0.09868027573317253 -0.03281880387148894 -0.03281880387148894 -0.03281880387148894 -0.03883199429684344 -0.03883199429684344 -0.03928866302395971 -0.03281880387148894 -0.027831361676233755 -0.004454610170621243
-0.22713002994941628 -0.22713002994941628 -0.22713002994941628 -0.22713002994941628 -0.22713002994941628 -0.22713002994941628 -0.22713002994941628 -0.22713002994941628 -0.22713002994941628 -0.22713002994941628 -0.22713002994941628 -0.22713002994941628 -0.22713002994941628 -0.22713002994941628 -0.22713002994941628 -0.22713002994941628 -0.22713002994941628 -0.22713002994941628 -0.22713002994941628 -0.22713002994941628 -0.22713002994941628 -0.22713002994941628 -0.22713002994941628 -0.22713002994941628 -0.22713002994941628 -0.22713002994941628 -0.22713002994941628 -0.22713002994941628 -0.22713002994941628 -0.22713002994941628 -0.19888506729384528 -0.22713002994941628 -0.22713002994941628 -0.22713002994941628 -0.22713002994941628 -0.22713002994941628 -0.22713002994941628 -0.22713002994941628 -0.22713002994941628 -0.22713002994941628 -0.22713002994941628 -0.22713002994941628 -0.22713002994941628 -0.22713002994941628 -0.22713002994941628 -0.22713002994941628 -0.22713002994941628 -0.22713002994941628 -0.22713002994941628 -0.22713002994941628 -0.22713002994941628 -0.22713002994941628 -0.22713002994941628 -0.22713002994941628 -0.22713002994941628 -0.22713002994941628 -0.22713002994941628 -0.19888506729384528 -0.22713002994941628 -0.22713002994941628 -0.23532284632626882 -0.22713002994941628 -0.23532284632626882 -0.22713002994941628 -0.23532284632626882 -0.22713002994941628 -0.23532284632626882 -0.22713002994941628 -0.22713002994941628 -0.22713002994941628 -0.23532284632626882 -0.22713002994941628 -0.23532284632626882 -0.22713002994941628 -0.22713002994941628 -0.22713002994941628 -0.22713002994941628 -0.22713002994941628 -0.22713002994941628 -0.14576873237876967 -0.22713002994941628 -0.26496873291905393 -0.22713002994941628 -0.21409170335795727 -0.1995259280529714 -0.19736164869341716 -0.1821068647573436 -0.17614167262846486 -0.1739098427424842 -0.1627888159462234 -0.1627888159462234 -0.1627888159462234 -0.1627888159462234 -0.13493349044006586 -0.12960204680651732 -0.12190901523893742 -0.12190901523893742 -0.0820882152549233 -0.09868027573317253 -0.03281880387148894 -0.03281880387148894 -0.03281880387148894 -0.03883199429684344 -0.03883199429684344 -0.03928866302395971 -0.03281880387148894 -0.027831361676233755 -0.004454610170621243
-0.14576873237876967 -0.14576873237876967 -0.14576873237876967 -0.14576873237876967 -0.14576873237876967 -0.14576873237876967 -0.14576873237876967 -0.14576873237876967 -0.14576873237876967 -0.14576873237876967 -0.14576873237876967 -0.14576873237876967 -0.14576873237876967 -0.14576873237876967 -0.14576873237876967 -0.14576873237876967 -0.14576873237876967 -0.14576873237876967 -0.14576873237876967 -0.14576873237876967 -0.14576873237876967 -0.14576873237876967 -0.14576873237876967 -0.14576873237876967 -0.14576873237876967 -0.14576873237876967 -0.14576873237876967 -0.14576873237876967 -0.14576873237876967 -0.14576873237876967 -0.14576873237876967 -0.14576873237876967 -0.14576873237876967 -0.14576873237876967 -0.14576873237876967 -0.14576873237876967 -0.14576873237876967 -0.14576873237876967 -0.14576873237876967 -0.14576873237876967 -0.14576873237876967 -0.14576873237876967 -0.14576873237876967 -0.14576873237876967 -0.14576873237876967 -0.14576873237876967 -0.14576873237876967 -0.14576873237876967 -0.14576873237876967 -0.14576873237876967 -0.14576873237876967 -0.14576873237876967 -0.14576873237876967 -0.14576873237876967 -0.14576873237876967 -0.14576873237876967 -0.14576873237876967 -0.14576873237876967 -0.14576873237876967 -0.14576873237876967 -0.14576873237876967 -0.14576873237876967 -0.14576873237876967 -0.14576873237876967 -0.14576873237876967 -0.14576873237876967 -0.14576873237876967 -0.14576873237876967 -0.14576873237876967 -0.14576873237876967 -0.14576873237876967 -0.14576873237876967 -0.14576873237876967 -0.14576873237876967 -0.14576873237876967 -0.14576873237876967 -0.14576873237876967 -0.14576873237876967 -0.14576873237876967 -0.24823462070503807 -0.14576873237876967 -0.14576873237876967 -0.14576873237876967 -0.14576873237876967 -0.14576873237876967 -0.14576873237876967 -0.14576873237876967 -0.14576873237876967 -0.14576873237876967 -0.14576873237876967 -0.14576873237876967 -0.14576873237876967 -0.14576873237876967 -0.13493349044006586 -0.12960204680651732 -0.12190901523893742 -0.12190901523893742 -0.0820882152549233 -0.09868027573317253 -0.03281880387148894 -0.03281880387148894 -0.03281880387148894 -0.03883199429684344 -0.03883199429684344 -0.03928866302395971 -0.03281880387148894 -0.027831361676233755 -0.004454610170621243
-0.14576873237876967 -0.14576873237876967 -0.14576873237876967 -0.14576873237876967 -0.14576873237876967 -0.14576873237876967 -0.14576873237876967 -0.14576873237876967 -0.14576873237876967 -0.14576873237876967 -0.14576873237876967 -0.14576873237876967 -0.14576873237876967 -0.14576873237876967 -0.14576873237876967 -0.14576873237876967 -0.14576873237876967 -0.14576873237876967 -0.14576873237876967 -0.14576873237876967 -0.14576873237876967 -0.14576873237876967 -0.14576873237876967 -0.14576873237876967 -0.14576873237876967 -0.14576873237876967 -0.14576873237876967 -0.14576873237876967 -0.14576873237876967 -0.14576873237876967 -0.14576873237876967 -0.14576873237876967 -0.14576873237876967 -0.14576873237876967 -0.14576873237876967 -0.14576873237876967 -0.14576873237876967 -0.14576873237876967 -0.14576873237876967 -0.14576873237876967 -0.14576873237876967 -0.14576873237876967 -0.14576873237876967 -0.14576873237876967 -0.14576873237876967 -0.14576873237876967 -0.14576873237876967 -0.14576873237876967 -0.14576873237876967 -0.14576873237876967 -0.14576873237876967 -0.14576873237876967 -0.14576873237876967 -0.14576873237876967 -0.14576873237876967 -0.14576873237876967 -0.14576873237876967 -0.14576873237876967 -0.14576873237876967 -0.14576873237876967 -0.14576873237876967 -0.14576873237876967 -0.14576873237876967 -0.14576873237876967 -0.14576873237876967 -0.14576873237876967 -0.14576873237876967 -0.14576873237876967 -0.14576873237876967 -0.14576873237876967 -0.14576873237876967 -0.14576873237876967 -0.14576873237876967 -0.14576873237876967 -0.14576873237876967 -0.14576873237876967 -0.14576873237876967 -0.14576873237876967 -0.14576873237876967 -0.24549594132495206 -0.14576873237876967 -0.14576873237876967 -0.14576873237876967 -0.14576873237876967 -0.14576873237876967 -0.14576873237876967 -0.14576873237876967 -0.14576873237876967 -0.14576873237876967 -0.14576873237876967 -0.14576873237876967 -0.14576873237876967 -0.14576873237876967 -0.13493349044006586 -0.12960204680651732 -0.12190901523893742 -0.12190901523893742 -0.0820882152549233 -0.09868027573317253 -0.03281880387148894 -0.03281880387148894 -0.03281880387148894 -0.03883199429684344 -0.03883199429684344 -0.03928866302395971 -0.03281880387148894 -0.027831361676233755 -0.004454610170621243
-0.22713002994941628 -0.22713002994941628 -0.22713002994941628 -0.22713002994941628 -0.22713002994941628 -0.22713002994941628 -0.22713002994941628 -0.22713002994941628 -0.22713002994941628 -0.22713002994941628 -0.22713002994941628 -0.22713002994941628 -0.22713002994941628 -0.22713002994941628 -0.22713002994941628 -0.22713002994941628 -0.22713002994941628 -0.22713002994941628 -0.22713002994941628 -0.22713002994941628 -0.22713002994941628 -0.22713002994941628 -0.22713002994941628 -0.22713002994941628 -0.22713002994941628 -0.22713002994941628 -0.22713002994941628 -0.22713002994941628 -0.22713002994941628 -0.22713002994941628 -0.19888506729384528 -0.22713002994941628 -0.22713002994941628 -0.22713002994941628 -0.22713002994941628 -0.22713002994941628 -0.22713002994941628 -0.22713002994941628 -0.22713002994941628 -0.22713002994941628 -0.22713002994941628 -0.22713002994941628 -0.22713002994941628 -0.22713002994941628 -0.22713002994941628 -0.22713002994941628 -0.22713002994941628 -0.22713002994941628 -0.22713002994941628 -0.22713002994941628 -0.22713002994941628 -0.22713002994941628 -0.22713002994941628 -0.22713002994941628 -0.22713002994941628 -0.22713002994941628 -0.22713002994941628 -0.19888506729384528 -0.22713002994941628 -0.22713002994941628 -0.22713002994941628 -0.22713002994941628 -0.22713002994941628 -0.22713002994941628 -0.22713002994941628 -0.22713002994941628 -0.22713002994941628 -0.22713002994941628 -0.22713002994941628 -0.22713002994941628 -0.22713002994941628 -0.22713002994941628 -0.22713002994941628 -0.22713002994941628 -0.22713002994941628 -0.22713002994941628 -0.22713002994941628 -0.22713002994941628 -0.22713002994941628 -0.14576873237876967 -0.22713002994941628 -0.22713002994941628 -0.22713002994941628 -0.21409170335795727 -0.1995259280529714 -0.19736164869341716 -0.1821068647573436 -0.17614167262846486 -0.1739098427424842 -0.1627888159462234 -0.1627888159462234 -0.1627888159462234 -0.1627888159462234 -0.13493349044006586 -0.12960204680651732 -0.12190901523893742 -0.12190901523893742 -0.0820882152549233 -0.09868027573317253 -0.03281880387148894 -0.03281880387148894 -0.03281880387148894 -0.03883199429684344 -0.03883199429684344 -0.03928866302395971 -0.03281880387148894 -0.027831361676233755 -0.004454610170621243
-0.17614167262846486 -0.17614167262846486 -0.17614167262846486 -0.17614167262846486 -0.17614167262846486 -0.17614167262846486 -0.17614167262846486 -0.17614167262846486 -0.17614167262846486 -0.17614167262846486 -0.17614167262846486 -0.17614167262846486 -0.17614167262846486 -0.17614167262846486 -0.17614167262846486 -0.17614167262846486 -0.17614167262846486 -0.17614167262846486 -0.17614167262846486 -0.17614167262846486 -0.17614167262846486 -0.17614167262846486 -0.17614167262846486 -0.17614167262846486 -0.17614167262846486 -0.17614167262846486 -0.17614167262846486 -0.17614167262846486 -0.17614167262846486 -0.17614167262846486 -0.17614167262846486 -0.17614167262846486 -0.17614167262846486 -0.17614167262846486 -0.17614167262846486 -0.17614167262846486 -0.17614167262846486 -0.17614167262846486 -0.17614167262846486 -0.17614167262846486 -0.17614167262846486 -0.17614167262846486 -0.17614167262846486 -0.17614167262846486 -0.17614167262846486 -0.17614167262846486 -0.17614167262846486 -0.17614167262846486 -0.17614167262846486 -0.17614167262846486 -0.17614167262846486 -0.17614167262846486 -0.17614167262846486 -0.17614167262846486 -0.17614167262846486 -0.17614167262846486 -0.17614167262846486 -0.17614167262846486 -0.17614167262846486 -0.17614167262846486 -0.17614167262846486 -0.17614167262846486 -0.17614167262846486 -0.17614167262846486 -0.17614167262846486 -0.17614167262846486 -0.17614167262846486 -0.17614167262846486 -0.17614167262846486 -0.17614167262846486 -0.17614167262846486 -0.17614167262846486 -0.17614167262846486 -0.17614167262846486 -0.17614167262846486 -0.17614167262846486 -0.17614167262846486 -0.17614167262846486 -0.17614167262846486 -0.14576873237876967 -0.17614167262846486 -0.17614167262846486 -0.17614167262846486 -0.17614167262846486 -0.17614167262846486 -0.17614167262846486 -0.17614167262846486 -0.17614167262846486 -0.1739098427424842 -0.1627888159462234 -0.1627888159462234 -0.1627888159462234 -0.1627888159462234 -0.13493349044006586 -0.12960204680651732 -0.12190901523893742 -0.12190901523893742 -0.0820882152549233 -0.09868027573317253 -0.03281880387148894 -0.03281880387148894 -0.03281880387148894 -0.03883199429684344 -0.03883199429684344 -0.03928866302395971 -0.03281880387148894 -0.027831361676233755 -0.004454610170621243
-0.19736164869341716 -0.19736164869341716 -0.19736164869341716 -0.19736164869341716 -0.19736164869341716 -0.19736164869341716 -0.19736164869341716 -0.19736164869341716 -0.19736164869341716 -0.19736164869341716 -0.19736164869341716 -0.19736164869341716 -0.19736164869341716 -0.19736164869341716 -0.19736164869341716 -0.19736164869341716 -0.19736164869341716 -0.19736164869341716 -0.19736164869341716 -0.19736164869341716 -0.19736164869341716 -0.19736164869341716 -0.19736164869341716 -0.19736164869341716 -0.19736164869341716 -0.19736164869341716 -0.19736164869341716 -0.19736164869341716 -0.19736164869341716 -0.19736164869341716 -0.19736164869341716 -0.19736164869341716 -0.19736164869341716 -0.19736164869341716 -0.19736164869341716 -0.19736164869341716 -0.19736164869341716 -0.19736164869341716 -0.19736164869341716 -0.19736164869341716 -0.19736164869341716 -0.19736164869341716 -0.19736164869341716 -0.19736164869341716 -0.19736164869341716 -0.19736164869341716 -0.19736164869341716 -0.19736164869341716 -0.19736164869341716 -0.19736164869341716 -0.19736164869341716 -0.19736164869341716 -0.19736164869341716 -0.19736164869341716 -0.19736164869341716 -0.19736164869341716 -0.19736164869341716 -0.19736164869341716 -0.19736164869341716 -0.19736164869341716 -0.19736164869341716 -0.19736164869341716 -0.19736164869341716 -0.19736164869341716 -0.19736164869341716 -0.19736164869341716 -0.19736164869341716 -0.19736164869341716 -0.19736164869341716 -0.19736164869341716 -0.19736164869341716 -0.19736164869341716 -0.19736164869341716 -0.19736164869341716 -0.19736164869341716 -0.19736164869341716 -0.19736164869341716 -0.19736164869341716 -0.19736164869341716 -0.14576873237876967 -0.19736164869341716 -0.19736164869341716 -0.19736164869341716 -0.19736164869341716 -0.19736164869341716 -0.19736164869341716 -0.1821068647573436 -0.17614167262846486 -0.1739098427424842 -0.1627888159462234 -0.1627888159462234 -0.1627888159462234 -0.1627888159462234 -0.13493349044006586 -0.12960204680651732 -0.12190901523893742 -0.12190901523893742 -0.0820882152549233 -0.09868027573317253 -0.03281880387148894 -0.03281880387148894 -0.03281880387148894 -0.03883199429684344 -0.03883199429684344 -0.03928866302395971 -0.03281880387148894 -0.027831361676233755 -0.004454610170621243
-0.21409170335795727 -0.21409170335795727 -0.21409170335795727 -0.21409170335795727 -0.21409170335795727 -0.21409170335795727 -0.21409170335795727 -0.21409170335795727 -0.21409170335795727 -0.21409170335795727 -0.21409170335795727 -0.21409170335795727 -0.21409170335795727 -0.21409170335795727 -0.21409170335795727 -0.21409170335795727 -0.21409170335795727 -0.21409170335795727 -0.21409170335795727 -0.21409170335795727 -0.21409170335795727 -0.21409170335795727 -0.21409170335795727 -0.21409170335795727 -0.21409170335795727 -0.21409170335795727 -0.21409170335795727 -0.21409170335795727 -0.21409170335795727 -0.21409170335795727 -0.19888506729384528 -0.21409170335795727 -0.21409170335795727 -0.21409170335795727 -0.21409170335795727 -0.21409170335795727 -0.21409170335795727 -0.21409170335795727 -0.21409170335795727 -0.21409170335795727 -0.21409170335795727 -0.21409170335795727 -0.21409170335795727 -0.21409170335795727 -0.21409170335795727 -0.21409170335795727 -0.21409170335795727 -0.21409170335795727 -0.21409170335795727 -0.21409170335795727 -0.21409170335795727 -0.21409170335795727 -0.21409170335795727 -0.21409170335795727 -0.21409170335795727 -0.21409170335795727 -0.21409170335795727 -0.19888506729384528 -0.21409170335795727 -0.21409170335795727 -0.21409170335795727 -0.21409170335795727 -0.21409170335795727 -0.21409170335795727 -0.21409170335795727 -0.21409170335795727 -0.21409170335795727 -0.21409170335795727 -0.21409170335795727 -0.21409170335795727 -0.21409170335795727 -0.21409170335795727 -0.21409170335795727 -0.21409170335795727 -0.21409170335795727 -0.21409170335795727 -0.21409170335795727 -0.21409170335795727 -0.21409170335795727 -0.14576873237876967 -0.21409170335795727 -0.21409170335795727 -0.21409170335795727 -0.2230737573825625 -0.1995259280529714 -0.19736164869341716 -0.1821068647573436 -0.17614167262846486 -0.1739098427424842 -0.1627888159462234 -0.1627888159462234 -0.1627888159462234 -0.1627888159462234 -0.13493349044006586 -0.12960204680651732 -0.12190901523893742 -0.12190901523893742 -0.0820882152549233 -0.09868027573317253 -0.03281880387148894 -0.03281880387148894 -0.03281880387148894 -0.03883199429684344 -0.03883199429684344 -0.03928866302395971 -0.03281880387148894 -0.027831361676233755 -0.004454610170621243
-0.21762688035622685 -0.21762688035622685 -0.21762688035622685 -0.21762688035622685 -0.21762688035622685 -0.21762688035622685 -0.21762688035622685 -0.21762688035622685 -0.21762688035622685 -0.21762688035622685 -0.21762688035622685 -0.21762688035622685 -0.21762688035622685 -0.21762688035622685 -0.21762688035622685 -0.21762688035622685 -0.21762688035622685 -0.21762688035622685 -0.21762688035622685 -0.21762688035622685 -0.21762688035622685 -0.21762688035622685 -0.21762688035622685 -0.21762688035622685 -0.21762688035622685 -0.21762688035622685 -0.21762688035622685 -0.21762688035622685 -0.21762688035622685 -0.21762688035622685 -0.19888506729384528 -0.21762688035622685 -0.21762688035622685 -0.21762688035622685 -0.21762688035622685 -0.21762688035622685 -0.21762688035622685 -0.21762688035622685 -0.21762688035622685 -0.21762688035622685 -0.21762688035622685 -0.21762688035622685 -0.21762688035622685 -0.21762688035622685 -0.21762688035622685 -0.21762688035622685 -0.21762688035622685 -0.21762688035622685 -0.21762688035622685 -0.21762688035622685 -0.21762688035622685 -0.21762688035622685 -0.21762688035622685 -0.21762688035622685 -0.21762688035622685 -0.21762688035622685 -0.21762688035622685 -0.19888506729384528 -0.21762688035622685 -0.21762688035622685 -0.21762688035622685 -0.21762688035622685 -0.21762688035622685 -0.21762688035622685 -0.21762688035622685 -0.21762688035622685 -0.21762688035622685 -0.21762688035622685 -0.21762688035622685 -0.21762688035622685 -0.21762688035622685 -0.21762688035622685 -0.21762688035622685 -0.21762688035622685 -0.21762688035622685 -0.21762688035622685 -0.21762688035622685 -0.21762688035622685 -0.21762688035622685 -0.14576873237876967 -0.21762688035622685 -0.21762688035622685 -0.21762688035622685 -0.21409170335795727 -0.1995259280529714 -0.19736164869341716 -0.1821068647573436 -0.17614167262846486 -0.1739098427424842 -0.1627888159462234 -0.1627888159462234 -0.1627888159462234 -0.1627888159462234 -0.13493349044006586 -0.12960204680651732 -0.12190901523893742 -0.12190901523893742 -0.0820882152549233 -0.09868027573317253 -0.03281880387148894 -0.03281880387148894 -0.03281880387148894 -0.03883199429684344 -0.03883199429684344 -0.03928866302395971 -0.03281880387148894 -0.027831361676233755 -0.004454610170621243
-0.208944462585473 -0.208944462585473 -0.208944462585473 -0.208944462585473 -0.208944462585473 -0.208944462585473 -0.208944462585473 -0.208944462585473 -0.208944462585473 -0.208944462585473 -0.208944462585473 -0.208944462585473 -0.208944462585473 -0.208944462585473 -0.208944462585473 -0.208944462585473 -0.208944462585473 -0.208944462585473 -0.208944462585473 -0.208944462585473 -0.208944462585473 -0.208944462585473 -0.208944462585473 -0.208944462585473 -0.208944462585473 -0.208944462585473 -0.208944462585473 -0.208944462585473 -0.208944462585473 -0.208944462585473 -0.19888506729384528 -0.208944462585473 -0.208944462585473 -0.208944462585473 -0.208944462585473 -0.208944462585473 -0.208944462585473 -0.208944462585473 -0.208944462585473 -0.208944462585473 -0.208944462585473 -0.208944462585473 -0.208944462585473 -0.208944462585473 -0.208944462585473 -0.208944462585473 -0.208944462585473 -0.208944462585473 -0.208944462585473 -0.208944462585473 -0.208944462585473 -0.208944462585473 -0.208944462585473 -0.208944462585473 -0.208944462585473 -0.208944462585473 -0.208944462585473 -0.19888506729384528 -0.208944462585473 -0.208944462585473 -0.208944462585473 -0.208944462585473 -0.208944462585473 -0.208944462585473 -0.208944462585473 -0.208944462585473 -0.208944462585473 -0.208944462585473 -0.208944462585473 -0.208944462585473 -0.208944462585473 -0.208944462585473 -0.208944462585473 -0.208944462585473 -0.208944462585473 -0.208944462585473 -0.208944462585473 -0.208944462585473 -0.208944462585473 -0.14576873237876967 -0.208944462585473 -0.208944462585473 -0.208944462585473 -0.208944462585473 -0.1995259280529714 -0.19736164869341716 -0.1821068647573436 -0.17614167262846486 -0.1739098427424842 -0.1627888159462234 -0.1627888159462234 -0.1627888159462234 -0.1627888159462234 -0.13493349044006586 -0.12960204680651732 -0.12190901523893742 -0.12190901523893742 -0.0820882152549233 -0.09868027573317253 -0.03281880387148894 -0.03281880387148894 -0.03281880387148894 -0.03883199429684344 -0.03883199429684344 -0.03928866302395971 -0.03281880387148894 -0.027831361676233755 -0.004454610170621243
-0.2085353406314334 -0.2085353406314334 -0.2085353406314334 -0.2085353406314334 -0.2085353406314334 -0.2085353406314334 -0.2085353406314334 -0.2085353406314334 -0.2085353406314334 -0.2085353406314334 -0.2085353406314334 -0.2085353406314334 -0.2085353406314334 -0.2085353406314334 -0.2085353406314334 -0.2085353406314334 -0.2085353406314334 -0.2085353406314334 -0.2085353406314334 -0.2085353406314334 -0.2085353406314334 -0.2085353406314334 -0.2085353406314334 -0.2085353406314334 -0.2085353406314334 -0.2085353406314334 -0.2085353406314334 -0.2085353406314334 -0.2085353406314334 -0.2085353406314334 -0.19888506729384528 -0.2085353406314334 -0.2085353406314334 -0.2085353406314334 -0.2085353406314334 -0.2085353406314334 -0.2085353406314334 -0.2085353406314334 -0.2085353406314334 -0.2085353406314334 -0.2085353406314334 -0.2085353406314334 -0.2085353406314334 -0.2085353406314334 -0.2085353406314334 -0.2085353406314334 -0.2085353406314334 -0.2085353406314334 -0.2085353406314334 -0.2085353406314334 -0.2085353406314334 -0.2085353406314334 -0.2085353406314334 -0.2085353406314334 -0.2085353406314334 -0.2085353406314334 -0.2085353406314334 -0.19888506729384528 -0.2085353406314334 -0.2085353406314334 -0.2085353406314334 -0.2085353406314334 -0.2085353406314334 -0.2085353406314334 -0.2085353406314334 -0.2085353406314334 -0.2085353406314334 -0.2085353406314334 -0.2085353406314334 -0.2085353406314334 -0.2085353406314334 -0.2085353406314334 -0.2085353406314334 -0.2085353406314334 -0.2085353406314334 -0.2085353406314334 -0.2085353406314334 -0.2085353406314334 -0.2085353406314334 -0.14576873237876967 -0.2085353406314334 -0.2085353406314334 -0.2085353406314334 -0.2085353406314334 -0.1995259280529714 -0.19736164869341716 -0.1821068647573436 -0.17614167262846486 -0.1739098427424842 -0.1627888159462234 -0.1627888159462234 -0.1627888159462234 -0.1627888159462234 -0.13493349044006586 -0.12960204680651732 -0.12190901523893742 -0.12190901523893742 -0.0820882152549233 -0.09868027573317253 -0.03281880387148894 -0.03281880387148894 -0.03281880387148894 -0.03883199429684344 -0.03883199429684344 -0.03928866302395971 -0.03281880387148894 -0.027831361676233755 -0.004454610170621243
-0.2066739538550323 -0.2066739538550323 -0.2066739538550323 -0.2066739538550323 -0.2066739538550323 -0.2066739538550323 -0.2066739538550323 -0.2066739538550323 -0.2066739538550323 -0.2066739538550323 -0.2066739538550323 -0.2066739538550323 -0.2066739538550323 -0.2066739538550323 -0.2066739538550323 -0.2066739538550323 -0.2066739538550323 -0.2066739538550323 -0.2066739538550323 -0.2066739538550323 -0.2066739538550323 -0.2066739538550323 -0.2066739538550323 -0.2066739538550323 -0.2066739538550323 -0.2066739538550323 -0.2066739538550323 -0.2066739538550323 -0.2066739538550323 -0.2066739538550323 -0.19888506729384528 -0.2066739538550323 -0.2066739538550323 -0.2066739538550323 -0.2066739538550323 -0.2066739538550323 -0.2066739538550323 -0.2066739538550323 -0.2066739538550323 -0.2066739538550323 -0.2066739538550323 -0.2066739538550323 -0.2066739538550323 -0.2066739538550323 -0.2066739538550323 -0.2066739538550323 -0.2066739538550323 -0.2066739538550323 -0.2066739538550323 -0.2066739538550323 -0.2066739538550323 -0.2066739538550323 -0.2066739538550323 -0.2066739538550323 -0.2066739538550323 -0.2066739538550323 -0.2066739538550323 -0.19888506729384528 -0.2066739538550323 -0.2066739538550323 -0.2066739538550323 -0.2066739538550323 -0.2066739538550323 -0.2066739538550323 -0.2066739538550323 -0.2066739538550323 -0.2066739538550323 -0.2066739538550323 -0.2066739538550323 -0.2066739538550323 -0.2066739538550323 -0.2066739538550323 -0.2066739538550323 -0.2066739538550323 -0.2066739538550323 -0.2066739538550323 -0.2066739538550323 -0.2066739538550323 -0.2066739538550323 -0.14576873237876967 -0.2066739538550323 -0.2066739538550323 -0.2066739538550323 -0.2066739538550323 -0.1995259280529714 -0.19736164869341716 -0.1821068647573436 -0.17614167262846486 -0.1739098427424842 -0.1627888159462234 -0.1627888159462234 -0.1627888159462234 -0.1627888159462234 -0.13493349044006586 -0.12960204680651732 -0.12190901523893742 -0.12190901523893742 -0.0820882152549233 -0.09868027573317253 -0.03281880387148894 -0.03281880387148894 -0.03281880387148894 -0.03883199429684344 -0.03883199429684344 -0.03928866302395971 -0.03281880387148894 -0.027831361676233755 -0.004454610170621243
-0.18695683656828319 -0.18695683656828319 -0.18695683656828319 -0.18695683656828319 -0.18695683656828319 -0.18695683656828319 -0.18695683656828319 -0.18695683656828319 -0.18695683656828319 -0.18695683656828319 -0.18695683656828319 -0.18695683656828319 -0.18695683656828319 -0.18695683656828319 -0.18695683656828319 -0.18695683656828319 -0.18695683656828319 -0.18695683656828319 -0.18695683656828319 -0.18695683656828319 -0.18695683656828319 -0.18695683656828319 -0.18695683656828319 -0.18695683656828319 -0.18695683656828319 -0.18695683656828319 -0.18695683656828319 -0.18695683656828319 -0.18695683656828319 -0.18695683656828319 -0.18695683656828319 -0.18695683656828319 -0.18695683656828319 -0.18695683656828319 -0.18695683656828319 -0.18695683656828319 -0.18695683656828319 -0.18695683656828319 -0.18695683656828319 -0.18695683656828319 -0.18695683656828319 -0.18695683656828319 -0.18695683656828319 -0.18695683656828319 -0.18695683656828319 -0.18695683656828319 -0.18695683656828319 -0.18695683656828319 -0.18695683656828319 -0.18695683656828319 -0.18695683656828319 -0.18695683656828319 -0.18695683656828319 -0.18695683656828319 -0.18695683656828319 -0.18695683656828319 -0.18695683656828319 -0.18695683656828319 -0.18695683656828319 -0.18695683656828319 -0.18695683656828319 -0.18695683656828319 -0.18695683656828319 -0.18695683656828319 -0.18695683656828319 -0.18695683656828319 -0.18695683656828319 -0.18695683656828319 -0.18695683656828319 -0.18695683656828319 -0.18695683656828319 -0.18695683656828319 -0.18695683656828319 -0.18695683656828319 -0.18695683656828319 -0.18695683656828319 -0.18695683656828319 -0.18695683656828319 -0.18695683656828319 -0.14576873237876967 -0.18695683656828319 -0.18695683656828319 -0.18695683656828319 -0.18695683656828319 -0.18695683656828319 -0.18695683656828319 -0.1821068647573436 -0.17614167262846486 -0.1739098427424842 -0.1627888159462234 -0.1627888159462234 -0.1627888159462234 -0.1627888159462234 -0.13493349044006586 -0.12960204680651732 -0.12190901523893742 -0.12190901523893742 -0.0820882152549233 -0.09868027573317253 -0.03281880387148894 -0.03281880387148894 -0.03281880387148894 -0.03883199429684344 -0.03883199429684344 -0.03928866302395971 -0.03281880387148894 -0.027831361676233755 -0.004454610170621243
-0.12190901523893742 -0.12190901523893742 -0.12190901523893742 -0.12190901523893742 -0.12190901523893742 -0.12190901523893742 -0.12190901523893742 -0.12190901523893742 -0.12190901523893742 -0.12190901523893742 -0.12190901523893742 -0.12190901523893742 -0.12190901523893742 -0.12190901523893742 -0.12190901523893742 -0.12190901523893742 -0.12190901523893742 -0.12190901523893742 -0.12190901523893742 -0.12190901523893742 -0.12190901523893742 -0.12190901523893742 -0.12190901523893742 -0.12190901523893742 -0.12190901523893742 -0.12190901523893742 -0.12190901523893742 -0.12190901523893742 -0.12190901523893742 -0.12190901523893742 -0.12190901523893742 -0.12190901523893742 -0.12190901523893742 -0.12190901523893742 -0.12190901523893742 -0.12190901523893742 -0.12190901523893742 -0.12190901523893742 -0.12190901523893742 -0.12190901523893742 -0.12190901523893742 -0.12190901523893742 -0.12190901523893742 -0.12190901523893742 -0.12190901523893742 -0.12190901523893742 -0.12190901523893742 -0.12190901523893742 -0.12190901523893742 -0.12190901523893742 -0.12190901523893742 -0.12190901523893742 -0.12190901523893742 -0.12190901523893742 -0.12190901523893742 -0.12190901523893742 -0.12190901523893742 -0.12190901523893742 -0.12190901523893742 -0.12190901523893742 -0.12190901523893742 -0.12190901523893742 -0.12190901523893742 -0.12190901523893742 -0.12190901523893742 -0.12190901523893742 -0.12190901523893742 -0.12190901523893742 -0.12190901523893742 -0.12190901523893742 -0.12190901523893742 -0.12190901523893742 -0.12190901523893742 -0.12190901523893742 -0.12190901523893742 -0.12190901523893742 -0.12190901523893742 -0.12190901523893742 -0.12190901523893742 -0.12190901523893742 -0.12190901523893742 -0.12190901523893742 -0.12190901523893742 -0.12190901523893742 -0.12190901523893742 -0.12190901523893742 -0.12190901523893742 -0.12190901523893742 -0.12190901523893742 -0.12190901523893742 -0.12190901523893742 -0.12190901523893742 -0.12190901523893742 -0.12190901523893742 -0.12190901523893742 -0.12190901523893742 -0.12190901523893742 -0.0820882152549233 -0.09868027573317253 -0.03281880387148894 -0.03281880387148894 -0.03281880387148894 -0.03883199429684344 -0.03883199429684344 -0.03928866302395971 -0.03281880387148894 -0.027831361676233755 -0.004454610170621243
-0.16250896651943408 -0.16250896651943408 -0.16250896651943408 -0.16250896651943408 -0.16250896651943408 -0.16250896651943408 -0.16250896651943408 -0.16250896651943408 -0.16250896651943408 -0.16250896651943408 -0.16250896651943408 -0.16250896651943408 -0.16250896651943408 -0.16250896651943408 -0.16250896651943408 -0.16250896651943408 -0.16250896651943408 -0.16250896651943408 -0.16250896651943408 -0.16250896651943408 -0.16250896651943408 -0.16250896651943408 -0.16250896651943408 -0.16250896651943408 -0.16250896651943408 -0.16250896651943408 -0.16250896651943408 -0.16250896651943408 -0.16250896651943408 -0.16250896651943408 -0.16250896651943408 -0.16250896651943408 -0.16250896651943408 -0.16250896651943408 -0.16250896651943408 -0.16250896651943408 -0.16250896651943408 -0.16250896651943408 -0.16250896651943408 -0.16250896651943408 -0.16250896651943408 -0.16250896651943408 -0.16250896651943408 -0.16250896651943408 -0.16250896651943408 -0.16250896651943408 -0.16250896651943408 -0.16250896651943408 -0.16250896651943408 -0.16250896651943408 -0.16250896651943408 -0.16250896651943408 -0.16250896651943408 -0.16250896651943408 -0.16250896651943408 -0.16250896651943408 -0.16250896651943408 -0.16250896651943408 -0.16250896651943408 -0.16250896651943408 -0.16250896651943408 -0.16250896651943408 -0.16250896651943408 -0.16250896651943408 -0.16250896651943408 -0.16250896651943408 -0.16250896651943408 -0.16250896651943408 -0.16250896651943408 -0.16250896651943408 -0.16250896651943408 -0.16250896651943408 -0.16250896651943408 -0.16250896651943408 -0.16250896651943408 -0.16250896651943408 -0.16250896651943408 -0.16250896651943408 -0.16250896651943408 -0.14576873237876967 -0.16250896651943408 -0.16250896651943408 -0.16250896651943408 -0.16250896651943408 -0.16250896651943408 -0.16250896651943408 -0.16250896651943408 -0.16250896651943408 -0.16250896651943408 -0.16250896651943408 -0.16250896651943408 -0.16250896651943408 -0.16250896651943408 -0.13493349044006586 -0.12960204680651732 -0.12190901523893742 -0.12190901523893742 -0.0820882152549233 -0.09868027573317253 -0.03281880387148894 -0.03281880387148894 -0.03281880387148894 -0.03883199429684344 -0.03883199429684344 -0.03928866302395971 -0.03281880387148894 -0.027831361676233755 -0.004454610170621243
-0.15721310585349246 -0.15721310585349246 -0.15721310585349246 -0.15721310585349246 -0.15721310585349246 -0.15721310585349246 -0.15721310585349246 -0.15721310585349246 -0.15721310585349246 -0.15721310585349246 -0.15721310585349246 -0.15721310585349246 -0.15721310585349246 -0.15721310585349246 -0.15721310585349246 -0.15721310585349246 -0.15721310585349246 -0.15721310585349246 -0.15721310585349246 -0.15721310585349246 -0.15721310585349246 -0.15721310585349246 -0.15721310585349246 -0.15721310585349246 -0.15721310585349246 -0.15721310585349246 -0.15721310585349246 -0.15721310585349246 -0.15721310585349246 -0.15721310585349246 -0.15721310585349246 -0.15721310585349246 -0.15721310585349246 -0.15721310585349246 -0.15721310585349246 -0.15721310585349246 -0.15721310585349246 -0.15721310585349246 -0.15721310585349246 -0.15721310585349246 -0.15721310585349246 -0.15721310585349246 -0.15721310585349246 -0.15721310585349246 -0.15721310585349246 -0.15721310585349246 -0.15721310585349246 -0.15721310585349246 -0.15721310585349246 -0.15721310585349246 -0.15721310585349246 -0.15721310585349246 -0.15721310585349246 -0.15721310585349246 -0.15721310585349246 -0.15721310585349246 -0.15721310585349246 -0.15721310585349246 -0.15721310585349246 -0.15721310585349246 -0.15721310585349246 -0.15721310585349246 -0.15721310585349246 -0.15721310585349246 -0.15721310585349246 -0.15721310585349246 -0.15721310585349246 -0.15721310585349246 -0.15721310585349246 -0.15721310585349246 -0.15721310585349246 -0.15721310585349246 -0.15721310585349246 -0.15721310585349246 -0.15721310585349246 -0.15721310585349246 -0.15721310585349246 -0.15721310585349246 -0.15721310585349246 -0.14576873237876967 -0.15721310585349246 -0.15721310585349246 -0.15721310585349246 -0.15721310585349246 -0.15721310585349246 -0.15721310585349246 -0.15721310585349246 -0.15721310585349246 -0.15721310585349246 -0.15721310585349246 -0.15721310585349246 -0.15721310585349246 -0.15721310585349246 -0.13493349044006586 -0.12960204680651732 -0.12190901523893742 -0.12190901523893742 -0.0820882152549233 -0.09868027573317253 -0.03281880387148894 -0.03281880387148894 -0.03281880387148894 -0.03883199429684344 -0.03883199429684344 -0.03928866302395971 -0.03281880387148894 -0.027831361676233755 -0.004454610170621243
-0.15569988054133374 -0.15569988054133374 -0.15569988054133374 -0.15569988054133374 -0.15569988054133374 -0.15569988054133374 -0.15569988054133374 -0.15569988054133374 -0.15569988054133374 -0.15569988054133374 -0.15569988054133374 -0.15569988054133374 -0.15569988054133374 -0.15569988054133374 -0.15569988054133374 -0.15569988054133374 -0.15569988054133374 -0.15569988054133374 -0.15569988054133374 -0.15569988054133374 -0.15569988054133374 -0.15569988054133374 -0.15569988054133374 -0.15569988054133374 -0.15569988054133374 -0.15569988054133374 -0.15569988054133374 -0.15569988054133374 -0.15569988054133374 -0.15569988054133374 -0.15569988054133374 -0.15569988054133374 -0.15569988054133374 -0.15569988054133374 -0.15569988054133374 -0.15569988054133374 -0.15569988054133374 -0.15569988054133374 -0.15569988054133374 -0.15569988054133374 -0.15569988054133374 -0.15569988054133374 -0.15569988054133374 -0.15569988054133374 -0.15569988054133374 -0.15569988054133374 -0.15569988054133374 -0.15569988054133374 -0.15569988054133374 -0.15569988054133374 -0.15569988054133374 -0.15569988054133374 -0.15569988054133374 -0.15569988054133374 -0.15569988054133374 -0.15569988054133374 -0.15569988054133374 -0.15569988054133374 -0.15569988054133374 -0.15569988054133374 -0.15569988054133374 -0.15569988054133374 -0.15569988054133374 -0.15569988054133374 -0.15569988054133374 -0.15569988054133374 -0.15569988054133374 -0.15569988054133374 -0.15569988054133374 -0.15569988054133374 -0.15569988054133374 -0.15569988054133374 -0.15569988054133374 -0.15569988054133374 -0.15569988054133374 -0.15569988054133374 -0.15569988054133374 -0.15569988054133374 -0.15569988054133374 -0.14576873237876967 -0.15569988054133374 -0.15569988054133374 -0.15569988054133374 -0.15569988054133374 -0.15569988054133374 -0.15569988054133374 -0.15569988054133374 -0.15569988054133374 -0.15569988054133374 -0.15569988054133374 -0.15569988054133374 -0.15569988054133374 -0.15569988054133374 -0.13493349044006586 -0.12960204680651732 -0.12190901523893742 -0.12190901523893742 -0.0820882152549233 -0.09868027573317253 -0.03281880387148894 -0.03281880387148894 -0.03281880387148894 -0.03883199429684344 -0.03883199429684344 -0.03928866302395971 -0.03281880387148894 -0.027831361676233755 -0.004454610170621243
-0.15228492731225032 -0.15228492731225032 -0.15228492731225032 -0.15228492731225032 -0.15228492731225032 -0.15228492731225032 -0.15228492731225032 -0.15228492731225032 -0.15228492731225032 -0.15228492731225032 -0.15228492731225032 -0.15228492731225032 -0.15228492731225032 -0.15228492731225032 -0.15228492731225032 -0.15228492731225032 -0.15228492731225032 -0.15228492731225032 -0.15228492731225032 -0.15228492731225032 -0.15228492731225032 -0.15228492731225032 -0.15228492731225032 -0.15228492731225032 -0.15228492731225032 -0.15228492731225032 -0.15228492731225032 -0.15228492731225032 -0.15228492731225032 -0.15228492731225032 -0.15228492731225032 -0.15228492731225032 -0.15228492731225032 -0.15228492731225032 -0.15228492731225032 -0.15228492731225032 -0.15228492731225032 -0.15228492731225032 -0.15228492731225032 -0.15228492731225032 -0.15228492731225032 -0.15228492731225032 -0.15228492731225032 -0.15228492731225032 -0.15228492731225032 -0.15228492731225032 -0.15228492731225032 -0.15228492731225032 -0.15228492731225032 -0.15228492731225032 -0.15228492731225032 -0.15228492731225032 -0.15228492731225032 -0.15228492731225032 -0.15228492731225032 -0.15228492731225032 -0.15228492731225032 -0.15228492731225032 -0.15228492731225032 -0.15228492731225032 -0.15228492731225032 -0.15228492731225032 -0.15228492731225032 -0.15228492731225032 -0.15228492731225032 -0.15228492731225032 -0.15228492731225032 -0.15228492731225032 -0.15228492731225032 -0.15228492731225032 -0.15228492731225032 -0.15228492731225032 -0.15228492731225032 -0.15228492731225032 -0.15228492731225032 -0.15228492731225032 -0.15228492731225032 -0.15228492731225032 -0.15228492731225032 -0.14576873237876967 -0.15228492731225032 -0.15228492731225032 -0.15228492731225032 -0.15228492731225032 -0.15228492731225032 -0.15228492731225032 -0.15228492731225032 -0.15228492731225032 -0.15228492731225032 -0.15228492731225032 -0.15228492731225032 -0.15228492731225032 -0.15228492731225032 -0.13493349044006586 -0.12960204680651732 -0.12190901523893742 -0.12190901523893742 -0.0820882152549233 -0.09868027573317253 -0.03281880387148894 -0.03281880387148894 -0.03281880387148894 -0.03883199429684344 -0.03883199429684344 -0.03928866302395971 -0.03281880387148894 -0.027831361676233755 -0.004454610170621243
-0.13071819986332756 -0.13071819986332756 -0.13071819986332756 -0.13071819986332756 -0.13071819986332756 -0.13071819986332756 -0.13071819986332756 -0.13071819986332756 -0.13071819986332756 -0.13071819986332756 -0.13071819986332756 -0.13071819986332756 -0.13071819986332756 -0.13071819986332756 -0.13071819986332756 -0.13071819986332756 -0.13071819986332756 -0.13071819986332756 -0.13071819986332756 -0.13071819986332756 -0.13071819986332756 -0.13071819986332756 -0.13071819986332756 -0.13071819986332756 -0.13071819986332756 -0.13071819986332756 -0.13071819986332756 -0.13071819986332756 -0.13071819986332756 -0.13071819986332756 -0.13071819986332756 -0.13071819986332756 -0.13071819986332756 -0.13071819986332756 -0.13071819986332756 -0.13071819986332756 -0.13071819986332756 -0.13071819986332756 -0.13071819986332756 -0.13071819986332756 -0.13071819986332756 -0.13071819986332756 -0.13071819986332756 -0.13071819986332756 -0.13071819986332756 -0.13071819986332756 -0.13071819986332756 -0.13071819986332756 -0.13071819986332756 -0.13071819986332756 -0.13071819986332756 -0.13071819986332756 -0.13071819986332756 -0.13071819986332756 -0.13071819986332756 -0.13071819986332756 -0.13071819986332756 -0.13071819986332756 -0.13071819986332756 -0.13071819986332756 -0.13071819986332756 -0.13071819986332756 -0.13071819986332756 -0.13071819986332756 -0.13071819986332756 -0.13071819986332756 -0.13071819986332756 -0.13071819986332756 -0.13071819986332756 -0.13071819986332756 -0.13071819986332756 -0.13071819986332756 -0.13071819986332756 -0.13071819986332756 -0.13071819986332756 -0.13071819986332756 -0.13071819986332756 -0.13071819986332756 -0.13071819986332756 -0.13071819986332756 -0.13071819986332756 -0.13071819986332756 -0.13071819986332756 -0.13071819986332756 -0.13071819986332756 -0.13071819986332756 -0.13071819986332756 -0.13071819986332756 -0.13071819986332756 -0.13071819986332756 -0.13071819986332756 -0.13071819986332756 -0.13071819986332756 -0.13071819986332756 -0.12960204680651732 -0.12190901523893742 -0.12190901523893742 -0.0820882152549233 -0.09868027573317253 -0.03281880387148894 -0.03281880387148894 -0.03281880387148894 -0.03883199429684344 -0.03883199429684344 -0.03928866302395971 -0.03281880387148894 -0.027831361676233755 -0.004454610170621243
-0.03883199429684344 -0.03883199429684344 -0.03883199429684344 -0.03883199429684344 -0.03883199429684344 -0.03883199429684344 -0.03883199429684344 -0.03883199429684344 -0.03883199429684344 -0.03883199429684344 -0.03883199429684344 -0.03883199429684344 -0.03883199429684344 -0.03883199429684344 -0.03883199429684344 -0.03883199429684344 -0.03883199429684344 -0.03883199429684344 -0.03883199429684344 -0.03883199429684344 -0.03883199429684344 -0.03883199429684344 -0.03883199429684344 -0.03883199429684344 -0.03883199429684344 -0.03883199429684344 -0.03883199429684344 -0.03883199429684344 -0.03883199429684344 -0.03883199429684344 -0.03883199429684344 -0.03883199429684344 -0.03883199429684344 -0.03883199429684344 -0.03883199429684344 -0.03883199429684344 -0.03883199429684344 -0.03883199429684344 -0.03883199429684344 -0.03883199429684344 -0.03883199429684344 -0.03883199429684344 -0.03883199429684344 -0.03883199429684344 -0.03883199429684344 -0.03883199429684344 -0.03883199429684344 -0.03883199429684344 -0.03883199429684344 -0.03883199429684344 -0.03883199429684344 -0.03883199429684344 -0.03883199429684344 -0.03883199429684344 -0.03883199429684344 -0.03883199429684344 -0.03883199429684344 -0.03883199429684344 -0.03883199429684344 -0.03883199429684344 -0.03883199429684344 -0.03883199429684344 -0.03883199429684344 -0.03883199429684344 -0.03883199429684344 -0.03883199429684344 -0.03883199429684344 -0.03883199429684344 -0.03883199429684344 -0.03883199429684344 -0.03883199429684344 -0.03883199429684344 -0.03883199429684344 -0.03883199429684344 -0.03883199429684344 -0.03883199429684344 -0.03883199429684344 -0.03883199429684344 -0.03883199429684344 -0.03883199429684344 -0.03883199429684344 -0.03883199429684344 -0.03883199429684344 -0.03883199429684344 -0.03883199429684344 -0.03883199429684344 -0.03883199429684344 -0.03883199429684344 -0.03883199429684344 -0.03883199429684344 -0.03883199429684344 -0.03883199429684344 -0.03883199429684344 -0.03883199429684344 -0.03883199429684344 -0.03883199429684344 -0.03883199429684344 -0.03883199429684344 -0.03883199429684344 -0.03281880387148894 -0.03281880387148894 -0.03281880387148894 -0.03883199429684344 -0.03883199429684344 -0.03883199429684344 -0.03281880387148894 -0.027831361676233755 -0.004454610170621243
-0.10482758910161555 -0.10482758910161555 -0.10482758910161555 -0.10482758910161555 -0.10482758910161555 -0.10482758910161555 -0.10482758910161555 -0.10482758910161555 -0.10482758910161555 -0.10482758910161555 -0.10482758910161555 -0.10482758910161555 -0.10482758910161555 -0.10482758910161555 -0.10482758910161555 -0.10482758910161555 -0.10482758910161555 -0.10482758910161555 -0.10482758910161555 -0.10482758910161555 -0.10482758910161555 -0.10482758910161555 -0.10482758910161555 -0.10482758910161555 -0.10482758910161555 -0.10482758910161555 -0.10482758910161555 -0.10482758910161555 -0.10482758910161555 -0.10482758910161555 -0.10482758910161555 -0.10482758910161555 -0.10482758910161555 -0.10482758910161555 -0.10482758910161555 -0.10482758910161555 -0.10482758910161555 -0.10482758910161555 -0.10482758910161555 -0.10482758910161555 -0.10482758910161555 -0.10482758910161555 -0.10482758910161555 -0.10482758910161555 -0.10482758910161555 -0.10482758910161555 -0.10482758910161555 -0.10482758910161555 -0.10482758910161555 -0.10482758910161555 -0.10482758910161555 -0.10482758910161555 -0.10482758910161555 -0.10482758910161555 -0.10482758910161555 -0.10482758910161555 -0.10482758910161555 -0.10482758910161555 -0.10482758910161555 -0.10482758910161555 -0.10482758910161555 -0.10482758910161555 -0.10482758910161555 -0.10482758910161555 -0.10482758910161555 -0.10482758910161555 -0.10482758910161555 -0.10482758910161555 -0.10482758910161555 -0.10482758910161555 -0.10482758910161555 -0.10482758910161555 -0.10482758910161555 -0.10482758910161555 -0.10482758910161555 -0.10482758910161555 -0.10482758910161555 -0.10482758910161555 -0.10482758910161555 -0.10482758910161555 -0.10482758910161555 -0.10482758910161555 -0.10482758910161555 -0.10482758910161555 -0.10482758910161555 -0.10482758910161555 -0.10482758910161555 -0.10482758910161555 -0.10482758910161555 -0.10482758910161555 -0.10482758910161555 -0.10482758910161555 -0.10482758910161555 -0.10482758910161555 -0.10482758910161555 -0.10482758910161555 -0.10482758910161555 -0.0820882152549233 -0.09868027573317253 -0.03281880387148894 -0.03281880387148894 -0.03281880387148894 -0.03883199429684344 -0.03883199429684344 -0.03928866302395971 -0.03281880387148894 -0.027831361676233755 -0.004454610170621243
-0.06056129673649381 -0.06056129673649381 -0.06056129673649381 -0.06056129673649381 -0.06056129673649381 -0.06056129673649381 -0.06056129673649381 -0.06056129673649381 -0.06056129673649381 -0.06056129673649381 -0.06056129673649381 -0.06056129673649381 -0.06056129673649381 -0.06056129673649381 -0.06056129673649381 -0.06056129673649381 -0.06056129673649381 -0.06056129673649381 -0.06056129673649381 -0.06056129673649381 -0.06056129673649381 -0.06056129673649381 -0.06056129673649381 -0.06056129673649381 -0.06056129673649381 -0.06056129673649381 -0.06056129673649381 -0.06056129673649381 -0.06056129673649381 -0.06056129673649381 -0.06056129673649381 -0.06056129673649381 -0.06056129673649381 -0.06056129673649381 -0.06056129673649381 -0.06056129673649381 -0.06056129673649381 -0.06056129673649381 -0.06056129673649381 -0.06056129673649381 -0.06056129673649381 -0.06056129673649381 -0.06056129673649381 -0.06056129673649381 -0.06056129673649381 -0.06056129673649381 -0.06056129673649381 -0.06056129673649381 -0.06056129673649381 -0.06056129673649381 -0.06056129673649381 -0.06056129673649381 -0.06056129673649381 -0.06056129673649381 -0.06056129673649381 -0.06056129673649381 -0.06056129673649381 -0.06056129673649381 -0.06056129673649381 -0.06056129673649381 -0.06056129673649381 -0.06056129673649381 -0.06056129673649381 -0.06056129673649381 -0.06056129673649381 -0.06056129673649381 -0.06056129673649381 -0.06056129673649381 -0.06056129673649381 -0.06056129673649381 -0.06056129673649381 -0.06056129673649381 -0.06056129673649381 -0.06056129673649381 -0.06056129673649381 -0.06056129673649381 -0.06056129673649381 -0.06056129673649381 -0.06056129673649381 -0.06056129673649381 -0.06056129673649381 -0.06056129673649381 -0.06056129673649381 -0.06056129673649381 -0.06056129673649381 -0.06056129673649381 -0.06056129673649381 -0.06056129673649381 -0.06056129673649381 -0.06056129673649381 -0.06056129673649381 -0.06056129673649381 -0.06056129673649381 -0.06056129673649381 -0.06056129673649381 -0.06056129673649381 -0.06056129673649381 -0.06056129673649381 -0.06056129673649381 -0.03281880387148894 -0.03281880387148894 -0.03281880387148894 -0.03883199429684344 -0.03883199429684344 -0.03928866302395971 -0.03281880387148894 -0.027831361676233755 -0.004454610170621243
-0.05442033977323419 -0.05442033977323419 -0.05442033977323419 -0.05442033977323419 -0.05442033977323419 -0.05442033977323419 -0.05442033977323419 -0.05442033977323419 -0.05442033977323419 -0.05442033977323419 -0.05442033977323419 -0.05442033977323419 -0.05442033977323419 -0.05442033977323419 -0.05442033977323419 -0.05442033977323419 -0.05442033977323419 -0.05442033977323419 -0.05442033977323419 -0.05442033977323419 -0.05442033977323419 -0.05442033977323419 -0.05442033977323419 -0.05442033977323419 -0.05442033977323419 -0.05442033977323419 -0.05442033977323419 -0.05442033977323419 -0.05442033977323419 -0.05442033977323419 -0.05442033977323419 -0.05442033977323419 -0.05442033977323419 -0.05442033977323419 -0.05442033977323419 -0.05442033977323419 -0.05442033977323419 -0.05442033977323419 -0.05442033977323419 -0.05442033977323419 -0.05442033977323419 -0.05442033977323419 -0.05442033977323419 -0.05442033977323419 -0.05442033977323419 -0.05442033977323419 -0.05442033977323419 -0.05442033977323419 -0.05442033977323419 -0.05442033977323419 -0.05442033977323419 -0.05442033977323419 -0.05442033977323419 -0.05442033977323419 -0.05442033977323419 -0.05442033977323419 -0.05442033977323419 -0.05442033977323419 -0.05442033977323419 -0.05442033977323419 -0.05442033977323419 -0.05442033977323419 -0.05442033977323419 -0.05442033977323419 -0.05442033977323419 -0.05442033977323419 -0.05442033977323419 -0.05442033977323419 -0.05442033977323419 -0.05442033977323419 -0.05442033977323419 -0.05442033977323419 -0.05442033977323419 -0.05442033977323419 -0.05442033977323419 -0.05442033977323419 -0.05442033977323419 -0.05442033977323419 -0.05442033977323419 -0.05442033977323419 -0.05442033977323419 -0.05442033977323419 -0.05442033977323419 -0.05442033977323419 -0.05442033977323419 -0.05442033977323419 -0.05442033977323419 -0.05442033977323419 -0.05442033977323419 -0.05442033977323419 -0.05442033977323419 -0.05442033977323419 -0.05442033977323419 -0.05442033977323419 -0.05442033977323419 -0.05442033977323419 -0.05442033977323419 -0.05442033977323419 -0.05442033977323419 -0.03281880387148894 -0.03281880387148894 -0.03281880387148894 -0.03883199429684344 -0.03883199429684344 -0.03928866302395971 -0.03281880387148894 -0.027831361676233755 -0.004454610170621243
-0.030588334922563156 -0.030588334922563156 -0.030588334922563156 -0.030588334922563156 -0.030588334922563156 -0.030588334922563156 -0.030588334922563156 -0.030588334922563156 -0.030588334922563156 -0.030588334922563156 -0.030588334922563156 -0.030588334922563156 -0.030588334922563156 -0.030588334922563156 -0.030588334922563156 -0.030588334922563156 -0.030588334922563156 -0.030588334922563156 -0.030588334922563156 -0.030588334922563156 -0.030588334922563156 -0.030588334922563156 -0.030588334922563156 -0.030588334922563156 -0.030588334922563156 -0.030588334922563156 -0.030588334922563156 -0.030588334922563156 -0.030588334922563156 -0.030588334922563156 -0.030588334922563156 -0.030588334922563156 -0.030588334922563156 -0.030588334922563156 -0.030588334922563156 -0.030588334922563156 -0.030588334922563156 -0.030588334922563156 -0.030588334922563156 -0.030588334922563156 -0.030588334922563156 -0.030588334922563156 -0.030588334922563156 -0.030588334922563156 -0.030588334922563156 -0.030588334922563156 -0.030588334922563156 -0.030588334922563156 -0.030588334922563156 -0.030588334922563156 -0.030588334922563156 -0.030588334922563156 -0.030588334922563156 -0.030588334922563156 -0.030588334922563156 -0.030588334922563156 -0.030588334922563156 -0.030588334922563156 -0.030588334922563156 -0.030588334922563156 -0.030588334922563156 -0.030588334922563156 -0.030588334922563156 -0.030588334922563156 -0.030588334922563156 -0.030588334922563156 -0.030588334922563156 -0.030588334922563156 -0.030588334922563156 -0.030588334922563156 -0.030588334922563156 -0.030588334922563156 -0.030588334922563156 -0.030588334922563156 -0.030588334922563156 -0.030588334922563156 -0.030588334922563156 -0.030588334922563156 -0.030588334922563156 -0.030588334922563156 -0.030588334922563156 -0.030588334922563156 -0.030588334922563156 -0.030588334922563156 -0.030588334922563156 -0.030588334922563156 -0.030588334922563156 -0.030588334922563156 -0.030588334922563156 -0.030588334922563156 -0.030588334922563156 -0.030588334922563156 -0.030588334922563156 -0.030588334922563156 -0.030588334922563156 -0.030588334922563156 -0.030588334922563156 -0.030588334922563156 -0.030588334922563156 -0.030588334922563156 -0.030588334922563156 -0.030588334922563156 -0.030588334922563156 -0.030588334922563156 -0.030588334922563156 -0.030588334922563156 -0.027831361676233755 -0.004454610170621243