-0.41450045425379445 -0.41450045425379445 -0.41450045425379445 -0.7845814305266143 -0.41450045425379445 -0.7480710335098144 -0.6084192429066343 -0.2910168055812731 -0.41450045425379445 -0.6084192429066343 -0.6084192429066343 -0.7282229653513163 -0.41450045425379445 -0.41450045425379445 -0.666688553229345 -0.6084192429066343 -0.6084192429066343 -0.6544063630926532 -0.6084192429066343 -0.6043178013879441 -0.2910168055812731 -0.2005393845616727 -0.41450045425379445 -0.2910168055812731 -0.41450045425379445 -0.2910168055812731 -0.3855278509758527 -0.3855278509758527 -0.5460282046969286 -0.3855278509758527 -0.3855278509758527 -0.3335858794089664 -0.41450045425379445 -0.41450045425379445 -0.41450045425379445 -0.2379316545252044 -0.2005393845616727 -0.22756876362612646 -0.22830552679999425 -0.22756876362612646 -0.22830552679999425 -0.2910168055812731 -0.22756876362612646 -0.22830552679999425 -0.3855278509758527 -0.40113588493881985 -0.22830552679999425 -0.22756876362612646 -0.3855278509758527 -0.22756876362612646 -0.3639821370395035 -0.2616721643858613 -0.22756876362612646 -0.2910168055812731 -0.22830552679999425 -0.2616721643858613 -0.2616721643858613 -0.2379316545252044 -0.3190683313127569 -0.3190683313127569 -0.30461898934677667 -0.2844810867792142 -0.2844810867792142 -0.27682091413269405 -0.286638305034479 -0.2379316545252044 -0.23251960119023826 -0.2650774288769177 -0.22756876362612646 -0.2007912125120053 -0.2007912125120053 -0.23238513259262944 -0.22780709186736678 -0.22700491554332977 -0.21312036081183913 -0.21762688035622685 -0.20069419707525465 -0.2085353406314334 -0.20069419707525465 -0.1650964828798623 -0.172343789395648 -0.15637280172162352 -0.15637280172162352 -0.15532095637140594 -0.15175214921103813 -0.13044321571823875 -0.10771662051631004 -0.10411635093135119 -0.06026619814920979 -0.0414997747203133 -0.01202090482311622
-0.41450045425379445 -0.41450045425379445 -0.41450045425379445 -0.7845814305266143 -0.41450045425379445 -0.7480710335098144 -0.6084192429066343 -0.2910168055812731 -0.41450045425379445 -0.6084192429066343 -0.6084192429066343 -0.7282229653513163 -0.41450045425379445 -0.41450045425379445 -0.666688553229345 -0.6084192429066343 -0.6084192429066343 -0.6544063630926532 -0.6084192429066343 -0.6043178013879441 -0.2910168055812731 -0.2005393845616727 -0.41450045425379445 -0.2910168055812731 -0.41450045425379445 -0.2910168055812731 -0.3855278509758527 -0.3855278509758527 -0.5460282046969286 -0.3855278509758527 -0.3855278509758527 -0.3335858794089664 -0.41450045425379445 -0.41450045425379445 -0.41450045425379445 -0.2379316545252044 -0.2005393845616727 -0.22756876362612646 -0.22830552679999425 -0.22756876362612646 -0.22830552679999425 -0.2910168055812731 -0.22756876362612646 -0.22830552679999425 -0.3855278509758527 -0.40113588493881985 -0.22830552679999425 -0.22756876362612646 -0.3855278509758527 -0.22756876362612646 -0.3639821370395035 -0.2616721643858613 -0.22756876362612646 -0.2910168055812731 -0.22830552679999425 -0.2616721643858613 -0.2616721643858613 -0.2379316545252044 -0.3190683313127569 -0.3190683313127569 -0.30461898934677667 -0.2844810867792142 -0.2844810867792142 -0.27682091413269405 -0.286638305034479 -0.2379316545252044 -0.23251960119023826 -0.2650774288769177 -0.22756876362612646 -0.2007912125120053 -0.2007912125120053 -0.23238513259262944 -0.22780709186736678 -0.22700491554332977 -0.21312036081183913 -0.21762688035622685 -0.20069419707525465 -0.2085353406314334 -0.20069419707525465 -0.1650964828798623 -0.172343789395648 -0.15637280172162352 -0.15637280172162352 -0.15532095637140594 -0.15175214921103813 -0.13044321571823875 -0.10771662051631004 -0.10411635093135119 -0.06026619814920979 -0.0414997747203133 -0.01202090482311622
-0.41450045425379445 -0.41450045425379445 -0.41450045425379445 -0.7845814305266143 -0.41450045425379445 -0.7480710335098144 -0.6084192429066343 -0.2910168055812731 -0.41450045425379445 -0.6084192429066343 -0.6084192429066343 -0.7282229653513163 -0.41450045425379445 -0.41450045425379445 -0.666688553229345 -0.6084192429066343 -0.6084192429066343 -0.6544063630926532 -0.6084192429066343 -0.6043178013879441 -0.2910168055812731 -0.2005393845616727 -0.41450045425379445 -0.2910168055812731 -0.41450045425379445 -0.2910168055812731 -0.3855278509758527 -0.3855278509758527 -0.5460282046969286 -0.3855278509758527 -0.3855278509758527 -0.3335858794089664 -0.41450045425379445 -0.41450045425379445 -0.41450045425379445 -0.2379316545252044 -0.2005393845616727 -0.22756876362612646 -0.22830552679999425 -0.22756876362612646 -0.22830552679999425 -0.2910168055812731 -0.22756876362612646 -0.22830552679999425 -0.3855278509758527 -0.40113588493881985 -0.22830552679999425 -0.22756876362612646 -0.3855278509758527 -0.22756876362612646 -0.3639821370395035 -0.2616721643858613 -0.22756876362612646 -0.2910168055812731 -0.22830552679999425 -0.2616721643858613 -0.2616721643858613 -0.2379316545252044 -0.3190683313127569 -0.3190683313127569 -0.30461898934677667 -0.2844810867792142 -0.2844810867792142 -0.27682091413269405 -0.286638305034479 -0.2379316545252044 -0.23251960119023826 -0.2650774288769177 -0.22756876362612646 -0.2007912125120053 -0.2007912125120053 -0.23238513259262944 -0.22780709186736678 -0.22700491554332977 -0.21312036081183913 -0.21762688035622685 -0.20069419707525465 -0.2085353406314334 -0.20069419707525465 -0.1650964828798623 -0.172343789395648 -0.15637280172162352 -0.15637280172162352 -0.15532095637140594 -0.15175214921103813 -0.13044321571823875 -0.10771662051631004 -0.10411635093135119 -0.06026619814920979 -0.0414997747203133 -0.01202090482311622
-0.48361167509000863 -0.7932141110532245 -0.7932141110532245 -0.41450045425379445 -0.48361167509000863 -0.41450045425379445 -0.41450045425379445 -0.2910168055812731 -0.48361167509000863 -0.41450045425379445 -0.41450045425379445 -0.41450045425379445 -0.4743313807448775 -0.48361167509000863 -0.41450045425379445 -0.41450045425379445 -0.41450045425379445 -0.41450045425379445 -0.41450045425379445 -0.41450045425379445 -0.2910168055812731 -0.2005393845616727 -0.4743313807448775 -0.2910168055812731 -0.4739689395098807 -0.2910168055812731 -0.3855278509758527 -0.3855278509758527 -0.41450045425379445 -0.3855278509758527 -0.3855278509758527 -0.3335858794089664 -0.48361167509000863 -0.48361167509000863 -0.42229695704406345 -0.2379316545252044 -0.2005393845616727 -0.22756876362612646 -0.22830552679999425 -0.22756876362612646 -0.22830552679999425 -0.2910168055812731 -0.22756876362612646 -0.22830552679999425 -0.3855278509758527 -0.40113588493881985 -0.22830552679999425 -0.22756876362612646 -0.3855278509758527 -0.22756876362612646 -0.3639821370395035 -0.2616721643858613 -0.22756876362612646 -0.2910168055812731 -0.22830552679999425 -0.2616721643858613 -0.2616721643858613 -0.2379316545252044 -0.3190683313127569 -0.3190683313127569 -0.30461898934677667 -0.2844810867792142 -0.2844810867792142 -0.27682091413269405 -0.286638305034479 -0.2379316545252044 -0.23251960119023826 -0.2650774288769177 -0.22756876362612646 -0.2007912125120053 -0.2007912125120053 -0.23238513259262944 -0.22780709186736678 -0.22700491554332977 -0.21312036081183913 -0.21490860856096677 -0.20069419707525465 -0.20638379212317884 -0.20069419707525465 -0.1650964828798623 -0.172343789395648 -0.15637280172162352 -0.15637280172162352 -0.15532095637140594 -0.15175214921103813 -0.13044321571823875 -0.10771662051631004 -0.10411635093135119 -0.06026619814920979 -0.0414997747203133 -0.01202090482311622
-0.48361167509000863 -0.7795718131021785 -0.7795718131021785 -0.41450045425379445 -0.48361167509000863 -0.41450045425379445 -0.41450045425379445 -0.2910168055812731 -0.48361167509000863 -0.41450045425379445 -0.41450045425379445 -0.41450045425379445 -0.4743313807448775 -0.48361167509000863 -0.41450045425379445 -0.41450045425379445 -0.41450045425379445 -0.41450045425379445 -0.41450045425379445 -0.41450045425379445 -0.2910168055812731 -0.2005393845616727 -0.4743313807448775 -0.2910168055812731 -0.4739689395098807 -0.2910168055812731 -0.3855278509758527 -0.3855278509758527 -0.41450045425379445 -0.3855278509758527 -0.3855278509758527 -0.3335858794089664 -0.48361167509000863 -0.48361167509000863 -0.42229695704406345 -0.2379316545252044 -0.2005393845616727 -0.22756876362612646 -0.22830552679999425 -0.22756876362612646 -0.22830552679999425 -0.2910168055812731 -0.22756876362612646 -0.22830552679999425 -0.3855278509758527 -0.40113588493881985 -0.22830552679999425 -0.22756876362612646 -0.3855278509758527 -0.22756876362612646 -0.3639821370395035 -0.2616721643858613 -0.22756876362612646 -0.2910168055812731 -0.22830552679999425 -0.2616721643858613 -0.2616721643858613 -0.2379316545252044 -0.3190683313127569 -0.3190683313127569 -0.30461898934677667 -0.2844810867792142 -0.2844810867792142 -0.27682091413269405 -0.286638305034479 -0.2379316545252044 -0.23251960119023826 -0.2650774288769177 -0.22756876362612646 -0.2007912125120053 -0.2007912125120053 -0.23238513259262944 -0.22780709186736678 -0.22700491554332977 -0.21312036081183913 -0.21490860856096677 -0.20069419707525465 -0.20638379212317884 -0.20069419707525465 -0.1650964828798623 -0.172343789395648 -0.15637280172162352 -0.15637280172162352 -0.15532095637140594 -0.15175214921103813 -0.13044321571823875 -0.10771662051631004 -0.10411635093135119 -0.06026619814920979 -0.0414997747203133 -0.01202090482311622
-0.2379316545252044 -0.2379316545252044 -0.2379316545252044 -0.2379316545252044 -0.2379316545252044 -0.2379316545252044 -0.2379316545252044 -0.2379316545252044 -0.2379316545252044 -0.2379316545252044 -0.2379316545252044 -0.2379316545252044 -0.2379316545252044 -0.2379316545252044 -0.2379316545252044 -0.2379316545252044 -0.2379316545252044 -0.2379316545252044 -0.2379316545252044 -0.2379316545252044 -0.2379316545252044 -0.2005393845616727 -0.2379316545252044 -0.2379316545252044 -0.2379316545252044 -0.2379316545252044 -0.2379316545252044 -0.2379316545252044 -0.2379316545252044 -0.2379316545252044 -0.2379316545252044 -0.2379316545252044 -0.2379316545252044 -0.2379316545252044 -0.2379316545252044 -0.24391271550771643 -0.2005393845616727 -0.22756876362612646 -0.22830552679999425 -0.22756876362612646 -0.22830552679999425 -0.2379316545252044 -0.22756876362612646 -0.22830552679999425 -0.2379316545252044 -0.2379316545252044 -0.22830552679999425 -0.22756876362612646 -0.2379316545252044 -0.22756876362612646 -0.2379316545252044 -0.2379316545252044 -0.22756876362612646 -0.2379316545252044 -0.22830552679999425 -0.2379316545252044 -0.2379316545252044 -0.24391271550771643 -0.2379316545252044 -0.2379316545252044 -0.2379316545252044 -0.2379316545252044 -0.2379316545252044 -0.2379316545252044 -0.2379316545252044 -0.2788254420387021 -0.23251960119023826 -0.2379316545252044 -0.22756876362612646 -0.2007912125120053 -0.2007912125120053 -0.23238513259262944 -0.22780709186736678 -0.22700491554332977 -0.21312036081183913 -0.21490860856096677 -0.20069419707525465 -0.20638379212317884 -0.20069419707525465 -0.1650964828798623 -0.172343789395648 -0.15637280172162352 -0.15637280172162352 -0.15532095637140594 -0.15175214921103813 -0.13044321571823875 -0.10771662051631004 -0.10411635093135119 -0.06026619814920979 -0.0414997747203133 -0.01202090482311622
-0.41450045425379445 -0.41450045425379445 -0.41450045425379445 -0.6084192429066343 -0.41450045425379445 -0.6084192429066343 -0.7008603827148948 -0.2910168055812731 -0.41450045425379445 -0.7008603827148948 -0.7008603827148948 -0.6084192429066343 -0.41450045425379445 -0.41450045425379445 -0.6084192429066343 -0.6711989611519501 -0.6488436727900733 -0.6084192429066343 -0.6488436727900733 -0.6043178013879441 -0.2910168055812731 -0.2005393845616727 -0.41450045425379445 -0.2910168055812731 -0.41450045425379445 -0.2910168055812731 -0.3855278509758527 -0.3855278509758527 -0.4539404294639008 -0.3855278509758527 -0.3855278509758527 -0.3335858794089664 -0.41450045425379445 -0.41450045425379445 -0.41450045425379445 -0.2379316545252044 -0.2005393845616727 -0.22756876362612646 -0.22830552679999425 -0.22756876362612646 -0.22830552679999425 -0.2910168055812731 -0.22756876362612646 -0.22830552679999425 -0.3855278509758527 -0.40113588493881985 -0.22830552679999425 -0.22756876362612646 -0.3855278509758527 -0.22756876362612646 -0.3639821370395035 -0.2616721643858613 -0.22756876362612646 -0.2910168055812731 -0.22830552679999425 -0.2616721643858613 -0.2616721643858613 -0.2379316545252044 -0.3190683313127569 -0.3190683313127569 -0.30461898934677667 -0.2844810867792142 -0.2844810867792142 -0.27682091413269405 -0.286638305034479 -0.2379316545252044 -0.23251960119023826 -0.2650774288769177 -0.22756876362612646 -0.2007912125120053 -0.2007912125120053 -0.23238513259262944 -0.22780709186736678 -0.22700491554332977 -0.21312036081183913 -0.21490860856096677 -0.20069419707525465 -0.20638379212317884 -0.20069419707525465 -0.1650964828798623 -0.172343789395648 -0.15637280172162352 -0.15637280172162352 -0.15532095637140594 -0.15175214921103813 -0.13044321571823875 -0.10771662051631004 -0.10411635093135119 -0.06026619814920979 -0.0414997747203133 -0.01202090482311622
-0.41450045425379445 -0.41450045425379445 -0.41450045425379445 -0.6084192429066343 -0.41450045425379445 -0.6084192429066343 -0.6908049677373825 -0.2910168055812731 -0.41450045425379445 -0.6908049677373825 -0.6908049677373825 -0.6084192429066343 -0.41450045425379445 -0.41450045425379445 -0.6084192429066343 -0.6467925040380557 -0.6388468409959832 -0.6084192429066343 -0.6388468409959832 -0.6043178013879441 -0.2910168055812731 -0.2005393845616727 -0.41450045425379445 -0.2910168055812731 -0.41450045425379445 -0.2910168055812731 -0.3855278509758527 -0.3855278509758527 -0.4539404294639008 -0.3855278509758527 -0.3855278509758527 -0.3335858794089664 -0.41450045425379445 -0.41450045425379445 -0.41450045425379445 -0.2379316545252044 -0.2005393845616727 -0.22756876362612646 -0.22830552679999425 -0.22756876362612646 -0.22830552679999425 -0.2910168055812731 -0.22756876362612646 -0.22830552679999425 -0.3855278509758527 -0.40113588493881985 -0.22830552679999425 -0.22756876362612646 -0.3855278509758527 -0.22756876362612646 -0.3639821370395035 -0.2616721643858613 -0.22756876362612646 -0.2910168055812731 -0.22830552679999425 -0.2616721643858613 -0.2616721643858613 -0.2379316545252044 -0.3190683313127569 -0.3190683313127569 -0.30461898934677667 -0.2844810867792142 -0.2844810867792142 -0.27682091413269405 -0.286638305034479 -0.2379316545252044 -0.23251960119023826 -0.2650774288769177 -0.22756876362612646 -0.2007912125120053 -0.2007912125120053 -0.23238513259262944 -0.22780709186736678 -0.22700491554332977 -0.21312036081183913 -0.21490860856096677 -0.20069419707525465 -0.20638379212317884 -0.20069419707525465 -0.1650964828798623 -0.172343789395648 -0.15637280172162352 -0.15637280172162352 -0.15532095637140594 -0.15175214921103813 -0.13044321571823875 -0.10771662051631004 -0.10411635093135119 -0.06026619814920979 -0.0414997747203133 -0.01202090482311622
-0.41450045425379445 -0.41450045425379445 -0.41450045425379445 -0.6084192429066343 -0.41450045425379445 -0.6084192429066343 -0.6847891555495497 -0.2910168055812731 -0.41450045425379445 -0.6847891555495497 -0.6847891555495497 -0.6084192429066343 -0.41450045425379445 -0.41450045425379445 -0.6084192429066343 -0.6711989611519501 -0.6694837912596724 -0.6084192429066343 -0.6581672779174851 -0.6043178013879441 -0.2910168055812731 -0.2005393845616727 -0.41450045425379445 -0.2910168055812731 -0.41450045425379445 -0.2910168055812731 -0.3855278509758527 -0.3855278509758527 -0.4539404294639008 -0.3855278509758527 -0.3855278509758527 -0.3335858794089664 -0.41450045425379445 -0.41450045425379445 -0.41450045425379445 -0.2379316545252044 -0.2005393845616727 -0.22756876362612646 -0.22830552679999425 -0.22756876362612646 -0.22830552679999425 -0.2910168055812731 -0.22756876362612646 -0.22830552679999425 -0.3855278509758527 -0.40113588493881985 -0.22830552679999425 -0.22756876362612646 -0.3855278509758527 -0.22756876362612646 -0.3639821370395035 -0.2616721643858613 -0.22756876362612646 -0.2910168055812731 -0.22830552679999425 -0.2616721643858613 -0.2616721643858613 -0.2379316545252044 -0.3190683313127569 -0.3190683313127569 -0.30461898934677667 -0.2844810867792142 -0.2844810867792142 -0.27682091413269405 -0.286638305034479 -0.2379316545252044 -0.23251960119023826 -0.2650774288769177 -0.22756876362612646 -0.2007912125120053 -0.2007912125120053 -0.23238513259262944 -0.22780709186736678 -0.22700491554332977 -0.21312036081183913 -0.21490860856096677 -0.20069419707525465 -0.20638379212317884 -0.20069419707525465 -0.1650964828798623 -0.172343789395648 -0.15637280172162352 -0.15637280172162352 -0.15532095637140594 -0.15175214921103813 -0.13044321571823875 -0.10771662051631004 -0.10411635093135119 -0.06026619814920979 -0.0414997747203133 -0.01202090482311622
-0.41450045425379445 -0.41450045425379445 -0.41450045425379445 -0.6084192429066343 -0.41450045425379445 -0.6084192429066343 -0.6843699898692703 -0.2910168055812731 -0.41450045425379445 -0.6843699898692703 -0.6843699898692703 -0.6084192429066343 -0.41450045425379445 -0.41450045425379445 -0.6084192429066343 -0.6467925040380557 -0.6388468409959832 -0.6084192429066343 -0.6388468409959832 -0.6043178013879441 -0.2910168055812731 -0.2005393845616727 -0.41450045425379445 -0.2910168055812731 -0.41450045425379445 -0.2910168055812731 -0.3855278509758527 -0.3855278509758527 -0.4539404294639008 -0.3855278509758527 -0.3855278509758527 -0.3335858794089664 -0.41450045425379445 -0.41450045425379445 -0.41450045425379445 -0.2379316545252044 -0.2005393845616727 -0.22756876362612646 -0.22830552679999425 -0.22756876362612646 -0.22830552679999425 -0.2910168055812731 -0.22756876362612646 -0.22830552679999425 -0.3855278509758527 -0.40113588493881985 -0.22830552679999425 -0.22756876362612646 -0.3855278509758527 -0.22756876362612646 -0.3639821370395035 -0.2616721643858613 -0.22756876362612646 -0.2910168055812731 -0.22830552679999425 -0.2616721643858613 -0.2616721643858613 -0.2379316545252044 -0.3190683313127569 -0.3190683313127569 -0.30461898934677667 -0.2844810867792142 -0.2844810867792142 -0.27682091413269405 -0.286638305034479 -0.2379316545252044 -0.23251960119023826 -0.2650774288769177 -0.22756876362612646 -0.2007912125120053 -0.2007912125120053 -0.23238513259262944 -0.22780709186736678 -0.22700491554332977 -0.21312036081183913 -0.21490860856096677 -0.20069419707525465 -0.20638379212317884 -0.20069419707525465 -0.1650964828798623 -0.172343789395648 -0.15637280172162352 -0.15637280172162352 -0.15532095637140594 -0.15175214921103813 -0.13044321571823875 -0.10771662051631004 -0.10411635093135119 -0.06026619814920979 -0.0414997747203133 -0.01202090482311622
-0.41450045425379445 -0.41450045425379445 -0.41450045425379445 -0.6084192429066343 -0.41450045425379445 -0.6084192429066343 -0.672916737957179 -0.2910168055812731 -0.41450045425379445 -0.672916737957179 -0.672916737957179 -0.6084192429066343 -0.41450045425379445 -0.41450045425379445 -0.6084192429066343 -0.6711989611519501 -0.6694837912596724 -0.6084192429066343 -0.6581672779174851 -0.6043178013879441 -0.2910168055812731 -0.2005393845616727 -0.41450045425379445 -0.2910168055812731 -0.41450045425379445 -0.2910168055812731 -0.3855278509758527 -0.3855278509758527 -0.4539404294639008 -0.3855278509758527 -0.3855278509758527 -0.3335858794089664 -0.41450045425379445 -0.41450045425379445 -0.41450045425379445 -0.2379316545252044 -0.2005393845616727 -0.22756876362612646 -0.22830552679999425 -0.22756876362612646 -0.22830552679999425 -0.2910168055812731 -0.22756876362612646 -0.22830552679999425 -0.3855278509758527 -0.40113588493881985 -0.22830552679999425 -0.22756876362612646 -0.3855278509758527 -0.22756876362612646 -0.3639821370395035 -0.2616721643858613 -0.22756876362612646 -0.2910168055812731 -0.22830552679999425 -0.2616721643858613 -0.2616721643858613 -0.2379316545252044 -0.3190683313127569 -0.3190683313127569 -0.30461898934677667 -0.2844810867792142 -0.2844810867792142 -0.27682091413269405 -0.286638305034479 -0.2379316545252044 -0.23251960119023826 -0.2650774288769177 -0.22756876362612646 -0.2007912125120053 -0.2007912125120053 -0.23238513259262944 -0.22780709186736678 -0.22700491554332977 -0.21312036081183913 -0.21490860856096677 -0.20069419707525465 -0.20638379212317884 -0.20069419707525465 -0.1650964828798623 -0.172343789395648 -0.15637280172162352 -0.15637280172162352 -0.15532095637140594 -0.15175214921103813 -0.13044321571823875 -0.10771662051631004 -0.10411635093135119 -0.06026619814920979 -0.0414997747203133 -0.01202090482311622
-0.41450045425379445 -0.41450045425379445 -0.41450045425379445 -0.6084192429066343 -0.41450045425379445 -0.6084192429066343 -0.6630997696183014 -0.2910168055812731 -0.41450045425379445 -0.6630997696183014 -0.6630997696183014 -0.6084192429066343 -0.41450045425379445 -0.41450045425379445 -0.6084192429066343 -0.6467925040380557 -0.6388468409959832 -0.6084192429066343 -0.6388468409959832 -0.6043178013879441 -0.2910168055812731 -0.2005393845616727 -0.41450045425379445 -0.2910168055812731 -0.41450045425379445 -0.2910168055812731 -0.3855278509758527 -0.3855278509758527 -0.4539404294639008 -0.3855278509758527 -0.3855278509758527 -0.3335858794089664 -0.41450045425379445 -0.41450045425379445 -0.41450045425379445 -0.2379316545252044 -0.2005393845616727 -0.22756876362612646 -0.22830552679999425 -0.22756876362612646 -0.22830552679999425 -0.2910168055812731 -0.22756876362612646 -0.22830552679999425 -0.3855278509758527 -0.40113588493881985 -0.22830552679999425 -0.22756876362612646 -0.3855278509758527 -0.22756876362612646 -0.3639821370395035 -0.2616721643858613 -0.22756876362612646 -0.2910168055812731 -0.22830552679999425 -0.2616721643858613 -0.2616721643858613 -0.2379316545252044 -0.3190683313127569 -0.3190683313127569 -0.30461898934677667 -0.2844810867792142 -0.2844810867792142 -0.27682091413269405 -0.286638305034479 -0.2379316545252044 -0.23251960119023826 -0.2650774288769177 -0.22756876362612646 -0.2007912125120053 -0.2007912125120053 -0.23238513259262944 -0.22780709186736678 -0.22700491554332977 -0.21312036081183913 -0.21490860856096677 -0.20069419707525465 -0.20638379212317884 -0.20069419707525465 -0.1650964828798623 -0.172343789395648 -0.15637280172162352 -0.15637280172162352 -0.15532095637140594 -0.15175214921103813 -0.13044321571823875 -0.10771662051631004 -0.10411635093135119 -0.06026619814920979 -0.0414997747203133 -0.01202090482311622
-0.41450045425379445 -0.41450045425379445 -0.41450045425379445 -0.6084192429066343 -0.41450045425379445 -0.6084192429066343 -0.6576762165603001 -0.2910168055812731 -0.41450045425379445 -0.6576762165603001 -0.6576762165603001 -0.6084192429066343 -0.41450045425379445 -0.41450045425379445 -0.6084192429066343 -0.6576762165603001 -0.6576762165603001 -0.6084192429066343 -0.6576762165603001 -0.6043178013879441 -0.2910168055812731 -0.2005393845616727 -0.41450045425379445 -0.2910168055812731 -0.41450045425379445 -0.2910168055812731 -0.3855278509758527 -0.3855278509758527 -0.4539404294639008 -0.3855278509758527 -0.3855278509758527 -0.3335858794089664 -0.41450045425379445 -0.41450045425379445 -0.41450045425379445 -0.2379316545252044 -0.2005393845616727 -0.22756876362612646 -0.22830552679999425 -0.22756876362612646 -0.22830552679999425 -0.2910168055812731 -0.22756876362612646 -0.22830552679999425 -0.3855278509758527 -0.40113588493881985 -0.22830552679999425 -0.22756876362612646 -0.3855278509758527 -0.22756876362612646 -0.3639821370395035 -0.2616721643858613 -0.22756876362612646 -0.2910168055812731 -0.22830552679999425 -0.2616721643858613 -0.2616721643858613 -0.2379316545252044 -0.3190683313127569 -0.3190683313127569 -0.30461898934677667 -0.2844810867792142 -0.2844810867792142 -0.27682091413269405 -0.286638305034479 -0.2379316545252044 -0.23251960119023826 -0.2650774288769177 -0.22756876362612646 -0.2007912125120053 -0.2007912125120053 -0.23238513259262944 -0.22780709186736678 -0.22700491554332977 -0.21312036081183913 -0.21490860856096677 -0.20069419707525465 -0.20638379212317884 -0.20069419707525465 -0.1650964828798623 -0.172343789395648 -0.15637280172162352 -0.15637280172162352 -0.15532095637140594 -0.15175214921103813 -0.13044321571823875 -0.10771662051631004 -0.10411635093135119 -0.06026619814920979 -0.0414997747203133 -0.01202090482311622
-0.41450045425379445 -0.41450045425379445 -0.41450045425379445 -0.6084192429066343 -0.41450045425379445 -0.6084192429066343 -0.6450586427037108 -0.2910168055812731 -0.41450045425379445 -0.6450586427037108 -0.6450586427037108 -0.6084192429066343 -0.41450045425379445 -0.41450045425379445 -0.6084192429066343 -0.6450586427037108 -0.6388468409959832 -0.6084192429066343 -0.6388468409959832 -0.6450586427037108 -0.2910168055812731 -0.2005393845616727 -0.41450045425379445 -0.2910168055812731 -0.41450045425379445 -0.2910168055812731 -0.3855278509758527 -0.3855278509758527 -0.4539404294639008 -0.3855278509758527 -0.3855278509758527 -0.3335858794089664 -0.41450045425379445 -0.41450045425379445 -0.41450045425379445 -0.2379316545252044 -0.2005393845616727 -0.22756876362612646 -0.22830552679999425 -0.22756876362612646 -0.22830552679999425 -0.2910168055812731 -0.22756876362612646 -0.22830552679999425 -0.3855278509758527 -0.40113588493881985 -0.22830552679999425 -0.22756876362612646 -0.3855278509758527 -0.22756876362612646 -0.3639821370395035 -0.2616721643858613 -0.22756876362612646 -0.2910168055812731 -0.22830552679999425 -0.2616721643858613 -0.2616721643858613 -0.2379316545252044 -0.3190683313127569 -0.3190683313127569 -0.30461898934677667 -0.2844810867792142 -0.2844810867792142 -0.27682091413269405 -0.286638305034479 -0.2379316545252044 -0.23251960119023826 -0.2650774288769177 -0.22756876362612646 -0.2007912125120053 -0.2007912125120053 -0.23238513259262944 -0.22780709186736678 -0.22700491554332977 -0.21312036081183913 -0.21490860856096677 -0.20069419707525465 -0.20638379212317884 -0.20069419707525465 -0.1650964828798623 -0.172343789395648 -0.15637280172162352 -0.15637280172162352 -0.15532095637140594 -0.15175214921103813 -0.13044321571823875 -0.10771662051631004 -0.10411635093135119 -0.06026619814920979 -0.0414997747203133 -0.01202090482311622
-0.48361167509000863 -0.6325089028013334 -0.6325089028013334 -0.41450045425379445 -0.48361167509000863 -0.41450045425379445 -0.41450045425379445 -0.2910168055812731 -0.48361167509000863 -0.41450045425379445 -0.41450045425379445 -0.41450045425379445 -0.4743313807448775 -0.48361167509000863 -0.41450045425379445 -0.41450045425379445 -0.41450045425379445 -0.41450045425379445 -0.41450045425379445 -0.41450045425379445 -0.2910168055812731 -0.2005393845616727 -0.4743313807448775 -0.2910168055812731 -0.4739689395098807 -0.2910168055812731 -0.3855278509758527 -0.3855278509758527 -0.41450045425379445 -0.3855278509758527 -0.3855278509758527 -0.3335858794089664 -0.48361167509000863 -0.48361167509000863 -0.42229695704406345 -0.2379316545252044 -0.2005393845616727 -0.22756876362612646 -0.22830552679999425 -0.22756876362612646 -0.22830552679999425 -0.2910168055812731 -0.22756876362612646 -0.22830552679999425 -0.3855278509758527 -0.40113588493881985 -0.22830552679999425 -0.22756876362612646 -0.3855278509758527 -0.22756876362612646 -0.3639821370395035 -0.2616721643858613 -0.22756876362612646 -0.2910168055812731 -0.22830552679999425 -0.2616721643858613 -0.2616721643858613 -0.2379316545252044 -0.3190683313127569 -0.3190683313127569 -0.30461898934677667 -0.2844810867792142 -0.2844810867792142 -0.27682091413269405 -0.286638305034479 -0.2379316545252044 -0.23251960119023826 -0.2650774288769177 -0.22756876362612646 -0.2007912125120053 -0.2007912125120053 -0.23238513259262944 -0.22780709186736678 -0.22700491554332977 -0.21312036081183913 -0.21490860856096677 -0.20069419707525465 -0.20638379212317884 -0.20069419707525465 -0.1650964828798623 -0.172343789395648 -0.15637280172162352 -0.15637280172162352 -0.15532095637140594 -0.15175214921103813 -0.13044321571823875 -0.10771662051631004 -0.10411635093135119 -0.06026619814920979 -0.0414997747203133 -0.01202090482311622
-0.48361167509000863 -0.606272561976641 -0.606272561976641 -0.41450045425379445 -0.48361167509000863 -0.41450045425379445 -0.41450045425379445 -0.2910168055812731 -0.48361167509000863 -0.41450045425379445 -0.41450045425379445 -0.41450045425379445 -0.4743313807448775 -0.48361167509000863 -0.41450045425379445 -0.41450045425379445 -0.41450045425379445 -0.41450045425379445 -0.41450045425379445 -0.41450045425379445 -0.2910168055812731 -0.2005393845616727 -0.4743313807448775 -0.2910168055812731 -0.4739689395098807 -0.2910168055812731 -0.3855278509758527 -0.3855278509758527 -0.41450045425379445 -0.3855278509758527 -0.3855278509758527 -0.3335858794089664 -0.48361167509000863 -0.48361167509000863 -0.42229695704406345 -0.2379316545252044 -0.2005393845616727 -0.22756876362612646 -0.22830552679999425 -0.22756876362612646 -0.22830552679999425 -0.2910168055812731 -0.22756876362612646 -0.22830552679999425 -0.3855278509758527 -0.40113588493881985 -0.22830552679999425 -0.22756876362612646 -0.3855278509758527 -0.22756876362612646 -0.3639821370395035 -0.2616721643858613 -0.22756876362612646 -0.2910168055812731 -0.22830552679999425 -0.2616721643858613 -0.2616721643858613 -0.2379316545252044 -0.3190683313127569 -0.3190683313127569 -0.30461898934677667 -0.2844810867792142 -0.2844810867792142 -0.27682091413269405 -0.286638305034479 -0.2379316545252044 -0.23251960119023826 -0.2650774288769177 -0.22756876362612646 -0.2007912125120053 -0.2007912125120053 -0.23238513259262944 -0.22780709186736678 -0.22700491554332977 -0.21312036081183913 -0.21490860856096677 -0.20069419707525465 -0.20638379212317884 -0.20069419707525465 -0.1650964828798623 -0.172343789395648 -0.15637280172162352 -0.15637280172162352 -0.15532095637140594 -0.15175214921103813 -0.13044321571823875 -0.10771662051631004 -0.10411635093135119 -0.06026619814920979 -0.0414997747203133 -0.01202090482311622
-0.4739689395098807 -0.4739689395098807 -0.4739689395098807 -0.41450045425379445 -0.4739689395098807 -0.41450045425379445 -0.41450045425379445 -0.2910168055812731 -0.4739689395098807 -0.41450045425379445 -0.41450045425379445 -0.41450045425379445 -0.4739689395098807 -0.4739689395098807 -0.41450045425379445 -0.41450045425379445 -0.41450045425379445 -0.41450045425379445 -0.41450045425379445 -0.41450045425379445 -0.2910168055812731 -0.2005393845616727 -0.4739689395098807 -0.2910168055812731 -0.4739689395098807 -0.2910168055812731 -0.3855278509758527 -0.3855278509758527 -0.41450045425379445 -0.3855278509758527 -0.3855278509758527 -0.3335858794089664 -0.4739689395098807 -0.4739689395098807 -0.42229695704406345 -0.2379316545252044 -0.2005393845616727 -0.22756876362612646 -0.22830552679999425 -0.22756876362612646 -0.22830552679999425 -0.2910168055812731 -0.22756876362612646 -0.22830552679999425 -0.3855278509758527 -0.40113588493881985 -0.22830552679999425 -0.22756876362612646 -0.3855278509758527 -0.22756876362612646 -0.3639821370395035 -0.2616721643858613 -0.22756876362612646 -0.2910168055812731 -0.22830552679999425 -0.2616721643858613 -0.2616721643858613 -0.2379316545252044 -0.3190683313127569 -0.3190683313127569 -0.30461898934677667 -0.2844810867792142 -0.2844810867792142 -0.27682091413269405 -0.286638305034479 -0.2379316545252044 -0.23251960119023826 -0.2650774288769177 -0.22756876362612646 -0.2007912125120053 -0.2007912125120053 -0.23238513259262944 -0.22780709186736678 -0.22700491554332977 -0.21312036081183913 -0.21490860856096677 -0.20069419707525465 -0.20638379212317884 -0.20069419707525465 -0.1650964828798623 -0.172343789395648 -0.15637280172162352 -0.15637280172162352 -0.15532095637140594 -0.15175214921103813 -0.13044321571823875 -0.10771662051631004 -0.10411635093135119 -0.06026619814920979 -0.0414997747203133 -0.01202090482311622
-0.5773305168397698 -0.48361167509000863 -0.48361167509000863 -0.41450045425379445 -0.5773305168397698 -0.41450045425379445 -0.41450045425379445 -0.2910168055812731 -0.5773305168397698 -0.41450045425379445 -0.41450045425379445 -0.41450045425379445 -0.4743313807448775 -0.5773305168397698 -0.41450045425379445 -0.41450045425379445 -0.41450045425379445 -0.41450045425379445 -0.41450045425379445 -0.41450045425379445 -0.2910168055812731 -0.2005393845616727 -0.4743313807448775 -0.2910168055812731 -0.4739689395098807 -0.2910168055812731 -0.3855278509758527 -0.3855278509758527 -0.41450045425379445 -0.3855278509758527 -0.3855278509758527 -0.3335858794089664 -0.4971957176957354 -0.4971957176957354 -0.42229695704406345 -0.2379316545252044 -0.2005393845616727 -0.22756876362612646 -0.22830552679999425 -0.22756876362612646 -0.22830552679999425 -0.2910168055812731 -0.22756876362612646 -0.22830552679999425 -0.3855278509758527 -0.40113588493881985 -0.22830552679999425 -0.22756876362612646 -0.3855278509758527 -0.22756876362612646 -0.3639821370395035 -0.2616721643858613 -0.22756876362612646 -0.2910168055812731 -0.22830552679999425 -0.2616721643858613 -0.2616721643858613 -0.2379316545252044 -0.3190683313127569 -0.3190683313127569 -0.30461898934677667 -0.2844810867792142 -0.2844810867792142 -0.27682091413269405 -0.286638305034479 -0.2379316545252044 -0.23251960119023826 -0.2650774288769177 -0.22756876362612646 -0.2007912125120053 -0.2007912125120053 -0.23238513259262944 -0.22780709186736678 -0.22700491554332977 -0.21312036081183913 -0.21490860856096677 -0.20069419707525465 -0.20638379212317884 -0.20069419707525465 -0.1650964828798623 -0.172343789395648 -0.15637280172162352 -0.15637280172162352 -0.15532095637140594 -0.15175214921103813 -0.13044321571823875 -0.10771662051631004 -0.10411635093135119 -0.06026619814920979 -0.0414997747203133 -0.01202090482311622
-0.5766414464884063 -0.48361167509000863 -0.48361167509000863 -0.41450045425379445 -0.5766414464884063 -0.41450045425379445 -0.41450045425379445 -0.2910168055812731 -0.5766414464884063 -0.41450045425379445 -0.41450045425379445 -0.41450045425379445 -0.4743313807448775 -0.5766414464884063 -0.41450045425379445 -0.41450045425379445 -0.41450045425379445 -0.41450045425379445 -0.41450045425379445 -0.41450045425379445 -0.2910168055812731 -0.2005393845616727 -0.4743313807448775 -0.2910168055812731 -0.4739689395098807 -0.2910168055812731 -0.3855278509758527 -0.3855278509758527 -0.41450045425379445 -0.3855278509758527 -0.3855278509758527 -0.3335858794089664 -0.4971957176957354 -0.4971957176957354 -0.42229695704406345 -0.2379316545252044 -0.2005393845616727 -0.22756876362612646 -0.22830552679999425 -0.22756876362612646 -0.22830552679999425 -0.2910168055812731 -0.22756876362612646 -0.22830552679999425 -0.3855278509758527 -0.40113588493881985 -0.22830552679999425 -0.22756876362612646 -0.3855278509758527 -0.22756876362612646 -0.3639821370395035 -0.2616721643858613 -0.22756876362612646 -0.2910168055812731 -0.22830552679999425 -0.2616721643858613 -0.2616721643858613 -0.2379316545252044 -0.3190683313127569 -0.3190683313127569 -0.30461898934677667 -0.2844810867792142 -0.2844810867792142 -0.27682091413269405 -0.286638305034479 -0.2379316545252044 -0.23251960119023826 -0.2650774288769177 -0.22756876362612646 -0.2007912125120053 -0.2007912125120053 -0.23238513259262944 -0.22780709186736678 -0.22700491554332977 -0.21312036081183913 -0.21490860856096677 -0.20069419707525465 -0.20638379212317884 -0.20069419707525465 -0.1650964828798623 -0.172343789395648 -0.15637280172162352 -0.15637280172162352 -0.15532095637140594 -0.15175214921103813 -0.13044321571823875 -0.10771662051631004 -0.10411635093135119 -0.06026619814920979 -0.0414997747203133 -0.01202090482311622
-0.3855278509758527 -0.3855278509758527 -0.3855278509758527 -0.3855278509758527 -0.3855278509758527 -0.3855278509758527 -0.3855278509758527 -0.2910168055812731 -0.3855278509758527 -0.3855278509758527 -0.3855278509758527 -0.3855278509758527 -0.3855278509758527 -0.3855278509758527 -0.3855278509758527 -0.3855278509758527 -0.3855278509758527 -0.3855278509758527 -0.3855278509758527 -0.3855278509758527 -0.2910168055812731 -0.2005393845616727 -0.3855278509758527 -0.2910168055812731 -0.3855278509758527 -0.2910168055812731 -0.45361169865238476 -0.45361169865238476 -0.3855278509758527 -0.45361169865238476 -0.45361169865238476 -0.3335858794089664 -0.3855278509758527 -0.3855278509758527 -0.3855278509758527 -0.2379316545252044 -0.2005393845616727 -0.22756876362612646 -0.22830552679999425 -0.22756876362612646 -0.22830552679999425 -0.2910168055812731 -0.22756876362612646 -0.22830552679999425 -0.3918506704302715 -0.3855278509758527 -0.22830552679999425 -0.22756876362612646 -0.3862536596708627 -0.22756876362612646 -0.3639821370395035 -0.2616721643858613 -0.22756876362612646 -0.2910168055812731 -0.22830552679999425 -0.2616721643858613 -0.2616721643858613 -0.2379316545252044 -0.3190683313127569 -0.3190683313127569 -0.30461898934677667 -0.2844810867792142 -0.2844810867792142 -0.27682091413269405 -0.286638305034479 -0.2379316545252044 -0.23251960119023826 -0.2650774288769177 -0.22756876362612646 -0.2007912125120053 -0.2007912125120053 -0.23238513259262944 -0.22780709186736678 -0.22700491554332977 -0.21312036081183913 -0.21490860856096677 -0.20069419707525465 -0.20638379212317884 -0.20069419707525465 -0.1650964828798623 -0.172343789395648 -0.15637280172162352 -0.15637280172162352 -0.15532095637140594 -0.15175214921103813 -0.13044321571823875 -0.10771662051631004 -0.10411635093135119 -0.06026619814920979 -0.0414997747203133 -0.01202090482311622
-0.4739689395098807 -0.4739689395098807 -0.4739689395098807 -0.41450045425379445 -0.4739689395098807 -0.41450045425379445 -0.41450045425379445 -0.2910168055812731 -0.4739689395098807 -0.41450045425379445 -0.41450045425379445 -0.41450045425379445 -0.4739689395098807 -0.4739689395098807 -0.41450045425379445 -0.41450045425379445 -0.41450045425379445 -0.41450045425379445 -0.41450045425379445 -0.41450045425379445 -0.2910168055812731 -0.2005393845616727 -0.4739689395098807 -0.2910168055812731 -0.4739689395098807 -0.2910168055812731 -0.3855278509758527 -0.3855278509758527 -0.41450045425379445 -0.3855278509758527 -0.3855278509758527 -0.3335858794089664 -0.4739689395098807 -0.4739689395098807 -0.42229695704406345 -0.2379316545252044 -0.2005393845616727 -0.22756876362612646 -0.22830552679999425 -0.22756876362612646 -0.22830552679999425 -0.2910168055812731 -0.22756876362612646 -0.22830552679999425 -0.3855278509758527 -0.40126504083978504 -0.22830552679999425 -0.22756876362612646 -0.3855278509758527 -0.22756876362612646 -0.3639821370395035 -0.2616721643858613 -0.22756876362612646 -0.2910168055812731 -0.22830552679999425 -0.2616721643858613 -0.2616721643858613 -0.2379316545252044 -0.3190683313127569 -0.3190683313127569 -0.30461898934677667 -0.2844810867792142 -0.2844810867792142 -0.27682091413269405 -0.286638305034479 -0.2379316545252044 -0.23251960119023826 -0.2650774288769177 -0.22756876362612646 -0.2007912125120053 -0.2007912125120053 -0.23238513259262944 -0.22780709186736678 -0.22700491554332977 -0.21312036081183913 -0.21490860856096677 -0.20069419707525465 -0.20638379212317884 -0.20069419707525465 -0.1650964828798623 -0.172343789395648 -0.15637280172162352 -0.15637280172162352 -0.15532095637140594 -0.15175214921103813 -0.13044321571823875 -0.10771662051631004 -0.10411635093135119 -0.06026619814920979 -0.0414997747203133 -0.01202090482311622
-0.4971957176957354 -0.48361167509000863 -0.48361167509000863 -0.41450045425379445 -0.4971957176957354 -0.41450045425379445 -0.41450045425379445 -0.2910168055812731 -0.4971957176957354 -0.41450045425379445 -0.41450045425379445 -0.41450045425379445 -0.4743313807448775 -0.4971957176957354 -0.41450045425379445 -0.41450045425379445 -0.41450045425379445 -0.41450045425379445 -0.41450045425379445 -0.41450045425379445 -0.2910168055812731 -0.2005393845616727 -0.4743313807448775 -0.2910168055812731 -0.4739689395098807 -0.2910168055812731 -0.3855278509758527 -0.3855278509758527 -0.41450045425379445 -0.3855278509758527 -0.3855278509758527 -0.3335858794089664 -0.4971957176957354 -0.4971957176957354 -0.42229695704406345 -0.2379316545252044 -0.2005393845616727 -0.22756876362612646 -0.22830552679999425 -0.22756876362612646 -0.22830552679999425 -0.2910168055812731 -0.22756876362612646 -0.22830552679999425 -0.3855278509758527 -0.40126504083978504 -0.22830552679999425 -0.22756876362612646 -0.3855278509758527 -0.22756876362612646 -0.3639821370395035 -0.2616721643858613 -0.22756876362612646 -0.2910168055812731 -0.22830552679999425 -0.2616721643858613 -0.2616721643858613 -0.2379316545252044 -0.3190683313127569 -0.3190683313127569 -0.30461898934677667 -0.2844810867792142 -0.2844810867792142 -0.27682091413269405 -0.286638305034479 -0.2379316545252044 -0.23251960119023826 -0.2650774288769177 -0.22756876362612646 -0.2007912125120053 -0.2007912125120053 -0.23238513259262944 -0.22780709186736678 -0.22700491554332977 -0.21312036081183913 -0.21490860856096677 -0.20069419707525465 -0.20638379212317884 -0.20069419707525465 -0.1650964828798623 -0.172343789395648 -0.15637280172162352 -0.15637280172162352 -0.15532095637140594 -0.15175214921103813 -0.13044321571823875 -0.10771662051631004 -0.10411635093135119 -0.06026619814920979 -0.0414997747203133 -0.01202090482311622
-0.5272832624882969 -0.48361167509000863 -0.48361167509000863 -0.41450045425379445 -0.5272832624882969 -0.41450045425379445 -0.41450045425379445 -0.2910168055812731 -0.5272832624882969 -0.41450045425379445 -0.41450045425379445 -0.41450045425379445 -0.4743313807448775 -0.5272832624882969 -0.41450045425379445 -0.41450045425379445 -0.41450045425379445 -0.41450045425379445 -0.41450045425379445 -0.41450045425379445 -0.2910168055812731 -0.2005393845616727 -0.4743313807448775 -0.2910168055812731 -0.4739689395098807 -0.2910168055812731 -0.3855278509758527 -0.3855278509758527 -0.41450045425379445 -0.3855278509758527 -0.3855278509758527 -0.3335858794089664 -0.4971957176957354 -0.4971957176957354 -0.42229695704406345 -0.2379316545252044 -0.2005393845616727 -0.22756876362612646 -0.22830552679999425 -0.22756876362612646 -0.22830552679999425 -0.2910168055812731 -0.22756876362612646 -0.22830552679999425 -0.3855278509758527 -0.40113588493881985 -0.22830552679999425 -0.22756876362612646 -0.3855278509758527 -0.22756876362612646 -0.3639821370395035 -0.2616721643858613 -0.22756876362612646 -0.2910168055812731 -0.22830552679999425 -0.2616721643858613 -0.2616721643858613 -0.2379316545252044 -0.3190683313127569 -0.3190683313127569 -0.30461898934677667 -0.2844810867792142 -0.2844810867792142 -0.27682091413269405 -0.286638305034479 -0.2379316545252044 -0.23251960119023826 -0.2650774288769177 -0.22756876362612646 -0.2007912125120053 -0.2007912125120053 -0.23238513259262944 -0.22780709186736678 -0.22700491554332977 -0.21312036081183913 -0.21490860856096677 -0.20069419707525465 -0.20638379212317884 -0.20069419707525465 -0.1650964828798623 -0.172343789395648 -0.15637280172162352 -0.15637280172162352 -0.15532095637140594 -0.15175214921103813 -0.13044321571823875 -0.10771662051631004 -0.10411635093135119 -0.06026619814920979 -0.0414997747203133 -0.01202090482311622
-0.5261459322490366 -0.48361167509000863 -0.48361167509000863 -0.41450045425379445 -0.5261459322490366 -0.41450045425379445 -0.41450045425379445 -0.2910168055812731 -0.5261459322490366 -0.41450045425379445 -0.41450045425379445 -0.41450045425379445 -0.4743313807448775 -0.5261459322490366 -0.41450045425379445 -0.41450045425379445 -0.41450045425379445 -0.41450045425379445 -0.41450045425379445 -0.41450045425379445 -0.2910168055812731 -0.2005393845616727 -0.4743313807448775 -0.2910168055812731 -0.4739689395098807 -0.2910168055812731 -0.3855278509758527 -0.3855278509758527 -0.41450045425379445 -0.3855278509758527 -0.3855278509758527 -0.3335858794089664 -0.4971957176957354 -0.4971957176957354 -0.42229695704406345 -0.2379316545252044 -0.2005393845616727 -0.22756876362612646 -0.22830552679999425 -0.22756876362612646 -0.22830552679999425 -0.2910168055812731 -0.22756876362612646 -0.22830552679999425 -0.3855278509758527 -0.40113588493881985 -0.22830552679999425 -0.22756876362612646 -0.3855278509758527 -0.22756876362612646 -0.3639821370395035 -0.2616721643858613 -0.22756876362612646 -0.2910168055812731 -0.22830552679999425 -0.2616721643858613 -0.2616721643858613 -0.2379316545252044 -0.3190683313127569 -0.3190683313127569 -0.30461898934677667 -0.2844810867792142 -0.2844810867792142 -0.27682091413269405 -0.286638305034479 -0.2379316545252044 -0.23251960119023826 -0.2650774288769177 -0.22756876362612646 -0.2007912125120053 -0.2007912125120053 -0.23238513259262944 -0.22780709186736678 -0.22700491554332977 -0.21312036081183913 -0.21490860856096677 -0.20069419707525465 -0.20638379212317884 -0.20069419707525465 -0.1650964828798623 -0.172343789395648 -0.15637280172162352 -0.15637280172162352 -0.15532095637140594 -0.15175214921103813 -0.13044321571823875 -0.10771662051631004 -0.10411635093135119 -0.06026619814920979 -0.0414997747203133 -0.01202090482311622
-0.5222175699750596 -0.48361167509000863 -0.48361167509000863 -0.41450045425379445 -0.5222175699750596 -0.41450045425379445 -0.41450045425379445 -0.2910168055812731 -0.5222175699750596 -0.41450045425379445 -0.41450045425379445 -0.41450045425379445 -0.4743313807448775 -0.5222175699750596 -0.41450045425379445 -0.41450045425379445 -0.41450045425379445 -0.41450045425379445 -0.41450045425379445 -0.41450045425379445 -0.2910168055812731 -0.2005393845616727 -0.4743313807448775 -0.2910168055812731 -0.4739689395098807 -0.2910168055812731 -0.3855278509758527 -0.3855278509758527 -0.41450045425379445 -0.3855278509758527 -0.3855278509758527 -0.3335858794089664 -0.4971957176957354 -0.4971957176957354 -0.42229695704406345 -0.2379316545252044 -0.2005393845616727 -0.22756876362612646 -0.22830552679999425 -0.22756876362612646 -0.22830552679999425 -0.2910168055812731 -0.22756876362612646 -0.22830552679999425 -0.3855278509758527 -0.40113588493881985 -0.22830552679999425 -0.22756876362612646 -0.3855278509758527 -0.22756876362612646 -0.3639821370395035 -0.2616721643858613 -0.22756876362612646 -0.2910168055812731 -0.22830552679999425 -0.2616721643858613 -0.2616721643858613 -0.2379316545252044 -0.3190683313127569 -0.3190683313127569 -0.30461898934677667 -0.2844810867792142 -0.2844810867792142 -0.27682091413269405 -0.286638305034479 -0.2379316545252044 -0.23251960119023826 -0.2650774288769177 -0.22756876362612646 -0.2007912125120053 -0.2007912125120053 -0.23238513259262944 -0.22780709186736678 -0.22700491554332977 -0.21312036081183913 -0.21490860856096677 -0.20069419707525465 -0.20638379212317884 -0.20069419707525465 -0.1650964828798623 -0.172343789395648 -0.15637280172162352 -0.15637280172162352 -0.15532095637140594 -0.15175214921103813 -0.13044321571823875 -0.10771662051631004 -0.10411635093135119 -0.06026619814920979 -0.0414997747203133 -0.01202090482311622
-0.521049635151085 -0.48361167509000863 -0.48361167509000863 -0.41450045425379445 -0.521049635151085 -0.41450045425379445 -0.41450045425379445 -0.2910168055812731 -0.521049635151085 -0.41450045425379445 -0.41450045425379445 -0.41450045425379445 -0.4743313807448775 -0.521049635151085 -0.41450045425379445 -0.41450045425379445 -0.41450045425379445 -0.41450045425379445 -0.41450045425379445 -0.41450045425379445 -0.2910168055812731 -0.2005393845616727 -0.4743313807448775 -0.2910168055812731 -0.4739689395098807 -0.2910168055812731 -0.3855278509758527 -0.3855278509758527 -0.41450045425379445 -0.3855278509758527 -0.3855278509758527 -0.3335858794089664 -0.4971957176957354 -0.4971957176957354 -0.42229695704406345 -0.2379316545252044 -0.2005393845616727 -0.22756876362612646 -0.22830552679999425 -0.22756876362612646 -0.22830552679999425 -0.2910168055812731 -0.22756876362612646 -0.22830552679999425 -0.3855278509758527 -0.40113588493881985 -0.22830552679999425 -0.22756876362612646 -0.3855278509758527 -0.22756876362612646 -0.3639821370395035 -0.2616721643858613 -0.22756876362612646 -0.2910168055812731 -0.22830552679999425 -0.2616721643858613 -0.2616721643858613 -0.2379316545252044 -0.3190683313127569 -0.3190683313127569 -0.30461898934677667 -0.2844810867792142 -0.2844810867792142 -0.27682091413269405 -0.286638305034479 -0.2379316545252044 -0.23251960119023826 -0.2650774288769177 -0.22756876362612646 -0.2007912125120053 -0.2007912125120053 -0.23238513259262944 -0.22780709186736678 -0.22700491554332977 -0.21312036081183913 -0.21490860856096677 -0.20069419707525465 -0.20638379212317884 -0.20069419707525465 -0.1650964828798623 -0.172343789395648 -0.15637280172162352 -0.15637280172162352 -0.15532095637140594 -0.15175214921103813 -0.13044321571823875 -0.10771662051631004 -0.10411635093135119 -0.06026619814920979 -0.0414997747203133 -0.01202090482311622
-0.5199222303519887 -0.48361167509000863 -0.48361167509000863 -0.41450045425379445 -0.5199222303519887 -0.41450045425379445 -0.41450045425379445 -0.2910168055812731 -0.5199222303519887 -0.41450045425379445 -0.41450045425379445 -0.41450045425379445 -0.4743313807448775 -0.5199222303519887 -0.41450045425379445 -0.41450045425379445 -0.41450045425379445 -0.41450045425379445 -0.41450045425379445 -0.41450045425379445 -0.2910168055812731 -0.2005393845616727 -0.4743313807448775 -0.2910168055812731 -0.4739689395098807 -0.2910168055812731 -0.3855278509758527 -0.3855278509758527 -0.41450045425379445 -0.3855278509758527 -0.3855278509758527 -0.3335858794089664 -0.4971957176957354 -0.4971957176957354 -0.42229695704406345 -0.2379316545252044 -0.2005393845616727 -0.22756876362612646 -0.22830552679999425 -0.22756876362612646 -0.22830552679999425 -0.2910168055812731 -0.22756876362612646 -0.22830552679999425 -0.3855278509758527 -0.40113588493881985 -0.22830552679999425 -0.22756876362612646 -0.3855278509758527 -0.22756876362612646 -0.3639821370395035 -0.2616721643858613 -0.22756876362612646 -0.2910168055812731 -0.22830552679999425 -0.2616721643858613 -0.2616721643858613 -0.2379316545252044 -0.3190683313127569 -0.3190683313127569 -0.30461898934677667 -0.2844810867792142 -0.2844810867792142 -0.27682091413269405 -0.286638305034479 -0.2379316545252044 -0.23251960119023826 -0.2650774288769177 -0.22756876362612646 -0.2007912125120053 -0.2007912125120053 -0.23238513259262944 -0.22780709186736678 -0.22700491554332977 -0.21312036081183913 -0.21490860856096677 -0.20069419707525465 -0.20638379212317884 -0.20069419707525465 -0.1650964828798623 -0.172343789395648 -0.15637280172162352 -0.15637280172162352 -0.15532095637140594 -0.15175214921103813 -0.13044321571823875 -0.10771662051631004 -0.10411635093135119 -0.06026619814920979 -0.0414997747203133 -0.01202090482311622
-0.42229695704406345 -0.42229695704406345 -0.42229695704406345 -0.5062736878204624 -0.42229695704406345 -0.5062736878204624 -0.5062736878204624 -0.2910168055812731 -0.42229695704406345 -0.5062736878204624 -0.5062736878204624 -0.5062736878204624 -0.42229695704406345 -0.42229695704406345 -0.5062736878204624 -0.5062736878204624 -0.5062736878204624 -0.5062736878204624 -0.5062736878204624 -0.5062736878204624 -0.2910168055812731 -0.2005393845616727 -0.42229695704406345 -0.2910168055812731 -0.42229695704406345 -0.2910168055812731 -0.3855278509758527 -0.3855278509758527 -0.5062736878204624 -0.3855278509758527 -0.3855278509758527 -0.3335858794089664 -0.42229695704406345 -0.42229695704406345 -0.4734870602327816 -0.2379316545252044 -0.2005393845616727 -0.22756876362612646 -0.22830552679999425 -0.22756876362612646 -0.22830552679999425 -0.2910168055812731 -0.22756876362612646 -0.22830552679999425 -0.3855278509758527 -0.40113588493881985 -0.22830552679999425 -0.22756876362612646 -0.3855278509758527 -0.22756876362612646 -0.3639821370395035 -0.2616721643858613 -0.22756876362612646 -0.2910168055812731 -0.22830552679999425 -0.2616721643858613 -0.2616721643858613 -0.2379316545252044 -0.3190683313127569 -0.3190683313127569 -0.30461898934677667 -0.2844810867792142 -0.2844810867792142 -0.27682091413269405 -0.286638305034479 -0.2379316545252044 -0.23251960119023826 -0.2650774288769177 -0.22756876362612646 -0.2007912125120053 -0.2007912125120053 -0.23238513259262944 -0.22780709186736678 -0.22700491554332977 -0.21312036081183913 -0.21762688035622685 -0.20069419707525465 -0.20638379212317884 -0.20069419707525465 -0.1650964828798623 -0.172343789395648 -0.15637280172162352 -0.15637280172162352 -0.15532095637140594 -0.15175214921103813 -0.13044321571823875 -0.10771662051631004 -0.10411635093135119 -0.06026619814920979 -0.0414997747203133 -0.01202090482311622
-0.4971957176957354 -0.48361167509000863 -0.48361167509000863 -0.41450045425379445 -0.4971957176957354 -0.41450045425379445 -0.41450045425379445 -0.2910168055812731 -0.4971957176957354 -0.41450045425379445 -0.41450045425379445 -0.41450045425379445 -0.4743313807448775 -0.4971957176957354 -0.41450045425379445 -0.41450045425379445 -0.41450045425379445 -0.41450045425379445 -0.41450045425379445 -0.41450045425379445 -0.2910168055812731 -0.2005393845616727 -0.4743313807448775 -0.2910168055812731 -0.5015744278376337 -0.2910168055812731 -0.3855278509758527 -0.3855278509758527 -0.41450045425379445 -0.3855278509758527 -0.3855278509758527 -0.3335858794089664 -0.4971957176957354 -0.4971957176957354 -0.42229695704406345 -0.2379316545252044 -0.2005393845616727 -0.22756876362612646 -0.22830552679999425 -0.22756876362612646 -0.22830552679999425 -0.2910168055812731 -0.22756876362612646 -0.22830552679999425 -0.3855278509758527 -0.40113588493881985 -0.22830552679999425 -0.22756876362612646 -0.3855278509758527 -0.22756876362612646 -0.3639821370395035 -0.2616721643858613 -0.22756876362612646 -0.2910168055812731 -0.22830552679999425 -0.2616721643858613 -0.2616721643858613 -0.2379316545252044 -0.3190683313127569 -0.3190683313127569 -0.30461898934677667 -0.2844810867792142 -0.2844810867792142 -0.27682091413269405 -0.286638305034479 -0.2379316545252044 -0.23251960119023826 -0.2650774288769177 -0.22756876362612646 -0.2007912125120053 -0.2007912125120053 -0.23238513259262944 -0.22780709186736678 -0.22700491554332977 -0.21312036081183913 -0.21490860856096677 -0.20069419707525465 -0.20638379212317884 -0.20069419707525465 -0.1650964828798623 -0.172343789395648 -0.15637280172162352 -0.15637280172162352 -0.15532095637140594 -0.15175214921103813 -0.13044321571823875 -0.10771662051631004 -0.10411635093135119 -0.06026619814920979 -0.0414997747203133 -0.01202090482311622
-0.3190683313127569 -0.3190683313127569 -0.3190683313127569 -0.3190683313127569 -0.3190683313127569 -0.3190683313127569 -0.3190683313127569 -0.2910168055812731 -0.3190683313127569 -0.3190683313127569 -0.3190683313127569 -0.3190683313127569 -0.3190683313127569 -0.3190683313127569 -0.3190683313127569 -0.3190683313127569 -0.3190683313127569 -0.3190683313127569 -0.3190683313127569 -0.3190683313127569 -0.2910168055812731 -0.2005393845616727 -0.3190683313127569 -0.2910168055812731 -0.3190683313127569 -0.2910168055812731 -0.3190683313127569 -0.3190683313127569 -0.3190683313127569 -0.3190683313127569 -0.3190683313127569 -0.3190683313127569 -0.3190683313127569 -0.3190683313127569 -0.3190683313127569 -0.2379316545252044 -0.2005393845616727 -0.22756876362612646 -0.22830552679999425 -0.22756876362612646 -0.22830552679999425 -0.2910168055812731 -0.22756876362612646 -0.22830552679999425 -0.3190683313127569 -0.3190683313127569 -0.22830552679999425 -0.22756876362612646 -0.3190683313127569 -0.22756876362612646 -0.3190683313127569 -0.2616721643858613 -0.22756876362612646 -0.2910168055812731 -0.22830552679999425 -0.2616721643858613 -0.2616721643858613 -0.2379316545252044 -0.3190683313127569 -0.3190683313127569 -0.30461898934677667 -0.2953293912623936 -0.2953293912623936 -0.27682091413269405 -0.286638305034479 -0.2379316545252044 -0.23251960119023826 -0.2650774288769177 -0.22756876362612646 -0.2007912125120053 -0.2007912125120053 -0.23238513259262944 -0.22780709186736678 -0.22700491554332977 -0.21312036081183913 -0.21490860856096677 -0.20069419707525465 -0.20638379212317884 -0.20069419707525465 -0.1650964828798623 -0.172343789395648 -0.15637280172162352 -0.15637280172162352 -0.15532095637140594 -0.15175214921103813 -0.13044321571823875 -0.10771662051631004 -0.10411635093135119 -0.06026619814920979 -0.0414997747203133 -0.01202090482311622
-0.49092978818377897 -0.48361167509000863 -0.48361167509000863 -0.41450045425379445 -0.49092978818377897 -0.41450045425379445 -0.41450045425379445 -0.2910168055812731 -0.49092978818377897 -0.41450045425379445 -0.41450045425379445 -0.41450045425379445 -0.4743313807448775 -0.49092978818377897 -0.41450045425379445 -0.41450045425379445 -0.41450045425379445 -0.41450045425379445 -0.41450045425379445 -0.41450045425379445 -0.2910168055812731 -0.2005393845616727 -0.4743313807448775 -0.2910168055812731 -0.4739689395098807 -0.2910168055812731 -0.3855278509758527 -0.3855278509758527 -0.41450045425379445 -0.3855278509758527 -0.3855278509758527 -0.3335858794089664 -0.49092978818377897 -0.49092978818377897 -0.42229695704406345 -0.2379316545252044 -0.2005393845616727 -0.22756876362612646 -0.22830552679999425 -0.22756876362612646 -0.22830552679999425 -0.2910168055812731 -0.22756876362612646 -0.22830552679999425 -0.3855278509758527 -0.40113588493881985 -0.22830552679999425 -0.22756876362612646 -0.3855278509758527 -0.22756876362612646 -0.3639821370395035 -0.2616721643858613 -0.22756876362612646 -0.2910168055812731 -0.22830552679999425 -0.2616721643858613 -0.2616721643858613 -0.2379316545252044 -0.3190683313127569 -0.3190683313127569 -0.30461898934677667 -0.2844810867792142 -0.2844810867792142 -0.27682091413269405 -0.286638305034479 -0.2379316545252044 -0.23251960119023826 -0.2650774288769177 -0.22756876362612646 -0.2007912125120053 -0.2007912125120053 -0.23238513259262944 -0.22780709186736678 -0.22700491554332977 -0.21312036081183913 -0.21490860856096677 -0.20069419707525465 -0.20638379212317884 -0.20069419707525465 -0.1650964828798623 -0.172343789395648 -0.15637280172162352 -0.15637280172162352 -0.15532095637140594 -0.15175214921103813 -0.13044321571823875 -0.10771662051631004 -0.10411635093135119 -0.06026619814920979 -0.0414997747203133 -0.01202090482311622
-0.2616721643858613 -0.2616721643858613 -0.2616721643858613 -0.2616721643858613 -0.2616721643858613 -0.2616721643858613 -0.2616721643858613 -0.2616721643858613 -0.2616721643858613 -0.2616721643858613 -0.2616721643858613 -0.2616721643858613 -0.2616721643858613 -0.2616721643858613 -0.2616721643858613 -0.2616721643858613 -0.2616721643858613 -0.2616721643858613 -0.2616721643858613 -0.2616721643858613 -0.2616721643858613 -0.2005393845616727 -0.2616721643858613 -0.2616721643858613 -0.2616721643858613 -0.2616721643858613 -0.2616721643858613 -0.2616721643858613 -0.2616721643858613 -0.2616721643858613 -0.2616721643858613 -0.2616721643858613 -0.2616721643858613 -0.2616721643858613 -0.2616721643858613 -0.32706678293403324 -0.2005393845616727 -0.22756876362612646 -0.22830552679999425 -0.22756876362612646 -0.22830552679999425 -0.2616721643858613 -0.22756876362612646 -0.22830552679999425 -0.2616721643858613 -0.2616721643858613 -0.22830552679999425 -0.22756876362612646 -0.2616721643858613 -0.22756876362612646 -0.2616721643858613 -0.2616721643858613 -0.22756876362612646 -0.2616721643858613 -0.22830552679999425 -0.2616721643858613 -0.2616721643858613 -0.3326961094407719 -0.2616721643858613 -0.2616721643858613 -0.2616721643858613 -0.2616721643858613 -0.2616721643858613 -0.2616721643858613 -0.2616721643858613 -0.24391271550771643 -0.23251960119023826 -0.2616721643858613 -0.22756876362612646 -0.2007912125120053 -0.2007912125120053 -0.23238513259262944 -0.22780709186736678 -0.22700491554332977 -0.21312036081183913 -0.21490860856096677 -0.20069419707525465 -0.20638379212317884 -0.20069419707525465 -0.1650964828798623 -0.172343789395648 -0.15637280172162352 -0.15637280172162352 -0.15532095637140594 -0.15175214921103813 -0.13044321571823875 -0.10771662051631004 -0.10411635093135119 -0.06026619814920979 -0.0414997747203133 -0.01202090482311622
-0.3190683313127569 -0.3190683313127569 -0.3190683313127569 -0.3190683313127569 -0.3190683313127569 -0.3190683313127569 -0.3190683313127569 -0.2910168055812731 -0.3190683313127569 -0.3190683313127569 -0.3190683313127569 -0.3190683313127569 -0.3190683313127569 -0.3190683313127569 -0.3190683313127569 -0.3190683313127569 -0.3190683313127569 -0.3190683313127569 -0.3190683313127569 -0.3190683313127569 -0.2910168055812731 -0.2005393845616727 -0.3190683313127569 -0.2910168055812731 -0.3190683313127569 -0.2910168055812731 -0.3190683313127569 -0.3190683313127569 -0.3190683313127569 -0.3190683313127569 -0.3190683313127569 -0.3190683313127569 -0.3190683313127569 -0.3190683313127569 -0.3190683313127569 -0.24391271550771643 -0.2005393845616727 -0.22756876362612646 -0.22830552679999425 -0.22756876362612646 -0.22830552679999425 -0.2910168055812731 -0.22756876362612646 -0.22830552679999425 -0.3190683313127569 -0.3190683313127569 -0.22830552679999425 -0.22756876362612646 -0.3190683313127569 -0.22756876362612646 -0.3190683313127569 -0.2616721643858613 -0.22756876362612646 -0.2910168055812731 -0.22830552679999425 -0.2616721643858613 -0.2616721643858613 -0.24391271550771643 -0.3190683313127569 -0.3190683313127569 -0.30461898934677667 -0.2844810867792142 -0.2844810867792142 -0.27682091413269405 -0.286638305034479 -0.2788254420387021 -0.23251960119023826 -0.2650774288769177 -0.22756876362612646 -0.2007912125120053 -0.2007912125120053 -0.23238513259262944 -0.22780709186736678 -0.22700491554332977 -0.21312036081183913 -0.21490860856096677 -0.20069419707525465 -0.20638379212317884 -0.20069419707525465 -0.1650964828798623 -0.172343789395648 -0.15637280172162352 -0.15637280172162352 -0.15532095637140594 -0.15175214921103813 -0.13044321571823875 -0.10771662051631004 -0.10411635093135119 -0.06026619814920979 -0.0414997747203133 -0.01202090482311622
-0.44944150232213287 -0.44944150232213287 -0.44944150232213287 -0.41450045425379445 -0.44944150232213287 -0.41450045425379445 -0.41450045425379445 -0.2910168055812731 -0.44944150232213287 -0.41450045425379445 -0.41450045425379445 -0.41450045425379445 -0.44944150232213287 -0.44944150232213287 -0.41450045425379445 -0.41450045425379445 -0.41450045425379445 -0.41450045425379445 -0.41450045425379445 -0.41450045425379445 -0.2910168055812731 -0.2005393845616727 -0.44944150232213287 -0.2910168055812731 -0.44944150232213287 -0.2910168055812731 -0.3855278509758527 -0.3855278509758527 -0.41450045425379445 -0.3855278509758527 -0.3855278509758527 -0.3335858794089664 -0.44944150232213287 -0.44944150232213287 -0.42229695704406345 -0.2379316545252044 -0.2005393845616727 -0.22756876362612646 -0.22830552679999425 -0.22756876362612646 -0.22830552679999425 -0.2910168055812731 -0.22756876362612646 -0.22830552679999425 -0.3855278509758527 -0.40113588493881985 -0.22830552679999425 -0.22756876362612646 -0.3855278509758527 -0.22756876362612646 -0.3639821370395035 -0.2616721643858613 -0.22756876362612646 -0.2910168055812731 -0.22830552679999425 -0.2616721643858613 -0.2616721643858613 -0.2379316545252044 -0.3190683313127569 -0.3190683313127569 -0.30461898934677667 -0.2844810867792142 -0.2844810867792142 -0.27682091413269405 -0.286638305034479 -0.2379316545252044 -0.23251960119023826 -0.2650774288769177 -0.22756876362612646 -0.2007912125120053 -0.2007912125120053 -0.23238513259262944 -0.22780709186736678 -0.22700491554332977 -0.21312036081183913 -0.21490860856096677 -0.20069419707525465 -0.20638379212317884 -0.20069419707525465 -0.1650964828798623 -0.172343789395648 -0.15637280172162352 -0.15637280172162352 -0.15532095637140594 -0.15175214921103813 -0.13044321571823875 -0.10771662051631004 -0.10411635093135119 -0.06026619814920979 -0.0414997747203133 -0.01202090482311622
-0.42229695704406345 -0.42229695704406345 -0.42229695704406345 -0.4306641005045783 -0.42229695704406345 -0.4306641005045783 -0.4306641005045783 -0.2910168055812731 -0.42229695704406345 -0.4306641005045783 -0.4306641005045783 -0.4306641005045783 -0.42229695704406345 -0.42229695704406345 -0.4306641005045783 -0.4306641005045783 -0.4306641005045783 -0.4306641005045783 -0.4306641005045783 -0.4306641005045783 -0.2910168055812731 -0.2005393845616727 -0.42229695704406345 -0.2910168055812731 -0.42229695704406345 -0.2910168055812731 -0.3855278509758527 -0.3855278509758527 -0.4306641005045783 -0.3855278509758527 -0.3855278509758527 -0.3335858794089664 -0.42229695704406345 -0.42229695704406345 -0.4306641005045783 -0.2379316545252044 -0.2005393845616727 -0.22756876362612646 -0.22830552679999425 -0.22756876362612646 -0.22830552679999425 -0.2910168055812731 -0.22756876362612646 -0.22830552679999425 -0.3855278509758527 -0.40113588493881985 -0.22830552679999425 -0.22756876362612646 -0.3855278509758527 -0.22756876362612646 -0.3639821370395035 -0.2616721643858613 -0.22756876362612646 -0.2910168055812731 -0.22830552679999425 -0.2616721643858613 -0.2616721643858613 -0.2379316545252044 -0.3190683313127569 -0.3190683313127569 -0.30461898934677667 -0.2844810867792142 -0.2844810867792142 -0.27682091413269405 -0.286638305034479 -0.2379316545252044 -0.23251960119023826 -0.2650774288769177 -0.22756876362612646 -0.2007912125120053 -0.2007912125120053 -0.23238513259262944 -0.22780709186736678 -0.22700491554332977 -0.21312036081183913 -0.21762688035622685 -0.20069419707525465 -0.2085353406314334 -0.20069419707525465 -0.1650964828798623 -0.172343789395648 -0.15637280172162352 -0.15637280172162352 -0.15532095637140594 -0.15175214921103813 -0.13044321571823875 -0.10771662051631004 -0.10411635093135119 -0.06026619814920979 -0.0414997747203133 -0.01202090482311622
-0.4301261631415177 -0.4301261631415177 -0.4301261631415177 -0.41450045425379445 -0.4301261631415177 -0.41450045425379445 -0.41450045425379445 -0.2910168055812731 -0.4301261631415177 -0.41450045425379445 -0.41450045425379445 -0.41450045425379445 -0.4301261631415177 -0.4301261631415177 -0.41450045425379445 -0.41450045425379445 -0.41450045425379445 -0.41450045425379445 -0.41450045425379445 -0.41450045425379445 -0.2910168055812731 -0.2005393845616727 -0.4301261631415177 -0.2910168055812731 -0.4301261631415177 -0.2910168055812731 -0.3855278509758527 -0.3855278509758527 -0.41450045425379445 -0.3855278509758527 -0.3855278509758527 -0.3335858794089664 -0.4301261631415177 -0.4301261631415177 -0.42229695704406345 -0.2379316545252044 -0.2005393845616727 -0.22756876362612646 -0.22830552679999425 -0.22756876362612646 -0.22830552679999425 -0.2910168055812731 -0.22756876362612646 -0.22830552679999425 -0.3855278509758527 -0.40113588493881985 -0.22830552679999425 -0.22756876362612646 -0.3855278509758527 -0.22756876362612646 -0.3639821370395035 -0.2616721643858613 -0.22756876362612646 -0.2910168055812731 -0.22830552679999425 -0.2616721643858613 -0.2616721643858613 -0.2379316545252044 -0.3190683313127569 -0.3190683313127569 -0.30461898934677667 -0.2844810867792142 -0.2844810867792142 -0.27682091413269405 -0.286638305034479 -0.2379316545252044 -0.23251960119023826 -0.2650774288769177 -0.22756876362612646 -0.2007912125120053 -0.2007912125120053 -0.23238513259262944 -0.22780709186736678 -0.22700491554332977 -0.21312036081183913 -0.21490860856096677 -0.20069419707525465 -0.20638379212317884 -0.20069419707525465 -0.1650964828798623 -0.172343789395648 -0.15637280172162352 -0.15637280172162352 -0.15532095637140594 -0.15175214921103813 -0.13044321571823875 -0.10771662051631004 -0.10411635093135119 -0.06026619814920979 -0.0414997747203133 -0.01202090482311622
-0.4151119620364436 -0.4151119620364436 -0.4151119620364436 -0.41450045425379445 -0.4151119620364436 -0.41450045425379445 -0.41450045425379445 -0.2910168055812731 -0.4151119620364436 -0.41450045425379445 -0.41450045425379445 -0.41450045425379445 -0.4151119620364436 -0.4151119620364436 -0.41450045425379445 -0.41450045425379445 -0.41450045425379445 -0.41450045425379445 -0.41450045425379445 -0.41450045425379445 -0.2910168055812731 -0.2005393845616727 -0.4151119620364436 -0.2910168055812731 -0.4151119620364436 -0.2910168055812731 -0.3855278509758527 -0.3855278509758527 -0.41450045425379445 -0.3855278509758527 -0.3855278509758527 -0.3335858794089664 -0.4151119620364436 -0.4151119620364436 -0.4151119620364436 -0.2379316545252044 -0.2005393845616727 -0.22756876362612646 -0.22830552679999425 -0.22756876362612646 -0.22830552679999425 -0.2910168055812731 -0.22756876362612646 -0.22830552679999425 -0.3855278509758527 -0.40113588493881985 -0.22830552679999425 -0.22756876362612646 -0.3855278509758527 -0.22756876362612646 -0.3639821370395035 -0.2616721643858613 -0.22756876362612646 -0.2910168055812731 -0.22830552679999425 -0.2616721643858613 -0.2616721643858613 -0.2379316545252044 -0.3190683313127569 -0.3190683313127569 -0.32412616328632143 -0.2844810867792142 -0.2844810867792142 -0.27682091413269405 -0.286638305034479 -0.2379316545252044 -0.23251960119023826 -0.2650774288769177 -0.22756876362612646 -0.2007912125120053 -0.2007912125120053 -0.23238513259262944 -0.22780709186736678 -0.22700491554332977 -0.21312036081183913 -0.21490860856096677 -0.20069419707525465 -0.20638379212317884 -0.20069419707525465 -0.1650964828798623 -0.172343789395648 -0.15637280172162352 -0.15637280172162352 -0.15532095637140594 -0.15175214921103813 -0.13044321571823875 -0.10771662051631004 -0.10411635093135119 -0.06026619814920979 -0.0414997747203133 -0.01202090482311622
-0.41066111296348157 -0.41066111296348157 -0.41066111296348157 -0.41066111296348157 -0.41066111296348157 -0.41066111296348157 -0.41066111296348157 -0.2910168055812731 -0.41066111296348157 -0.41066111296348157 -0.41066111296348157 -0.41066111296348157 -0.41066111296348157 -0.41066111296348157 -0.41066111296348157 -0.41066111296348157 -0.41066111296348157 -0.41066111296348157 -0.41066111296348157 -0.41066111296348157 -0.2910168055812731 -0.2005393845616727 -0.41066111296348157 -0.2910168055812731 -0.41066111296348157 -0.2910168055812731 -0.3855278509758527 -0.3855278509758527 -0.41066111296348157 -0.3855278509758527 -0.3855278509758527 -0.3335858794089664 -0.41066111296348157 -0.41066111296348157 -0.41066111296348157 -0.2379316545252044 -0.2005393845616727 -0.22756876362612646 -0.22830552679999425 -0.22756876362612646 -0.22830552679999425 -0.2910168055812731 -0.22756876362612646 -0.22830552679999425 -0.3855278509758527 -0.40113588493881985 -0.22830552679999425 -0.22756876362612646 -0.3855278509758527 -0.22756876362612646 -0.3639821370395035 -0.2616721643858613 -0.22756876362612646 -0.2910168055812731 -0.22830552679999425 -0.2616721643858613 -0.2616721643858613 -0.2379316545252044 -0.3190683313127569 -0.3190683313127569 -0.30461898934677667 -0.2844810867792142 -0.2844810867792142 -0.27682091413269405 -0.286638305034479 -0.2379316545252044 -0.23251960119023826 -0.2650774288769177 -0.22756876362612646 -0.2007912125120053 -0.2007912125120053 -0.23238513259262944 -0.22780709186736678 -0.22700491554332977 -0.21312036081183913 -0.21762688035622685 -0.20069419707525465 -0.20638379212317884 -0.20069419707525465 -0.1650964828798623 -0.172343789395648 -0.15637280172162352 -0.15637280172162352 -0.15532095637140594 -0.15175214921103813 -0.13044321571823875 -0.10771662051631004 -0.10411635093135119 -0.06026619814920979 -0.0414997747203133 -0.01202090482311622
-0.40341078347753834 -0.40341078347753834 -0.40341078347753834 -0.40341078347753834 -0.40341078347753834 -0.40341078347753834 -0.40341078347753834 -0.2910168055812731 -0.40341078347753834 -0.40341078347753834 -0.40341078347753834 -0.40341078347753834 -0.40341078347753834 -0.40341078347753834 -0.40341078347753834 -0.40341078347753834 -0.40341078347753834 -0.40341078347753834 -0.40341078347753834 -0.40341078347753834 -0.2910168055812731 -0.2005393845616727 -0.40341078347753834 -0.2910168055812731 -0.40341078347753834 -0.2910168055812731 -0.3855278509758527 -0.3855278509758527 -0.40341078347753834 -0.3855278509758527 -0.3855278509758527 -0.3335858794089664 -0.40341078347753834 -0.40341078347753834 -0.40341078347753834 -0.2379316545252044 -0.2005393845616727 -0.22756876362612646 -0.22830552679999425 -0.22756876362612646 -0.22830552679999425 -0.2910168055812731 -0.22756876362612646 -0.22830552679999425 -0.3855278509758527 -0.40113588493881985 -0.22830552679999425 -0.22756876362612646 -0.3855278509758527 -0.22756876362612646 -0.3639821370395035 -0.2616721643858613 -0.22756876362612646 -0.2910168055812731 -0.22830552679999425 -0.2616721643858613 -0.2616721643858613 -0.2379316545252044 -0.3190683313127569 -0.3190683313127569 -0.30461898934677667 -0.2844810867792142 -0.2844810867792142 -0.27682091413269405 -0.286638305034479 -0.2379316545252044 -0.23251960119023826 -0.2650774288769177 -0.22756876362612646 -0.2007912125120053 -0.2007912125120053 -0.23238513259262944 -0.22780709186736678 -0.22700491554332977 -0.21312036081183913 -0.21490860856096677 -0.20069419707525465 -0.20638379212317884 -0.20069419707525465 -0.1650964828798623 -0.172343789395648 -0.15637280172162352 -0.15637280172162352 -0.15532095637140594 -0.15175214921103813 -0.13044321571823875 -0.10771662051631004 -0.10411635093135119 -0.06026619814920979 -0.0414997747203133 -0.01202090482311622
-0.40051560620808807 -0.40051560620808807 -0.40051560620808807 -0.40051560620808807 -0.40051560620808807 -0.40051560620808807 -0.40051560620808807 -0.2910168055812731 -0.40051560620808807 -0.40051560620808807 -0.40051560620808807 -0.40051560620808807 -0.40051560620808807 -0.40051560620808807 -0.40051560620808807 -0.40051560620808807 -0.40051560620808807 -0.40051560620808807 -0.40051560620808807 -0.40051560620808807 -0.2910168055812731 -0.2005393845616727 -0.40051560620808807 -0.2910168055812731 -0.40051560620808807 -0.2910168055812731 -0.3855278509758527 -0.3855278509758527 -0.40051560620808807 -0.3855278509758527 -0.3855278509758527 -0.3335858794089664 -0.40051560620808807 -0.40051560620808807 -0.40051560620808807 -0.2379316545252044 -0.2005393845616727 -0.22756876362612646 -0.22830552679999425 -0.22756876362612646 -0.22830552679999425 -0.2910168055812731 -0.22756876362612646 -0.22830552679999425 -0.3855278509758527 -0.40051560620808807 -0.22830552679999425 -0.22756876362612646 -0.3855278509758527 -0.22756876362612646 -0.3639821370395035 -0.2616721643858613 -0.22756876362612646 -0.2910168055812731 -0.22830552679999425 -0.2616721643858613 -0.2616721643858613 -0.2379316545252044 -0.3190683313127569 -0.3190683313127569 -0.30461898934677667 -0.2844810867792142 -0.2844810867792142 -0.27682091413269405 -0.286638305034479 -0.2379316545252044 -0.23251960119023826 -0.2650774288769177 -0.22756876362612646 -0.2007912125120053 -0.2007912125120053 -0.23238513259262944 -0.22780709186736678 -0.22700491554332977 -0.21312036081183913 -0.21490860856096677 -0.20069419707525465 -0.20638379212317884 -0.20069419707525465 -0.1650964828798623 -0.172343789395648 -0.15637280172162352 -0.15637280172162352 -0.15532095637140594 -0.15175214921103813 -0.13044321571823875 -0.10771662051631004 -0.10411635093135119 -0.06026619814920979 -0.0414997747203133 -0.01202090482311622
-0.39793997431362677 -0.39793997431362677 -0.39793997431362677 -0.39793997431362677 -0.39793997431362677 -0.39793997431362677 -0.39793997431362677 -0.2910168055812731 -0.39793997431362677 -0.39793997431362677 -0.39793997431362677 -0.39793997431362677 -0.39793997431362677 -0.39793997431362677 -0.39793997431362677 -0.39793997431362677 -0.39793997431362677 -0.39793997431362677 -0.39793997431362677 -0.39793997431362677 -0.2910168055812731 -0.2005393845616727 -0.39793997431362677 -0.2910168055812731 -0.39793997431362677 -0.2910168055812731 -0.3855278509758527 -0.3855278509758527 -0.39793997431362677 -0.3855278509758527 -0.3855278509758527 -0.3335858794089664 -0.39793997431362677 -0.39793997431362677 -0.39793997431362677 -0.2379316545252044 -0.2005393845616727 -0.22756876362612646 -0.22830552679999425 -0.22756876362612646 -0.22830552679999425 -0.2910168055812731 -0.22756876362612646 -0.22830552679999425 -0.3855278509758527 -0.39793997431362677 -0.22830552679999425 -0.22756876362612646 -0.3855278509758527 -0.22756876362612646 -0.3639821370395035 -0.2616721643858613 -0.22756876362612646 -0.2910168055812731 -0.22830552679999425 -0.2616721643858613 -0.2616721643858613 -0.2379316545252044 -0.3190683313127569 -0.3190683313127569 -0.30461898934677667 -0.2844810867792142 -0.2844810867792142 -0.27682091413269405 -0.286638305034479 -0.2379316545252044 -0.23251960119023826 -0.2650774288769177 -0.22756876362612646 -0.2007912125120053 -0.2007912125120053 -0.23238513259262944 -0.22780709186736678 -0.22700491554332977 -0.21312036081183913 -0.21490860856096677 -0.20069419707525465 -0.20638379212317884 -0.20069419707525465 -0.1650964828798623 -0.172343789395648 -0.15637280172162352 -0.15637280172162352 -0.15532095637140594 -0.15175214921103813 -0.13044321571823875 -0.10771662051631004 -0.10411635093135119 -0.06026619814920979 -0.0414997747203133 -0.01202090482311622
-0.3969894300529554 -0.3969894300529554 -0.3969894300529554 -0.3969894300529554 -0.3969894300529554 -0.3969894300529554 -0.3969894300529554 -0.2910168055812731 -0.3969894300529554 -0.3969894300529554 -0.3969894300529554 -0.3969894300529554 -0.3969894300529554 -0.3969894300529554 -0.3969894300529554 -0.3969894300529554 -0.3969894300529554 -0.3969894300529554 -0.3969894300529554 -0.3969894300529554 -0.2910168055812731 -0.2005393845616727 -0.3969894300529554 -0.2910168055812731 -0.3969894300529554 -0.2910168055812731 -0.3855278509758527 -0.3855278509758527 -0.3969894300529554 -0.3855278509758527 -0.3855278509758527 -0.3335858794089664 -0.3969894300529554 -0.3969894300529554 -0.3969894300529554 -0.2379316545252044 -0.2005393845616727 -0.22756876362612646 -0.22830552679999425 -0.22756876362612646 -0.22830552679999425 -0.2910168055812731 -0.22756876362612646 -0.22830552679999425 -0.3855278509758527 -0.3969894300529554 -0.22830552679999425 -0.22756876362612646 -0.3855278509758527 -0.22756876362612646 -0.3639821370395035 -0.2616721643858613 -0.22756876362612646 -0.2910168055812731 -0.22830552679999425 -0.2616721643858613 -0.2616721643858613 -0.2379316545252044 -0.3190683313127569 -0.3190683313127569 -0.30461898934677667 -0.2844810867792142 -0.2844810867792142 -0.27682091413269405 -0.286638305034479 -0.2379316545252044 -0.23251960119023826 -0.2650774288769177 -0.22756876362612646 -0.2007912125120053 -0.2007912125120053 -0.23238513259262944 -0.22780709186736678 -0.22700491554332977 -0.21312036081183913 -0.21490860856096677 -0.20069419707525465 -0.20638379212317884 -0.20069419707525465 -0.1650964828798623 -0.172343789395648 -0.15637280172162352 -0.15637280172162352 -0.15532095637140594 -0.15175214921103813 -0.13044321571823875 -0.10771662051631004 -0.10411635093135119 -0.06026619814920979 -0.0414997747203133 -0.01202090482311622
-0.3944341321717997 -0.3944341321717997 -0.3944341321717997 -0.3944341321717997 -0.3944341321717997 -0.3944341321717997 -0.3944341321717997 -0.2910168055812731 -0.3944341321717997 -0.3944341321717997 -0.3944341321717997 -0.3944341321717997 -0.3944341321717997 -0.3944341321717997 -0.3944341321717997 -0.3944341321717997 -0.3944341321717997 -0.3944341321717997 -0.3944341321717997 -0.3944341321717997 -0.2910168055812731 -0.2005393845616727 -0.3944341321717997 -0.2910168055812731 -0.3944341321717997 -0.2910168055812731 -0.3855278509758527 -0.3855278509758527 -0.3944341321717997 -0.3855278509758527 -0.3855278509758527 -0.3335858794089664 -0.3944341321717997 -0.3944341321717997 -0.3944341321717997 -0.2379316545252044 -0.2005393845616727 -0.22756876362612646 -0.22830552679999425 -0.22756876362612646 -0.22830552679999425 -0.2910168055812731 -0.22756876362612646 -0.22830552679999425 -0.3855278509758527 -0.3944341321717997 -0.22830552679999425 -0.22756876362612646 -0.3855278509758527 -0.22756876362612646 -0.3639821370395035 -0.2616721643858613 -0.22756876362612646 -0.2910168055812731 -0.22830552679999425 -0.2616721643858613 -0.2616721643858613 -0.2379316545252044 -0.3190683313127569 -0.3190683313127569 -0.30461898934677667 -0.2844810867792142 -0.2844810867792142 -0.27682091413269405 -0.286638305034479 -0.2379316545252044 -0.23251960119023826 -0.2650774288769177 -0.22756876362612646 -0.2007912125120053 -0.2007912125120053 -0.23238513259262944 -0.22780709186736678 -0.22700491554332977 -0.21312036081183913 -0.21490860856096677 -0.20069419707525465 -0.20638379212317884 -0.20069419707525465 -0.1650964828798623 -0.172343789395648 -0.15637280172162352 -0.15637280172162352 -0.15532095637140594 -0.15175214921103813 -0.13044321571823875 -0.10771662051631004 -0.10411635093135119 -0.06026619814920979 -0.0414997747203133 -0.01202090482311622
-0.38921112832160026 -0.38921112832160026 -0.38921112832160026 -0.38921112832160026 -0.38921112832160026 -0.38921112832160026 -0.38921112832160026 -0.2910168055812731 -0.38921112832160026 -0.38921112832160026 -0.38921112832160026 -0.38921112832160026 -0.38921112832160026 -0.38921112832160026 -0.38921112832160026 -0.38921112832160026 -0.38921112832160026 -0.38921112832160026 -0.38921112832160026 -0.38921112832160026 -0.2910168055812731 -0.2005393845616727 -0.38921112832160026 -0.2910168055812731 -0.38921112832160026 -0.2910168055812731 -0.3855278509758527 -0.3855278509758527 -0.38921112832160026 -0.3855278509758527 -0.3855278509758527 -0.3335858794089664 -0.38921112832160026 -0.38921112832160026 -0.38921112832160026 -0.2379316545252044 -0.2005393845616727 -0.22756876362612646 -0.22830552679999425 -0.22756876362612646 -0.22830552679999425 -0.2910168055812731 -0.22756876362612646 -0.22830552679999425 -0.3855278509758527 -0.38921112832160026 -0.22830552679999425 -0.22756876362612646 -0.3855278509758527 -0.22756876362612646 -0.3639821370395035 -0.2616721643858613 -0.22756876362612646 -0.2910168055812731 -0.22830552679999425 -0.2616721643858613 -0.2616721643858613 -0.2379316545252044 -0.3190683313127569 -0.3190683313127569 -0.30461898934677667 -0.2844810867792142 -0.2844810867792142 -0.27682091413269405 -0.286638305034479 -0.2379316545252044 -0.23251960119023826 -0.2650774288769177 -0.22756876362612646 -0.2007912125120053 -0.2007912125120053 -0.23238513259262944 -0.22780709186736678 -0.22700491554332977 -0.21312036081183913 -0.21490860856096677 -0.20069419707525465 -0.20638379212317884 -0.20069419707525465 -0.1650964828798623 -0.172343789395648 -0.15637280172162352 -0.15637280172162352 -0.15532095637140594 -0.15175214921103813 -0.13044321571823875 -0.10771662051631004 -0.10411635093135119 -0.06026619814920979 -0.0414997747203133 -0.01202090482311622
-0.3848039497056876 -0.3848039497056876 -0.3848039497056876 -0.3848039497056876 -0.3848039497056876 -0.3848039497056876 -0.3848039497056876 -0.2910168055812731 -0.3848039497056876 -0.3848039497056876 -0.3848039497056876 -0.3848039497056876 -0.3848039497056876 -0.3848039497056876 -0.3848039497056876 -0.3848039497056876 -0.3848039497056876 -0.3848039497056876 -0.3848039497056876 -0.3848039497056876 -0.2910168055812731 -0.2005393845616727 -0.3848039497056876 -0.2910168055812731 -0.3848039497056876 -0.2910168055812731 -0.3848039497056876 -0.3848039497056876 -0.3848039497056876 -0.3848039497056876 -0.3848039497056876 -0.3335858794089664 -0.3848039497056876 -0.3848039497056876 -0.3848039497056876 -0.2379316545252044 -0.2005393845616727 -0.33024413914650086 -0.3848039497056876 -0.33024413914650086 -0.3848039497056876 -0.2910168055812731 -0.33024413914650086 -0.3848039497056876 -0.3848039497056876 -0.3848039497056876 -0.3848039497056876 -0.33024413914650086 -0.3848039497056876 -0.37087609797028714 -0.3639821370395035 -0.2616721643858613 -0.3143007743387771 -0.2910168055812731 -0.3444222373311635 -0.2616721643858613 -0.2616721643858613 -0.2379316545252044 -0.3190683313127569 -0.3190683313127569 -0.30461898934677667 -0.2844810867792142 -0.2844810867792142 -0.27682091413269405 -0.286638305034479 -0.2379316545252044 -0.23251960119023826 -0.2650774288769177 -0.23316910639800412 -0.2007912125120053 -0.2007912125120053 -0.23238513259262944 -0.22780709186736678 -0.22700491554332977 -0.21312036081183913 -0.21490860856096677 -0.20069419707525465 -0.20638379212317884 -0.20069419707525465 -0.1650964828798623 -0.172343789395648 -0.15637280172162352 -0.15637280172162352 -0.15532095637140594 -0.15175214921103813 -0.13044321571823875 -0.10771662051631004 -0.10411635093135119 -0.06026619814920979 -0.0414997747203133 -0.01202090482311622
-0.3639821370395035 -0.3639821370395035 -0.3639821370395035 -0.3639821370395035 -0.3639821370395035 -0.3639821370395035 -0.3639821370395035 -0.2910168055812731 -0.3639821370395035 -0.3639821370395035 -0.3639821370395035 -0.3639821370395035 -0.3639821370395035 -0.3639821370395035 -0.3639821370395035 -0.3639821370395035 -0.3639821370395035 -0.3639821370395035 -0.3639821370395035 -0.3639821370395035 -0.2910168055812731 -0.2005393845616727 -0.3639821370395035 -0.2910168055812731 -0.3639821370395035 -0.2910168055812731 -0.3639821370395035 -0.3639821370395035 -0.3639821370395035 -0.3639821370395035 -0.3639821370395035 -0.3335858794089664 -0.3639821370395035 -0.3639821370395035 -0.3639821370395035 -0.2379316545252044 -0.2005393845616727 -0.22756876362612646 -0.22830552679999425 -0.22756876362612646 -0.22830552679999425 -0.2910168055812731 -0.22756876362612646 -0.22830552679999425 -0.3639821370395035 -0.3639821370395035 -0.22830552679999425 -0.22756876362612646 -0.3639821370395035 -0.22756876362612646 -0.3639821370395035 -0.2616721643858613 -0.22756876362612646 -0.2910168055812731 -0.22830552679999425 -0.2616721643858613 -0.2616721643858613 -0.2379316545252044 -0.3190683313127569 -0.3190683313127569 -0.30461898934677667 -0.2844810867792142 -0.2844810867792142 -0.27682091413269405 -0.286638305034479 -0.2379316545252044 -0.23251960119023826 -0.2650774288769177 -0.22756876362612646 -0.2007912125120053 -0.2007912125120053 -0.23238513259262944 -0.22780709186736678 -0.22700491554332977 -0.21312036081183913 -0.21490860856096677 -0.20069419707525465 -0.20638379212317884 -0.20069419707525465 -0.1650964828798623 -0.172343789395648 -0.15637280172162352 -0.15637280172162352 -0.15532095637140594 -0.15175214921103813 -0.13044321571823875 -0.10771662051631004 -0.10411635093135119 -0.06026619814920979 -0.0414997747203133 -0.01202090482311622
-0.3825153921390218 -0.3825153921390218 -0.3825153921390218 -0.3825153921390218 -0.3825153921390218 -0.3825153921390218 -0.3825153921390218 -0.2910168055812731 -0.3825153921390218 -0.3825153921390218 -0.3825153921390218 -0.3825153921390218 -0.3825153921390218 -0.3825153921390218 -0.3825153921390218 -0.3825153921390218 -0.3825153921390218 -0.3825153921390218 -0.3825153921390218 -0.3825153921390218 -0.2910168055812731 -0.2005393845616727 -0.3825153921390218 -0.2910168055812731 -0.3825153921390218 -0.2910168055812731 -0.3825153921390218 -0.3825153921390218 -0.3825153921390218 -0.3825153921390218 -0.3825153921390218 -0.3335858794089664 -0.3825153921390218 -0.3825153921390218 -0.3825153921390218 -0.2379316545252044 -0.2005393845616727 -0.3825153921390218 -0.3098266462186488 -0.3825153921390218 -0.3098266462186488 -0.2910168055812731 -0.3825153921390218 -0.3825153921390218 -0.3825153921390218 -0.3825153921390218 -0.3098266462186488 -0.3825153921390218 -0.3825153921390218 -0.37087609797028714 -0.3639821370395035 -0.2616721643858613 -0.3143007743387771 -0.2910168055812731 -0.3098266462186488 -0.2616721643858613 -0.2616721643858613 -0.2379316545252044 -0.3190683313127569 -0.3190683313127569 -0.30461898934677667 -0.2844810867792142 -0.2844810867792142 -0.27682091413269405 -0.286638305034479 -0.2379316545252044 -0.23251960119023826 -0.2650774288769177 -0.23316910639800412 -0.2007912125120053 -0.2007912125120053 -0.23238513259262944 -0.22780709186736678 -0.22700491554332977 -0.21312036081183913 -0.21490860856096677 -0.20069419707525465 -0.20638379212317884 -0.20069419707525465 -0.1650964828798623 -0.172343789395648 -0.15637280172162352 -0.15637280172162352 -0.15532095637140594 -0.15175214921103813 -0.13044321571823875 -0.10771662051631004 -0.10411635093135119 -0.06026619814920979 -0.0414997747203133 -0.01202090482311622
-0.3639821370395035 -0.3639821370395035 -0.3639821370395035 -0.3639821370395035 -0.3639821370395035 -0.3639821370395035 -0.3639821370395035 -0.2910168055812731 -0.3639821370395035 -0.3639821370395035 -0.3639821370395035 -0.3639821370395035 -0.3639821370395035 -0.3639821370395035 -0.3639821370395035 -0.3639821370395035 -0.3639821370395035 -0.3639821370395035 -0.3639821370395035 -0.3639821370395035 -0.2910168055812731 -0.2005393845616727 -0.3639821370395035 -0.2910168055812731 -0.3639821370395035 -0.2910168055812731 -0.3639821370395035 -0.3639821370395035 -0.3639821370395035 -0.3639821370395035 -0.3639821370395035 -0.3335858794089664 -0.3639821370395035 -0.3639821370395035 -0.3639821370395035 -0.2379316545252044 -0.2005393845616727 -0.22756876362612646 -0.22830552679999425 -0.22756876362612646 -0.22830552679999425 -0.2910168055812731 -0.22756876362612646 -0.22830552679999425 -0.3639821370395035 -0.3639821370395035 -0.22830552679999425 -0.22756876362612646 -0.3639821370395035 -0.22756876362612646 -0.3639821370395035 -0.2616721643858613 -0.22756876362612646 -0.2910168055812731 -0.22830552679999425 -0.2616721643858613 -0.2616721643858613 -0.2379316545252044 -0.3190683313127569 -0.3190683313127569 -0.30461898934677667 -0.2844810867792142 -0.2844810867792142 -0.27682091413269405 -0.286638305034479 -0.2379316545252044 -0.23251960119023826 -0.2650774288769177 -0.22756876362612646 -0.2007912125120053 -0.2007912125120053 -0.23238513259262944 -0.22780709186736678 -0.22700491554332977 -0.21312036081183913 -0.21490860856096677 -0.20069419707525465 -0.20638379212317884 -0.20069419707525465 -0.1650964828798623 -0.172343789395648 -0.15637280172162352 -0.15637280172162352 -0.15532095637140594 -0.15175214921103813 -0.13044321571823875 -0.10771662051631004 -0.10411635093135119 -0.06026619814920979 -0.0414997747203133 -0.01202090482311622
-0.3752823504745499 -0.3752823504745499 -0.3752823504745499 -0.3752823504745499 -0.3752823504745499 -0.3752823504745499 -0.3752823504745499 -0.2910168055812731 -0.3752823504745499 -0.3752823504745499 -0.3752823504745499 -0.3752823504745499 -0.3752823504745499 -0.3752823504745499 -0.3752823504745499 -0.3752823504745499 -0.3752823504745499 -0.3752823504745499 -0.3752823504745499 -0.3752823504745499 -0.2910168055812731 -0.2005393845616727 -0.3752823504745499 -0.2910168055812731 -0.3752823504745499 -0.2910168055812731 -0.3752823504745499 -0.3752823504745499 -0.3752823504745499 -0.3752823504745499 -0.3752823504745499 -0.3335858794089664 -0.3752823504745499 -0.3752823504745499 -0.3752823504745499 -0.2379316545252044 -0.2005393845616727 -0.22756876362612646 -0.22830552679999425 -0.22756876362612646 -0.22830552679999425 -0.2910168055812731 -0.22756876362612646 -0.22830552679999425 -0.3752823504745499 -0.3752823504745499 -0.22830552679999425 -0.22756876362612646 -0.3752823504745499 -0.22756876362612646 -0.3639821370395035 -0.2616721643858613 -0.22756876362612646 -0.2910168055812731 -0.22830552679999425 -0.2616721643858613 -0.2616721643858613 -0.2379316545252044 -0.3190683313127569 -0.3190683313127569 -0.30461898934677667 -0.2844810867792142 -0.2844810867792142 -0.27682091413269405 -0.286638305034479 -0.2379316545252044 -0.23251960119023826 -0.2650774288769177 -0.22756876362612646 -0.2007912125120053 -0.2007912125120053 -0.23238513259262944 -0.22780709186736678 -0.22700491554332977 -0.21312036081183913 -0.21490860856096677 -0.20069419707525465 -0.20638379212317884 -0.20069419707525465 -0.1650964828798623 -0.172343789395648 -0.15637280172162352 -0.15637280172162352 -0.15532095637140594 -0.15175214921103813 -0.13044321571823875 -0.10771662051631004 -0.10411635093135119 -0.06026619814920979 -0.0414997747203133 -0.01202090482311622
-0.3335858794089664 -0.3335858794089664 -0.3335858794089664 -0.3335858794089664 -0.3335858794089664 -0.3335858794089664 -0.3335858794089664 -0.2910168055812731 -0.3335858794089664 -0.3335858794089664 -0.3335858794089664 -0.3335858794089664 -0.3335858794089664 -0.3335858794089664 -0.3335858794089664 -0.3335858794089664 -0.3335858794089664 -0.3335858794089664 -0.3335858794089664 -0.3335858794089664 -0.2910168055812731 -0.2005393845616727 -0.3335858794089664 -0.2910168055812731 -0.3335858794089664 -0.2910168055812731 -0.3335858794089664 -0.3335858794089664 -0.3335858794089664 -0.3335858794089664 -0.3335858794089664 -0.3335858794089664 -0.3335858794089664 -0.3335858794089664 -0.3335858794089664 -0.2379316545252044 -0.2005393845616727 -0.22756876362612646 -0.37334863984519456 -0.22756876362612646 -0.37334863984519456 -0.2910168055812731 -0.22756876362612646 -0.37334863984519456 -0.3335858794089664 -0.3335858794089664 -0.37334863984519456 -0.22756876362612646 -0.3335858794089664 -0.22756876362612646 -0.3335858794089664 -0.2616721643858613 -0.22756876362612646 -0.2910168055812731 -0.3469204620172062 -0.2616721643858613 -0.2616721643858613 -0.2379316545252044 -0.3190683313127569 -0.3190683313127569 -0.30461898934677667 -0.2844810867792142 -0.2844810867792142 -0.27682091413269405 -0.286638305034479 -0.2379316545252044 -0.23251960119023826 -0.2650774288769177 -0.22756876362612646 -0.2007912125120053 -0.2007912125120053 -0.23238513259262944 -0.22780709186736678 -0.22700491554332977 -0.21312036081183913 -0.21490860856096677 -0.20069419707525465 -0.20638379212317884 -0.20069419707525465 -0.1650964828798623 -0.172343789395648 -0.15637280172162352 -0.15637280172162352 -0.15532095637140594 -0.15175214921103813 -0.13044321571823875 -0.10771662051631004 -0.10411635093135119 -0.06026619814920979 -0.0414997747203133 -0.01202090482311622
-0.3335858794089664 -0.3335858794089664 -0.3335858794089664 -0.3335858794089664 -0.3335858794089664 -0.3335858794089664 -0.3335858794089664 -0.2910168055812731 -0.3335858794089664 -0.3335858794089664 -0.3335858794089664 -0.3335858794089664 -0.3335858794089664 -0.3335858794089664 -0.3335858794089664 -0.3335858794089664 -0.3335858794089664 -0.3335858794089664 -0.3335858794089664 -0.3335858794089664 -0.2910168055812731 -0.2005393845616727 -0.3335858794089664 -0.2910168055812731 -0.3335858794089664 -0.2910168055812731 -0.3335858794089664 -0.3335858794089664 -0.3335858794089664 -0.3335858794089664 -0.3335858794089664 -0.3335858794089664 -0.3335858794089664 -0.3335858794089664 -0.3335858794089664 -0.2379316545252044 -0.2005393845616727 -0.3706912981724754 -0.22830552679999425 -0.3706912981724754 -0.22830552679999425 -0.2910168055812731 -0.3706912981724754 -0.22830552679999425 -0.3335858794089664 -0.3335858794089664 -0.22830552679999425 -0.3706912981724754 -0.3335858794089664 -0.3706912981724754 -0.3335858794089664 -0.2616721643858613 -0.34878328285985966 -0.2910168055812731 -0.22830552679999425 -0.2616721643858613 -0.2616721643858613 -0.2379316545252044 -0.3190683313127569 -0.3190683313127569 -0.30461898934677667 -0.2844810867792142 -0.2844810867792142 -0.27682091413269405 -0.286638305034479 -0.2379316545252044 -0.23251960119023826 -0.2650774288769177 -0.23316910639800412 -0.2007912125120053 -0.2007912125120053 -0.23238513259262944 -0.22780709186736678 -0.22700491554332977 -0.21312036081183913 -0.21490860856096677 -0.20069419707525465 -0.20638379212317884 -0.20069419707525465 -0.1650964828798623 -0.172343789395648 -0.15637280172162352 -0.15637280172162352 -0.15532095637140594 -0.15175214921103813 -0.13044321571823875 -0.10771662051631004 -0.10411635093135119 -0.06026619814920979 -0.0414997747203133 -0.01202090482311622
-0.36631638309845993 -0.36631638309845993 -0.36631638309845993 -0.36631638309845993 -0.36631638309845993 -0.36631638309845993 -0.36631638309845993 -0.2910168055812731 -0.36631638309845993 -0.36631638309845993 -0.36631638309845993 -0.36631638309845993 -0.36631638309845993 -0.36631638309845993 -0.36631638309845993 -0.36631638309845993 -0.36631638309845993 -0.36631638309845993 -0.36631638309845993 -0.36631638309845993 -0.2910168055812731 -0.2005393845616727 -0.36631638309845993 -0.2910168055812731 -0.36631638309845993 -0.2910168055812731 -0.36631638309845993 -0.36631638309845993 -0.36631638309845993 -0.36631638309845993 -0.36631638309845993 -0.3335858794089664 -0.36631638309845993 -0.36631638309845993 -0.36631638309845993 -0.2379316545252044 -0.2005393845616727 -0.22756876362612646 -0.22830552679999425 -0.22756876362612646 -0.22830552679999425 -0.2910168055812731 -0.22756876362612646 -0.22830552679999425 -0.36631638309845993 -0.36631638309845993 -0.22830552679999425 -0.22756876362612646 -0.36631638309845993 -0.22756876362612646 -0.3639821370395035 -0.2616721643858613 -0.22756876362612646 -0.2910168055812731 -0.22830552679999425 -0.2616721643858613 -0.2616721643858613 -0.2379316545252044 -0.3190683313127569 -0.3190683313127569 -0.30461898934677667 -0.2844810867792142 -0.2844810867792142 -0.27682091413269405 -0.286638305034479 -0.2379316545252044 -0.23251960119023826 -0.2650774288769177 -0.22756876362612646 -0.2007912125120053 -0.2007912125120053 -0.23238513259262944 -0.22780709186736678 -0.22700491554332977 -0.21312036081183913 -0.21490860856096677 -0.20069419707525465 -0.20638379212317884 -0.20069419707525465 -0.1650964828798623 -0.172343789395648 -0.15637280172162352 -0.15637280172162352 -0.15532095637140594 -0.15175214921103813 -0.13044321571823875 -0.10771662051631004 -0.10411635093135119 -0.06026619814920979 -0.0414997747203133 -0.01202090482311622
-0.36417024605692766 -0.36417024605692766 -0.36417024605692766 -0.36417024605692766 -0.36417024605692766 -0.36417024605692766 -0.36417024605692766 -0.2910168055812731 -0.36417024605692766 -0.36417024605692766 -0.36417024605692766 -0.36417024605692766 -0.36417024605692766 -0.36417024605692766 -0.36417024605692766 -0.36417024605692766 -0.36417024605692766 -0.36417024605692766 -0.36417024605692766 -0.36417024605692766 -0.2910168055812731 -0.2005393845616727 -0.36417024605692766 -0.2910168055812731 -0.36417024605692766 -0.2910168055812731 -0.36417024605692766 -0.36417024605692766 -0.36417024605692766 -0.36417024605692766 -0.36417024605692766 -0.3335858794089664 -0.36417024605692766 -0.36417024605692766 -0.36417024605692766 -0.2379316545252044 -0.2005393845616727 -0.3531574044481987 -0.36417024605692766 -0.3623059285372314 -0.36417024605692766 -0.2910168055812731 -0.36417024605692766 -0.36417024605692766 -0.36417024605692766 -0.36417024605692766 -0.36417024605692766 -0.3531574044481987 -0.36417024605692766 -0.36417024605692766 -0.3639821370395035 -0.2616721643858613 -0.3143007743387771 -0.2910168055812731 -0.3444222373311635 -0.2616721643858613 -0.2616721643858613 -0.2379316545252044 -0.3190683313127569 -0.3190683313127569 -0.30461898934677667 -0.2844810867792142 -0.2844810867792142 -0.27682091413269405 -0.286638305034479 -0.2379316545252044 -0.23251960119023826 -0.2650774288769177 -0.23316910639800412 -0.2007912125120053 -0.2007912125120053 -0.23238513259262944 -0.22780709186736678 -0.22700491554332977 -0.21312036081183913 -0.21490860856096677 -0.20069419707525465 -0.20638379212317884 -0.20069419707525465 -0.1650964828798623 -0.172343789395648 -0.15637280172162352 -0.15637280172162352 -0.15532095637140594 -0.15175214921103813 -0.13044321571823875 -0.10771662051631004 -0.10411635093135119 -0.06026619814920979 -0.0414997747203133 -0.01202090482311622
-0.22830552679999425 -0.22830552679999425 -0.22830552679999425 -0.22830552679999425 -0.22830552679999425 -0.22830552679999425 -0.22830552679999425 -0.22830552679999425 -0.22830552679999425 -0.22830552679999425 -0.22830552679999425 -0.22830552679999425 -0.22830552679999425 -0.22830552679999425 -0.22830552679999425 -0.22830552679999425 -0.22830552679999425 -0.22830552679999425 -0.22830552679999425 -0.22830552679999425 -0.22830552679999425 -0.2005393845616727 -0.22830552679999425 -0.22830552679999425 -0.22830552679999425 -0.22830552679999425 -0.22830552679999425 -0.22830552679999425 -0.22830552679999425 -0.22830552679999425 -0.22830552679999425 -0.22830552679999425 -0.22830552679999425 -0.22830552679999425 -0.22830552679999425 -0.22830552679999425 -0.2005393845616727 -0.22756876362612646 -0.3627520264337972 -0.22756876362612646 -0.3627520264337972 -0.22830552679999425 -0.22756876362612646 -0.3627520264337972 -0.22830552679999425 -0.22830552679999425 -0.3627520264337972 -0.22756876362612646 -0.22830552679999425 -0.22756876362612646 -0.22830552679999425 -0.22830552679999425 -0.22756876362612646 -0.22830552679999425 -0.3469204620172062 -0.22830552679999425 -0.22830552679999425 -0.22830552679999425 -0.22830552679999425 -0.22830552679999425 -0.22830552679999425 -0.22830552679999425 -0.22830552679999425 -0.22830552679999425 -0.22830552679999425 -0.22830552679999425 -0.22830552679999425 -0.22830552679999425 -0.22756876362612646 -0.2007912125120053 -0.2007912125120053 -0.22830552679999425 -0.22780709186736678 -0.22700491554332977 -0.21312036081183913 -0.21490860856096677 -0.20069419707525465 -0.20638379212317884 -0.20069419707525465 -0.1650964828798623 -0.172343789395648 -0.15637280172162352 -0.15637280172162352 -0.15532095637140594 -0.15175214921103813 -0.13044321571823875 -0.10771662051631004 -0.10411635093135119 -0.06026619814920979 -0.0414997747203133 -0.01202090482311622
-0.36219630971282524 -0.36219630971282524 -0.36219630971282524 -0.36219630971282524 -0.36219630971282524 -0.36219630971282524 -0.36219630971282524 -0.2910168055812731 -0.36219630971282524 -0.36219630971282524 -0.36219630971282524 -0.36219630971282524 -0.36219630971282524 -0.36219630971282524 -0.36219630971282524 -0.36219630971282524 -0.36219630971282524 -0.36219630971282524 -0.36219630971282524 -0.36219630971282524 -0.2910168055812731 -0.2005393845616727 -0.36219630971282524 -0.2910168055812731 -0.36219630971282524 -0.2910168055812731 -0.36219630971282524 -0.36219630971282524 -0.36219630971282524 -0.36219630971282524 -0.36219630971282524 -0.3335858794089664 -0.36219630971282524 -0.36219630971282524 -0.36219630971282524 -0.2379316545252044 -0.2005393845616727 -0.36219630971282524 -0.3098266462186488 -0.36219630971282524 -0.3098266462186488 -0.2910168055812731 -0.36219630971282524 -0.36219630971282524 -0.36219630971282524 -0.36219630971282524 -0.3098266462186488 -0.36219630971282524 -0.36219630971282524 -0.36219630971282524 -0.36219630971282524 -0.2616721643858613 -0.3143007743387771 -0.2910168055812731 -0.3098266462186488 -0.2616721643858613 -0.2616721643858613 -0.2379316545252044 -0.3190683313127569 -0.3190683313127569 -0.30461898934677667 -0.2844810867792142 -0.2844810867792142 -0.27682091413269405 -0.286638305034479 -0.2379316545252044 -0.23251960119023826 -0.2650774288769177 -0.23316910639800412 -0.2007912125120053 -0.2007912125120053 -0.23238513259262944 -0.22780709186736678 -0.22700491554332977 -0.21312036081183913 -0.21490860856096677 -0.20069419707525465 -0.20638379212317884 -0.20069419707525465 -0.1650964828798623 -0.172343789395648 -0.15637280172162352 -0.15637280172162352 -0.15532095637140594 -0.15175214921103813 -0.13044321571823875 -0.10771662051631004 -0.10411635093135119 -0.06026619814920979 -0.0414997747203133 -0.01202090482311622
-0.22756876362612646 -0.22756876362612646 -0.22756876362612646 -0.22756876362612646 -0.22756876362612646 -0.22756876362612646 -0.22756876362612646 -0.22756876362612646 -0.22756876362612646 -0.22756876362612646 -0.22756876362612646 -0.22756876362612646 -0.22756876362612646 -0.22756876362612646 -0.22756876362612646 -0.22756876362612646 -0.22756876362612646 -0.22756876362612646 -0.22756876362612646 -0.22756876362612646 -0.22756876362612646 -0.2005393845616727 -0.22756876362612646 -0.22756876362612646 -0.22756876362612646 -0.22756876362612646 -0.22756876362612646 -0.22756876362612646 -0.22756876362612646 -0.22756876362612646 -0.22756876362612646 -0.22756876362612646 -0.22756876362612646 -0.22756876362612646 -0.22756876362612646 -0.22756876362612646 -0.2005393845616727 -0.3598918704150468 -0.22756876362612646 -0.3598918704150468 -0.22756876362612646 -0.22756876362612646 -0.3598918704150468 -0.22756876362612646 -0.22756876362612646 -0.22756876362612646 -0.22756876362612646 -0.3598918704150468 -0.22756876362612646 -0.3598918704150468 -0.22756876362612646 -0.22756876362612646 -0.34878328285985966 -0.22756876362612646 -0.22756876362612646 -0.22756876362612646 -0.22756876362612646 -0.22756876362612646 -0.22756876362612646 -0.22756876362612646 -0.22756876362612646 -0.22756876362612646 -0.22756876362612646 -0.22756876362612646 -0.22756876362612646 -0.22756876362612646 -0.22756876362612646 -0.22756876362612646 -0.23316910639800412 -0.2007912125120053 -0.2007912125120053 -0.22756876362612646 -0.22756876362612646 -0.22700491554332977 -0.21312036081183913 -0.21490860856096677 -0.20069419707525465 -0.20638379212317884 -0.20069419707525465 -0.1650964828798623 -0.172343789395648 -0.15637280172162352 -0.15637280172162352 -0.15532095637140594 -0.15175214921103813 -0.13044321571823875 -0.10771662051631004 -0.10411635093135119 -0.06026619814920979 -0.0414997747203133 -0.01202090482311622
-0.2379316545252044 -0.2379316545252044 -0.2379316545252044 -0.2379316545252044 -0.2379316545252044 -0.2379316545252044 -0.2379316545252044 -0.2379316545252044 -0.2379316545252044 -0.2379316545252044 -0.2379316545252044 -0.2379316545252044 -0.2379316545252044 -0.2379316545252044 -0.2379316545252044 -0.2379316545252044 -0.2379316545252044 -0.2379316545252044 -0.2379316545252044 -0.2379316545252044 -0.2379316545252044 -0.2005393845616727 -0.2379316545252044 -0.2379316545252044 -0.2379316545252044 -0.2379316545252044 -0.2379316545252044 -0.2379316545252044 -0.2379316545252044 -0.2379316545252044 -0.2379316545252044 -0.2379316545252044 -0.2379316545252044 -0.2379316545252044 -0.2379316545252044 -0.2379316545252044 -0.2005393845616727 -0.22756876362612646 -0.22830552679999425 -0.22756876362612646 -0.22830552679999425 -0.2379316545252044 -0.22756876362612646 -0.22830552679999425 -0.2379316545252044 -0.2379316545252044 -0.22830552679999425 -0.22756876362612646 -0.2379316545252044 -0.22756876362612646 -0.2379316545252044 -0.2379316545252044 -0.22756876362612646 -0.2379316545252044 -0.22830552679999425 -0.2379316545252044 -0.2379316545252044 -0.2379316545252044 -0.2379316545252044 -0.2379316545252044 -0.2379316545252044 -0.2379316545252044 -0.2379316545252044 -0.2379316545252044 -0.2379316545252044 -0.2379316545252044 -0.23251960119023826 -0.2379316545252044 -0.22756876362612646 -0.2007912125120053 -0.2007912125120053 -0.23238513259262944 -0.22780709186736678 -0.22700491554332977 -0.21312036081183913 -0.21490860856096677 -0.20069419707525465 -0.20638379212317884 -0.20069419707525465 -0.1650964828798623 -0.172343789395648 -0.15637280172162352 -0.15637280172162352 -0.15532095637140594 -0.15175214921103813 -0.13044321571823875 -0.10771662051631004 -0.10411635093135119 -0.06026619814920979 -0.0414997747203133 -0.01202090482311622
-0.2005393845616727 -0.2005393845616727 -0.2005393845616727 -0.2005393845616727 -0.2005393845616727 -0.2005393845616727 -0.2005393845616727 -0.2005393845616727 -0.2005393845616727 -0.2005393845616727 -0.2005393845616727 -0.2005393845616727 -0.2005393845616727 -0.2005393845616727 -0.2005393845616727 -0.2005393845616727 -0.2005393845616727 -0.2005393845616727 -0.2005393845616727 -0.2005393845616727 -0.2005393845616727 -0.2005393845616727 -0.2005393845616727 -0.2005393845616727 -0.2005393845616727 -0.2005393845616727 -0.2005393845616727 -0.2005393845616727 -0.2005393845616727 -0.2005393845616727 -0.2005393845616727 -0.2005393845616727 -0.2005393845616727 -0.2005393845616727 -0.2005393845616727 -0.2005393845616727 -0.2005393845616727 -0.2005393845616727 -0.2005393845616727 -0.2005393845616727 -0.2005393845616727 -0.2005393845616727 -0.2005393845616727 -0.2005393845616727 -0.2005393845616727 -0.2005393845616727 -0.2005393845616727 -0.2005393845616727 -0.2005393845616727 -0.2005393845616727 -0.2005393845616727 -0.2005393845616727 -0.2005393845616727 -0.2005393845616727 -0.2005393845616727 -0.2005393845616727 -0.2005393845616727 -0.2005393845616727 -0.2005393845616727 -0.2005393845616727 -0.2005393845616727 -0.2005393845616727 -0.2005393845616727 -0.2005393845616727 -0.2005393845616727 -0.2005393845616727 -0.2005393845616727 -0.2005393845616727 -0.2005393845616727 -0.2005393845616727 -0.2005393845616727 -0.2005393845616727 -0.2005393845616727 -0.2005393845616727 -0.2005393845616727 -0.2005393845616727 -0.2005393845616727 -0.2005393845616727 -0.2005393845616727 -0.1650964828798623 -0.172343789395648 -0.15637280172162352 -0.15637280172162352 -0.15532095637140594 -0.15175214921103813 -0.13044321571823875 -0.10771662051631004 -0.10411635093135119 -0.06026619814920979 -0.0414997747203133 -0.01202090482311622
-0.23238513259262944 -0.23238513259262944 -0.23238513259262944 -0.23238513259262944 -0.23238513259262944 -0.23238513259262944 -0.23238513259262944 -0.23238513259262944 -0.23238513259262944 -0.23238513259262944 -0.23238513259262944 -0.23238513259262944 -0.23238513259262944 -0.23238513259262944 -0.23238513259262944 -0.23238513259262944 -0.23238513259262944 -0.23238513259262944 -0.23238513259262944 -0.23238513259262944 -0.23238513259262944 -0.2005393845616727 -0.23238513259262944 -0.23238513259262944 -0.23238513259262944 -0.23238513259262944 -0.23238513259262944 -0.23238513259262944 -0.23238513259262944 -0.23238513259262944 -0.23238513259262944 -0.23238513259262944 -0.23238513259262944 -0.23238513259262944 -0.23238513259262944 -0.23238513259262944 -0.2005393845616727 -0.22756876362612646 -0.22830552679999425 -0.22756876362612646 -0.22830552679999425 -0.23238513259262944 -0.22756876362612646 -0.22830552679999425 -0.23238513259262944 -0.23238513259262944 -0.22830552679999425 -0.22756876362612646 -0.23238513259262944 -0.22756876362612646 -0.23238513259262944 -0.23238513259262944 -0.22756876362612646 -0.23238513259262944 -0.22830552679999425 -0.23238513259262944 -0.23238513259262944 -0.23238513259262944 -0.23238513259262944 -0.23238513259262944 -0.23238513259262944 -0.23238513259262944 -0.23238513259262944 -0.23238513259262944 -0.23238513259262944 -0.23238513259262944 -0.23238513259262944 -0.23238513259262944 -0.22756876362612646 -0.2007912125120053 -0.2007912125120053 -0.23238513259262944 -0.22780709186736678 -0.22700491554332977 -0.21312036081183913 -0.21490860856096677 -0.20069419707525465 -0.20638379212317884 -0.20069419707525465 -0.1650964828798623 -0.172343789395648 -0.15637280172162352 -0.15637280172162352 -0.15532095637140594 -0.15175214921103813 -0.13044321571823875 -0.10771662051631004 -0.10411635093135119 -0.06026619814920979 -0.0414997747203133 -0.01202090482311622
-0.22830552679999425 -0.22830552679999425 -0.22830552679999425 -0.22830552679999425 -0.22830552679999425 -0.22830552679999425 -0.22830552679999425 -0.22830552679999425 -0.22830552679999425 -0.22830552679999425 -0.22830552679999425 -0.22830552679999425 -0.22830552679999425 -0.22830552679999425 -0.22830552679999425 -0.22830552679999425 -0.22830552679999425 -0.22830552679999425 -0.22830552679999425 -0.22830552679999425 -0.22830552679999425 -0.2005393845616727 -0.22830552679999425 -0.22830552679999425 -0.22830552679999425 -0.22830552679999425 -0.22830552679999425 -0.22830552679999425 -0.22830552679999425 -0.22830552679999425 -0.22830552679999425 -0.22830552679999425 -0.22830552679999425 -0.22830552679999425 -0.22830552679999425 -0.22830552679999425 -0.2005393845616727 -0.22756876362612646 -0.31978641091384813 -0.22756876362612646 -0.31978641091384813 -0.22830552679999425 -0.22756876362612646 -0.31978641091384813 -0.22830552679999425 -0.22830552679999425 -0.31978641091384813 -0.22756876362612646 -0.22830552679999425 -0.22756876362612646 -0.22830552679999425 -0.22830552679999425 -0.22756876362612646 -0.22830552679999425 -0.31978641091384813 -0.22830552679999425 -0.22830552679999425 -0.22830552679999425 -0.22830552679999425 -0.22830552679999425 -0.22830552679999425 -0.22830552679999425 -0.22830552679999425 -0.22830552679999425 -0.22830552679999425 -0.22830552679999425 -0.22830552679999425 -0.22830552679999425 -0.22756876362612646 -0.2007912125120053 -0.2007912125120053 -0.22830552679999425 -0.22780709186736678 -0.22700491554332977 -0.21312036081183913 -0.21490860856096677 -0.20069419707525465 -0.20638379212317884 -0.20069419707525465 -0.1650964828798623 -0.172343789395648 -0.15637280172162352 -0.15637280172162352 -0.15532095637140594 -0.15175214921103813 -0.13044321571823875 -0.10771662051631004 -0.10411635093135119 -0.06026619814920979 -0.0414997747203133 -0.01202090482311622
-0.22756876362612646 -0.22756876362612646 -0.22756876362612646 -0.22756876362612646 -0.22756876362612646 -0.22756876362612646 -0.22756876362612646 -0.22756876362612646 -0.22756876362612646 -0.22756876362612646 -0.22756876362612646 -0.22756876362612646 -0.22756876362612646 -0.22756876362612646 -0.22756876362612646 -0.22756876362612646 -0.22756876362612646 -0.22756876362612646 -0.22756876362612646 -0.22756876362612646 -0.22756876362612646 -0.2005393845616727 -0.22756876362612646 -0.22756876362612646 -0.22756876362612646 -0.22756876362612646 -0.22756876362612646 -0.22756876362612646 -0.22756876362612646 -0.22756876362612646 -0.22756876362612646 -0.22756876362612646 -0.22756876362612646 -0.22756876362612646 -0.22756876362612646 -0.22756876362612646 -0.2005393845616727 -0.3164261226135387 -0.22756876362612646 -0.3164261226135387 -0.22756876362612646 -0.22756876362612646 -0.3164261226135387 -0.22756876362612646 -0.22756876362612646 -0.22756876362612646 -0.22756876362612646 -0.3164261226135387 -0.22756876362612646 -0.3164261226135387 -0.22756876362612646 -0.22756876362612646 -0.3164261226135387 -0.22756876362612646 -0.22756876362612646 -0.22756876362612646 -0.22756876362612646 -0.22756876362612646 -0.22756876362612646 -0.22756876362612646 -0.22756876362612646 -0.22756876362612646 -0.22756876362612646 -0.22756876362612646 -0.22756876362612646 -0.22756876362612646 -0.22756876362612646 -0.22756876362612646 -0.26496873291905393 -0.2007912125120053 -0.2007912125120053 -0.22756876362612646 -0.22756876362612646 -0.22700491554332977 -0.2230737573825625 -0.21490860856096677 -0.20069419707525465 -0.20638379212317884 -0.20069419707525465 -0.1650964828798623 -0.172343789395648 -0.15637280172162352 -0.15637280172162352 -0.15532095637140594 -0.15175214921103813 -0.13044321571823875 -0.10771662051631004 -0.10411635093135119 -0.06026619814920979 -0.0414997747203133 -0.01202090482311622
-0.2844810867792142 -0.2844810867792142 -0.2844810867792142 -0.2844810867792142 -0.2844810867792142 -0.2844810867792142 -0.2844810867792142 -0.2844810867792142 -0.2844810867792142 -0.2844810867792142 -0.2844810867792142 -0.2844810867792142 -0.2844810867792142 -0.2844810867792142 -0.2844810867792142 -0.2844810867792142 -0.2844810867792142 -0.2844810867792142 -0.2844810867792142 -0.2844810867792142 -0.2844810867792142 -0.2005393845616727 -0.2844810867792142 -0.2844810867792142 -0.2844810867792142 -0.2844810867792142 -0.2844810867792142 -0.2844810867792142 -0.2844810867792142 -0.2844810867792142 -0.2844810867792142 -0.2844810867792142 -0.2844810867792142 -0.2844810867792142 -0.2844810867792142 -0.2379316545252044 -0.2005393845616727 -0.22756876362612646 -0.22830552679999425 -0.22756876362612646 -0.22830552679999425 -0.2844810867792142 -0.22756876362612646 -0.22830552679999425 -0.2844810867792142 -0.2844810867792142 -0.22830552679999425 -0.22756876362612646 -0.2844810867792142 -0.22756876362612646 -0.2844810867792142 -0.2616721643858613 -0.22756876362612646 -0.2844810867792142 -0.22830552679999425 -0.2616721643858613 -0.2616721643858613 -0.2379316545252044 -0.2844810867792142 -0.2844810867792142 -0.2844810867792142 -0.296797156628846 -0.29544440460518995 -0.27682091413269405 -0.2844810867792142 -0.2379316545252044 -0.23251960119023826 -0.26887628589446844 -0.22756876362612646 -0.2007912125120053 -0.2007912125120053 -0.23238513259262944 -0.22780709186736678 -0.22700491554332977 -0.21312036081183913 -0.21490860856096677 -0.20069419707525465 -0.20638379212317884 -0.20069419707525465 -0.1650964828798623 -0.172343789395648 -0.15637280172162352 -0.15637280172162352 -0.15532095637140594 -0.15175214921103813 -0.13044321571823875 -0.10771662051631004 -0.10411635093135119 -0.06026619814920979 -0.0414997747203133 -0.01202090482311622
-0.2844810867792142 -0.2844810867792142 -0.2844810867792142 -0.2844810867792142 -0.2844810867792142 -0.2844810867792142 -0.2844810867792142 -0.2844810867792142 -0.2844810867792142 -0.2844810867792142 -0.2844810867792142 -0.2844810867792142 -0.2844810867792142 -0.2844810867792142 -0.2844810867792142 -0.2844810867792142 -0.2844810867792142 -0.2844810867792142 -0.2844810867792142 -0.2844810867792142 -0.2844810867792142 -0.2005393845616727 -0.2844810867792142 -0.2844810867792142 -0.2844810867792142 -0.2844810867792142 -0.2844810867792142 -0.2844810867792142 -0.2844810867792142 -0.2844810867792142 -0.2844810867792142 -0.2844810867792142 -0.2844810867792142 -0.2844810867792142 -0.2844810867792142 -0.2379316545252044 -0.2005393845616727 -0.22756876362612646 -0.22830552679999425 -0.22756876362612646 -0.22830552679999425 -0.2844810867792142 -0.22756876362612646 -0.22830552679999425 -0.2844810867792142 -0.2844810867792142 -0.22830552679999425 -0.22756876362612646 -0.2844810867792142 -0.22756876362612646 -0.2844810867792142 -0.2616721643858613 -0.22756876362612646 -0.2844810867792142 -0.22830552679999425 -0.2616721643858613 -0.2616721643858613 -0.2379316545252044 -0.2844810867792142 -0.2844810867792142 -0.2844810867792142 -0.296797156628846 -0.29544440460518995 -0.27682091413269405 -0.2844810867792142 -0.2379316545252044 -0.23251960119023826 -0.2650774288769177 -0.22756876362612646 -0.2007912125120053 -0.2007912125120053 -0.23238513259262944 -0.22780709186736678 -0.22700491554332977 -0.21312036081183913 -0.21490860856096677 -0.20069419707525465 -0.20638379212317884 -0.20069419707525465 -0.1650964828798623 -0.172343789395648 -0.15637280172162352 -0.15637280172162352 -0.15532095637140594 -0.15175214921103813 -0.13044321571823875 -0.10771662051631004 -0.10411635093135119 -0.06026619814920979 -0.0414997747203133 -0.01202090482311622
-0.2856922463457654 -0.2856922463457654 -0.2856922463457654 -0.2856922463457654 -0.2856922463457654 -0.2856922463457654 -0.2856922463457654 -0.2856922463457654 -0.2856922463457654 -0.2856922463457654 -0.2856922463457654 -0.2856922463457654 -0.2856922463457654 -0.2856922463457654 -0.2856922463457654 -0.2856922463457654 -0.2856922463457654 -0.2856922463457654 -0.2856922463457654 -0.2856922463457654 -0.2856922463457654 -0.2005393845616727 -0.2856922463457654 -0.2856922463457654 -0.2856922463457654 -0.2856922463457654 -0.2856922463457654 -0.2856922463457654 -0.2856922463457654 -0.2856922463457654 -0.2856922463457654 -0.2856922463457654 -0.2856922463457654 -0.2856922463457654 -0.2856922463457654 -0.2379316545252044 -0.2005393845616727 -0.2856922463457654 -0.2856922463457654 -0.2856922463457654 -0.2856922463457654 -0.2856922463457654 -0.2856922463457654 -0.2856922463457654 -0.2856922463457654 -0.2856922463457654 -0.2856922463457654 -0.2856922463457654 -0.2856922463457654 -0.2856922463457654 -0.2856922463457654 -0.2616721643858613 -0.2856922463457654 -0.2856922463457654 -0.2856922463457654 -0.2616721643858613 -0.2616721643858613 -0.2379316545252044 -0.2856922463457654 -0.2856922463457654 -0.2856922463457654 -0.2844810867792142 -0.2844810867792142 -0.27682091413269405 -0.2856922463457654 -0.2379316545252044 -0.23251960119023826 -0.2650774288769177 -0.23316910639800412 -0.2007912125120053 -0.2007912125120053 -0.23238513259262944 -0.22780709186736678 -0.22700491554332977 -0.21312036081183913 -0.21490860856096677 -0.20069419707525465 -0.20638379212317884 -0.20069419707525465 -0.1650964828798623 -0.172343789395648 -0.15637280172162352 -0.15637280172162352 -0.15532095637140594 -0.15175214921103813 -0.13044321571823875 -0.10771662051631004 -0.10411635093135119 -0.06026619814920979 -0.0414997747203133 -0.01202090482311622
-0.28544613807900854 -0.28544613807900854 -0.28544613807900854 -0.28544613807900854 -0.28544613807900854 -0.28544613807900854 -0.28544613807900854 -0.28544613807900854 -0.28544613807900854 -0.28544613807900854 -0.28544613807900854 -0.28544613807900854 -0.28544613807900854 -0.28544613807900854 -0.28544613807900854 -0.28544613807900854 -0.28544613807900854 -0.28544613807900854 -0.28544613807900854 -0.28544613807900854 -0.28544613807900854 -0.2005393845616727 -0.28544613807900854 -0.28544613807900854 -0.28544613807900854 -0.28544613807900854 -0.28544613807900854 -0.28544613807900854 -0.28544613807900854 -0.28544613807900854 -0.28544613807900854 -0.28544613807900854 -0.28544613807900854 -0.28544613807900854 -0.28544613807900854 -0.2379316545252044 -0.2005393845616727 -0.22756876362612646 -0.22830552679999425 -0.22756876362612646 -0.22830552679999425 -0.28544613807900854 -0.22756876362612646 -0.22830552679999425 -0.28544613807900854 -0.28544613807900854 -0.22830552679999425 -0.22756876362612646 -0.28544613807900854 -0.22756876362612646 -0.28544613807900854 -0.2616721643858613 -0.22756876362612646 -0.28544613807900854 -0.22830552679999425 -0.2616721643858613 -0.2616721643858613 -0.2379316545252044 -0.28544613807900854 -0.28544613807900854 -0.28544613807900854 -0.2844810867792142 -0.2844810867792142 -0.27682091413269405 -0.28544613807900854 -0.2379316545252044 -0.23251960119023826 -0.2650774288769177 -0.22756876362612646 -0.2007912125120053 -0.2007912125120053 -0.23238513259262944 -0.22780709186736678 -0.22700491554332977 -0.21312036081183913 -0.21490860856096677 -0.20069419707525465 -0.20638379212317884 -0.20069419707525465 -0.1650964828798623 -0.172343789395648 -0.15637280172162352 -0.15637280172162352 -0.15532095637140594 -0.15175214921103813 -0.13044321571823875 -0.10771662051631004 -0.10411635093135119 -0.06026619814920979 -0.0414997747203133 -0.01202090482311622
-0.28430569608979667 -0.28430569608979667 -0.28430569608979667 -0.28430569608979667 -0.28430569608979667 -0.28430569608979667 -0.28430569608979667 -0.28430569608979667 -0.28430569608979667 -0.28430569608979667 -0.28430569608979667 -0.28430569608979667 -0.28430569608979667 -0.28430569608979667 -0.28430569608979667 -0.28430569608979667 -0.28430569608979667 -0.28430569608979667 -0.28430569608979667 -0.28430569608979667 -0.28430569608979667 -0.2005393845616727 -0.28430569608979667 -0.28430569608979667 -0.28430569608979667 -0.28430569608979667 -0.28430569608979667 -0.28430569608979667 -0.28430569608979667 -0.28430569608979667 -0.28430569608979667 -0.28430569608979667 -0.28430569608979667 -0.28430569608979667 -0.28430569608979667 -0.2379316545252044 -0.2005393845616727 -0.22756876362612646 -0.22830552679999425 -0.22756876362612646 -0.22830552679999425 -0.28430569608979667 -0.22756876362612646 -0.22830552679999425 -0.28430569608979667 -0.28430569608979667 -0.22830552679999425 -0.22756876362612646 -0.28430569608979667 -0.22756876362612646 -0.28430569608979667 -0.2616721643858613 -0.22756876362612646 -0.28430569608979667 -0.22830552679999425 -0.2616721643858613 -0.2616721643858613 -0.2379316545252044 -0.28430569608979667 -0.28430569608979667 -0.28430569608979667 -0.28430569608979667 -0.28430569608979667 -0.27682091413269405 -0.28430569608979667 -0.2379316545252044 -0.23251960119023826 -0.2650774288769177 -0.22756876362612646 -0.2007912125120053 -0.2007912125120053 -0.23238513259262944 -0.22780709186736678 -0.22700491554332977 -0.21312036081183913 -0.21490860856096677 -0.20069419707525465 -0.20638379212317884 -0.20069419707525465 -0.1650964828798623 -0.172343789395648 -0.15637280172162352 -0.15637280172162352 -0.15532095637140594 -0.15175214921103813 -0.13044321571823875 -0.10771662051631004 -0.10411635093135119 -0.06026619814920979 -0.0414997747203133 -0.01202090482311622
-0.22830552679999425 -0.22830552679999425 -0.22830552679999425 -0.22830552679999425 -0.22830552679999425 -0.22830552679999425 -0.22830552679999425 -0.22830552679999425 -0.22830552679999425 -0.22830552679999425 -0.22830552679999425 -0.22830552679999425 -0.22830552679999425 -0.22830552679999425 -0.22830552679999425 -0.22830552679999425 -0.22830552679999425 -0.22830552679999425 -0.22830552679999425 -0.22830552679999425 -0.22830552679999425 -0.2005393845616727 -0.22830552679999425 -0.22830552679999425 -0.22830552679999425 -0.22830552679999425 -0.22830552679999425 -0.22830552679999425 -0.22830552679999425 -0.22830552679999425 -0.22830552679999425 -0.22830552679999425 -0.22830552679999425 -0.22830552679999425 -0.22830552679999425 -0.22830552679999425 -0.2005393845616727 -0.22756876362612646 -0.2738997419344147 -0.22756876362612646 -0.2738997419344147 -0.22830552679999425 -0.22756876362612646 -0.2738997419344147 -0.22830552679999425 -0.22830552679999425 -0.2738997419344147 -0.22756876362612646 -0.22830552679999425 -0.22756876362612646 -0.22830552679999425 -0.22830552679999425 -0.22756876362612646 -0.22830552679999425 -0.2738997419344147 -0.22830552679999425 -0.22830552679999425 -0.22830552679999425 -0.22830552679999425 -0.22830552679999425 -0.22830552679999425 -0.22830552679999425 -0.22830552679999425 -0.22830552679999425 -0.22830552679999425 -0.22830552679999425 -0.22830552679999425 -0.22830552679999425 -0.22756876362612646 -0.2007912125120053 -0.2007912125120053 -0.22830552679999425 -0.22780709186736678 -0.22700491554332977 -0.21312036081183913 -0.21490860856096677 -0.20069419707525465 -0.20638379212317884 -0.20069419707525465 -0.1650964828798623 -0.172343789395648 -0.15637280172162352 -0.15637280172162352 -0.15532095637140594 -0.15175214921103813 -0.13044321571823875 -0.10771662051631004 -0.10411635093135119 -0.06026619814920979 -0.0414997747203133 -0.01202090482311622
-0.22756876362612646 -0.22756876362612646 -0.22756876362612646 -0.22756876362612646 -0.22756876362612646 -0.22756876362612646 -0.22756876362612646 -0.22756876362612646 -0.22756876362612646 -0.22756876362612646 -0.22756876362612646 -0.22756876362612646 -0.22756876362612646 -0.22756876362612646 -0.22756876362612646 -0.22756876362612646 -0.22756876362612646 -0.22756876362612646 -0.22756876362612646 -0.22756876362612646 -0.22756876362612646 -0.2005393845616727 -0.22756876362612646 -0.22756876362612646 -0.22756876362612646 -0.22756876362612646 -0.22756876362612646 -0.22756876362612646 -0.22756876362612646 -0.22756876362612646 -0.22756876362612646 -0.22756876362612646 -0.22756876362612646 -0.22756876362612646 -0.22756876362612646 -0.22756876362612646 -0.2005393845616727 -0.27076893109819616 -0.22756876362612646 -0.27076893109819616 -0.22756876362612646 -0.22756876362612646 -0.27076893109819616 -0.22756876362612646 -0.22756876362612646 -0.22756876362612646 -0.22756876362612646 -0.27076893109819616 -0.22756876362612646 -0.27076893109819616 -0.22756876362612646 -0.22756876362612646 -0.27076893109819616 -0.22756876362612646 -0.22756876362612646 -0.22756876362612646 -0.22756876362612646 -0.22756876362612646 -0.22756876362612646 -0.22756876362612646 -0.22756876362612646 -0.22756876362612646 -0.22756876362612646 -0.22756876362612646 -0.22756876362612646 -0.22756876362612646 -0.22756876362612646 -0.22756876362612646 -0.26496873291905393 -0.2007912125120053 -0.2007912125120053 -0.22756876362612646 -0.22756876362612646 -0.22700491554332977 -0.2230737573825625 -0.21490860856096677 -0.20069419707525465 -0.20638379212317884 -0.20069419707525465 -0.1650964828798623 -0.172343789395648 -0.15637280172162352 -0.15637280172162352 -0.15532095637140594 -0.15175214921103813 -0.13044321571823875 -0.10771662051631004 -0.10411635093135119 -0.06026619814920979 -0.0414997747203133 -0.01202090482311622
-0.2706788987732023 -0.2706788987732023 -0.2706788987732023 -0.2706788987732023 -0.2706788987732023 -0.2706788987732023 -0.2706788987732023 -0.2706788987732023 -0.2706788987732023 -0.2706788987732023 -0.2706788987732023 -0.2706788987732023 -0.2706788987732023 -0.2706788987732023 -0.2706788987732023 -0.2706788987732023 -0.2706788987732023 -0.2706788987732023 -0.2706788987732023 -0.2706788987732023 -0.2706788987732023 -0.2005393845616727 -0.2706788987732023 -0.2706788987732023 -0.2706788987732023 -0.2706788987732023 -0.2706788987732023 -0.2706788987732023 -0.2706788987732023 -0.2706788987732023 -0.2706788987732023 -0.2706788987732023 -0.2706788987732023 -0.2706788987732023 -0.2706788987732023 -0.2379316545252044 -0.2005393845616727 -0.22756876362612646 -0.22830552679999425 -0.22756876362612646 -0.22830552679999425 -0.2706788987732023 -0.22756876362612646 -0.22830552679999425 -0.2706788987732023 -0.2706788987732023 -0.22830552679999425 -0.22756876362612646 -0.2706788987732023 -0.22756876362612646 -0.2706788987732023 -0.2616721643858613 -0.22756876362612646 -0.2706788987732023 -0.22830552679999425 -0.2616721643858613 -0.2616721643858613 -0.2379316545252044 -0.2706788987732023 -0.2706788987732023 -0.2706788987732023 -0.2706788987732023 -0.2706788987732023 -0.2706788987732023 -0.2706788987732023 -0.2379316545252044 -0.23251960119023826 -0.2650774288769177 -0.22756876362612646 -0.2007912125120053 -0.2007912125120053 -0.23238513259262944 -0.22780709186736678 -0.22700491554332977 -0.21312036081183913 -0.21490860856096677 -0.20069419707525465 -0.20638379212317884 -0.20069419707525465 -0.1650964828798623 -0.172343789395648 -0.15637280172162352 -0.15637280172162352 -0.15532095637140594 -0.15175214921103813 -0.13044321571823875 -0.10771662051631004 -0.10411635093135119 -0.06026619814920979 -0.0414997747203133 -0.01202090482311622
-0.2553718669543194 -0.2553718669543194 -0.2553718669543194 -0.2553718669543194 -0.2553718669543194 -0.2553718669543194 -0.2553718669543194 -0.2553718669543194 -0.2553718669543194 -0.2553718669543194 -0.2553718669543194 -0.2553718669543194 -0.2553718669543194 -0.2553718669543194 -0.2553718669543194 -0.2553718669543194 -0.2553718669543194 -0.2553718669543194 -0.2553718669543194 -0.2553718669543194 -0.2553718669543194 -0.2005393845616727 -0.2553718669543194 -0.2553718669543194 -0.2553718669543194 -0.2553718669543194 -0.2553718669543194 -0.2553718669543194 -0.2553718669543194 -0.2553718669543194 -0.2553718669543194 -0.2553718669543194 -0.2553718669543194 -0.2553718669543194 -0.2553718669543194 -0.2379316545252044 -0.2005393845616727 -0.22756876362612646 -0.22830552679999425 -0.22756876362612646 -0.22830552679999425 -0.2553718669543194 -0.22756876362612646 -0.22830552679999425 -0.2553718669543194 -0.2553718669543194 -0.22830552679999425 -0.22756876362612646 -0.2553718669543194 -0.22756876362612646 -0.2553718669543194 -0.2553718669543194 -0.22756876362612646 -0.2553718669543194 -0.22830552679999425 -0.2553718669543194 -0.2553718669543194 -0.2379316545252044 -0.2553718669543194 -0.2553718669543194 -0.2553718669543194 -0.2553718669543194 -0.2553718669543194 -0.2553718669543194 -0.2553718669543194 -0.2379316545252044 -0.23251960119023826 -0.2553718669543194 -0.22756876362612646 -0.2007912125120053 -0.2007912125120053 -0.23238513259262944 -0.22780709186736678 -0.22700491554332977 -0.21312036081183913 -0.21490860856096677 -0.20069419707525465 -0.20638379212317884 -0.20069419707525465 -0.1650964828798623 -0.172343789395648 -0.15637280172162352 -0.15637280172162352 -0.15532095637140594 -0.15175214921103813 -0.13044321571823875 -0.10771662051631004 -0.10411635093135119 -0.06026619814920979 -0.0414997747203133 -0.01202090482311622
-0.22700491554332977 -0.22700491554332977 -0.22700491554332977 -0.22700491554332977 -0.22700491554332977 -0.22700491554332977 -0.22700491554332977 -0.22700491554332977 -0.22700491554332977 -0.22700491554332977 -0.22700491554332977 -0.22700491554332977 -0.22700491554332977 -0.22700491554332977 -0.22700491554332977 -0.22700491554332977 -0.22700491554332977 -0.22700491554332977 -0.22700491554332977 -0.22700491554332977 -0.22700491554332977 -0.25183440401913265 -0.22700491554332977 -0.22700491554332977 -0.22700491554332977 -0.22700491554332977 -0.22700491554332977 -0.22700491554332977 -0.22700491554332977 -0.22700491554332977 -0.22700491554332977 -0.22700491554332977 -0.22700491554332977 -0.22700491554332977 -0.22700491554332977 -0.22700491554332977 -0.25183440401913265 -0.22700491554332977 -0.22700491554332977 -0.22700491554332977 -0.22700491554332977 -0.22700491554332977 -0.22700491554332977 -0.22700491554332977 -0.22700491554332977 -0.22700491554332977 -0.22700491554332977 -0.22700491554332977 -0.22700491554332977 -0.22700491554332977 -0.22700491554332977 -0.22700491554332977 -0.22700491554332977 -0.22700491554332977 -0.22700491554332977 -0.22700491554332977 -0.22700491554332977 -0.22700491554332977 -0.22700491554332977 -0.22700491554332977 -0.22700491554332977 -0.22700491554332977 -0.22700491554332977 -0.22700491554332977 -0.22700491554332977 -0.22700491554332977 -0.22700491554332977 -0.22700491554332977 -0.22700491554332977 -0.2007912125120053 -0.2007912125120053 -0.22700491554332977 -0.22700491554332977 -0.22700491554332977 -0.21312036081183913 -0.21490860856096677 -0.20069419707525465 -0.20638379212317884 -0.20069419707525465 -0.1650964828798623 -0.172343789395648 -0.15637280172162352 -0.15637280172162352 -0.15532095637140594 -0.15175214921103813 -0.13044321571823875 -0.10771662051631004 -0.10411635093135119 -0.06026619814920979 -0.0414997747203133 -0.01202090482311622
-0.240192362862126 -0.240192362862126 -0.240192362862126 -0.240192362862126 -0.240192362862126 -0.240192362862126 -0.240192362862126 -0.240192362862126 -0.240192362862126 -0.240192362862126 -0.240192362862126 -0.240192362862126 -0.240192362862126 -0.240192362862126 -0.240192362862126 -0.240192362862126 -0.240192362862126 -0.240192362862126 -0.240192362862126 -0.240192362862126 -0.240192362862126 -0.2005393845616727 -0.240192362862126 -0.240192362862126 -0.240192362862126 -0.240192362862126 -0.240192362862126 -0.240192362862126 -0.240192362862126 -0.240192362862126 -0.240192362862126 -0.240192362862126 -0.240192362862126 -0.240192362862126 -0.240192362862126 -0.2379316545252044 -0.2005393845616727 -0.22756876362612646 -0.22830552679999425 -0.22756876362612646 -0.22830552679999425 -0.240192362862126 -0.22756876362612646 -0.22830552679999425 -0.240192362862126 -0.240192362862126 -0.22830552679999425 -0.22756876362612646 -0.240192362862126 -0.22756876362612646 -0.240192362862126 -0.240192362862126 -0.22756876362612646 -0.240192362862126 -0.22830552679999425 -0.240192362862126 -0.240192362862126 -0.2379316545252044 -0.240192362862126 -0.240192362862126 -0.240192362862126 -0.240192362862126 -0.240192362862126 -0.240192362862126 -0.240192362862126 -0.2379316545252044 -0.23251960119023826 -0.240192362862126 -0.22756876362612646 -0.2007912125120053 -0.2007912125120053 -0.23238513259262944 -0.22780709186736678 -0.22700491554332977 -0.21312036081183913 -0.21490860856096677 -0.20069419707525465 -0.20638379212317884 -0.20069419707525465 -0.1650964828798623 -0.172343789395648 -0.15637280172162352 -0.15637280172162352 -0.15532095637140594 -0.15175214921103813 -0.13044321571823875 -0.10771662051631004 -0.10411635093135119 -0.06026619814920979 -0.0414997747203133 -0.01202090482311622
-0.2255863339620232 -0.2255863339620232 -0.2255863339620232 -0.2255863339620232 -0.2255863339620232 -0.2255863339620232 -0.2255863339620232 -0.2255863339620232 -0.2255863339620232 -0.2255863339620232 -0.2255863339620232 -0.2255863339620232 -0.2255863339620232 -0.2255863339620232 -0.2255863339620232 -0.2255863339620232 -0.2255863339620232 -0.2255863339620232 -0.2255863339620232 -0.2255863339620232 -0.2255863339620232 -0.2005393845616727 -0.2255863339620232 -0.2255863339620232 -0.2255863339620232 -0.2255863339620232 -0.2255863339620232 -0.2255863339620232 -0.2255863339620232 -0.2255863339620232 -0.2255863339620232 -0.2255863339620232 -0.2255863339620232 -0.2255863339620232 -0.2255863339620232 -0.2255863339620232 -0.2005393845616727 -0.2255863339620232 -0.2255863339620232 -0.2255863339620232 -0.2255863339620232 -0.2255863339620232 -0.2255863339620232 -0.2255863339620232 -0.2255863339620232 -0.2255863339620232 -0.2255863339620232 -0.2255863339620232 -0.2255863339620232 -0.2255863339620232 -0.2255863339620232 -0.2255863339620232 -0.2255863339620232 -0.2255863339620232 -0.2255863339620232 -0.2255863339620232 -0.2255863339620232 -0.2255863339620232 -0.2255863339620232 -0.2255863339620232 -0.2255863339620232 -0.2255863339620232 -0.2255863339620232 -0.2255863339620232 -0.2255863339620232 -0.2255863339620232 -0.2255863339620232 -0.2255863339620232 -0.2255863339620232 -0.2007912125120053 -0.2007912125120053 -0.2255863339620232 -0.2255863339620232 -0.2255863339620232 -0.21312036081183913 -0.21490860856096677 -0.20069419707525465 -0.20638379212317884 -0.20069419707525465 -0.1650964828798623 -0.172343789395648 -0.15637280172162352 -0.15637280172162352 -0.15532095637140594 -0.15175214921103813 -0.13044321571823875 -0.10771662051631004 -0.10411635093135119 -0.06026619814920979 -0.0414997747203133 -0.01202090482311622
-0.19226147144294253 -0.19226147144294253 -0.19226147144294253 -0.19226147144294253 -0.19226147144294253 -0.19226147144294253 -0.19226147144294253 -0.19226147144294253 -0.19226147144294253 -0.19226147144294253 -0.19226147144294253 -0.19226147144294253 -0.19226147144294253 -0.19226147144294253 -0.19226147144294253 -0.19226147144294253 -0.19226147144294253 -0.19226147144294253 -0.19226147144294253 -0.19226147144294253 -0.19226147144294253 -0.19226147144294253 -0.19226147144294253 -0.19226147144294253 -0.19226147144294253 -0.19226147144294253 -0.19226147144294253 -0.19226147144294253 -0.19226147144294253 -0.19226147144294253 -0.19226147144294253 -0.19226147144294253 -0.19226147144294253 -0.19226147144294253 -0.19226147144294253 -0.19226147144294253 -0.19226147144294253 -0.19226147144294253 -0.19226147144294253 -0.19226147144294253 -0.19226147144294253 -0.19226147144294253 -0.19226147144294253 -0.19226147144294253 -0.19226147144294253 -0.19226147144294253 -0.19226147144294253 -0.19226147144294253 -0.19226147144294253 -0.19226147144294253 -0.19226147144294253 -0.19226147144294253 -0.19226147144294253 -0.19226147144294253 -0.19226147144294253 -0.19226147144294253 -0.19226147144294253 -0.19226147144294253 -0.19226147144294253 -0.19226147144294253 -0.19226147144294253 -0.19226147144294253 -0.19226147144294253 -0.19226147144294253 -0.19226147144294253 -0.19226147144294253 -0.19226147144294253 -0.19226147144294253 -0.19226147144294253 -0.19226147144294253 -0.19226147144294253 -0.19226147144294253 -0.19226147144294253 -0.19226147144294253 -0.19226147144294253 -0.19226147144294253 -0.19226147144294253 -0.19226147144294253 -0.19226147144294253 -0.1650964828798623 -0.172343789395648 -0.15637280172162352 -0.15637280172162352 -0.15532095637140594 -0.15175214921103813 -0.13044321571823875 -0.10771662051631004 -0.10411635093135119 -0.06026619814920979 -0.0414997747203133 -0.01202090482311622
-0.17058047383464273 -0.17058047383464273 -0.17058047383464273 -0.17058047383464273 -0.17058047383464273 -0.17058047383464273 -0.17058047383464273 -0.17058047383464273 -0.17058047383464273 -0.17058047383464273 -0.17058047383464273 -0.17058047383464273 -0.17058047383464273 -0.17058047383464273 -0.17058047383464273 -0.17058047383464273 -0.17058047383464273 -0.17058047383464273 -0.17058047383464273 -0.17058047383464273 -0.17058047383464273 -0.17058047383464273 -0.17058047383464273 -0.17058047383464273 -0.17058047383464273 -0.17058047383464273 -0.17058047383464273 -0.17058047383464273 -0.17058047383464273 -0.17058047383464273 -0.17058047383464273 -0.17058047383464273 -0.17058047383464273 -0.17058047383464273 -0.17058047383464273 -0.17058047383464273 -0.17058047383464273 -0.17058047383464273 -0.17058047383464273 -0.17058047383464273 -0.17058047383464273 -0.17058047383464273 -0.17058047383464273 -0.17058047383464273 -0.17058047383464273 -0.17058047383464273 -0.17058047383464273 -0.17058047383464273 -0.17058047383464273 -0.17058047383464273 -0.17058047383464273 -0.17058047383464273 -0.17058047383464273 -0.17058047383464273 -0.17058047383464273 -0.17058047383464273 -0.17058047383464273 -0.17058047383464273 -0.17058047383464273 -0.17058047383464273 -0.17058047383464273 -0.17058047383464273 -0.17058047383464273 -0.17058047383464273 -0.17058047383464273 -0.17058047383464273 -0.17058047383464273 -0.17058047383464273 -0.17058047383464273 -0.17058047383464273 -0.17058047383464273 -0.17058047383464273 -0.17058047383464273 -0.17058047383464273 -0.17058047383464273 -0.17058047383464273 -0.17058047383464273 -0.17058047383464273 -0.17058047383464273 -0.1650964828798623 -0.17058047383464273 -0.15637280172162352 -0.15637280172162352 -0.15532095637140594 -0.15175214921103813 -0.13044321571823875 -0.10771662051631004 -0.10411635093135119 -0.06026619814920979 -0.0414997747203133 -0.01202090482311622
-0.1687881876570261 -0.1687881876570261 -0.1687881876570261 -0.1687881876570261 -0.1687881876570261 -0.1687881876570261 -0.1687881876570261 -0.1687881876570261 -0.1687881876570261 -0.1687881876570261 -0.1687881876570261 -0.1687881876570261 -0.1687881876570261 -0.1687881876570261 -0.1687881876570261 -0.1687881876570261 -0.1687881876570261 -0.1687881876570261 -0.1687881876570261 -0.1687881876570261 -0.1687881876570261 -0.1687881876570261 -0.1687881876570261 -0.1687881876570261 -0.1687881876570261 -0.1687881876570261 -0.1687881876570261 -0.1687881876570261 -0.1687881876570261 -0.1687881876570261 -0.1687881876570261 -0.1687881876570261 -0.1687881876570261 -0.1687881876570261 -0.1687881876570261 -0.1687881876570261 -0.1687881876570261 -0.1687881876570261 -0.1687881876570261 -0.1687881876570261 -0.1687881876570261 -0.1687881876570261 -0.1687881876570261 -0.1687881876570261 -0.1687881876570261 -0.1687881876570261 -0.1687881876570261 -0.1687881876570261 -0.1687881876570261 -0.1687881876570261 -0.1687881876570261 -0.1687881876570261 -0.1687881876570261 -0.1687881876570261 -0.1687881876570261 -0.1687881876570261 -0.1687881876570261 -0.1687881876570261 -0.1687881876570261 -0.1687881876570261 -0.1687881876570261 -0.1687881876570261 -0.1687881876570261 -0.1687881876570261 -0.1687881876570261 -0.1687881876570261 -0.1687881876570261 -0.1687881876570261 -0.1687881876570261 -0.1687881876570261 -0.1687881876570261 -0.1687881876570261 -0.1687881876570261 -0.1687881876570261 -0.1687881876570261 -0.1687881876570261 -0.1687881876570261 -0.1687881876570261 -0.1687881876570261 -0.1650964828798623 -0.1687881876570261 -0.15637280172162352 -0.15637280172162352 -0.15532095637140594 -0.15175214921103813 -0.13044321571823875 -0.10771662051631004 -0.10411635093135119 -0.06026619814920979 -0.0414997747203133 -0.01202090482311622
-0.16853352143739245 -0.16853352143739245 -0.16853352143739245 -0.16853352143739245 -0.16853352143739245 -0.16853352143739245 -0.16853352143739245 -0.16853352143739245 -0.16853352143739245 -0.16853352143739245 -0.16853352143739245 -0.16853352143739245 -0.16853352143739245 -0.16853352143739245 -0.16853352143739245 -0.16853352143739245 -0.16853352143739245 -0.16853352143739245 -0.16853352143739245 -0.16853352143739245 -0.16853352143739245 -0.16853352143739245 -0.16853352143739245 -0.16853352143739245 -0.16853352143739245 -0.16853352143739245 -0.16853352143739245 -0.16853352143739245 -0.16853352143739245 -0.16853352143739245 -0.16853352143739245 -0.16853352143739245 -0.16853352143739245 -0.16853352143739245 -0.16853352143739245 -0.16853352143739245 -0.16853352143739245 -0.16853352143739245 -0.16853352143739245 -0.16853352143739245 -0.16853352143739245 -0.16853352143739245 -0.16853352143739245 -0.16853352143739245 -0.16853352143739245 -0.16853352143739245 -0.16853352143739245 -0.16853352143739245 -0.16853352143739245 -0.16853352143739245 -0.16853352143739245 -0.16853352143739245 -0.16853352143739245 -0.16853352143739245 -0.16853352143739245 -0.16853352143739245 -0.16853352143739245 -0.16853352143739245 -0.16853352143739245 -0.16853352143739245 -0.16853352143739245 -0.16853352143739245 -0.16853352143739245 -0.16853352143739245 -0.16853352143739245 -0.16853352143739245 -0.16853352143739245 -0.16853352143739245 -0.16853352143739245 -0.16853352143739245 -0.16853352143739245 -0.16853352143739245 -0.16853352143739245 -0.16853352143739245 -0.16853352143739245 -0.16853352143739245 -0.16853352143739245 -0.16853352143739245 -0.16853352143739245 -0.1650964828798623 -0.16853352143739245 -0.15637280172162352 -0.15637280172162352 -0.15532095637140594 -0.15175214921103813 -0.13044321571823875 -0.10771662051631004 -0.10411635093135119 -0.06026619814920979 -0.0414997747203133 -0.01202090482311622
-0.15901414378681974 -0.15901414378681974 -0.15901414378681974 -0.15901414378681974 -0.15901414378681974 -0.15901414378681974 -0.15901414378681974 -0.15901414378681974 -0.15901414378681974 -0.15901414378681974 -0.15901414378681974 -0.15901414378681974 -0.15901414378681974 -0.15901414378681974 -0.15901414378681974 -0.15901414378681974 -0.15901414378681974 -0.15901414378681974 -0.15901414378681974 -0.15901414378681974 -0.15901414378681974 -0.15901414378681974 -0.15901414378681974 -0.15901414378681974 -0.15901414378681974 -0.15901414378681974 -0.15901414378681974 -0.15901414378681974 -0.15901414378681974 -0.15901414378681974 -0.15901414378681974 -0.15901414378681974 -0.15901414378681974 -0.15901414378681974 -0.15901414378681974 -0.15901414378681974 -0.15901414378681974 -0.15901414378681974 -0.15901414378681974 -0.15901414378681974 -0.15901414378681974 -0.15901414378681974 -0.15901414378681974 -0.15901414378681974 -0.15901414378681974 -0.15901414378681974 -0.15901414378681974 -0.15901414378681974 -0.15901414378681974 -0.15901414378681974 -0.15901414378681974 -0.15901414378681974 -0.15901414378681974 -0.15901414378681974 -0.15901414378681974 -0.15901414378681974 -0.15901414378681974 -0.15901414378681974 -0.15901414378681974 -0.15901414378681974 -0.15901414378681974 -0.15901414378681974 -0.15901414378681974 -0.15901414378681974 -0.15901414378681974 -0.15901414378681974 -0.15901414378681974 -0.15901414378681974 -0.15901414378681974 -0.15901414378681974 -0.15901414378681974 -0.15901414378681974 -0.15901414378681974 -0.15901414378681974 -0.15901414378681974 -0.15901414378681974 -0.15901414378681974 -0.15901414378681974 -0.15901414378681974 -0.15901414378681974 -0.15901414378681974 -0.15637280172162352 -0.15637280172162352 -0.15532095637140594 -0.15175214921103813 -0.13044321571823875 -0.10771662051631004 -0.10411635093135119 -0.06026619814920979 -0.0414997747203133 -0.01202090482311622
-0.14014103319690552 -0.14014103319690552 -0.14014103319690552 -0.14014103319690552 -0.14014103319690552 -0.14014103319690552 -0.14014103319690552 -0.14014103319690552 -0.14014103319690552 -0.14014103319690552 -0.14014103319690552 -0.14014103319690552 -0.14014103319690552 -0.14014103319690552 -0.14014103319690552 -0.14014103319690552 -0.14014103319690552 -0.14014103319690552 -0.14014103319690552 -0.14014103319690552 -0.14014103319690552 -0.14014103319690552 -0.14014103319690552 -0.14014103319690552 -0.14014103319690552 -0.14014103319690552 -0.14014103319690552 -0.14014103319690552 -0.14014103319690552 -0.14014103319690552 -0.14014103319690552 -0.14014103319690552 -0.14014103319690552 -0.14014103319690552 -0.14014103319690552 -0.14014103319690552 -0.14014103319690552 -0.14014103319690552 -0.14014103319690552 -0.14014103319690552 -0.14014103319690552 -0.14014103319690552 -0.14014103319690552 -0.14014103319690552 -0.14014103319690552 -0.14014103319690552 -0.14014103319690552 -0.14014103319690552 -0.14014103319690552 -0.14014103319690552 -0.14014103319690552 -0.14014103319690552 -0.14014103319690552 -0.14014103319690552 -0.14014103319690552 -0.14014103319690552 -0.14014103319690552 -0.14014103319690552 -0.14014103319690552 -0.14014103319690552 -0.14014103319690552 -0.14014103319690552 -0.14014103319690552 -0.14014103319690552 -0.14014103319690552 -0.14014103319690552 -0.14014103319690552 -0.14014103319690552 -0.14014103319690552 -0.14014103319690552 -0.14014103319690552 -0.14014103319690552 -0.14014103319690552 -0.14014103319690552 -0.14014103319690552 -0.14014103319690552 -0.14014103319690552 -0.14014103319690552 -0.14014103319690552 -0.14014103319690552 -0.14014103319690552 -0.14014103319690552 -0.14014103319690552 -0.14014103319690552 -0.14014103319690552 -0.13044321571823875 -0.10771662051631004 -0.10411635093135119 -0.06026619814920979 -0.0414997747203133 -0.01202090482311622
-0.13440944645154956 -0.13440944645154956 -0.13440944645154956 -0.13440944645154956 -0.13440944645154956 -0.13440944645154956 -0.13440944645154956 -0.13440944645154956 -0.13440944645154956 -0.13440944645154956 -0.13440944645154956 -0.13440944645154956 -0.13440944645154956 -0.13440944645154956 -0.13440944645154956 -0.13440944645154956 -0.13440944645154956 -0.13440944645154956 -0.13440944645154956 -0.13440944645154956 -0.13440944645154956 -0.13440944645154956 -0.13440944645154956 -0.13440944645154956 -0.13440944645154956 -0.13440944645154956 -0.13440944645154956 -0.13440944645154956 -0.13440944645154956 -0.13440944645154956 -0.13440944645154956 -0.13440944645154956 -0.13440944645154956 -0.13440944645154956 -0.13440944645154956 -0.13440944645154956 -0.13440944645154956 -0.13440944645154956 -0.13440944645154956 -0.13440944645154956 -0.13440944645154956 -0.13440944645154956 -0.13440944645154956 -0.13440944645154956 -0.13440944645154956 -0.13440944645154956 -0.13440944645154956 -0.13440944645154956 -0.13440944645154956 -0.13440944645154956 -0.13440944645154956 -0.13440944645154956 -0.13440944645154956 -0.13440944645154956 -0.13440944645154956 -0.13440944645154956 -0.13440944645154956 -0.13440944645154956 -0.13440944645154956 -0.13440944645154956 -0.13440944645154956 -0.13440944645154956 -0.13440944645154956 -0.13440944645154956 -0.13440944645154956 -0.13440944645154956 -0.13440944645154956 -0.13440944645154956 -0.13440944645154956 -0.13440944645154956 -0.13440944645154956 -0.13440944645154956 -0.13440944645154956 -0.13440944645154956 -0.13440944645154956 -0.13440944645154956 -0.13440944645154956 -0.13440944645154956 -0.13440944645154956 -0.13440944645154956 -0.13440944645154956 -0.13440944645154956 -0.13440944645154956 -0.13440944645154956 -0.13440944645154956 -0.13044321571823875 -0.10771662051631004 -0.10411635093135119 -0.06056129673649381 -0.0414997747203133 -0.01202090482311622
-0.13405383824552888 -0.13405383824552888 -0.13405383824552888 -0.13405383824552888 -0.13405383824552888 -0.13405383824552888 -0.13405383824552888 -0.13405383824552888 -0.13405383824552888 -0.13405383824552888 -0.13405383824552888 -0.13405383824552888 -0.13405383824552888 -0.13405383824552888 -0.13405383824552888 -0.13405383824552888 -0.13405383824552888 -0.13405383824552888 -0.13405383824552888 -0.13405383824552888 -0.13405383824552888 -0.13405383824552888 -0.13405383824552888 -0.13405383824552888 -0.13405383824552888 -0.13405383824552888 -0.13405383824552888 -0.13405383824552888 -0.13405383824552888 -0.13405383824552888 -0.13405383824552888 -0.13405383824552888 -0.13405383824552888 -0.13405383824552888 -0.13405383824552888 -0.13405383824552888 -0.13405383824552888 -0.13405383824552888 -0.13405383824552888 -0.13405383824552888 -0.13405383824552888 -0.13405383824552888 -0.13405383824552888 -0.13405383824552888 -0.13405383824552888 -0.13405383824552888 -0.13405383824552888 -0.13405383824552888 -0.13405383824552888 -0.13405383824552888 -0.13405383824552888 -0.13405383824552888 -0.13405383824552888 -0.13405383824552888 -0.13405383824552888 -0.13405383824552888 -0.13405383824552888 -0.13405383824552888 -0.13405383824552888 -0.13405383824552888 -0.13405383824552888 -0.13405383824552888 -0.13405383824552888 -0.13405383824552888 -0.13405383824552888 -0.13405383824552888 -0.13405383824552888 -0.13405383824552888 -0.13405383824552888 -0.13405383824552888 -0.13405383824552888 -0.13405383824552888 -0.13405383824552888 -0.13405383824552888 -0.13405383824552888 -0.13405383824552888 -0.13405383824552888 -0.13405383824552888 -0.13405383824552888 -0.13405383824552888 -0.13405383824552888 -0.13405383824552888 -0.13405383824552888 -0.13405383824552888 -0.13405383824552888 -0.13044321571823875 -0.10771662051631004 -0.10411635093135119 -0.06026619814920979 -0.0414997747203133 -0.01202090482311622
-0.13319238691963664 -0.13319238691963664 -0.13319238691963664 -0.13319238691963664 -0.13319238691963664 -0.13319238691963664 -0.13319238691963664 -0.13319238691963664 -0.13319238691963664 -0.13319238691963664 -0.13319238691963664 -0.13319238691963664 -0.13319238691963664 -0.13319238691963664 -0.13319238691963664 -0.13319238691963664 -0.13319238691963664 -0.13319238691963664 -0.13319238691963664 -0.13319238691963664 -0.13319238691963664 -0.13319238691963664 -0.13319238691963664 -0.13319238691963664 -0.13319238691963664 -0.13319238691963664 -0.13319238691963664 -0.13319238691963664 -0.13319238691963664 -0.13319238691963664 -0.13319238691963664 -0.13319238691963664 -0.13319238691963664 -0.13319238691963664 -0.13319238691963664 -0.13319238691963664 -0.13319238691963664 -0.13319238691963664 -0.13319238691963664 -0.13319238691963664 -0.13319238691963664 -0.13319238691963664 -0.13319238691963664 -0.13319238691963664 -0.13319238691963664 -0.13319238691963664 -0.13319238691963664 -0.13319238691963664 -0.13319238691963664 -0.13319238691963664 -0.13319238691963664 -0.13319238691963664 -0.13319238691963664 -0.13319238691963664 -0.13319238691963664 -0.13319238691963664 -0.13319238691963664 -0.13319238691963664 -0.13319238691963664 -0.13319238691963664 -0.13319238691963664 -0.13319238691963664 -0.13319238691963664 -0.13319238691963664 -0.13319238691963664 -0.13319238691963664 -0.13319238691963664 -0.13319238691963664 -0.13319238691963664 -0.13319238691963664 -0.13319238691963664 -0.13319238691963664 -0.13319238691963664 -0.13319238691963664 -0.13319238691963664 -0.13319238691963664 -0.13319238691963664 -0.13319238691963664 -0.13319238691963664 -0.13319238691963664 -0.13319238691963664 -0.13319238691963664 -0.13319238691963664 -0.13319238691963664 -0.13319238691963664 -0.13044321571823875 -0.10771662051631004 -0.10411635093135119 -0.06026619814920979 -0.0414997747203133 -0.01202090482311622
-0.1314177371141355 -0.1314177371141355 -0.1314177371141355 -0.1314177371141355 -0.1314177371141355 -0.1314177371141355 -0.1314177371141355 -0.1314177371141355 -0.1314177371141355 -0.1314177371141355 -0.1314177371141355 -0.1314177371141355 -0.1314177371141355 -0.1314177371141355 -0.1314177371141355 -0.1314177371141355 -0.1314177371141355 -0.1314177371141355 -0.1314177371141355 -0.1314177371141355 -0.1314177371141355 -0.1314177371141355 -0.1314177371141355 -0.1314177371141355 -0.1314177371141355 -0.1314177371141355 -0.1314177371141355 -0.1314177371141355 -0.1314177371141355 -0.1314177371141355 -0.1314177371141355 -0.1314177371141355 -0.1314177371141355 -0.1314177371141355 -0.1314177371141355 -0.1314177371141355 -0.1314177371141355 -0.1314177371141355 -0.1314177371141355 -0.1314177371141355 -0.1314177371141355 -0.1314177371141355 -0.1314177371141355 -0.1314177371141355 -0.1314177371141355 -0.1314177371141355 -0.1314177371141355 -0.1314177371141355 -0.1314177371141355 -0.1314177371141355 -0.1314177371141355 -0.1314177371141355 -0.1314177371141355 -0.1314177371141355 -0.1314177371141355 -0.1314177371141355 -0.1314177371141355 -0.1314177371141355 -0.1314177371141355 -0.1314177371141355 -0.1314177371141355 -0.1314177371141355 -0.1314177371141355 -0.1314177371141355 -0.1314177371141355 -0.1314177371141355 -0.1314177371141355 -0.1314177371141355 -0.1314177371141355 -0.1314177371141355 -0.1314177371141355 -0.1314177371141355 -0.1314177371141355 -0.1314177371141355 -0.1314177371141355 -0.1314177371141355 -0.1314177371141355 -0.1314177371141355 -0.1314177371141355 -0.1314177371141355 -0.1314177371141355 -0.1314177371141355 -0.1314177371141355 -0.1314177371141355 -0.1314177371141355 -0.13044321571823875 -0.10771662051631004 -0.10411635093135119 -0.06056129673649381 -0.05442033977323419 -0.01202090482311622
-0.12963116451761203 -0.12963116451761203 -0.12963116451761203 -0.12963116451761203 -0.12963116451761203 -0.12963116451761203 -0.12963116451761203 -0.12963116451761203 -0.12963116451761203 -0.12963116451761203 -0.12963116451761203 -0.12963116451761203 -0.12963116451761203 -0.12963116451761203 -0.12963116451761203 -0.12963116451761203 -0.12963116451761203 -0.12963116451761203 -0.12963116451761203 -0.12963116451761203 -0.12963116451761203 -0.12963116451761203 -0.12963116451761203 -0.12963116451761203 -0.12963116451761203 -0.12963116451761203 -0.12963116451761203 -0.12963116451761203 -0.12963116451761203 -0.12963116451761203 -0.12963116451761203 -0.12963116451761203 -0.12963116451761203 -0.12963116451761203 -0.12963116451761203 -0.12963116451761203 -0.12963116451761203 -0.12963116451761203 -0.12963116451761203 -0.12963116451761203 -0.12963116451761203 -0.12963116451761203 -0.12963116451761203 -0.12963116451761203 -0.12963116451761203 -0.12963116451761203 -0.12963116451761203 -0.12963116451761203 -0.12963116451761203 -0.12963116451761203 -0.12963116451761203 -0.12963116451761203 -0.12963116451761203 -0.12963116451761203 -0.12963116451761203 -0.12963116451761203 -0.12963116451761203 -0.12963116451761203 -0.12963116451761203 -0.12963116451761203 -0.12963116451761203 -0.12963116451761203 -0.12963116451761203 -0.12963116451761203 -0.12963116451761203 -0.12963116451761203 -0.12963116451761203 -0.12963116451761203 -0.12963116451761203 -0.12963116451761203 -0.12963116451761203 -0.12963116451761203 -0.12963116451761203 -0.12963116451761203 -0.12963116451761203 -0.12963116451761203 -0.12963116451761203 -0.12963116451761203 -0.12963116451761203 -0.12963116451761203 -0.12963116451761203 -0.12963116451761203 -0.12963116451761203 -0.12963116451761203 -0.12963116451761203 -0.12963116451761203 -0.10771662051631004 -0.10411635093135119 -0.06026619814920979 -0.05442033977323419 -0.01202090482311622
-0.12491351319684428 -0.12491351319684428 -0.12491351319684428 -0.12491351319684428 -0.12491351319684428 -0.12491351319684428 -0.12491351319684428 -0.12491351319684428 -0.12491351319684428 -0.12491351319684428 -0.12491351319684428 -0.12491351319684428 -0.12491351319684428 -0.12491351319684428 -0.12491351319684428 -0.12491351319684428 -0.12491351319684428 -0.12491351319684428 -0.12491351319684428 -0.12491351319684428 -0.12491351319684428 -0.12491351319684428 -0.12491351319684428 -0.12491351319684428 -0.12491351319684428 -0.12491351319684428 -0.12491351319684428 -0.12491351319684428 -0.12491351319684428 -0.12491351319684428 -0.12491351319684428 -0.12491351319684428 -0.12491351319684428 -0.12491351319684428 -0.12491351319684428 -0.12491351319684428 -0.12491351319684428 -0.12491351319684428 -0.12491351319684428 -0.12491351319684428 -0.12491351319684428 -0.12491351319684428 -0.12491351319684428 -0.12491351319684428 -0.12491351319684428 -0.12491351319684428 -0.12491351319684428 -0.12491351319684428 -0.12491351319684428 -0.12491351319684428 -0.12491351319684428 -0.12491351319684428 -0.12491351319684428 -0.12491351319684428 -0.12491351319684428 -0.12491351319684428 -0.12491351319684428 -0.12491351319684428 -0.12491351319684428 -0.12491351319684428 -0.12491351319684428 -0.12491351319684428 -0.12491351319684428 -0.12491351319684428 -0.12491351319684428 -0.12491351319684428 -0.12491351319684428 -0.12491351319684428 -0.12491351319684428 -0.12491351319684428 -0.12491351319684428 -0.12491351319684428 -0.12491351319684428 -0.12491351319684428 -0.12491351319684428 -0.12491351319684428 -0.12491351319684428 -0.12491351319684428 -0.12491351319684428 -0.12491351319684428 -0.12491351319684428 -0.12491351319684428 -0.12491351319684428 -0.12491351319684428 -0.12491351319684428 -0.12491351319684428 -0.10771662051631004 -0.10411635093135119 -0.06026619814920979 -0.0414997747203133 -0.01202090482311622
-0.12211320550177031 -0.12211320550177031 -0.12211320550177031 -0.12211320550177031 -0.12211320550177031 -0.12211320550177031 -0.12211320550177031 -0.12211320550177031 -0.12211320550177031 -0.12211320550177031 -0.12211320550177031 -0.12211320550177031 -0.12211320550177031 -0.12211320550177031 -0.12211320550177031 -0.12211320550177031 -0.12211320550177031 -0.12211320550177031 -0.12211320550177031 -0.12211320550177031 -0.12211320550177031 -0.12211320550177031 -0.12211320550177031 -0.12211320550177031 -0.12211320550177031 -0.12211320550177031 -0.12211320550177031 -0.12211320550177031 -0.12211320550177031 -0.12211320550177031 -0.12211320550177031 -0.12211320550177031 -0.12211320550177031 -0.12211320550177031 -0.12211320550177031 -0.12211320550177031 -0.12211320550177031 -0.12211320550177031 -0.12211320550177031 -0.12211320550177031 -0.12211320550177031 -0.12211320550177031 -0.12211320550177031 -0.12211320550177031 -0.12211320550177031 -0.12211320550177031 -0.12211320550177031 -0.12211320550177031 -0.12211320550177031 -0.12211320550177031 -0.12211320550177031 -0.12211320550177031 -0.12211320550177031 -0.12211320550177031 -0.12211320550177031 -0.12211320550177031 -0.12211320550177031 -0.12211320550177031 -0.12211320550177031 -0.12211320550177031 -0.12211320550177031 -0.12211320550177031 -0.12211320550177031 -0.12211320550177031 -0.12211320550177031 -0.12211320550177031 -0.12211320550177031 -0.12211320550177031 -0.12211320550177031 -0.12211320550177031 -0.12211320550177031 -0.12211320550177031 -0.12211320550177031 -0.12211320550177031 -0.12211320550177031 -0.12211320550177031 -0.12211320550177031 -0.12211320550177031 -0.12211320550177031 -0.12211320550177031 -0.12211320550177031 -0.12211320550177031 -0.12211320550177031 -0.12211320550177031 -0.12211320550177031 -0.12211320550177031 -0.10771662051631004 -0.10411635093135119 -0.06026619814920979 -0.0414997747203133 -0.01202090482311622
-0.11859223112599165 -0.11859223112599165 -0.11859223112599165 -0.11859223112599165 -0.11859223112599165 -0.11859223112599165 -0.11859223112599165 -0.11859223112599165 -0.11859223112599165 -0.11859223112599165 -0.11859223112599165 -0.11859223112599165 -0.11859223112599165 -0.11859223112599165 -0.11859223112599165 -0.11859223112599165 -0.11859223112599165 -0.11859223112599165 -0.11859223112599165 -0.11859223112599165 -0.11859223112599165 -0.11859223112599165 -0.11859223112599165 -0.11859223112599165 -0.11859223112599165 -0.11859223112599165 -0.11859223112599165 -0.11859223112599165 -0.11859223112599165 -0.11859223112599165 -0.11859223112599165 -0.11859223112599165 -0.11859223112599165 -0.11859223112599165 -0.11859223112599165 -0.11859223112599165 -0.11859223112599165 -0.11859223112599165 -0.11859223112599165 -0.11859223112599165 -0.11859223112599165 -0.11859223112599165 -0.11859223112599165 -0.11859223112599165 -0.11859223112599165 -0.11859223112599165 -0.11859223112599165 -0.11859223112599165 -0.11859223112599165 -0.11859223112599165 -0.11859223112599165 -0.11859223112599165 -0.11859223112599165 -0.11859223112599165 -0.11859223112599165 -0.11859223112599165 -0.11859223112599165 -0.11859223112599165 -0.11859223112599165 -0.11859223112599165 -0.11859223112599165 -0.11859223112599165 -0.11859223112599165 -0.11859223112599165 -0.11859223112599165 -0.11859223112599165 -0.11859223112599165 -0.11859223112599165 -0.11859223112599165 -0.11859223112599165 -0.11859223112599165 -0.11859223112599165 -0.11859223112599165 -0.11859223112599165 -0.11859223112599165 -0.11859223112599165 -0.11859223112599165 -0.11859223112599165 -0.11859223112599165 -0.11859223112599165 -0.11859223112599165 -0.11859223112599165 -0.11859223112599165 -0.11859223112599165 -0.11859223112599165 -0.11859223112599165 -0.10771662051631004 -0.10411635093135119 -0.06026619814920979 -0.0414997747203133 -0.01202090482311622
-0.11765728032912749 -0.11765728032912749 -0.11765728032912749 -0.11765728032912749 -0.11765728032912749 -0.11765728032912749 -0.11765728032912749 -0.11765728032912749 -0.11765728032912749 -0.11765728032912749 -0.11765728032912749 -0.11765728032912749 -0.11765728032912749 -0.11765728032912749 -0.11765728032912749 -0.11765728032912749 -0.11765728032912749 -0.11765728032912749 -0.11765728032912749 -0.11765728032912749 -0.11765728032912749 -0.11765728032912749 -0.11765728032912749 -0.11765728032912749 -0.11765728032912749 -0.11765728032912749 -0.11765728032912749 -0.11765728032912749 -0.11765728032912749 -0.11765728032912749 -0.11765728032912749 -0.11765728032912749 -0.11765728032912749 -0.11765728032912749 -0.11765728032912749 -0.11765728032912749 -0.11765728032912749 -0.11765728032912749 -0.11765728032912749 -0.11765728032912749 -0.11765728032912749 -0.11765728032912749 -0.11765728032912749 -0.11765728032912749 -0.11765728032912749 -0.11765728032912749 -0.11765728032912749 -0.11765728032912749 -0.11765728032912749 -0.11765728032912749 -0.11765728032912749 -0.11765728032912749 -0.11765728032912749 -0.11765728032912749 -0.11765728032912749 -0.11765728032912749 -0.11765728032912749 -0.11765728032912749 -0.11765728032912749 -0.11765728032912749 -0.11765728032912749 -0.11765728032912749 -0.11765728032912749 -0.11765728032912749 -0.11765728032912749 -0.11765728032912749 -0.11765728032912749 -0.11765728032912749 -0.11765728032912749 -0.11765728032912749 -0.11765728032912749 -0.11765728032912749 -0.11765728032912749 -0.11765728032912749 -0.11765728032912749 -0.11765728032912749 -0.11765728032912749 -0.11765728032912749 -0.11765728032912749 -0.11765728032912749 -0.11765728032912749 -0.11765728032912749 -0.11765728032912749 -0.11765728032912749 -0.11765728032912749 -0.11765728032912749 -0.10771662051631004 -0.10411635093135119 -0.06026619814920979 -0.0414997747203133 -0.01202090482311622
-0.10895447173504265 -0.10895447173504265 -0.10895447173504265 -0.10895447173504265 -0.10895447173504265 -0.10895447173504265 -0.10895447173504265 -0.10895447173504265 -0.10895447173504265 -0.10895447173504265 -0.10895447173504265 -0.10895447173504265 -0.10895447173504265 -0.10895447173504265 -0.10895447173504265 -0.10895447173504265 -0.10895447173504265 -0.10895447173504265 -0.10895447173504265 -0.10895447173504265 -0.10895447173504265 -0.10895447173504265 -0.10895447173504265 -0.10895447173504265 -0.10895447173504265 -0.10895447173504265 -0.10895447173504265 -0.10895447173504265 -0.10895447173504265 -0.10895447173504265 -0.10895447173504265 -0.10895447173504265 -0.10895447173504265 -0.10895447173504265 -0.10895447173504265 -0.10895447173504265 -0.10895447173504265 -0.10895447173504265 -0.10895447173504265 -0.10895447173504265 -0.10895447173504265 -0.10895447173504265 -0.10895447173504265 -0.10895447173504265 -0.10895447173504265 -0.10895447173504265 -0.10895447173504265 -0.10895447173504265 -0.10895447173504265 -0.10895447173504265 -0.10895447173504265 -0.10895447173504265 -0.10895447173504265 -0.10895447173504265 -0.10895447173504265 -0.10895447173504265 -0.10895447173504265 -0.10895447173504265 -0.10895447173504265 -0.10895447173504265 -0.10895447173504265 -0.10895447173504265 -0.10895447173504265 -0.10895447173504265 -0.10895447173504265 -0.10895447173504265 -0.10895447173504265 -0.10895447173504265 -0.10895447173504265 -0.10895447173504265 -0.10895447173504265 -0.10895447173504265 -0.10895447173504265 -0.10895447173504265 -0.10895447173504265 -0.10895447173504265 -0.10895447173504265 -0.10895447173504265 -0.10895447173504265 -0.10895447173504265 -0.10895447173504265 -0.10895447173504265 -0.10895447173504265 -0.10895447173504265 -0.10895447173504265 -0.10895447173504265 -0.10771662051631004 -0.10411635093135119 -0.06026619814920979 -0.0414997747203133 -0.01202090482311622
-0.10810627007887284 -0.10810627007887284 -0.10810627007887284 -0.10810627007887284 -0.10810627007887284 -0.10810627007887284 -0.10810627007887284 -0.10810627007887284 -0.10810627007887284 -0.10810627007887284 -0.10810627007887284 -0.10810627007887284 -0.10810627007887284 -0.10810627007887284 -0.10810627007887284 -0.10810627007887284 -0.10810627007887284 -0.10810627007887284 -0.10810627007887284 -0.10810627007887284 -0.10810627007887284 -0.10810627007887284 -0.10810627007887284 -0.10810627007887284 -0.10810627007887284 -0.10810627007887284 -0.10810627007887284 -0.10810627007887284 -0.10810627007887284 -0.10810627007887284 -0.10810627007887284 -0.10810627007887284 -0.10810627007887284 -0.10810627007887284 -0.10810627007887284 -0.10810627007887284 -0.10810627007887284 -0.10810627007887284 -0.10810627007887284 -0.10810627007887284 -0.10810627007887284 -0.10810627007887284 -0.10810627007887284 -0.10810627007887284 -0.10810627007887284 -0.10810627007887284 -0.10810627007887284 -0.10810627007887284 -0.10810627007887284 -0.10810627007887284 -0.10810627007887284 -0.10810627007887284 -0.10810627007887284 -0.10810627007887284 -0.10810627007887284 -0.10810627007887284 -0.10810627007887284 -0.10810627007887284 -0.10810627007887284 -0.10810627007887284 -0.10810627007887284 -0.10810627007887284 -0.10810627007887284 -0.10810627007887284 -0.10810627007887284 -0.10810627007887284 -0.10810627007887284 -0.10810627007887284 -0.10810627007887284 -0.10810627007887284 -0.10810627007887284 -0.10810627007887284 -0.10810627007887284 -0.10810627007887284 -0.10810627007887284 -0.10810627007887284 -0.10810627007887284 -0.10810627007887284 -0.10810627007887284 -0.10810627007887284 -0.10810627007887284 -0.10810627007887284 -0.10810627007887284 -0.10810627007887284 -0.10810627007887284 -0.10810627007887284 -0.10771662051631004 -0.10411635093135119 -0.06026619814920979 -0.0414997747203133 -0.01202090482311622
-0.10749777295425411 -0.10749777295425411 -0.10749777295425411 -0.10749777295425411 -0.10749777295425411 -0.10749777295425411 -0.10749777295425411 -0.10749777295425411 -0.10749777295425411 -0.10749777295425411 -0.10749777295425411 -0.10749777295425411 -0.10749777295425411 -0.10749777295425411 -0.10749777295425411 -0.10749777295425411 -0.10749777295425411 -0.10749777295425411 -0.10749777295425411 -0.10749777295425411 -0.10749777295425411 -0.10749777295425411 -0.10749777295425411 -0.10749777295425411 -0.10749777295425411 -0.10749777295425411 -0.10749777295425411 -0.10749777295425411 -0.10749777295425411 -0.10749777295425411 -0.10749777295425411 -0.10749777295425411 -0.10749777295425411 -0.10749777295425411 -0.10749777295425411 -0.10749777295425411 -0.10749777295425411 -0.10749777295425411 -0.10749777295425411 -0.10749777295425411 -0.10749777295425411 -0.10749777295425411 -0.10749777295425411 -0.10749777295425411 -0.10749777295425411 -0.10749777295425411 -0.10749777295425411 -0.10749777295425411 -0.10749777295425411 -0.10749777295425411 -0.10749777295425411 -0.10749777295425411 -0.10749777295425411 -0.10749777295425411 -0.10749777295425411 -0.10749777295425411 -0.10749777295425411 -0.10749777295425411 -0.10749777295425411 -0.10749777295425411 -0.10749777295425411 -0.10749777295425411 -0.10749777295425411 -0.10749777295425411 -0.10749777295425411 -0.10749777295425411 -0.10749777295425411 -0.10749777295425411 -0.10749777295425411 -0.10749777295425411 -0.10749777295425411 -0.10749777295425411 -0.10749777295425411 -0.10749777295425411 -0.10749777295425411 -0.10749777295425411 -0.10749777295425411 -0.10749777295425411 -0.10749777295425411 -0.10749777295425411 -0.10749777295425411 -0.10749777295425411 -0.10749777295425411 -0.10749777295425411 -0.10749777295425411 -0.10749777295425411 -0.10749777295425411 -0.10411635093135119 -0.06026619814920979 -0.0414997747203133 -0.01202090482311622
-0.0933818513977053 -0.0933818513977053 -0.0933818513977053 -0.0933818513977053 -0.0933818513977053 -0.0933818513977053 -0.0933818513977053 -0.0933818513977053 -0.0933818513977053 -0.0933818513977053 -0.0933818513977053 -0.0933818513977053 -0.0933818513977053 -0.0933818513977053 -0.0933818513977053 -0.0933818513977053 -0.0933818513977053 -0.0933818513977053 -0.0933818513977053 -0.0933818513977053 -0.0933818513977053 -0.0933818513977053 -0.0933818513977053 -0.0933818513977053 -0.0933818513977053 -0.0933818513977053 -0.0933818513977053 -0.0933818513977053 -0.0933818513977053 -0.0933818513977053 -0.0933818513977053 -0.0933818513977053 -0.0933818513977053 -0.0933818513977053 -0.0933818513977053 -0.0933818513977053 -0.0933818513977053 -0.0933818513977053 -0.0933818513977053 -0.0933818513977053 -0.0933818513977053 -0.0933818513977053 -0.0933818513977053 -0.0933818513977053 -0.0933818513977053 -0.0933818513977053 -0.0933818513977053 -0.0933818513977053 -0.0933818513977053 -0.0933818513977053 -0.0933818513977053 -0.0933818513977053 -0.0933818513977053 -0.0933818513977053 -0.0933818513977053 -0.0933818513977053 -0.0933818513977053 -0.0933818513977053 -0.0933818513977053 -0.0933818513977053 -0.0933818513977053 -0.0933818513977053 -0.0933818513977053 -0.0933818513977053 -0.0933818513977053 -0.0933818513977053 -0.0933818513977053 -0.0933818513977053 -0.0933818513977053 -0.0933818513977053 -0.0933818513977053 -0.0933818513977053 -0.0933818513977053 -0.0933818513977053 -0.0933818513977053 -0.0933818513977053 -0.0933818513977053 -0.0933818513977053 -0.0933818513977053 -0.0933818513977053 -0.0933818513977053 -0.0933818513977053 -0.0933818513977053 -0.0933818513977053 -0.0933818513977053 -0.0933818513977053 -0.0933818513977053 -0.0933818513977053 -0.06026619814920979 -0.0414997747203133 -0.01202090482311622
-0.0302349228089525 -0.0302349228089525 -0.0302349228089525 -0.0302349228089525 -0.0302349228089525 -0.0302349228089525 -0.0302349228089525 -0.0302349228089525 -0.0302349228089525 -0.0302349228089525 -0.0302349228089525 -0.0302349228089525 -0.0302349228089525 -0.0302349228089525 -0.0302349228089525 -0.0302349228089525 -0.0302349228089525 -0.0302349228089525 -0.0302349228089525 -0.0302349228089525 -0.0302349228089525 -0.0302349228089525 -0.0302349228089525 -0.0302349228089525 -0.0302349228089525 -0.0302349228089525 -0.0302349228089525 -0.0302349228089525 -0.0302349228089525 -0.0302349228089525 -0.0302349228089525 -0.0302349228089525 -0.0302349228089525 -0.0302349228089525 -0.0302349228089525 -0.0302349228089525 -0.0302349228089525 -0.0302349228089525 -0.0302349228089525 -0.0302349228089525 -0.0302349228089525 -0.0302349228089525 -0.0302349228089525 -0.0302349228089525 -0.0302349228089525 -0.0302349228089525 -0.0302349228089525 -0.0302349228089525 -0.0302349228089525 -0.0302349228089525 -0.0302349228089525 -0.0302349228089525 -0.0302349228089525 -0.0302349228089525 -0.0302349228089525 -0.0302349228089525 -0.0302349228089525 -0.0302349228089525 -0.0302349228089525 -0.0302349228089525 -0.0302349228089525 -0.0302349228089525 -0.0302349228089525 -0.0302349228089525 -0.0302349228089525 -0.0302349228089525 -0.0302349228089525 -0.0302349228089525 -0.0302349228089525 -0.0302349228089525 -0.0302349228089525 -0.0302349228089525 -0.0302349228089525 -0.0302349228089525 -0.0302349228089525 -0.0302349228089525 -0.0302349228089525 -0.0302349228089525 -0.0302349228089525 -0.0302349228089525 -0.0302349228089525 -0.0302349228089525 -0.0302349228089525 -0.0302349228089525 -0.0302349228089525 -0.0302349228089525 -0.0302349228089525 -0.0302349228089525 -0.0302349228089525 -0.0302349228089525 -0.01202090482311622
-0.030106630536856086 -0.030106630536856086 -0.030106630536856086 -0.030106630536856086 -0.030106630536856086 -0.030106630536856086 -0.030106630536856086 -0.030106630536856086 -0.030106630536856086 -0.030106630536856086 -0.030106630536856086 -0.030106630536856086 -0.030106630536856086 -0.030106630536856086 -0.030106630536856086 -0.030106630536856086 -0.030106630536856086 -0.030106630536856086 -0.030106630536856086 -0.030106630536856086 -0.030106630536856086 -0.030106630536856086 -0.030106630536856086 -0.030106630536856086 -0.030106630536856086 -0.030106630536856086 -0.030106630536856086 -0.030106630536856086 -0.030106630536856086 -0.030106630536856086 -0.030106630536856086 -0.030106630536856086 -0.030106630536856086 -0.030106630536856086 -0.030106630536856086 -0.030106630536856086 -0.030106630536856086 -0.030106630536856086 -0.030106630536856086 -0.030106630536856086 -0.030106630536856086 -0.030106630536856086 -0.030106630536856086 -0.030106630536856086 -0.030106630536856086 -0.030106630536856086 -0.030106630536856086 -0.030106630536856086 -0.030106630536856086 -0.030106630536856086 -0.030106630536856086 -0.030106630536856086 -0.030106630536856086 -0.030106630536856086 -0.030106630536856086 -0.030106630536856086 -0.030106630536856086 -0.030106630536856086 -0.030106630536856086 -0.030106630536856086 -0.030106630536856086 -0.030106630536856086 -0.030106630536856086 -0.030106630536856086 -0.030106630536856086 -0.030106630536856086 -0.030106630536856086 -0.030106630536856086 -0.030106630536856086 -0.030106630536856086 -0.030106630536856086 -0.030106630536856086 -0.030106630536856086 -0.030106630536856086 -0.030106630536856086 -0.030106630536856086 -0.030106630536856086 -0.030106630536856086 -0.030106630536856086 -0.030106630536856086 -0.030106630536856086 -0.030106630536856086 -0.030106630536856086 -0.030106630536856086 -0.030106630536856086 -0.030106630536856086 -0.030106630536856086 -0.030106630536856086 -0.030106630536856086 -0.030106630536856086 -0.01202090482311622