-0.5244781881454016 -0.8511338368944121 -0.8342164717880189 -0.444093918602788 -0.444093918602788 -0.2677274293920085 -0.444093918602788 -0.444093918602788 -0.7746030981075693 -0.7170337613311579 -0.444093918602788 -0.7170337613311579 -0.6788783550872136 -0.6788783550872136 -0.7022281440760485 -0.6788783550872136 -0.6646728463444279 -0.444093918602788 -0.444093918602788 -0.6366046782856764 -0.6488946162354738 -0.5939491198095079 -0.6105313295505456 -0.444093918602788 -0.18680081060525894 -0.5857231367799619 -0.2677274293920085 -0.444093918602788 -0.2677274293920085 -0.3899006671287962 -0.3611825009736173 -0.26243168892835433 -0.5244781881454016 -0.3899006671287962 -0.444093918602788 -0.2677274293920085 -0.444093918602788 -0.39450871338321275 -0.4368061244200766 -0.4368061244200766 -0.4368061244200766 -0.3899006671287962 -0.4829868186193499 -0.3899006671287962 -0.3899006671287962 -0.3870681790476593 -0.22792673485377757 -0.23115323117485265 -0.18680081060525894 -0.18680081060525894 -0.22792673485377757 -0.424615673119531 -0.23115323117485265 -0.26243168892835433 -0.22792673485377757 -0.23115323117485265 -0.3899006671287962 -0.22792673485377757 -0.23115323117485265 -0.26243168892835433 -0.22792673485377757 -0.22792673485377757 -0.23115323117485265 -0.3426958233058182 -0.3426958233058182 -0.28592059511651297 -0.2677274293920085 -0.2677274293920085 -0.2677274293920085 -0.2954912211319098 -0.2677274293920085 -0.22792673485377757 -0.2580388130303047 -0.2404488369600046 -0.1463197491294116 -0.22042650718697718 -0.1834986033585268 -0.18333289222395 -0.18528356058641587 -0.18505708147873406 -0.17010262685728972 -0.17010262685728972 -0.16644279176195498 -0.16292569319560318 -0.15151217254818247 -0.15015433761543776 -0.15076379179363636 -0.13718176774679253 -0.10717164796500567 -0.09834427903086175 -0.05646783131543406 -0.062096038318993206 -0.0540506367608819 -0.0540506367608819 -0.04316816363657956 -0.04639651613525776 -0.04639651613525776
-0.4810890247591541 -0.8511338368944121 -0.8342164717880189 -0.444093918602788 -0.444093918602788 -0.2677274293920085 -0.444093918602788 -0.444093918602788 -0.7746030981075693 -0.7496180870446814 -0.444093918602788 -0.7496180870446814 -0.6788783550872136 -0.6788783550872136 -0.7022281440760485 -0.6788783550872136 -0.6646728463444279 -0.444093918602788 -0.444093918602788 -0.6366046782856764 -0.6488946162354738 -0.5939491198095079 -0.6105313295505456 -0.444093918602788 -0.18680081060525894 -0.5857231367799619 -0.2677274293920085 -0.444093918602788 -0.2677274293920085 -0.3899006671287962 -0.3611825009736173 -0.26243168892835433 -0.4810890247591541 -0.3899006671287962 -0.444093918602788 -0.2677274293920085 -0.444093918602788 -0.39450871338321275 -0.4368061244200766 -0.4368061244200766 -0.4368061244200766 -0.3899006671287962 -0.4829868186193499 -0.3899006671287962 -0.3899006671287962 -0.3870681790476593 -0.22792673485377757 -0.23115323117485265 -0.18680081060525894 -0.18680081060525894 -0.22792673485377757 -0.424615673119531 -0.23115323117485265 -0.26243168892835433 -0.22792673485377757 -0.23115323117485265 -0.3899006671287962 -0.22792673485377757 -0.23115323117485265 -0.26243168892835433 -0.22792673485377757 -0.22792673485377757 -0.23115323117485265 -0.3426958233058182 -0.3426958233058182 -0.28592059511651297 -0.2677274293920085 -0.2677274293920085 -0.2677274293920085 -0.2954912211319098 -0.2677274293920085 -0.22792673485377757 -0.2580388130303047 -0.2404488369600046 -0.1463197491294116 -0.22042650718697718 -0.1834986033585268 -0.18333289222395 -0.18528356058641587 -0.18505708147873406 -0.17010262685728972 -0.17010262685728972 -0.16644279176195498 -0.16292569319560318 -0.15151217254818247 -0.15015433761543776 -0.15076379179363636 -0.13718176774679253 -0.10717164796500567 -0.09834427903086175 -0.05646783131543406 -0.062096038318993206 -0.0540506367608819 -0.0540506367608819 -0.04316816363657956 -0.04639651613525776 -0.04639651613525776
-0.5244781881454016 -0.8511338368944121 -0.8342164717880189 -0.444093918602788 -0.444093918602788 -0.2677274293920085 -0.444093918602788 -0.444093918602788 -0.7746030981075693 -0.7170337613311579 -0.444093918602788 -0.7170337613311579 -0.6788783550872136 -0.6788783550872136 -0.7022281440760485 -0.6788783550872136 -0.6646728463444279 -0.444093918602788 -0.444093918602788 -0.6366046782856764 -0.6488946162354738 -0.5939491198095079 -0.6105313295505456 -0.444093918602788 -0.18680081060525894 -0.5857231367799619 -0.2677274293920085 -0.444093918602788 -0.2677274293920085 -0.3899006671287962 -0.3611825009736173 -0.26243168892835433 -0.5244781881454016 -0.3899006671287962 -0.444093918602788 -0.2677274293920085 -0.444093918602788 -0.39450871338321275 -0.4368061244200766 -0.4368061244200766 -0.4368061244200766 -0.3899006671287962 -0.4829868186193499 -0.3899006671287962 -0.3899006671287962 -0.3870681790476593 -0.22792673485377757 -0.23115323117485265 -0.18680081060525894 -0.18680081060525894 -0.22792673485377757 -0.424615673119531 -0.23115323117485265 -0.26243168892835433 -0.22792673485377757 -0.23115323117485265 -0.3899006671287962 -0.22792673485377757 -0.23115323117485265 -0.26243168892835433 -0.22792673485377757 -0.22792673485377757 -0.23115323117485265 -0.3426958233058182 -0.3426958233058182 -0.28592059511651297 -0.2677274293920085 -0.2677274293920085 -0.2677274293920085 -0.2954912211319098 -0.2677274293920085 -0.22792673485377757 -0.2580388130303047 -0.2404488369600046 -0.1463197491294116 -0.22042650718697718 -0.1834986033585268 -0.18333289222395 -0.18528356058641587 -0.18505708147873406 -0.17010262685728972 -0.17010262685728972 -0.16644279176195498 -0.16292569319560318 -0.15151217254818247 -0.15015433761543776 -0.15076379179363636 -0.13718176774679253 -0.10717164796500567 -0.09834427903086175 -0.05646783131543406 -0.062096038318993206 -0.0540506367608819 -0.0540506367608819 -0.04316816363657956 -0.04639651613525776 -0.04639651613525776
-0.7932141110532245 -0.47719096789632004 -0.47719096789632004 -0.4674168062829956 -0.4674168062829956 -0.2677274293920085 -0.4674168062829956 -0.4674168062829956 -0.47719096789632004 -0.47719096789632004 -0.4674168062829956 -0.47719096789632004 -0.47719096789632004 -0.47719096789632004 -0.47719096789632004 -0.47719096789632004 -0.47719096789632004 -0.4674168062829956 -0.4674168062829956 -0.47719096789632004 -0.47719096789632004 -0.47719096789632004 -0.47719096789632004 -0.4446813757269676 -0.18680081060525894 -0.47719096789632004 -0.2677274293920085 -0.4674168062829956 -0.2677274293920085 -0.3899006671287962 -0.3611825009736173 -0.26243168892835433 -0.5244781881454016 -0.3899006671287962 -0.4674168062829956 -0.2677274293920085 -0.4674168062829956 -0.39450871338321275 -0.4368061244200766 -0.4368061244200766 -0.4368061244200766 -0.3899006671287962 -0.4810890247591541 -0.3899006671287962 -0.3899006671287962 -0.3870681790476593 -0.22792673485377757 -0.23115323117485265 -0.18680081060525894 -0.18680081060525894 -0.22792673485377757 -0.424615673119531 -0.23115323117485265 -0.26243168892835433 -0.22792673485377757 -0.23115323117485265 -0.3899006671287962 -0.22792673485377757 -0.23115323117485265 -0.26243168892835433 -0.22792673485377757 -0.22792673485377757 -0.23115323117485265 -0.3426958233058182 -0.3426958233058182 -0.28592059511651297 -0.2677274293920085 -0.2677274293920085 -0.2677274293920085 -0.2954912211319098 -0.2677274293920085 -0.22792673485377757 -0.2580388130303047 -0.2404488369600046 -0.1463197491294116 -0.22042650718697718 -0.1834986033585268 -0.18333289222395 -0.18528356058641587 -0.18505708147873406 -0.17010262685728972 -0.17010262685728972 -0.16644279176195498 -0.16292569319560318 -0.15151217254818247 -0.15015433761543776 -0.15076379179363636 -0.13718176774679253 -0.10717164796500567 -0.09834427903086175 -0.05646783131543406 -0.062096038318993206 -0.0540506367608819 -0.0540506367608819 -0.04316816363657956 -0.04639651613525776 -0.04639651613525776
-0.7795718131021785 -0.47719096789632004 -0.47719096789632004 -0.4674168062829956 -0.4674168062829956 -0.2677274293920085 -0.4674168062829956 -0.4674168062829956 -0.47719096789632004 -0.47719096789632004 -0.4674168062829956 -0.47719096789632004 -0.47719096789632004 -0.47719096789632004 -0.47719096789632004 -0.47719096789632004 -0.47719096789632004 -0.4674168062829956 -0.4674168062829956 -0.47719096789632004 -0.47719096789632004 -0.47719096789632004 -0.47719096789632004 -0.4446813757269676 -0.18680081060525894 -0.47719096789632004 -0.2677274293920085 -0.4674168062829956 -0.2677274293920085 -0.3899006671287962 -0.3611825009736173 -0.26243168892835433 -0.5244781881454016 -0.3899006671287962 -0.4674168062829956 -0.2677274293920085 -0.5084260703268503 -0.39450871338321275 -0.4368061244200766 -0.4368061244200766 -0.4368061244200766 -0.3899006671287962 -0.4810890247591541 -0.3899006671287962 -0.3899006671287962 -0.3870681790476593 -0.22792673485377757 -0.23115323117485265 -0.18680081060525894 -0.18680081060525894 -0.22792673485377757 -0.424615673119531 -0.23115323117485265 -0.26243168892835433 -0.22792673485377757 -0.23115323117485265 -0.3899006671287962 -0.22792673485377757 -0.23115323117485265 -0.26243168892835433 -0.22792673485377757 -0.22792673485377757 -0.23115323117485265 -0.3426958233058182 -0.3426958233058182 -0.28592059511651297 -0.2677274293920085 -0.2677274293920085 -0.2677274293920085 -0.2954912211319098 -0.2677274293920085 -0.22792673485377757 -0.2580388130303047 -0.2404488369600046 -0.1463197491294116 -0.22042650718697718 -0.1834986033585268 -0.18333289222395 -0.18528356058641587 -0.18505708147873406 -0.17010262685728972 -0.17010262685728972 -0.16644279176195498 -0.16292569319560318 -0.15151217254818247 -0.15015433761543776 -0.15076379179363636 -0.13718176774679253 -0.10717164796500567 -0.09834427903086175 -0.05646783131543406 -0.062096038318993206 -0.0540506367608819 -0.0540506367608819 -0.04316816363657956 -0.04639651613525776 -0.04639651613525776
-0.22042650718697718 -0.22042650718697718 -0.22042650718697718 -0.22042650718697718 -0.22042650718697718 -0.22042650718697718 -0.22042650718697718 -0.22042650718697718 -0.22042650718697718 -0.22042650718697718 -0.22042650718697718 -0.22042650718697718 -0.22042650718697718 -0.22042650718697718 -0.22042650718697718 -0.22042650718697718 -0.22042650718697718 -0.22042650718697718 -0.22042650718697718 -0.22042650718697718 -0.22042650718697718 -0.22042650718697718 -0.22042650718697718 -0.22042650718697718 -0.18680081060525894 -0.22042650718697718 -0.22042650718697718 -0.22042650718697718 -0.22042650718697718 -0.22042650718697718 -0.22042650718697718 -0.22042650718697718 -0.22042650718697718 -0.22042650718697718 -0.22042650718697718 -0.22042650718697718 -0.22042650718697718 -0.22042650718697718 -0.22042650718697718 -0.22042650718697718 -0.22042650718697718 -0.22042650718697718 -0.22042650718697718 -0.22042650718697718 -0.22042650718697718 -0.22042650718697718 -0.22042650718697718 -0.22042650718697718 -0.18680081060525894 -0.18680081060525894 -0.22042650718697718 -0.22042650718697718 -0.22042650718697718 -0.22042650718697718 -0.22042650718697718 -0.22042650718697718 -0.22042650718697718 -0.22042650718697718 -0.22042650718697718 -0.22042650718697718 -0.22042650718697718 -0.22042650718697718 -0.22042650718697718 -0.22042650718697718 -0.22042650718697718 -0.22042650718697718 -0.22042650718697718 -0.22042650718697718 -0.22042650718697718 -0.22042650718697718 -0.22042650718697718 -0.22042650718697718 -0.22042650718697718 -0.22042650718697718 -0.1463197491294116 -0.22042650718697718 -0.1834986033585268 -0.18333289222395 -0.18528356058641587 -0.18505708147873406 -0.17010262685728972 -0.17010262685728972 -0.16644279176195498 -0.16292569319560318 -0.15151217254818247 -0.15015433761543776 -0.15076379179363636 -0.13718176774679253 -0.10717164796500567 -0.09834427903086175 -0.05646783131543406 -0.062096038318993206 -0.0540506367608819 -0.0540506367608819 -0.04316816363657956 -0.04639651613525776 -0.04639651613525776
-0.47719096789632004 -0.7008603827148948 -0.7008603827148948 -0.444093918602788 -0.444093918602788 -0.2677274293920085 -0.444093918602788 -0.444093918602788 -0.7008603827148948 -0.7008603827148948 -0.444093918602788 -0.7008603827148948 -0.7008603827148948 -0.7008603827148948 -0.7008603827148948 -0.7008603827148948 -0.6646728463444279 -0.444093918602788 -0.444093918602788 -0.6366046782856764 -0.5989991731655293 -0.5939491198095079 -0.6105313295505456 -0.444093918602788 -0.18680081060525894 -0.5857231367799619 -0.2677274293920085 -0.444093918602788 -0.2677274293920085 -0.3899006671287962 -0.3611825009736173 -0.26243168892835433 -0.47719096789632004 -0.3899006671287962 -0.444093918602788 -0.2677274293920085 -0.444093918602788 -0.39450871338321275 -0.4368061244200766 -0.4368061244200766 -0.4368061244200766 -0.3899006671287962 -0.47719096789632004 -0.3899006671287962 -0.3899006671287962 -0.3870681790476593 -0.22792673485377757 -0.23115323117485265 -0.18680081060525894 -0.18680081060525894 -0.22792673485377757 -0.424615673119531 -0.23115323117485265 -0.26243168892835433 -0.22792673485377757 -0.23115323117485265 -0.3899006671287962 -0.22792673485377757 -0.23115323117485265 -0.26243168892835433 -0.22792673485377757 -0.22792673485377757 -0.23115323117485265 -0.3426958233058182 -0.3426958233058182 -0.28592059511651297 -0.2677274293920085 -0.2677274293920085 -0.2677274293920085 -0.2954912211319098 -0.2677274293920085 -0.22792673485377757 -0.2580388130303047 -0.2404488369600046 -0.1463197491294116 -0.22042650718697718 -0.1834986033585268 -0.18333289222395 -0.18528356058641587 -0.18505708147873406 -0.17010262685728972 -0.17010262685728972 -0.16644279176195498 -0.16292569319560318 -0.15151217254818247 -0.15015433761543776 -0.15076379179363636 -0.13718176774679253 -0.10717164796500567 -0.09834427903086175 -0.05646783131543406 -0.062096038318993206 -0.0540506367608819 -0.0540506367608819 -0.04316816363657956 -0.04639651613525776 -0.04639651613525776
-0.47719096789632004 -0.6908049677373825 -0.6908049677373825 -0.444093918602788 -0.444093918602788 -0.2677274293920085 -0.444093918602788 -0.444093918602788 -0.6908049677373825 -0.6908049677373825 -0.444093918602788 -0.6908049677373825 -0.6908049677373825 -0.6908049677373825 -0.6908049677373825 -0.6908049677373825 -0.6908049677373825 -0.444093918602788 -0.444093918602788 -0.6366046782856764 -0.5989991731655293 -0.5939491198095079 -0.6105313295505456 -0.444093918602788 -0.18680081060525894 -0.5857231367799619 -0.2677274293920085 -0.444093918602788 -0.2677274293920085 -0.3899006671287962 -0.3611825009736173 -0.26243168892835433 -0.47719096789632004 -0.3899006671287962 -0.444093918602788 -0.2677274293920085 -0.444093918602788 -0.39450871338321275 -0.4368061244200766 -0.4368061244200766 -0.4368061244200766 -0.3899006671287962 -0.47719096789632004 -0.3899006671287962 -0.3899006671287962 -0.3870681790476593 -0.22792673485377757 -0.23115323117485265 -0.18680081060525894 -0.18680081060525894 -0.22792673485377757 -0.424615673119531 -0.23115323117485265 -0.26243168892835433 -0.22792673485377757 -0.23115323117485265 -0.3899006671287962 -0.22792673485377757 -0.23115323117485265 -0.26243168892835433 -0.22792673485377757 -0.22792673485377757 -0.23115323117485265 -0.3426958233058182 -0.3426958233058182 -0.28592059511651297 -0.2677274293920085 -0.2677274293920085 -0.2677274293920085 -0.2954912211319098 -0.2677274293920085 -0.22792673485377757 -0.2580388130303047 -0.2404488369600046 -0.1463197491294116 -0.22042650718697718 -0.1834986033585268 -0.18333289222395 -0.18528356058641587 -0.18505708147873406 -0.17010262685728972 -0.17010262685728972 -0.16644279176195498 -0.16292569319560318 -0.15151217254818247 -0.15015433761543776 -0.15076379179363636 -0.13718176774679253 -0.10717164796500567 -0.09834427903086175 -0.05646783131543406 -0.062096038318993206 -0.0540506367608819 -0.0540506367608819 -0.04316816363657956 -0.04639651613525776 -0.04639651613525776
-0.47719096789632004 -0.6847891555495497 -0.6847891555495497 -0.444093918602788 -0.444093918602788 -0.2677274293920085 -0.444093918602788 -0.444093918602788 -0.6847891555495497 -0.6847891555495497 -0.444093918602788 -0.6847891555495497 -0.6847891555495497 -0.6847891555495497 -0.6847891555495497 -0.6847509742933184 -0.6646728463444279 -0.444093918602788 -0.444093918602788 -0.6366046782856764 -0.5989991731655293 -0.5939491198095079 -0.6105313295505456 -0.444093918602788 -0.18680081060525894 -0.5857231367799619 -0.2677274293920085 -0.444093918602788 -0.2677274293920085 -0.3899006671287962 -0.3611825009736173 -0.26243168892835433 -0.47719096789632004 -0.3899006671287962 -0.444093918602788 -0.2677274293920085 -0.444093918602788 -0.39450871338321275 -0.4368061244200766 -0.4368061244200766 -0.4368061244200766 -0.3899006671287962 -0.47719096789632004 -0.3899006671287962 -0.3899006671287962 -0.3870681790476593 -0.22792673485377757 -0.23115323117485265 -0.18680081060525894 -0.18680081060525894 -0.22792673485377757 -0.424615673119531 -0.23115323117485265 -0.26243168892835433 -0.22792673485377757 -0.23115323117485265 -0.3899006671287962 -0.22792673485377757 -0.23115323117485265 -0.26243168892835433 -0.22792673485377757 -0.22792673485377757 -0.23115323117485265 -0.3426958233058182 -0.3426958233058182 -0.28592059511651297 -0.2677274293920085 -0.2677274293920085 -0.2677274293920085 -0.2954912211319098 -0.2677274293920085 -0.22792673485377757 -0.2580388130303047 -0.2404488369600046 -0.1463197491294116 -0.22042650718697718 -0.1834986033585268 -0.18333289222395 -0.18528356058641587 -0.18505708147873406 -0.17010262685728972 -0.17010262685728972 -0.16644279176195498 -0.16292569319560318 -0.15151217254818247 -0.15015433761543776 -0.15076379179363636 -0.13718176774679253 -0.10717164796500567 -0.09834427903086175 -0.05646783131543406 -0.062096038318993206 -0.0540506367608819 -0.0540506367608819 -0.04316816363657956 -0.04639651613525776 -0.04639651613525776
-0.47719096789632004 -0.6788783550872136 -0.6788783550872136 -0.444093918602788 -0.444093918602788 -0.2677274293920085 -0.444093918602788 -0.444093918602788 -0.6788783550872136 -0.6788783550872136 -0.444093918602788 -0.6788783550872136 -0.6843699898692703 -0.6843699898692703 -0.6788783550872136 -0.6843699898692703 -0.6843699898692703 -0.444093918602788 -0.444093918602788 -0.6366046782856764 -0.5989991731655293 -0.5939491198095079 -0.6105313295505456 -0.444093918602788 -0.18680081060525894 -0.5857231367799619 -0.2677274293920085 -0.444093918602788 -0.2677274293920085 -0.3899006671287962 -0.3611825009736173 -0.26243168892835433 -0.47719096789632004 -0.3899006671287962 -0.444093918602788 -0.2677274293920085 -0.444093918602788 -0.39450871338321275 -0.4368061244200766 -0.4368061244200766 -0.4368061244200766 -0.3899006671287962 -0.47719096789632004 -0.3899006671287962 -0.3899006671287962 -0.3870681790476593 -0.22792673485377757 -0.23115323117485265 -0.18680081060525894 -0.18680081060525894 -0.22792673485377757 -0.424615673119531 -0.23115323117485265 -0.26243168892835433 -0.22792673485377757 -0.23115323117485265 -0.3899006671287962 -0.22792673485377757 -0.23115323117485265 -0.26243168892835433 -0.22792673485377757 -0.22792673485377757 -0.23115323117485265 -0.3426958233058182 -0.3426958233058182 -0.28592059511651297 -0.2677274293920085 -0.2677274293920085 -0.2677274293920085 -0.2954912211319098 -0.2677274293920085 -0.22792673485377757 -0.2580388130303047 -0.2404488369600046 -0.1463197491294116 -0.22042650718697718 -0.1834986033585268 -0.18333289222395 -0.18528356058641587 -0.18505708147873406 -0.17010262685728972 -0.17010262685728972 -0.16644279176195498 -0.16292569319560318 -0.15151217254818247 -0.15015433761543776 -0.15076379179363636 -0.13718176774679253 -0.10717164796500567 -0.09834427903086175 -0.05646783131543406 -0.062096038318993206 -0.0540506367608819 -0.0540506367608819 -0.04316816363657956 -0.04639651613525776 -0.04639651613525776
-0.47719096789632004 -0.672916737957179 -0.672916737957179 -0.444093918602788 -0.444093918602788 -0.2677274293920085 -0.444093918602788 -0.444093918602788 -0.672916737957179 -0.672916737957179 -0.444093918602788 -0.672916737957179 -0.672916737957179 -0.672916737957179 -0.672916737957179 -0.672916737957179 -0.6646728463444279 -0.444093918602788 -0.444093918602788 -0.6366046782856764 -0.5989991731655293 -0.5939491198095079 -0.6105313295505456 -0.444093918602788 -0.18680081060525894 -0.5857231367799619 -0.2677274293920085 -0.444093918602788 -0.2677274293920085 -0.3899006671287962 -0.3611825009736173 -0.26243168892835433 -0.47719096789632004 -0.3899006671287962 -0.444093918602788 -0.2677274293920085 -0.444093918602788 -0.39450871338321275 -0.4368061244200766 -0.4368061244200766 -0.4368061244200766 -0.3899006671287962 -0.47719096789632004 -0.3899006671287962 -0.3899006671287962 -0.3870681790476593 -0.22792673485377757 -0.23115323117485265 -0.18680081060525894 -0.18680081060525894 -0.22792673485377757 -0.424615673119531 -0.23115323117485265 -0.26243168892835433 -0.22792673485377757 -0.23115323117485265 -0.3899006671287962 -0.22792673485377757 -0.23115323117485265 -0.26243168892835433 -0.22792673485377757 -0.22792673485377757 -0.23115323117485265 -0.3426958233058182 -0.3426958233058182 -0.28592059511651297 -0.2677274293920085 -0.2677274293920085 -0.2677274293920085 -0.2954912211319098 -0.2677274293920085 -0.22792673485377757 -0.2580388130303047 -0.2404488369600046 -0.1463197491294116 -0.22042650718697718 -0.1834986033585268 -0.18333289222395 -0.18528356058641587 -0.18505708147873406 -0.17010262685728972 -0.17010262685728972 -0.16644279176195498 -0.16292569319560318 -0.15151217254818247 -0.15015433761543776 -0.15076379179363636 -0.13718176774679253 -0.10717164796500567 -0.09834427903086175 -0.05646783131543406 -0.062096038318993206 -0.0540506367608819 -0.0540506367608819 -0.04316816363657956 -0.04639651613525776 -0.04639651613525776
-0.47719096789632004 -0.6630997696183014 -0.6630997696183014 -0.444093918602788 -0.444093918602788 -0.2677274293920085 -0.444093918602788 -0.444093918602788 -0.6630997696183014 -0.6630997696183014 -0.444093918602788 -0.6630997696183014 -0.6630997696183014 -0.6630997696183014 -0.6630997696183014 -0.6630997696183014 -0.6630997696183014 -0.444093918602788 -0.444093918602788 -0.6539852292225907 -0.5989991731655293 -0.5939491198095079 -0.6105313295505456 -0.444093918602788 -0.18680081060525894 -0.5857231367799619 -0.2677274293920085 -0.444093918602788 -0.2677274293920085 -0.3899006671287962 -0.3611825009736173 -0.26243168892835433 -0.47719096789632004 -0.3899006671287962 -0.444093918602788 -0.2677274293920085 -0.444093918602788 -0.39450871338321275 -0.4368061244200766 -0.4368061244200766 -0.4368061244200766 -0.3899006671287962 -0.47719096789632004 -0.3899006671287962 -0.3899006671287962 -0.3870681790476593 -0.22792673485377757 -0.23115323117485265 -0.18680081060525894 -0.18680081060525894 -0.22792673485377757 -0.424615673119531 -0.23115323117485265 -0.26243168892835433 -0.22792673485377757 -0.23115323117485265 -0.3899006671287962 -0.22792673485377757 -0.23115323117485265 -0.26243168892835433 -0.22792673485377757 -0.22792673485377757 -0.23115323117485265 -0.3426958233058182 -0.3426958233058182 -0.28592059511651297 -0.2677274293920085 -0.2677274293920085 -0.2677274293920085 -0.2954912211319098 -0.2677274293920085 -0.22792673485377757 -0.2580388130303047 -0.2404488369600046 -0.1463197491294116 -0.22042650718697718 -0.1834986033585268 -0.18333289222395 -0.18528356058641587 -0.18505708147873406 -0.17010262685728972 -0.17010262685728972 -0.16644279176195498 -0.16292569319560318 -0.15151217254818247 -0.15015433761543776 -0.15076379179363636 -0.13718176774679253 -0.10717164796500567 -0.09834427903086175 -0.05646783131543406 -0.062096038318993206 -0.0540506367608819 -0.0540506367608819 -0.04316816363657956 -0.04639651613525776 -0.04639651613525776
-0.47719096789632004 -0.6576762165603001 -0.6576762165603001 -0.444093918602788 -0.444093918602788 -0.2677274293920085 -0.444093918602788 -0.444093918602788 -0.6576762165603001 -0.6576762165603001 -0.444093918602788 -0.6576762165603001 -0.6576762165603001 -0.6576762165603001 -0.6576762165603001 -0.6576762165603001 -0.6576762165603001 -0.444093918602788 -0.444093918602788 -0.6366046782856764 -0.5989991731655293 -0.5939491198095079 -0.6105313295505456 -0.444093918602788 -0.18680081060525894 -0.5857231367799619 -0.2677274293920085 -0.444093918602788 -0.2677274293920085 -0.3899006671287962 -0.3611825009736173 -0.26243168892835433 -0.47719096789632004 -0.3899006671287962 -0.444093918602788 -0.2677274293920085 -0.444093918602788 -0.39450871338321275 -0.4368061244200766 -0.4368061244200766 -0.4368061244200766 -0.3899006671287962 -0.47719096789632004 -0.3899006671287962 -0.3899006671287962 -0.3870681790476593 -0.22792673485377757 -0.23115323117485265 -0.18680081060525894 -0.18680081060525894 -0.22792673485377757 -0.424615673119531 -0.23115323117485265 -0.26243168892835433 -0.22792673485377757 -0.23115323117485265 -0.3899006671287962 -0.22792673485377757 -0.23115323117485265 -0.26243168892835433 -0.22792673485377757 -0.22792673485377757 -0.23115323117485265 -0.3426958233058182 -0.3426958233058182 -0.28592059511651297 -0.2677274293920085 -0.2677274293920085 -0.2677274293920085 -0.2954912211319098 -0.2677274293920085 -0.22792673485377757 -0.2580388130303047 -0.2404488369600046 -0.1463197491294116 -0.22042650718697718 -0.1834986033585268 -0.18333289222395 -0.18528356058641587 -0.18505708147873406 -0.17010262685728972 -0.17010262685728972 -0.16644279176195498 -0.16292569319560318 -0.15151217254818247 -0.15015433761543776 -0.15076379179363636 -0.13718176774679253 -0.10717164796500567 -0.09834427903086175 -0.05646783131543406 -0.062096038318993206 -0.0540506367608819 -0.0540506367608819 -0.04316816363657956 -0.04639651613525776 -0.04639651613525776
-0.47719096789632004 -0.6450586427037108 -0.6450586427037108 -0.444093918602788 -0.444093918602788 -0.2677274293920085 -0.444093918602788 -0.444093918602788 -0.6450586427037108 -0.6450586427037108 -0.444093918602788 -0.6450586427037108 -0.6450586427037108 -0.6450586427037108 -0.6450586427037108 -0.6450586427037108 -0.6450586427037108 -0.444093918602788 -0.444093918602788 -0.6450586427037108 -0.5989991731655293 -0.6354672704525544 -0.6265810153940873 -0.444093918602788 -0.18680081060525894 -0.5857231367799619 -0.2677274293920085 -0.444093918602788 -0.2677274293920085 -0.3899006671287962 -0.3611825009736173 -0.26243168892835433 -0.47719096789632004 -0.3899006671287962 -0.444093918602788 -0.2677274293920085 -0.444093918602788 -0.39450871338321275 -0.4368061244200766 -0.4368061244200766 -0.4368061244200766 -0.3899006671287962 -0.47719096789632004 -0.3899006671287962 -0.3899006671287962 -0.3870681790476593 -0.22792673485377757 -0.23115323117485265 -0.18680081060525894 -0.18680081060525894 -0.22792673485377757 -0.424615673119531 -0.23115323117485265 -0.26243168892835433 -0.22792673485377757 -0.23115323117485265 -0.3899006671287962 -0.22792673485377757 -0.23115323117485265 -0.26243168892835433 -0.22792673485377757 -0.22792673485377757 -0.23115323117485265 -0.3426958233058182 -0.3426958233058182 -0.28592059511651297 -0.2677274293920085 -0.2677274293920085 -0.2677274293920085 -0.2954912211319098 -0.2677274293920085 -0.22792673485377757 -0.2580388130303047 -0.2404488369600046 -0.1463197491294116 -0.22042650718697718 -0.1834986033585268 -0.18333289222395 -0.18528356058641587 -0.18505708147873406 -0.17010262685728972 -0.17010262685728972 -0.16644279176195498 -0.16292569319560318 -0.15151217254818247 -0.15015433761543776 -0.15076379179363636 -0.13718176774679253 -0.10717164796500567 -0.09834427903086175 -0.05646783131543406 -0.062096038318993206 -0.0540506367608819 -0.0540506367608819 -0.04316816363657956 -0.04639651613525776 -0.04639651613525776
-0.6325089028013334 -0.47719096789632004 -0.47719096789632004 -0.4674168062829956 -0.4674168062829956 -0.2677274293920085 -0.4674168062829956 -0.4674168062829956 -0.47719096789632004 -0.47719096789632004 -0.4674168062829956 -0.47719096789632004 -0.47719096789632004 -0.47719096789632004 -0.47719096789632004 -0.47719096789632004 -0.47719096789632004 -0.4674168062829956 -0.4674168062829956 -0.47719096789632004 -0.47719096789632004 -0.47719096789632004 -0.47719096789632004 -0.4446813757269676 -0.18680081060525894 -0.47719096789632004 -0.2677274293920085 -0.4674168062829956 -0.2677274293920085 -0.3899006671287962 -0.3611825009736173 -0.26243168892835433 -0.5244781881454016 -0.3899006671287962 -0.4674168062829956 -0.2677274293920085 -0.5084260703268503 -0.39450871338321275 -0.4368061244200766 -0.4368061244200766 -0.4368061244200766 -0.3899006671287962 -0.4810890247591541 -0.3899006671287962 -0.3899006671287962 -0.3870681790476593 -0.22792673485377757 -0.23115323117485265 -0.18680081060525894 -0.18680081060525894 -0.22792673485377757 -0.424615673119531 -0.23115323117485265 -0.26243168892835433 -0.22792673485377757 -0.23115323117485265 -0.3899006671287962 -0.22792673485377757 -0.23115323117485265 -0.26243168892835433 -0.22792673485377757 -0.22792673485377757 -0.23115323117485265 -0.3426958233058182 -0.3426958233058182 -0.28592059511651297 -0.2677274293920085 -0.2677274293920085 -0.2677274293920085 -0.2954912211319098 -0.2677274293920085 -0.22792673485377757 -0.2580388130303047 -0.2404488369600046 -0.1463197491294116 -0.22042650718697718 -0.1834986033585268 -0.18333289222395 -0.18528356058641587 -0.18505708147873406 -0.17010262685728972 -0.17010262685728972 -0.16644279176195498 -0.16292569319560318 -0.15151217254818247 -0.15015433761543776 -0.15076379179363636 -0.13718176774679253 -0.10717164796500567 -0.09834427903086175 -0.05646783131543406 -0.062096038318993206 -0.0540506367608819 -0.0540506367608819 -0.04316816363657956 -0.04639651613525776 -0.04639651613525776
-0.5244781881454016 -0.47719096789632004 -0.47719096789632004 -0.4674168062829956 -0.4674168062829956 -0.2677274293920085 -0.4674168062829956 -0.4674168062829956 -0.47719096789632004 -0.47719096789632004 -0.4674168062829956 -0.47719096789632004 -0.47719096789632004 -0.47719096789632004 -0.47719096789632004 -0.47719096789632004 -0.47719096789632004 -0.4674168062829956 -0.4674168062829956 -0.47719096789632004 -0.47719096789632004 -0.47719096789632004 -0.47719096789632004 -0.4446813757269676 -0.18680081060525894 -0.47719096789632004 -0.2677274293920085 -0.4674168062829956 -0.2677274293920085 -0.3899006671287962 -0.3611825009736173 -0.26243168892835433 -0.5244781881454016 -0.3899006671287962 -0.4674168062829956 -0.2677274293920085 -0.5084260703268503 -0.39450871338321275 -0.4368061244200766 -0.4368061244200766 -0.4368061244200766 -0.3899006671287962 -0.4810890247591541 -0.3899006671287962 -0.3899006671287962 -0.3870681790476593 -0.22792673485377757 -0.23115323117485265 -0.18680081060525894 -0.18680081060525894 -0.22792673485377757 -0.424615673119531 -0.23115323117485265 -0.26243168892835433 -0.22792673485377757 -0.23115323117485265 -0.3899006671287962 -0.22792673485377757 -0.23115323117485265 -0.26243168892835433 -0.22792673485377757 -0.22792673485377757 -0.23115323117485265 -0.3426958233058182 -0.3426958233058182 -0.28592059511651297 -0.2677274293920085 -0.2677274293920085 -0.2677274293920085 -0.2954912211319098 -0.2677274293920085 -0.22792673485377757 -0.2580388130303047 -0.2404488369600046 -0.1463197491294116 -0.22042650718697718 -0.1834986033585268 -0.18333289222395 -0.18528356058641587 -0.18505708147873406 -0.17010262685728972 -0.17010262685728972 -0.16644279176195498 -0.16292569319560318 -0.15151217254818247 -0.15015433761543776 -0.15076379179363636 -0.13718176774679253 -0.10717164796500567 -0.09834427903086175 -0.05646783131543406 -0.062096038318993206 -0.0540506367608819 -0.0540506367608819 -0.04316816363657956 -0.04639651613525776 -0.04639651613525776
-0.444093918602788 -0.444093918602788 -0.444093918602788 -0.5393393825900559 -0.5393393825900559 -0.2677274293920085 -0.5957047250445355 -0.5957047250445355 -0.444093918602788 -0.444093918602788 -0.5957047250445355 -0.444093918602788 -0.444093918602788 -0.444093918602788 -0.444093918602788 -0.444093918602788 -0.444093918602788 -0.5957047250445355 -0.5957047250445355 -0.444093918602788 -0.444093918602788 -0.444093918602788 -0.444093918602788 -0.4446813757269676 -0.18680081060525894 -0.444093918602788 -0.2677274293920085 -0.5052261642962518 -0.2677274293920085 -0.3899006671287962 -0.3611825009736173 -0.26243168892835433 -0.444093918602788 -0.3899006671287962 -0.5193858792064938 -0.2677274293920085 -0.4674168062829956 -0.39450871338321275 -0.4368061244200766 -0.4368061244200766 -0.4368061244200766 -0.3899006671287962 -0.444093918602788 -0.3899006671287962 -0.3899006671287962 -0.3870681790476593 -0.22792673485377757 -0.23115323117485265 -0.18680081060525894 -0.18680081060525894 -0.22792673485377757 -0.424615673119531 -0.23115323117485265 -0.26243168892835433 -0.22792673485377757 -0.23115323117485265 -0.3899006671287962 -0.22792673485377757 -0.23115323117485265 -0.26243168892835433 -0.22792673485377757 -0.22792673485377757 -0.23115323117485265 -0.3426958233058182 -0.3426958233058182 -0.28592059511651297 -0.2677274293920085 -0.2677274293920085 -0.2677274293920085 -0.2954912211319098 -0.2677274293920085 -0.22792673485377757 -0.2580388130303047 -0.2404488369600046 -0.1463197491294116 -0.22042650718697718 -0.1834986033585268 -0.18333289222395 -0.18528356058641587 -0.18505708147873406 -0.17010262685728972 -0.17010262685728972 -0.16644279176195498 -0.16292569319560318 -0.15151217254818247 -0.15015433761543776 -0.15076379179363636 -0.13718176774679253 -0.10717164796500567 -0.09834427903086175 -0.05646783131543406 -0.062096038318993206 -0.0540506367608819 -0.0540506367608819 -0.04316816363657956 -0.04639651613525776 -0.04639651613525776
-0.444093918602788 -0.444093918602788 -0.444093918602788 -0.5773305168397698 -0.5773305168397698 -0.2677274293920085 -0.5773305168397698 -0.5773305168397698 -0.444093918602788 -0.444093918602788 -0.5773305168397698 -0.444093918602788 -0.444093918602788 -0.444093918602788 -0.444093918602788 -0.444093918602788 -0.444093918602788 -0.5773305168397698 -0.5773305168397698 -0.444093918602788 -0.444093918602788 -0.444093918602788 -0.444093918602788 -0.4446813757269676 -0.18680081060525894 -0.444093918602788 -0.2677274293920085 -0.5052261642962518 -0.2677274293920085 -0.3899006671287962 -0.3611825009736173 -0.26243168892835433 -0.444093918602788 -0.3899006671287962 -0.5193858792064938 -0.2677274293920085 -0.4674168062829956 -0.39450871338321275 -0.4368061244200766 -0.4368061244200766 -0.4368061244200766 -0.3899006671287962 -0.444093918602788 -0.3899006671287962 -0.3899006671287962 -0.3870681790476593 -0.22792673485377757 -0.23115323117485265 -0.18680081060525894 -0.18680081060525894 -0.22792673485377757 -0.424615673119531 -0.23115323117485265 -0.26243168892835433 -0.22792673485377757 -0.23115323117485265 -0.3899006671287962 -0.22792673485377757 -0.23115323117485265 -0.26243168892835433 -0.22792673485377757 -0.22792673485377757 -0.23115323117485265 -0.3426958233058182 -0.3426958233058182 -0.28592059511651297 -0.2677274293920085 -0.2677274293920085 -0.2677274293920085 -0.2954912211319098 -0.2677274293920085 -0.22792673485377757 -0.2580388130303047 -0.2404488369600046 -0.1463197491294116 -0.22042650718697718 -0.1834986033585268 -0.18333289222395 -0.18528356058641587 -0.18505708147873406 -0.17010262685728972 -0.17010262685728972 -0.16644279176195498 -0.16292569319560318 -0.15151217254818247 -0.15015433761543776 -0.15076379179363636 -0.13718176774679253 -0.10717164796500567 -0.09834427903086175 -0.05646783131543406 -0.062096038318993206 -0.0540506367608819 -0.0540506367608819 -0.04316816363657956 -0.04639651613525776 -0.04639651613525776
-0.444093918602788 -0.444093918602788 -0.444093918602788 -0.5766414464884063 -0.5766414464884063 -0.2677274293920085 -0.5766414464884063 -0.5766414464884063 -0.444093918602788 -0.444093918602788 -0.5766414464884063 -0.444093918602788 -0.444093918602788 -0.444093918602788 -0.444093918602788 -0.444093918602788 -0.444093918602788 -0.5766414464884063 -0.5766414464884063 -0.444093918602788 -0.444093918602788 -0.444093918602788 -0.444093918602788 -0.4446813757269676 -0.18680081060525894 -0.444093918602788 -0.2677274293920085 -0.5052261642962518 -0.2677274293920085 -0.3899006671287962 -0.3611825009736173 -0.26243168892835433 -0.444093918602788 -0.3899006671287962 -0.5193858792064938 -0.2677274293920085 -0.4674168062829956 -0.39450871338321275 -0.4368061244200766 -0.4368061244200766 -0.4368061244200766 -0.3899006671287962 -0.444093918602788 -0.3899006671287962 -0.3899006671287962 -0.3870681790476593 -0.22792673485377757 -0.23115323117485265 -0.18680081060525894 -0.18680081060525894 -0.22792673485377757 -0.424615673119531 -0.23115323117485265 -0.26243168892835433 -0.22792673485377757 -0.23115323117485265 -0.3899006671287962 -0.22792673485377757 -0.23115323117485265 -0.26243168892835433 -0.22792673485377757 -0.22792673485377757 -0.23115323117485265 -0.3426958233058182 -0.3426958233058182 -0.28592059511651297 -0.2677274293920085 -0.2677274293920085 -0.2677274293920085 -0.2954912211319098 -0.2677274293920085 -0.22792673485377757 -0.2580388130303047 -0.2404488369600046 -0.1463197491294116 -0.22042650718697718 -0.1834986033585268 -0.18333289222395 -0.18528356058641587 -0.18505708147873406 -0.17010262685728972 -0.17010262685728972 -0.16644279176195498 -0.16292569319560318 -0.15151217254818247 -0.15015433761543776 -0.15076379179363636 -0.13718176774679253 -0.10717164796500567 -0.09834427903086175 -0.05646783131543406 -0.062096038318993206 -0.0540506367608819 -0.0540506367608819 -0.04316816363657956 -0.04639651613525776 -0.04639651613525776
-0.39450871338321275 -0.39450871338321275 -0.39450871338321275 -0.39450871338321275 -0.39450871338321275 -0.2677274293920085 -0.39450871338321275 -0.39450871338321275 -0.39450871338321275 -0.39450871338321275 -0.39450871338321275 -0.39450871338321275 -0.39450871338321275 -0.39450871338321275 -0.39450871338321275 -0.39450871338321275 -0.39450871338321275 -0.39450871338321275 -0.39450871338321275 -0.39450871338321275 -0.39450871338321275 -0.39450871338321275 -0.39450871338321275 -0.39450871338321275 -0.18680081060525894 -0.39450871338321275 -0.2677274293920085 -0.39450871338321275 -0.2677274293920085 -0.4414900618820481 -0.3611825009736173 -0.26243168892835433 -0.39450871338321275 -0.4414900618820481 -0.39450871338321275 -0.2677274293920085 -0.39450871338321275 -0.39450871338321275 -0.39450871338321275 -0.39450871338321275 -0.39450871338321275 -0.4414900618820481 -0.39450871338321275 -0.4414900618820481 -0.4198822737075181 -0.3870681790476593 -0.22792673485377757 -0.23115323117485265 -0.18680081060525894 -0.18680081060525894 -0.22792673485377757 -0.39450871338321275 -0.23115323117485265 -0.26243168892835433 -0.22792673485377757 -0.23115323117485265 -0.3945237053541288 -0.22792673485377757 -0.23115323117485265 -0.26243168892835433 -0.22792673485377757 -0.22792673485377757 -0.23115323117485265 -0.3426958233058182 -0.3426958233058182 -0.28592059511651297 -0.2677274293920085 -0.2677274293920085 -0.2677274293920085 -0.2954912211319098 -0.2677274293920085 -0.22792673485377757 -0.2580388130303047 -0.2404488369600046 -0.1463197491294116 -0.22042650718697718 -0.1834986033585268 -0.18333289222395 -0.18528356058641587 -0.18505708147873406 -0.17010262685728972 -0.17010262685728972 -0.16644279176195498 -0.16292569319560318 -0.15151217254818247 -0.15015433761543776 -0.15076379179363636 -0.13718176774679253 -0.10717164796500567 -0.09834427903086175 -0.05646783131543406 -0.062096038318993206 -0.0540506367608819 -0.0540506367608819 -0.04316816363657956 -0.04639651613525776 -0.04639651613525776
-0.444093918602788 -0.444093918602788 -0.444093918602788 -0.5282954142073281 -0.5282954142073281 -0.2677274293920085 -0.5282954142073281 -0.5282954142073281 -0.444093918602788 -0.444093918602788 -0.5282954142073281 -0.444093918602788 -0.444093918602788 -0.444093918602788 -0.444093918602788 -0.444093918602788 -0.444093918602788 -0.5282954142073281 -0.5282954142073281 -0.444093918602788 -0.444093918602788 -0.444093918602788 -0.444093918602788 -0.4446813757269676 -0.18680081060525894 -0.444093918602788 -0.2677274293920085 -0.5052261642962518 -0.2677274293920085 -0.3899006671287962 -0.3611825009736173 -0.26243168892835433 -0.444093918602788 -0.3899006671287962 -0.5193858792064938 -0.2677274293920085 -0.4674168062829956 -0.39450871338321275 -0.4368061244200766 -0.4368061244200766 -0.4368061244200766 -0.3899006671287962 -0.444093918602788 -0.3899006671287962 -0.3899006671287962 -0.3870681790476593 -0.22792673485377757 -0.23115323117485265 -0.18680081060525894 -0.18680081060525894 -0.22792673485377757 -0.426441250862236 -0.23115323117485265 -0.26243168892835433 -0.22792673485377757 -0.23115323117485265 -0.3899006671287962 -0.22792673485377757 -0.23115323117485265 -0.26243168892835433 -0.22792673485377757 -0.22792673485377757 -0.23115323117485265 -0.3426958233058182 -0.3426958233058182 -0.28592059511651297 -0.2677274293920085 -0.2677274293920085 -0.2677274293920085 -0.2954912211319098 -0.2677274293920085 -0.22792673485377757 -0.2580388130303047 -0.2404488369600046 -0.1463197491294116 -0.22042650718697718 -0.1834986033585268 -0.18333289222395 -0.18528356058641587 -0.18505708147873406 -0.17010262685728972 -0.17010262685728972 -0.16644279176195498 -0.16292569319560318 -0.15151217254818247 -0.15015433761543776 -0.15076379179363636 -0.13718176774679253 -0.10717164796500567 -0.09834427903086175 -0.05646783131543406 -0.062096038318993206 -0.0540506367608819 -0.0540506367608819 -0.04316816363657956 -0.04639651613525776 -0.04639651613525776
-0.444093918602788 -0.444093918602788 -0.444093918602788 -0.5281409415310303 -0.5281409415310303 -0.2677274293920085 -0.5281409415310303 -0.5281409415310303 -0.444093918602788 -0.444093918602788 -0.5281409415310303 -0.444093918602788 -0.444093918602788 -0.444093918602788 -0.444093918602788 -0.444093918602788 -0.444093918602788 -0.5281409415310303 -0.5281409415310303 -0.444093918602788 -0.444093918602788 -0.444093918602788 -0.444093918602788 -0.4446813757269676 -0.18680081060525894 -0.444093918602788 -0.2677274293920085 -0.5052261642962518 -0.2677274293920085 -0.3899006671287962 -0.3611825009736173 -0.26243168892835433 -0.444093918602788 -0.3899006671287962 -0.5193858792064938 -0.2677274293920085 -0.4674168062829956 -0.39450871338321275 -0.4368061244200766 -0.4368061244200766 -0.4368061244200766 -0.3899006671287962 -0.444093918602788 -0.3899006671287962 -0.3899006671287962 -0.3870681790476593 -0.22792673485377757 -0.23115323117485265 -0.18680081060525894 -0.18680081060525894 -0.22792673485377757 -0.426441250862236 -0.23115323117485265 -0.26243168892835433 -0.22792673485377757 -0.23115323117485265 -0.3899006671287962 -0.22792673485377757 -0.23115323117485265 -0.26243168892835433 -0.22792673485377757 -0.22792673485377757 -0.23115323117485265 -0.3426958233058182 -0.3426958233058182 -0.28592059511651297 -0.2677274293920085 -0.2677274293920085 -0.2677274293920085 -0.2954912211319098 -0.2677274293920085 -0.22792673485377757 -0.2580388130303047 -0.2404488369600046 -0.1463197491294116 -0.22042650718697718 -0.1834986033585268 -0.18333289222395 -0.18528356058641587 -0.18505708147873406 -0.17010262685728972 -0.17010262685728972 -0.16644279176195498 -0.16292569319560318 -0.15151217254818247 -0.15015433761543776 -0.15076379179363636 -0.13718176774679253 -0.10717164796500567 -0.09834427903086175 -0.05646783131543406 -0.062096038318993206 -0.0540506367608819 -0.0540506367608819 -0.04316816363657956 -0.04639651613525776 -0.04639651613525776
-0.444093918602788 -0.444093918602788 -0.444093918602788 -0.5272832624882969 -0.5272832624882969 -0.2677274293920085 -0.5272832624882969 -0.5272832624882969 -0.444093918602788 -0.444093918602788 -0.5272832624882969 -0.444093918602788 -0.444093918602788 -0.444093918602788 -0.444093918602788 -0.444093918602788 -0.444093918602788 -0.5272832624882969 -0.5272832624882969 -0.444093918602788 -0.444093918602788 -0.444093918602788 -0.444093918602788 -0.4446813757269676 -0.18680081060525894 -0.444093918602788 -0.2677274293920085 -0.5052261642962518 -0.2677274293920085 -0.3899006671287962 -0.3611825009736173 -0.26243168892835433 -0.444093918602788 -0.3899006671287962 -0.5193858792064938 -0.2677274293920085 -0.4674168062829956 -0.39450871338321275 -0.4368061244200766 -0.4368061244200766 -0.4368061244200766 -0.3899006671287962 -0.444093918602788 -0.3899006671287962 -0.3899006671287962 -0.3870681790476593 -0.22792673485377757 -0.23115323117485265 -0.18680081060525894 -0.18680081060525894 -0.22792673485377757 -0.424615673119531 -0.23115323117485265 -0.26243168892835433 -0.22792673485377757 -0.23115323117485265 -0.3899006671287962 -0.22792673485377757 -0.23115323117485265 -0.26243168892835433 -0.22792673485377757 -0.22792673485377757 -0.23115323117485265 -0.3426958233058182 -0.3426958233058182 -0.28592059511651297 -0.2677274293920085 -0.2677274293920085 -0.2677274293920085 -0.2954912211319098 -0.2677274293920085 -0.22792673485377757 -0.2580388130303047 -0.2404488369600046 -0.1463197491294116 -0.22042650718697718 -0.1834986033585268 -0.18333289222395 -0.18528356058641587 -0.18505708147873406 -0.17010262685728972 -0.17010262685728972 -0.16644279176195498 -0.16292569319560318 -0.15151217254818247 -0.15015433761543776 -0.15076379179363636 -0.13718176774679253 -0.10717164796500567 -0.09834427903086175 -0.05646783131543406 -0.062096038318993206 -0.0540506367608819 -0.0540506367608819 -0.04316816363657956 -0.04639651613525776 -0.04639651613525776
-0.444093918602788 -0.444093918602788 -0.444093918602788 -0.5261459322490366 -0.5261459322490366 -0.2677274293920085 -0.5261459322490366 -0.5261459322490366 -0.444093918602788 -0.444093918602788 -0.5261459322490366 -0.444093918602788 -0.444093918602788 -0.444093918602788 -0.444093918602788 -0.444093918602788 -0.444093918602788 -0.5261459322490366 -0.5261459322490366 -0.444093918602788 -0.444093918602788 -0.444093918602788 -0.444093918602788 -0.4446813757269676 -0.18680081060525894 -0.444093918602788 -0.2677274293920085 -0.5052261642962518 -0.2677274293920085 -0.3899006671287962 -0.3611825009736173 -0.26243168892835433 -0.444093918602788 -0.3899006671287962 -0.5193858792064938 -0.2677274293920085 -0.4674168062829956 -0.39450871338321275 -0.4368061244200766 -0.4368061244200766 -0.4368061244200766 -0.3899006671287962 -0.444093918602788 -0.3899006671287962 -0.3899006671287962 -0.3870681790476593 -0.22792673485377757 -0.23115323117485265 -0.18680081060525894 -0.18680081060525894 -0.22792673485377757 -0.424615673119531 -0.23115323117485265 -0.26243168892835433 -0.22792673485377757 -0.23115323117485265 -0.3899006671287962 -0.22792673485377757 -0.23115323117485265 -0.26243168892835433 -0.22792673485377757 -0.22792673485377757 -0.23115323117485265 -0.3426958233058182 -0.3426958233058182 -0.28592059511651297 -0.2677274293920085 -0.2677274293920085 -0.2677274293920085 -0.2954912211319098 -0.2677274293920085 -0.22792673485377757 -0.2580388130303047 -0.2404488369600046 -0.1463197491294116 -0.22042650718697718 -0.1834986033585268 -0.18333289222395 -0.18528356058641587 -0.18505708147873406 -0.17010262685728972 -0.17010262685728972 -0.16644279176195498 -0.16292569319560318 -0.15151217254818247 -0.15015433761543776 -0.15076379179363636 -0.13718176774679253 -0.10717164796500567 -0.09834427903086175 -0.05646783131543406 -0.062096038318993206 -0.0540506367608819 -0.0540506367608819 -0.04316816363657956 -0.04639651613525776 -0.04639651613525776
-0.444093918602788 -0.444093918602788 -0.444093918602788 -0.5222175699750596 -0.5222175699750596 -0.2677274293920085 -0.5222175699750596 -0.5222175699750596 -0.444093918602788 -0.444093918602788 -0.5222175699750596 -0.444093918602788 -0.444093918602788 -0.444093918602788 -0.444093918602788 -0.444093918602788 -0.444093918602788 -0.5222175699750596 -0.5222175699750596 -0.444093918602788 -0.444093918602788 -0.444093918602788 -0.444093918602788 -0.4446813757269676 -0.18680081060525894 -0.444093918602788 -0.2677274293920085 -0.5052261642962518 -0.2677274293920085 -0.3899006671287962 -0.3611825009736173 -0.26243168892835433 -0.444093918602788 -0.3899006671287962 -0.5193858792064938 -0.2677274293920085 -0.4674168062829956 -0.39450871338321275 -0.4368061244200766 -0.4368061244200766 -0.4368061244200766 -0.3899006671287962 -0.444093918602788 -0.3899006671287962 -0.3899006671287962 -0.3870681790476593 -0.22792673485377757 -0.23115323117485265 -0.18680081060525894 -0.18680081060525894 -0.22792673485377757 -0.424615673119531 -0.23115323117485265 -0.26243168892835433 -0.22792673485377757 -0.23115323117485265 -0.3899006671287962 -0.22792673485377757 -0.23115323117485265 -0.26243168892835433 -0.22792673485377757 -0.22792673485377757 -0.23115323117485265 -0.3426958233058182 -0.3426958233058182 -0.28592059511651297 -0.2677274293920085 -0.2677274293920085 -0.2677274293920085 -0.2954912211319098 -0.2677274293920085 -0.22792673485377757 -0.2580388130303047 -0.2404488369600046 -0.1463197491294116 -0.22042650718697718 -0.1834986033585268 -0.18333289222395 -0.18528356058641587 -0.18505708147873406 -0.17010262685728972 -0.17010262685728972 -0.16644279176195498 -0.16292569319560318 -0.15151217254818247 -0.15015433761543776 -0.15076379179363636 -0.13718176774679253 -0.10717164796500567 -0.09834427903086175 -0.05646783131543406 -0.062096038318993206 -0.0540506367608819 -0.0540506367608819 -0.04316816363657956 -0.04639651613525776 -0.04639651613525776
-0.444093918602788 -0.444093918602788 -0.444093918602788 -0.521049635151085 -0.521049635151085 -0.2677274293920085 -0.521049635151085 -0.521049635151085 -0.444093918602788 -0.444093918602788 -0.521049635151085 -0.444093918602788 -0.444093918602788 -0.444093918602788 -0.444093918602788 -0.444093918602788 -0.444093918602788 -0.521049635151085 -0.521049635151085 -0.444093918602788 -0.444093918602788 -0.444093918602788 -0.444093918602788 -0.4446813757269676 -0.18680081060525894 -0.444093918602788 -0.2677274293920085 -0.5052261642962518 -0.2677274293920085 -0.3899006671287962 -0.3611825009736173 -0.26243168892835433 -0.444093918602788 -0.3899006671287962 -0.5193858792064938 -0.2677274293920085 -0.4674168062829956 -0.39450871338321275 -0.4368061244200766 -0.4368061244200766 -0.4368061244200766 -0.3899006671287962 -0.444093918602788 -0.3899006671287962 -0.3899006671287962 -0.3870681790476593 -0.22792673485377757 -0.23115323117485265 -0.18680081060525894 -0.18680081060525894 -0.22792673485377757 -0.424615673119531 -0.23115323117485265 -0.26243168892835433 -0.22792673485377757 -0.23115323117485265 -0.3899006671287962 -0.22792673485377757 -0.23115323117485265 -0.26243168892835433 -0.22792673485377757 -0.22792673485377757 -0.23115323117485265 -0.3426958233058182 -0.3426958233058182 -0.28592059511651297 -0.2677274293920085 -0.2677274293920085 -0.2677274293920085 -0.2954912211319098 -0.2677274293920085 -0.22792673485377757 -0.2580388130303047 -0.2404488369600046 -0.1463197491294116 -0.22042650718697718 -0.1834986033585268 -0.18333289222395 -0.18528356058641587 -0.18505708147873406 -0.17010262685728972 -0.17010262685728972 -0.16644279176195498 -0.16292569319560318 -0.15151217254818247 -0.15015433761543776 -0.15076379179363636 -0.13718176774679253 -0.10717164796500567 -0.09834427903086175 -0.05646783131543406 -0.062096038318993206 -0.0540506367608819 -0.0540506367608819 -0.04316816363657956 -0.04639651613525776 -0.04639651613525776
-0.444093918602788 -0.444093918602788 -0.444093918602788 -0.5199222303519887 -0.5199222303519887 -0.2677274293920085 -0.5199222303519887 -0.5199222303519887 -0.444093918602788 -0.444093918602788 -0.5199222303519887 -0.444093918602788 -0.444093918602788 -0.444093918602788 -0.444093918602788 -0.444093918602788 -0.444093918602788 -0.5199222303519887 -0.5199222303519887 -0.444093918602788 -0.444093918602788 -0.444093918602788 -0.444093918602788 -0.4446813757269676 -0.18680081060525894 -0.444093918602788 -0.2677274293920085 -0.5052261642962518 -0.2677274293920085 -0.3899006671287962 -0.3611825009736173 -0.26243168892835433 -0.444093918602788 -0.3899006671287962 -0.5193858792064938 -0.2677274293920085 -0.4674168062829956 -0.39450871338321275 -0.4368061244200766 -0.4368061244200766 -0.4368061244200766 -0.3899006671287962 -0.444093918602788 -0.3899006671287962 -0.3899006671287962 -0.3870681790476593 -0.22792673485377757 -0.23115323117485265 -0.18680081060525894 -0.18680081060525894 -0.22792673485377757 -0.424615673119531 -0.23115323117485265 -0.26243168892835433 -0.22792673485377757 -0.23115323117485265 -0.3899006671287962 -0.22792673485377757 -0.23115323117485265 -0.26243168892835433 -0.22792673485377757 -0.22792673485377757 -0.23115323117485265 -0.3426958233058182 -0.3426958233058182 -0.28592059511651297 -0.2677274293920085 -0.2677274293920085 -0.2677274293920085 -0.2954912211319098 -0.2677274293920085 -0.22792673485377757 -0.2580388130303047 -0.2404488369600046 -0.1463197491294116 -0.22042650718697718 -0.1834986033585268 -0.18333289222395 -0.18528356058641587 -0.18505708147873406 -0.17010262685728972 -0.17010262685728972 -0.16644279176195498 -0.16292569319560318 -0.15151217254818247 -0.15015433761543776 -0.15076379179363636 -0.13718176774679253 -0.10717164796500567 -0.09834427903086175 -0.05646783131543406 -0.062096038318993206 -0.0540506367608819 -0.0540506367608819 -0.04316816363657956 -0.04639651613525776 -0.04639651613525776
-0.5062736878204624 -0.5062736878204624 -0.5062736878204624 -0.444093918602788 -0.444093918602788 -0.2677274293920085 -0.444093918602788 -0.444093918602788 -0.5062736878204624 -0.5062736878204624 -0.444093918602788 -0.5062736878204624 -0.5062736878204624 -0.5062736878204624 -0.5062736878204624 -0.5062736878204624 -0.5062736878204624 -0.444093918602788 -0.444093918602788 -0.5062736878204624 -0.5062736878204624 -0.5062736878204624 -0.5062736878204624 -0.444093918602788 -0.18680081060525894 -0.5062736878204624 -0.2677274293920085 -0.444093918602788 -0.2677274293920085 -0.3899006671287962 -0.3611825009736173 -0.26243168892835433 -0.5062736878204624 -0.3899006671287962 -0.444093918602788 -0.2677274293920085 -0.444093918602788 -0.39450871338321275 -0.4368061244200766 -0.4368061244200766 -0.4368061244200766 -0.3899006671287962 -0.4829868186193499 -0.3899006671287962 -0.3899006671287962 -0.3870681790476593 -0.22792673485377757 -0.23115323117485265 -0.18680081060525894 -0.18680081060525894 -0.22792673485377757 -0.424615673119531 -0.23115323117485265 -0.26243168892835433 -0.22792673485377757 -0.23115323117485265 -0.3899006671287962 -0.22792673485377757 -0.23115323117485265 -0.26243168892835433 -0.22792673485377757 -0.22792673485377757 -0.23115323117485265 -0.3426958233058182 -0.3426958233058182 -0.28592059511651297 -0.2677274293920085 -0.2677274293920085 -0.2677274293920085 -0.2954912211319098 -0.2677274293920085 -0.22792673485377757 -0.2580388130303047 -0.2404488369600046 -0.1463197491294116 -0.22042650718697718 -0.1834986033585268 -0.18333289222395 -0.18528356058641587 -0.18505708147873406 -0.17010262685728972 -0.17010262685728972 -0.16644279176195498 -0.16292569319560318 -0.15151217254818247 -0.15015433761543776 -0.15076379179363636 -0.13718176774679253 -0.10717164796500567 -0.09834427903086175 -0.05646783131543406 -0.062096038318993206 -0.0540506367608819 -0.0540506367608819 -0.04316816363657956 -0.04639651613525776 -0.04639651613525776
-0.444093918602788 -0.444093918602788 -0.444093918602788 -0.5015744278376337 -0.5015744278376337 -0.2677274293920085 -0.5015744278376337 -0.5015744278376337 -0.444093918602788 -0.444093918602788 -0.5015744278376337 -0.444093918602788 -0.444093918602788 -0.444093918602788 -0.444093918602788 -0.444093918602788 -0.444093918602788 -0.5015744278376337 -0.5015744278376337 -0.444093918602788 -0.444093918602788 -0.444093918602788 -0.444093918602788 -0.4446813757269676 -0.18680081060525894 -0.444093918602788 -0.2677274293920085 -0.5015744278376337 -0.2677274293920085 -0.3899006671287962 -0.3611825009736173 -0.26243168892835433 -0.444093918602788 -0.3899006671287962 -0.5015744278376337 -0.2677274293920085 -0.4674168062829956 -0.39450871338321275 -0.4947859179583272 -0.4926458375219648 -0.48769047459773773 -0.3899006671287962 -0.444093918602788 -0.3899006671287962 -0.3899006671287962 -0.3870681790476593 -0.22792673485377757 -0.23115323117485265 -0.18680081060525894 -0.18680081060525894 -0.22792673485377757 -0.424615673119531 -0.23115323117485265 -0.26243168892835433 -0.22792673485377757 -0.23115323117485265 -0.3899006671287962 -0.22792673485377757 -0.23115323117485265 -0.26243168892835433 -0.22792673485377757 -0.22792673485377757 -0.23115323117485265 -0.3426958233058182 -0.3426958233058182 -0.28592059511651297 -0.2677274293920085 -0.2677274293920085 -0.2677274293920085 -0.2954912211319098 -0.2677274293920085 -0.22792673485377757 -0.2580388130303047 -0.2404488369600046 -0.1463197491294116 -0.22042650718697718 -0.1834986033585268 -0.18333289222395 -0.18528356058641587 -0.18505708147873406 -0.17010262685728972 -0.17010262685728972 -0.16644279176195498 -0.16292569319560318 -0.15151217254818247 -0.15015433761543776 -0.15076379179363636 -0.13718176774679253 -0.10717164796500567 -0.09834427903086175 -0.05646783131543406 -0.062096038318993206 -0.0540506367608819 -0.0540506367608819 -0.04316816363657956 -0.04639651613525776 -0.04639651613525776
-0.424615673119531 -0.424615673119531 -0.424615673119531 -0.424615673119531 -0.424615673119531 -0.2677274293920085 -0.424615673119531 -0.424615673119531 -0.424615673119531 -0.424615673119531 -0.424615673119531 -0.424615673119531 -0.424615673119531 -0.424615673119531 -0.424615673119531 -0.424615673119531 -0.424615673119531 -0.424615673119531 -0.424615673119531 -0.424615673119531 -0.424615673119531 -0.424615673119531 -0.424615673119531 -0.424615673119531 -0.18680081060525894 -0.424615673119531 -0.2677274293920085 -0.424615673119531 -0.2677274293920085 -0.3899006671287962 -0.3611825009736173 -0.26243168892835433 -0.424615673119531 -0.3899006671287962 -0.424615673119531 -0.2677274293920085 -0.424615673119531 -0.39450871338321275 -0.424615673119531 -0.424615673119531 -0.424615673119531 -0.3899006671287962 -0.424615673119531 -0.3899006671287962 -0.3899006671287962 -0.3870681790476593 -0.22792673485377757 -0.23115323117485265 -0.18680081060525894 -0.18680081060525894 -0.22792673485377757 -0.424615673119531 -0.23115323117485265 -0.26243168892835433 -0.22792673485377757 -0.23115323117485265 -0.3899006671287962 -0.22792673485377757 -0.23115323117485265 -0.26243168892835433 -0.22792673485377757 -0.22792673485377757 -0.23115323117485265 -0.3426958233058182 -0.3426958233058182 -0.28592059511651297 -0.2677274293920085 -0.2677274293920085 -0.2677274293920085 -0.2954912211319098 -0.2677274293920085 -0.22792673485377757 -0.2580388130303047 -0.2404488369600046 -0.1463197491294116 -0.22042650718697718 -0.1834986033585268 -0.18333289222395 -0.18528356058641587 -0.18505708147873406 -0.17010262685728972 -0.17010262685728972 -0.16644279176195498 -0.16292569319560318 -0.15151217254818247 -0.15015433761543776 -0.15076379179363636 -0.13718176774679253 -0.10717164796500567 -0.09834427903086175 -0.05646783131543406 -0.062096038318993206 -0.0540506367608819 -0.0540506367608819 -0.04316816363657956 -0.04639651613525776 -0.04639651613525776
-0.444093918602788 -0.444093918602788 -0.444093918602788 -0.49092978818377897 -0.49092978818377897 -0.2677274293920085 -0.49092978818377897 -0.49092978818377897 -0.444093918602788 -0.444093918602788 -0.49092978818377897 -0.444093918602788 -0.444093918602788 -0.444093918602788 -0.444093918602788 -0.444093918602788 -0.444093918602788 -0.49092978818377897 -0.49092978818377897 -0.444093918602788 -0.444093918602788 -0.444093918602788 -0.444093918602788 -0.4446813757269676 -0.18680081060525894 -0.444093918602788 -0.2677274293920085 -0.49092978818377897 -0.2677274293920085 -0.3899006671287962 -0.3611825009736173 -0.26243168892835433 -0.444093918602788 -0.3899006671287962 -0.49092978818377897 -0.2677274293920085 -0.4674168062829956 -0.39450871338321275 -0.4368061244200766 -0.4368061244200766 -0.4368061244200766 -0.3899006671287962 -0.444093918602788 -0.3899006671287962 -0.3899006671287962 -0.3870681790476593 -0.22792673485377757 -0.23115323117485265 -0.18680081060525894 -0.18680081060525894 -0.22792673485377757 -0.424615673119531 -0.23115323117485265 -0.26243168892835433 -0.22792673485377757 -0.23115323117485265 -0.3899006671287962 -0.22792673485377757 -0.23115323117485265 -0.26243168892835433 -0.22792673485377757 -0.22792673485377757 -0.23115323117485265 -0.3426958233058182 -0.3426958233058182 -0.28592059511651297 -0.2677274293920085 -0.2677274293920085 -0.2677274293920085 -0.2954912211319098 -0.2677274293920085 -0.22792673485377757 -0.2580388130303047 -0.2404488369600046 -0.1463197491294116 -0.22042650718697718 -0.1834986033585268 -0.18333289222395 -0.18528356058641587 -0.18505708147873406 -0.17010262685728972 -0.17010262685728972 -0.16644279176195498 -0.16292569319560318 -0.15151217254818247 -0.15015433761543776 -0.15076379179363636 -0.13718176774679253 -0.10717164796500567 -0.09834427903086175 -0.05646783131543406 -0.062096038318993206 -0.0540506367608819 -0.0540506367608819 -0.04316816363657956 -0.04639651613525776 -0.04639651613525776
-0.3426958233058182 -0.3426958233058182 -0.3426958233058182 -0.3426958233058182 -0.3426958233058182 -0.2677274293920085 -0.3426958233058182 -0.3426958233058182 -0.3426958233058182 -0.3426958233058182 -0.3426958233058182 -0.3426958233058182 -0.3426958233058182 -0.3426958233058182 -0.3426958233058182 -0.3426958233058182 -0.3426958233058182 -0.3426958233058182 -0.3426958233058182 -0.3426958233058182 -0.3426958233058182 -0.3426958233058182 -0.3426958233058182 -0.3426958233058182 -0.18680081060525894 -0.3426958233058182 -0.2677274293920085 -0.3426958233058182 -0.2677274293920085 -0.3426958233058182 -0.3426958233058182 -0.3158813431969039 -0.3426958233058182 -0.3426958233058182 -0.3426958233058182 -0.2677274293920085 -0.3426958233058182 -0.3426958233058182 -0.3426958233058182 -0.3426958233058182 -0.3426958233058182 -0.3426958233058182 -0.3426958233058182 -0.3426958233058182 -0.3426958233058182 -0.3426958233058182 -0.22792673485377757 -0.23115323117485265 -0.18680081060525894 -0.18680081060525894 -0.22792673485377757 -0.3426958233058182 -0.23115323117485265 -0.3158813431969039 -0.22792673485377757 -0.23115323117485265 -0.3426958233058182 -0.22792673485377757 -0.23115323117485265 -0.3158813431969039 -0.22792673485377757 -0.22792673485377757 -0.23115323117485265 -0.3426958233058182 -0.3426958233058182 -0.28592059511651297 -0.2677274293920085 -0.2677274293920085 -0.2677274293920085 -0.2954912211319098 -0.2677274293920085 -0.22792673485377757 -0.2580388130303047 -0.2404488369600046 -0.1463197491294116 -0.22042650718697718 -0.1834986033585268 -0.18333289222395 -0.18528356058641587 -0.18505708147873406 -0.17010262685728972 -0.17010262685728972 -0.16644279176195498 -0.16292569319560318 -0.15151217254818247 -0.15015433761543776 -0.15076379179363636 -0.13718176774679253 -0.10717164796500567 -0.09834427903086175 -0.05646783131543406 -0.062096038318993206 -0.0540506367608819 -0.0540506367608819 -0.04316816363657956 -0.04639651613525776 -0.04639651613525776
-0.2954912211319098 -0.2954912211319098 -0.2954912211319098 -0.2954912211319098 -0.2954912211319098 -0.2677274293920085 -0.2954912211319098 -0.2954912211319098 -0.2954912211319098 -0.2954912211319098 -0.2954912211319098 -0.2954912211319098 -0.2954912211319098 -0.2954912211319098 -0.2954912211319098 -0.2954912211319098 -0.2954912211319098 -0.2954912211319098 -0.2954912211319098 -0.2954912211319098 -0.2954912211319098 -0.2954912211319098 -0.2954912211319098 -0.2954912211319098 -0.18680081060525894 -0.2954912211319098 -0.2677274293920085 -0.2954912211319098 -0.2677274293920085 -0.2954912211319098 -0.2954912211319098 -0.3158813431969039 -0.2954912211319098 -0.2954912211319098 -0.2954912211319098 -0.2677274293920085 -0.2954912211319098 -0.2954912211319098 -0.2954912211319098 -0.2954912211319098 -0.2954912211319098 -0.2954912211319098 -0.2954912211319098 -0.2954912211319098 -0.2954912211319098 -0.2954912211319098 -0.22792673485377757 -0.23115323117485265 -0.18680081060525894 -0.18680081060525894 -0.22792673485377757 -0.2954912211319098 -0.23115323117485265 -0.3158813431969039 -0.22792673485377757 -0.23115323117485265 -0.2954912211319098 -0.22792673485377757 -0.23115323117485265 -0.3158813431969039 -0.22792673485377757 -0.22792673485377757 -0.23115323117485265 -0.2954912211319098 -0.2954912211319098 -0.28592059511651297 -0.2677274293920085 -0.2677274293920085 -0.2677274293920085 -0.29737419480137833 -0.2677274293920085 -0.22792673485377757 -0.2580388130303047 -0.2404488369600046 -0.1463197491294116 -0.22042650718697718 -0.1834986033585268 -0.18333289222395 -0.18528356058641587 -0.18505708147873406 -0.17010262685728972 -0.17010262685728972 -0.16644279176195498 -0.16292569319560318 -0.15151217254818247 -0.15015433761543776 -0.15076379179363636 -0.13718176774679253 -0.10717164796500567 -0.09834427903086175 -0.05646783131543406 -0.062096038318993206 -0.0540506367608819 -0.0540506367608819 -0.04316816363657956 -0.04639651613525776 -0.04639651613525776
-0.4368061244200766 -0.4368061244200766 -0.4368061244200766 -0.4368061244200766 -0.4368061244200766 -0.2677274293920085 -0.4368061244200766 -0.4368061244200766 -0.4368061244200766 -0.4368061244200766 -0.4368061244200766 -0.4368061244200766 -0.4368061244200766 -0.4368061244200766 -0.4368061244200766 -0.4368061244200766 -0.4368061244200766 -0.4368061244200766 -0.4368061244200766 -0.4368061244200766 -0.4368061244200766 -0.4368061244200766 -0.4368061244200766 -0.4368061244200766 -0.18680081060525894 -0.4368061244200766 -0.2677274293920085 -0.4368061244200766 -0.2677274293920085 -0.3899006671287962 -0.44944150232213287 -0.26243168892835433 -0.4368061244200766 -0.3899006671287962 -0.4368061244200766 -0.2677274293920085 -0.4368061244200766 -0.39450871338321275 -0.4368061244200766 -0.4368061244200766 -0.4368061244200766 -0.3899006671287962 -0.4368061244200766 -0.3899006671287962 -0.3899006671287962 -0.3870681790476593 -0.22792673485377757 -0.23115323117485265 -0.18680081060525894 -0.18680081060525894 -0.22792673485377757 -0.424615673119531 -0.23115323117485265 -0.26243168892835433 -0.22792673485377757 -0.23115323117485265 -0.3899006671287962 -0.22792673485377757 -0.23115323117485265 -0.26243168892835433 -0.22792673485377757 -0.22792673485377757 -0.23115323117485265 -0.3426958233058182 -0.3426958233058182 -0.28592059511651297 -0.2677274293920085 -0.2677274293920085 -0.2677274293920085 -0.2954912211319098 -0.2677274293920085 -0.22792673485377757 -0.2580388130303047 -0.2404488369600046 -0.1463197491294116 -0.22042650718697718 -0.1834986033585268 -0.18333289222395 -0.18528356058641587 -0.18505708147873406 -0.17010262685728972 -0.17010262685728972 -0.16644279176195498 -0.16292569319560318 -0.15151217254818247 -0.15015433761543776 -0.15076379179363636 -0.13718176774679253 -0.10717164796500567 -0.09834427903086175 -0.05646783131543406 -0.062096038318993206 -0.0540506367608819 -0.0540506367608819 -0.04316816363657956 -0.04639651613525776 -0.04639651613525776
-0.4306641005045783 -0.4306641005045783 -0.4306641005045783 -0.4306641005045783 -0.4306641005045783 -0.2677274293920085 -0.4306641005045783 -0.4306641005045783 -0.4306641005045783 -0.4306641005045783 -0.4306641005045783 -0.4306641005045783 -0.4306641005045783 -0.4306641005045783 -0.4306641005045783 -0.4306641005045783 -0.4306641005045783 -0.4306641005045783 -0.4306641005045783 -0.4306641005045783 -0.4306641005045783 -0.4306641005045783 -0.4306641005045783 -0.4306641005045783 -0.18680081060525894 -0.4306641005045783 -0.2677274293920085 -0.4306641005045783 -0.2677274293920085 -0.3899006671287962 -0.3611825009736173 -0.26243168892835433 -0.4306641005045783 -0.3899006671287962 -0.4306641005045783 -0.2677274293920085 -0.4306641005045783 -0.39450871338321275 -0.4306641005045783 -0.4306641005045783 -0.4306641005045783 -0.3899006671287962 -0.4306641005045783 -0.3899006671287962 -0.3899006671287962 -0.3870681790476593 -0.22792673485377757 -0.23115323117485265 -0.18680081060525894 -0.18680081060525894 -0.22792673485377757 -0.424615673119531 -0.23115323117485265 -0.26243168892835433 -0.22792673485377757 -0.23115323117485265 -0.3899006671287962 -0.22792673485377757 -0.23115323117485265 -0.26243168892835433 -0.22792673485377757 -0.22792673485377757 -0.23115323117485265 -0.3426958233058182 -0.3426958233058182 -0.28592059511651297 -0.2677274293920085 -0.2677274293920085 -0.2677274293920085 -0.2954912211319098 -0.2677274293920085 -0.22792673485377757 -0.2580388130303047 -0.2404488369600046 -0.1463197491294116 -0.22042650718697718 -0.1834986033585268 -0.18333289222395 -0.18528356058641587 -0.18505708147873406 -0.17010262685728972 -0.17010262685728972 -0.16644279176195498 -0.16292569319560318 -0.15151217254818247 -0.15015433761543776 -0.15076379179363636 -0.13718176774679253 -0.10717164796500567 -0.09834427903086175 -0.05646783131543406 -0.062096038318993206 -0.0540506367608819 -0.0540506367608819 -0.04316816363657956 -0.04639651613525776 -0.04639651613525776
-0.4301261631415177 -0.4301261631415177 -0.4301261631415177 -0.4301261631415177 -0.4301261631415177 -0.2677274293920085 -0.4301261631415177 -0.4301261631415177 -0.4301261631415177 -0.4301261631415177 -0.4301261631415177 -0.4301261631415177 -0.4301261631415177 -0.4301261631415177 -0.4301261631415177 -0.4301261631415177 -0.4301261631415177 -0.4301261631415177 -0.4301261631415177 -0.4301261631415177 -0.4301261631415177 -0.4301261631415177 -0.4301261631415177 -0.4301261631415177 -0.18680081060525894 -0.4301261631415177 -0.2677274293920085 -0.4301261631415177 -0.2677274293920085 -0.3899006671287962 -0.3611825009736173 -0.26243168892835433 -0.4301261631415177 -0.3899006671287962 -0.4301261631415177 -0.2677274293920085 -0.4301261631415177 -0.39450871338321275 -0.4301261631415177 -0.4301261631415177 -0.4301261631415177 -0.3899006671287962 -0.4301261631415177 -0.3899006671287962 -0.3899006671287962 -0.3870681790476593 -0.22792673485377757 -0.23115323117485265 -0.18680081060525894 -0.18680081060525894 -0.22792673485377757 -0.424615673119531 -0.23115323117485265 -0.26243168892835433 -0.22792673485377757 -0.23115323117485265 -0.3899006671287962 -0.22792673485377757 -0.23115323117485265 -0.26243168892835433 -0.22792673485377757 -0.22792673485377757 -0.23115323117485265 -0.3426958233058182 -0.3426958233058182 -0.28592059511651297 -0.2677274293920085 -0.2677274293920085 -0.2677274293920085 -0.2954912211319098 -0.2677274293920085 -0.22792673485377757 -0.2580388130303047 -0.2404488369600046 -0.1463197491294116 -0.22042650718697718 -0.1834986033585268 -0.18333289222395 -0.18528356058641587 -0.18505708147873406 -0.17010262685728972 -0.17010262685728972 -0.16644279176195498 -0.16292569319560318 -0.15151217254818247 -0.15015433761543776 -0.15076379179363636 -0.13718176774679253 -0.10717164796500567 -0.09834427903086175 -0.05646783131543406 -0.062096038318993206 -0.0540506367608819 -0.0540506367608819 -0.04316816363657956 -0.04639651613525776 -0.04639651613525776
-0.4151119620364436 -0.4151119620364436 -0.4151119620364436 -0.4151119620364436 -0.4151119620364436 -0.2677274293920085 -0.4151119620364436 -0.4151119620364436 -0.4151119620364436 -0.4151119620364436 -0.4151119620364436 -0.4151119620364436 -0.4151119620364436 -0.4151119620364436 -0.4151119620364436 -0.4151119620364436 -0.4151119620364436 -0.4151119620364436 -0.4151119620364436 -0.4151119620364436 -0.4151119620364436 -0.4151119620364436 -0.4151119620364436 -0.4151119620364436 -0.18680081060525894 -0.4151119620364436 -0.2677274293920085 -0.4151119620364436 -0.2677274293920085 -0.3899006671287962 -0.4151119620364436 -0.26243168892835433 -0.4151119620364436 -0.3899006671287962 -0.4151119620364436 -0.2677274293920085 -0.4151119620364436 -0.39450871338321275 -0.4151119620364436 -0.4151119620364436 -0.4151119620364436 -0.3899006671287962 -0.4151119620364436 -0.3899006671287962 -0.3899006671287962 -0.3870681790476593 -0.22792673485377757 -0.23115323117485265 -0.18680081060525894 -0.18680081060525894 -0.22792673485377757 -0.4151119620364436 -0.23115323117485265 -0.26243168892835433 -0.22792673485377757 -0.23115323117485265 -0.3899006671287962 -0.22792673485377757 -0.23115323117485265 -0.26243168892835433 -0.22792673485377757 -0.22792673485377757 -0.23115323117485265 -0.3426958233058182 -0.3426958233058182 -0.28592059511651297 -0.2677274293920085 -0.2677274293920085 -0.2677274293920085 -0.2954912211319098 -0.2677274293920085 -0.22792673485377757 -0.2580388130303047 -0.2404488369600046 -0.1463197491294116 -0.22042650718697718 -0.1834986033585268 -0.18333289222395 -0.18528356058641587 -0.18505708147873406 -0.17010262685728972 -0.17010262685728972 -0.16644279176195498 -0.16292569319560318 -0.15151217254818247 -0.15015433761543776 -0.15076379179363636 -0.13718176774679253 -0.10717164796500567 -0.09834427903086175 -0.05646783131543406 -0.062096038318993206 -0.0540506367608819 -0.0540506367608819 -0.04316816363657956 -0.04639651613525776 -0.04639651613525776
-0.41066111296348157 -0.41066111296348157 -0.41066111296348157 -0.41066111296348157 -0.41066111296348157 -0.2677274293920085 -0.41066111296348157 -0.41066111296348157 -0.41066111296348157 -0.41066111296348157 -0.41066111296348157 -0.41066111296348157 -0.41066111296348157 -0.41066111296348157 -0.41066111296348157 -0.41066111296348157 -0.41066111296348157 -0.41066111296348157 -0.41066111296348157 -0.41066111296348157 -0.41066111296348157 -0.41066111296348157 -0.41066111296348157 -0.41066111296348157 -0.18680081060525894 -0.41066111296348157 -0.2677274293920085 -0.41066111296348157 -0.2677274293920085 -0.3899006671287962 -0.3611825009736173 -0.26243168892835433 -0.41066111296348157 -0.3899006671287962 -0.41066111296348157 -0.2677274293920085 -0.41066111296348157 -0.39450871338321275 -0.41066111296348157 -0.41066111296348157 -0.41066111296348157 -0.3899006671287962 -0.41066111296348157 -0.3899006671287962 -0.3899006671287962 -0.3870681790476593 -0.22792673485377757 -0.23115323117485265 -0.18680081060525894 -0.18680081060525894 -0.22792673485377757 -0.41066111296348157 -0.23115323117485265 -0.26243168892835433 -0.22792673485377757 -0.23115323117485265 -0.3899006671287962 -0.22792673485377757 -0.23115323117485265 -0.26243168892835433 -0.22792673485377757 -0.22792673485377757 -0.23115323117485265 -0.3426958233058182 -0.3426958233058182 -0.28592059511651297 -0.2677274293920085 -0.2677274293920085 -0.2677274293920085 -0.2954912211319098 -0.2677274293920085 -0.22792673485377757 -0.2580388130303047 -0.2404488369600046 -0.1463197491294116 -0.22042650718697718 -0.1834986033585268 -0.18333289222395 -0.18528356058641587 -0.18505708147873406 -0.17010262685728972 -0.17010262685728972 -0.16644279176195498 -0.16292569319560318 -0.15151217254818247 -0.15015433761543776 -0.15076379179363636 -0.13718176774679253 -0.10717164796500567 -0.09834427903086175 -0.05646783131543406 -0.062096038318993206 -0.0540506367608819 -0.0540506367608819 -0.04316816363657956 -0.04639651613525776 -0.04639651613525776
-0.40341078347753834 -0.40341078347753834 -0.40341078347753834 -0.40341078347753834 -0.40341078347753834 -0.2677274293920085 -0.40341078347753834 -0.40341078347753834 -0.40341078347753834 -0.40341078347753834 -0.40341078347753834 -0.40341078347753834 -0.40341078347753834 -0.40341078347753834 -0.40341078347753834 -0.40341078347753834 -0.40341078347753834 -0.40341078347753834 -0.40341078347753834 -0.40341078347753834 -0.40341078347753834 -0.40341078347753834 -0.40341078347753834 -0.40341078347753834 -0.18680081060525894 -0.40341078347753834 -0.2677274293920085 -0.40341078347753834 -0.2677274293920085 -0.3899006671287962 -0.3611825009736173 -0.26243168892835433 -0.40341078347753834 -0.3899006671287962 -0.40341078347753834 -0.2677274293920085 -0.40341078347753834 -0.39450871338321275 -0.40341078347753834 -0.40341078347753834 -0.40341078347753834 -0.3899006671287962 -0.40341078347753834 -0.3899006671287962 -0.3899006671287962 -0.3870681790476593 -0.22792673485377757 -0.23115323117485265 -0.18680081060525894 -0.18680081060525894 -0.22792673485377757 -0.40341078347753834 -0.23115323117485265 -0.26243168892835433 -0.22792673485377757 -0.23115323117485265 -0.3899006671287962 -0.22792673485377757 -0.23115323117485265 -0.26243168892835433 -0.22792673485377757 -0.22792673485377757 -0.23115323117485265 -0.3426958233058182 -0.3426958233058182 -0.28592059511651297 -0.2677274293920085 -0.2677274293920085 -0.2677274293920085 -0.2954912211319098 -0.2677274293920085 -0.22792673485377757 -0.2580388130303047 -0.2404488369600046 -0.1463197491294116 -0.22042650718697718 -0.1834986033585268 -0.18333289222395 -0.18528356058641587 -0.18505708147873406 -0.17010262685728972 -0.17010262685728972 -0.16644279176195498 -0.16292569319560318 -0.15151217254818247 -0.15015433761543776 -0.15076379179363636 -0.13718176774679253 -0.10717164796500567 -0.09834427903086175 -0.05646783131543406 -0.062096038318993206 -0.0540506367608819 -0.0540506367608819 -0.04316816363657956 -0.04639651613525776 -0.04639651613525776
-0.40051560620808807 -0.40051560620808807 -0.40051560620808807 -0.40051560620808807 -0.40051560620808807 -0.2677274293920085 -0.40051560620808807 -0.40051560620808807 -0.40051560620808807 -0.40051560620808807 -0.40051560620808807 -0.40051560620808807 -0.40051560620808807 -0.40051560620808807 -0.40051560620808807 -0.40051560620808807 -0.40051560620808807 -0.40051560620808807 -0.40051560620808807 -0.40051560620808807 -0.40051560620808807 -0.40051560620808807 -0.40051560620808807 -0.40051560620808807 -0.18680081060525894 -0.40051560620808807 -0.2677274293920085 -0.40051560620808807 -0.2677274293920085 -0.3899006671287962 -0.3611825009736173 -0.26243168892835433 -0.40051560620808807 -0.3899006671287962 -0.40051560620808807 -0.2677274293920085 -0.40051560620808807 -0.39450871338321275 -0.40051560620808807 -0.40051560620808807 -0.40051560620808807 -0.3899006671287962 -0.40051560620808807 -0.3899006671287962 -0.3899006671287962 -0.3870681790476593 -0.22792673485377757 -0.23115323117485265 -0.18680081060525894 -0.18680081060525894 -0.22792673485377757 -0.40051560620808807 -0.23115323117485265 -0.26243168892835433 -0.22792673485377757 -0.23115323117485265 -0.3899006671287962 -0.22792673485377757 -0.23115323117485265 -0.26243168892835433 -0.22792673485377757 -0.22792673485377757 -0.23115323117485265 -0.3426958233058182 -0.3426958233058182 -0.28592059511651297 -0.2677274293920085 -0.2677274293920085 -0.2677274293920085 -0.2954912211319098 -0.2677274293920085 -0.22792673485377757 -0.2580388130303047 -0.2404488369600046 -0.1463197491294116 -0.22042650718697718 -0.1834986033585268 -0.18333289222395 -0.18528356058641587 -0.18505708147873406 -0.17010262685728972 -0.17010262685728972 -0.16644279176195498 -0.16292569319560318 -0.15151217254818247 -0.15015433761543776 -0.15076379179363636 -0.13718176774679253 -0.10717164796500567 -0.09834427903086175 -0.05646783131543406 -0.062096038318993206 -0.0540506367608819 -0.0540506367608819 -0.04316816363657956 -0.04639651613525776 -0.04639651613525776
-0.39793997431362677 -0.39793997431362677 -0.39793997431362677 -0.39793997431362677 -0.39793997431362677 -0.2677274293920085 -0.39793997431362677 -0.39793997431362677 -0.39793997431362677 -0.39793997431362677 -0.39793997431362677 -0.39793997431362677 -0.39793997431362677 -0.39793997431362677 -0.39793997431362677 -0.39793997431362677 -0.39793997431362677 -0.39793997431362677 -0.39793997431362677 -0.39793997431362677 -0.39793997431362677 -0.39793997431362677 -0.39793997431362677 -0.39793997431362677 -0.18680081060525894 -0.39793997431362677 -0.2677274293920085 -0.39793997431362677 -0.2677274293920085 -0.3899006671287962 -0.3611825009736173 -0.26243168892835433 -0.39793997431362677 -0.3899006671287962 -0.39793997431362677 -0.2677274293920085 -0.39793997431362677 -0.39450871338321275 -0.39793997431362677 -0.39793997431362677 -0.39793997431362677 -0.3899006671287962 -0.39793997431362677 -0.3899006671287962 -0.3899006671287962 -0.3870681790476593 -0.22792673485377757 -0.23115323117485265 -0.18680081060525894 -0.18680081060525894 -0.22792673485377757 -0.39793997431362677 -0.23115323117485265 -0.26243168892835433 -0.22792673485377757 -0.23115323117485265 -0.3899006671287962 -0.22792673485377757 -0.23115323117485265 -0.26243168892835433 -0.22792673485377757 -0.22792673485377757 -0.23115323117485265 -0.3426958233058182 -0.3426958233058182 -0.28592059511651297 -0.2677274293920085 -0.2677274293920085 -0.2677274293920085 -0.2954912211319098 -0.2677274293920085 -0.22792673485377757 -0.2580388130303047 -0.2404488369600046 -0.1463197491294116 -0.22042650718697718 -0.1834986033585268 -0.18333289222395 -0.18528356058641587 -0.18505708147873406 -0.17010262685728972 -0.17010262685728972 -0.16644279176195498 -0.16292569319560318 -0.15151217254818247 -0.15015433761543776 -0.15076379179363636 -0.13718176774679253 -0.10717164796500567 -0.09834427903086175 -0.05646783131543406 -0.062096038318993206 -0.0540506367608819 -0.0540506367608819 -0.04316816363657956 -0.04639651613525776 -0.04639651613525776
-0.3969894300529554 -0.3969894300529554 -0.3969894300529554 -0.3969894300529554 -0.3969894300529554 -0.2677274293920085 -0.3969894300529554 -0.3969894300529554 -0.3969894300529554 -0.3969894300529554 -0.3969894300529554 -0.3969894300529554 -0.3969894300529554 -0.3969894300529554 -0.3969894300529554 -0.3969894300529554 -0.3969894300529554 -0.3969894300529554 -0.3969894300529554 -0.3969894300529554 -0.3969894300529554 -0.3969894300529554 -0.3969894300529554 -0.3969894300529554 -0.18680081060525894 -0.3969894300529554 -0.2677274293920085 -0.3969894300529554 -0.2677274293920085 -0.3899006671287962 -0.3611825009736173 -0.26243168892835433 -0.3969894300529554 -0.3899006671287962 -0.3969894300529554 -0.2677274293920085 -0.3969894300529554 -0.39450871338321275 -0.3969894300529554 -0.3969894300529554 -0.3969894300529554 -0.3899006671287962 -0.3969894300529554 -0.3899006671287962 -0.3899006671287962 -0.3870681790476593 -0.22792673485377757 -0.23115323117485265 -0.18680081060525894 -0.18680081060525894 -0.22792673485377757 -0.3969894300529554 -0.23115323117485265 -0.26243168892835433 -0.22792673485377757 -0.23115323117485265 -0.3899006671287962 -0.22792673485377757 -0.23115323117485265 -0.26243168892835433 -0.22792673485377757 -0.22792673485377757 -0.23115323117485265 -0.3426958233058182 -0.3426958233058182 -0.28592059511651297 -0.2677274293920085 -0.2677274293920085 -0.2677274293920085 -0.2954912211319098 -0.2677274293920085 -0.22792673485377757 -0.2580388130303047 -0.2404488369600046 -0.1463197491294116 -0.22042650718697718 -0.1834986033585268 -0.18333289222395 -0.18528356058641587 -0.18505708147873406 -0.17010262685728972 -0.17010262685728972 -0.16644279176195498 -0.16292569319560318 -0.15151217254818247 -0.15015433761543776 -0.15076379179363636 -0.13718176774679253 -0.10717164796500567 -0.09834427903086175 -0.05646783131543406 -0.062096038318993206 -0.0540506367608819 -0.0540506367608819 -0.04316816363657956 -0.04639651613525776 -0.04639651613525776
-0.3944341321717997 -0.3944341321717997 -0.3944341321717997 -0.3944341321717997 -0.3944341321717997 -0.2677274293920085 -0.3944341321717997 -0.3944341321717997 -0.3944341321717997 -0.3944341321717997 -0.3944341321717997 -0.3944341321717997 -0.3944341321717997 -0.3944341321717997 -0.3944341321717997 -0.3944341321717997 -0.3944341321717997 -0.3944341321717997 -0.3944341321717997 -0.3944341321717997 -0.3944341321717997 -0.3944341321717997 -0.3944341321717997 -0.3944341321717997 -0.18680081060525894 -0.3944341321717997 -0.2677274293920085 -0.3944341321717997 -0.2677274293920085 -0.3899006671287962 -0.3944341321717997 -0.26243168892835433 -0.3944341321717997 -0.3899006671287962 -0.3944341321717997 -0.2677274293920085 -0.3944341321717997 -0.3944341321717997 -0.3944341321717997 -0.3944341321717997 -0.3944341321717997 -0.3899006671287962 -0.3944341321717997 -0.3899006671287962 -0.3899006671287962 -0.3870681790476593 -0.22792673485377757 -0.23115323117485265 -0.18680081060525894 -0.18680081060525894 -0.22792673485377757 -0.3944341321717997 -0.23115323117485265 -0.26243168892835433 -0.22792673485377757 -0.23115323117485265 -0.3899006671287962 -0.22792673485377757 -0.23115323117485265 -0.26243168892835433 -0.22792673485377757 -0.22792673485377757 -0.23115323117485265 -0.3426958233058182 -0.3426958233058182 -0.28592059511651297 -0.2677274293920085 -0.2677274293920085 -0.2677274293920085 -0.2954912211319098 -0.2677274293920085 -0.22792673485377757 -0.2580388130303047 -0.2404488369600046 -0.1463197491294116 -0.22042650718697718 -0.1834986033585268 -0.18333289222395 -0.18528356058641587 -0.18505708147873406 -0.17010262685728972 -0.17010262685728972 -0.16644279176195498 -0.16292569319560318 -0.15151217254818247 -0.15015433761543776 -0.15076379179363636 -0.13718176774679253 -0.10717164796500567 -0.09834427903086175 -0.05646783131543406 -0.062096038318993206 -0.0540506367608819 -0.0540506367608819 -0.04316816363657956 -0.04639651613525776 -0.04639651613525776
-0.38921112832160026 -0.38921112832160026 -0.38921112832160026 -0.38921112832160026 -0.38921112832160026 -0.2677274293920085 -0.38921112832160026 -0.38921112832160026 -0.38921112832160026 -0.38921112832160026 -0.38921112832160026 -0.38921112832160026 -0.38921112832160026 -0.38921112832160026 -0.38921112832160026 -0.38921112832160026 -0.38921112832160026 -0.38921112832160026 -0.38921112832160026 -0.38921112832160026 -0.38921112832160026 -0.38921112832160026 -0.38921112832160026 -0.38921112832160026 -0.18680081060525894 -0.38921112832160026 -0.2677274293920085 -0.38921112832160026 -0.2677274293920085 -0.38921112832160026 -0.3611825009736173 -0.26243168892835433 -0.38921112832160026 -0.38921112832160026 -0.38921112832160026 -0.2677274293920085 -0.38921112832160026 -0.38921112832160026 -0.38921112832160026 -0.38921112832160026 -0.38921112832160026 -0.38921112832160026 -0.38921112832160026 -0.38921112832160026 -0.38921112832160026 -0.3870681790476593 -0.22792673485377757 -0.23115323117485265 -0.18680081060525894 -0.18680081060525894 -0.22792673485377757 -0.38921112832160026 -0.23115323117485265 -0.26243168892835433 -0.22792673485377757 -0.23115323117485265 -0.38921112832160026 -0.22792673485377757 -0.23115323117485265 -0.26243168892835433 -0.22792673485377757 -0.22792673485377757 -0.23115323117485265 -0.3426958233058182 -0.3426958233058182 -0.28592059511651297 -0.2677274293920085 -0.2677274293920085 -0.2677274293920085 -0.2954912211319098 -0.2677274293920085 -0.22792673485377757 -0.2580388130303047 -0.2404488369600046 -0.1463197491294116 -0.22042650718697718 -0.1834986033585268 -0.18333289222395 -0.18528356058641587 -0.18505708147873406 -0.17010262685728972 -0.17010262685728972 -0.16644279176195498 -0.16292569319560318 -0.15151217254818247 -0.15015433761543776 -0.15076379179363636 -0.13718176774679253 -0.10717164796500567 -0.09834427903086175 -0.05646783131543406 -0.062096038318993206 -0.0540506367608819 -0.0540506367608819 -0.04316816363657956 -0.04639651613525776 -0.04639651613525776
-0.3848039497056876 -0.3848039497056876 -0.3848039497056876 -0.3848039497056876 -0.3848039497056876 -0.2677274293920085 -0.3848039497056876 -0.3848039497056876 -0.3848039497056876 -0.3848039497056876 -0.3848039497056876 -0.3848039497056876 -0.3848039497056876 -0.3848039497056876 -0.3848039497056876 -0.3848039497056876 -0.3848039497056876 -0.3848039497056876 -0.3848039497056876 -0.3848039497056876 -0.3848039497056876 -0.3848039497056876 -0.3848039497056876 -0.3848039497056876 -0.18680081060525894 -0.3848039497056876 -0.2677274293920085 -0.3848039497056876 -0.2677274293920085 -0.3848039497056876 -0.3611825009736173 -0.26243168892835433 -0.3848039497056876 -0.3848039497056876 -0.3848039497056876 -0.2677274293920085 -0.3848039497056876 -0.3848039497056876 -0.3848039497056876 -0.3848039497056876 -0.3848039497056876 -0.3848039497056876 -0.3848039497056876 -0.3848039497056876 -0.3848039497056876 -0.3848039497056876 -0.33547284063822597 -0.3848039497056876 -0.18680081060525894 -0.18680081060525894 -0.33547284063822597 -0.3848039497056876 -0.3848039497056876 -0.26243168892835433 -0.33547284063822597 -0.3848039497056876 -0.3848039497056876 -0.33547284063822597 -0.3848039497056876 -0.26243168892835433 -0.3735368514164407 -0.32569286463140185 -0.35313360905464525 -0.3426958233058182 -0.3426958233058182 -0.28592059511651297 -0.2677274293920085 -0.2677274293920085 -0.2677274293920085 -0.2954912211319098 -0.2677274293920085 -0.24203169660618193 -0.2580388130303047 -0.2404488369600046 -0.1463197491294116 -0.22042650718697718 -0.1834986033585268 -0.18333289222395 -0.18528356058641587 -0.18505708147873406 -0.17010262685728972 -0.17010262685728972 -0.16644279176195498 -0.16292569319560318 -0.15151217254818247 -0.15015433761543776 -0.15076379179363636 -0.13718176774679253 -0.10717164796500567 -0.09834427903086175 -0.05646783131543406 -0.062096038318993206 -0.0540506367608819 -0.0540506367608819 -0.04316816363657956 -0.04639651613525776 -0.04639651613525776
-0.3830042864035303 -0.3830042864035303 -0.3830042864035303 -0.3830042864035303 -0.3830042864035303 -0.2677274293920085 -0.3830042864035303 -0.3830042864035303 -0.3830042864035303 -0.3830042864035303 -0.3830042864035303 -0.3830042864035303 -0.3830042864035303 -0.3830042864035303 -0.3830042864035303 -0.3830042864035303 -0.3830042864035303 -0.3830042864035303 -0.3830042864035303 -0.3830042864035303 -0.3830042864035303 -0.3830042864035303 -0.3830042864035303 -0.3830042864035303 -0.18680081060525894 -0.3830042864035303 -0.2677274293920085 -0.3830042864035303 -0.2677274293920085 -0.3830042864035303 -0.3611825009736173 -0.26243168892835433 -0.3830042864035303 -0.3830042864035303 -0.3830042864035303 -0.2677274293920085 -0.3830042864035303 -0.3830042864035303 -0.3830042864035303 -0.3830042864035303 -0.3830042864035303 -0.3830042864035303 -0.3830042864035303 -0.3830042864035303 -0.3830042864035303 -0.3830042864035303 -0.22792673485377757 -0.23115323117485265 -0.18680081060525894 -0.18680081060525894 -0.22792673485377757 -0.3830042864035303 -0.23115323117485265 -0.26243168892835433 -0.22792673485377757 -0.23115323117485265 -0.3830042864035303 -0.22792673485377757 -0.23115323117485265 -0.26243168892835433 -0.22792673485377757 -0.22792673485377757 -0.23115323117485265 -0.3426958233058182 -0.3426958233058182 -0.28592059511651297 -0.2677274293920085 -0.2677274293920085 -0.2677274293920085 -0.2954912211319098 -0.2677274293920085 -0.22792673485377757 -0.2580388130303047 -0.2404488369600046 -0.1463197491294116 -0.22042650718697718 -0.1834986033585268 -0.18333289222395 -0.18528356058641587 -0.18505708147873406 -0.17010262685728972 -0.17010262685728972 -0.16644279176195498 -0.16292569319560318 -0.15151217254818247 -0.15015433761543776 -0.15076379179363636 -0.13718176774679253 -0.10717164796500567 -0.09834427903086175 -0.05646783131543406 -0.062096038318993206 -0.0540506367608819 -0.0540506367608819 -0.04316816363657956 -0.04639651613525776 -0.04639651613525776
-0.3825153921390218 -0.3825153921390218 -0.3825153921390218 -0.3825153921390218 -0.3825153921390218 -0.2677274293920085 -0.3825153921390218 -0.3825153921390218 -0.3825153921390218 -0.3825153921390218 -0.3825153921390218 -0.3825153921390218 -0.3825153921390218 -0.3825153921390218 -0.3825153921390218 -0.3825153921390218 -0.3825153921390218 -0.3825153921390218 -0.3825153921390218 -0.3825153921390218 -0.3825153921390218 -0.3825153921390218 -0.3825153921390218 -0.3825153921390218 -0.18680081060525894 -0.3825153921390218 -0.2677274293920085 -0.3825153921390218 -0.2677274293920085 -0.3825153921390218 -0.3611825009736173 -0.26243168892835433 -0.3825153921390218 -0.3825153921390218 -0.3825153921390218 -0.2677274293920085 -0.3825153921390218 -0.3825153921390218 -0.3825153921390218 -0.3825153921390218 -0.3825153921390218 -0.3825153921390218 -0.3825153921390218 -0.3825153921390218 -0.3825153921390218 -0.3825153921390218 -0.3825153921390218 -0.3132697370656484 -0.18680081060525894 -0.18680081060525894 -0.3825153921390218 -0.3825153921390218 -0.3132697370656484 -0.26243168892835433 -0.3825153921390218 -0.3825153921390218 -0.3825153921390218 -0.3825153921390218 -0.3132697370656484 -0.26243168892835433 -0.3735368514164407 -0.32569286463140185 -0.3132697370656484 -0.3426958233058182 -0.3426958233058182 -0.28592059511651297 -0.2677274293920085 -0.2677274293920085 -0.2677274293920085 -0.2954912211319098 -0.2677274293920085 -0.24203169660618193 -0.2580388130303047 -0.2404488369600046 -0.1463197491294116 -0.22042650718697718 -0.1834986033585268 -0.18333289222395 -0.18528356058641587 -0.18505708147873406 -0.17010262685728972 -0.17010262685728972 -0.16644279176195498 -0.16292569319560318 -0.15151217254818247 -0.15015433761543776 -0.15076379179363636 -0.13718176774679253 -0.10717164796500567 -0.09834427903086175 -0.05646783131543406 -0.062096038318993206 -0.0540506367608819 -0.0540506367608819 -0.04316816363657956 -0.04639651613525776 -0.04639651613525776
-0.38078916190789136 -0.38078916190789136 -0.38078916190789136 -0.38078916190789136 -0.38078916190789136 -0.2677274293920085 -0.38078916190789136 -0.38078916190789136 -0.38078916190789136 -0.38078916190789136 -0.38078916190789136 -0.38078916190789136 -0.38078916190789136 -0.38078916190789136 -0.38078916190789136 -0.38078916190789136 -0.38078916190789136 -0.38078916190789136 -0.38078916190789136 -0.38078916190789136 -0.38078916190789136 -0.38078916190789136 -0.38078916190789136 -0.38078916190789136 -0.18680081060525894 -0.38078916190789136 -0.2677274293920085 -0.38078916190789136 -0.2677274293920085 -0.38078916190789136 -0.3611825009736173 -0.26243168892835433 -0.38078916190789136 -0.38078916190789136 -0.38078916190789136 -0.2677274293920085 -0.38078916190789136 -0.38078916190789136 -0.38078916190789136 -0.38078916190789136 -0.38078916190789136 -0.38078916190789136 -0.38078916190789136 -0.38078916190789136 -0.38078916190789136 -0.38078916190789136 -0.22792673485377757 -0.23115323117485265 -0.18680081060525894 -0.18680081060525894 -0.22792673485377757 -0.38078916190789136 -0.23115323117485265 -0.26243168892835433 -0.22792673485377757 -0.23115323117485265 -0.38078916190789136 -0.22792673485377757 -0.23115323117485265 -0.26243168892835433 -0.22792673485377757 -0.22792673485377757 -0.23115323117485265 -0.3426958233058182 -0.3426958233058182 -0.28592059511651297 -0.2677274293920085 -0.2677274293920085 -0.2677274293920085 -0.2954912211319098 -0.2677274293920085 -0.22792673485377757 -0.2580388130303047 -0.2404488369600046 -0.1463197491294116 -0.22042650718697718 -0.1834986033585268 -0.18333289222395 -0.18528356058641587 -0.18505708147873406 -0.17010262685728972 -0.17010262685728972 -0.16644279176195498 -0.16292569319560318 -0.15151217254818247 -0.15015433761543776 -0.15076379179363636 -0.13718176774679253 -0.10717164796500567 -0.09834427903086175 -0.05646783131543406 -0.062096038318993206 -0.0540506367608819 -0.0540506367608819 -0.04316816363657956 -0.04639651613525776 -0.04639651613525776
-0.3752823504745499 -0.3752823504745499 -0.3752823504745499 -0.3752823504745499 -0.3752823504745499 -0.2677274293920085 -0.3752823504745499 -0.3752823504745499 -0.3752823504745499 -0.3752823504745499 -0.3752823504745499 -0.3752823504745499 -0.3752823504745499 -0.3752823504745499 -0.3752823504745499 -0.3752823504745499 -0.3752823504745499 -0.3752823504745499 -0.3752823504745499 -0.3752823504745499 -0.3752823504745499 -0.3752823504745499 -0.3752823504745499 -0.3752823504745499 -0.18680081060525894 -0.3752823504745499 -0.2677274293920085 -0.3752823504745499 -0.2677274293920085 -0.3752823504745499 -0.3611825009736173 -0.26243168892835433 -0.3752823504745499 -0.3752823504745499 -0.3752823504745499 -0.2677274293920085 -0.3752823504745499 -0.3752823504745499 -0.3752823504745499 -0.3752823504745499 -0.3752823504745499 -0.3752823504745499 -0.3752823504745499 -0.3752823504745499 -0.3752823504745499 -0.3752823504745499 -0.22792673485377757 -0.23115323117485265 -0.18680081060525894 -0.18680081060525894 -0.22792673485377757 -0.3752823504745499 -0.23115323117485265 -0.26243168892835433 -0.22792673485377757 -0.23115323117485265 -0.3752823504745499 -0.22792673485377757 -0.23115323117485265 -0.26243168892835433 -0.22792673485377757 -0.22792673485377757 -0.23115323117485265 -0.3426958233058182 -0.3426958233058182 -0.28592059511651297 -0.2677274293920085 -0.2677274293920085 -0.2677274293920085 -0.2954912211319098 -0.2677274293920085 -0.22792673485377757 -0.2580388130303047 -0.2404488369600046 -0.1463197491294116 -0.22042650718697718 -0.1834986033585268 -0.18333289222395 -0.18528356058641587 -0.18505708147873406 -0.17010262685728972 -0.17010262685728972 -0.16644279176195498 -0.16292569319560318 -0.15151217254818247 -0.15015433761543776 -0.15076379179363636 -0.13718176774679253 -0.10717164796500567 -0.09834427903086175 -0.05646783131543406 -0.062096038318993206 -0.0540506367608819 -0.0540506367608819 -0.04316816363657956 -0.04639651613525776 -0.04639651613525776
-0.3426958233058182 -0.3426958233058182 -0.3426958233058182 -0.3426958233058182 -0.3426958233058182 -0.2677274293920085 -0.3426958233058182 -0.3426958233058182 -0.3426958233058182 -0.3426958233058182 -0.3426958233058182 -0.3426958233058182 -0.3426958233058182 -0.3426958233058182 -0.3426958233058182 -0.3426958233058182 -0.3426958233058182 -0.3426958233058182 -0.3426958233058182 -0.3426958233058182 -0.3426958233058182 -0.3426958233058182 -0.3426958233058182 -0.3426958233058182 -0.18680081060525894 -0.3426958233058182 -0.2677274293920085 -0.3426958233058182 -0.2677274293920085 -0.3426958233058182 -0.3426958233058182 -0.26243168892835433 -0.3426958233058182 -0.3426958233058182 -0.3426958233058182 -0.2677274293920085 -0.3426958233058182 -0.3426958233058182 -0.3426958233058182 -0.3426958233058182 -0.3426958233058182 -0.3426958233058182 -0.3426958233058182 -0.3426958233058182 -0.3426958233058182 -0.3426958233058182 -0.22792673485377757 -0.37334863984519456 -0.18680081060525894 -0.18680081060525894 -0.22792673485377757 -0.3426958233058182 -0.37334863984519456 -0.26243168892835433 -0.22792673485377757 -0.37334863984519456 -0.3426958233058182 -0.22792673485377757 -0.37334863984519456 -0.26243168892835433 -0.22792673485377757 -0.22792673485377757 -0.3540130571955052 -0.3426958233058182 -0.3426958233058182 -0.28592059511651297 -0.2677274293920085 -0.2677274293920085 -0.2677274293920085 -0.2954912211319098 -0.2677274293920085 -0.22792673485377757 -0.2580388130303047 -0.2404488369600046 -0.1463197491294116 -0.22042650718697718 -0.1834986033585268 -0.18333289222395 -0.18528356058641587 -0.18505708147873406 -0.17010262685728972 -0.17010262685728972 -0.16644279176195498 -0.16292569319560318 -0.15151217254818247 -0.15015433761543776 -0.15076379179363636 -0.13718176774679253 -0.10717164796500567 -0.09834427903086175 -0.05646783131543406 -0.062096038318993206 -0.0540506367608819 -0.0540506367608819 -0.04316816363657956 -0.04639651613525776 -0.04639651613525776
-0.3426958233058182 -0.3426958233058182 -0.3426958233058182 -0.3426958233058182 -0.3426958233058182 -0.2677274293920085 -0.3426958233058182 -0.3426958233058182 -0.3426958233058182 -0.3426958233058182 -0.3426958233058182 -0.3426958233058182 -0.3426958233058182 -0.3426958233058182 -0.3426958233058182 -0.3426958233058182 -0.3426958233058182 -0.3426958233058182 -0.3426958233058182 -0.3426958233058182 -0.3426958233058182 -0.3426958233058182 -0.3426958233058182 -0.3426958233058182 -0.18680081060525894 -0.3426958233058182 -0.2677274293920085 -0.3426958233058182 -0.2677274293920085 -0.3426958233058182 -0.3426958233058182 -0.26243168892835433 -0.3426958233058182 -0.3426958233058182 -0.3426958233058182 -0.2677274293920085 -0.3426958233058182 -0.3426958233058182 -0.3426958233058182 -0.3426958233058182 -0.3426958233058182 -0.3426958233058182 -0.3426958233058182 -0.3426958233058182 -0.3426958233058182 -0.3426958233058182 -0.3706912981724754 -0.23115323117485265 -0.18680081060525894 -0.18680081060525894 -0.3706912981724754 -0.3426958233058182 -0.23115323117485265 -0.26243168892835433 -0.3706912981724754 -0.23115323117485265 -0.3426958233058182 -0.3706912981724754 -0.23115323117485265 -0.26243168892835433 -0.3706912981724754 -0.3594110366866769 -0.23115323117485265 -0.3426958233058182 -0.3426958233058182 -0.28592059511651297 -0.2677274293920085 -0.2677274293920085 -0.2677274293920085 -0.2954912211319098 -0.2677274293920085 -0.24203169660618193 -0.2580388130303047 -0.2404488369600046 -0.1463197491294116 -0.22042650718697718 -0.1834986033585268 -0.18333289222395 -0.18528356058641587 -0.18505708147873406 -0.17010262685728972 -0.17010262685728972 -0.16644279176195498 -0.16292569319560318 -0.15151217254818247 -0.15015433761543776 -0.15076379179363636 -0.13718176774679253 -0.10717164796500567 -0.09834427903086175 -0.05646783131543406 -0.062096038318993206 -0.0540506367608819 -0.0540506367608819 -0.04316816363657956 -0.04639651613525776 -0.04639651613525776
-0.36631638309845993 -0.36631638309845993 -0.36631638309845993 -0.36631638309845993 -0.36631638309845993 -0.2677274293920085 -0.36631638309845993 -0.36631638309845993 -0.36631638309845993 -0.36631638309845993 -0.36631638309845993 -0.36631638309845993 -0.36631638309845993 -0.36631638309845993 -0.36631638309845993 -0.36631638309845993 -0.36631638309845993 -0.36631638309845993 -0.36631638309845993 -0.36631638309845993 -0.36631638309845993 -0.36631638309845993 -0.36631638309845993 -0.36631638309845993 -0.18680081060525894 -0.36631638309845993 -0.2677274293920085 -0.36631638309845993 -0.2677274293920085 -0.36631638309845993 -0.3611825009736173 -0.26243168892835433 -0.36631638309845993 -0.36631638309845993 -0.36631638309845993 -0.2677274293920085 -0.36631638309845993 -0.36631638309845993 -0.36631638309845993 -0.36631638309845993 -0.36631638309845993 -0.36631638309845993 -0.36631638309845993 -0.36631638309845993 -0.36631638309845993 -0.36631638309845993 -0.22792673485377757 -0.23115323117485265 -0.18680081060525894 -0.18680081060525894 -0.22792673485377757 -0.36631638309845993 -0.23115323117485265 -0.26243168892835433 -0.22792673485377757 -0.23115323117485265 -0.36631638309845993 -0.22792673485377757 -0.23115323117485265 -0.26243168892835433 -0.22792673485377757 -0.22792673485377757 -0.23115323117485265 -0.3426958233058182 -0.3426958233058182 -0.28592059511651297 -0.2677274293920085 -0.2677274293920085 -0.2677274293920085 -0.2954912211319098 -0.2677274293920085 -0.22792673485377757 -0.2580388130303047 -0.2404488369600046 -0.1463197491294116 -0.22042650718697718 -0.1834986033585268 -0.18333289222395 -0.18528356058641587 -0.18505708147873406 -0.17010262685728972 -0.17010262685728972 -0.16644279176195498 -0.16292569319560318 -0.15151217254818247 -0.15015433761543776 -0.15076379179363636 -0.13718176774679253 -0.10717164796500567 -0.09834427903086175 -0.05646783131543406 -0.062096038318993206 -0.0540506367608819 -0.0540506367608819 -0.04316816363657956 -0.04639651613525776 -0.04639651613525776
-0.36417024605692766 -0.36417024605692766 -0.36417024605692766 -0.36417024605692766 -0.36417024605692766 -0.2677274293920085 -0.36417024605692766 -0.36417024605692766 -0.36417024605692766 -0.36417024605692766 -0.36417024605692766 -0.36417024605692766 -0.36417024605692766 -0.36417024605692766 -0.36417024605692766 -0.36417024605692766 -0.36417024605692766 -0.36417024605692766 -0.36417024605692766 -0.36417024605692766 -0.36417024605692766 -0.36417024605692766 -0.36417024605692766 -0.36417024605692766 -0.18680081060525894 -0.36417024605692766 -0.2677274293920085 -0.36417024605692766 -0.2677274293920085 -0.36417024605692766 -0.3611825009736173 -0.26243168892835433 -0.36417024605692766 -0.36417024605692766 -0.36417024605692766 -0.2677274293920085 -0.36417024605692766 -0.36417024605692766 -0.36417024605692766 -0.36417024605692766 -0.36417024605692766 -0.36417024605692766 -0.36417024605692766 -0.36417024605692766 -0.36417024605692766 -0.36417024605692766 -0.36247727338247737 -0.36417024605692766 -0.18680081060525894 -0.18680081060525894 -0.36417024605692766 -0.36417024605692766 -0.36417024605692766 -0.26243168892835433 -0.36417024605692766 -0.36417024605692766 -0.36417024605692766 -0.36247727338247737 -0.36417024605692766 -0.26243168892835433 -0.36417024605692766 -0.32569286463140185 -0.35313360905464525 -0.3426958233058182 -0.3426958233058182 -0.28592059511651297 -0.2677274293920085 -0.2677274293920085 -0.2677274293920085 -0.2954912211319098 -0.2677274293920085 -0.24203169660618193 -0.2580388130303047 -0.2404488369600046 -0.1463197491294116 -0.22042650718697718 -0.1834986033585268 -0.18333289222395 -0.18528356058641587 -0.18505708147873406 -0.17010262685728972 -0.17010262685728972 -0.16644279176195498 -0.16292569319560318 -0.15151217254818247 -0.15015433761543776 -0.15076379179363636 -0.13718176774679253 -0.10717164796500567 -0.09834427903086175 -0.05646783131543406 -0.062096038318993206 -0.0540506367608819 -0.0540506367608819 -0.04316816363657956 -0.04639651613525776 -0.04639651613525776
-0.23115323117485265 -0.23115323117485265 -0.23115323117485265 -0.23115323117485265 -0.23115323117485265 -0.23115323117485265 -0.23115323117485265 -0.23115323117485265 -0.23115323117485265 -0.23115323117485265 -0.23115323117485265 -0.23115323117485265 -0.23115323117485265 -0.23115323117485265 -0.23115323117485265 -0.23115323117485265 -0.23115323117485265 -0.23115323117485265 -0.23115323117485265 -0.23115323117485265 -0.23115323117485265 -0.23115323117485265 -0.23115323117485265 -0.23115323117485265 -0.18680081060525894 -0.23115323117485265 -0.23115323117485265 -0.23115323117485265 -0.23115323117485265 -0.23115323117485265 -0.23115323117485265 -0.23115323117485265 -0.23115323117485265 -0.23115323117485265 -0.23115323117485265 -0.23115323117485265 -0.23115323117485265 -0.23115323117485265 -0.23115323117485265 -0.23115323117485265 -0.23115323117485265 -0.23115323117485265 -0.23115323117485265 -0.23115323117485265 -0.23115323117485265 -0.23115323117485265 -0.22792673485377757 -0.3627520264337972 -0.18680081060525894 -0.18680081060525894 -0.22792673485377757 -0.23115323117485265 -0.3627520264337972 -0.23115323117485265 -0.22792673485377757 -0.3627520264337972 -0.23115323117485265 -0.22792673485377757 -0.3627520264337972 -0.23115323117485265 -0.22792673485377757 -0.22792673485377757 -0.3540130571955052 -0.23115323117485265 -0.23115323117485265 -0.23115323117485265 -0.23115323117485265 -0.23115323117485265 -0.23115323117485265 -0.23115323117485265 -0.23115323117485265 -0.22792673485377757 -0.23115323117485265 -0.23115323117485265 -0.1463197491294116 -0.22042650718697718 -0.1834986033585268 -0.18333289222395 -0.18528356058641587 -0.18505708147873406 -0.17010262685728972 -0.17010262685728972 -0.16644279176195498 -0.16292569319560318 -0.15151217254818247 -0.15015433761543776 -0.15076379179363636 -0.13718176774679253 -0.10717164796500567 -0.09834427903086175 -0.05646783131543406 -0.062096038318993206 -0.0540506367608819 -0.0540506367608819 -0.04316816363657956 -0.04639651613525776 -0.04639651613525776
-0.36219630971282524 -0.36219630971282524 -0.36219630971282524 -0.36219630971282524 -0.36219630971282524 -0.2677274293920085 -0.36219630971282524 -0.36219630971282524 -0.36219630971282524 -0.36219630971282524 -0.36219630971282524 -0.36219630971282524 -0.36219630971282524 -0.36219630971282524 -0.36219630971282524 -0.36219630971282524 -0.36219630971282524 -0.36219630971282524 -0.36219630971282524 -0.36219630971282524 -0.36219630971282524 -0.36219630971282524 -0.36219630971282524 -0.36219630971282524 -0.18680081060525894 -0.36219630971282524 -0.2677274293920085 -0.36219630971282524 -0.2677274293920085 -0.36219630971282524 -0.3611825009736173 -0.26243168892835433 -0.36219630971282524 -0.36219630971282524 -0.36219630971282524 -0.2677274293920085 -0.36219630971282524 -0.36219630971282524 -0.36219630971282524 -0.36219630971282524 -0.36219630971282524 -0.36219630971282524 -0.36219630971282524 -0.36219630971282524 -0.36219630971282524 -0.36219630971282524 -0.36219630971282524 -0.3132697370656484 -0.18680081060525894 -0.18680081060525894 -0.36219630971282524 -0.36219630971282524 -0.3132697370656484 -0.26243168892835433 -0.36219630971282524 -0.36219630971282524 -0.36219630971282524 -0.36219630971282524 -0.3132697370656484 -0.26243168892835433 -0.36219630971282524 -0.32569286463140185 -0.3132697370656484 -0.3426958233058182 -0.3426958233058182 -0.28592059511651297 -0.2677274293920085 -0.2677274293920085 -0.2677274293920085 -0.2954912211319098 -0.2677274293920085 -0.24203169660618193 -0.2580388130303047 -0.2404488369600046 -0.1463197491294116 -0.22042650718697718 -0.1834986033585268 -0.18333289222395 -0.18528356058641587 -0.18505708147873406 -0.17010262685728972 -0.17010262685728972 -0.16644279176195498 -0.16292569319560318 -0.15151217254818247 -0.15015433761543776 -0.15076379179363636 -0.13718176774679253 -0.10717164796500567 -0.09834427903086175 -0.05646783131543406 -0.062096038318993206 -0.0540506367608819 -0.0540506367608819 -0.04316816363657956 -0.04639651613525776 -0.04639651613525776
-0.22792673485377757 -0.22792673485377757 -0.22792673485377757 -0.22792673485377757 -0.22792673485377757 -0.22792673485377757 -0.22792673485377757 -0.22792673485377757 -0.22792673485377757 -0.22792673485377757 -0.22792673485377757 -0.22792673485377757 -0.22792673485377757 -0.22792673485377757 -0.22792673485377757 -0.22792673485377757 -0.22792673485377757 -0.22792673485377757 -0.22792673485377757 -0.22792673485377757 -0.22792673485377757 -0.22792673485377757 -0.22792673485377757 -0.22792673485377757 -0.18680081060525894 -0.22792673485377757 -0.22792673485377757 -0.22792673485377757 -0.22792673485377757 -0.22792673485377757 -0.22792673485377757 -0.22792673485377757 -0.22792673485377757 -0.22792673485377757 -0.22792673485377757 -0.22792673485377757 -0.22792673485377757 -0.22792673485377757 -0.22792673485377757 -0.22792673485377757 -0.22792673485377757 -0.22792673485377757 -0.22792673485377757 -0.22792673485377757 -0.22792673485377757 -0.22792673485377757 -0.3598918704150468 -0.22792673485377757 -0.18680081060525894 -0.18680081060525894 -0.3598918704150468 -0.22792673485377757 -0.22792673485377757 -0.22792673485377757 -0.3598918704150468 -0.22792673485377757 -0.22792673485377757 -0.3598918704150468 -0.22792673485377757 -0.22792673485377757 -0.3598918704150468 -0.3594110366866769 -0.22792673485377757 -0.22792673485377757 -0.22792673485377757 -0.22792673485377757 -0.22792673485377757 -0.22792673485377757 -0.22792673485377757 -0.22792673485377757 -0.22792673485377757 -0.24203169660618193 -0.22792673485377757 -0.22792673485377757 -0.1463197491294116 -0.22042650718697718 -0.1834986033585268 -0.18333289222395 -0.18528356058641587 -0.18505708147873406 -0.17010262685728972 -0.17010262685728972 -0.16644279176195498 -0.16292569319560318 -0.15151217254818247 -0.15015433761543776 -0.15076379179363636 -0.13718176774679253 -0.10717164796500567 -0.09834427903086175 -0.05646783131543406 -0.062096038318993206 -0.0540506367608819 -0.0540506367608819 -0.04316816363657956 -0.04639651613525776 -0.04639651613525776
-0.22042650718697718 -0.22042650718697718 -0.22042650718697718 -0.22042650718697718 -0.22042650718697718 -0.22042650718697718 -0.22042650718697718 -0.22042650718697718 -0.22042650718697718 -0.22042650718697718 -0.22042650718697718 -0.22042650718697718 -0.22042650718697718 -0.22042650718697718 -0.22042650718697718 -0.22042650718697718 -0.22042650718697718 -0.22042650718697718 -0.22042650718697718 -0.22042650718697718 -0.22042650718697718 -0.22042650718697718 -0.22042650718697718 -0.22042650718697718 -0.18680081060525894 -0.22042650718697718 -0.22042650718697718 -0.22042650718697718 -0.22042650718697718 -0.22042650718697718 -0.22042650718697718 -0.22042650718697718 -0.22042650718697718 -0.22042650718697718 -0.22042650718697718 -0.22042650718697718 -0.22042650718697718 -0.22042650718697718 -0.22042650718697718 -0.22042650718697718 -0.22042650718697718 -0.22042650718697718 -0.22042650718697718 -0.22042650718697718 -0.22042650718697718 -0.22042650718697718 -0.22042650718697718 -0.22042650718697718 -0.18680081060525894 -0.18680081060525894 -0.22042650718697718 -0.22042650718697718 -0.22042650718697718 -0.22042650718697718 -0.22042650718697718 -0.22042650718697718 -0.22042650718697718 -0.22042650718697718 -0.22042650718697718 -0.22042650718697718 -0.22042650718697718 -0.22042650718697718 -0.22042650718697718 -0.22042650718697718 -0.22042650718697718 -0.22042650718697718 -0.22042650718697718 -0.22042650718697718 -0.22042650718697718 -0.22042650718697718 -0.22042650718697718 -0.22042650718697718 -0.22042650718697718 -0.22042650718697718 -0.1463197491294116 -0.22042650718697718 -0.1834986033585268 -0.18333289222395 -0.18528356058641587 -0.18505708147873406 -0.17010262685728972 -0.17010262685728972 -0.16644279176195498 -0.16292569319560318 -0.15151217254818247 -0.15015433761543776 -0.15076379179363636 -0.13718176774679253 -0.10717164796500567 -0.09834427903086175 -0.05646783131543406 -0.062096038318993206 -0.0540506367608819 -0.0540506367608819 -0.04316816363657956 -0.04639651613525776 -0.04639651613525776
-0.16644279176195498 -0.16644279176195498 -0.16644279176195498 -0.16644279176195498 -0.16644279176195498 -0.16644279176195498 -0.16644279176195498 -0.16644279176195498 -0.16644279176195498 -0.16644279176195498 -0.16644279176195498 -0.16644279176195498 -0.16644279176195498 -0.16644279176195498 -0.16644279176195498 -0.16644279176195498 -0.16644279176195498 -0.16644279176195498 -0.16644279176195498 -0.16644279176195498 -0.16644279176195498 -0.16644279176195498 -0.16644279176195498 -0.16644279176195498 -0.16644279176195498 -0.16644279176195498 -0.16644279176195498 -0.16644279176195498 -0.16644279176195498 -0.16644279176195498 -0.16644279176195498 -0.16644279176195498 -0.16644279176195498 -0.16644279176195498 -0.16644279176195498 -0.16644279176195498 -0.16644279176195498 -0.16644279176195498 -0.16644279176195498 -0.16644279176195498 -0.16644279176195498 -0.16644279176195498 -0.16644279176195498 -0.16644279176195498 -0.16644279176195498 -0.16644279176195498 -0.16644279176195498 -0.16644279176195498 -0.16644279176195498 -0.16644279176195498 -0.16644279176195498 -0.16644279176195498 -0.16644279176195498 -0.16644279176195498 -0.16644279176195498 -0.16644279176195498 -0.16644279176195498 -0.16644279176195498 -0.16644279176195498 -0.16644279176195498 -0.16644279176195498 -0.16644279176195498 -0.16644279176195498 -0.16644279176195498 -0.16644279176195498 -0.16644279176195498 -0.16644279176195498 -0.16644279176195498 -0.16644279176195498 -0.16644279176195498 -0.16644279176195498 -0.16644279176195498 -0.16644279176195498 -0.16644279176195498 -0.1463197491294116 -0.16644279176195498 -0.16644279176195498 -0.16644279176195498 -0.16644279176195498 -0.16644279176195498 -0.16644279176195498 -0.16644279176195498 -0.16644279176195498 -0.16292569319560318 -0.15151217254818247 -0.15015433761543776 -0.15076379179363636 -0.13718176774679253 -0.10717164796500567 -0.09834427903086175 -0.05646783131543406 -0.062096038318993206 -0.0540506367608819 -0.0540506367608819 -0.04316816363657956 -0.04639651613525776 -0.04639651613525776
-0.22792673485377757 -0.22792673485377757 -0.22792673485377757 -0.22792673485377757 -0.22792673485377757 -0.22792673485377757 -0.22792673485377757 -0.22792673485377757 -0.22792673485377757 -0.22792673485377757 -0.22792673485377757 -0.22792673485377757 -0.22792673485377757 -0.22792673485377757 -0.22792673485377757 -0.22792673485377757 -0.22792673485377757 -0.22792673485377757 -0.22792673485377757 -0.22792673485377757 -0.22792673485377757 -0.22792673485377757 -0.22792673485377757 -0.22792673485377757 -0.18680081060525894 -0.22792673485377757 -0.22792673485377757 -0.22792673485377757 -0.22792673485377757 -0.22792673485377757 -0.22792673485377757 -0.22792673485377757 -0.22792673485377757 -0.22792673485377757 -0.22792673485377757 -0.22792673485377757 -0.22792673485377757 -0.22792673485377757 -0.22792673485377757 -0.22792673485377757 -0.22792673485377757 -0.22792673485377757 -0.22792673485377757 -0.22792673485377757 -0.22792673485377757 -0.22792673485377757 -0.22792673485377757 -0.22792673485377757 -0.18680081060525894 -0.18680081060525894 -0.22792673485377757 -0.22792673485377757 -0.22792673485377757 -0.22792673485377757 -0.22792673485377757 -0.22792673485377757 -0.22792673485377757 -0.22792673485377757 -0.22792673485377757 -0.22792673485377757 -0.22792673485377757 -0.22792673485377757 -0.22792673485377757 -0.22792673485377757 -0.22792673485377757 -0.22792673485377757 -0.22792673485377757 -0.22792673485377757 -0.22792673485377757 -0.22792673485377757 -0.22792673485377757 -0.22792673485377757 -0.22792673485377757 -0.22792673485377757 -0.1463197491294116 -0.22042650718697718 -0.1834986033585268 -0.18333289222395 -0.18528356058641587 -0.18505708147873406 -0.17010262685728972 -0.17010262685728972 -0.16644279176195498 -0.16292569319560318 -0.15151217254818247 -0.15015433761543776 -0.15076379179363636 -0.13718176774679253 -0.10717164796500567 -0.09834427903086175 -0.05646783131543406 -0.062096038318993206 -0.0540506367608819 -0.0540506367608819 -0.04316816363657956 -0.04639651613525776 -0.04639651613525776
-0.23115323117485265 -0.23115323117485265 -0.23115323117485265 -0.23115323117485265 -0.23115323117485265 -0.23115323117485265 -0.23115323117485265 -0.23115323117485265 -0.23115323117485265 -0.23115323117485265 -0.23115323117485265 -0.23115323117485265 -0.23115323117485265 -0.23115323117485265 -0.23115323117485265 -0.23115323117485265 -0.23115323117485265 -0.23115323117485265 -0.23115323117485265 -0.23115323117485265 -0.23115323117485265 -0.23115323117485265 -0.23115323117485265 -0.23115323117485265 -0.18680081060525894 -0.23115323117485265 -0.23115323117485265 -0.23115323117485265 -0.23115323117485265 -0.23115323117485265 -0.23115323117485265 -0.23115323117485265 -0.23115323117485265 -0.23115323117485265 -0.23115323117485265 -0.23115323117485265 -0.23115323117485265 -0.23115323117485265 -0.23115323117485265 -0.23115323117485265 -0.23115323117485265 -0.23115323117485265 -0.23115323117485265 -0.23115323117485265 -0.23115323117485265 -0.23115323117485265 -0.22792673485377757 -0.31978641091384813 -0.18680081060525894 -0.18680081060525894 -0.22792673485377757 -0.23115323117485265 -0.31978641091384813 -0.23115323117485265 -0.22792673485377757 -0.31978641091384813 -0.23115323117485265 -0.22792673485377757 -0.31978641091384813 -0.23115323117485265 -0.22792673485377757 -0.22792673485377757 -0.31978641091384813 -0.23115323117485265 -0.23115323117485265 -0.23115323117485265 -0.23115323117485265 -0.23115323117485265 -0.23115323117485265 -0.23115323117485265 -0.23115323117485265 -0.22792673485377757 -0.23115323117485265 -0.23115323117485265 -0.1463197491294116 -0.22042650718697718 -0.1834986033585268 -0.18333289222395 -0.18528356058641587 -0.18505708147873406 -0.17010262685728972 -0.17010262685728972 -0.16644279176195498 -0.16292569319560318 -0.15151217254818247 -0.15015433761543776 -0.15076379179363636 -0.13718176774679253 -0.10717164796500567 -0.09834427903086175 -0.05646783131543406 -0.062096038318993206 -0.0540506367608819 -0.0540506367608819 -0.04316816363657956 -0.04639651613525776 -0.04639651613525776
-0.22792673485377757 -0.22792673485377757 -0.22792673485377757 -0.22792673485377757 -0.22792673485377757 -0.22792673485377757 -0.22792673485377757 -0.22792673485377757 -0.22792673485377757 -0.22792673485377757 -0.22792673485377757 -0.22792673485377757 -0.22792673485377757 -0.22792673485377757 -0.22792673485377757 -0.22792673485377757 -0.22792673485377757 -0.22792673485377757 -0.22792673485377757 -0.22792673485377757 -0.22792673485377757 -0.22792673485377757 -0.22792673485377757 -0.22792673485377757 -0.18680081060525894 -0.22792673485377757 -0.22792673485377757 -0.22792673485377757 -0.22792673485377757 -0.22792673485377757 -0.22792673485377757 -0.22792673485377757 -0.22792673485377757 -0.22792673485377757 -0.22792673485377757 -0.22792673485377757 -0.22792673485377757 -0.22792673485377757 -0.22792673485377757 -0.22792673485377757 -0.22792673485377757 -0.22792673485377757 -0.22792673485377757 -0.22792673485377757 -0.22792673485377757 -0.22792673485377757 -0.3164261226135387 -0.22792673485377757 -0.18680081060525894 -0.18680081060525894 -0.3164261226135387 -0.22792673485377757 -0.22792673485377757 -0.22792673485377757 -0.3164261226135387 -0.22792673485377757 -0.22792673485377757 -0.3164261226135387 -0.22792673485377757 -0.22792673485377757 -0.3164261226135387 -0.3164261226135387 -0.22792673485377757 -0.22792673485377757 -0.22792673485377757 -0.22792673485377757 -0.22792673485377757 -0.22792673485377757 -0.22792673485377757 -0.22792673485377757 -0.22792673485377757 -0.2729899977451609 -0.22792673485377757 -0.22792673485377757 -0.1463197491294116 -0.22951064092283374 -0.1834986033585268 -0.18333289222395 -0.18528356058641587 -0.18505708147873406 -0.17010262685728972 -0.17010262685728972 -0.16644279176195498 -0.16292569319560318 -0.15151217254818247 -0.15015433761543776 -0.15076379179363636 -0.13718176774679253 -0.10717164796500567 -0.09834427903086175 -0.05646783131543406 -0.062096038318993206 -0.0540506367608819 -0.0540506367608819 -0.04316816363657956 -0.04639651613525776 -0.04639651613525776
-0.3137451493053959 -0.3137451493053959 -0.3137451493053959 -0.3137451493053959 -0.3137451493053959 -0.2677274293920085 -0.3137451493053959 -0.3137451493053959 -0.3137451493053959 -0.3137451493053959 -0.3137451493053959 -0.3137451493053959 -0.3137451493053959 -0.3137451493053959 -0.3137451493053959 -0.3137451493053959 -0.3137451493053959 -0.3137451493053959 -0.3137451493053959 -0.3137451493053959 -0.3137451493053959 -0.3137451493053959 -0.3137451493053959 -0.3137451493053959 -0.18680081060525894 -0.3137451493053959 -0.2677274293920085 -0.3137451493053959 -0.2677274293920085 -0.3137451493053959 -0.3137451493053959 -0.26243168892835433 -0.3137451493053959 -0.3137451493053959 -0.3137451493053959 -0.2677274293920085 -0.3137451493053959 -0.3137451493053959 -0.3137451493053959 -0.3137451493053959 -0.3137451493053959 -0.3137451493053959 -0.3137451493053959 -0.3137451493053959 -0.3137451493053959 -0.3137451493053959 -0.22792673485377757 -0.23115323117485265 -0.18680081060525894 -0.18680081060525894 -0.22792673485377757 -0.3137451493053959 -0.23115323117485265 -0.26243168892835433 -0.22792673485377757 -0.23115323117485265 -0.3137451493053959 -0.22792673485377757 -0.23115323117485265 -0.26243168892835433 -0.22792673485377757 -0.22792673485377757 -0.23115323117485265 -0.3137451493053959 -0.3137451493053959 -0.28592059511651297 -0.2677274293920085 -0.2677274293920085 -0.2677274293920085 -0.2954912211319098 -0.2677274293920085 -0.22792673485377757 -0.26150631065795665 -0.2404488369600046 -0.1463197491294116 -0.22042650718697718 -0.1834986033585268 -0.18333289222395 -0.18528356058641587 -0.18505708147873406 -0.17010262685728972 -0.17010262685728972 -0.16644279176195498 -0.16292569319560318 -0.15151217254818247 -0.15015433761543776 -0.15076379179363636 -0.13718176774679253 -0.10717164796500567 -0.09834427903086175 -0.05646783131543406 -0.062096038318993206 -0.0540506367608819 -0.0540506367608819 -0.04316816363657956 -0.04639651613525776 -0.04639651613525776
-0.30845675287124635 -0.30845675287124635 -0.30845675287124635 -0.30845675287124635 -0.30845675287124635 -0.2677274293920085 -0.30845675287124635 -0.30845675287124635 -0.30845675287124635 -0.30845675287124635 -0.30845675287124635 -0.30845675287124635 -0.30845675287124635 -0.30845675287124635 -0.30845675287124635 -0.30845675287124635 -0.30845675287124635 -0.30845675287124635 -0.30845675287124635 -0.30845675287124635 -0.30845675287124635 -0.30845675287124635 -0.30845675287124635 -0.30845675287124635 -0.18680081060525894 -0.30845675287124635 -0.2677274293920085 -0.30845675287124635 -0.2677274293920085 -0.30845675287124635 -0.30845675287124635 -0.26243168892835433 -0.30845675287124635 -0.30845675287124635 -0.30845675287124635 -0.2677274293920085 -0.30845675287124635 -0.30845675287124635 -0.30845675287124635 -0.30845675287124635 -0.30845675287124635 -0.30845675287124635 -0.30845675287124635 -0.30845675287124635 -0.30845675287124635 -0.30845675287124635 -0.22792673485377757 -0.23115323117485265 -0.18680081060525894 -0.18680081060525894 -0.22792673485377757 -0.30845675287124635 -0.23115323117485265 -0.26243168892835433 -0.22792673485377757 -0.23115323117485265 -0.30845675287124635 -0.22792673485377757 -0.23115323117485265 -0.26243168892835433 -0.22792673485377757 -0.22792673485377757 -0.23115323117485265 -0.30845675287124635 -0.30845675287124635 -0.28592059511651297 -0.2677274293920085 -0.2677274293920085 -0.2677274293920085 -0.2954912211319098 -0.2677274293920085 -0.22792673485377757 -0.2580388130303047 -0.2404488369600046 -0.1463197491294116 -0.22042650718697718 -0.1834986033585268 -0.18333289222395 -0.18528356058641587 -0.18505708147873406 -0.17010262685728972 -0.17010262685728972 -0.16644279176195498 -0.16292569319560318 -0.15151217254818247 -0.15015433761543776 -0.15076379179363636 -0.13718176774679253 -0.10717164796500567 -0.09834427903086175 -0.05646783131543406 -0.062096038318993206 -0.0540506367608819 -0.0540506367608819 -0.04316816363657956 -0.04639651613525776 -0.04639651613525776
-0.2856922463457654 -0.2856922463457654 -0.2856922463457654 -0.2856922463457654 -0.2856922463457654 -0.2677274293920085 -0.2856922463457654 -0.2856922463457654 -0.2856922463457654 -0.2856922463457654 -0.2856922463457654 -0.2856922463457654 -0.2856922463457654 -0.2856922463457654 -0.2856922463457654 -0.2856922463457654 -0.2856922463457654 -0.2856922463457654 -0.2856922463457654 -0.2856922463457654 -0.2856922463457654 -0.2856922463457654 -0.2856922463457654 -0.2856922463457654 -0.18680081060525894 -0.2856922463457654 -0.2677274293920085 -0.2856922463457654 -0.2677274293920085 -0.2856922463457654 -0.2856922463457654 -0.26243168892835433 -0.2856922463457654 -0.2856922463457654 -0.2856922463457654 -0.2677274293920085 -0.2856922463457654 -0.2856922463457654 -0.2856922463457654 -0.2856922463457654 -0.2856922463457654 -0.2856922463457654 -0.2856922463457654 -0.2856922463457654 -0.2856922463457654 -0.2856922463457654 -0.2856922463457654 -0.2856922463457654 -0.18680081060525894 -0.18680081060525894 -0.2856922463457654 -0.2856922463457654 -0.2856922463457654 -0.26243168892835433 -0.2856922463457654 -0.2856922463457654 -0.2856922463457654 -0.2856922463457654 -0.2856922463457654 -0.26243168892835433 -0.2856922463457654 -0.2856922463457654 -0.2856922463457654 -0.2856922463457654 -0.2856922463457654 -0.2856922463457654 -0.2677274293920085 -0.2677274293920085 -0.2677274293920085 -0.2856922463457654 -0.2677274293920085 -0.24203169660618193 -0.2580388130303047 -0.2404488369600046 -0.1463197491294116 -0.22042650718697718 -0.1834986033585268 -0.18333289222395 -0.18528356058641587 -0.18505708147873406 -0.17010262685728972 -0.17010262685728972 -0.16644279176195498 -0.16292569319560318 -0.15151217254818247 -0.15015433761543776 -0.15076379179363636 -0.13718176774679253 -0.10717164796500567 -0.09834427903086175 -0.05646783131543406 -0.062096038318993206 -0.0540506367608819 -0.0540506367608819 -0.04316816363657956 -0.04639651613525776 -0.04639651613525776
-0.28544613807900854 -0.28544613807900854 -0.28544613807900854 -0.28544613807900854 -0.28544613807900854 -0.2677274293920085 -0.28544613807900854 -0.28544613807900854 -0.28544613807900854 -0.28544613807900854 -0.28544613807900854 -0.28544613807900854 -0.28544613807900854 -0.28544613807900854 -0.28544613807900854 -0.28544613807900854 -0.28544613807900854 -0.28544613807900854 -0.28544613807900854 -0.28544613807900854 -0.28544613807900854 -0.28544613807900854 -0.28544613807900854 -0.28544613807900854 -0.18680081060525894 -0.28544613807900854 -0.2677274293920085 -0.28544613807900854 -0.2677274293920085 -0.28544613807900854 -0.28544613807900854 -0.26243168892835433 -0.28544613807900854 -0.28544613807900854 -0.28544613807900854 -0.2677274293920085 -0.28544613807900854 -0.28544613807900854 -0.28544613807900854 -0.28544613807900854 -0.28544613807900854 -0.28544613807900854 -0.28544613807900854 -0.28544613807900854 -0.28544613807900854 -0.28544613807900854 -0.22792673485377757 -0.23115323117485265 -0.18680081060525894 -0.18680081060525894 -0.22792673485377757 -0.28544613807900854 -0.23115323117485265 -0.26243168892835433 -0.22792673485377757 -0.23115323117485265 -0.28544613807900854 -0.22792673485377757 -0.23115323117485265 -0.26243168892835433 -0.22792673485377757 -0.22792673485377757 -0.23115323117485265 -0.28544613807900854 -0.28544613807900854 -0.28544613807900854 -0.2677274293920085 -0.2677274293920085 -0.2677274293920085 -0.28544613807900854 -0.2677274293920085 -0.22792673485377757 -0.2580388130303047 -0.2404488369600046 -0.1463197491294116 -0.22042650718697718 -0.1834986033585268 -0.18333289222395 -0.18528356058641587 -0.18505708147873406 -0.17010262685728972 -0.17010262685728972 -0.16644279176195498 -0.16292569319560318 -0.15151217254818247 -0.15015433761543776 -0.15076379179363636 -0.13718176774679253 -0.10717164796500567 -0.09834427903086175 -0.05646783131543406 -0.062096038318993206 -0.0540506367608819 -0.0540506367608819 -0.04316816363657956 -0.04639651613525776 -0.04639651613525776
-0.28430569608979667 -0.28430569608979667 -0.28430569608979667 -0.28430569608979667 -0.28430569608979667 -0.2677274293920085 -0.28430569608979667 -0.28430569608979667 -0.28430569608979667 -0.28430569608979667 -0.28430569608979667 -0.28430569608979667 -0.28430569608979667 -0.28430569608979667 -0.28430569608979667 -0.28430569608979667 -0.28430569608979667 -0.28430569608979667 -0.28430569608979667 -0.28430569608979667 -0.28430569608979667 -0.28430569608979667 -0.28430569608979667 -0.28430569608979667 -0.18680081060525894 -0.28430569608979667 -0.2677274293920085 -0.28430569608979667 -0.2677274293920085 -0.28430569608979667 -0.28430569608979667 -0.26243168892835433 -0.28430569608979667 -0.28430569608979667 -0.28430569608979667 -0.2677274293920085 -0.28430569608979667 -0.28430569608979667 -0.28430569608979667 -0.28430569608979667 -0.28430569608979667 -0.28430569608979667 -0.28430569608979667 -0.28430569608979667 -0.28430569608979667 -0.28430569608979667 -0.22792673485377757 -0.23115323117485265 -0.18680081060525894 -0.18680081060525894 -0.22792673485377757 -0.28430569608979667 -0.23115323117485265 -0.26243168892835433 -0.22792673485377757 -0.23115323117485265 -0.28430569608979667 -0.22792673485377757 -0.23115323117485265 -0.26243168892835433 -0.22792673485377757 -0.22792673485377757 -0.23115323117485265 -0.28430569608979667 -0.28430569608979667 -0.28430569608979667 -0.2677274293920085 -0.2677274293920085 -0.2677274293920085 -0.28430569608979667 -0.2677274293920085 -0.22792673485377757 -0.2580388130303047 -0.2404488369600046 -0.1463197491294116 -0.22042650718697718 -0.1834986033585268 -0.18333289222395 -0.18528356058641587 -0.18505708147873406 -0.17010262685728972 -0.17010262685728972 -0.16644279176195498 -0.16292569319560318 -0.15151217254818247 -0.15015433761543776 -0.15076379179363636 -0.13718176774679253 -0.10717164796500567 -0.09834427903086175 -0.05646783131543406 -0.062096038318993206 -0.0540506367608819 -0.0540506367608819 -0.04316816363657956 -0.04639651613525776 -0.04639651613525776
-0.23115323117485265 -0.23115323117485265 -0.23115323117485265 -0.23115323117485265 -0.23115323117485265 -0.23115323117485265 -0.23115323117485265 -0.23115323117485265 -0.23115323117485265 -0.23115323117485265 -0.23115323117485265 -0.23115323117485265 -0.23115323117485265 -0.23115323117485265 -0.23115323117485265 -0.23115323117485265 -0.23115323117485265 -0.23115323117485265 -0.23115323117485265 -0.23115323117485265 -0.23115323117485265 -0.23115323117485265 -0.23115323117485265 -0.23115323117485265 -0.18680081060525894 -0.23115323117485265 -0.23115323117485265 -0.23115323117485265 -0.23115323117485265 -0.23115323117485265 -0.23115323117485265 -0.23115323117485265 -0.23115323117485265 -0.23115323117485265 -0.23115323117485265 -0.23115323117485265 -0.23115323117485265 -0.23115323117485265 -0.23115323117485265 -0.23115323117485265 -0.23115323117485265 -0.23115323117485265 -0.23115323117485265 -0.23115323117485265 -0.23115323117485265 -0.23115323117485265 -0.22792673485377757 -0.2738997419344147 -0.18680081060525894 -0.18680081060525894 -0.22792673485377757 -0.23115323117485265 -0.2738997419344147 -0.23115323117485265 -0.22792673485377757 -0.2738997419344147 -0.23115323117485265 -0.22792673485377757 -0.2738997419344147 -0.23115323117485265 -0.22792673485377757 -0.22792673485377757 -0.2738997419344147 -0.23115323117485265 -0.23115323117485265 -0.23115323117485265 -0.23115323117485265 -0.23115323117485265 -0.23115323117485265 -0.23115323117485265 -0.23115323117485265 -0.22792673485377757 -0.23115323117485265 -0.23115323117485265 -0.1463197491294116 -0.22042650718697718 -0.1834986033585268 -0.18333289222395 -0.18528356058641587 -0.18505708147873406 -0.17010262685728972 -0.17010262685728972 -0.16644279176195498 -0.16292569319560318 -0.15151217254818247 -0.15015433761543776 -0.15076379179363636 -0.13718176774679253 -0.10717164796500567 -0.09834427903086175 -0.05646783131543406 -0.062096038318993206 -0.0540506367608819 -0.0540506367608819 -0.04316816363657956 -0.04639651613525776 -0.04639651613525776
-0.22792673485377757 -0.22792673485377757 -0.22792673485377757 -0.22792673485377757 -0.22792673485377757 -0.22792673485377757 -0.22792673485377757 -0.22792673485377757 -0.22792673485377757 -0.22792673485377757 -0.22792673485377757 -0.22792673485377757 -0.22792673485377757 -0.22792673485377757 -0.22792673485377757 -0.22792673485377757 -0.22792673485377757 -0.22792673485377757 -0.22792673485377757 -0.22792673485377757 -0.22792673485377757 -0.22792673485377757 -0.22792673485377757 -0.22792673485377757 -0.18680081060525894 -0.22792673485377757 -0.22792673485377757 -0.22792673485377757 -0.22792673485377757 -0.22792673485377757 -0.22792673485377757 -0.22792673485377757 -0.22792673485377757 -0.22792673485377757 -0.22792673485377757 -0.22792673485377757 -0.22792673485377757 -0.22792673485377757 -0.22792673485377757 -0.22792673485377757 -0.22792673485377757 -0.22792673485377757 -0.22792673485377757 -0.22792673485377757 -0.22792673485377757 -0.22792673485377757 -0.27076893109819616 -0.22792673485377757 -0.18680081060525894 -0.18680081060525894 -0.27076893109819616 -0.22792673485377757 -0.22792673485377757 -0.22792673485377757 -0.27076893109819616 -0.22792673485377757 -0.22792673485377757 -0.27076893109819616 -0.22792673485377757 -0.22792673485377757 -0.27076893109819616 -0.27076893109819616 -0.22792673485377757 -0.22792673485377757 -0.22792673485377757 -0.22792673485377757 -0.22792673485377757 -0.22792673485377757 -0.22792673485377757 -0.22792673485377757 -0.22792673485377757 -0.27076893109819616 -0.22792673485377757 -0.22792673485377757 -0.1463197491294116 -0.22951064092283374 -0.1834986033585268 -0.18333289222395 -0.18528356058641587 -0.18505708147873406 -0.17010262685728972 -0.17010262685728972 -0.16644279176195498 -0.16292569319560318 -0.15151217254818247 -0.15015433761543776 -0.15076379179363636 -0.13718176774679253 -0.10717164796500567 -0.09834427903086175 -0.05646783131543406 -0.062096038318993206 -0.0540506367608819 -0.0540506367608819 -0.04316816363657956 -0.04639651613525776 -0.04639651613525776
-0.2706788987732023 -0.2706788987732023 -0.2706788987732023 -0.2706788987732023 -0.2706788987732023 -0.2677274293920085 -0.2706788987732023 -0.2706788987732023 -0.2706788987732023 -0.2706788987732023 -0.2706788987732023 -0.2706788987732023 -0.2706788987732023 -0.2706788987732023 -0.2706788987732023 -0.2706788987732023 -0.2706788987732023 -0.2706788987732023 -0.2706788987732023 -0.2706788987732023 -0.2706788987732023 -0.2706788987732023 -0.2706788987732023 -0.2706788987732023 -0.18680081060525894 -0.2706788987732023 -0.2677274293920085 -0.2706788987732023 -0.2677274293920085 -0.2706788987732023 -0.2706788987732023 -0.26243168892835433 -0.2706788987732023 -0.2706788987732023 -0.2706788987732023 -0.2677274293920085 -0.2706788987732023 -0.2706788987732023 -0.2706788987732023 -0.2706788987732023 -0.2706788987732023 -0.2706788987732023 -0.2706788987732023 -0.2706788987732023 -0.2706788987732023 -0.2706788987732023 -0.22792673485377757 -0.23115323117485265 -0.18680081060525894 -0.18680081060525894 -0.22792673485377757 -0.2706788987732023 -0.23115323117485265 -0.26243168892835433 -0.22792673485377757 -0.23115323117485265 -0.2706788987732023 -0.22792673485377757 -0.23115323117485265 -0.26243168892835433 -0.22792673485377757 -0.22792673485377757 -0.23115323117485265 -0.2706788987732023 -0.2706788987732023 -0.2706788987732023 -0.2677274293920085 -0.2677274293920085 -0.2677274293920085 -0.2706788987732023 -0.2677274293920085 -0.22792673485377757 -0.2580388130303047 -0.2404488369600046 -0.1463197491294116 -0.22042650718697718 -0.1834986033585268 -0.18333289222395 -0.18528356058641587 -0.18505708147873406 -0.17010262685728972 -0.17010262685728972 -0.16644279176195498 -0.16292569319560318 -0.15151217254818247 -0.15015433761543776 -0.15076379179363636 -0.13718176774679253 -0.10717164796500567 -0.09834427903086175 -0.05646783131543406 -0.062096038318993206 -0.0540506367608819 -0.0540506367608819 -0.04316816363657956 -0.04639651613525776 -0.04639651613525776
-0.2553718669543194 -0.2553718669543194 -0.2553718669543194 -0.2553718669543194 -0.2553718669543194 -0.2553718669543194 -0.2553718669543194 -0.2553718669543194 -0.2553718669543194 -0.2553718669543194 -0.2553718669543194 -0.2553718669543194 -0.2553718669543194 -0.2553718669543194 -0.2553718669543194 -0.2553718669543194 -0.2553718669543194 -0.2553718669543194 -0.2553718669543194 -0.2553718669543194 -0.2553718669543194 -0.2553718669543194 -0.2553718669543194 -0.2553718669543194 -0.18680081060525894 -0.2553718669543194 -0.2553718669543194 -0.2553718669543194 -0.2553718669543194 -0.2553718669543194 -0.2553718669543194 -0.2553718669543194 -0.2553718669543194 -0.2553718669543194 -0.2553718669543194 -0.2553718669543194 -0.2553718669543194 -0.2553718669543194 -0.2553718669543194 -0.2553718669543194 -0.2553718669543194 -0.2553718669543194 -0.2553718669543194 -0.2553718669543194 -0.2553718669543194 -0.2553718669543194 -0.22792673485377757 -0.23115323117485265 -0.18680081060525894 -0.18680081060525894 -0.22792673485377757 -0.2553718669543194 -0.23115323117485265 -0.2553718669543194 -0.22792673485377757 -0.23115323117485265 -0.2553718669543194 -0.22792673485377757 -0.23115323117485265 -0.2553718669543194 -0.22792673485377757 -0.22792673485377757 -0.23115323117485265 -0.2553718669543194 -0.2553718669543194 -0.2553718669543194 -0.2553718669543194 -0.2553718669543194 -0.2553718669543194 -0.2553718669543194 -0.2553718669543194 -0.22792673485377757 -0.2553718669543194 -0.2404488369600046 -0.1463197491294116 -0.22042650718697718 -0.1834986033585268 -0.18333289222395 -0.18528356058641587 -0.18505708147873406 -0.17010262685728972 -0.17010262685728972 -0.16644279176195498 -0.16292569319560318 -0.15151217254818247 -0.15015433761543776 -0.15076379179363636 -0.13718176774679253 -0.10717164796500567 -0.09834427903086175 -0.05646783131543406 -0.062096038318993206 -0.0540506367608819 -0.0540506367608819 -0.04316816363657956 -0.04639651613525776 -0.04639651613525776
-0.18680081060525894 -0.18680081060525894 -0.18680081060525894 -0.18680081060525894 -0.18680081060525894 -0.18680081060525894 -0.18680081060525894 -0.18680081060525894 -0.18680081060525894 -0.18680081060525894 -0.18680081060525894 -0.18680081060525894 -0.18680081060525894 -0.18680081060525894 -0.18680081060525894 -0.18680081060525894 -0.18680081060525894 -0.18680081060525894 -0.18680081060525894 -0.18680081060525894 -0.18680081060525894 -0.18680081060525894 -0.18680081060525894 -0.18680081060525894 -0.25183440401913265 -0.18680081060525894 -0.18680081060525894 -0.18680081060525894 -0.18680081060525894 -0.18680081060525894 -0.18680081060525894 -0.18680081060525894 -0.18680081060525894 -0.18680081060525894 -0.18680081060525894 -0.18680081060525894 -0.18680081060525894 -0.18680081060525894 -0.18680081060525894 -0.18680081060525894 -0.18680081060525894 -0.18680081060525894 -0.18680081060525894 -0.18680081060525894 -0.18680081060525894 -0.18680081060525894 -0.18680081060525894 -0.18680081060525894 -0.25183440401913265 -0.25183440401913265 -0.18680081060525894 -0.18680081060525894 -0.18680081060525894 -0.18680081060525894 -0.18680081060525894 -0.18680081060525894 -0.18680081060525894 -0.18680081060525894 -0.18680081060525894 -0.18680081060525894 -0.18680081060525894 -0.18680081060525894 -0.18680081060525894 -0.18680081060525894 -0.18680081060525894 -0.18680081060525894 -0.18680081060525894 -0.18680081060525894 -0.18680081060525894 -0.18680081060525894 -0.18680081060525894 -0.18680081060525894 -0.18680081060525894 -0.18680081060525894 -0.1463197491294116 -0.18680081060525894 -0.1834986033585268 -0.18333289222395 -0.18528356058641587 -0.18505708147873406 -0.17010262685728972 -0.17010262685728972 -0.16644279176195498 -0.16292569319560318 -0.15151217254818247 -0.15015433761543776 -0.15076379179363636 -0.13718176774679253 -0.10717164796500567 -0.09834427903086175 -0.05646783131543406 -0.062096038318993206 -0.0540506367608819 -0.0540506367608819 -0.04316816363657956 -0.04639651613525776 -0.04639651613525776
-0.240192362862126 -0.240192362862126 -0.240192362862126 -0.240192362862126 -0.240192362862126 -0.240192362862126 -0.240192362862126 -0.240192362862126 -0.240192362862126 -0.240192362862126 -0.240192362862126 -0.240192362862126 -0.240192362862126 -0.240192362862126 -0.240192362862126 -0.240192362862126 -0.240192362862126 -0.240192362862126 -0.240192362862126 -0.240192362862126 -0.240192362862126 -0.240192362862126 -0.240192362862126 -0.240192362862126 -0.18680081060525894 -0.240192362862126 -0.240192362862126 -0.240192362862126 -0.240192362862126 -0.240192362862126 -0.240192362862126 -0.240192362862126 -0.240192362862126 -0.240192362862126 -0.240192362862126 -0.240192362862126 -0.240192362862126 -0.240192362862126 -0.240192362862126 -0.240192362862126 -0.240192362862126 -0.240192362862126 -0.240192362862126 -0.240192362862126 -0.240192362862126 -0.240192362862126 -0.22792673485377757 -0.23115323117485265 -0.18680081060525894 -0.18680081060525894 -0.22792673485377757 -0.240192362862126 -0.23115323117485265 -0.240192362862126 -0.22792673485377757 -0.23115323117485265 -0.240192362862126 -0.22792673485377757 -0.23115323117485265 -0.240192362862126 -0.22792673485377757 -0.22792673485377757 -0.23115323117485265 -0.240192362862126 -0.240192362862126 -0.240192362862126 -0.240192362862126 -0.240192362862126 -0.240192362862126 -0.240192362862126 -0.240192362862126 -0.22792673485377757 -0.240192362862126 -0.240192362862126 -0.1463197491294116 -0.22042650718697718 -0.1834986033585268 -0.18333289222395 -0.18528356058641587 -0.18505708147873406 -0.17010262685728972 -0.17010262685728972 -0.16644279176195498 -0.16292569319560318 -0.15151217254818247 -0.15015433761543776 -0.15076379179363636 -0.13718176774679253 -0.10717164796500567 -0.09834427903086175 -0.05646783131543406 -0.062096038318993206 -0.0540506367608819 -0.0540506367608819 -0.04316816363657956 -0.04639651613525776 -0.04639651613525776
-0.2255863339620232 -0.2255863339620232 -0.2255863339620232 -0.2255863339620232 -0.2255863339620232 -0.2255863339620232 -0.2255863339620232 -0.2255863339620232 -0.2255863339620232 -0.2255863339620232 -0.2255863339620232 -0.2255863339620232 -0.2255863339620232 -0.2255863339620232 -0.2255863339620232 -0.2255863339620232 -0.2255863339620232 -0.2255863339620232 -0.2255863339620232 -0.2255863339620232 -0.2255863339620232 -0.2255863339620232 -0.2255863339620232 -0.2255863339620232 -0.18680081060525894 -0.2255863339620232 -0.2255863339620232 -0.2255863339620232 -0.2255863339620232 -0.2255863339620232 -0.2255863339620232 -0.2255863339620232 -0.2255863339620232 -0.2255863339620232 -0.2255863339620232 -0.2255863339620232 -0.2255863339620232 -0.2255863339620232 -0.2255863339620232 -0.2255863339620232 -0.2255863339620232 -0.2255863339620232 -0.2255863339620232 -0.2255863339620232 -0.2255863339620232 -0.2255863339620232 -0.2255863339620232 -0.2255863339620232 -0.18680081060525894 -0.18680081060525894 -0.2255863339620232 -0.2255863339620232 -0.2255863339620232 -0.2255863339620232 -0.2255863339620232 -0.2255863339620232 -0.2255863339620232 -0.2255863339620232 -0.2255863339620232 -0.2255863339620232 -0.2255863339620232 -0.2255863339620232 -0.2255863339620232 -0.2255863339620232 -0.2255863339620232 -0.2255863339620232 -0.2255863339620232 -0.2255863339620232 -0.2255863339620232 -0.2255863339620232 -0.2255863339620232 -0.2255863339620232 -0.2255863339620232 -0.2255863339620232 -0.1463197491294116 -0.22042650718697718 -0.1834986033585268 -0.18333289222395 -0.18528356058641587 -0.18505708147873406 -0.17010262685728972 -0.17010262685728972 -0.16644279176195498 -0.16292569319560318 -0.15151217254818247 -0.15015433761543776 -0.15076379179363636 -0.13718176774679253 -0.10717164796500567 -0.09834427903086175 -0.05646783131543406 -0.062096038318993206 -0.0540506367608819 -0.0540506367608819 -0.04316816363657956 -0.04639651613525776 -0.04639651613525776
-0.19226147144294253 -0.19226147144294253 -0.19226147144294253 -0.19226147144294253 -0.19226147144294253 -0.19226147144294253 -0.19226147144294253 -0.19226147144294253 -0.19226147144294253 -0.19226147144294253 -0.19226147144294253 -0.19226147144294253 -0.19226147144294253 -0.19226147144294253 -0.19226147144294253 -0.19226147144294253 -0.19226147144294253 -0.19226147144294253 -0.19226147144294253 -0.19226147144294253 -0.19226147144294253 -0.19226147144294253 -0.19226147144294253 -0.19226147144294253 -0.18680081060525894 -0.19226147144294253 -0.19226147144294253 -0.19226147144294253 -0.19226147144294253 -0.19226147144294253 -0.19226147144294253 -0.19226147144294253 -0.19226147144294253 -0.19226147144294253 -0.19226147144294253 -0.19226147144294253 -0.19226147144294253 -0.19226147144294253 -0.19226147144294253 -0.19226147144294253 -0.19226147144294253 -0.19226147144294253 -0.19226147144294253 -0.19226147144294253 -0.19226147144294253 -0.19226147144294253 -0.19226147144294253 -0.19226147144294253 -0.18680081060525894 -0.18680081060525894 -0.19226147144294253 -0.19226147144294253 -0.19226147144294253 -0.19226147144294253 -0.19226147144294253 -0.19226147144294253 -0.19226147144294253 -0.19226147144294253 -0.19226147144294253 -0.19226147144294253 -0.19226147144294253 -0.19226147144294253 -0.19226147144294253 -0.19226147144294253 -0.19226147144294253 -0.19226147144294253 -0.19226147144294253 -0.19226147144294253 -0.19226147144294253 -0.19226147144294253 -0.19226147144294253 -0.19226147144294253 -0.19226147144294253 -0.19226147144294253 -0.1463197491294116 -0.19226147144294253 -0.1834986033585268 -0.18333289222395 -0.18528356058641587 -0.18505708147873406 -0.17010262685728972 -0.17010262685728972 -0.16644279176195498 -0.16292569319560318 -0.15151217254818247 -0.15015433761543776 -0.15076379179363636 -0.13718176774679253 -0.10717164796500567 -0.09834427903086175 -0.05646783131543406 -0.062096038318993206 -0.0540506367608819 -0.0540506367608819 -0.04316816363657956 -0.04639651613525776 -0.04639651613525776
-0.17058047383464273 -0.17058047383464273 -0.17058047383464273 -0.17058047383464273 -0.17058047383464273 -0.17058047383464273 -0.17058047383464273 -0.17058047383464273 -0.17058047383464273 -0.17058047383464273 -0.17058047383464273 -0.17058047383464273 -0.17058047383464273 -0.17058047383464273 -0.17058047383464273 -0.17058047383464273 -0.17058047383464273 -0.17058047383464273 -0.17058047383464273 -0.17058047383464273 -0.17058047383464273 -0.17058047383464273 -0.17058047383464273 -0.17058047383464273 -0.17058047383464273 -0.17058047383464273 -0.17058047383464273 -0.17058047383464273 -0.17058047383464273 -0.17058047383464273 -0.17058047383464273 -0.17058047383464273 -0.17058047383464273 -0.17058047383464273 -0.17058047383464273 -0.17058047383464273 -0.17058047383464273 -0.17058047383464273 -0.17058047383464273 -0.17058047383464273 -0.17058047383464273 -0.17058047383464273 -0.17058047383464273 -0.17058047383464273 -0.17058047383464273 -0.17058047383464273 -0.17058047383464273 -0.17058047383464273 -0.17058047383464273 -0.17058047383464273 -0.17058047383464273 -0.17058047383464273 -0.17058047383464273 -0.17058047383464273 -0.17058047383464273 -0.17058047383464273 -0.17058047383464273 -0.17058047383464273 -0.17058047383464273 -0.17058047383464273 -0.17058047383464273 -0.17058047383464273 -0.17058047383464273 -0.17058047383464273 -0.17058047383464273 -0.17058047383464273 -0.17058047383464273 -0.17058047383464273 -0.17058047383464273 -0.17058047383464273 -0.17058047383464273 -0.17058047383464273 -0.17058047383464273 -0.17058047383464273 -0.1463197491294116 -0.17058047383464273 -0.17058047383464273 -0.17058047383464273 -0.17058047383464273 -0.17058047383464273 -0.17010262685728972 -0.17010262685728972 -0.16644279176195498 -0.16292569319560318 -0.15151217254818247 -0.15015433761543776 -0.15076379179363636 -0.13718176774679253 -0.10717164796500567 -0.09834427903086175 -0.05646783131543406 -0.062096038318993206 -0.0540506367608819 -0.0540506367608819 -0.04316816363657956 -0.04639651613525776 -0.04639651613525776
-0.1687881876570261 -0.1687881876570261 -0.1687881876570261 -0.1687881876570261 -0.1687881876570261 -0.1687881876570261 -0.1687881876570261 -0.1687881876570261 -0.1687881876570261 -0.1687881876570261 -0.1687881876570261 -0.1687881876570261 -0.1687881876570261 -0.1687881876570261 -0.1687881876570261 -0.1687881876570261 -0.1687881876570261 -0.1687881876570261 -0.1687881876570261 -0.1687881876570261 -0.1687881876570261 -0.1687881876570261 -0.1687881876570261 -0.1687881876570261 -0.1687881876570261 -0.1687881876570261 -0.1687881876570261 -0.1687881876570261 -0.1687881876570261 -0.1687881876570261 -0.1687881876570261 -0.1687881876570261 -0.1687881876570261 -0.1687881876570261 -0.1687881876570261 -0.1687881876570261 -0.1687881876570261 -0.1687881876570261 -0.1687881876570261 -0.1687881876570261 -0.1687881876570261 -0.1687881876570261 -0.1687881876570261 -0.1687881876570261 -0.1687881876570261 -0.1687881876570261 -0.1687881876570261 -0.1687881876570261 -0.1687881876570261 -0.1687881876570261 -0.1687881876570261 -0.1687881876570261 -0.1687881876570261 -0.1687881876570261 -0.1687881876570261 -0.1687881876570261 -0.1687881876570261 -0.1687881876570261 -0.1687881876570261 -0.1687881876570261 -0.1687881876570261 -0.1687881876570261 -0.1687881876570261 -0.1687881876570261 -0.1687881876570261 -0.1687881876570261 -0.1687881876570261 -0.1687881876570261 -0.1687881876570261 -0.1687881876570261 -0.1687881876570261 -0.1687881876570261 -0.1687881876570261 -0.1687881876570261 -0.1463197491294116 -0.1687881876570261 -0.1687881876570261 -0.1687881876570261 -0.1687881876570261 -0.1687881876570261 -0.1687881876570261 -0.1687881876570261 -0.16644279176195498 -0.16292569319560318 -0.15151217254818247 -0.15015433761543776 -0.15076379179363636 -0.13718176774679253 -0.10717164796500567 -0.09834427903086175 -0.05646783131543406 -0.062096038318993206 -0.0540506367608819 -0.0540506367608819 -0.04316816363657956 -0.04639651613525776 -0.04639651613525776
-0.16853352143739245 -0.16853352143739245 -0.16853352143739245 -0.16853352143739245 -0.16853352143739245 -0.16853352143739245 -0.16853352143739245 -0.16853352143739245 -0.16853352143739245 -0.16853352143739245 -0.16853352143739245 -0.16853352143739245 -0.16853352143739245 -0.16853352143739245 -0.16853352143739245 -0.16853352143739245 -0.16853352143739245 -0.16853352143739245 -0.16853352143739245 -0.16853352143739245 -0.16853352143739245 -0.16853352143739245 -0.16853352143739245 -0.16853352143739245 -0.16853352143739245 -0.16853352143739245 -0.16853352143739245 -0.16853352143739245 -0.16853352143739245 -0.16853352143739245 -0.16853352143739245 -0.16853352143739245 -0.16853352143739245 -0.16853352143739245 -0.16853352143739245 -0.16853352143739245 -0.16853352143739245 -0.16853352143739245 -0.16853352143739245 -0.16853352143739245 -0.16853352143739245 -0.16853352143739245 -0.16853352143739245 -0.16853352143739245 -0.16853352143739245 -0.16853352143739245 -0.16853352143739245 -0.16853352143739245 -0.16853352143739245 -0.16853352143739245 -0.16853352143739245 -0.16853352143739245 -0.16853352143739245 -0.16853352143739245 -0.16853352143739245 -0.16853352143739245 -0.16853352143739245 -0.16853352143739245 -0.16853352143739245 -0.16853352143739245 -0.16853352143739245 -0.16853352143739245 -0.16853352143739245 -0.16853352143739245 -0.16853352143739245 -0.16853352143739245 -0.16853352143739245 -0.16853352143739245 -0.16853352143739245 -0.16853352143739245 -0.16853352143739245 -0.16853352143739245 -0.16853352143739245 -0.16853352143739245 -0.1463197491294116 -0.16853352143739245 -0.16853352143739245 -0.16853352143739245 -0.16853352143739245 -0.16853352143739245 -0.16853352143739245 -0.16853352143739245 -0.16644279176195498 -0.16292569319560318 -0.15151217254818247 -0.15015433761543776 -0.15076379179363636 -0.13718176774679253 -0.10717164796500567 -0.09834427903086175 -0.05646783131543406 -0.062096038318993206 -0.0540506367608819 -0.0540506367608819 -0.04316816363657956 -0.04639651613525776 -0.04639651613525776
-0.15901414378681974 -0.15901414378681974 -0.15901414378681974 -0.15901414378681974 -0.15901414378681974 -0.15901414378681974 -0.15901414378681974 -0.15901414378681974 -0.15901414378681974 -0.15901414378681974 -0.15901414378681974 -0.15901414378681974 -0.15901414378681974 -0.15901414378681974 -0.15901414378681974 -0.15901414378681974 -0.15901414378681974 -0.15901414378681974 -0.15901414378681974 -0.15901414378681974 -0.15901414378681974 -0.15901414378681974 -0.15901414378681974 -0.15901414378681974 -0.15901414378681974 -0.15901414378681974 -0.15901414378681974 -0.15901414378681974 -0.15901414378681974 -0.15901414378681974 -0.15901414378681974 -0.15901414378681974 -0.15901414378681974 -0.15901414378681974 -0.15901414378681974 -0.15901414378681974 -0.15901414378681974 -0.15901414378681974 -0.15901414378681974 -0.15901414378681974 -0.15901414378681974 -0.15901414378681974 -0.15901414378681974 -0.15901414378681974 -0.15901414378681974 -0.15901414378681974 -0.15901414378681974 -0.15901414378681974 -0.15901414378681974 -0.15901414378681974 -0.15901414378681974 -0.15901414378681974 -0.15901414378681974 -0.15901414378681974 -0.15901414378681974 -0.15901414378681974 -0.15901414378681974 -0.15901414378681974 -0.15901414378681974 -0.15901414378681974 -0.15901414378681974 -0.15901414378681974 -0.15901414378681974 -0.15901414378681974 -0.15901414378681974 -0.15901414378681974 -0.15901414378681974 -0.15901414378681974 -0.15901414378681974 -0.15901414378681974 -0.15901414378681974 -0.15901414378681974 -0.15901414378681974 -0.15901414378681974 -0.1463197491294116 -0.15901414378681974 -0.15901414378681974 -0.15901414378681974 -0.15901414378681974 -0.15901414378681974 -0.15901414378681974 -0.15901414378681974 -0.15901414378681974 -0.15901414378681974 -0.15151217254818247 -0.15015433761543776 -0.15076379179363636 -0.13718176774679253 -0.10717164796500567 -0.09834427903086175 -0.05646783131543406 -0.062096038318993206 -0.0540506367608819 -0.0540506367608819 -0.04316816363657956 -0.04639651613525776 -0.04639651613525776
-0.14014103319690552 -0.14014103319690552 -0.14014103319690552 -0.14014103319690552 -0.14014103319690552 -0.14014103319690552 -0.14014103319690552 -0.14014103319690552 -0.14014103319690552 -0.14014103319690552 -0.14014103319690552 -0.14014103319690552 -0.14014103319690552 -0.14014103319690552 -0.14014103319690552 -0.14014103319690552 -0.14014103319690552 -0.14014103319690552 -0.14014103319690552 -0.14014103319690552 -0.14014103319690552 -0.14014103319690552 -0.14014103319690552 -0.14014103319690552 -0.14014103319690552 -0.14014103319690552 -0.14014103319690552 -0.14014103319690552 -0.14014103319690552 -0.14014103319690552 -0.14014103319690552 -0.14014103319690552 -0.14014103319690552 -0.14014103319690552 -0.14014103319690552 -0.14014103319690552 -0.14014103319690552 -0.14014103319690552 -0.14014103319690552 -0.14014103319690552 -0.14014103319690552 -0.14014103319690552 -0.14014103319690552 -0.14014103319690552 -0.14014103319690552 -0.14014103319690552 -0.14014103319690552 -0.14014103319690552 -0.14014103319690552 -0.14014103319690552 -0.14014103319690552 -0.14014103319690552 -0.14014103319690552 -0.14014103319690552 -0.14014103319690552 -0.14014103319690552 -0.14014103319690552 -0.14014103319690552 -0.14014103319690552 -0.14014103319690552 -0.14014103319690552 -0.14014103319690552 -0.14014103319690552 -0.14014103319690552 -0.14014103319690552 -0.14014103319690552 -0.14014103319690552 -0.14014103319690552 -0.14014103319690552 -0.14014103319690552 -0.14014103319690552 -0.14014103319690552 -0.14014103319690552 -0.14014103319690552 -0.14014103319690552 -0.14014103319690552 -0.14014103319690552 -0.14014103319690552 -0.14014103319690552 -0.14014103319690552 -0.14014103319690552 -0.14014103319690552 -0.14014103319690552 -0.14014103319690552 -0.14014103319690552 -0.14014103319690552 -0.14014103319690552 -0.13718176774679253 -0.10717164796500567 -0.09834427903086175 -0.05646783131543406 -0.062096038318993206 -0.0540506367608819 -0.0540506367608819 -0.04316816363657956 -0.04639651613525776 -0.04639651613525776
-0.13440944645154956 -0.13440944645154956 -0.13440944645154956 -0.13440944645154956 -0.13440944645154956 -0.13440944645154956 -0.13440944645154956 -0.13440944645154956 -0.13440944645154956 -0.13440944645154956 -0.13440944645154956 -0.13440944645154956 -0.13440944645154956 -0.13440944645154956 -0.13440944645154956 -0.13440944645154956 -0.13440944645154956 -0.13440944645154956 -0.13440944645154956 -0.13440944645154956 -0.13440944645154956 -0.13440944645154956 -0.13440944645154956 -0.13440944645154956 -0.13440944645154956 -0.13440944645154956 -0.13440944645154956 -0.13440944645154956 -0.13440944645154956 -0.13440944645154956 -0.13440944645154956 -0.13440944645154956 -0.13440944645154956 -0.13440944645154956 -0.13440944645154956 -0.13440944645154956 -0.13440944645154956 -0.13440944645154956 -0.13440944645154956 -0.13440944645154956 -0.13440944645154956 -0.13440944645154956 -0.13440944645154956 -0.13440944645154956 -0.13440944645154956 -0.13440944645154956 -0.13440944645154956 -0.13440944645154956 -0.13440944645154956 -0.13440944645154956 -0.13440944645154956 -0.13440944645154956 -0.13440944645154956 -0.13440944645154956 -0.13440944645154956 -0.13440944645154956 -0.13440944645154956 -0.13440944645154956 -0.13440944645154956 -0.13440944645154956 -0.13440944645154956 -0.13440944645154956 -0.13440944645154956 -0.13440944645154956 -0.13440944645154956 -0.13440944645154956 -0.13440944645154956 -0.13440944645154956 -0.13440944645154956 -0.13440944645154956 -0.13440944645154956 -0.13440944645154956 -0.13440944645154956 -0.13440944645154956 -0.13440944645154956 -0.13440944645154956 -0.13440944645154956 -0.13440944645154956 -0.13440944645154956 -0.13440944645154956 -0.13440944645154956 -0.13440944645154956 -0.13440944645154956 -0.13440944645154956 -0.13440944645154956 -0.13440944645154956 -0.13440944645154956 -0.13440944645154956 -0.10717164796500567 -0.09834427903086175 -0.05646783131543406 -0.062096038318993206 -0.0540506367608819 -0.0540506367608819 -0.04316816363657956 -0.04639651613525776 -0.04639651613525776
-0.13405383824552888 -0.13405383824552888 -0.13405383824552888 -0.13405383824552888 -0.13405383824552888 -0.13405383824552888 -0.13405383824552888 -0.13405383824552888 -0.13405383824552888 -0.13405383824552888 -0.13405383824552888 -0.13405383824552888 -0.13405383824552888 -0.13405383824552888 -0.13405383824552888 -0.13405383824552888 -0.13405383824552888 -0.13405383824552888 -0.13405383824552888 -0.13405383824552888 -0.13405383824552888 -0.13405383824552888 -0.13405383824552888 -0.13405383824552888 -0.13405383824552888 -0.13405383824552888 -0.13405383824552888 -0.13405383824552888 -0.13405383824552888 -0.13405383824552888 -0.13405383824552888 -0.13405383824552888 -0.13405383824552888 -0.13405383824552888 -0.13405383824552888 -0.13405383824552888 -0.13405383824552888 -0.13405383824552888 -0.13405383824552888 -0.13405383824552888 -0.13405383824552888 -0.13405383824552888 -0.13405383824552888 -0.13405383824552888 -0.13405383824552888 -0.13405383824552888 -0.13405383824552888 -0.13405383824552888 -0.13405383824552888 -0.13405383824552888 -0.13405383824552888 -0.13405383824552888 -0.13405383824552888 -0.13405383824552888 -0.13405383824552888 -0.13405383824552888 -0.13405383824552888 -0.13405383824552888 -0.13405383824552888 -0.13405383824552888 -0.13405383824552888 -0.13405383824552888 -0.13405383824552888 -0.13405383824552888 -0.13405383824552888 -0.13405383824552888 -0.13405383824552888 -0.13405383824552888 -0.13405383824552888 -0.13405383824552888 -0.13405383824552888 -0.13405383824552888 -0.13405383824552888 -0.13405383824552888 -0.13405383824552888 -0.13405383824552888 -0.13405383824552888 -0.13405383824552888 -0.13405383824552888 -0.13405383824552888 -0.13405383824552888 -0.13405383824552888 -0.13405383824552888 -0.13405383824552888 -0.13405383824552888 -0.13405383824552888 -0.13405383824552888 -0.13405383824552888 -0.10717164796500567 -0.09834427903086175 -0.05646783131543406 -0.062096038318993206 -0.0540506367608819 -0.0540506367608819 -0.04316816363657956 -0.04639651613525776 -0.04639651613525776
-0.13319238691963664 -0.13319238691963664 -0.13319238691963664 -0.13319238691963664 -0.13319238691963664 -0.13319238691963664 -0.13319238691963664 -0.13319238691963664 -0.13319238691963664 -0.13319238691963664 -0.13319238691963664 -0.13319238691963664 -0.13319238691963664 -0.13319238691963664 -0.13319238691963664 -0.13319238691963664 -0.13319238691963664 -0.13319238691963664 -0.13319238691963664 -0.13319238691963664 -0.13319238691963664 -0.13319238691963664 -0.13319238691963664 -0.13319238691963664 -0.13319238691963664 -0.13319238691963664 -0.13319238691963664 -0.13319238691963664 -0.13319238691963664 -0.13319238691963664 -0.13319238691963664 -0.13319238691963664 -0.13319238691963664 -0.13319238691963664 -0.13319238691963664 -0.13319238691963664 -0.13319238691963664 -0.13319238691963664 -0.13319238691963664 -0.13319238691963664 -0.13319238691963664 -0.13319238691963664 -0.13319238691963664 -0.13319238691963664 -0.13319238691963664 -0.13319238691963664 -0.13319238691963664 -0.13319238691963664 -0.13319238691963664 -0.13319238691963664 -0.13319238691963664 -0.13319238691963664 -0.13319238691963664 -0.13319238691963664 -0.13319238691963664 -0.13319238691963664 -0.13319238691963664 -0.13319238691963664 -0.13319238691963664 -0.13319238691963664 -0.13319238691963664 -0.13319238691963664 -0.13319238691963664 -0.13319238691963664 -0.13319238691963664 -0.13319238691963664 -0.13319238691963664 -0.13319238691963664 -0.13319238691963664 -0.13319238691963664 -0.13319238691963664 -0.13319238691963664 -0.13319238691963664 -0.13319238691963664 -0.13319238691963664 -0.13319238691963664 -0.13319238691963664 -0.13319238691963664 -0.13319238691963664 -0.13319238691963664 -0.13319238691963664 -0.13319238691963664 -0.13319238691963664 -0.13319238691963664 -0.13319238691963664 -0.13319238691963664 -0.13319238691963664 -0.13319238691963664 -0.10717164796500567 -0.09834427903086175 -0.05646783131543406 -0.062096038318993206 -0.0540506367608819 -0.0540506367608819 -0.04316816363657956 -0.04639651613525776 -0.04639651613525776
-0.1314177371141355 -0.1314177371141355 -0.1314177371141355 -0.1314177371141355 -0.1314177371141355 -0.1314177371141355 -0.1314177371141355 -0.1314177371141355 -0.1314177371141355 -0.1314177371141355 -0.1314177371141355 -0.1314177371141355 -0.1314177371141355 -0.1314177371141355 -0.1314177371141355 -0.1314177371141355 -0.1314177371141355 -0.1314177371141355 -0.1314177371141355 -0.1314177371141355 -0.1314177371141355 -0.1314177371141355 -0.1314177371141355 -0.1314177371141355 -0.1314177371141355 -0.1314177371141355 -0.1314177371141355 -0.1314177371141355 -0.1314177371141355 -0.1314177371141355 -0.1314177371141355 -0.1314177371141355 -0.1314177371141355 -0.1314177371141355 -0.1314177371141355 -0.1314177371141355 -0.1314177371141355 -0.1314177371141355 -0.1314177371141355 -0.1314177371141355 -0.1314177371141355 -0.1314177371141355 -0.1314177371141355 -0.1314177371141355 -0.1314177371141355 -0.1314177371141355 -0.1314177371141355 -0.1314177371141355 -0.1314177371141355 -0.1314177371141355 -0.1314177371141355 -0.1314177371141355 -0.1314177371141355 -0.1314177371141355 -0.1314177371141355 -0.1314177371141355 -0.1314177371141355 -0.1314177371141355 -0.1314177371141355 -0.1314177371141355 -0.1314177371141355 -0.1314177371141355 -0.1314177371141355 -0.1314177371141355 -0.1314177371141355 -0.1314177371141355 -0.1314177371141355 -0.1314177371141355 -0.1314177371141355 -0.1314177371141355 -0.1314177371141355 -0.1314177371141355 -0.1314177371141355 -0.1314177371141355 -0.1314177371141355 -0.1314177371141355 -0.1314177371141355 -0.1314177371141355 -0.1314177371141355 -0.1314177371141355 -0.1314177371141355 -0.1314177371141355 -0.1314177371141355 -0.1314177371141355 -0.1314177371141355 -0.1314177371141355 -0.1314177371141355 -0.1314177371141355 -0.10717164796500567 -0.09834427903086175 -0.05646783131543406 -0.062096038318993206 -0.05985891475382328 -0.05985891475382328 -0.04316816363657956 -0.04639651613525776 -0.04639651613525776
-0.12963116451761203 -0.12963116451761203 -0.12963116451761203 -0.12963116451761203 -0.12963116451761203 -0.12963116451761203 -0.12963116451761203 -0.12963116451761203 -0.12963116451761203 -0.12963116451761203 -0.12963116451761203 -0.12963116451761203 -0.12963116451761203 -0.12963116451761203 -0.12963116451761203 -0.12963116451761203 -0.12963116451761203 -0.12963116451761203 -0.12963116451761203 -0.12963116451761203 -0.12963116451761203 -0.12963116451761203 -0.12963116451761203 -0.12963116451761203 -0.12963116451761203 -0.12963116451761203 -0.12963116451761203 -0.12963116451761203 -0.12963116451761203 -0.12963116451761203 -0.12963116451761203 -0.12963116451761203 -0.12963116451761203 -0.12963116451761203 -0.12963116451761203 -0.12963116451761203 -0.12963116451761203 -0.12963116451761203 -0.12963116451761203 -0.12963116451761203 -0.12963116451761203 -0.12963116451761203 -0.12963116451761203 -0.12963116451761203 -0.12963116451761203 -0.12963116451761203 -0.12963116451761203 -0.12963116451761203 -0.12963116451761203 -0.12963116451761203 -0.12963116451761203 -0.12963116451761203 -0.12963116451761203 -0.12963116451761203 -0.12963116451761203 -0.12963116451761203 -0.12963116451761203 -0.12963116451761203 -0.12963116451761203 -0.12963116451761203 -0.12963116451761203 -0.12963116451761203 -0.12963116451761203 -0.12963116451761203 -0.12963116451761203 -0.12963116451761203 -0.12963116451761203 -0.12963116451761203 -0.12963116451761203 -0.12963116451761203 -0.12963116451761203 -0.12963116451761203 -0.12963116451761203 -0.12963116451761203 -0.12963116451761203 -0.12963116451761203 -0.12963116451761203 -0.12963116451761203 -0.12963116451761203 -0.12963116451761203 -0.12963116451761203 -0.12963116451761203 -0.12963116451761203 -0.12963116451761203 -0.12963116451761203 -0.12963116451761203 -0.12963116451761203 -0.12963116451761203 -0.10717164796500567 -0.09834427903086175 -0.05646783131543406 -0.0759570397272455 -0.05985891475382328 -0.05985891475382328 -0.04316816363657956 -0.04639651613525776 -0.04639651613525776
-0.12491351319684428 -0.12491351319684428 -0.12491351319684428 -0.12491351319684428 -0.12491351319684428 -0.12491351319684428 -0.12491351319684428 -0.12491351319684428 -0.12491351319684428 -0.12491351319684428 -0.12491351319684428 -0.12491351319684428 -0.12491351319684428 -0.12491351319684428 -0.12491351319684428 -0.12491351319684428 -0.12491351319684428 -0.12491351319684428 -0.12491351319684428 -0.12491351319684428 -0.12491351319684428 -0.12491351319684428 -0.12491351319684428 -0.12491351319684428 -0.12491351319684428 -0.12491351319684428 -0.12491351319684428 -0.12491351319684428 -0.12491351319684428 -0.12491351319684428 -0.12491351319684428 -0.12491351319684428 -0.12491351319684428 -0.12491351319684428 -0.12491351319684428 -0.12491351319684428 -0.12491351319684428 -0.12491351319684428 -0.12491351319684428 -0.12491351319684428 -0.12491351319684428 -0.12491351319684428 -0.12491351319684428 -0.12491351319684428 -0.12491351319684428 -0.12491351319684428 -0.12491351319684428 -0.12491351319684428 -0.12491351319684428 -0.12491351319684428 -0.12491351319684428 -0.12491351319684428 -0.12491351319684428 -0.12491351319684428 -0.12491351319684428 -0.12491351319684428 -0.12491351319684428 -0.12491351319684428 -0.12491351319684428 -0.12491351319684428 -0.12491351319684428 -0.12491351319684428 -0.12491351319684428 -0.12491351319684428 -0.12491351319684428 -0.12491351319684428 -0.12491351319684428 -0.12491351319684428 -0.12491351319684428 -0.12491351319684428 -0.12491351319684428 -0.12491351319684428 -0.12491351319684428 -0.12491351319684428 -0.12491351319684428 -0.12491351319684428 -0.12491351319684428 -0.12491351319684428 -0.12491351319684428 -0.12491351319684428 -0.12491351319684428 -0.12491351319684428 -0.12491351319684428 -0.12491351319684428 -0.12491351319684428 -0.12491351319684428 -0.12491351319684428 -0.12491351319684428 -0.10717164796500567 -0.09834427903086175 -0.05646783131543406 -0.062096038318993206 -0.0540506367608819 -0.0540506367608819 -0.04316816363657956 -0.04639651613525776 -0.04639651613525776
-0.12211320550177031 -0.12211320550177031 -0.12211320550177031 -0.12211320550177031 -0.12211320550177031 -0.12211320550177031 -0.12211320550177031 -0.12211320550177031 -0.12211320550177031 -0.12211320550177031 -0.12211320550177031 -0.12211320550177031 -0.12211320550177031 -0.12211320550177031 -0.12211320550177031 -0.12211320550177031 -0.12211320550177031 -0.12211320550177031 -0.12211320550177031 -0.12211320550177031 -0.12211320550177031 -0.12211320550177031 -0.12211320550177031 -0.12211320550177031 -0.12211320550177031 -0.12211320550177031 -0.12211320550177031 -0.12211320550177031 -0.12211320550177031 -0.12211320550177031 -0.12211320550177031 -0.12211320550177031 -0.12211320550177031 -0.12211320550177031 -0.12211320550177031 -0.12211320550177031 -0.12211320550177031 -0.12211320550177031 -0.12211320550177031 -0.12211320550177031 -0.12211320550177031 -0.12211320550177031 -0.12211320550177031 -0.12211320550177031 -0.12211320550177031 -0.12211320550177031 -0.12211320550177031 -0.12211320550177031 -0.12211320550177031 -0.12211320550177031 -0.12211320550177031 -0.12211320550177031 -0.12211320550177031 -0.12211320550177031 -0.12211320550177031 -0.12211320550177031 -0.12211320550177031 -0.12211320550177031 -0.12211320550177031 -0.12211320550177031 -0.12211320550177031 -0.12211320550177031 -0.12211320550177031 -0.12211320550177031 -0.12211320550177031 -0.12211320550177031 -0.12211320550177031 -0.12211320550177031 -0.12211320550177031 -0.12211320550177031 -0.12211320550177031 -0.12211320550177031 -0.12211320550177031 -0.12211320550177031 -0.12211320550177031 -0.12211320550177031 -0.12211320550177031 -0.12211320550177031 -0.12211320550177031 -0.12211320550177031 -0.12211320550177031 -0.12211320550177031 -0.12211320550177031 -0.12211320550177031 -0.12211320550177031 -0.12211320550177031 -0.12211320550177031 -0.12211320550177031 -0.10717164796500567 -0.09834427903086175 -0.05646783131543406 -0.062096038318993206 -0.0540506367608819 -0.0540506367608819 -0.04316816363657956 -0.04639651613525776 -0.04639651613525776
-0.11859223112599165 -0.11859223112599165 -0.11859223112599165 -0.11859223112599165 -0.11859223112599165 -0.11859223112599165 -0.11859223112599165 -0.11859223112599165 -0.11859223112599165 -0.11859223112599165 -0.11859223112599165 -0.11859223112599165 -0.11859223112599165 -0.11859223112599165 -0.11859223112599165 -0.11859223112599165 -0.11859223112599165 -0.11859223112599165 -0.11859223112599165 -0.11859223112599165 -0.11859223112599165 -0.11859223112599165 -0.11859223112599165 -0.11859223112599165 -0.11859223112599165 -0.11859223112599165 -0.11859223112599165 -0.11859223112599165 -0.11859223112599165 -0.11859223112599165 -0.11859223112599165 -0.11859223112599165 -0.11859223112599165 -0.11859223112599165 -0.11859223112599165 -0.11859223112599165 -0.11859223112599165 -0.11859223112599165 -0.11859223112599165 -0.11859223112599165 -0.11859223112599165 -0.11859223112599165 -0.11859223112599165 -0.11859223112599165 -0.11859223112599165 -0.11859223112599165 -0.11859223112599165 -0.11859223112599165 -0.11859223112599165 -0.11859223112599165 -0.11859223112599165 -0.11859223112599165 -0.11859223112599165 -0.11859223112599165 -0.11859223112599165 -0.11859223112599165 -0.11859223112599165 -0.11859223112599165 -0.11859223112599165 -0.11859223112599165 -0.11859223112599165 -0.11859223112599165 -0.11859223112599165 -0.11859223112599165 -0.11859223112599165 -0.11859223112599165 -0.11859223112599165 -0.11859223112599165 -0.11859223112599165 -0.11859223112599165 -0.11859223112599165 -0.11859223112599165 -0.11859223112599165 -0.11859223112599165 -0.11859223112599165 -0.11859223112599165 -0.11859223112599165 -0.11859223112599165 -0.11859223112599165 -0.11859223112599165 -0.11859223112599165 -0.11859223112599165 -0.11859223112599165 -0.11859223112599165 -0.11859223112599165 -0.11859223112599165 -0.11859223112599165 -0.11859223112599165 -0.10717164796500567 -0.09834427903086175 -0.05646783131543406 -0.062096038318993206 -0.0540506367608819 -0.0540506367608819 -0.04316816363657956 -0.04639651613525776 -0.04639651613525776
-0.11765728032912749 -0.11765728032912749 -0.11765728032912749 -0.11765728032912749 -0.11765728032912749 -0.11765728032912749 -0.11765728032912749 -0.11765728032912749 -0.11765728032912749 -0.11765728032912749 -0.11765728032912749 -0.11765728032912749 -0.11765728032912749 -0.11765728032912749 -0.11765728032912749 -0.11765728032912749 -0.11765728032912749 -0.11765728032912749 -0.11765728032912749 -0.11765728032912749 -0.11765728032912749 -0.11765728032912749 -0.11765728032912749 -0.11765728032912749 -0.11765728032912749 -0.11765728032912749 -0.11765728032912749 -0.11765728032912749 -0.11765728032912749 -0.11765728032912749 -0.11765728032912749 -0.11765728032912749 -0.11765728032912749 -0.11765728032912749 -0.11765728032912749 -0.11765728032912749 -0.11765728032912749 -0.11765728032912749 -0.11765728032912749 -0.11765728032912749 -0.11765728032912749 -0.11765728032912749 -0.11765728032912749 -0.11765728032912749 -0.11765728032912749 -0.11765728032912749 -0.11765728032912749 -0.11765728032912749 -0.11765728032912749 -0.11765728032912749 -0.11765728032912749 -0.11765728032912749 -0.11765728032912749 -0.11765728032912749 -0.11765728032912749 -0.11765728032912749 -0.11765728032912749 -0.11765728032912749 -0.11765728032912749 -0.11765728032912749 -0.11765728032912749 -0.11765728032912749 -0.11765728032912749 -0.11765728032912749 -0.11765728032912749 -0.11765728032912749 -0.11765728032912749 -0.11765728032912749 -0.11765728032912749 -0.11765728032912749 -0.11765728032912749 -0.11765728032912749 -0.11765728032912749 -0.11765728032912749 -0.11765728032912749 -0.11765728032912749 -0.11765728032912749 -0.11765728032912749 -0.11765728032912749 -0.11765728032912749 -0.11765728032912749 -0.11765728032912749 -0.11765728032912749 -0.11765728032912749 -0.11765728032912749 -0.11765728032912749 -0.11765728032912749 -0.11765728032912749 -0.10717164796500567 -0.09834427903086175 -0.05646783131543406 -0.062096038318993206 -0.0540506367608819 -0.0540506367608819 -0.04316816363657956 -0.04639651613525776 -0.04639651613525776
-0.10895447173504265 -0.10895447173504265 -0.10895447173504265 -0.10895447173504265 -0.10895447173504265 -0.10895447173504265 -0.10895447173504265 -0.10895447173504265 -0.10895447173504265 -0.10895447173504265 -0.10895447173504265 -0.10895447173504265 -0.10895447173504265 -0.10895447173504265 -0.10895447173504265 -0.10895447173504265 -0.10895447173504265 -0.10895447173504265 -0.10895447173504265 -0.10895447173504265 -0.10895447173504265 -0.10895447173504265 -0.10895447173504265 -0.10895447173504265 -0.10895447173504265 -0.10895447173504265 -0.10895447173504265 -0.10895447173504265 -0.10895447173504265 -0.10895447173504265 -0.10895447173504265 -0.10895447173504265 -0.10895447173504265 -0.10895447173504265 -0.10895447173504265 -0.10895447173504265 -0.10895447173504265 -0.10895447173504265 -0.10895447173504265 -0.10895447173504265 -0.10895447173504265 -0.10895447173504265 -0.10895447173504265 -0.10895447173504265 -0.10895447173504265 -0.10895447173504265 -0.10895447173504265 -0.10895447173504265 -0.10895447173504265 -0.10895447173504265 -0.10895447173504265 -0.10895447173504265 -0.10895447173504265 -0.10895447173504265 -0.10895447173504265 -0.10895447173504265 -0.10895447173504265 -0.10895447173504265 -0.10895447173504265 -0.10895447173504265 -0.10895447173504265 -0.10895447173504265 -0.10895447173504265 -0.10895447173504265 -0.10895447173504265 -0.10895447173504265 -0.10895447173504265 -0.10895447173504265 -0.10895447173504265 -0.10895447173504265 -0.10895447173504265 -0.10895447173504265 -0.10895447173504265 -0.10895447173504265 -0.10895447173504265 -0.10895447173504265 -0.10895447173504265 -0.10895447173504265 -0.10895447173504265 -0.10895447173504265 -0.10895447173504265 -0.10895447173504265 -0.10895447173504265 -0.10895447173504265 -0.10895447173504265 -0.10895447173504265 -0.10895447173504265 -0.10895447173504265 -0.10717164796500567 -0.09834427903086175 -0.05646783131543406 -0.062096038318993206 -0.0540506367608819 -0.0540506367608819 -0.04316816363657956 -0.04639651613525776 -0.04639651613525776
-0.10810627007887284 -0.10810627007887284 -0.10810627007887284 -0.10810627007887284 -0.10810627007887284 -0.10810627007887284 -0.10810627007887284 -0.10810627007887284 -0.10810627007887284 -0.10810627007887284 -0.10810627007887284 -0.10810627007887284 -0.10810627007887284 -0.10810627007887284 -0.10810627007887284 -0.10810627007887284 -0.10810627007887284 -0.10810627007887284 -0.10810627007887284 -0.10810627007887284 -0.10810627007887284 -0.10810627007887284 -0.10810627007887284 -0.10810627007887284 -0.10810627007887284 -0.10810627007887284 -0.10810627007887284 -0.10810627007887284 -0.10810627007887284 -0.10810627007887284 -0.10810627007887284 -0.10810627007887284 -0.10810627007887284 -0.10810627007887284 -0.10810627007887284 -0.10810627007887284 -0.10810627007887284 -0.10810627007887284 -0.10810627007887284 -0.10810627007887284 -0.10810627007887284 -0.10810627007887284 -0.10810627007887284 -0.10810627007887284 -0.10810627007887284 -0.10810627007887284 -0.10810627007887284 -0.10810627007887284 -0.10810627007887284 -0.10810627007887284 -0.10810627007887284 -0.10810627007887284 -0.10810627007887284 -0.10810627007887284 -0.10810627007887284 -0.10810627007887284 -0.10810627007887284 -0.10810627007887284 -0.10810627007887284 -0.10810627007887284 -0.10810627007887284 -0.10810627007887284 -0.10810627007887284 -0.10810627007887284 -0.10810627007887284 -0.10810627007887284 -0.10810627007887284 -0.10810627007887284 -0.10810627007887284 -0.10810627007887284 -0.10810627007887284 -0.10810627007887284 -0.10810627007887284 -0.10810627007887284 -0.10810627007887284 -0.10810627007887284 -0.10810627007887284 -0.10810627007887284 -0.10810627007887284 -0.10810627007887284 -0.10810627007887284 -0.10810627007887284 -0.10810627007887284 -0.10810627007887284 -0.10810627007887284 -0.10810627007887284 -0.10810627007887284 -0.10810627007887284 -0.10717164796500567 -0.09834427903086175 -0.05646783131543406 -0.062096038318993206 -0.0540506367608819 -0.0540506367608819 -0.04316816363657956 -0.04639651613525776 -0.04639651613525776
-0.10749777295425411 -0.10749777295425411 -0.10749777295425411 -0.10749777295425411 -0.10749777295425411 -0.10749777295425411 -0.10749777295425411 -0.10749777295425411 -0.10749777295425411 -0.10749777295425411 -0.10749777295425411 -0.10749777295425411 -0.10749777295425411 -0.10749777295425411 -0.10749777295425411 -0.10749777295425411 -0.10749777295425411 -0.10749777295425411 -0.10749777295425411 -0.10749777295425411 -0.10749777295425411 -0.10749777295425411 -0.10749777295425411 -0.10749777295425411 -0.10749777295425411 -0.10749777295425411 -0.10749777295425411 -0.10749777295425411 -0.10749777295425411 -0.10749777295425411 -0.10749777295425411 -0.10749777295425411 -0.10749777295425411 -0.10749777295425411 -0.10749777295425411 -0.10749777295425411 -0.10749777295425411 -0.10749777295425411 -0.10749777295425411 -0.10749777295425411 -0.10749777295425411 -0.10749777295425411 -0.10749777295425411 -0.10749777295425411 -0.10749777295425411 -0.10749777295425411 -0.10749777295425411 -0.10749777295425411 -0.10749777295425411 -0.10749777295425411 -0.10749777295425411 -0.10749777295425411 -0.10749777295425411 -0.10749777295425411 -0.10749777295425411 -0.10749777295425411 -0.10749777295425411 -0.10749777295425411 -0.10749777295425411 -0.10749777295425411 -0.10749777295425411 -0.10749777295425411 -0.10749777295425411 -0.10749777295425411 -0.10749777295425411 -0.10749777295425411 -0.10749777295425411 -0.10749777295425411 -0.10749777295425411 -0.10749777295425411 -0.10749777295425411 -0.10749777295425411 -0.10749777295425411 -0.10749777295425411 -0.10749777295425411 -0.10749777295425411 -0.10749777295425411 -0.10749777295425411 -0.10749777295425411 -0.10749777295425411 -0.10749777295425411 -0.10749777295425411 -0.10749777295425411 -0.10749777295425411 -0.10749777295425411 -0.10749777295425411 -0.10749777295425411 -0.10749777295425411 -0.10717164796500567 -0.09834427903086175 -0.05646783131543406 -0.062096038318993206 -0.0540506367608819 -0.0540506367608819 -0.04316816363657956 -0.04639651613525776 -0.04639651613525776
-0.0933818513977053 -0.0933818513977053 -0.0933818513977053 -0.0933818513977053 -0.0933818513977053 -0.0933818513977053 -0.0933818513977053 -0.0933818513977053 -0.0933818513977053 -0.0933818513977053 -0.0933818513977053 -0.0933818513977053 -0.0933818513977053 -0.0933818513977053 -0.0933818513977053 -0.0933818513977053 -0.0933818513977053 -0.0933818513977053 -0.0933818513977053 -0.0933818513977053 -0.0933818513977053 -0.0933818513977053 -0.0933818513977053 -0.0933818513977053 -0.0933818513977053 -0.0933818513977053 -0.0933818513977053 -0.0933818513977053 -0.0933818513977053 -0.0933818513977053 -0.0933818513977053 -0.0933818513977053 -0.0933818513977053 -0.0933818513977053 -0.0933818513977053 -0.0933818513977053 -0.0933818513977053 -0.0933818513977053 -0.0933818513977053 -0.0933818513977053 -0.0933818513977053 -0.0933818513977053 -0.0933818513977053 -0.0933818513977053 -0.0933818513977053 -0.0933818513977053 -0.0933818513977053 -0.0933818513977053 -0.0933818513977053 -0.0933818513977053 -0.0933818513977053 -0.0933818513977053 -0.0933818513977053 -0.0933818513977053 -0.0933818513977053 -0.0933818513977053 -0.0933818513977053 -0.0933818513977053 -0.0933818513977053 -0.0933818513977053 -0.0933818513977053 -0.0933818513977053 -0.0933818513977053 -0.0933818513977053 -0.0933818513977053 -0.0933818513977053 -0.0933818513977053 -0.0933818513977053 -0.0933818513977053 -0.0933818513977053 -0.0933818513977053 -0.0933818513977053 -0.0933818513977053 -0.0933818513977053 -0.0933818513977053 -0.0933818513977053 -0.0933818513977053 -0.0933818513977053 -0.0933818513977053 -0.0933818513977053 -0.0933818513977053 -0.0933818513977053 -0.0933818513977053 -0.0933818513977053 -0.0933818513977053 -0.0933818513977053 -0.0933818513977053 -0.0933818513977053 -0.0933818513977053 -0.0933818513977053 -0.05646783131543406 -0.062096038318993206 -0.0540506367608819 -0.0540506367608819 -0.04316816363657956 -0.04639651613525776 -0.04639651613525776
-0.0302349228089525 -0.0302349228089525 -0.0302349228089525 -0.0302349228089525 -0.0302349228089525 -0.0302349228089525 -0.0302349228089525 -0.0302349228089525 -0.0302349228089525 -0.0302349228089525 -0.0302349228089525 -0.0302349228089525 -0.0302349228089525 -0.0302349228089525 -0.0302349228089525 -0.0302349228089525 -0.0302349228089525 -0.0302349228089525 -0.0302349228089525 -0.0302349228089525 -0.0302349228089525 -0.0302349228089525 -0.0302349228089525 -0.0302349228089525 -0.0302349228089525 -0.0302349228089525 -0.0302349228089525 -0.0302349228089525 -0.0302349228089525 -0.0302349228089525 -0.0302349228089525 -0.0302349228089525 -0.0302349228089525 -0.0302349228089525 -0.0302349228089525 -0.0302349228089525 -0.0302349228089525 -0.0302349228089525 -0.0302349228089525 -0.0302349228089525 -0.0302349228089525 -0.0302349228089525 -0.0302349228089525 -0.0302349228089525 -0.0302349228089525 -0.0302349228089525 -0.0302349228089525 -0.0302349228089525 -0.0302349228089525 -0.0302349228089525 -0.0302349228089525 -0.0302349228089525 -0.0302349228089525 -0.0302349228089525 -0.0302349228089525 -0.0302349228089525 -0.0302349228089525 -0.0302349228089525 -0.0302349228089525 -0.0302349228089525 -0.0302349228089525 -0.0302349228089525 -0.0302349228089525 -0.0302349228089525 -0.0302349228089525 -0.0302349228089525 -0.0302349228089525 -0.0302349228089525 -0.0302349228089525 -0.0302349228089525 -0.0302349228089525 -0.0302349228089525 -0.0302349228089525 -0.0302349228089525 -0.0302349228089525 -0.0302349228089525 -0.0302349228089525 -0.0302349228089525 -0.0302349228089525 -0.0302349228089525 -0.0302349228089525 -0.0302349228089525 -0.0302349228089525 -0.0302349228089525 -0.0302349228089525 -0.0302349228089525 -0.0302349228089525 -0.0302349228089525 -0.0302349228089525 -0.0302349228089525 -0.0302349228089525 -0.0302349228089525 -0.0302349228089525 -0.0302349228089525 -0.0302349228089525 -0.0302349228089525 -0.0302349228089525
-0.030106630536856086 -0.030106630536856086 -0.030106630536856086 -0.030106630536856086 -0.030106630536856086 -0.030106630536856086 -0.030106630536856086 -0.030106630536856086 -0.030106630536856086 -0.030106630536856086 -0.030106630536856086 -0.030106630536856086 -0.030106630536856086 -0.030106630536856086 -0.030106630536856086 -0.030106630536856086 -0.030106630536856086 -0.030106630536856086 -0.030106630536856086 -0.030106630536856086 -0.030106630536856086 -0.030106630536856086 -0.030106630536856086 -0.030106630536856086 -0.030106630536856086 -0.030106630536856086 -0.030106630536856086 -0.030106630536856086 -0.030106630536856086 -0.030106630536856086 -0.030106630536856086 -0.030106630536856086 -0.030106630536856086 -0.030106630536856086 -0.030106630536856086 -0.030106630536856086 -0.030106630536856086 -0.030106630536856086 -0.030106630536856086 -0.030106630536856086 -0.030106630536856086 -0.030106630536856086 -0.030106630536856086 -0.030106630536856086 -0.030106630536856086 -0.030106630536856086 -0.030106630536856086 -0.030106630536856086 -0.030106630536856086 -0.030106630536856086 -0.030106630536856086 -0.030106630536856086 -0.030106630536856086 -0.030106630536856086 -0.030106630536856086 -0.030106630536856086 -0.030106630536856086 -0.030106630536856086 -0.030106630536856086 -0.030106630536856086 -0.030106630536856086 -0.030106630536856086 -0.030106630536856086 -0.030106630536856086 -0.030106630536856086 -0.030106630536856086 -0.030106630536856086 -0.030106630536856086 -0.030106630536856086 -0.030106630536856086 -0.030106630536856086 -0.030106630536856086 -0.030106630536856086 -0.030106630536856086 -0.030106630536856086 -0.030106630536856086 -0.030106630536856086 -0.030106630536856086 -0.030106630536856086 -0.030106630536856086 -0.030106630536856086 -0.030106630536856086 -0.030106630536856086 -0.030106630536856086 -0.030106630536856086 -0.030106630536856086 -0.030106630536856086 -0.030106630536856086 -0.030106630536856086 -0.030106630536856086 -0.030106630536856086 -0.030106630536856086 -0.030106630536856086 -0.030106630536856086 -0.030106630536856086 -0.030106630536856086 -0.030106630536856086