-0.9054680440241497 -0.8746119308120764 -0.5801132093453981 -0.5801132093453981 -0.4920997726369036 -0.5801132093453981 -0.4920997726369036 -0.4920997726369036 -0.2810557040078787 -0.3478157657845959 -0.3478157657845959 -0.3478157657845959 -0.3478157657845959 -0.5801132093453981 -0.3478157657845959 -0.3478157657845959 -0.3478157657845959 -0.3478157657845959 -0.3478157657845959 -0.5801132093453981 -0.3478157657845959 -0.4920997726369036 -0.3478157657845959 -0.3478157657845959 -0.3478157657845959 -0.3478157657845959 -0.43078755476491404 -0.43078755476491404 -0.3478157657845959 -0.3742494640628821 -0.19888506729384528 -0.3478157657845959 -0.3478157657845959 -0.41897199989951445 -0.4920997726369036 -0.28743918845284816 -0.4920997726369036 -0.2810557040078787 -0.43078755476491404 -0.43078755476491404 -0.28743918845284816 -0.28743918845284816 -0.43078755476491404 -0.43078755476491404 -0.4920997726369036 -0.4269639815696264 -0.3478157657845959 -0.3478157657845959 -0.43078755476491404 -0.2810557040078787 -0.2810557040078787 -0.43078755476491404 -0.43078755476491404 -0.3478157657845959 -0.2457238361529283 -0.3478157657845959 -0.3478157657845959 -0.19888506729384528 -0.30465158591214453 -0.30465158591214453 -0.22713002994941628 -0.22812406892408477 -0.22713002994941628 -0.22812406892408477 -0.22713002994941628 -0.22812406892408477 -0.22713002994941628 -0.3962309228082263 -0.22812406892408477 -0.2457238361529283 -0.22713002994941628 -0.3478157657845959 -0.22713002994941628 -0.3478157657845959 -0.22812406892408477 -0.2910831897350783 -0.2910831897350783 -0.2910831897350783 -0.28112522574906906 -0.14576873237876967 -0.27120883402619844 -0.22713002994941628 -0.25982577480618435 -0.21409170335795727 -0.1995259280529714 -0.19736164869341716 -0.1821068647573436 -0.17614167262846486 -0.1739098427424842 -0.1627888159462234 -0.1627888159462234 -0.1627888159462234 -0.1627888159462234 -0.13493349044006586 -0.12960204680651732 -0.12190901523893742 -0.12190901523893742 -0.0820882152549233 -0.09868027573317253 -0.03281880387148894 -0.03281880387148894 -0.03281880387148894 -0.03883199429684344 -0.03883199429684344 -0.03928866302395971 -0.03281880387148894 -0.027831361676233755 -0.004454610170621243
-0.0820882152549233 -0.0820882152549233 -0.0820882152549233 -0.0820882152549233 -0.0820882152549233 -0.0820882152549233 -0.0820882152549233 -0.0820882152549233 -0.0820882152549233 -0.0820882152549233 -0.0820882152549233 -0.0820882152549233 -0.0820882152549233 -0.0820882152549233 -0.0820882152549233 -0.0820882152549233 -0.0820882152549233 -0.0820882152549233 -0.0820882152549233 -0.0820882152549233 -0.0820882152549233 -0.0820882152549233 -0.0820882152549233 -0.0820882152549233 -0.0820882152549233 -0.0820882152549233 -0.0820882152549233 -0.0820882152549233 -0.0820882152549233 -0.0820882152549233 -0.0820882152549233 -0.0820882152549233 -0.0820882152549233 -0.0820882152549233 -0.0820882152549233 -0.0820882152549233 -0.0820882152549233 -0.0820882152549233 -0.0820882152549233 -0.0820882152549233 -0.0820882152549233 -0.0820882152549233 -0.0820882152549233 -0.0820882152549233 -0.0820882152549233 -0.0820882152549233 -0.0820882152549233 -0.0820882152549233 -0.0820882152549233 -0.0820882152549233 -0.0820882152549233 -0.0820882152549233 -0.0820882152549233 -0.0820882152549233 -0.0820882152549233 -0.0820882152549233 -0.0820882152549233 -0.0820882152549233 -0.0820882152549233 -0.0820882152549233 -0.0820882152549233 -0.0820882152549233 -0.0820882152549233 -0.0820882152549233 -0.0820882152549233 -0.0820882152549233 -0.0820882152549233 -0.0820882152549233 -0.0820882152549233 -0.0820882152549233 -0.0820882152549233 -0.0820882152549233 -0.0820882152549233 -0.0820882152549233 -0.0820882152549233 -0.0820882152549233 -0.0820882152549233 -0.0820882152549233 -0.0820882152549233 -0.0820882152549233 -0.0820882152549233 -0.0820882152549233 -0.0820882152549233 -0.0820882152549233 -0.0820882152549233 -0.0820882152549233 -0.0820882152549233 -0.0820882152549233 -0.0820882152549233 -0.0820882152549233 -0.0820882152549233 -0.0820882152549233 -0.0820882152549233 -0.0820882152549233 -0.0820882152549233 -0.0820882152549233 -0.0820882152549233 -0.0820882152549233 -0.0820882152549233 -0.03281880387148894 -0.03281880387148894 -0.03281880387148894 -0.03883199429684344 -0.03883199429684344 -0.03928866302395971 -0.03281880387148894 -0.027831361676233755 -0.004727501406805561
-0.3478157657845959 -0.3478157657845959 -0.3478157657845959 -0.3478157657845959 -0.3478157657845959 -0.3478157657845959 -0.3478157657845959 -0.3478157657845959 -0.2810557040078787 -0.6116113332488385 -0.6116113332488385 -0.6116113332488385 -0.716315256552842 -0.3478157657845959 -0.6116113332488385 -0.6116113332488385 -0.6116113332488385 -0.6116113332488385 -0.7040924035113907 -0.3478157657845959 -0.6116113332488385 -0.3478157657845959 -0.6116113332488385 -0.6736135877395865 -0.6116113332488385 -0.6463106917645653 -0.3478157657845959 -0.3478157657845959 -0.6270135704462395 -0.3478157657845959 -0.19888506729384528 -0.6017555573625897 -0.582398966773178 -0.3478157657845959 -0.3478157657845959 -0.28743918845284816 -0.3478157657845959 -0.2810557040078787 -0.3478157657845959 -0.3478157657845959 -0.28743918845284816 -0.28743918845284816 -0.3478157657845959 -0.3478157657845959 -0.3478157657845959 -0.3478157657845959 -0.5012997342240149 -0.49800844271249134 -0.3478157657845959 -0.2810557040078787 -0.2810557040078787 -0.3478157657845959 -0.3478157657845959 -0.4584190234342771 -0.2457238361529283 -0.44006304448803996 -0.45066558551392283 -0.19888506729384528 -0.30465158591214453 -0.30465158591214453 -0.22713002994941628 -0.22812406892408477 -0.22713002994941628 -0.22812406892408477 -0.22713002994941628 -0.22812406892408477 -0.22713002994941628 -0.3478157657845959 -0.22812406892408477 -0.2457238361529283 -0.22713002994941628 -0.36905128704578893 -0.22713002994941628 -0.34978606364198145 -0.22812406892408477 -0.2910831897350783 -0.2910831897350783 -0.2910831897350783 -0.28112522574906906 -0.14576873237876967 -0.27120883402619844 -0.22713002994941628 -0.25982577480618435 -0.21409170335795727 -0.1995259280529714 -0.19736164869341716 -0.1821068647573436 -0.17614167262846486 -0.1739098427424842 -0.1627888159462234 -0.1627888159462234 -0.1627888159462234 -0.1627888159462234 -0.13493349044006586 -0.12960204680651732 -0.12190901523893742 -0.12190901523893742 -0.0820882152549233 -0.09868027573317253 -0.03281880387148894 -0.03281880387148894 -0.03281880387148894 -0.03883199429684344 -0.03883199429684344 -0.03928866302395971 -0.03281880387148894 -0.027831361676233755 -0.004454610170621243
-0.3478157657845959 -0.3478157657845959 -0.3478157657845959 -0.3478157657845959 -0.3478157657845959 -0.3478157657845959 -0.3478157657845959 -0.3478157657845959 -0.2810557040078787 -0.6882237188247194 -0.7213440426272602 -0.6676380327061119 -0.716315256552842 -0.3478157657845959 -0.6731139999153645 -0.6676380327061119 -0.6676380327061119 -0.6676380327061119 -0.7040924035113907 -0.3478157657845959 -0.6568867251360341 -0.3478157657845959 -0.6731139999153645 -0.6736135877395865 -0.6116113332488385 -0.6463106917645653 -0.3478157657845959 -0.3478157657845959 -0.6270135704462395 -0.3478157657845959 -0.19888506729384528 -0.6017555573625897 -0.582398966773178 -0.3478157657845959 -0.3478157657845959 -0.28743918845284816 -0.3478157657845959 -0.2810557040078787 -0.3478157657845959 -0.3478157657845959 -0.28743918845284816 -0.28743918845284816 -0.3478157657845959 -0.3478157657845959 -0.3478157657845959 -0.3478157657845959 -0.5012997342240149 -0.49800844271249134 -0.3478157657845959 -0.2810557040078787 -0.2810557040078787 -0.3478157657845959 -0.3478157657845959 -0.4584190234342771 -0.2457238361529283 -0.44006304448803996 -0.44988319435804547 -0.19888506729384528 -0.30465158591214453 -0.30465158591214453 -0.22713002994941628 -0.22812406892408477 -0.22713002994941628 -0.22812406892408477 -0.22713002994941628 -0.22812406892408477 -0.22713002994941628 -0.3478157657845959 -0.22812406892408477 -0.2457238361529283 -0.22713002994941628 -0.36905128704578893 -0.22713002994941628 -0.34978606364198145 -0.22812406892408477 -0.2910831897350783 -0.2910831897350783 -0.2910831897350783 -0.28112522574906906 -0.14576873237876967 -0.27120883402619844 -0.22713002994941628 -0.25982577480618435 -0.21409170335795727 -0.1995259280529714 -0.19736164869341716 -0.1821068647573436 -0.17614167262846486 -0.1739098427424842 -0.1627888159462234 -0.1627888159462234 -0.1627888159462234 -0.1627888159462234 -0.13493349044006586 -0.12960204680651732 -0.12190901523893742 -0.12190901523893742 -0.0820882152549233 -0.09868027573317253 -0.03281880387148894 -0.03281880387148894 -0.03281880387148894 -0.03883199429684344 -0.03883199429684344 -0.03928866302395971 -0.03281880387148894 -0.027831361676233755 -0.004454610170621243
-0.3478157657845959 -0.3478157657845959 -0.3478157657845959 -0.3478157657845959 -0.3478157657845959 -0.3478157657845959 -0.3478157657845959 -0.3478157657845959 -0.2810557040078787 -0.5540045622617185 -0.5540045622617185 -0.5540045622617185 -0.716315256552842 -0.3478157657845959 -0.5540045622617185 -0.5540045622617185 -0.5540045622617185 -0.5540045622617185 -0.7040924035113907 -0.3478157657845959 -0.5540045622617185 -0.3478157657845959 -0.5540045622617185 -0.6736135877395865 -0.5540045622617185 -0.6463106917645653 -0.3478157657845959 -0.3478157657845959 -0.6270135704462395 -0.3478157657845959 -0.19888506729384528 -0.6017555573625897 -0.582398966773178 -0.3478157657845959 -0.3478157657845959 -0.28743918845284816 -0.3478157657845959 -0.2810557040078787 -0.3478157657845959 -0.3478157657845959 -0.28743918845284816 -0.28743918845284816 -0.3478157657845959 -0.3478157657845959 -0.3478157657845959 -0.3478157657845959 -0.5012997342240149 -0.49800844271249134 -0.3478157657845959 -0.2810557040078787 -0.2810557040078787 -0.3478157657845959 -0.3478157657845959 -0.4660818445009321 -0.2457238361529283 -0.44006304448803996 -0.45066558551392283 -0.19888506729384528 -0.30465158591214453 -0.30465158591214453 -0.22713002994941628 -0.22812406892408477 -0.22713002994941628 -0.22812406892408477 -0.22713002994941628 -0.22812406892408477 -0.22713002994941628 -0.3478157657845959 -0.22812406892408477 -0.2457238361529283 -0.22713002994941628 -0.36905128704578893 -0.22713002994941628 -0.34978606364198145 -0.22812406892408477 -0.2910831897350783 -0.2910831897350783 -0.2910831897350783 -0.28112522574906906 -0.14576873237876967 -0.27120883402619844 -0.22713002994941628 -0.25982577480618435 -0.21409170335795727 -0.1995259280529714 -0.19736164869341716 -0.1821068647573436 -0.17614167262846486 -0.1739098427424842 -0.1627888159462234 -0.1627888159462234 -0.1627888159462234 -0.1627888159462234 -0.13493349044006586 -0.12960204680651732 -0.12190901523893742 -0.12190901523893742 -0.0820882152549233 -0.09868027573317253 -0.03281880387148894 -0.03281880387148894 -0.03281880387148894 -0.03883199429684344 -0.03883199429684344 -0.03928866302395971 -0.03281880387148894 -0.027831361676233755 -0.004454610170621243
-0.4920997726369036 -0.4920997726369036 -0.4920997726369036 -0.4920997726369036 -0.7649922396728339 -0.4920997726369036 -0.568126034806787 -0.7649922396728339 -0.2810557040078787 -0.3478157657845959 -0.3478157657845959 -0.3478157657845959 -0.3478157657845959 -0.4920997726369036 -0.3478157657845959 -0.3478157657845959 -0.3478157657845959 -0.3478157657845959 -0.3478157657845959 -0.4920997726369036 -0.3478157657845959 -0.5580211394902436 -0.3478157657845959 -0.3478157657845959 -0.3478157657845959 -0.3478157657845959 -0.43078755476491404 -0.43078755476491404 -0.3478157657845959 -0.3742494640628821 -0.19888506729384528 -0.3478157657845959 -0.3478157657845959 -0.41897199989951445 -0.568126034806787 -0.28743918845284816 -0.49741746920515423 -0.2810557040078787 -0.43078755476491404 -0.43078755476491404 -0.28743918845284816 -0.28743918845284816 -0.43078755476491404 -0.43078755476491404 -0.5273789073686674 -0.4269639815696264 -0.3478157657845959 -0.3478157657845959 -0.43078755476491404 -0.2810557040078787 -0.2810557040078787 -0.43078755476491404 -0.43078755476491404 -0.3478157657845959 -0.2457238361529283 -0.3478157657845959 -0.3478157657845959 -0.19888506729384528 -0.30465158591214453 -0.30465158591214453 -0.22713002994941628 -0.22812406892408477 -0.22713002994941628 -0.22812406892408477 -0.22713002994941628 -0.22812406892408477 -0.22713002994941628 -0.3962309228082263 -0.22812406892408477 -0.2457238361529283 -0.22713002994941628 -0.3478157657845959 -0.22713002994941628 -0.3478157657845959 -0.22812406892408477 -0.2910831897350783 -0.2910831897350783 -0.2910831897350783 -0.28112522574906906 -0.14576873237876967 -0.27120883402619844 -0.22713002994941628 -0.25982577480618435 -0.21409170335795727 -0.1995259280529714 -0.19736164869341716 -0.1821068647573436 -0.17614167262846486 -0.1739098427424842 -0.1627888159462234 -0.1627888159462234 -0.1627888159462234 -0.1627888159462234 -0.13493349044006586 -0.12960204680651732 -0.12190901523893742 -0.12190901523893742 -0.0820882152549233 -0.09868027573317253 -0.03281880387148894 -0.03281880387148894 -0.03281880387148894 -0.03883199429684344 -0.03883199429684344 -0.03928866302395971 -0.03281880387148894 -0.027831361676233755 -0.004454610170621243
-0.41897199989951445 -0.41897199989951445 -0.41897199989951445 -0.41897199989951445 -0.41897199989951445 -0.41897199989951445 -0.41897199989951445 -0.41897199989951445 -0.2810557040078787 -0.3478157657845959 -0.3478157657845959 -0.3478157657845959 -0.3478157657845959 -0.41897199989951445 -0.3478157657845959 -0.3478157657845959 -0.3478157657845959 -0.3478157657845959 -0.3478157657845959 -0.41897199989951445 -0.3478157657845959 -0.41897199989951445 -0.3478157657845959 -0.3478157657845959 -0.3478157657845959 -0.3478157657845959 -0.41897199989951445 -0.41897199989951445 -0.3478157657845959 -0.3742494640628821 -0.19888506729384528 -0.3478157657845959 -0.3478157657845959 -0.41897199989951445 -0.41897199989951445 -0.28743918845284816 -0.41897199989951445 -0.2810557040078787 -0.41897199989951445 -0.41897199989951445 -0.28743918845284816 -0.28743918845284816 -0.41897199989951445 -0.41897199989951445 -0.41897199989951445 -0.41897199989951445 -0.3478157657845959 -0.3478157657845959 -0.41897199989951445 -0.2810557040078787 -0.2810557040078787 -0.41897199989951445 -0.41897199989951445 -0.3478157657845959 -0.2457238361529283 -0.3478157657845959 -0.3478157657845959 -0.19888506729384528 -0.30465158591214453 -0.30465158591214453 -0.22713002994941628 -0.22812406892408477 -0.22713002994941628 -0.22812406892408477 -0.22713002994941628 -0.22812406892408477 -0.22713002994941628 -0.3962309228082263 -0.22812406892408477 -0.2457238361529283 -0.22713002994941628 -0.3478157657845959 -0.22713002994941628 -0.3478157657845959 -0.22812406892408477 -0.2910831897350783 -0.2910831897350783 -0.2910831897350783 -0.28112522574906906 -0.14576873237876967 -0.27120883402619844 -0.22713002994941628 -0.25982577480618435 -0.21409170335795727 -0.1995259280529714 -0.19736164869341716 -0.1821068647573436 -0.17614167262846486 -0.1739098427424842 -0.1627888159462234 -0.1627888159462234 -0.1627888159462234 -0.1627888159462234 -0.13493349044006586 -0.12960204680651732 -0.12190901523893742 -0.12190901523893742 -0.0820882152549233 -0.09868027573317253 -0.03281880387148894 -0.03281880387148894 -0.03281880387148894 -0.03883199429684344 -0.03883199429684344 -0.03928866302395971 -0.03281880387148894 -0.027831361676233755 -0.004454610170621243
-0.4920997726369036 -0.4920997726369036 -0.4920997726369036 -0.4920997726369036 -0.4920997726369036 -0.4920997726369036 -0.4920997726369036 -0.4920997726369036 -0.2810557040078787 -0.3478157657845959 -0.3478157657845959 -0.3478157657845959 -0.3478157657845959 -0.4920997726369036 -0.3478157657845959 -0.3478157657845959 -0.3478157657845959 -0.3478157657845959 -0.3478157657845959 -0.4920997726369036 -0.3478157657845959 -0.4920997726369036 -0.3478157657845959 -0.3478157657845959 -0.3478157657845959 -0.3478157657845959 -0.43078755476491404 -0.43078755476491404 -0.3478157657845959 -0.3742494640628821 -0.19888506729384528 -0.3478157657845959 -0.3478157657845959 -0.41897199989951445 -0.4920997726369036 -0.28743918845284816 -0.4920997726369036 -0.2810557040078787 -0.43078755476491404 -0.43078755476491404 -0.28743918845284816 -0.28743918845284816 -0.43078755476491404 -0.43078755476491404 -0.4920997726369036 -0.4269639815696264 -0.3478157657845959 -0.3478157657845959 -0.43078755476491404 -0.2810557040078787 -0.2810557040078787 -0.43078755476491404 -0.43078755476491404 -0.3478157657845959 -0.2457238361529283 -0.3478157657845959 -0.3478157657845959 -0.19888506729384528 -0.30465158591214453 -0.30465158591214453 -0.22713002994941628 -0.22812406892408477 -0.22713002994941628 -0.22812406892408477 -0.22713002994941628 -0.22812406892408477 -0.22713002994941628 -0.3962309228082263 -0.22812406892408477 -0.2457238361529283 -0.22713002994941628 -0.3478157657845959 -0.22713002994941628 -0.3478157657845959 -0.22812406892408477 -0.2910831897350783 -0.2910831897350783 -0.2910831897350783 -0.28112522574906906 -0.14576873237876967 -0.27120883402619844 -0.22713002994941628 -0.25982577480618435 -0.21409170335795727 -0.1995259280529714 -0.19736164869341716 -0.1821068647573436 -0.17614167262846486 -0.1739098427424842 -0.1627888159462234 -0.1627888159462234 -0.1627888159462234 -0.1627888159462234 -0.13493349044006586 -0.12960204680651732 -0.12190901523893742 -0.12190901523893742 -0.0820882152549233 -0.09868027573317253 -0.03281880387148894 -0.03281880387148894 -0.03281880387148894 -0.03883199429684344 -0.03883199429684344 -0.03928866302395971 -0.03281880387148894 -0.027831361676233755 -0.004454610170621243
-0.4920997726369036 -0.4920997726369036 -0.4920997726369036 -0.4920997726369036 -0.4920997726369036 -0.4920997726369036 -0.4920997726369036 -0.4920997726369036 -0.2810557040078787 -0.3478157657845959 -0.3478157657845959 -0.3478157657845959 -0.3478157657845959 -0.4920997726369036 -0.3478157657845959 -0.3478157657845959 -0.3478157657845959 -0.3478157657845959 -0.3478157657845959 -0.4920997726369036 -0.3478157657845959 -0.4920997726369036 -0.3478157657845959 -0.3478157657845959 -0.3478157657845959 -0.3478157657845959 -0.43078755476491404 -0.43078755476491404 -0.3478157657845959 -0.3742494640628821 -0.19888506729384528 -0.3478157657845959 -0.3478157657845959 -0.41897199989951445 -0.4920997726369036 -0.28743918845284816 -0.4920997726369036 -0.2810557040078787 -0.43078755476491404 -0.43078755476491404 -0.28743918845284816 -0.28743918845284816 -0.43078755476491404 -0.43078755476491404 -0.4920997726369036 -0.4269639815696264 -0.3478157657845959 -0.3478157657845959 -0.43078755476491404 -0.2810557040078787 -0.2810557040078787 -0.43078755476491404 -0.43078755476491404 -0.3478157657845959 -0.2457238361529283 -0.3478157657845959 -0.3478157657845959 -0.19888506729384528 -0.30465158591214453 -0.30465158591214453 -0.22713002994941628 -0.22812406892408477 -0.22713002994941628 -0.22812406892408477 -0.22713002994941628 -0.22812406892408477 -0.22713002994941628 -0.3962309228082263 -0.22812406892408477 -0.2457238361529283 -0.22713002994941628 -0.3478157657845959 -0.22713002994941628 -0.3478157657845959 -0.22812406892408477 -0.2910831897350783 -0.2910831897350783 -0.2910831897350783 -0.28112522574906906 -0.14576873237876967 -0.27120883402619844 -0.22713002994941628 -0.25982577480618435 -0.21409170335795727 -0.1995259280529714 -0.19736164869341716 -0.1821068647573436 -0.17614167262846486 -0.1739098427424842 -0.1627888159462234 -0.1627888159462234 -0.1627888159462234 -0.1627888159462234 -0.13493349044006586 -0.12960204680651732 -0.12190901523893742 -0.12190901523893742 -0.0820882152549233 -0.09868027573317253 -0.03281880387148894 -0.03281880387148894 -0.03281880387148894 -0.03883199429684344 -0.03883199429684344 -0.03928866302395971 -0.03281880387148894 -0.027831361676233755 -0.004454610170621243
-0.4920997726369036 -0.4920997726369036 -0.4920997726369036 -0.4920997726369036 -0.4920997726369036 -0.4920997726369036 -0.4920997726369036 -0.4920997726369036 -0.2810557040078787 -0.3478157657845959 -0.3478157657845959 -0.3478157657845959 -0.3478157657845959 -0.4920997726369036 -0.3478157657845959 -0.3478157657845959 -0.3478157657845959 -0.3478157657845959 -0.3478157657845959 -0.4920997726369036 -0.3478157657845959 -0.4920997726369036 -0.3478157657845959 -0.3478157657845959 -0.3478157657845959 -0.3478157657845959 -0.43078755476491404 -0.43078755476491404 -0.3478157657845959 -0.3742494640628821 -0.19888506729384528 -0.3478157657845959 -0.3478157657845959 -0.41897199989951445 -0.4920997726369036 -0.28743918845284816 -0.4920997726369036 -0.2810557040078787 -0.43078755476491404 -0.43078755476491404 -0.28743918845284816 -0.28743918845284816 -0.43078755476491404 -0.43078755476491404 -0.4920997726369036 -0.4269639815696264 -0.3478157657845959 -0.3478157657845959 -0.43078755476491404 -0.2810557040078787 -0.2810557040078787 -0.43078755476491404 -0.43078755476491404 -0.3478157657845959 -0.2457238361529283 -0.3478157657845959 -0.3478157657845959 -0.19888506729384528 -0.30465158591214453 -0.30465158591214453 -0.22713002994941628 -0.22812406892408477 -0.22713002994941628 -0.22812406892408477 -0.22713002994941628 -0.22812406892408477 -0.22713002994941628 -0.3962309228082263 -0.22812406892408477 -0.2457238361529283 -0.22713002994941628 -0.3478157657845959 -0.22713002994941628 -0.3478157657845959 -0.22812406892408477 -0.2910831897350783 -0.2910831897350783 -0.2910831897350783 -0.28112522574906906 -0.14576873237876967 -0.27120883402619844 -0.22713002994941628 -0.25982577480618435 -0.21409170335795727 -0.1995259280529714 -0.19736164869341716 -0.1821068647573436 -0.17614167262846486 -0.1739098427424842 -0.1627888159462234 -0.1627888159462234 -0.1627888159462234 -0.1627888159462234 -0.13493349044006586 -0.12960204680651732 -0.12190901523893742 -0.12190901523893742 -0.0820882152549233 -0.09868027573317253 -0.03281880387148894 -0.03281880387148894 -0.03281880387148894 -0.03883199429684344 -0.03883199429684344 -0.03928866302395971 -0.03281880387148894 -0.027831361676233755 -0.004454610170621243
-0.3478157657845959 -0.3478157657845959 -0.3478157657845959 -0.3478157657845959 -0.3478157657845959 -0.3478157657845959 -0.3478157657845959 -0.3478157657845959 -0.2810557040078787 -0.6676380327061119 -0.6676380327061119 -0.6938776460780469 -0.5512430657687283 -0.3478157657845959 -0.6676380327061119 -0.6938776460780469 -0.6938776460780469 -0.6938776460780469 -0.5512430657687283 -0.3478157657845959 -0.6874209895111153 -0.3478157657845959 -0.6676380327061119 -0.5512430657687283 -0.6116113332488385 -0.5512430657687283 -0.3478157657845959 -0.3478157657845959 -0.5512430657687283 -0.3478157657845959 -0.19888506729384528 -0.5512430657687283 -0.5540045622617185 -0.3478157657845959 -0.3478157657845959 -0.28743918845284816 -0.3478157657845959 -0.2810557040078787 -0.3478157657845959 -0.3478157657845959 -0.28743918845284816 -0.28743918845284816 -0.3478157657845959 -0.3478157657845959 -0.3478157657845959 -0.3478157657845959 -0.4686932544103909 -0.47301892908293836 -0.3478157657845959 -0.2810557040078787 -0.2810557040078787 -0.3478157657845959 -0.3478157657845959 -0.4584190234342771 -0.2457238361529283 -0.44006304448803996 -0.44988319435804547 -0.19888506729384528 -0.30465158591214453 -0.30465158591214453 -0.22713002994941628 -0.22812406892408477 -0.22713002994941628 -0.22812406892408477 -0.22713002994941628 -0.22812406892408477 -0.22713002994941628 -0.3478157657845959 -0.22812406892408477 -0.2457238361529283 -0.22713002994941628 -0.36905128704578893 -0.22713002994941628 -0.34978606364198145 -0.22812406892408477 -0.2910831897350783 -0.2910831897350783 -0.2910831897350783 -0.28112522574906906 -0.14576873237876967 -0.27120883402619844 -0.22713002994941628 -0.25982577480618435 -0.21409170335795727 -0.1995259280529714 -0.19736164869341716 -0.1821068647573436 -0.17614167262846486 -0.1739098427424842 -0.1627888159462234 -0.1627888159462234 -0.1627888159462234 -0.1627888159462234 -0.13493349044006586 -0.12960204680651732 -0.12190901523893742 -0.12190901523893742 -0.0820882152549233 -0.09868027573317253 -0.03281880387148894 -0.03281880387148894 -0.03281880387148894 -0.03883199429684344 -0.03883199429684344 -0.03928866302395971 -0.03281880387148894 -0.027831361676233755 -0.004454610170621243
-0.3478157657845959 -0.3478157657845959 -0.3478157657845959 -0.3478157657845959 -0.3478157657845959 -0.3478157657845959 -0.3478157657845959 -0.3478157657845959 -0.2810557040078787 -0.6676380327061119 -0.6676380327061119 -0.6853840293850967 -0.5512430657687283 -0.3478157657845959 -0.6676380327061119 -0.6853840293850967 -0.6853840293850967 -0.6853840293850967 -0.5512430657687283 -0.3478157657845959 -0.6853840293850967 -0.3478157657845959 -0.6676380327061119 -0.5512430657687283 -0.6116113332488385 -0.5512430657687283 -0.3478157657845959 -0.3478157657845959 -0.5512430657687283 -0.3478157657845959 -0.19888506729384528 -0.5512430657687283 -0.5540045622617185 -0.3478157657845959 -0.3478157657845959 -0.28743918845284816 -0.3478157657845959 -0.2810557040078787 -0.3478157657845959 -0.3478157657845959 -0.28743918845284816 -0.28743918845284816 -0.3478157657845959 -0.3478157657845959 -0.3478157657845959 -0.3478157657845959 -0.4686932544103909 -0.47301892908293836 -0.3478157657845959 -0.2810557040078787 -0.2810557040078787 -0.3478157657845959 -0.3478157657845959 -0.4584190234342771 -0.2457238361529283 -0.44006304448803996 -0.44988319435804547 -0.19888506729384528 -0.30465158591214453 -0.30465158591214453 -0.22713002994941628 -0.22812406892408477 -0.22713002994941628 -0.22812406892408477 -0.22713002994941628 -0.22812406892408477 -0.22713002994941628 -0.3478157657845959 -0.22812406892408477 -0.2457238361529283 -0.22713002994941628 -0.36905128704578893 -0.22713002994941628 -0.34978606364198145 -0.22812406892408477 -0.2910831897350783 -0.2910831897350783 -0.2910831897350783 -0.28112522574906906 -0.14576873237876967 -0.27120883402619844 -0.22713002994941628 -0.25982577480618435 -0.21409170335795727 -0.1995259280529714 -0.19736164869341716 -0.1821068647573436 -0.17614167262846486 -0.1739098427424842 -0.1627888159462234 -0.1627888159462234 -0.1627888159462234 -0.1627888159462234 -0.13493349044006586 -0.12960204680651732 -0.12190901523893742 -0.12190901523893742 -0.0820882152549233 -0.09868027573317253 -0.03281880387148894 -0.03281880387148894 -0.03281880387148894 -0.03883199429684344 -0.03883199429684344 -0.03928866302395971 -0.03281880387148894 -0.027831361676233755 -0.004454610170621243
-0.3478157657845959 -0.3478157657845959 -0.3478157657845959 -0.3478157657845959 -0.3478157657845959 -0.3478157657845959 -0.3478157657845959 -0.3478157657845959 -0.2810557040078787 -0.6676380327061119 -0.6676380327061119 -0.6704106082160063 -0.5512430657687283 -0.3478157657845959 -0.6676380327061119 -0.6704106082160063 -0.6704106082160063 -0.6704106082160063 -0.5512430657687283 -0.3478157657845959 -0.6704106082160063 -0.3478157657845959 -0.6676380327061119 -0.5512430657687283 -0.6116113332488385 -0.5512430657687283 -0.3478157657845959 -0.3478157657845959 -0.5512430657687283 -0.3478157657845959 -0.19888506729384528 -0.5512430657687283 -0.5540045622617185 -0.3478157657845959 -0.3478157657845959 -0.28743918845284816 -0.3478157657845959 -0.2810557040078787 -0.3478157657845959 -0.3478157657845959 -0.28743918845284816 -0.28743918845284816 -0.3478157657845959 -0.3478157657845959 -0.3478157657845959 -0.3478157657845959 -0.4686932544103909 -0.47301892908293836 -0.3478157657845959 -0.2810557040078787 -0.2810557040078787 -0.3478157657845959 -0.3478157657845959 -0.4584190234342771 -0.2457238361529283 -0.44006304448803996 -0.44988319435804547 -0.19888506729384528 -0.30465158591214453 -0.30465158591214453 -0.22713002994941628 -0.22812406892408477 -0.22713002994941628 -0.22812406892408477 -0.22713002994941628 -0.22812406892408477 -0.22713002994941628 -0.3478157657845959 -0.22812406892408477 -0.2457238361529283 -0.22713002994941628 -0.36905128704578893 -0.22713002994941628 -0.34978606364198145 -0.22812406892408477 -0.2910831897350783 -0.2910831897350783 -0.2910831897350783 -0.28112522574906906 -0.14576873237876967 -0.27120883402619844 -0.22713002994941628 -0.25982577480618435 -0.21409170335795727 -0.1995259280529714 -0.19736164869341716 -0.1821068647573436 -0.17614167262846486 -0.1739098427424842 -0.1627888159462234 -0.1627888159462234 -0.1627888159462234 -0.1627888159462234 -0.13493349044006586 -0.12960204680651732 -0.12190901523893742 -0.12190901523893742 -0.0820882152549233 -0.09868027573317253 -0.03281880387148894 -0.03281880387148894 -0.03281880387148894 -0.03883199429684344 -0.03883199429684344 -0.03928866302395971 -0.03281880387148894 -0.027831361676233755 -0.004454610170621243
-0.4920997726369036 -0.4920997726369036 -0.4920997726369036 -0.4920997726369036 -0.5023521700077409 -0.4920997726369036 -0.6482376016038833 -0.5023521700077409 -0.2810557040078787 -0.3478157657845959 -0.3478157657845959 -0.3478157657845959 -0.3478157657845959 -0.4920997726369036 -0.3478157657845959 -0.3478157657845959 -0.3478157657845959 -0.3478157657845959 -0.3478157657845959 -0.4920997726369036 -0.3478157657845959 -0.6482376016038833 -0.3478157657845959 -0.3478157657845959 -0.3478157657845959 -0.3478157657845959 -0.43078755476491404 -0.43078755476491404 -0.3478157657845959 -0.3742494640628821 -0.19888506729384528 -0.3478157657845959 -0.3478157657845959 -0.41897199989951445 -0.568126034806787 -0.28743918845284816 -0.49741746920515423 -0.2810557040078787 -0.43078755476491404 -0.43078755476491404 -0.28743918845284816 -0.28743918845284816 -0.43078755476491404 -0.43078755476491404 -0.5212909093920722 -0.4269639815696264 -0.3478157657845959 -0.3478157657845959 -0.43078755476491404 -0.2810557040078787 -0.2810557040078787 -0.43078755476491404 -0.43078755476491404 -0.3478157657845959 -0.2457238361529283 -0.3478157657845959 -0.3478157657845959 -0.19888506729384528 -0.30465158591214453 -0.30465158591214453 -0.22713002994941628 -0.22812406892408477 -0.22713002994941628 -0.22812406892408477 -0.22713002994941628 -0.22812406892408477 -0.22713002994941628 -0.3962309228082263 -0.22812406892408477 -0.2457238361529283 -0.22713002994941628 -0.3478157657845959 -0.22713002994941628 -0.3478157657845959 -0.22812406892408477 -0.2910831897350783 -0.2910831897350783 -0.2910831897350783 -0.28112522574906906 -0.14576873237876967 -0.27120883402619844 -0.22713002994941628 -0.25982577480618435 -0.21409170335795727 -0.1995259280529714 -0.19736164869341716 -0.1821068647573436 -0.17614167262846486 -0.1739098427424842 -0.1627888159462234 -0.1627888159462234 -0.1627888159462234 -0.1627888159462234 -0.13493349044006586 -0.12960204680651732 -0.12190901523893742 -0.12190901523893742 -0.0820882152549233 -0.09868027573317253 -0.03281880387148894 -0.03281880387148894 -0.03281880387148894 -0.03883199429684344 -0.03883199429684344 -0.03928866302395971 -0.03281880387148894 -0.027831361676233755 -0.004454610170621243
-0.4920997726369036 -0.4920997726369036 -0.4920997726369036 -0.4920997726369036 -0.5023521700077409 -0.4920997726369036 -0.6435855562721144 -0.5023521700077409 -0.2810557040078787 -0.3478157657845959 -0.3478157657845959 -0.3478157657845959 -0.3478157657845959 -0.4920997726369036 -0.3478157657845959 -0.3478157657845959 -0.3478157657845959 -0.3478157657845959 -0.3478157657845959 -0.4920997726369036 -0.3478157657845959 -0.5580211394902436 -0.3478157657845959 -0.3478157657845959 -0.3478157657845959 -0.3478157657845959 -0.43078755476491404 -0.43078755476491404 -0.3478157657845959 -0.3742494640628821 -0.19888506729384528 -0.3478157657845959 -0.3478157657845959 -0.41897199989951445 -0.568126034806787 -0.28743918845284816 -0.49741746920515423 -0.2810557040078787 -0.43078755476491404 -0.43078755476491404 -0.28743918845284816 -0.28743918845284816 -0.43078755476491404 -0.43078755476491404 -0.5212909093920722 -0.4269639815696264 -0.3478157657845959 -0.3478157657845959 -0.43078755476491404 -0.2810557040078787 -0.2810557040078787 -0.43078755476491404 -0.43078755476491404 -0.3478157657845959 -0.2457238361529283 -0.3478157657845959 -0.3478157657845959 -0.19888506729384528 -0.30465158591214453 -0.30465158591214453 -0.22713002994941628 -0.22812406892408477 -0.22713002994941628 -0.22812406892408477 -0.22713002994941628 -0.22812406892408477 -0.22713002994941628 -0.3962309228082263 -0.22812406892408477 -0.2457238361529283 -0.22713002994941628 -0.3478157657845959 -0.22713002994941628 -0.3478157657845959 -0.22812406892408477 -0.2910831897350783 -0.2910831897350783 -0.2910831897350783 -0.28112522574906906 -0.14576873237876967 -0.27120883402619844 -0.22713002994941628 -0.25982577480618435 -0.21409170335795727 -0.1995259280529714 -0.19736164869341716 -0.1821068647573436 -0.17614167262846486 -0.1739098427424842 -0.1627888159462234 -0.1627888159462234 -0.1627888159462234 -0.1627888159462234 -0.13493349044006586 -0.12960204680651732 -0.12190901523893742 -0.12190901523893742 -0.0820882152549233 -0.09868027573317253 -0.03281880387148894 -0.03281880387148894 -0.03281880387148894 -0.03883199429684344 -0.03883199429684344 -0.03928866302395971 -0.03281880387148894 -0.027831361676233755 -0.004454610170621243
-0.3478157657845959 -0.3478157657845959 -0.3478157657845959 -0.3478157657845959 -0.3478157657845959 -0.3478157657845959 -0.3478157657845959 -0.3478157657845959 -0.2810557040078787 -0.6322962296898407 -0.6322962296898407 -0.6322962296898407 -0.5512430657687283 -0.3478157657845959 -0.6322962296898407 -0.6322962296898407 -0.6322962296898407 -0.6322962296898407 -0.5512430657687283 -0.3478157657845959 -0.6322962296898407 -0.3478157657845959 -0.6322962296898407 -0.5512430657687283 -0.6322962296898407 -0.5512430657687283 -0.3478157657845959 -0.3478157657845959 -0.5512430657687283 -0.3478157657845959 -0.19888506729384528 -0.5512430657687283 -0.5540045622617185 -0.3478157657845959 -0.3478157657845959 -0.28743918845284816 -0.3478157657845959 -0.2810557040078787 -0.3478157657845959 -0.3478157657845959 -0.28743918845284816 -0.28743918845284816 -0.3478157657845959 -0.3478157657845959 -0.3478157657845959 -0.3478157657845959 -0.4686932544103909 -0.47301892908293836 -0.3478157657845959 -0.2810557040078787 -0.2810557040078787 -0.3478157657845959 -0.3478157657845959 -0.4584190234342771 -0.2457238361529283 -0.44006304448803996 -0.44988319435804547 -0.19888506729384528 -0.30465158591214453 -0.30465158591214453 -0.22713002994941628 -0.22812406892408477 -0.22713002994941628 -0.22812406892408477 -0.22713002994941628 -0.22812406892408477 -0.22713002994941628 -0.3478157657845959 -0.22812406892408477 -0.2457238361529283 -0.22713002994941628 -0.36905128704578893 -0.22713002994941628 -0.34978606364198145 -0.22812406892408477 -0.2910831897350783 -0.2910831897350783 -0.2910831897350783 -0.28112522574906906 -0.14576873237876967 -0.27120883402619844 -0.22713002994941628 -0.25982577480618435 -0.21409170335795727 -0.1995259280529714 -0.19736164869341716 -0.1821068647573436 -0.17614167262846486 -0.1739098427424842 -0.1627888159462234 -0.1627888159462234 -0.1627888159462234 -0.1627888159462234 -0.13493349044006586 -0.12960204680651732 -0.12190901523893742 -0.12190901523893742 -0.0820882152549233 -0.09868027573317253 -0.03281880387148894 -0.03281880387148894 -0.03281880387148894 -0.03883199429684344 -0.03883199429684344 -0.03928866302395971 -0.03281880387148894 -0.027831361676233755 -0.004454610170621243
-0.4269639815696264 -0.4269639815696264 -0.4269639815696264 -0.4269639815696264 -0.4269639815696264 -0.4269639815696264 -0.4269639815696264 -0.4269639815696264 -0.2810557040078787 -0.3478157657845959 -0.3478157657845959 -0.3478157657845959 -0.3478157657845959 -0.4269639815696264 -0.3478157657845959 -0.3478157657845959 -0.3478157657845959 -0.3478157657845959 -0.3478157657845959 -0.4269639815696264 -0.3478157657845959 -0.4269639815696264 -0.3478157657845959 -0.3478157657845959 -0.3478157657845959 -0.3478157657845959 -0.4269639815696264 -0.4269639815696264 -0.3478157657845959 -0.3742494640628821 -0.19888506729384528 -0.3478157657845959 -0.3478157657845959 -0.41897199989951445 -0.4269639815696264 -0.28743918845284816 -0.4269639815696264 -0.2810557040078787 -0.4269639815696264 -0.4269639815696264 -0.28743918845284816 -0.28743918845284816 -0.4269639815696264 -0.4269639815696264 -0.4269639815696264 -0.5236049913456254 -0.3478157657845959 -0.3478157657845959 -0.4269639815696264 -0.2810557040078787 -0.2810557040078787 -0.4269639815696264 -0.4269639815696264 -0.3478157657845959 -0.2457238361529283 -0.3478157657845959 -0.3478157657845959 -0.19888506729384528 -0.30465158591214453 -0.30465158591214453 -0.22713002994941628 -0.22812406892408477 -0.22713002994941628 -0.22812406892408477 -0.22713002994941628 -0.22812406892408477 -0.22713002994941628 -0.3962309228082263 -0.22812406892408477 -0.2457238361529283 -0.22713002994941628 -0.3478157657845959 -0.22713002994941628 -0.3478157657845959 -0.22812406892408477 -0.2910831897350783 -0.2910831897350783 -0.2910831897350783 -0.28112522574906906 -0.14576873237876967 -0.27120883402619844 -0.22713002994941628 -0.25982577480618435 -0.21409170335795727 -0.1995259280529714 -0.19736164869341716 -0.1821068647573436 -0.17614167262846486 -0.1739098427424842 -0.1627888159462234 -0.1627888159462234 -0.1627888159462234 -0.1627888159462234 -0.13493349044006586 -0.12960204680651732 -0.12190901523893742 -0.12190901523893742 -0.0820882152549233 -0.09868027573317253 -0.03281880387148894 -0.03281880387148894 -0.03281880387148894 -0.03883199429684344 -0.03883199429684344 -0.03928866302395971 -0.03281880387148894 -0.027831361676233755 -0.004454610170621243
-0.4269639815696264 -0.4269639815696264 -0.4269639815696264 -0.4269639815696264 -0.4269639815696264 -0.4269639815696264 -0.4269639815696264 -0.4269639815696264 -0.2810557040078787 -0.3478157657845959 -0.3478157657845959 -0.3478157657845959 -0.3478157657845959 -0.4269639815696264 -0.3478157657845959 -0.3478157657845959 -0.3478157657845959 -0.3478157657845959 -0.3478157657845959 -0.4269639815696264 -0.3478157657845959 -0.4269639815696264 -0.3478157657845959 -0.3478157657845959 -0.3478157657845959 -0.3478157657845959 -0.4269639815696264 -0.4269639815696264 -0.3478157657845959 -0.3742494640628821 -0.19888506729384528 -0.3478157657845959 -0.3478157657845959 -0.41897199989951445 -0.4269639815696264 -0.28743918845284816 -0.4269639815696264 -0.2810557040078787 -0.4269639815696264 -0.4269639815696264 -0.28743918845284816 -0.28743918845284816 -0.4269639815696264 -0.4269639815696264 -0.4269639815696264 -0.5236049913456254 -0.3478157657845959 -0.3478157657845959 -0.4269639815696264 -0.2810557040078787 -0.2810557040078787 -0.4269639815696264 -0.4269639815696264 -0.3478157657845959 -0.2457238361529283 -0.3478157657845959 -0.3478157657845959 -0.19888506729384528 -0.30465158591214453 -0.30465158591214453 -0.22713002994941628 -0.22812406892408477 -0.22713002994941628 -0.22812406892408477 -0.22713002994941628 -0.22812406892408477 -0.22713002994941628 -0.3962309228082263 -0.22812406892408477 -0.2457238361529283 -0.22713002994941628 -0.3478157657845959 -0.22713002994941628 -0.3478157657845959 -0.22812406892408477 -0.2910831897350783 -0.2910831897350783 -0.2910831897350783 -0.28112522574906906 -0.14576873237876967 -0.27120883402619844 -0.22713002994941628 -0.25982577480618435 -0.21409170335795727 -0.1995259280529714 -0.19736164869341716 -0.1821068647573436 -0.17614167262846486 -0.1739098427424842 -0.1627888159462234 -0.1627888159462234 -0.1627888159462234 -0.1627888159462234 -0.13493349044006586 -0.12960204680651732 -0.12190901523893742 -0.12190901523893742 -0.0820882152549233 -0.09868027573317253 -0.03281880387148894 -0.03281880387148894 -0.03281880387148894 -0.03883199429684344 -0.03883199429684344 -0.03928866302395971 -0.03281880387148894 -0.027831361676233755 -0.004454610170621243
-0.3478157657845959 -0.3478157657845959 -0.3478157657845959 -0.3478157657845959 -0.3478157657845959 -0.3478157657845959 -0.3478157657845959 -0.3478157657845959 -0.2810557040078787 -0.6314446758016077 -0.6314446758016077 -0.6314446758016077 -0.5512430657687283 -0.3478157657845959 -0.6314446758016077 -0.6314446758016077 -0.6314446758016077 -0.6314446758016077 -0.5512430657687283 -0.3478157657845959 -0.6314446758016077 -0.3478157657845959 -0.6314446758016077 -0.5512430657687283 -0.6116113332488385 -0.5512430657687283 -0.3478157657845959 -0.3478157657845959 -0.5512430657687283 -0.3478157657845959 -0.19888506729384528 -0.5512430657687283 -0.5540045622617185 -0.3478157657845959 -0.3478157657845959 -0.28743918845284816 -0.3478157657845959 -0.2810557040078787 -0.3478157657845959 -0.3478157657845959 -0.28743918845284816 -0.28743918845284816 -0.3478157657845959 -0.3478157657845959 -0.3478157657845959 -0.3478157657845959 -0.4686932544103909 -0.47301892908293836 -0.3478157657845959 -0.2810557040078787 -0.2810557040078787 -0.3478157657845959 -0.3478157657845959 -0.4584190234342771 -0.2457238361529283 -0.44006304448803996 -0.44988319435804547 -0.19888506729384528 -0.30465158591214453 -0.30465158591214453 -0.22713002994941628 -0.22812406892408477 -0.22713002994941628 -0.22812406892408477 -0.22713002994941628 -0.22812406892408477 -0.22713002994941628 -0.3478157657845959 -0.22812406892408477 -0.2457238361529283 -0.22713002994941628 -0.36905128704578893 -0.22713002994941628 -0.34978606364198145 -0.22812406892408477 -0.2910831897350783 -0.2910831897350783 -0.2910831897350783 -0.28112522574906906 -0.14576873237876967 -0.27120883402619844 -0.22713002994941628 -0.25982577480618435 -0.21409170335795727 -0.1995259280529714 -0.19736164869341716 -0.1821068647573436 -0.17614167262846486 -0.1739098427424842 -0.1627888159462234 -0.1627888159462234 -0.1627888159462234 -0.1627888159462234 -0.13493349044006586 -0.12960204680651732 -0.12190901523893742 -0.12190901523893742 -0.0820882152549233 -0.09868027573317253 -0.03281880387148894 -0.03281880387148894 -0.03281880387148894 -0.03883199429684344 -0.03883199429684344 -0.03928866302395971 -0.03281880387148894 -0.027831361676233755 -0.004454610170621243
-0.4920997726369036 -0.4920997726369036 -0.4920997726369036 -0.4920997726369036 -0.5023521700077409 -0.4920997726369036 -0.6313879486146633 -0.5023521700077409 -0.2810557040078787 -0.3478157657845959 -0.3478157657845959 -0.3478157657845959 -0.3478157657845959 -0.4920997726369036 -0.3478157657845959 -0.3478157657845959 -0.3478157657845959 -0.3478157657845959 -0.3478157657845959 -0.4920997726369036 -0.3478157657845959 -0.6313879486146633 -0.3478157657845959 -0.3478157657845959 -0.3478157657845959 -0.3478157657845959 -0.43078755476491404 -0.43078755476491404 -0.3478157657845959 -0.3742494640628821 -0.19888506729384528 -0.3478157657845959 -0.3478157657845959 -0.41897199989951445 -0.568126034806787 -0.28743918845284816 -0.49741746920515423 -0.2810557040078787 -0.43078755476491404 -0.43078755476491404 -0.28743918845284816 -0.28743918845284816 -0.43078755476491404 -0.43078755476491404 -0.5212909093920722 -0.4269639815696264 -0.3478157657845959 -0.3478157657845959 -0.43078755476491404 -0.2810557040078787 -0.2810557040078787 -0.43078755476491404 -0.43078755476491404 -0.3478157657845959 -0.2457238361529283 -0.3478157657845959 -0.3478157657845959 -0.19888506729384528 -0.30465158591214453 -0.30465158591214453 -0.22713002994941628 -0.22812406892408477 -0.22713002994941628 -0.22812406892408477 -0.22713002994941628 -0.22812406892408477 -0.22713002994941628 -0.3962309228082263 -0.22812406892408477 -0.2457238361529283 -0.22713002994941628 -0.3478157657845959 -0.22713002994941628 -0.3478157657845959 -0.22812406892408477 -0.2910831897350783 -0.2910831897350783 -0.2910831897350783 -0.28112522574906906 -0.14576873237876967 -0.27120883402619844 -0.22713002994941628 -0.25982577480618435 -0.21409170335795727 -0.1995259280529714 -0.19736164869341716 -0.1821068647573436 -0.17614167262846486 -0.1739098427424842 -0.1627888159462234 -0.1627888159462234 -0.1627888159462234 -0.1627888159462234 -0.13493349044006586 -0.12960204680651732 -0.12190901523893742 -0.12190901523893742 -0.0820882152549233 -0.09868027573317253 -0.03281880387148894 -0.03281880387148894 -0.03281880387148894 -0.03883199429684344 -0.03883199429684344 -0.03928866302395971 -0.03281880387148894 -0.027831361676233755 -0.004454610170621243
-0.4269639815696264 -0.4269639815696264 -0.4269639815696264 -0.4269639815696264 -0.4269639815696264 -0.4269639815696264 -0.4269639815696264 -0.4269639815696264 -0.2810557040078787 -0.3478157657845959 -0.3478157657845959 -0.3478157657845959 -0.3478157657845959 -0.4269639815696264 -0.3478157657845959 -0.3478157657845959 -0.3478157657845959 -0.3478157657845959 -0.3478157657845959 -0.4269639815696264 -0.3478157657845959 -0.4269639815696264 -0.3478157657845959 -0.3478157657845959 -0.3478157657845959 -0.3478157657845959 -0.4269639815696264 -0.4269639815696264 -0.3478157657845959 -0.3742494640628821 -0.19888506729384528 -0.3478157657845959 -0.3478157657845959 -0.41897199989951445 -0.4269639815696264 -0.28743918845284816 -0.4269639815696264 -0.2810557040078787 -0.4269639815696264 -0.4269639815696264 -0.28743918845284816 -0.28743918845284816 -0.4269639815696264 -0.4269639815696264 -0.4269639815696264 -0.5236049913456254 -0.3478157657845959 -0.3478157657845959 -0.4269639815696264 -0.2810557040078787 -0.2810557040078787 -0.4269639815696264 -0.4269639815696264 -0.3478157657845959 -0.2457238361529283 -0.3478157657845959 -0.3478157657845959 -0.19888506729384528 -0.30465158591214453 -0.30465158591214453 -0.22713002994941628 -0.22812406892408477 -0.22713002994941628 -0.22812406892408477 -0.22713002994941628 -0.22812406892408477 -0.22713002994941628 -0.3962309228082263 -0.22812406892408477 -0.2457238361529283 -0.22713002994941628 -0.3478157657845959 -0.22713002994941628 -0.3478157657845959 -0.22812406892408477 -0.2910831897350783 -0.2910831897350783 -0.2910831897350783 -0.28112522574906906 -0.14576873237876967 -0.27120883402619844 -0.22713002994941628 -0.25982577480618435 -0.21409170335795727 -0.1995259280529714 -0.19736164869341716 -0.1821068647573436 -0.17614167262846486 -0.1739098427424842 -0.1627888159462234 -0.1627888159462234 -0.1627888159462234 -0.1627888159462234 -0.13493349044006586 -0.12960204680651732 -0.12190901523893742 -0.12190901523893742 -0.0820882152549233 -0.09868027573317253 -0.03281880387148894 -0.03281880387148894 -0.03281880387148894 -0.03883199429684344 -0.03883199429684344 -0.03928866302395971 -0.03281880387148894 -0.027831361676233755 -0.004454610170621243
-0.3478157657845959 -0.3478157657845959 -0.3478157657845959 -0.3478157657845959 -0.3478157657845959 -0.3478157657845959 -0.3478157657845959 -0.3478157657845959 -0.2810557040078787 -0.6281104309230909 -0.6281104309230909 -0.6281104309230909 -0.5512430657687283 -0.3478157657845959 -0.6281104309230909 -0.6281104309230909 -0.6281104309230909 -0.6281104309230909 -0.5512430657687283 -0.3478157657845959 -0.6281104309230909 -0.3478157657845959 -0.6281104309230909 -0.5512430657687283 -0.6116113332488385 -0.5512430657687283 -0.3478157657845959 -0.3478157657845959 -0.5512430657687283 -0.3478157657845959 -0.19888506729384528 -0.5512430657687283 -0.5540045622617185 -0.3478157657845959 -0.3478157657845959 -0.28743918845284816 -0.3478157657845959 -0.2810557040078787 -0.3478157657845959 -0.3478157657845959 -0.28743918845284816 -0.28743918845284816 -0.3478157657845959 -0.3478157657845959 -0.3478157657845959 -0.3478157657845959 -0.4686932544103909 -0.47301892908293836 -0.3478157657845959 -0.2810557040078787 -0.2810557040078787 -0.3478157657845959 -0.3478157657845959 -0.4584190234342771 -0.2457238361529283 -0.44006304448803996 -0.44988319435804547 -0.19888506729384528 -0.30465158591214453 -0.30465158591214453 -0.22713002994941628 -0.22812406892408477 -0.22713002994941628 -0.22812406892408477 -0.22713002994941628 -0.22812406892408477 -0.22713002994941628 -0.3478157657845959 -0.22812406892408477 -0.2457238361529283 -0.22713002994941628 -0.36905128704578893 -0.22713002994941628 -0.34978606364198145 -0.22812406892408477 -0.2910831897350783 -0.2910831897350783 -0.2910831897350783 -0.28112522574906906 -0.14576873237876967 -0.27120883402619844 -0.22713002994941628 -0.25982577480618435 -0.21409170335795727 -0.1995259280529714 -0.19736164869341716 -0.1821068647573436 -0.17614167262846486 -0.1739098427424842 -0.1627888159462234 -0.1627888159462234 -0.1627888159462234 -0.1627888159462234 -0.13493349044006586 -0.12960204680651732 -0.12190901523893742 -0.12190901523893742 -0.0820882152549233 -0.09868027573317253 -0.03281880387148894 -0.03281880387148894 -0.03281880387148894 -0.03883199429684344 -0.03883199429684344 -0.03928866302395971 -0.03281880387148894 -0.027831361676233755 -0.004454610170621243
-0.3478157657845959 -0.3478157657845959 -0.3478157657845959 -0.3478157657845959 -0.3478157657845959 -0.3478157657845959 -0.3478157657845959 -0.3478157657845959 -0.2810557040078787 -0.6276340166373483 -0.6276340166373483 -0.6276340166373483 -0.5512430657687283 -0.3478157657845959 -0.6276340166373483 -0.6276340166373483 -0.6276340166373483 -0.6276340166373483 -0.5512430657687283 -0.3478157657845959 -0.6276340166373483 -0.3478157657845959 -0.6276340166373483 -0.5512430657687283 -0.6116113332488385 -0.5512430657687283 -0.3478157657845959 -0.3478157657845959 -0.5512430657687283 -0.3478157657845959 -0.19888506729384528 -0.5512430657687283 -0.5540045622617185 -0.3478157657845959 -0.3478157657845959 -0.28743918845284816 -0.3478157657845959 -0.2810557040078787 -0.3478157657845959 -0.3478157657845959 -0.28743918845284816 -0.28743918845284816 -0.3478157657845959 -0.3478157657845959 -0.3478157657845959 -0.3478157657845959 -0.4686932544103909 -0.47301892908293836 -0.3478157657845959 -0.2810557040078787 -0.2810557040078787 -0.3478157657845959 -0.3478157657845959 -0.4584190234342771 -0.2457238361529283 -0.44006304448803996 -0.44988319435804547 -0.19888506729384528 -0.30465158591214453 -0.30465158591214453 -0.22713002994941628 -0.22812406892408477 -0.22713002994941628 -0.22812406892408477 -0.22713002994941628 -0.22812406892408477 -0.22713002994941628 -0.3478157657845959 -0.22812406892408477 -0.2457238361529283 -0.22713002994941628 -0.36905128704578893 -0.22713002994941628 -0.34978606364198145 -0.22812406892408477 -0.2910831897350783 -0.2910831897350783 -0.2910831897350783 -0.28112522574906906 -0.14576873237876967 -0.27120883402619844 -0.22713002994941628 -0.25982577480618435 -0.21409170335795727 -0.1995259280529714 -0.19736164869341716 -0.1821068647573436 -0.17614167262846486 -0.1739098427424842 -0.1627888159462234 -0.1627888159462234 -0.1627888159462234 -0.1627888159462234 -0.13493349044006586 -0.12960204680651732 -0.12190901523893742 -0.12190901523893742 -0.0820882152549233 -0.09868027573317253 -0.03281880387148894 -0.03281880387148894 -0.03281880387148894 -0.03883199429684344 -0.03883199429684344 -0.03928866302395971 -0.03281880387148894 -0.027831361676233755 -0.004454610170621243
-0.4269639815696264 -0.4269639815696264 -0.4269639815696264 -0.4269639815696264 -0.4269639815696264 -0.4269639815696264 -0.4269639815696264 -0.4269639815696264 -0.2810557040078787 -0.3478157657845959 -0.3478157657845959 -0.3478157657845959 -0.3478157657845959 -0.4269639815696264 -0.3478157657845959 -0.3478157657845959 -0.3478157657845959 -0.3478157657845959 -0.3478157657845959 -0.4269639815696264 -0.3478157657845959 -0.4269639815696264 -0.3478157657845959 -0.3478157657845959 -0.3478157657845959 -0.3478157657845959 -0.4269639815696264 -0.4269639815696264 -0.3478157657845959 -0.3742494640628821 -0.19888506729384528 -0.3478157657845959 -0.3478157657845959 -0.41897199989951445 -0.4269639815696264 -0.28743918845284816 -0.4269639815696264 -0.2810557040078787 -0.4269639815696264 -0.4269639815696264 -0.28743918845284816 -0.28743918845284816 -0.4269639815696264 -0.4269639815696264 -0.4269639815696264 -0.5236049913456254 -0.3478157657845959 -0.3478157657845959 -0.4269639815696264 -0.2810557040078787 -0.2810557040078787 -0.4269639815696264 -0.4269639815696264 -0.3478157657845959 -0.2457238361529283 -0.3478157657845959 -0.3478157657845959 -0.19888506729384528 -0.30465158591214453 -0.30465158591214453 -0.22713002994941628 -0.22812406892408477 -0.22713002994941628 -0.22812406892408477 -0.22713002994941628 -0.22812406892408477 -0.22713002994941628 -0.3962309228082263 -0.22812406892408477 -0.2457238361529283 -0.22713002994941628 -0.3478157657845959 -0.22713002994941628 -0.3478157657845959 -0.22812406892408477 -0.2910831897350783 -0.2910831897350783 -0.2910831897350783 -0.28112522574906906 -0.14576873237876967 -0.27120883402619844 -0.22713002994941628 -0.25982577480618435 -0.21409170335795727 -0.1995259280529714 -0.19736164869341716 -0.1821068647573436 -0.17614167262846486 -0.1739098427424842 -0.1627888159462234 -0.1627888159462234 -0.1627888159462234 -0.1627888159462234 -0.13493349044006586 -0.12960204680651732 -0.12190901523893742 -0.12190901523893742 -0.0820882152549233 -0.09868027573317253 -0.03281880387148894 -0.03281880387148894 -0.03281880387148894 -0.03883199429684344 -0.03883199429684344 -0.03928866302395971 -0.03281880387148894 -0.027831361676233755 -0.004454610170621243
-0.4920997726369036 -0.4920997726369036 -0.4920997726369036 -0.4920997726369036 -0.4920997726369036 -0.4920997726369036 -0.4920997726369036 -0.4920997726369036 -0.2810557040078787 -0.44006304448803996 -0.44006304448803996 -0.44006304448803996 -0.44006304448803996 -0.4920997726369036 -0.44006304448803996 -0.44006304448803996 -0.44006304448803996 -0.44006304448803996 -0.44006304448803996 -0.4920997726369036 -0.44006304448803996 -0.4920997726369036 -0.44006304448803996 -0.44006304448803996 -0.44006304448803996 -0.44006304448803996 -0.43078755476491404 -0.43078755476491404 -0.44006304448803996 -0.3742494640628821 -0.19888506729384528 -0.44006304448803996 -0.44006304448803996 -0.41897199989951445 -0.4920997726369036 -0.28743918845284816 -0.4920997726369036 -0.2810557040078787 -0.43078755476491404 -0.43078755476491404 -0.28743918845284816 -0.28743918845284816 -0.43078755476491404 -0.43078755476491404 -0.4920997726369036 -0.4269639815696264 -0.44006304448803996 -0.44006304448803996 -0.43078755476491404 -0.2810557040078787 -0.2810557040078787 -0.43078755476491404 -0.43078755476491404 -0.44006304448803996 -0.2457238361529283 -0.44006304448803996 -0.44006304448803996 -0.19888506729384528 -0.30465158591214453 -0.30465158591214453 -0.22713002994941628 -0.22812406892408477 -0.22713002994941628 -0.22812406892408477 -0.22713002994941628 -0.22812406892408477 -0.22713002994941628 -0.40176332073031623 -0.22812406892408477 -0.2457238361529283 -0.22713002994941628 -0.36905128704578893 -0.22713002994941628 -0.34978606364198145 -0.22812406892408477 -0.2910831897350783 -0.2910831897350783 -0.2910831897350783 -0.28112522574906906 -0.14576873237876967 -0.27120883402619844 -0.22713002994941628 -0.25982577480618435 -0.21409170335795727 -0.1995259280529714 -0.19736164869341716 -0.1821068647573436 -0.17614167262846486 -0.1739098427424842 -0.1627888159462234 -0.1627888159462234 -0.1627888159462234 -0.1627888159462234 -0.13493349044006586 -0.12960204680651732 -0.12190901523893742 -0.12190901523893742 -0.0820882152549233 -0.09868027573317253 -0.03281880387148894 -0.03281880387148894 -0.03281880387148894 -0.03883199429684344 -0.03883199429684344 -0.03928866302395971 -0.03281880387148894 -0.027831361676233755 -0.004454610170621243
-0.3478157657845959 -0.3478157657845959 -0.3478157657845959 -0.3478157657845959 -0.3478157657845959 -0.3478157657845959 -0.3478157657845959 -0.3478157657845959 -0.2810557040078787 -0.6220675836999777 -0.6220675836999777 -0.6220675836999777 -0.6220675836999777 -0.3478157657845959 -0.6220675836999777 -0.6220675836999777 -0.6220675836999777 -0.6220675836999777 -0.6220675836999777 -0.3478157657845959 -0.6220675836999777 -0.3478157657845959 -0.6220675836999777 -0.6220675836999777 -0.6116113332488385 -0.6220675836999777 -0.3478157657845959 -0.3478157657845959 -0.6220675836999777 -0.3478157657845959 -0.19888506729384528 -0.6017555573625897 -0.582398966773178 -0.3478157657845959 -0.3478157657845959 -0.28743918845284816 -0.3478157657845959 -0.2810557040078787 -0.3478157657845959 -0.3478157657845959 -0.28743918845284816 -0.28743918845284816 -0.3478157657845959 -0.3478157657845959 -0.3478157657845959 -0.3478157657845959 -0.4686932544103909 -0.49800844271249134 -0.3478157657845959 -0.2810557040078787 -0.2810557040078787 -0.3478157657845959 -0.3478157657845959 -0.4584190234342771 -0.2457238361529283 -0.44006304448803996 -0.44988319435804547 -0.19888506729384528 -0.30465158591214453 -0.30465158591214453 -0.22713002994941628 -0.22812406892408477 -0.22713002994941628 -0.22812406892408477 -0.22713002994941628 -0.22812406892408477 -0.22713002994941628 -0.3478157657845959 -0.22812406892408477 -0.2457238361529283 -0.22713002994941628 -0.36905128704578893 -0.22713002994941628 -0.34978606364198145 -0.22812406892408477 -0.2910831897350783 -0.2910831897350783 -0.2910831897350783 -0.28112522574906906 -0.14576873237876967 -0.27120883402619844 -0.22713002994941628 -0.25982577480618435 -0.21409170335795727 -0.1995259280529714 -0.19736164869341716 -0.1821068647573436 -0.17614167262846486 -0.1739098427424842 -0.1627888159462234 -0.1627888159462234 -0.1627888159462234 -0.1627888159462234 -0.13493349044006586 -0.12960204680651732 -0.12190901523893742 -0.12190901523893742 -0.0820882152549233 -0.09868027573317253 -0.03281880387148894 -0.03281880387148894 -0.03281880387148894 -0.03883199429684344 -0.03883199429684344 -0.03928866302395971 -0.03281880387148894 -0.027831361676233755 -0.004454610170621243
-0.3478157657845959 -0.3478157657845959 -0.3478157657845959 -0.3478157657845959 -0.3478157657845959 -0.3478157657845959 -0.3478157657845959 -0.3478157657845959 -0.2810557040078787 -0.6211636099116127 -0.6211636099116127 -0.6211636099116127 -0.5512430657687283 -0.3478157657845959 -0.6211636099116127 -0.6211636099116127 -0.6211636099116127 -0.6211636099116127 -0.5512430657687283 -0.3478157657845959 -0.6211636099116127 -0.3478157657845959 -0.6211636099116127 -0.5512430657687283 -0.6116113332488385 -0.5512430657687283 -0.3478157657845959 -0.3478157657845959 -0.5512430657687283 -0.3478157657845959 -0.19888506729384528 -0.5512430657687283 -0.5540045622617185 -0.3478157657845959 -0.3478157657845959 -0.28743918845284816 -0.3478157657845959 -0.2810557040078787 -0.3478157657845959 -0.3478157657845959 -0.28743918845284816 -0.28743918845284816 -0.3478157657845959 -0.3478157657845959 -0.3478157657845959 -0.3478157657845959 -0.4686932544103909 -0.47301892908293836 -0.3478157657845959 -0.2810557040078787 -0.2810557040078787 -0.3478157657845959 -0.3478157657845959 -0.4584190234342771 -0.2457238361529283 -0.44006304448803996 -0.44988319435804547 -0.19888506729384528 -0.30465158591214453 -0.30465158591214453 -0.22713002994941628 -0.22812406892408477 -0.22713002994941628 -0.22812406892408477 -0.22713002994941628 -0.22812406892408477 -0.22713002994941628 -0.3478157657845959 -0.22812406892408477 -0.2457238361529283 -0.22713002994941628 -0.36905128704578893 -0.22713002994941628 -0.34978606364198145 -0.22812406892408477 -0.2910831897350783 -0.2910831897350783 -0.2910831897350783 -0.28112522574906906 -0.14576873237876967 -0.27120883402619844 -0.22713002994941628 -0.25982577480618435 -0.21409170335795727 -0.1995259280529714 -0.19736164869341716 -0.1821068647573436 -0.17614167262846486 -0.1739098427424842 -0.1627888159462234 -0.1627888159462234 -0.1627888159462234 -0.1627888159462234 -0.13493349044006586 -0.12960204680651732 -0.12190901523893742 -0.12190901523893742 -0.0820882152549233 -0.09868027573317253 -0.03281880387148894 -0.03281880387148894 -0.03281880387148894 -0.03883199429684344 -0.03883199429684344 -0.03928866302395971 -0.03281880387148894 -0.027831361676233755 -0.004454610170621243
-0.3478157657845959 -0.3478157657845959 -0.3478157657845959 -0.3478157657845959 -0.3478157657845959 -0.3478157657845959 -0.3478157657845959 -0.3478157657845959 -0.2810557040078787 -0.617300114118141 -0.617300114118141 -0.617300114118141 -0.5512430657687283 -0.3478157657845959 -0.617300114118141 -0.617300114118141 -0.617300114118141 -0.617300114118141 -0.5512430657687283 -0.3478157657845959 -0.617300114118141 -0.3478157657845959 -0.617300114118141 -0.5512430657687283 -0.6116113332488385 -0.5512430657687283 -0.3478157657845959 -0.3478157657845959 -0.5512430657687283 -0.3478157657845959 -0.19888506729384528 -0.5512430657687283 -0.5540045622617185 -0.3478157657845959 -0.3478157657845959 -0.28743918845284816 -0.3478157657845959 -0.2810557040078787 -0.3478157657845959 -0.3478157657845959 -0.28743918845284816 -0.28743918845284816 -0.3478157657845959 -0.3478157657845959 -0.3478157657845959 -0.3478157657845959 -0.4686932544103909 -0.47301892908293836 -0.3478157657845959 -0.2810557040078787 -0.2810557040078787 -0.3478157657845959 -0.3478157657845959 -0.4584190234342771 -0.2457238361529283 -0.44006304448803996 -0.44988319435804547 -0.19888506729384528 -0.30465158591214453 -0.30465158591214453 -0.22713002994941628 -0.22812406892408477 -0.22713002994941628 -0.22812406892408477 -0.22713002994941628 -0.22812406892408477 -0.22713002994941628 -0.3478157657845959 -0.22812406892408477 -0.2457238361529283 -0.22713002994941628 -0.36905128704578893 -0.22713002994941628 -0.34978606364198145 -0.22812406892408477 -0.2910831897350783 -0.2910831897350783 -0.2910831897350783 -0.28112522574906906 -0.14576873237876967 -0.27120883402619844 -0.22713002994941628 -0.25982577480618435 -0.21409170335795727 -0.1995259280529714 -0.19736164869341716 -0.1821068647573436 -0.17614167262846486 -0.1739098427424842 -0.1627888159462234 -0.1627888159462234 -0.1627888159462234 -0.1627888159462234 -0.13493349044006586 -0.12960204680651732 -0.12190901523893742 -0.12190901523893742 -0.0820882152549233 -0.09868027573317253 -0.03281880387148894 -0.03281880387148894 -0.03281880387148894 -0.03883199429684344 -0.03883199429684344 -0.03928866302395971 -0.03281880387148894 -0.027831361676233755 -0.004454610170621243
-0.4920997726369036 -0.4920997726369036 -0.4920997726369036 -0.4920997726369036 -0.4920997726369036 -0.4920997726369036 -0.4920997726369036 -0.4920997726369036 -0.2810557040078787 -0.3478157657845959 -0.3478157657845959 -0.3478157657845959 -0.3478157657845959 -0.4920997726369036 -0.3478157657845959 -0.3478157657845959 -0.3478157657845959 -0.3478157657845959 -0.3478157657845959 -0.4920997726369036 -0.3478157657845959 -0.4920997726369036 -0.3478157657845959 -0.3478157657845959 -0.3478157657845959 -0.3478157657845959 -0.43078755476491404 -0.43078755476491404 -0.3478157657845959 -0.3742494640628821 -0.19888506729384528 -0.3478157657845959 -0.3478157657845959 -0.41897199989951445 -0.4920997726369036 -0.28743918845284816 -0.4920997726369036 -0.2810557040078787 -0.43078755476491404 -0.43078755476491404 -0.28743918845284816 -0.28743918845284816 -0.43078755476491404 -0.43078755476491404 -0.4920997726369036 -0.4269639815696264 -0.3478157657845959 -0.3478157657845959 -0.43078755476491404 -0.2810557040078787 -0.2810557040078787 -0.43078755476491404 -0.43078755476491404 -0.3478157657845959 -0.2457238361529283 -0.3478157657845959 -0.3478157657845959 -0.19888506729384528 -0.30465158591214453 -0.30465158591214453 -0.22713002994941628 -0.22812406892408477 -0.22713002994941628 -0.22812406892408477 -0.22713002994941628 -0.22812406892408477 -0.22713002994941628 -0.3962309228082263 -0.22812406892408477 -0.2457238361529283 -0.22713002994941628 -0.3478157657845959 -0.22713002994941628 -0.3478157657845959 -0.22812406892408477 -0.2910831897350783 -0.2910831897350783 -0.2910831897350783 -0.28112522574906906 -0.14576873237876967 -0.27120883402619844 -0.22713002994941628 -0.25982577480618435 -0.21409170335795727 -0.1995259280529714 -0.19736164869341716 -0.1821068647573436 -0.17614167262846486 -0.1739098427424842 -0.1627888159462234 -0.1627888159462234 -0.1627888159462234 -0.1627888159462234 -0.13493349044006586 -0.12960204680651732 -0.12190901523893742 -0.12190901523893742 -0.0820882152549233 -0.09868027573317253 -0.03281880387148894 -0.03281880387148894 -0.03281880387148894 -0.03883199429684344 -0.03883199429684344 -0.03928866302395971 -0.03281880387148894 -0.027831361676233755 -0.004454610170621243
-0.43078755476491404 -0.43078755476491404 -0.43078755476491404 -0.43078755476491404 -0.43078755476491404 -0.43078755476491404 -0.43078755476491404 -0.43078755476491404 -0.2810557040078787 -0.3478157657845959 -0.3478157657845959 -0.3478157657845959 -0.3478157657845959 -0.43078755476491404 -0.3478157657845959 -0.3478157657845959 -0.3478157657845959 -0.3478157657845959 -0.3478157657845959 -0.43078755476491404 -0.3478157657845959 -0.43078755476491404 -0.3478157657845959 -0.3478157657845959 -0.3478157657845959 -0.3478157657845959 -0.44114776996581384 -0.44114776996581384 -0.3478157657845959 -0.3742494640628821 -0.19888506729384528 -0.3478157657845959 -0.3478157657845959 -0.41897199989951445 -0.43078755476491404 -0.28743918845284816 -0.43078755476491404 -0.2810557040078787 -0.5417953259085766 -0.5417953259085766 -0.28743918845284816 -0.28743918845284816 -0.48491219158481524 -0.48491219158481524 -0.43078755476491404 -0.4269639815696264 -0.3478157657845959 -0.3478157657845959 -0.48443673562557354 -0.2810557040078787 -0.2810557040078787 -0.4718555048144059 -0.46771039693982036 -0.3478157657845959 -0.2457238361529283 -0.3478157657845959 -0.3478157657845959 -0.19888506729384528 -0.30465158591214453 -0.30465158591214453 -0.22713002994941628 -0.22812406892408477 -0.22713002994941628 -0.22812406892408477 -0.22713002994941628 -0.22812406892408477 -0.22713002994941628 -0.3962309228082263 -0.22812406892408477 -0.2457238361529283 -0.22713002994941628 -0.3478157657845959 -0.22713002994941628 -0.3478157657845959 -0.22812406892408477 -0.2910831897350783 -0.2910831897350783 -0.2910831897350783 -0.28112522574906906 -0.14576873237876967 -0.27120883402619844 -0.22713002994941628 -0.25982577480618435 -0.21409170335795727 -0.1995259280529714 -0.19736164869341716 -0.1821068647573436 -0.17614167262846486 -0.1739098427424842 -0.1627888159462234 -0.1627888159462234 -0.1627888159462234 -0.1627888159462234 -0.13493349044006586 -0.12960204680651732 -0.12190901523893742 -0.12190901523893742 -0.0820882152549233 -0.09868027573317253 -0.03281880387148894 -0.03281880387148894 -0.03281880387148894 -0.03883199429684344 -0.03883199429684344 -0.03928866302395971 -0.03281880387148894 -0.027831361676233755 -0.004454610170621243
-0.3478157657845959 -0.3478157657845959 -0.3478157657845959 -0.3478157657845959 -0.3478157657845959 -0.3478157657845959 -0.3478157657845959 -0.3478157657845959 -0.2810557040078787 -0.5644669148269659 -0.5644669148269659 -0.5644669148269659 -0.5512430657687283 -0.3478157657845959 -0.5644669148269659 -0.5644669148269659 -0.5644669148269659 -0.5644669148269659 -0.5512430657687283 -0.3478157657845959 -0.5644669148269659 -0.3478157657845959 -0.5644669148269659 -0.5512430657687283 -0.5644669148269659 -0.5512430657687283 -0.3478157657845959 -0.3478157657845959 -0.5512430657687283 -0.3478157657845959 -0.19888506729384528 -0.5512430657687283 -0.5540045622617185 -0.3478157657845959 -0.3478157657845959 -0.28743918845284816 -0.3478157657845959 -0.2810557040078787 -0.3478157657845959 -0.3478157657845959 -0.28743918845284816 -0.28743918845284816 -0.3478157657845959 -0.3478157657845959 -0.3478157657845959 -0.3478157657845959 -0.4686932544103909 -0.47301892908293836 -0.3478157657845959 -0.2810557040078787 -0.2810557040078787 -0.3478157657845959 -0.3478157657845959 -0.4584190234342771 -0.2457238361529283 -0.44006304448803996 -0.44988319435804547 -0.19888506729384528 -0.30465158591214453 -0.30465158591214453 -0.22713002994941628 -0.22812406892408477 -0.22713002994941628 -0.22812406892408477 -0.22713002994941628 -0.22812406892408477 -0.22713002994941628 -0.3478157657845959 -0.22812406892408477 -0.2457238361529283 -0.22713002994941628 -0.36905128704578893 -0.22713002994941628 -0.34978606364198145 -0.22812406892408477 -0.2910831897350783 -0.2910831897350783 -0.2910831897350783 -0.28112522574906906 -0.14576873237876967 -0.27120883402619844 -0.22713002994941628 -0.25982577480618435 -0.21409170335795727 -0.1995259280529714 -0.19736164869341716 -0.1821068647573436 -0.17614167262846486 -0.1739098427424842 -0.1627888159462234 -0.1627888159462234 -0.1627888159462234 -0.1627888159462234 -0.13493349044006586 -0.12960204680651732 -0.12190901523893742 -0.12190901523893742 -0.0820882152549233 -0.09868027573317253 -0.03281880387148894 -0.03281880387148894 -0.03281880387148894 -0.03883199429684344 -0.03883199429684344 -0.03928866302395971 -0.03281880387148894 -0.027831361676233755 -0.004454610170621243
-0.41897199989951445 -0.41897199989951445 -0.41897199989951445 -0.41897199989951445 -0.41897199989951445 -0.41897199989951445 -0.41897199989951445 -0.41897199989951445 -0.2810557040078787 -0.3478157657845959 -0.3478157657845959 -0.3478157657845959 -0.3478157657845959 -0.41897199989951445 -0.3478157657845959 -0.3478157657845959 -0.3478157657845959 -0.3478157657845959 -0.3478157657845959 -0.41897199989951445 -0.3478157657845959 -0.41897199989951445 -0.3478157657845959 -0.3478157657845959 -0.3478157657845959 -0.3478157657845959 -0.41897199989951445 -0.41897199989951445 -0.3478157657845959 -0.3742494640628821 -0.19888506729384528 -0.3478157657845959 -0.3478157657845959 -0.5450934577837133 -0.41897199989951445 -0.28743918845284816 -0.41897199989951445 -0.2810557040078787 -0.41897199989951445 -0.41897199989951445 -0.28743918845284816 -0.28743918845284816 -0.41897199989951445 -0.41897199989951445 -0.41897199989951445 -0.41897199989951445 -0.3478157657845959 -0.3478157657845959 -0.41897199989951445 -0.2810557040078787 -0.2810557040078787 -0.41897199989951445 -0.41897199989951445 -0.3478157657845959 -0.2457238361529283 -0.3478157657845959 -0.3478157657845959 -0.19888506729384528 -0.30465158591214453 -0.30465158591214453 -0.22713002994941628 -0.22812406892408477 -0.22713002994941628 -0.22812406892408477 -0.22713002994941628 -0.22812406892408477 -0.22713002994941628 -0.3962309228082263 -0.22812406892408477 -0.2457238361529283 -0.22713002994941628 -0.3478157657845959 -0.22713002994941628 -0.3478157657845959 -0.22812406892408477 -0.2910831897350783 -0.2910831897350783 -0.2910831897350783 -0.28112522574906906 -0.14576873237876967 -0.27120883402619844 -0.22713002994941628 -0.25982577480618435 -0.21409170335795727 -0.1995259280529714 -0.19736164869341716 -0.1821068647573436 -0.17614167262846486 -0.1739098427424842 -0.1627888159462234 -0.1627888159462234 -0.1627888159462234 -0.1627888159462234 -0.13493349044006586 -0.12960204680651732 -0.12190901523893742 -0.12190901523893742 -0.0820882152549233 -0.09868027573317253 -0.03281880387148894 -0.03281880387148894 -0.03281880387148894 -0.03883199429684344 -0.03883199429684344 -0.03928866302395971 -0.03281880387148894 -0.027831361676233755 -0.004454610170621243
-0.4813680519715758 -0.4813680519715758 -0.4813680519715758 -0.4813680519715758 -0.4813680519715758 -0.4813680519715758 -0.4813680519715758 -0.4813680519715758 -0.2810557040078787 -0.3478157657845959 -0.3478157657845959 -0.3478157657845959 -0.3478157657845959 -0.4813680519715758 -0.3478157657845959 -0.3478157657845959 -0.3478157657845959 -0.3478157657845959 -0.3478157657845959 -0.4813680519715758 -0.3478157657845959 -0.4813680519715758 -0.3478157657845959 -0.3478157657845959 -0.3478157657845959 -0.3478157657845959 -0.43078755476491404 -0.43078755476491404 -0.3478157657845959 -0.3742494640628821 -0.19888506729384528 -0.3478157657845959 -0.3478157657845959 -0.41897199989951445 -0.4813680519715758 -0.28743918845284816 -0.4813680519715758 -0.2810557040078787 -0.43078755476491404 -0.43078755476491404 -0.28743918845284816 -0.28743918845284816 -0.43078755476491404 -0.43078755476491404 -0.4813680519715758 -0.4269639815696264 -0.3478157657845959 -0.3478157657845959 -0.43078755476491404 -0.2810557040078787 -0.2810557040078787 -0.43078755476491404 -0.43078755476491404 -0.3478157657845959 -0.2457238361529283 -0.3478157657845959 -0.3478157657845959 -0.19888506729384528 -0.30465158591214453 -0.30465158591214453 -0.22713002994941628 -0.22812406892408477 -0.22713002994941628 -0.22812406892408477 -0.22713002994941628 -0.22812406892408477 -0.22713002994941628 -0.3962309228082263 -0.22812406892408477 -0.2457238361529283 -0.22713002994941628 -0.3478157657845959 -0.22713002994941628 -0.3478157657845959 -0.22812406892408477 -0.2910831897350783 -0.2910831897350783 -0.2910831897350783 -0.28112522574906906 -0.14576873237876967 -0.27120883402619844 -0.22713002994941628 -0.25982577480618435 -0.21409170335795727 -0.1995259280529714 -0.19736164869341716 -0.1821068647573436 -0.17614167262846486 -0.1739098427424842 -0.1627888159462234 -0.1627888159462234 -0.1627888159462234 -0.1627888159462234 -0.13493349044006586 -0.12960204680651732 -0.12190901523893742 -0.12190901523893742 -0.0820882152549233 -0.09868027573317253 -0.03281880387148894 -0.03281880387148894 -0.03281880387148894 -0.03883199429684344 -0.03883199429684344 -0.03928866302395971 -0.03281880387148894 -0.027831361676233755 -0.004454610170621243
-0.4803603223054818 -0.4803603223054818 -0.4803603223054818 -0.4803603223054818 -0.4803603223054818 -0.4803603223054818 -0.4803603223054818 -0.4803603223054818 -0.2810557040078787 -0.3478157657845959 -0.3478157657845959 -0.3478157657845959 -0.3478157657845959 -0.4803603223054818 -0.3478157657845959 -0.3478157657845959 -0.3478157657845959 -0.3478157657845959 -0.3478157657845959 -0.4803603223054818 -0.3478157657845959 -0.4803603223054818 -0.3478157657845959 -0.3478157657845959 -0.3478157657845959 -0.3478157657845959 -0.43078755476491404 -0.43078755476491404 -0.3478157657845959 -0.3742494640628821 -0.19888506729384528 -0.3478157657845959 -0.3478157657845959 -0.41897199989951445 -0.4803603223054818 -0.28743918845284816 -0.4803603223054818 -0.2810557040078787 -0.43078755476491404 -0.43078755476491404 -0.28743918845284816 -0.28743918845284816 -0.43078755476491404 -0.43078755476491404 -0.4803603223054818 -0.4269639815696264 -0.3478157657845959 -0.3478157657845959 -0.43078755476491404 -0.2810557040078787 -0.2810557040078787 -0.43078755476491404 -0.43078755476491404 -0.3478157657845959 -0.2457238361529283 -0.3478157657845959 -0.3478157657845959 -0.19888506729384528 -0.30465158591214453 -0.30465158591214453 -0.22713002994941628 -0.22812406892408477 -0.22713002994941628 -0.22812406892408477 -0.22713002994941628 -0.22812406892408477 -0.22713002994941628 -0.3962309228082263 -0.22812406892408477 -0.2457238361529283 -0.22713002994941628 -0.3478157657845959 -0.22713002994941628 -0.3478157657845959 -0.22812406892408477 -0.2910831897350783 -0.2910831897350783 -0.2910831897350783 -0.28112522574906906 -0.14576873237876967 -0.27120883402619844 -0.22713002994941628 -0.25982577480618435 -0.21409170335795727 -0.1995259280529714 -0.19736164869341716 -0.1821068647573436 -0.17614167262846486 -0.1739098427424842 -0.1627888159462234 -0.1627888159462234 -0.1627888159462234 -0.1627888159462234 -0.13493349044006586 -0.12960204680651732 -0.12190901523893742 -0.12190901523893742 -0.0820882152549233 -0.09868027573317253 -0.03281880387148894 -0.03281880387148894 -0.03281880387148894 -0.03883199429684344 -0.03883199429684344 -0.03928866302395971 -0.03281880387148894 -0.027831361676233755 -0.004454610170621243
-0.30465158591214453 -0.30465158591214453 -0.30465158591214453 -0.30465158591214453 -0.30465158591214453 -0.30465158591214453 -0.30465158591214453 -0.30465158591214453 -0.2810557040078787 -0.30465158591214453 -0.30465158591214453 -0.30465158591214453 -0.30465158591214453 -0.30465158591214453 -0.30465158591214453 -0.30465158591214453 -0.30465158591214453 -0.30465158591214453 -0.30465158591214453 -0.30465158591214453 -0.30465158591214453 -0.30465158591214453 -0.30465158591214453 -0.30465158591214453 -0.30465158591214453 -0.30465158591214453 -0.30465158591214453 -0.30465158591214453 -0.30465158591214453 -0.30465158591214453 -0.19888506729384528 -0.30465158591214453 -0.30465158591214453 -0.30465158591214453 -0.30465158591214453 -0.28743918845284816 -0.30465158591214453 -0.2810557040078787 -0.30465158591214453 -0.30465158591214453 -0.28743918845284816 -0.28743918845284816 -0.30465158591214453 -0.30465158591214453 -0.30465158591214453 -0.30465158591214453 -0.30465158591214453 -0.30465158591214453 -0.30465158591214453 -0.2810557040078787 -0.2810557040078787 -0.30465158591214453 -0.30465158591214453 -0.30465158591214453 -0.2457238361529283 -0.30465158591214453 -0.30465158591214453 -0.19888506729384528 -0.30465158591214453 -0.30465158591214453 -0.22713002994941628 -0.22812406892408477 -0.22713002994941628 -0.22812406892408477 -0.22713002994941628 -0.22812406892408477 -0.22713002994941628 -0.30465158591214453 -0.22812406892408477 -0.2457238361529283 -0.22713002994941628 -0.30465158591214453 -0.22713002994941628 -0.30465158591214453 -0.22812406892408477 -0.2910831897350783 -0.2910831897350783 -0.2910831897350783 -0.28112522574906906 -0.14576873237876967 -0.27120883402619844 -0.22713002994941628 -0.25982577480618435 -0.21409170335795727 -0.1995259280529714 -0.19736164869341716 -0.1821068647573436 -0.17614167262846486 -0.1739098427424842 -0.1627888159462234 -0.1627888159462234 -0.1627888159462234 -0.1627888159462234 -0.13493349044006586 -0.12960204680651732 -0.12190901523893742 -0.12190901523893742 -0.0820882152549233 -0.09868027573317253 -0.03281880387148894 -0.03281880387148894 -0.03281880387148894 -0.03883199429684344 -0.03883199429684344 -0.03928866302395971 -0.03281880387148894 -0.027831361676233755 -0.004454610170621243
-0.30465158591214453 -0.30465158591214453 -0.30465158591214453 -0.30465158591214453 -0.30465158591214453 -0.30465158591214453 -0.30465158591214453 -0.30465158591214453 -0.2810557040078787 -0.30465158591214453 -0.30465158591214453 -0.30465158591214453 -0.30465158591214453 -0.30465158591214453 -0.30465158591214453 -0.30465158591214453 -0.30465158591214453 -0.30465158591214453 -0.30465158591214453 -0.30465158591214453 -0.30465158591214453 -0.30465158591214453 -0.30465158591214453 -0.30465158591214453 -0.30465158591214453 -0.30465158591214453 -0.30465158591214453 -0.30465158591214453 -0.30465158591214453 -0.30465158591214453 -0.19888506729384528 -0.30465158591214453 -0.30465158591214453 -0.30465158591214453 -0.30465158591214453 -0.28743918845284816 -0.30465158591214453 -0.2810557040078787 -0.30465158591214453 -0.30465158591214453 -0.28743918845284816 -0.28743918845284816 -0.30465158591214453 -0.30465158591214453 -0.30465158591214453 -0.30465158591214453 -0.30465158591214453 -0.30465158591214453 -0.30465158591214453 -0.2810557040078787 -0.2810557040078787 -0.30465158591214453 -0.30465158591214453 -0.30465158591214453 -0.2457238361529283 -0.30465158591214453 -0.30465158591214453 -0.19888506729384528 -0.30465158591214453 -0.30465158591214453 -0.22713002994941628 -0.22812406892408477 -0.22713002994941628 -0.22812406892408477 -0.22713002994941628 -0.22812406892408477 -0.22713002994941628 -0.30465158591214453 -0.22812406892408477 -0.2457238361529283 -0.22713002994941628 -0.30465158591214453 -0.22713002994941628 -0.30465158591214453 -0.22812406892408477 -0.2910831897350783 -0.2910831897350783 -0.2910831897350783 -0.28112522574906906 -0.14576873237876967 -0.27120883402619844 -0.22713002994941628 -0.25982577480618435 -0.21409170335795727 -0.1995259280529714 -0.19736164869341716 -0.1821068647573436 -0.17614167262846486 -0.1739098427424842 -0.1627888159462234 -0.1627888159462234 -0.1627888159462234 -0.1627888159462234 -0.13493349044006586 -0.12960204680651732 -0.12190901523893742 -0.12190901523893742 -0.0820882152549233 -0.09868027573317253 -0.03281880387148894 -0.03281880387148894 -0.03281880387148894 -0.03883199429684344 -0.03883199429684344 -0.03928866302395971 -0.03281880387148894 -0.027831361676233755 -0.004454610170621243
-0.42829574354283445 -0.42829574354283445 -0.42829574354283445 -0.42829574354283445 -0.42829574354283445 -0.42829574354283445 -0.42829574354283445 -0.42829574354283445 -0.2810557040078787 -0.3478157657845959 -0.3478157657845959 -0.3478157657845959 -0.3478157657845959 -0.42829574354283445 -0.3478157657845959 -0.3478157657845959 -0.3478157657845959 -0.3478157657845959 -0.3478157657845959 -0.42829574354283445 -0.3478157657845959 -0.42829574354283445 -0.3478157657845959 -0.3478157657845959 -0.3478157657845959 -0.3478157657845959 -0.42829574354283445 -0.42829574354283445 -0.3478157657845959 -0.3742494640628821 -0.19888506729384528 -0.3478157657845959 -0.3478157657845959 -0.41897199989951445 -0.42829574354283445 -0.28743918845284816 -0.42829574354283445 -0.2810557040078787 -0.42829574354283445 -0.42829574354283445 -0.28743918845284816 -0.28743918845284816 -0.42829574354283445 -0.42829574354283445 -0.42829574354283445 -0.4269639815696264 -0.3478157657845959 -0.3478157657845959 -0.42829574354283445 -0.2810557040078787 -0.2810557040078787 -0.42829574354283445 -0.42829574354283445 -0.3478157657845959 -0.2457238361529283 -0.3478157657845959 -0.3478157657845959 -0.19888506729384528 -0.30465158591214453 -0.30465158591214453 -0.22713002994941628 -0.22812406892408477 -0.22713002994941628 -0.22812406892408477 -0.22713002994941628 -0.22812406892408477 -0.22713002994941628 -0.3962309228082263 -0.22812406892408477 -0.2457238361529283 -0.22713002994941628 -0.3478157657845959 -0.22713002994941628 -0.3478157657845959 -0.22812406892408477 -0.2910831897350783 -0.2910831897350783 -0.2910831897350783 -0.28112522574906906 -0.14576873237876967 -0.27120883402619844 -0.22713002994941628 -0.25982577480618435 -0.21409170335795727 -0.1995259280529714 -0.19736164869341716 -0.1821068647573436 -0.17614167262846486 -0.1739098427424842 -0.1627888159462234 -0.1627888159462234 -0.1627888159462234 -0.1627888159462234 -0.13493349044006586 -0.12960204680651732 -0.12190901523893742 -0.12190901523893742 -0.0820882152549233 -0.09868027573317253 -0.03281880387148894 -0.03281880387148894 -0.03281880387148894 -0.03883199429684344 -0.03883199429684344 -0.03928866302395971 -0.03281880387148894 -0.027831361676233755 -0.004454610170621243
-0.4001686755708855 -0.4001686755708855 -0.4001686755708855 -0.4001686755708855 -0.4001686755708855 -0.4001686755708855 -0.4001686755708855 -0.4001686755708855 -0.2810557040078787 -0.3478157657845959 -0.3478157657845959 -0.3478157657845959 -0.3478157657845959 -0.4001686755708855 -0.3478157657845959 -0.3478157657845959 -0.3478157657845959 -0.3478157657845959 -0.3478157657845959 -0.4001686755708855 -0.3478157657845959 -0.4001686755708855 -0.3478157657845959 -0.3478157657845959 -0.3478157657845959 -0.3478157657845959 -0.4001686755708855 -0.4001686755708855 -0.3478157657845959 -0.3742494640628821 -0.19888506729384528 -0.3478157657845959 -0.3478157657845959 -0.4001686755708855 -0.4001686755708855 -0.28743918845284816 -0.4001686755708855 -0.2810557040078787 -0.4001686755708855 -0.4001686755708855 -0.28743918845284816 -0.28743918845284816 -0.4001686755708855 -0.4001686755708855 -0.4001686755708855 -0.4001686755708855 -0.3478157657845959 -0.3478157657845959 -0.4001686755708855 -0.2810557040078787 -0.2810557040078787 -0.4001686755708855 -0.4001686755708855 -0.3478157657845959 -0.2457238361529283 -0.3478157657845959 -0.3478157657845959 -0.19888506729384528 -0.30465158591214453 -0.30465158591214453 -0.22713002994941628 -0.22812406892408477 -0.22713002994941628 -0.22812406892408477 -0.22713002994941628 -0.22812406892408477 -0.22713002994941628 -0.3962309228082263 -0.22812406892408477 -0.2457238361529283 -0.22713002994941628 -0.3478157657845959 -0.22713002994941628 -0.3478157657845959 -0.22812406892408477 -0.2910831897350783 -0.2910831897350783 -0.2910831897350783 -0.28112522574906906 -0.14576873237876967 -0.27120883402619844 -0.22713002994941628 -0.25982577480618435 -0.21409170335795727 -0.1995259280529714 -0.19736164869341716 -0.1821068647573436 -0.17614167262846486 -0.1739098427424842 -0.1627888159462234 -0.1627888159462234 -0.1627888159462234 -0.1627888159462234 -0.13493349044006586 -0.12960204680651732 -0.12190901523893742 -0.12190901523893742 -0.0820882152549233 -0.09868027573317253 -0.03281880387148894 -0.03281880387148894 -0.03281880387148894 -0.03883199429684344 -0.03883199429684344 -0.03928866302395971 -0.03281880387148894 -0.027831361676233755 -0.004454610170621243
-0.3478157657845959 -0.3478157657845959 -0.3478157657845959 -0.3478157657845959 -0.3478157657845959 -0.3478157657845959 -0.3478157657845959 -0.3478157657845959 -0.2810557040078787 -0.388514791229325 -0.388514791229325 -0.388514791229325 -0.388514791229325 -0.3478157657845959 -0.388514791229325 -0.388514791229325 -0.388514791229325 -0.388514791229325 -0.388514791229325 -0.3478157657845959 -0.388514791229325 -0.3478157657845959 -0.388514791229325 -0.388514791229325 -0.388514791229325 -0.388514791229325 -0.3478157657845959 -0.3478157657845959 -0.388514791229325 -0.3478157657845959 -0.19888506729384528 -0.388514791229325 -0.388514791229325 -0.3478157657845959 -0.3478157657845959 -0.28743918845284816 -0.3478157657845959 -0.2810557040078787 -0.3478157657845959 -0.3478157657845959 -0.28743918845284816 -0.28743918845284816 -0.3478157657845959 -0.3478157657845959 -0.3478157657845959 -0.3478157657845959 -0.388514791229325 -0.388514791229325 -0.3478157657845959 -0.2810557040078787 -0.2810557040078787 -0.3478157657845959 -0.3478157657845959 -0.388514791229325 -0.2457238361529283 -0.388514791229325 -0.388514791229325 -0.19888506729384528 -0.30465158591214453 -0.30465158591214453 -0.3354811527992121 -0.388514791229325 -0.3354811527992121 -0.388514791229325 -0.3354811527992121 -0.388514791229325 -0.3354811527992121 -0.3478157657845959 -0.388514791229325 -0.2457238361529283 -0.372380233184908 -0.36905128704578893 -0.3202034540668203 -0.34978606364198145 -0.34737701512427543 -0.2910831897350783 -0.2910831897350783 -0.2910831897350783 -0.28112522574906906 -0.14576873237876967 -0.27120883402619844 -0.23532284632626882 -0.25982577480618435 -0.21409170335795727 -0.1995259280529714 -0.19736164869341716 -0.1821068647573436 -0.17614167262846486 -0.1739098427424842 -0.1627888159462234 -0.1627888159462234 -0.1627888159462234 -0.1627888159462234 -0.13493349044006586 -0.12960204680651732 -0.12190901523893742 -0.12190901523893742 -0.0820882152549233 -0.09868027573317253 -0.03281880387148894 -0.03281880387148894 -0.03281880387148894 -0.03883199429684344 -0.03883199429684344 -0.03928866302395971 -0.03281880387148894 -0.027831361676233755 -0.004454610170621243
-0.3478157657845959 -0.3478157657845959 -0.3478157657845959 -0.3478157657845959 -0.3478157657845959 -0.3478157657845959 -0.3478157657845959 -0.3478157657845959 -0.2810557040078787 -0.3883954735543802 -0.3883954735543802 -0.3883954735543802 -0.3883954735543802 -0.3478157657845959 -0.3883954735543802 -0.3883954735543802 -0.3883954735543802 -0.3883954735543802 -0.3883954735543802 -0.3478157657845959 -0.3883954735543802 -0.3478157657845959 -0.3883954735543802 -0.3883954735543802 -0.3883954735543802 -0.3883954735543802 -0.3478157657845959 -0.3478157657845959 -0.3883954735543802 -0.3478157657845959 -0.19888506729384528 -0.3883954735543802 -0.3883954735543802 -0.3478157657845959 -0.3478157657845959 -0.28743918845284816 -0.3478157657845959 -0.2810557040078787 -0.3478157657845959 -0.3478157657845959 -0.28743918845284816 -0.28743918845284816 -0.3478157657845959 -0.3478157657845959 -0.3478157657845959 -0.3478157657845959 -0.3883954735543802 -0.3883954735543802 -0.3478157657845959 -0.2810557040078787 -0.2810557040078787 -0.3478157657845959 -0.3478157657845959 -0.3883954735543802 -0.2457238361529283 -0.3883954735543802 -0.3883954735543802 -0.19888506729384528 -0.30465158591214453 -0.30465158591214453 -0.3883954735543802 -0.309886856261268 -0.3883954735543802 -0.309886856261268 -0.3883954735543802 -0.3883954735543802 -0.3883954735543802 -0.3478157657845959 -0.309886856261268 -0.2457238361529283 -0.372380233184908 -0.36905128704578893 -0.3202034540668203 -0.34978606364198145 -0.309886856261268 -0.2910831897350783 -0.2910831897350783 -0.2910831897350783 -0.28112522574906906 -0.14576873237876967 -0.27120883402619844 -0.23532284632626882 -0.25982577480618435 -0.21409170335795727 -0.1995259280529714 -0.19736164869341716 -0.1821068647573436 -0.17614167262846486 -0.1739098427424842 -0.1627888159462234 -0.1627888159462234 -0.1627888159462234 -0.1627888159462234 -0.13493349044006586 -0.12960204680651732 -0.12190901523893742 -0.12190901523893742 -0.0820882152549233 -0.09868027573317253 -0.03281880387148894 -0.03281880387148894 -0.03281880387148894 -0.03883199429684344 -0.03883199429684344 -0.03928866302395971 -0.03281880387148894 -0.027831361676233755 -0.004454610170621243
-0.3478157657845959 -0.3478157657845959 -0.3478157657845959 -0.3478157657845959 -0.3478157657845959 -0.3478157657845959 -0.3478157657845959 -0.3478157657845959 -0.2810557040078787 -0.3478157657845959 -0.3478157657845959 -0.3478157657845959 -0.3478157657845959 -0.3478157657845959 -0.3478157657845959 -0.3478157657845959 -0.3478157657845959 -0.3478157657845959 -0.3478157657845959 -0.3478157657845959 -0.3478157657845959 -0.3478157657845959 -0.3478157657845959 -0.3478157657845959 -0.3478157657845959 -0.3478157657845959 -0.3478157657845959 -0.3478157657845959 -0.3478157657845959 -0.3478157657845959 -0.19888506729384528 -0.3478157657845959 -0.3478157657845959 -0.3478157657845959 -0.3478157657845959 -0.28743918845284816 -0.3478157657845959 -0.2810557040078787 -0.3478157657845959 -0.3478157657845959 -0.28743918845284816 -0.28743918845284816 -0.3478157657845959 -0.3478157657845959 -0.3478157657845959 -0.3478157657845959 -0.3478157657845959 -0.3478157657845959 -0.3478157657845959 -0.2810557040078787 -0.2810557040078787 -0.3478157657845959 -0.3478157657845959 -0.3478157657845959 -0.2457238361529283 -0.3478157657845959 -0.3478157657845959 -0.19888506729384528 -0.30465158591214453 -0.30465158591214453 -0.22713002994941628 -0.38160552650837437 -0.22713002994941628 -0.38160552650837437 -0.22713002994941628 -0.38160552650837437 -0.22713002994941628 -0.3478157657845959 -0.38160552650837437 -0.2457238361529283 -0.22713002994941628 -0.3478157657845959 -0.22713002994941628 -0.3478157657845959 -0.34755656262909745 -0.2910831897350783 -0.2910831897350783 -0.2910831897350783 -0.28112522574906906 -0.14576873237876967 -0.27120883402619844 -0.22713002994941628 -0.25982577480618435 -0.21409170335795727 -0.1995259280529714 -0.19736164869341716 -0.1821068647573436 -0.17614167262846486 -0.1739098427424842 -0.1627888159462234 -0.1627888159462234 -0.1627888159462234 -0.1627888159462234 -0.13493349044006586 -0.12960204680651732 -0.12190901523893742 -0.12190901523893742 -0.0820882152549233 -0.09868027573317253 -0.03281880387148894 -0.03281880387148894 -0.03281880387148894 -0.03883199429684344 -0.03883199429684344 -0.03928866302395971 -0.03281880387148894 -0.027831361676233755 -0.004454610170621243
-0.3478157657845959 -0.3478157657845959 -0.3478157657845959 -0.3478157657845959 -0.3478157657845959 -0.3478157657845959 -0.3478157657845959 -0.3478157657845959 -0.2810557040078787 -0.3478157657845959 -0.3478157657845959 -0.3478157657845959 -0.3478157657845959 -0.3478157657845959 -0.3478157657845959 -0.3478157657845959 -0.3478157657845959 -0.3478157657845959 -0.3478157657845959 -0.3478157657845959 -0.3478157657845959 -0.3478157657845959 -0.3478157657845959 -0.3478157657845959 -0.3478157657845959 -0.3478157657845959 -0.3478157657845959 -0.3478157657845959 -0.3478157657845959 -0.3478157657845959 -0.19888506729384528 -0.3478157657845959 -0.3478157657845959 -0.3478157657845959 -0.3478157657845959 -0.28743918845284816 -0.3478157657845959 -0.2810557040078787 -0.3478157657845959 -0.3478157657845959 -0.28743918845284816 -0.28743918845284816 -0.3478157657845959 -0.3478157657845959 -0.3478157657845959 -0.3478157657845959 -0.3478157657845959 -0.3478157657845959 -0.3478157657845959 -0.2810557040078787 -0.2810557040078787 -0.3478157657845959 -0.3478157657845959 -0.3478157657845959 -0.2457238361529283 -0.3478157657845959 -0.3478157657845959 -0.19888506729384528 -0.30465158591214453 -0.30465158591214453 -0.38066543373606926 -0.22812406892408477 -0.38066543373606926 -0.22812406892408477 -0.38066543373606926 -0.22812406892408477 -0.38066543373606926 -0.3478157657845959 -0.22812406892408477 -0.2457238361529283 -0.372380233184908 -0.3478157657845959 -0.35426041956139315 -0.3478157657845959 -0.22812406892408477 -0.2910831897350783 -0.2910831897350783 -0.2910831897350783 -0.28112522574906906 -0.14576873237876967 -0.27120883402619844 -0.23532284632626882 -0.25982577480618435 -0.21409170335795727 -0.1995259280529714 -0.19736164869341716 -0.1821068647573436 -0.17614167262846486 -0.1739098427424842 -0.1627888159462234 -0.1627888159462234 -0.1627888159462234 -0.1627888159462234 -0.13493349044006586 -0.12960204680651732 -0.12190901523893742 -0.12190901523893742 -0.0820882152549233 -0.09868027573317253 -0.03281880387148894 -0.03281880387148894 -0.03281880387148894 -0.03883199429684344 -0.03883199429684344 -0.03928866302395971 -0.03281880387148894 -0.027831361676233755 -0.004454610170621243
-0.37527293144680757 -0.37527293144680757 -0.37527293144680757 -0.37527293144680757 -0.37527293144680757 -0.37527293144680757 -0.37527293144680757 -0.37527293144680757 -0.2810557040078787 -0.3478157657845959 -0.3478157657845959 -0.3478157657845959 -0.3478157657845959 -0.37527293144680757 -0.3478157657845959 -0.3478157657845959 -0.3478157657845959 -0.3478157657845959 -0.3478157657845959 -0.37527293144680757 -0.3478157657845959 -0.37527293144680757 -0.3478157657845959 -0.3478157657845959 -0.3478157657845959 -0.3478157657845959 -0.37527293144680757 -0.37527293144680757 -0.3478157657845959 -0.3742494640628821 -0.19888506729384528 -0.3478157657845959 -0.3478157657845959 -0.37527293144680757 -0.37527293144680757 -0.28743918845284816 -0.37527293144680757 -0.2810557040078787 -0.37527293144680757 -0.37527293144680757 -0.28743918845284816 -0.28743918845284816 -0.37527293144680757 -0.37527293144680757 -0.37527293144680757 -0.37527293144680757 -0.3478157657845959 -0.3478157657845959 -0.37527293144680757 -0.2810557040078787 -0.2810557040078787 -0.37527293144680757 -0.37527293144680757 -0.3478157657845959 -0.2457238361529283 -0.3478157657845959 -0.3478157657845959 -0.19888506729384528 -0.30465158591214453 -0.30465158591214453 -0.22713002994941628 -0.22812406892408477 -0.22713002994941628 -0.22812406892408477 -0.22713002994941628 -0.22812406892408477 -0.22713002994941628 -0.37527293144680757 -0.22812406892408477 -0.2457238361529283 -0.22713002994941628 -0.3478157657845959 -0.22713002994941628 -0.3478157657845959 -0.22812406892408477 -0.2910831897350783 -0.2910831897350783 -0.2910831897350783 -0.28112522574906906 -0.14576873237876967 -0.27120883402619844 -0.22713002994941628 -0.25982577480618435 -0.21409170335795727 -0.1995259280529714 -0.19736164869341716 -0.1821068647573436 -0.17614167262846486 -0.1739098427424842 -0.1627888159462234 -0.1627888159462234 -0.1627888159462234 -0.1627888159462234 -0.13493349044006586 -0.12960204680651732 -0.12190901523893742 -0.12190901523893742 -0.0820882152549233 -0.09868027573317253 -0.03281880387148894 -0.03281880387148894 -0.03281880387148894 -0.03883199429684344 -0.03883199429684344 -0.03928866302395971 -0.03281880387148894 -0.027831361676233755 -0.004454610170621243
-0.37356356661299933 -0.37356356661299933 -0.37356356661299933 -0.37356356661299933 -0.37356356661299933 -0.37356356661299933 -0.37356356661299933 -0.37356356661299933 -0.2810557040078787 -0.3478157657845959 -0.3478157657845959 -0.3478157657845959 -0.3478157657845959 -0.37356356661299933 -0.3478157657845959 -0.3478157657845959 -0.3478157657845959 -0.3478157657845959 -0.3478157657845959 -0.37356356661299933 -0.3478157657845959 -0.37356356661299933 -0.3478157657845959 -0.3478157657845959 -0.3478157657845959 -0.3478157657845959 -0.37356356661299933 -0.37356356661299933 -0.3478157657845959 -0.37356356661299933 -0.19888506729384528 -0.3478157657845959 -0.3478157657845959 -0.37356356661299933 -0.37356356661299933 -0.28743918845284816 -0.37356356661299933 -0.2810557040078787 -0.37356356661299933 -0.37356356661299933 -0.28743918845284816 -0.28743918845284816 -0.37356356661299933 -0.37356356661299933 -0.37356356661299933 -0.37356356661299933 -0.3478157657845959 -0.3478157657845959 -0.37356356661299933 -0.2810557040078787 -0.2810557040078787 -0.37356356661299933 -0.37356356661299933 -0.3478157657845959 -0.2457238361529283 -0.3478157657845959 -0.3478157657845959 -0.19888506729384528 -0.30465158591214453 -0.30465158591214453 -0.22713002994941628 -0.22812406892408477 -0.22713002994941628 -0.22812406892408477 -0.22713002994941628 -0.22812406892408477 -0.22713002994941628 -0.37356356661299933 -0.22812406892408477 -0.2457238361529283 -0.22713002994941628 -0.3478157657845959 -0.22713002994941628 -0.3478157657845959 -0.22812406892408477 -0.2910831897350783 -0.2910831897350783 -0.2910831897350783 -0.28112522574906906 -0.14576873237876967 -0.27120883402619844 -0.22713002994941628 -0.25982577480618435 -0.21409170335795727 -0.1995259280529714 -0.19736164869341716 -0.1821068647573436 -0.17614167262846486 -0.1739098427424842 -0.1627888159462234 -0.1627888159462234 -0.1627888159462234 -0.1627888159462234 -0.13493349044006586 -0.12960204680651732 -0.12190901523893742 -0.12190901523893742 -0.0820882152549233 -0.09868027573317253 -0.03281880387148894 -0.03281880387148894 -0.03281880387148894 -0.03883199429684344 -0.03883199429684344 -0.03928866302395971 -0.03281880387148894 -0.027831361676233755 -0.004454610170621243
-0.22812406892408477 -0.22812406892408477 -0.22812406892408477 -0.22812406892408477 -0.22812406892408477 -0.22812406892408477 -0.22812406892408477 -0.22812406892408477 -0.22812406892408477 -0.22812406892408477 -0.22812406892408477 -0.22812406892408477 -0.22812406892408477 -0.22812406892408477 -0.22812406892408477 -0.22812406892408477 -0.22812406892408477 -0.22812406892408477 -0.22812406892408477 -0.22812406892408477 -0.22812406892408477 -0.22812406892408477 -0.22812406892408477 -0.22812406892408477 -0.22812406892408477 -0.22812406892408477 -0.22812406892408477 -0.22812406892408477 -0.22812406892408477 -0.22812406892408477 -0.19888506729384528 -0.22812406892408477 -0.22812406892408477 -0.22812406892408477 -0.22812406892408477 -0.22812406892408477 -0.22812406892408477 -0.22812406892408477 -0.22812406892408477 -0.22812406892408477 -0.22812406892408477 -0.22812406892408477 -0.22812406892408477 -0.22812406892408477 -0.22812406892408477 -0.22812406892408477 -0.22812406892408477 -0.22812406892408477 -0.22812406892408477 -0.22812406892408477 -0.22812406892408477 -0.22812406892408477 -0.22812406892408477 -0.22812406892408477 -0.22812406892408477 -0.22812406892408477 -0.22812406892408477 -0.19888506729384528 -0.22812406892408477 -0.22812406892408477 -0.22713002994941628 -0.37334475641734644 -0.22713002994941628 -0.37334475641734644 -0.22713002994941628 -0.37334475641734644 -0.22713002994941628 -0.22812406892408477 -0.37334475641734644 -0.22812406892408477 -0.22713002994941628 -0.22812406892408477 -0.22713002994941628 -0.22812406892408477 -0.34755656262909745 -0.22812406892408477 -0.22812406892408477 -0.22812406892408477 -0.22812406892408477 -0.14576873237876967 -0.22812406892408477 -0.22713002994941628 -0.22812406892408477 -0.21409170335795727 -0.1995259280529714 -0.19736164869341716 -0.1821068647573436 -0.17614167262846486 -0.1739098427424842 -0.1627888159462234 -0.1627888159462234 -0.1627888159462234 -0.1627888159462234 -0.13493349044006586 -0.12960204680651732 -0.12190901523893742 -0.12190901523893742 -0.0820882152549233 -0.09868027573317253 -0.03281880387148894 -0.03281880387148894 -0.03281880387148894 -0.03883199429684344 -0.03883199429684344 -0.03928866302395971 -0.03281880387148894 -0.027831361676233755 -0.004454610170621243
-0.22713002994941628 -0.22713002994941628 -0.22713002994941628 -0.22713002994941628 -0.22713002994941628 -0.22713002994941628 -0.22713002994941628 -0.22713002994941628 -0.22713002994941628 -0.22713002994941628 -0.22713002994941628 -0.22713002994941628 -0.22713002994941628 -0.22713002994941628 -0.22713002994941628 -0.22713002994941628 -0.22713002994941628 -0.22713002994941628 -0.22713002994941628 -0.22713002994941628 -0.22713002994941628 -0.22713002994941628 -0.22713002994941628 -0.22713002994941628 -0.22713002994941628 -0.22713002994941628 -0.22713002994941628 -0.22713002994941628 -0.22713002994941628 -0.22713002994941628 -0.19888506729384528 -0.22713002994941628 -0.22713002994941628 -0.22713002994941628 -0.22713002994941628 -0.22713002994941628 -0.22713002994941628 -0.22713002994941628 -0.22713002994941628 -0.22713002994941628 -0.22713002994941628 -0.22713002994941628 -0.22713002994941628 -0.22713002994941628 -0.22713002994941628 -0.22713002994941628 -0.22713002994941628 -0.22713002994941628 -0.22713002994941628 -0.22713002994941628 -0.22713002994941628 -0.22713002994941628 -0.22713002994941628 -0.22713002994941628 -0.22713002994941628 -0.22713002994941628 -0.22713002994941628 -0.19888506729384528 -0.22713002994941628 -0.22713002994941628 -0.3720068092676753 -0.22713002994941628 -0.3720068092676753 -0.22713002994941628 -0.3720068092676753 -0.22713002994941628 -0.3720068092676753 -0.22713002994941628 -0.22713002994941628 -0.22713002994941628 -0.3720068092676753 -0.22713002994941628 -0.35426041956139315 -0.22713002994941628 -0.22713002994941628 -0.22713002994941628 -0.22713002994941628 -0.22713002994941628 -0.22713002994941628 -0.14576873237876967 -0.22713002994941628 -0.23532284632626882 -0.22713002994941628 -0.21409170335795727 -0.1995259280529714 -0.19736164869341716 -0.1821068647573436 -0.17614167262846486 -0.1739098427424842 -0.1627888159462234 -0.1627888159462234 -0.1627888159462234 -0.1627888159462234 -0.13493349044006586 -0.12960204680651732 -0.12190901523893742 -0.12190901523893742 -0.0820882152549233 -0.09868027573317253 -0.03281880387148894 -0.03281880387148894 -0.03281880387148894 -0.03883199429684344 -0.03883199429684344 -0.03928866302395971 -0.03281880387148894 -0.027831361676233755 -0.004454610170621243
-0.3478157657845959 -0.3478157657845959 -0.3478157657845959 -0.3478157657845959 -0.3478157657845959 -0.3478157657845959 -0.3478157657845959 -0.3478157657845959 -0.2810557040078787 -0.36312360222891393 -0.36312360222891393 -0.36312360222891393 -0.36312360222891393 -0.3478157657845959 -0.36312360222891393 -0.36312360222891393 -0.36312360222891393 -0.36312360222891393 -0.36312360222891393 -0.3478157657845959 -0.36312360222891393 -0.3478157657845959 -0.36312360222891393 -0.36312360222891393 -0.36312360222891393 -0.36312360222891393 -0.3478157657845959 -0.3478157657845959 -0.36312360222891393 -0.3478157657845959 -0.19888506729384528 -0.36312360222891393 -0.36312360222891393 -0.3478157657845959 -0.3478157657845959 -0.28743918845284816 -0.3478157657845959 -0.2810557040078787 -0.3478157657845959 -0.3478157657845959 -0.28743918845284816 -0.28743918845284816 -0.3478157657845959 -0.3478157657845959 -0.3478157657845959 -0.3478157657845959 -0.36312360222891393 -0.36312360222891393 -0.3478157657845959 -0.2810557040078787 -0.2810557040078787 -0.3478157657845959 -0.3478157657845959 -0.36312360222891393 -0.2457238361529283 -0.36312360222891393 -0.36312360222891393 -0.19888506729384528 -0.30465158591214453 -0.30465158591214453 -0.36312360222891393 -0.309886856261268 -0.36312360222891393 -0.309886856261268 -0.36312360222891393 -0.36312360222891393 -0.36312360222891393 -0.3478157657845959 -0.309886856261268 -0.2457238361529283 -0.36312360222891393 -0.36312360222891393 -0.3202034540668203 -0.34978606364198145 -0.309886856261268 -0.2910831897350783 -0.2910831897350783 -0.2910831897350783 -0.28112522574906906 -0.14576873237876967 -0.27120883402619844 -0.23532284632626882 -0.25982577480618435 -0.21409170335795727 -0.1995259280529714 -0.19736164869341716 -0.1821068647573436 -0.17614167262846486 -0.1739098427424842 -0.1627888159462234 -0.1627888159462234 -0.1627888159462234 -0.1627888159462234 -0.13493349044006586 -0.12960204680651732 -0.12190901523893742 -0.12190901523893742 -0.0820882152549233 -0.09868027573317253 -0.03281880387148894 -0.03281880387148894 -0.03281880387148894 -0.03883199429684344 -0.03883199429684344 -0.03928866302395971 -0.03281880387148894 -0.027831361676233755 -0.004454610170621243
-0.3478157657845959 -0.3478157657845959 -0.3478157657845959 -0.3478157657845959 -0.3478157657845959 -0.3478157657845959 -0.3478157657845959 -0.3478157657845959 -0.2810557040078787 -0.36266149174239126 -0.36266149174239126 -0.36266149174239126 -0.36266149174239126 -0.3478157657845959 -0.36266149174239126 -0.36266149174239126 -0.36266149174239126 -0.36266149174239126 -0.36266149174239126 -0.3478157657845959 -0.36266149174239126 -0.3478157657845959 -0.36266149174239126 -0.36266149174239126 -0.36266149174239126 -0.36266149174239126 -0.3478157657845959 -0.3478157657845959 -0.36266149174239126 -0.3478157657845959 -0.19888506729384528 -0.36266149174239126 -0.36266149174239126 -0.3478157657845959 -0.3478157657845959 -0.28743918845284816 -0.3478157657845959 -0.2810557040078787 -0.3478157657845959 -0.3478157657845959 -0.28743918845284816 -0.28743918845284816 -0.3478157657845959 -0.3478157657845959 -0.3478157657845959 -0.3478157657845959 -0.36266149174239126 -0.36266149174239126 -0.3478157657845959 -0.2810557040078787 -0.2810557040078787 -0.3478157657845959 -0.3478157657845959 -0.36266149174239126 -0.2457238361529283 -0.36266149174239126 -0.36266149174239126 -0.19888506729384528 -0.30465158591214453 -0.30465158591214453 -0.36214277997625555 -0.36266149174239126 -0.36266149174239126 -0.36266149174239126 -0.36266149174239126 -0.36266149174239126 -0.36214277997625555 -0.3478157657845959 -0.36266149174239126 -0.2457238361529283 -0.36266149174239126 -0.36266149174239126 -0.3202034540668203 -0.34978606364198145 -0.34737701512427543 -0.2910831897350783 -0.2910831897350783 -0.2910831897350783 -0.28112522574906906 -0.14576873237876967 -0.27120883402619844 -0.23532284632626882 -0.25982577480618435 -0.21409170335795727 -0.1995259280529714 -0.19736164869341716 -0.1821068647573436 -0.17614167262846486 -0.1739098427424842 -0.1627888159462234 -0.1627888159462234 -0.1627888159462234 -0.1627888159462234 -0.13493349044006586 -0.12960204680651732 -0.12190901523893742 -0.12190901523893742 -0.0820882152549233 -0.09868027573317253 -0.03281880387148894 -0.03281880387148894 -0.03281880387148894 -0.03883199429684344 -0.03883199429684344 -0.03928866302395971 -0.03281880387148894 -0.027831361676233755 -0.004454610170621243
-0.35090482898241515 -0.35090482898241515 -0.35090482898241515 -0.35090482898241515 -0.35090482898241515 -0.35090482898241515 -0.35090482898241515 -0.35090482898241515 -0.2810557040078787 -0.3478157657845959 -0.3478157657845959 -0.3478157657845959 -0.3478157657845959 -0.35090482898241515 -0.3478157657845959 -0.3478157657845959 -0.3478157657845959 -0.3478157657845959 -0.3478157657845959 -0.35090482898241515 -0.3478157657845959 -0.35090482898241515 -0.3478157657845959 -0.3478157657845959 -0.3478157657845959 -0.3478157657845959 -0.35090482898241515 -0.35090482898241515 -0.3478157657845959 -0.35090482898241515 -0.19888506729384528 -0.3478157657845959 -0.3478157657845959 -0.35090482898241515 -0.35090482898241515 -0.28743918845284816 -0.35090482898241515 -0.2810557040078787 -0.35090482898241515 -0.35090482898241515 -0.28743918845284816 -0.28743918845284816 -0.35090482898241515 -0.35090482898241515 -0.35090482898241515 -0.35090482898241515 -0.3478157657845959 -0.3478157657845959 -0.35090482898241515 -0.2810557040078787 -0.2810557040078787 -0.35090482898241515 -0.35090482898241515 -0.3478157657845959 -0.2457238361529283 -0.3478157657845959 -0.3478157657845959 -0.19888506729384528 -0.30465158591214453 -0.30465158591214453 -0.22713002994941628 -0.22812406892408477 -0.22713002994941628 -0.22812406892408477 -0.22713002994941628 -0.22812406892408477 -0.22713002994941628 -0.35090482898241515 -0.22812406892408477 -0.2457238361529283 -0.22713002994941628 -0.3478157657845959 -0.22713002994941628 -0.3478157657845959 -0.22812406892408477 -0.2910831897350783 -0.2910831897350783 -0.2910831897350783 -0.28112522574906906 -0.14576873237876967 -0.27120883402619844 -0.22713002994941628 -0.25982577480618435 -0.21409170335795727 -0.1995259280529714 -0.19736164869341716 -0.1821068647573436 -0.17614167262846486 -0.1739098427424842 -0.1627888159462234 -0.1627888159462234 -0.1627888159462234 -0.1627888159462234 -0.13493349044006586 -0.12960204680651732 -0.12190901523893742 -0.12190901523893742 -0.0820882152549233 -0.09868027573317253 -0.03281880387148894 -0.03281880387148894 -0.03281880387148894 -0.03883199429684344 -0.03883199429684344 -0.03928866302395971 -0.03281880387148894 -0.027831361676233755 -0.004454610170621243
-0.25982577480618435 -0.25982577480618435 -0.25982577480618435 -0.25982577480618435 -0.25982577480618435 -0.25982577480618435 -0.25982577480618435 -0.25982577480618435 -0.25982577480618435 -0.25982577480618435 -0.25982577480618435 -0.25982577480618435 -0.25982577480618435 -0.25982577480618435 -0.25982577480618435 -0.25982577480618435 -0.25982577480618435 -0.25982577480618435 -0.25982577480618435 -0.25982577480618435 -0.25982577480618435 -0.25982577480618435 -0.25982577480618435 -0.25982577480618435 -0.25982577480618435 -0.25982577480618435 -0.25982577480618435 -0.25982577480618435 -0.25982577480618435 -0.25982577480618435 -0.19888506729384528 -0.25982577480618435 -0.25982577480618435 -0.25982577480618435 -0.25982577480618435 -0.25982577480618435 -0.25982577480618435 -0.25982577480618435 -0.25982577480618435 -0.25982577480618435 -0.25982577480618435 -0.25982577480618435 -0.25982577480618435 -0.25982577480618435 -0.25982577480618435 -0.25982577480618435 -0.25982577480618435 -0.25982577480618435 -0.25982577480618435 -0.25982577480618435 -0.25982577480618435 -0.25982577480618435 -0.25982577480618435 -0.25982577480618435 -0.2457238361529283 -0.25982577480618435 -0.25982577480618435 -0.19888506729384528 -0.25982577480618435 -0.25982577480618435 -0.22713002994941628 -0.22812406892408477 -0.22713002994941628 -0.22812406892408477 -0.22713002994941628 -0.22812406892408477 -0.22713002994941628 -0.25982577480618435 -0.22812406892408477 -0.2457238361529283 -0.22713002994941628 -0.25982577480618435 -0.22713002994941628 -0.25982577480618435 -0.22812406892408477 -0.25982577480618435 -0.25982577480618435 -0.25982577480618435 -0.25982577480618435 -0.14576873237876967 -0.25982577480618435 -0.22713002994941628 -0.25982577480618435 -0.21409170335795727 -0.1995259280529714 -0.19736164869341716 -0.1821068647573436 -0.17614167262846486 -0.1739098427424842 -0.1627888159462234 -0.1627888159462234 -0.1627888159462234 -0.1627888159462234 -0.13493349044006586 -0.12960204680651732 -0.12190901523893742 -0.12190901523893742 -0.0820882152549233 -0.09868027573317253 -0.03281880387148894 -0.03281880387148894 -0.03281880387148894 -0.03883199429684344 -0.03883199429684344 -0.03928866302395971 -0.03281880387148894 -0.027831361676233755 -0.004454610170621243
-0.22812406892408477 -0.22812406892408477 -0.22812406892408477 -0.22812406892408477 -0.22812406892408477 -0.22812406892408477 -0.22812406892408477 -0.22812406892408477 -0.22812406892408477 -0.22812406892408477 -0.22812406892408477 -0.22812406892408477 -0.22812406892408477 -0.22812406892408477 -0.22812406892408477 -0.22812406892408477 -0.22812406892408477 -0.22812406892408477 -0.22812406892408477 -0.22812406892408477 -0.22812406892408477 -0.22812406892408477 -0.22812406892408477 -0.22812406892408477 -0.22812406892408477 -0.22812406892408477 -0.22812406892408477 -0.22812406892408477 -0.22812406892408477 -0.22812406892408477 -0.19888506729384528 -0.22812406892408477 -0.22812406892408477 -0.22812406892408477 -0.22812406892408477 -0.22812406892408477 -0.22812406892408477 -0.22812406892408477 -0.22812406892408477 -0.22812406892408477 -0.22812406892408477 -0.22812406892408477 -0.22812406892408477 -0.22812406892408477 -0.22812406892408477 -0.22812406892408477 -0.22812406892408477 -0.22812406892408477 -0.22812406892408477 -0.22812406892408477 -0.22812406892408477 -0.22812406892408477 -0.22812406892408477 -0.22812406892408477 -0.22812406892408477 -0.22812406892408477 -0.22812406892408477 -0.19888506729384528 -0.22812406892408477 -0.22812406892408477 -0.22713002994941628 -0.3340096020828033 -0.22713002994941628 -0.3340096020828033 -0.22713002994941628 -0.3340096020828033 -0.22713002994941628 -0.22812406892408477 -0.3340096020828033 -0.22812406892408477 -0.22713002994941628 -0.22812406892408477 -0.22713002994941628 -0.22812406892408477 -0.3340096020828033 -0.22812406892408477 -0.22812406892408477 -0.22812406892408477 -0.22812406892408477 -0.14576873237876967 -0.22812406892408477 -0.22713002994941628 -0.22812406892408477 -0.21409170335795727 -0.1995259280529714 -0.19736164869341716 -0.1821068647573436 -0.17614167262846486 -0.1739098427424842 -0.1627888159462234 -0.1627888159462234 -0.1627888159462234 -0.1627888159462234 -0.13493349044006586 -0.12960204680651732 -0.12190901523893742 -0.12190901523893742 -0.0820882152549233 -0.09868027573317253 -0.03281880387148894 -0.03281880387148894 -0.03281880387148894 -0.03883199429684344 -0.03883199429684344 -0.03928866302395971 -0.03281880387148894 -0.027831361676233755 -0.004454610170621243
-0.22713002994941628 -0.22713002994941628 -0.22713002994941628 -0.22713002994941628 -0.22713002994941628 -0.22713002994941628 -0.22713002994941628 -0.22713002994941628 -0.22713002994941628 -0.22713002994941628 -0.22713002994941628 -0.22713002994941628 -0.22713002994941628 -0.22713002994941628 -0.22713002994941628 -0.22713002994941628 -0.22713002994941628 -0.22713002994941628 -0.22713002994941628 -0.22713002994941628 -0.22713002994941628 -0.22713002994941628 -0.22713002994941628 -0.22713002994941628 -0.22713002994941628 -0.22713002994941628 -0.22713002994941628 -0.22713002994941628 -0.22713002994941628 -0.22713002994941628 -0.19888506729384528 -0.22713002994941628 -0.22713002994941628 -0.22713002994941628 -0.22713002994941628 -0.22713002994941628 -0.22713002994941628 -0.22713002994941628 -0.22713002994941628 -0.22713002994941628 -0.22713002994941628 -0.22713002994941628 -0.22713002994941628 -0.22713002994941628 -0.22713002994941628 -0.22713002994941628 -0.22713002994941628 -0.22713002994941628 -0.22713002994941628 -0.22713002994941628 -0.22713002994941628 -0.22713002994941628 -0.22713002994941628 -0.22713002994941628 -0.22713002994941628 -0.22713002994941628 -0.22713002994941628 -0.19888506729384528 -0.22713002994941628 -0.22713002994941628 -0.33222948650019957 -0.22713002994941628 -0.33222948650019957 -0.22713002994941628 -0.33222948650019957 -0.22713002994941628 -0.33222948650019957 -0.22713002994941628 -0.22713002994941628 -0.22713002994941628 -0.33222948650019957 -0.22713002994941628 -0.33222948650019957 -0.22713002994941628 -0.22713002994941628 -0.22713002994941628 -0.22713002994941628 -0.22713002994941628 -0.22713002994941628 -0.14576873237876967 -0.22713002994941628 -0.2668211944874484 -0.22713002994941628 -0.22391538836037514 -0.20539546159554803 -0.19736164869341716 -0.1821068647573436 -0.17614167262846486 -0.1739098427424842 -0.1627888159462234 -0.1627888159462234 -0.1627888159462234 -0.1627888159462234 -0.13493349044006586 -0.12960204680651732 -0.12190901523893742 -0.12190901523893742 -0.0820882152549233 -0.09868027573317253 -0.03281880387148894 -0.03281880387148894 -0.03281880387148894 -0.03883199429684344 -0.03883199429684344 -0.03928866302395971 -0.03281880387148894 -0.027831361676233755 -0.004454610170621243
-0.19736164869341716 -0.19736164869341716 -0.19736164869341716 -0.19736164869341716 -0.19736164869341716 -0.19736164869341716 -0.19736164869341716 -0.19736164869341716 -0.19736164869341716 -0.19736164869341716 -0.19736164869341716 -0.19736164869341716 -0.19736164869341716 -0.19736164869341716 -0.19736164869341716 -0.19736164869341716 -0.19736164869341716 -0.19736164869341716 -0.19736164869341716 -0.19736164869341716 -0.19736164869341716 -0.19736164869341716 -0.19736164869341716 -0.19736164869341716 -0.19736164869341716 -0.19736164869341716 -0.19736164869341716 -0.19736164869341716 -0.19736164869341716 -0.19736164869341716 -0.19736164869341716 -0.19736164869341716 -0.19736164869341716 -0.19736164869341716 -0.19736164869341716 -0.19736164869341716 -0.19736164869341716 -0.19736164869341716 -0.19736164869341716 -0.19736164869341716 -0.19736164869341716 -0.19736164869341716 -0.19736164869341716 -0.19736164869341716 -0.19736164869341716 -0.19736164869341716 -0.19736164869341716 -0.19736164869341716 -0.19736164869341716 -0.19736164869341716 -0.19736164869341716 -0.19736164869341716 -0.19736164869341716 -0.19736164869341716 -0.19736164869341716 -0.19736164869341716 -0.19736164869341716 -0.19736164869341716 -0.19736164869341716 -0.19736164869341716 -0.19736164869341716 -0.19736164869341716 -0.19736164869341716 -0.19736164869341716 -0.19736164869341716 -0.19736164869341716 -0.19736164869341716 -0.19736164869341716 -0.19736164869341716 -0.19736164869341716 -0.19736164869341716 -0.19736164869341716 -0.19736164869341716 -0.19736164869341716 -0.19736164869341716 -0.19736164869341716 -0.19736164869341716 -0.19736164869341716 -0.19736164869341716 -0.14576873237876967 -0.19736164869341716 -0.19736164869341716 -0.19736164869341716 -0.19736164869341716 -0.19736164869341716 -0.19736164869341716 -0.1821068647573436 -0.17614167262846486 -0.1739098427424842 -0.1627888159462234 -0.1627888159462234 -0.1627888159462234 -0.1627888159462234 -0.13493349044006586 -0.12960204680651732 -0.12190901523893742 -0.12190901523893742 -0.0820882152549233 -0.09868027573317253 -0.03281880387148894 -0.03281880387148894 -0.03281880387148894 -0.03883199429684344 -0.03883199429684344 -0.03928866302395971 -0.03281880387148894 -0.027831361676233755 -0.004454610170621243
-0.3165337503211656 -0.3165337503211656 -0.3165337503211656 -0.3165337503211656 -0.3165337503211656 -0.3165337503211656 -0.3165337503211656 -0.3165337503211656 -0.2810557040078787 -0.3165337503211656 -0.3165337503211656 -0.3165337503211656 -0.3165337503211656 -0.3165337503211656 -0.3165337503211656 -0.3165337503211656 -0.3165337503211656 -0.3165337503211656 -0.3165337503211656 -0.3165337503211656 -0.3165337503211656 -0.3165337503211656 -0.3165337503211656 -0.3165337503211656 -0.3165337503211656 -0.3165337503211656 -0.3165337503211656 -0.3165337503211656 -0.3165337503211656 -0.3165337503211656 -0.19888506729384528 -0.3165337503211656 -0.3165337503211656 -0.3165337503211656 -0.3165337503211656 -0.28743918845284816 -0.3165337503211656 -0.2810557040078787 -0.3165337503211656 -0.3165337503211656 -0.28743918845284816 -0.28743918845284816 -0.3165337503211656 -0.3165337503211656 -0.3165337503211656 -0.3165337503211656 -0.3165337503211656 -0.3165337503211656 -0.3165337503211656 -0.2810557040078787 -0.2810557040078787 -0.3165337503211656 -0.3165337503211656 -0.3165337503211656 -0.2457238361529283 -0.3165337503211656 -0.3165337503211656 -0.19888506729384528 -0.30465158591214453 -0.30465158591214453 -0.22713002994941628 -0.22812406892408477 -0.22713002994941628 -0.22812406892408477 -0.22713002994941628 -0.22812406892408477 -0.22713002994941628 -0.3165337503211656 -0.22812406892408477 -0.2457238361529283 -0.22713002994941628 -0.3165337503211656 -0.22713002994941628 -0.3165337503211656 -0.22812406892408477 -0.2910831897350783 -0.2910831897350783 -0.2910831897350783 -0.28112522574906906 -0.14576873237876967 -0.27120883402619844 -0.22713002994941628 -0.25982577480618435 -0.21409170335795727 -0.1995259280529714 -0.19736164869341716 -0.1821068647573436 -0.17614167262846486 -0.1739098427424842 -0.1627888159462234 -0.1627888159462234 -0.1627888159462234 -0.1627888159462234 -0.13493349044006586 -0.12960204680651732 -0.12190901523893742 -0.12190901523893742 -0.0820882152549233 -0.09868027573317253 -0.03281880387148894 -0.03281880387148894 -0.03281880387148894 -0.03883199429684344 -0.03883199429684344 -0.03928866302395971 -0.03281880387148894 -0.027831361676233755 -0.004454610170621243
-0.31564825446138917 -0.31564825446138917 -0.31564825446138917 -0.31564825446138917 -0.31564825446138917 -0.31564825446138917 -0.31564825446138917 -0.31564825446138917 -0.2810557040078787 -0.31564825446138917 -0.31564825446138917 -0.31564825446138917 -0.31564825446138917 -0.31564825446138917 -0.31564825446138917 -0.31564825446138917 -0.31564825446138917 -0.31564825446138917 -0.31564825446138917 -0.31564825446138917 -0.31564825446138917 -0.31564825446138917 -0.31564825446138917 -0.31564825446138917 -0.31564825446138917 -0.31564825446138917 -0.31564825446138917 -0.31564825446138917 -0.31564825446138917 -0.31564825446138917 -0.19888506729384528 -0.31564825446138917 -0.31564825446138917 -0.31564825446138917 -0.31564825446138917 -0.28743918845284816 -0.31564825446138917 -0.2810557040078787 -0.31564825446138917 -0.31564825446138917 -0.28743918845284816 -0.28743918845284816 -0.31564825446138917 -0.31564825446138917 -0.31564825446138917 -0.31564825446138917 -0.31564825446138917 -0.31564825446138917 -0.31564825446138917 -0.2810557040078787 -0.2810557040078787 -0.31564825446138917 -0.31564825446138917 -0.31564825446138917 -0.2457238361529283 -0.31564825446138917 -0.31564825446138917 -0.19888506729384528 -0.30465158591214453 -0.30465158591214453 -0.22713002994941628 -0.22812406892408477 -0.22713002994941628 -0.22812406892408477 -0.22713002994941628 -0.22812406892408477 -0.22713002994941628 -0.31564825446138917 -0.22812406892408477 -0.2457238361529283 -0.22713002994941628 -0.31564825446138917 -0.22713002994941628 -0.31564825446138917 -0.22812406892408477 -0.2910831897350783 -0.2910831897350783 -0.2910831897350783 -0.28112522574906906 -0.14576873237876967 -0.27120883402619844 -0.22713002994941628 -0.25982577480618435 -0.21409170335795727 -0.1995259280529714 -0.19736164869341716 -0.1821068647573436 -0.17614167262846486 -0.1739098427424842 -0.1627888159462234 -0.1627888159462234 -0.1627888159462234 -0.1627888159462234 -0.13493349044006586 -0.12960204680651732 -0.12190901523893742 -0.12190901523893742 -0.0820882152549233 -0.09868027573317253 -0.03281880387148894 -0.03281880387148894 -0.03281880387148894 -0.03883199429684344 -0.03883199429684344 -0.03928866302395971 -0.03281880387148894 -0.027831361676233755 -0.004454610170621243
-0.3125350405988304 -0.3125350405988304 -0.3125350405988304 -0.3125350405988304 -0.3125350405988304 -0.3125350405988304 -0.3125350405988304 -0.3125350405988304 -0.2810557040078787 -0.3125350405988304 -0.3125350405988304 -0.3125350405988304 -0.3125350405988304 -0.3125350405988304 -0.3125350405988304 -0.3125350405988304 -0.3125350405988304 -0.3125350405988304 -0.3125350405988304 -0.3125350405988304 -0.3125350405988304 -0.3125350405988304 -0.3125350405988304 -0.3125350405988304 -0.3125350405988304 -0.3125350405988304 -0.3125350405988304 -0.3125350405988304 -0.3125350405988304 -0.3125350405988304 -0.19888506729384528 -0.3125350405988304 -0.3125350405988304 -0.3125350405988304 -0.3125350405988304 -0.28743918845284816 -0.3125350405988304 -0.2810557040078787 -0.3125350405988304 -0.3125350405988304 -0.28743918845284816 -0.28743918845284816 -0.3125350405988304 -0.3125350405988304 -0.3125350405988304 -0.3125350405988304 -0.3125350405988304 -0.3125350405988304 -0.3125350405988304 -0.2810557040078787 -0.2810557040078787 -0.3125350405988304 -0.3125350405988304 -0.3125350405988304 -0.2457238361529283 -0.3125350405988304 -0.3125350405988304 -0.19888506729384528 -0.30465158591214453 -0.30465158591214453 -0.22713002994941628 -0.22812406892408477 -0.22713002994941628 -0.22812406892408477 -0.22713002994941628 -0.22812406892408477 -0.22713002994941628 -0.3125350405988304 -0.22812406892408477 -0.2457238361529283 -0.22713002994941628 -0.3125350405988304 -0.22713002994941628 -0.3125350405988304 -0.22812406892408477 -0.2910831897350783 -0.2910831897350783 -0.2910831897350783 -0.28112522574906906 -0.14576873237876967 -0.27120883402619844 -0.22713002994941628 -0.25982577480618435 -0.21409170335795727 -0.1995259280529714 -0.19736164869341716 -0.1821068647573436 -0.17614167262846486 -0.1739098427424842 -0.1627888159462234 -0.1627888159462234 -0.1627888159462234 -0.1627888159462234 -0.13493349044006586 -0.12960204680651732 -0.12190901523893742 -0.12190901523893742 -0.0820882152549233 -0.09868027573317253 -0.03281880387148894 -0.03281880387148894 -0.03281880387148894 -0.03883199429684344 -0.03883199429684344 -0.03928866302395971 -0.03281880387148894 -0.027831361676233755 -0.004454610170621243
-0.3114634475933245 -0.3114634475933245 -0.3114634475933245 -0.3114634475933245 -0.3114634475933245 -0.3114634475933245 -0.3114634475933245 -0.3114634475933245 -0.2810557040078787 -0.3114634475933245 -0.3114634475933245 -0.3114634475933245 -0.3114634475933245 -0.3114634475933245 -0.3114634475933245 -0.3114634475933245 -0.3114634475933245 -0.3114634475933245 -0.3114634475933245 -0.3114634475933245 -0.3114634475933245 -0.3114634475933245 -0.3114634475933245 -0.3114634475933245 -0.3114634475933245 -0.3114634475933245 -0.3114634475933245 -0.3114634475933245 -0.3114634475933245 -0.3114634475933245 -0.19888506729384528 -0.3114634475933245 -0.3114634475933245 -0.3114634475933245 -0.3114634475933245 -0.28743918845284816 -0.3114634475933245 -0.2810557040078787 -0.3114634475933245 -0.3114634475933245 -0.28743918845284816 -0.28743918845284816 -0.3114634475933245 -0.3114634475933245 -0.3114634475933245 -0.3114634475933245 -0.3114634475933245 -0.3114634475933245 -0.3114634475933245 -0.2810557040078787 -0.2810557040078787 -0.3114634475933245 -0.3114634475933245 -0.3114634475933245 -0.2457238361529283 -0.3114634475933245 -0.3114634475933245 -0.19888506729384528 -0.30465158591214453 -0.30465158591214453 -0.22713002994941628 -0.22812406892408477 -0.22713002994941628 -0.22812406892408477 -0.22713002994941628 -0.22812406892408477 -0.22713002994941628 -0.3114634475933245 -0.22812406892408477 -0.2457238361529283 -0.22713002994941628 -0.3114634475933245 -0.22713002994941628 -0.3114634475933245 -0.22812406892408477 -0.2910831897350783 -0.2910831897350783 -0.2910831897350783 -0.28112522574906906 -0.14576873237876967 -0.27120883402619844 -0.22713002994941628 -0.25982577480618435 -0.21409170335795727 -0.1995259280529714 -0.19736164869341716 -0.1821068647573436 -0.17614167262846486 -0.1739098427424842 -0.1627888159462234 -0.1627888159462234 -0.1627888159462234 -0.1627888159462234 -0.13493349044006586 -0.12960204680651732 -0.12190901523893742 -0.12190901523893742 -0.0820882152549233 -0.09868027573317253 -0.03281880387148894 -0.03281880387148894 -0.03281880387148894 -0.03883199429684344 -0.03883199429684344 -0.03928866302395971 -0.03281880387148894 -0.027831361676233755 -0.004454610170621243
-0.28743918845284816 -0.28743918845284816 -0.28743918845284816 -0.28743918845284816 -0.28743918845284816 -0.28743918845284816 -0.28743918845284816 -0.28743918845284816 -0.2810557040078787 -0.28743918845284816 -0.28743918845284816 -0.28743918845284816 -0.28743918845284816 -0.28743918845284816 -0.28743918845284816 -0.28743918845284816 -0.28743918845284816 -0.28743918845284816 -0.28743918845284816 -0.28743918845284816 -0.28743918845284816 -0.28743918845284816 -0.28743918845284816 -0.28743918845284816 -0.28743918845284816 -0.28743918845284816 -0.28743918845284816 -0.28743918845284816 -0.28743918845284816 -0.28743918845284816 -0.19888506729384528 -0.28743918845284816 -0.28743918845284816 -0.28743918845284816 -0.28743918845284816 -0.3068026198911439 -0.28743918845284816 -0.2810557040078787 -0.28743918845284816 -0.28743918845284816 -0.3068026198911439 -0.3068026198911439 -0.28743918845284816 -0.28743918845284816 -0.28743918845284816 -0.28743918845284816 -0.28743918845284816 -0.28743918845284816 -0.28743918845284816 -0.2810557040078787 -0.2810557040078787 -0.28743918845284816 -0.28743918845284816 -0.28743918845284816 -0.2457238361529283 -0.28743918845284816 -0.28743918845284816 -0.19888506729384528 -0.28743918845284816 -0.28743918845284816 -0.22713002994941628 -0.22812406892408477 -0.22713002994941628 -0.22812406892408477 -0.22713002994941628 -0.22812406892408477 -0.22713002994941628 -0.28743918845284816 -0.22812406892408477 -0.2457238361529283 -0.22713002994941628 -0.28743918845284816 -0.22713002994941628 -0.28743918845284816 -0.22812406892408477 -0.28743918845284816 -0.28743918845284816 -0.28743918845284816 -0.28112522574906906 -0.14576873237876967 -0.27120883402619844 -0.22713002994941628 -0.25982577480618435 -0.21409170335795727 -0.1995259280529714 -0.19736164869341716 -0.1821068647573436 -0.17614167262846486 -0.1739098427424842 -0.1627888159462234 -0.1627888159462234 -0.1627888159462234 -0.1627888159462234 -0.13493349044006586 -0.12960204680651732 -0.12190901523893742 -0.12190901523893742 -0.0820882152549233 -0.09868027573317253 -0.03281880387148894 -0.03281880387148894 -0.03281880387148894 -0.03883199429684344 -0.03883199429684344 -0.03928866302395971 -0.03281880387148894 -0.027831361676233755 -0.004454610170621243
-0.29984808421685977 -0.29984808421685977 -0.29984808421685977 -0.29984808421685977 -0.29984808421685977 -0.29984808421685977 -0.29984808421685977 -0.29984808421685977 -0.2810557040078787 -0.29984808421685977 -0.29984808421685977 -0.29984808421685977 -0.29984808421685977 -0.29984808421685977 -0.29984808421685977 -0.29984808421685977 -0.29984808421685977 -0.29984808421685977 -0.29984808421685977 -0.29984808421685977 -0.29984808421685977 -0.29984808421685977 -0.29984808421685977 -0.29984808421685977 -0.29984808421685977 -0.29984808421685977 -0.29984808421685977 -0.29984808421685977 -0.29984808421685977 -0.29984808421685977 -0.19888506729384528 -0.29984808421685977 -0.29984808421685977 -0.29984808421685977 -0.29984808421685977 -0.28743918845284816 -0.29984808421685977 -0.2810557040078787 -0.29984808421685977 -0.29984808421685977 -0.28743918845284816 -0.28743918845284816 -0.29984808421685977 -0.29984808421685977 -0.29984808421685977 -0.29984808421685977 -0.29984808421685977 -0.29984808421685977 -0.29984808421685977 -0.2810557040078787 -0.2810557040078787 -0.29984808421685977 -0.29984808421685977 -0.29984808421685977 -0.2457238361529283 -0.29984808421685977 -0.29984808421685977 -0.19888506729384528 -0.29984808421685977 -0.29984808421685977 -0.22713002994941628 -0.22812406892408477 -0.22713002994941628 -0.22812406892408477 -0.22713002994941628 -0.22812406892408477 -0.22713002994941628 -0.29984808421685977 -0.22812406892408477 -0.2457238361529283 -0.22713002994941628 -0.29984808421685977 -0.22713002994941628 -0.29984808421685977 -0.22812406892408477 -0.2910831897350783 -0.2910831897350783 -0.2910831897350783 -0.28112522574906906 -0.14576873237876967 -0.27120883402619844 -0.22713002994941628 -0.25982577480618435 -0.21409170335795727 -0.1995259280529714 -0.19736164869341716 -0.1821068647573436 -0.17614167262846486 -0.1739098427424842 -0.1627888159462234 -0.1627888159462234 -0.1627888159462234 -0.1627888159462234 -0.13493349044006586 -0.12960204680651732 -0.12190901523893742 -0.12190901523893742 -0.0820882152549233 -0.09868027573317253 -0.03281880387148894 -0.03281880387148894 -0.03281880387148894 -0.03883199429684344 -0.03883199429684344 -0.03928866302395971 -0.03281880387148894 -0.027831361676233755 -0.004454610170621243
-0.28743918845284816 -0.28743918845284816 -0.28743918845284816 -0.28743918845284816 -0.28743918845284816 -0.28743918845284816 -0.28743918845284816 -0.28743918845284816 -0.2810557040078787 -0.28743918845284816 -0.28743918845284816 -0.28743918845284816 -0.28743918845284816 -0.28743918845284816 -0.28743918845284816 -0.28743918845284816 -0.28743918845284816 -0.28743918845284816 -0.28743918845284816 -0.28743918845284816 -0.28743918845284816 -0.28743918845284816 -0.28743918845284816 -0.28743918845284816 -0.28743918845284816 -0.28743918845284816 -0.28743918845284816 -0.28743918845284816 -0.28743918845284816 -0.28743918845284816 -0.19888506729384528 -0.28743918845284816 -0.28743918845284816 -0.28743918845284816 -0.28743918845284816 -0.298856207148734 -0.28743918845284816 -0.2810557040078787 -0.28743918845284816 -0.28743918845284816 -0.298856207148734 -0.298856207148734 -0.28743918845284816 -0.28743918845284816 -0.28743918845284816 -0.28743918845284816 -0.28743918845284816 -0.28743918845284816 -0.28743918845284816 -0.2810557040078787 -0.2810557040078787 -0.28743918845284816 -0.28743918845284816 -0.28743918845284816 -0.2457238361529283 -0.28743918845284816 -0.28743918845284816 -0.19888506729384528 -0.28743918845284816 -0.28743918845284816 -0.22713002994941628 -0.22812406892408477 -0.22713002994941628 -0.22812406892408477 -0.22713002994941628 -0.22812406892408477 -0.22713002994941628 -0.28743918845284816 -0.22812406892408477 -0.2457238361529283 -0.22713002994941628 -0.28743918845284816 -0.22713002994941628 -0.28743918845284816 -0.22812406892408477 -0.28743918845284816 -0.28743918845284816 -0.28743918845284816 -0.28112522574906906 -0.14576873237876967 -0.27120883402619844 -0.22713002994941628 -0.25982577480618435 -0.21409170335795727 -0.1995259280529714 -0.19736164869341716 -0.1821068647573436 -0.17614167262846486 -0.1739098427424842 -0.1627888159462234 -0.1627888159462234 -0.1627888159462234 -0.1627888159462234 -0.13493349044006586 -0.12960204680651732 -0.12190901523893742 -0.12190901523893742 -0.0820882152549233 -0.09868027573317253 -0.03281880387148894 -0.03281880387148894 -0.03281880387148894 -0.03883199429684344 -0.03883199429684344 -0.03928866302395971 -0.03281880387148894 -0.027831361676233755 -0.004454610170621243
-0.28743918845284816 -0.28743918845284816 -0.28743918845284816 -0.28743918845284816 -0.28743918845284816 -0.28743918845284816 -0.28743918845284816 -0.28743918845284816 -0.2810557040078787 -0.28743918845284816 -0.28743918845284816 -0.28743918845284816 -0.28743918845284816 -0.28743918845284816 -0.28743918845284816 -0.28743918845284816 -0.28743918845284816 -0.28743918845284816 -0.28743918845284816 -0.28743918845284816 -0.28743918845284816 -0.28743918845284816 -0.28743918845284816 -0.28743918845284816 -0.28743918845284816 -0.28743918845284816 -0.28743918845284816 -0.28743918845284816 -0.28743918845284816 -0.28743918845284816 -0.19888506729384528 -0.28743918845284816 -0.28743918845284816 -0.28743918845284816 -0.28743918845284816 -0.29712852015475477 -0.28743918845284816 -0.2810557040078787 -0.28743918845284816 -0.28743918845284816 -0.29712852015475477 -0.29712852015475477 -0.28743918845284816 -0.28743918845284816 -0.28743918845284816 -0.28743918845284816 -0.28743918845284816 -0.28743918845284816 -0.28743918845284816 -0.2810557040078787 -0.2810557040078787 -0.28743918845284816 -0.28743918845284816 -0.28743918845284816 -0.2457238361529283 -0.28743918845284816 -0.28743918845284816 -0.19888506729384528 -0.28743918845284816 -0.28743918845284816 -0.22713002994941628 -0.22812406892408477 -0.22713002994941628 -0.22812406892408477 -0.22713002994941628 -0.22812406892408477 -0.22713002994941628 -0.28743918845284816 -0.22812406892408477 -0.2457238361529283 -0.22713002994941628 -0.28743918845284816 -0.22713002994941628 -0.28743918845284816 -0.22812406892408477 -0.28743918845284816 -0.28743918845284816 -0.28743918845284816 -0.28112522574906906 -0.14576873237876967 -0.27120883402619844 -0.22713002994941628 -0.25982577480618435 -0.21409170335795727 -0.1995259280529714 -0.19736164869341716 -0.1821068647573436 -0.17614167262846486 -0.1739098427424842 -0.1627888159462234 -0.1627888159462234 -0.1627888159462234 -0.1627888159462234 -0.13493349044006586 -0.12960204680651732 -0.12190901523893742 -0.12190901523893742 -0.0820882152549233 -0.09868027573317253 -0.03281880387148894 -0.03281880387148894 -0.03281880387148894 -0.03883199429684344 -0.03883199429684344 -0.03928866302395971 -0.03281880387148894 -0.027831361676233755 -0.004454610170621243
-0.29712728681280487 -0.29712728681280487 -0.29712728681280487 -0.29712728681280487 -0.29712728681280487 -0.29712728681280487 -0.29712728681280487 -0.29712728681280487 -0.2810557040078787 -0.29712728681280487 -0.29712728681280487 -0.29712728681280487 -0.29712728681280487 -0.29712728681280487 -0.29712728681280487 -0.29712728681280487 -0.29712728681280487 -0.29712728681280487 -0.29712728681280487 -0.29712728681280487 -0.29712728681280487 -0.29712728681280487 -0.29712728681280487 -0.29712728681280487 -0.29712728681280487 -0.29712728681280487 -0.29712728681280487 -0.29712728681280487 -0.29712728681280487 -0.29712728681280487 -0.19888506729384528 -0.29712728681280487 -0.29712728681280487 -0.29712728681280487 -0.29712728681280487 -0.28743918845284816 -0.29712728681280487 -0.2810557040078787 -0.29712728681280487 -0.29712728681280487 -0.28743918845284816 -0.28743918845284816 -0.29712728681280487 -0.29712728681280487 -0.29712728681280487 -0.29712728681280487 -0.29712728681280487 -0.29712728681280487 -0.29712728681280487 -0.2810557040078787 -0.2810557040078787 -0.29712728681280487 -0.29712728681280487 -0.29712728681280487 -0.2457238361529283 -0.29712728681280487 -0.29712728681280487 -0.19888506729384528 -0.29712728681280487 -0.29712728681280487 -0.22713002994941628 -0.22812406892408477 -0.22713002994941628 -0.22812406892408477 -0.22713002994941628 -0.22812406892408477 -0.22713002994941628 -0.29712728681280487 -0.22812406892408477 -0.2457238361529283 -0.22713002994941628 -0.29712728681280487 -0.22713002994941628 -0.29712728681280487 -0.22812406892408477 -0.2910831897350783 -0.2910831897350783 -0.2910831897350783 -0.28112522574906906 -0.14576873237876967 -0.27120883402619844 -0.22713002994941628 -0.25982577480618435 -0.21409170335795727 -0.1995259280529714 -0.19736164869341716 -0.1821068647573436 -0.17614167262846486 -0.1739098427424842 -0.1627888159462234 -0.1627888159462234 -0.1627888159462234 -0.1627888159462234 -0.13493349044006586 -0.12960204680651732 -0.12190901523893742 -0.12190901523893742 -0.0820882152549233 -0.09868027573317253 -0.03281880387148894 -0.03281880387148894 -0.03281880387148894 -0.03883199429684344 -0.03883199429684344 -0.03928866302395971 -0.03281880387148894 -0.027831361676233755 -0.004454610170621243
-0.2962224876585579 -0.2962224876585579 -0.2962224876585579 -0.2962224876585579 -0.2962224876585579 -0.2962224876585579 -0.2962224876585579 -0.2962224876585579 -0.2810557040078787 -0.2962224876585579 -0.2962224876585579 -0.2962224876585579 -0.2962224876585579 -0.2962224876585579 -0.2962224876585579 -0.2962224876585579 -0.2962224876585579 -0.2962224876585579 -0.2962224876585579 -0.2962224876585579 -0.2962224876585579 -0.2962224876585579 -0.2962224876585579 -0.2962224876585579 -0.2962224876585579 -0.2962224876585579 -0.2962224876585579 -0.2962224876585579 -0.2962224876585579 -0.2962224876585579 -0.19888506729384528 -0.2962224876585579 -0.2962224876585579 -0.2962224876585579 -0.2962224876585579 -0.28743918845284816 -0.2962224876585579 -0.2810557040078787 -0.2962224876585579 -0.2962224876585579 -0.28743918845284816 -0.28743918845284816 -0.2962224876585579 -0.2962224876585579 -0.2962224876585579 -0.2962224876585579 -0.2962224876585579 -0.2962224876585579 -0.2962224876585579 -0.2810557040078787 -0.2810557040078787 -0.2962224876585579 -0.2962224876585579 -0.2962224876585579 -0.2457238361529283 -0.2962224876585579 -0.2962224876585579 -0.19888506729384528 -0.2962224876585579 -0.2962224876585579 -0.22713002994941628 -0.22812406892408477 -0.22713002994941628 -0.22812406892408477 -0.22713002994941628 -0.22812406892408477 -0.22713002994941628 -0.2962224876585579 -0.22812406892408477 -0.2457238361529283 -0.22713002994941628 -0.2962224876585579 -0.22713002994941628 -0.2962224876585579 -0.22812406892408477 -0.2910831897350783 -0.2910831897350783 -0.2910831897350783 -0.28112522574906906 -0.14576873237876967 -0.27120883402619844 -0.22713002994941628 -0.25982577480618435 -0.21409170335795727 -0.1995259280529714 -0.19736164869341716 -0.1821068647573436 -0.17614167262846486 -0.1739098427424842 -0.1627888159462234 -0.1627888159462234 -0.1627888159462234 -0.1627888159462234 -0.13493349044006586 -0.12960204680651732 -0.12190901523893742 -0.12190901523893742 -0.0820882152549233 -0.09868027573317253 -0.03281880387148894 -0.03281880387148894 -0.03281880387148894 -0.03883199429684344 -0.03883199429684344 -0.03928866302395971 -0.03281880387148894 -0.027831361676233755 -0.004454610170621243
-0.22812406892408477 -0.22812406892408477 -0.22812406892408477 -0.22812406892408477 -0.22812406892408477 -0.22812406892408477 -0.22812406892408477 -0.22812406892408477 -0.22812406892408477 -0.22812406892408477 -0.22812406892408477 -0.22812406892408477 -0.22812406892408477 -0.22812406892408477 -0.22812406892408477 -0.22812406892408477 -0.22812406892408477 -0.22812406892408477 -0.22812406892408477 -0.22812406892408477 -0.22812406892408477 -0.22812406892408477 -0.22812406892408477 -0.22812406892408477 -0.22812406892408477 -0.22812406892408477 -0.22812406892408477 -0.22812406892408477 -0.22812406892408477 -0.22812406892408477 -0.19888506729384528 -0.22812406892408477 -0.22812406892408477 -0.22812406892408477 -0.22812406892408477 -0.22812406892408477 -0.22812406892408477 -0.22812406892408477 -0.22812406892408477 -0.22812406892408477 -0.22812406892408477 -0.22812406892408477 -0.22812406892408477 -0.22812406892408477 -0.22812406892408477 -0.22812406892408477 -0.22812406892408477 -0.22812406892408477 -0.22812406892408477 -0.22812406892408477 -0.22812406892408477 -0.22812406892408477 -0.22812406892408477 -0.22812406892408477 -0.22812406892408477 -0.22812406892408477 -0.22812406892408477 -0.19888506729384528 -0.22812406892408477 -0.22812406892408477 -0.22713002994941628 -0.2880558104702591 -0.22713002994941628 -0.2880558104702591 -0.22713002994941628 -0.2880558104702591 -0.22713002994941628 -0.22812406892408477 -0.2880558104702591 -0.22812406892408477 -0.22713002994941628 -0.22812406892408477 -0.22713002994941628 -0.22812406892408477 -0.2880558104702591 -0.22812406892408477 -0.22812406892408477 -0.22812406892408477 -0.22812406892408477 -0.14576873237876967 -0.22812406892408477 -0.22713002994941628 -0.22812406892408477 -0.21409170335795727 -0.1995259280529714 -0.19736164869341716 -0.1821068647573436 -0.17614167262846486 -0.1739098427424842 -0.1627888159462234 -0.1627888159462234 -0.1627888159462234 -0.1627888159462234 -0.13493349044006586 -0.12960204680651732 -0.12190901523893742 -0.12190901523893742 -0.0820882152549233 -0.09868027573317253 -0.03281880387148894 -0.03281880387148894 -0.03281880387148894 -0.03883199429684344 -0.03883199429684344 -0.03928866302395971 -0.03281880387148894 -0.027831361676233755 -0.004454610170621243
-0.22713002994941628 -0.22713002994941628 -0.22713002994941628 -0.22713002994941628 -0.22713002994941628 -0.22713002994941628 -0.22713002994941628 -0.22713002994941628 -0.22713002994941628 -0.22713002994941628 -0.22713002994941628 -0.22713002994941628 -0.22713002994941628 -0.22713002994941628 -0.22713002994941628 -0.22713002994941628 -0.22713002994941628 -0.22713002994941628 -0.22713002994941628 -0.22713002994941628 -0.22713002994941628 -0.22713002994941628 -0.22713002994941628 -0.22713002994941628 -0.22713002994941628 -0.22713002994941628 -0.22713002994941628 -0.22713002994941628 -0.22713002994941628 -0.22713002994941628 -0.19888506729384528 -0.22713002994941628 -0.22713002994941628 -0.22713002994941628 -0.22713002994941628 -0.22713002994941628 -0.22713002994941628 -0.22713002994941628 -0.22713002994941628 -0.22713002994941628 -0.22713002994941628 -0.22713002994941628 -0.22713002994941628 -0.22713002994941628 -0.22713002994941628 -0.22713002994941628 -0.22713002994941628 -0.22713002994941628 -0.22713002994941628 -0.22713002994941628 -0.22713002994941628 -0.22713002994941628 -0.22713002994941628 -0.22713002994941628 -0.22713002994941628 -0.22713002994941628 -0.22713002994941628 -0.19888506729384528 -0.22713002994941628 -0.22713002994941628 -0.28636957656098727 -0.22713002994941628 -0.28636957656098727 -0.22713002994941628 -0.28636957656098727 -0.22713002994941628 -0.28636957656098727 -0.22713002994941628 -0.22713002994941628 -0.22713002994941628 -0.28636957656098727 -0.22713002994941628 -0.28636957656098727 -0.22713002994941628 -0.22713002994941628 -0.22713002994941628 -0.22713002994941628 -0.22713002994941628 -0.22713002994941628 -0.14576873237876967 -0.22713002994941628 -0.2668211944874484 -0.22713002994941628 -0.22391538836037514 -0.1995259280529714 -0.19736164869341716 -0.18229079596410133 -0.17614167262846486 -0.1739098427424842 -0.1627888159462234 -0.1627888159462234 -0.1627888159462234 -0.1627888159462234 -0.13493349044006586 -0.12960204680651732 -0.12190901523893742 -0.12190901523893742 -0.0820882152549233 -0.09868027573317253 -0.03281880387148894 -0.03281880387148894 -0.03281880387148894 -0.03883199429684344 -0.03883199429684344 -0.03928866302395971 -0.03281880387148894 -0.027831361676233755 -0.004454610170621243
-0.284613406359701 -0.284613406359701 -0.284613406359701 -0.284613406359701 -0.284613406359701 -0.284613406359701 -0.284613406359701 -0.284613406359701 -0.2810557040078787 -0.284613406359701 -0.284613406359701 -0.284613406359701 -0.284613406359701 -0.284613406359701 -0.284613406359701 -0.284613406359701 -0.284613406359701 -0.284613406359701 -0.284613406359701 -0.284613406359701 -0.284613406359701 -0.284613406359701 -0.284613406359701 -0.284613406359701 -0.284613406359701 -0.284613406359701 -0.284613406359701 -0.284613406359701 -0.284613406359701 -0.284613406359701 -0.19888506729384528 -0.284613406359701 -0.284613406359701 -0.284613406359701 -0.284613406359701 -0.284613406359701 -0.284613406359701 -0.2810557040078787 -0.284613406359701 -0.284613406359701 -0.284613406359701 -0.284613406359701 -0.284613406359701 -0.284613406359701 -0.284613406359701 -0.284613406359701 -0.284613406359701 -0.284613406359701 -0.284613406359701 -0.2810557040078787 -0.2810557040078787 -0.284613406359701 -0.284613406359701 -0.284613406359701 -0.2457238361529283 -0.284613406359701 -0.284613406359701 -0.19888506729384528 -0.284613406359701 -0.284613406359701 -0.284613406359701 -0.284613406359701 -0.284613406359701 -0.284613406359701 -0.284613406359701 -0.284613406359701 -0.284613406359701 -0.284613406359701 -0.284613406359701 -0.2457238361529283 -0.284613406359701 -0.284613406359701 -0.284613406359701 -0.284613406359701 -0.284613406359701 -0.284613406359701 -0.284613406359701 -0.284613406359701 -0.28112522574906906 -0.14576873237876967 -0.27120883402619844 -0.23532284632626882 -0.25982577480618435 -0.21409170335795727 -0.1995259280529714 -0.19736164869341716 -0.1821068647573436 -0.17614167262846486 -0.1739098427424842 -0.1627888159462234 -0.1627888159462234 -0.1627888159462234 -0.1627888159462234 -0.13493349044006586 -0.12960204680651732 -0.12190901523893742 -0.12190901523893742 -0.0820882152549233 -0.09868027573317253 -0.03281880387148894 -0.03281880387148894 -0.03281880387148894 -0.03883199429684344 -0.03883199429684344 -0.03928866302395971 -0.03281880387148894 -0.027831361676233755 -0.004454610170621243
-0.2801733572679688 -0.2801733572679688 -0.2801733572679688 -0.2801733572679688 -0.2801733572679688 -0.2801733572679688 -0.2801733572679688 -0.2801733572679688 -0.2801733572679688 -0.2801733572679688 -0.2801733572679688 -0.2801733572679688 -0.2801733572679688 -0.2801733572679688 -0.2801733572679688 -0.2801733572679688 -0.2801733572679688 -0.2801733572679688 -0.2801733572679688 -0.2801733572679688 -0.2801733572679688 -0.2801733572679688 -0.2801733572679688 -0.2801733572679688 -0.2801733572679688 -0.2801733572679688 -0.2801733572679688 -0.2801733572679688 -0.2801733572679688 -0.2801733572679688 -0.19888506729384528 -0.2801733572679688 -0.2801733572679688 -0.2801733572679688 -0.2801733572679688 -0.2801733572679688 -0.2801733572679688 -0.2801733572679688 -0.2801733572679688 -0.2801733572679688 -0.2801733572679688 -0.2801733572679688 -0.2801733572679688 -0.2801733572679688 -0.2801733572679688 -0.2801733572679688 -0.2801733572679688 -0.2801733572679688 -0.2801733572679688 -0.2801733572679688 -0.2801733572679688 -0.2801733572679688 -0.2801733572679688 -0.2801733572679688 -0.2457238361529283 -0.2801733572679688 -0.2801733572679688 -0.19888506729384528 -0.2801733572679688 -0.2801733572679688 -0.22713002994941628 -0.22812406892408477 -0.22713002994941628 -0.22812406892408477 -0.22713002994941628 -0.22812406892408477 -0.22713002994941628 -0.2801733572679688 -0.22812406892408477 -0.2457238361529283 -0.22713002994941628 -0.2801733572679688 -0.22713002994941628 -0.2801733572679688 -0.22812406892408477 -0.2801733572679688 -0.2801733572679688 -0.2801733572679688 -0.2801733572679688 -0.14576873237876967 -0.27120883402619844 -0.22713002994941628 -0.25982577480618435 -0.21409170335795727 -0.1995259280529714 -0.19736164869341716 -0.1821068647573436 -0.17614167262846486 -0.1739098427424842 -0.1627888159462234 -0.1627888159462234 -0.1627888159462234 -0.1627888159462234 -0.13493349044006586 -0.12960204680651732 -0.12190901523893742 -0.12190901523893742 -0.0820882152549233 -0.09868027573317253 -0.03281880387148894 -0.03281880387148894 -0.03281880387148894 -0.03883199429684344 -0.03883199429684344 -0.03928866302395971 -0.03281880387148894 -0.027831361676233755 -0.004454610170621243
-0.2791805295103048 -0.2791805295103048 -0.2791805295103048 -0.2791805295103048 -0.2791805295103048 -0.2791805295103048 -0.2791805295103048 -0.2791805295103048 -0.2791805295103048 -0.2791805295103048 -0.2791805295103048 -0.2791805295103048 -0.2791805295103048 -0.2791805295103048 -0.2791805295103048 -0.2791805295103048 -0.2791805295103048 -0.2791805295103048 -0.2791805295103048 -0.2791805295103048 -0.2791805295103048 -0.2791805295103048 -0.2791805295103048 -0.2791805295103048 -0.2791805295103048 -0.2791805295103048 -0.2791805295103048 -0.2791805295103048 -0.2791805295103048 -0.2791805295103048 -0.19888506729384528 -0.2791805295103048 -0.2791805295103048 -0.2791805295103048 -0.2791805295103048 -0.2791805295103048 -0.2791805295103048 -0.2791805295103048 -0.2791805295103048 -0.2791805295103048 -0.2791805295103048 -0.2791805295103048 -0.2791805295103048 -0.2791805295103048 -0.2791805295103048 -0.2791805295103048 -0.2791805295103048 -0.2791805295103048 -0.2791805295103048 -0.2791805295103048 -0.2791805295103048 -0.2791805295103048 -0.2791805295103048 -0.2791805295103048 -0.2457238361529283 -0.2791805295103048 -0.2791805295103048 -0.19888506729384528 -0.2791805295103048 -0.2791805295103048 -0.22713002994941628 -0.22812406892408477 -0.22713002994941628 -0.22812406892408477 -0.22713002994941628 -0.22812406892408477 -0.22713002994941628 -0.2791805295103048 -0.22812406892408477 -0.2457238361529283 -0.22713002994941628 -0.2791805295103048 -0.22713002994941628 -0.2791805295103048 -0.22812406892408477 -0.2791805295103048 -0.2791805295103048 -0.2791805295103048 -0.2791805295103048 -0.14576873237876967 -0.2716143786024441 -0.22713002994941628 -0.25982577480618435 -0.21409170335795727 -0.1995259280529714 -0.19736164869341716 -0.1821068647573436 -0.17614167262846486 -0.1739098427424842 -0.1627888159462234 -0.1627888159462234 -0.1627888159462234 -0.1627888159462234 -0.13493349044006586 -0.12960204680651732 -0.12190901523893742 -0.12190901523893742 -0.0820882152549233 -0.09868027573317253 -0.03281880387148894 -0.03281880387148894 -0.03281880387148894 -0.03883199429684344 -0.03883199429684344 -0.03928866302395971 -0.03281880387148894 -0.027831361676233755 -0.004454610170621243
-0.2782614246851664 -0.2782614246851664 -0.2782614246851664 -0.2782614246851664 -0.2782614246851664 -0.2782614246851664 -0.2782614246851664 -0.2782614246851664 -0.2782614246851664 -0.2782614246851664 -0.2782614246851664 -0.2782614246851664 -0.2782614246851664 -0.2782614246851664 -0.2782614246851664 -0.2782614246851664 -0.2782614246851664 -0.2782614246851664 -0.2782614246851664 -0.2782614246851664 -0.2782614246851664 -0.2782614246851664 -0.2782614246851664 -0.2782614246851664 -0.2782614246851664 -0.2782614246851664 -0.2782614246851664 -0.2782614246851664 -0.2782614246851664 -0.2782614246851664 -0.19888506729384528 -0.2782614246851664 -0.2782614246851664 -0.2782614246851664 -0.2782614246851664 -0.2782614246851664 -0.2782614246851664 -0.2782614246851664 -0.2782614246851664 -0.2782614246851664 -0.2782614246851664 -0.2782614246851664 -0.2782614246851664 -0.2782614246851664 -0.2782614246851664 -0.2782614246851664 -0.2782614246851664 -0.2782614246851664 -0.2782614246851664 -0.2782614246851664 -0.2782614246851664 -0.2782614246851664 -0.2782614246851664 -0.2782614246851664 -0.2457238361529283 -0.2782614246851664 -0.2782614246851664 -0.19888506729384528 -0.2782614246851664 -0.2782614246851664 -0.22713002994941628 -0.22812406892408477 -0.22713002994941628 -0.22812406892408477 -0.22713002994941628 -0.22812406892408477 -0.22713002994941628 -0.2782614246851664 -0.22812406892408477 -0.2457238361529283 -0.22713002994941628 -0.2782614246851664 -0.22713002994941628 -0.2782614246851664 -0.22812406892408477 -0.2782614246851664 -0.2782614246851664 -0.2782614246851664 -0.2782614246851664 -0.14576873237876967 -0.27120883402619844 -0.22713002994941628 -0.25982577480618435 -0.21409170335795727 -0.1995259280529714 -0.19736164869341716 -0.1821068647573436 -0.17614167262846486 -0.1739098427424842 -0.1627888159462234 -0.1627888159462234 -0.1627888159462234 -0.1627888159462234 -0.13493349044006586 -0.12960204680651732 -0.12190901523893742 -0.12190901523893742 -0.0820882152549233 -0.09868027573317253 -0.03281880387148894 -0.03281880387148894 -0.03281880387148894 -0.03883199429684344 -0.03883199429684344 -0.03928866302395971 -0.03281880387148894 -0.027831361676233755 -0.004454610170621243
-0.2781900667041 -0.2781900667041 -0.2781900667041 -0.2781900667041 -0.2781900667041 -0.2781900667041 -0.2781900667041 -0.2781900667041 -0.2781900667041 -0.2781900667041 -0.2781900667041 -0.2781900667041 -0.2781900667041 -0.2781900667041 -0.2781900667041 -0.2781900667041 -0.2781900667041 -0.2781900667041 -0.2781900667041 -0.2781900667041 -0.2781900667041 -0.2781900667041 -0.2781900667041 -0.2781900667041 -0.2781900667041 -0.2781900667041 -0.2781900667041 -0.2781900667041 -0.2781900667041 -0.2781900667041 -0.19888506729384528 -0.2781900667041 -0.2781900667041 -0.2781900667041 -0.2781900667041 -0.2781900667041 -0.2781900667041 -0.2781900667041 -0.2781900667041 -0.2781900667041 -0.2781900667041 -0.2781900667041 -0.2781900667041 -0.2781900667041 -0.2781900667041 -0.2781900667041 -0.2781900667041 -0.2781900667041 -0.2781900667041 -0.2781900667041 -0.2781900667041 -0.2781900667041 -0.2781900667041 -0.2781900667041 -0.2457238361529283 -0.2781900667041 -0.2781900667041 -0.19888506729384528 -0.2781900667041 -0.2781900667041 -0.22713002994941628 -0.22812406892408477 -0.22713002994941628 -0.22812406892408477 -0.22713002994941628 -0.22812406892408477 -0.22713002994941628 -0.2781900667041 -0.22812406892408477 -0.2457238361529283 -0.22713002994941628 -0.2781900667041 -0.22713002994941628 -0.2781900667041 -0.22812406892408477 -0.2781900667041 -0.2781900667041 -0.2781900667041 -0.2781900667041 -0.14576873237876967 -0.27120883402619844 -0.22713002994941628 -0.25982577480618435 -0.21409170335795727 -0.1995259280529714 -0.19736164869341716 -0.1821068647573436 -0.17614167262846486 -0.1739098427424842 -0.1627888159462234 -0.1627888159462234 -0.1627888159462234 -0.1627888159462234 -0.13493349044006586 -0.12960204680651732 -0.12190901523893742 -0.12190901523893742 -0.0820882152549233 -0.09868027573317253 -0.03281880387148894 -0.03281880387148894 -0.03281880387148894 -0.03883199429684344 -0.03883199429684344 -0.03928866302395971 -0.03281880387148894 -0.027831361676233755 -0.004454610170621243
-0.2734623689554146 -0.2734623689554146 -0.2734623689554146 -0.2734623689554146 -0.2734623689554146 -0.2734623689554146 -0.2734623689554146 -0.2734623689554146 -0.2734623689554146 -0.2734623689554146 -0.2734623689554146 -0.2734623689554146 -0.2734623689554146 -0.2734623689554146 -0.2734623689554146 -0.2734623689554146 -0.2734623689554146 -0.2734623689554146 -0.2734623689554146 -0.2734623689554146 -0.2734623689554146 -0.2734623689554146 -0.2734623689554146 -0.2734623689554146 -0.2734623689554146 -0.2734623689554146 -0.2734623689554146 -0.2734623689554146 -0.2734623689554146 -0.2734623689554146 -0.19888506729384528 -0.2734623689554146 -0.2734623689554146 -0.2734623689554146 -0.2734623689554146 -0.2734623689554146 -0.2734623689554146 -0.2734623689554146 -0.2734623689554146 -0.2734623689554146 -0.2734623689554146 -0.2734623689554146 -0.2734623689554146 -0.2734623689554146 -0.2734623689554146 -0.2734623689554146 -0.2734623689554146 -0.2734623689554146 -0.2734623689554146 -0.2734623689554146 -0.2734623689554146 -0.2734623689554146 -0.2734623689554146 -0.2734623689554146 -0.2457238361529283 -0.2734623689554146 -0.2734623689554146 -0.19888506729384528 -0.2734623689554146 -0.2734623689554146 -0.22713002994941628 -0.22812406892408477 -0.22713002994941628 -0.22812406892408477 -0.22713002994941628 -0.22812406892408477 -0.22713002994941628 -0.2734623689554146 -0.22812406892408477 -0.2457238361529283 -0.22713002994941628 -0.2734623689554146 -0.22713002994941628 -0.2734623689554146 -0.22812406892408477 -0.2734623689554146 -0.2734623689554146 -0.2734623689554146 -0.2734623689554146 -0.14576873237876967 -0.27120883402619844 -0.22713002994941628 -0.25982577480618435 -0.21409170335795727 -0.1995259280529714 -0.19736164869341716 -0.1821068647573436 -0.17614167262846486 -0.1739098427424842 -0.1627888159462234 -0.1627888159462234 -0.1627888159462234 -0.1627888159462234 -0.13493349044006586 -0.12960204680651732 -0.12190901523893742 -0.12190901523893742 -0.0820882152549233 -0.09868027573317253 -0.03281880387148894 -0.03281880387148894 -0.03281880387148894 -0.03883199429684344 -0.03883199429684344 -0.03928866302395971 -0.03281880387148894 -0.027831361676233755 -0.004454610170621243
-0.2731104804285845 -0.2731104804285845 -0.2731104804285845 -0.2731104804285845 -0.2731104804285845 -0.2731104804285845 -0.2731104804285845 -0.2731104804285845 -0.2731104804285845 -0.2731104804285845 -0.2731104804285845 -0.2731104804285845 -0.2731104804285845 -0.2731104804285845 -0.2731104804285845 -0.2731104804285845 -0.2731104804285845 -0.2731104804285845 -0.2731104804285845 -0.2731104804285845 -0.2731104804285845 -0.2731104804285845 -0.2731104804285845 -0.2731104804285845 -0.2731104804285845 -0.2731104804285845 -0.2731104804285845 -0.2731104804285845 -0.2731104804285845 -0.2731104804285845 -0.19888506729384528 -0.2731104804285845 -0.2731104804285845 -0.2731104804285845 -0.2731104804285845 -0.2731104804285845 -0.2731104804285845 -0.2731104804285845 -0.2731104804285845 -0.2731104804285845 -0.2731104804285845 -0.2731104804285845 -0.2731104804285845 -0.2731104804285845 -0.2731104804285845 -0.2731104804285845 -0.2731104804285845 -0.2731104804285845 -0.2731104804285845 -0.2731104804285845 -0.2731104804285845 -0.2731104804285845 -0.2731104804285845 -0.2731104804285845 -0.2457238361529283 -0.2731104804285845 -0.2731104804285845 -0.19888506729384528 -0.2731104804285845 -0.2731104804285845 -0.22713002994941628 -0.22812406892408477 -0.22713002994941628 -0.22812406892408477 -0.22713002994941628 -0.22812406892408477 -0.22713002994941628 -0.2731104804285845 -0.22812406892408477 -0.2457238361529283 -0.22713002994941628 -0.2731104804285845 -0.22713002994941628 -0.2731104804285845 -0.22812406892408477 -0.2731104804285845 -0.2731104804285845 -0.2731104804285845 -0.2731104804285845 -0.14576873237876967 -0.27120883402619844 -0.22713002994941628 -0.25982577480618435 -0.21409170335795727 -0.1995259280529714 -0.19736164869341716 -0.1821068647573436 -0.17614167262846486 -0.1739098427424842 -0.1627888159462234 -0.1627888159462234 -0.1627888159462234 -0.1627888159462234 -0.13493349044006586 -0.12960204680651732 -0.12190901523893742 -0.12190901523893742 -0.0820882152549233 -0.09868027573317253 -0.03281880387148894 -0.03281880387148894 -0.03281880387148894 -0.03883199429684344 -0.03883199429684344 -0.03928866302395971 -0.03281880387148894 -0.027831361676233755 -0.004454610170621243
-0.27310954880655613 -0.27310954880655613 -0.27310954880655613 -0.27310954880655613 -0.27310954880655613 -0.27310954880655613 -0.27310954880655613 -0.27310954880655613 -0.27310954880655613 -0.27310954880655613 -0.27310954880655613 -0.27310954880655613 -0.27310954880655613 -0.27310954880655613 -0.27310954880655613 -0.27310954880655613 -0.27310954880655613 -0.27310954880655613 -0.27310954880655613 -0.27310954880655613 -0.27310954880655613 -0.27310954880655613 -0.27310954880655613 -0.27310954880655613 -0.27310954880655613 -0.27310954880655613 -0.27310954880655613 -0.27310954880655613 -0.27310954880655613 -0.27310954880655613 -0.19888506729384528 -0.27310954880655613 -0.27310954880655613 -0.27310954880655613 -0.27310954880655613 -0.27310954880655613 -0.27310954880655613 -0.27310954880655613 -0.27310954880655613 -0.27310954880655613 -0.27310954880655613 -0.27310954880655613 -0.27310954880655613 -0.27310954880655613 -0.27310954880655613 -0.27310954880655613 -0.27310954880655613 -0.27310954880655613 -0.27310954880655613 -0.27310954880655613 -0.27310954880655613 -0.27310954880655613 -0.27310954880655613 -0.27310954880655613 -0.2457238361529283 -0.27310954880655613 -0.27310954880655613 -0.19888506729384528 -0.27310954880655613 -0.27310954880655613 -0.22713002994941628 -0.22812406892408477 -0.22713002994941628 -0.22812406892408477 -0.22713002994941628 -0.22812406892408477 -0.22713002994941628 -0.27310954880655613 -0.22812406892408477 -0.2457238361529283 -0.22713002994941628 -0.27310954880655613 -0.22713002994941628 -0.27310954880655613 -0.22812406892408477 -0.27310954880655613 -0.27310954880655613 -0.27310954880655613 -0.27310954880655613 -0.14576873237876967 -0.27120883402619844 -0.22713002994941628 -0.25982577480618435 -0.21409170335795727 -0.1995259280529714 -0.19736164869341716 -0.1821068647573436 -0.17614167262846486 -0.1739098427424842 -0.1627888159462234 -0.1627888159462234 -0.1627888159462234 -0.1627888159462234 -0.13493349044006586 -0.12960204680651732 -0.12190901523893742 -0.12190901523893742 -0.0820882152549233 -0.09868027573317253 -0.03281880387148894 -0.03281880387148894 -0.03281880387148894 -0.03883199429684344 -0.03883199429684344 -0.03928866302395971 -0.03281880387148894 -0.027831361676233755 -0.004454610170621243
-0.2457238361529283 -0.2457238361529283 -0.2457238361529283 -0.2457238361529283 -0.2457238361529283 -0.2457238361529283 -0.2457238361529283 -0.2457238361529283 -0.2457238361529283 -0.2457238361529283 -0.2457238361529283 -0.2457238361529283 -0.2457238361529283 -0.2457238361529283 -0.2457238361529283 -0.2457238361529283 -0.2457238361529283 -0.2457238361529283 -0.2457238361529283 -0.2457238361529283 -0.2457238361529283 -0.2457238361529283 -0.2457238361529283 -0.2457238361529283 -0.2457238361529283 -0.2457238361529283 -0.2457238361529283 -0.2457238361529283 -0.2457238361529283 -0.2457238361529283 -0.19888506729384528 -0.2457238361529283 -0.2457238361529283 -0.2457238361529283 -0.2457238361529283 -0.2457238361529283 -0.2457238361529283 -0.2457238361529283 -0.2457238361529283 -0.2457238361529283 -0.2457238361529283 -0.2457238361529283 -0.2457238361529283 -0.2457238361529283 -0.2457238361529283 -0.2457238361529283 -0.2457238361529283 -0.2457238361529283 -0.2457238361529283 -0.2457238361529283 -0.2457238361529283 -0.2457238361529283 -0.2457238361529283 -0.2457238361529283 -0.2457238361529283 -0.2457238361529283 -0.2457238361529283 -0.19888506729384528 -0.2457238361529283 -0.2457238361529283 -0.22713002994941628 -0.22812406892408477 -0.22713002994941628 -0.22812406892408477 -0.22713002994941628 -0.22812406892408477 -0.22713002994941628 -0.2457238361529283 -0.22812406892408477 -0.2457238361529283 -0.22713002994941628 -0.2457238361529283 -0.22713002994941628 -0.2457238361529283 -0.22812406892408477 -0.2457238361529283 -0.2457238361529283 -0.2457238361529283 -0.2457238361529283 -0.14576873237876967 -0.2457238361529283 -0.22713002994941628 -0.2457238361529283 -0.21409170335795727 -0.1995259280529714 -0.19736164869341716 -0.1821068647573436 -0.17614167262846486 -0.1739098427424842 -0.1627888159462234 -0.1627888159462234 -0.1627888159462234 -0.1627888159462234 -0.13493349044006586 -0.12960204680651732 -0.12190901523893742 -0.12190901523893742 -0.0820882152549233 -0.09868027573317253 -0.03281880387148894 -0.03281880387148894 -0.03281880387148894 -0.03883199429684344 -0.03883199429684344 -0.03928866302395971 -0.03281880387148894 -0.027831361676233755 -0.004454610170621243
-0.21409170335795727 -0.21409170335795727 -0.21409170335795727 -0.21409170335795727 -0.21409170335795727 -0.21409170335795727 -0.21409170335795727 -0.21409170335795727 -0.21409170335795727 -0.21409170335795727 -0.21409170335795727 -0.21409170335795727 -0.21409170335795727 -0.21409170335795727 -0.21409170335795727 -0.21409170335795727 -0.21409170335795727 -0.21409170335795727 -0.21409170335795727 -0.21409170335795727 -0.21409170335795727 -0.21409170335795727 -0.21409170335795727 -0.21409170335795727 -0.21409170335795727 -0.21409170335795727 -0.21409170335795727 -0.21409170335795727 -0.21409170335795727 -0.21409170335795727 -0.19888506729384528 -0.21409170335795727 -0.21409170335795727 -0.21409170335795727 -0.21409170335795727 -0.21409170335795727 -0.21409170335795727 -0.21409170335795727 -0.21409170335795727 -0.21409170335795727 -0.21409170335795727 -0.21409170335795727 -0.21409170335795727 -0.21409170335795727 -0.21409170335795727 -0.21409170335795727 -0.21409170335795727 -0.21409170335795727 -0.21409170335795727 -0.21409170335795727 -0.21409170335795727 -0.21409170335795727 -0.21409170335795727 -0.21409170335795727 -0.21409170335795727 -0.21409170335795727 -0.21409170335795727 -0.19888506729384528 -0.21409170335795727 -0.21409170335795727 -0.21409170335795727 -0.21409170335795727 -0.21409170335795727 -0.21409170335795727 -0.21409170335795727 -0.21409170335795727 -0.21409170335795727 -0.21409170335795727 -0.21409170335795727 -0.21409170335795727 -0.21409170335795727 -0.21409170335795727 -0.21409170335795727 -0.21409170335795727 -0.21409170335795727 -0.21409170335795727 -0.21409170335795727 -0.21409170335795727 -0.21409170335795727 -0.14576873237876967 -0.21409170335795727 -0.21409170335795727 -0.21409170335795727 -0.21409170335795727 -0.1995259280529714 -0.19736164869341716 -0.1821068647573436 -0.17614167262846486 -0.1739098427424842 -0.1627888159462234 -0.1627888159462234 -0.1627888159462234 -0.1627888159462234 -0.13493349044006586 -0.12960204680651732 -0.12190901523893742 -0.12190901523893742 -0.0820882152549233 -0.09868027573317253 -0.03281880387148894 -0.03281880387148894 -0.03281880387148894 -0.03883199429684344 -0.03883199429684344 -0.03928866302395971 -0.03281880387148894 -0.027831361676233755 -0.004454610170621243
-0.19736164869341716 -0.19736164869341716 -0.19736164869341716 -0.19736164869341716 -0.19736164869341716 -0.19736164869341716 -0.19736164869341716 -0.19736164869341716 -0.19736164869341716 -0.19736164869341716 -0.19736164869341716 -0.19736164869341716 -0.19736164869341716 -0.19736164869341716 -0.19736164869341716 -0.19736164869341716 -0.19736164869341716 -0.19736164869341716 -0.19736164869341716 -0.19736164869341716 -0.19736164869341716 -0.19736164869341716 -0.19736164869341716 -0.19736164869341716 -0.19736164869341716 -0.19736164869341716 -0.19736164869341716 -0.19736164869341716 -0.19736164869341716 -0.19736164869341716 -0.19736164869341716 -0.19736164869341716 -0.19736164869341716 -0.19736164869341716 -0.19736164869341716 -0.19736164869341716 -0.19736164869341716 -0.19736164869341716 -0.19736164869341716 -0.19736164869341716 -0.19736164869341716 -0.19736164869341716 -0.19736164869341716 -0.19736164869341716 -0.19736164869341716 -0.19736164869341716 -0.19736164869341716 -0.19736164869341716 -0.19736164869341716 -0.19736164869341716 -0.19736164869341716 -0.19736164869341716 -0.19736164869341716 -0.19736164869341716 -0.19736164869341716 -0.19736164869341716 -0.19736164869341716 -0.19736164869341716 -0.19736164869341716 -0.19736164869341716 -0.19736164869341716 -0.19736164869341716 -0.19736164869341716 -0.19736164869341716 -0.19736164869341716 -0.19736164869341716 -0.19736164869341716 -0.19736164869341716 -0.19736164869341716 -0.19736164869341716 -0.19736164869341716 -0.19736164869341716 -0.19736164869341716 -0.19736164869341716 -0.19736164869341716 -0.19736164869341716 -0.19736164869341716 -0.19736164869341716 -0.19736164869341716 -0.14576873237876967 -0.19736164869341716 -0.19736164869341716 -0.19736164869341716 -0.19736164869341716 -0.19736164869341716 -0.19736164869341716 -0.1821068647573436 -0.17614167262846486 -0.1739098427424842 -0.1627888159462234 -0.1627888159462234 -0.1627888159462234 -0.1627888159462234 -0.13493349044006586 -0.12960204680651732 -0.12190901523893742 -0.12190901523893742 -0.0820882152549233 -0.09868027573317253 -0.03281880387148894 -0.03281880387148894 -0.03281880387148894 -0.03883199429684344 -0.03883199429684344 -0.03928866302395971 -0.03281880387148894 -0.027831361676233755 -0.004454610170621243
-0.1739098427424842 -0.1739098427424842 -0.1739098427424842 -0.1739098427424842 -0.1739098427424842 -0.1739098427424842 -0.1739098427424842 -0.1739098427424842 -0.1739098427424842 -0.1739098427424842 -0.1739098427424842 -0.1739098427424842 -0.1739098427424842 -0.1739098427424842 -0.1739098427424842 -0.1739098427424842 -0.1739098427424842 -0.1739098427424842 -0.1739098427424842 -0.1739098427424842 -0.1739098427424842 -0.1739098427424842 -0.1739098427424842 -0.1739098427424842 -0.1739098427424842 -0.1739098427424842 -0.1739098427424842 -0.1739098427424842 -0.1739098427424842 -0.1739098427424842 -0.1739098427424842 -0.1739098427424842 -0.1739098427424842 -0.1739098427424842 -0.1739098427424842 -0.1739098427424842 -0.1739098427424842 -0.1739098427424842 -0.1739098427424842 -0.1739098427424842 -0.1739098427424842 -0.1739098427424842 -0.1739098427424842 -0.1739098427424842 -0.1739098427424842 -0.1739098427424842 -0.1739098427424842 -0.1739098427424842 -0.1739098427424842 -0.1739098427424842 -0.1739098427424842 -0.1739098427424842 -0.1739098427424842 -0.1739098427424842 -0.1739098427424842 -0.1739098427424842 -0.1739098427424842 -0.1739098427424842 -0.1739098427424842 -0.1739098427424842 -0.1739098427424842 -0.1739098427424842 -0.1739098427424842 -0.1739098427424842 -0.1739098427424842 -0.1739098427424842 -0.1739098427424842 -0.1739098427424842 -0.1739098427424842 -0.1739098427424842 -0.1739098427424842 -0.1739098427424842 -0.1739098427424842 -0.1739098427424842 -0.1739098427424842 -0.1739098427424842 -0.1739098427424842 -0.1739098427424842 -0.1739098427424842 -0.14576873237876967 -0.1739098427424842 -0.1739098427424842 -0.1739098427424842 -0.1739098427424842 -0.1739098427424842 -0.1739098427424842 -0.1739098427424842 -0.1739098427424842 -0.1739098427424842 -0.1627888159462234 -0.1627888159462234 -0.1627888159462234 -0.1627888159462234 -0.13493349044006586 -0.12960204680651732 -0.12190901523893742 -0.12190901523893742 -0.0820882152549233 -0.09868027573317253 -0.03281880387148894 -0.03281880387148894 -0.03281880387148894 -0.03883199429684344 -0.03883199429684344 -0.03928866302395971 -0.03281880387148894 -0.027831361676233755 -0.004454610170621243
-0.1739098427424842 -0.1739098427424842 -0.1739098427424842 -0.1739098427424842 -0.1739098427424842 -0.1739098427424842 -0.1739098427424842 -0.1739098427424842 -0.1739098427424842 -0.1739098427424842 -0.1739098427424842 -0.1739098427424842 -0.1739098427424842 -0.1739098427424842 -0.1739098427424842 -0.1739098427424842 -0.1739098427424842 -0.1739098427424842 -0.1739098427424842 -0.1739098427424842 -0.1739098427424842 -0.1739098427424842 -0.1739098427424842 -0.1739098427424842 -0.1739098427424842 -0.1739098427424842 -0.1739098427424842 -0.1739098427424842 -0.1739098427424842 -0.1739098427424842 -0.1739098427424842 -0.1739098427424842 -0.1739098427424842 -0.1739098427424842 -0.1739098427424842 -0.1739098427424842 -0.1739098427424842 -0.1739098427424842 -0.1739098427424842 -0.1739098427424842 -0.1739098427424842 -0.1739098427424842 -0.1739098427424842 -0.1739098427424842 -0.1739098427424842 -0.1739098427424842 -0.1739098427424842 -0.1739098427424842 -0.1739098427424842 -0.1739098427424842 -0.1739098427424842 -0.1739098427424842 -0.1739098427424842 -0.1739098427424842 -0.1739098427424842 -0.1739098427424842 -0.1739098427424842 -0.1739098427424842 -0.1739098427424842 -0.1739098427424842 -0.1739098427424842 -0.1739098427424842 -0.1739098427424842 -0.1739098427424842 -0.1739098427424842 -0.1739098427424842 -0.1739098427424842 -0.1739098427424842 -0.1739098427424842 -0.1739098427424842 -0.1739098427424842 -0.1739098427424842 -0.1739098427424842 -0.1739098427424842 -0.1739098427424842 -0.1739098427424842 -0.1739098427424842 -0.1739098427424842 -0.1739098427424842 -0.14576873237876967 -0.1739098427424842 -0.1739098427424842 -0.1739098427424842 -0.1739098427424842 -0.1739098427424842 -0.1739098427424842 -0.1739098427424842 -0.1739098427424842 -0.1739098427424842 -0.1627888159462234 -0.1627888159462234 -0.1627888159462234 -0.1627888159462234 -0.13493349044006586 -0.12960204680651732 -0.12190901523893742 -0.12190901523893742 -0.0820882152549233 -0.09921419359090171 -0.03281880387148894 -0.03281880387148894 -0.03281880387148894 -0.03883199429684344 -0.03883199429684344 -0.03928866302395971 -0.03281880387148894 -0.027831361676233755 -0.004454610170621243
-0.2542833823308932 -0.2542833823308932 -0.2542833823308932 -0.2542833823308932 -0.2542833823308932 -0.2542833823308932 -0.2542833823308932 -0.2542833823308932 -0.2542833823308932 -0.2542833823308932 -0.2542833823308932 -0.2542833823308932 -0.2542833823308932 -0.2542833823308932 -0.2542833823308932 -0.2542833823308932 -0.2542833823308932 -0.2542833823308932 -0.2542833823308932 -0.2542833823308932 -0.2542833823308932 -0.2542833823308932 -0.2542833823308932 -0.2542833823308932 -0.2542833823308932 -0.2542833823308932 -0.2542833823308932 -0.2542833823308932 -0.2542833823308932 -0.2542833823308932 -0.19888506729384528 -0.2542833823308932 -0.2542833823308932 -0.2542833823308932 -0.2542833823308932 -0.2542833823308932 -0.2542833823308932 -0.2542833823308932 -0.2542833823308932 -0.2542833823308932 -0.2542833823308932 -0.2542833823308932 -0.2542833823308932 -0.2542833823308932 -0.2542833823308932 -0.2542833823308932 -0.2542833823308932 -0.2542833823308932 -0.2542833823308932 -0.2542833823308932 -0.2542833823308932 -0.2542833823308932 -0.2542833823308932 -0.2542833823308932 -0.2457238361529283 -0.2542833823308932 -0.2542833823308932 -0.19888506729384528 -0.2542833823308932 -0.2542833823308932 -0.22713002994941628 -0.22812406892408477 -0.22713002994941628 -0.22812406892408477 -0.22713002994941628 -0.22812406892408477 -0.22713002994941628 -0.2542833823308932 -0.22812406892408477 -0.2457238361529283 -0.22713002994941628 -0.2542833823308932 -0.22713002994941628 -0.2542833823308932 -0.22812406892408477 -0.2542833823308932 -0.2542833823308932 -0.2542833823308932 -0.2542833823308932 -0.14576873237876967 -0.2542833823308932 -0.22713002994941628 -0.2542833823308932 -0.21409170335795727 -0.1995259280529714 -0.19736164869341716 -0.1821068647573436 -0.17614167262846486 -0.1739098427424842 -0.1627888159462234 -0.1627888159462234 -0.1627888159462234 -0.1627888159462234 -0.13493349044006586 -0.12960204680651732 -0.12190901523893742 -0.12190901523893742 -0.0820882152549233 -0.09868027573317253 -0.03281880387148894 -0.03281880387148894 -0.03281880387148894 -0.03883199429684344 -0.03883199429684344 -0.03928866302395971 -0.03281880387148894 -0.027831361676233755 -0.004454610170621243
-0.24417231762913258 -0.24417231762913258 -0.24417231762913258 -0.24417231762913258 -0.24417231762913258 -0.24417231762913258 -0.24417231762913258 -0.24417231762913258 -0.24417231762913258 -0.24417231762913258 -0.24417231762913258 -0.24417231762913258 -0.24417231762913258 -0.24417231762913258 -0.24417231762913258 -0.24417231762913258 -0.24417231762913258 -0.24417231762913258 -0.24417231762913258 -0.24417231762913258 -0.24417231762913258 -0.24417231762913258 -0.24417231762913258 -0.24417231762913258 -0.24417231762913258 -0.24417231762913258 -0.24417231762913258 -0.24417231762913258 -0.24417231762913258 -0.24417231762913258 -0.19888506729384528 -0.24417231762913258 -0.24417231762913258 -0.24417231762913258 -0.24417231762913258 -0.24417231762913258 -0.24417231762913258 -0.24417231762913258 -0.24417231762913258 -0.24417231762913258 -0.24417231762913258 -0.24417231762913258 -0.24417231762913258 -0.24417231762913258 -0.24417231762913258 -0.24417231762913258 -0.24417231762913258 -0.24417231762913258 -0.24417231762913258 -0.24417231762913258 -0.24417231762913258 -0.24417231762913258 -0.24417231762913258 -0.24417231762913258 -0.24417231762913258 -0.24417231762913258 -0.24417231762913258 -0.19888506729384528 -0.24417231762913258 -0.24417231762913258 -0.22713002994941628 -0.22812406892408477 -0.22713002994941628 -0.22812406892408477 -0.22713002994941628 -0.22812406892408477 -0.22713002994941628 -0.24417231762913258 -0.22812406892408477 -0.24417231762913258 -0.22713002994941628 -0.24417231762913258 -0.22713002994941628 -0.24417231762913258 -0.22812406892408477 -0.24417231762913258 -0.24417231762913258 -0.24417231762913258 -0.24417231762913258 -0.14576873237876967 -0.24417231762913258 -0.22713002994941628 -0.24417231762913258 -0.21409170335795727 -0.1995259280529714 -0.19736164869341716 -0.1821068647573436 -0.17614167262846486 -0.1739098427424842 -0.1627888159462234 -0.1627888159462234 -0.1627888159462234 -0.1627888159462234 -0.13493349044006586 -0.12960204680651732 -0.12190901523893742 -0.12190901523893742 -0.0820882152549233 -0.09868027573317253 -0.03281880387148894 -0.03281880387148894 -0.03281880387148894 -0.03883199429684344 -0.03883199429684344 -0.03928866302395971 -0.03281880387148894 -0.027831361676233755 -0.004454610170621243
-0.2414901421244607 -0.2414901421244607 -0.2414901421244607 -0.2414901421244607 -0.2414901421244607 -0.2414901421244607 -0.2414901421244607 -0.2414901421244607 -0.2414901421244607 -0.2414901421244607 -0.2414901421244607 -0.2414901421244607 -0.2414901421244607 -0.2414901421244607 -0.2414901421244607 -0.2414901421244607 -0.2414901421244607 -0.2414901421244607 -0.2414901421244607 -0.2414901421244607 -0.2414901421244607 -0.2414901421244607 -0.2414901421244607 -0.2414901421244607 -0.2414901421244607 -0.2414901421244607 -0.2414901421244607 -0.2414901421244607 -0.2414901421244607 -0.2414901421244607 -0.19888506729384528 -0.2414901421244607 -0.2414901421244607 -0.2414901421244607 -0.2414901421244607 -0.2414901421244607 -0.2414901421244607 -0.2414901421244607 -0.2414901421244607 -0.2414901421244607 -0.2414901421244607 -0.2414901421244607 -0.2414901421244607 -0.2414901421244607 -0.2414901421244607 -0.2414901421244607 -0.2414901421244607 -0.2414901421244607 -0.2414901421244607 -0.2414901421244607 -0.2414901421244607 -0.2414901421244607 -0.2414901421244607 -0.2414901421244607 -0.2414901421244607 -0.2414901421244607 -0.2414901421244607 -0.19888506729384528 -0.2414901421244607 -0.2414901421244607 -0.22713002994941628 -0.22812406892408477 -0.22713002994941628 -0.22812406892408477 -0.22713002994941628 -0.22812406892408477 -0.22713002994941628 -0.2414901421244607 -0.22812406892408477 -0.2414901421244607 -0.22713002994941628 -0.2414901421244607 -0.22713002994941628 -0.2414901421244607 -0.22812406892408477 -0.2414901421244607 -0.2414901421244607 -0.2414901421244607 -0.2414901421244607 -0.14576873237876967 -0.2414901421244607 -0.22713002994941628 -0.2414901421244607 -0.21409170335795727 -0.1995259280529714 -0.19736164869341716 -0.1821068647573436 -0.17614167262846486 -0.1739098427424842 -0.1627888159462234 -0.1627888159462234 -0.1627888159462234 -0.1627888159462234 -0.13493349044006586 -0.12960204680651732 -0.12190901523893742 -0.12190901523893742 -0.0820882152549233 -0.09868027573317253 -0.03281880387148894 -0.03281880387148894 -0.03281880387148894 -0.03883199429684344 -0.03883199429684344 -0.03928866302395971 -0.03281880387148894 -0.027831361676233755 -0.004454610170621243
-0.2396938119476352 -0.2396938119476352 -0.2396938119476352 -0.2396938119476352 -0.2396938119476352 -0.2396938119476352 -0.2396938119476352 -0.2396938119476352 -0.2396938119476352 -0.2396938119476352 -0.2396938119476352 -0.2396938119476352 -0.2396938119476352 -0.2396938119476352 -0.2396938119476352 -0.2396938119476352 -0.2396938119476352 -0.2396938119476352 -0.2396938119476352 -0.2396938119476352 -0.2396938119476352 -0.2396938119476352 -0.2396938119476352 -0.2396938119476352 -0.2396938119476352 -0.2396938119476352 -0.2396938119476352 -0.2396938119476352 -0.2396938119476352 -0.2396938119476352 -0.19888506729384528 -0.2396938119476352 -0.2396938119476352 -0.2396938119476352 -0.2396938119476352 -0.2396938119476352 -0.2396938119476352 -0.2396938119476352 -0.2396938119476352 -0.2396938119476352 -0.2396938119476352 -0.2396938119476352 -0.2396938119476352 -0.2396938119476352 -0.2396938119476352 -0.2396938119476352 -0.2396938119476352 -0.2396938119476352 -0.2396938119476352 -0.2396938119476352 -0.2396938119476352 -0.2396938119476352 -0.2396938119476352 -0.2396938119476352 -0.2396938119476352 -0.2396938119476352 -0.2396938119476352 -0.19888506729384528 -0.2396938119476352 -0.2396938119476352 -0.22713002994941628 -0.22812406892408477 -0.22713002994941628 -0.22812406892408477 -0.22713002994941628 -0.22812406892408477 -0.22713002994941628 -0.2396938119476352 -0.22812406892408477 -0.2396938119476352 -0.22713002994941628 -0.2396938119476352 -0.22713002994941628 -0.2396938119476352 -0.22812406892408477 -0.2396938119476352 -0.2396938119476352 -0.2396938119476352 -0.2396938119476352 -0.14576873237876967 -0.2396938119476352 -0.22713002994941628 -0.2396938119476352 -0.21409170335795727 -0.1995259280529714 -0.19736164869341716 -0.1821068647573436 -0.17614167262846486 -0.1739098427424842 -0.1627888159462234 -0.1627888159462234 -0.1627888159462234 -0.1627888159462234 -0.13493349044006586 -0.12960204680651732 -0.12190901523893742 -0.12190901523893742 -0.0820882152549233 -0.09868027573317253 -0.03281880387148894 -0.03281880387148894 -0.03281880387148894 -0.03883199429684344 -0.03883199429684344 -0.03928866302395971 -0.03281880387148894 -0.027831361676233755 -0.004454610170621243
-0.2113666410973255 -0.2113666410973255 -0.2113666410973255 -0.2113666410973255 -0.2113666410973255 -0.2113666410973255 -0.2113666410973255 -0.2113666410973255 -0.2113666410973255 -0.2113666410973255 -0.2113666410973255 -0.2113666410973255 -0.2113666410973255 -0.2113666410973255 -0.2113666410973255 -0.2113666410973255 -0.2113666410973255 -0.2113666410973255 -0.2113666410973255 -0.2113666410973255 -0.2113666410973255 -0.2113666410973255 -0.2113666410973255 -0.2113666410973255 -0.2113666410973255 -0.2113666410973255 -0.2113666410973255 -0.2113666410973255 -0.2113666410973255 -0.2113666410973255 -0.19888506729384528 -0.2113666410973255 -0.2113666410973255 -0.2113666410973255 -0.2113666410973255 -0.2113666410973255 -0.2113666410973255 -0.2113666410973255 -0.2113666410973255 -0.2113666410973255 -0.2113666410973255 -0.2113666410973255 -0.2113666410973255 -0.2113666410973255 -0.2113666410973255 -0.2113666410973255 -0.2113666410973255 -0.2113666410973255 -0.2113666410973255 -0.2113666410973255 -0.2113666410973255 -0.2113666410973255 -0.2113666410973255 -0.2113666410973255 -0.2113666410973255 -0.2113666410973255 -0.2113666410973255 -0.19888506729384528 -0.2113666410973255 -0.2113666410973255 -0.2113666410973255 -0.2113666410973255 -0.2113666410973255 -0.2113666410973255 -0.2113666410973255 -0.2113666410973255 -0.2113666410973255 -0.2113666410973255 -0.2113666410973255 -0.2113666410973255 -0.2113666410973255 -0.2113666410973255 -0.2113666410973255 -0.2113666410973255 -0.2113666410973255 -0.2113666410973255 -0.2113666410973255 -0.2113666410973255 -0.2113666410973255 -0.14576873237876967 -0.2113666410973255 -0.2113666410973255 -0.2113666410973255 -0.2113666410973255 -0.1995259280529714 -0.19736164869341716 -0.1821068647573436 -0.17614167262846486 -0.1739098427424842 -0.1627888159462234 -0.1627888159462234 -0.1627888159462234 -0.1627888159462234 -0.13493349044006586 -0.12960204680651732 -0.12190901523893742 -0.12190901523893742 -0.0820882152549233 -0.09868027573317253 -0.03281880387148894 -0.03281880387148894 -0.03281880387148894 -0.03883199429684344 -0.03883199429684344 -0.03928866302395971 -0.03281880387148894 -0.027831361676233755 -0.004454610170621243
-0.20743302617065912 -0.20743302617065912 -0.20743302617065912 -0.20743302617065912 -0.20743302617065912 -0.20743302617065912 -0.20743302617065912 -0.20743302617065912 -0.20743302617065912 -0.20743302617065912 -0.20743302617065912 -0.20743302617065912 -0.20743302617065912 -0.20743302617065912 -0.20743302617065912 -0.20743302617065912 -0.20743302617065912 -0.20743302617065912 -0.20743302617065912 -0.20743302617065912 -0.20743302617065912 -0.20743302617065912 -0.20743302617065912 -0.20743302617065912 -0.20743302617065912 -0.20743302617065912 -0.20743302617065912 -0.20743302617065912 -0.20743302617065912 -0.20743302617065912 -0.19888506729384528 -0.20743302617065912 -0.20743302617065912 -0.20743302617065912 -0.20743302617065912 -0.20743302617065912 -0.20743302617065912 -0.20743302617065912 -0.20743302617065912 -0.20743302617065912 -0.20743302617065912 -0.20743302617065912 -0.20743302617065912 -0.20743302617065912 -0.20743302617065912 -0.20743302617065912 -0.20743302617065912 -0.20743302617065912 -0.20743302617065912 -0.20743302617065912 -0.20743302617065912 -0.20743302617065912 -0.20743302617065912 -0.20743302617065912 -0.20743302617065912 -0.20743302617065912 -0.20743302617065912 -0.19888506729384528 -0.20743302617065912 -0.20743302617065912 -0.20743302617065912 -0.20743302617065912 -0.20743302617065912 -0.20743302617065912 -0.20743302617065912 -0.20743302617065912 -0.20743302617065912 -0.20743302617065912 -0.20743302617065912 -0.20743302617065912 -0.20743302617065912 -0.20743302617065912 -0.20743302617065912 -0.20743302617065912 -0.20743302617065912 -0.20743302617065912 -0.20743302617065912 -0.20743302617065912 -0.20743302617065912 -0.14576873237876967 -0.20743302617065912 -0.20743302617065912 -0.20743302617065912 -0.20743302617065912 -0.1995259280529714 -0.19736164869341716 -0.18229079596410133 -0.17614167262846486 -0.1739098427424842 -0.1627888159462234 -0.1627888159462234 -0.1627888159462234 -0.1627888159462234 -0.13493349044006586 -0.12960204680651732 -0.12190901523893742 -0.12190901523893742 -0.0820882152549233 -0.09868027573317253 -0.03281880387148894 -0.03281880387148894 -0.03281880387148894 -0.03883199429684344 -0.03883199429684344 -0.03928866302395971 -0.03281880387148894 -0.027831361676233755 -0.004454610170621243
-0.12190901523893742 -0.12190901523893742 -0.12190901523893742 -0.12190901523893742 -0.12190901523893742 -0.12190901523893742 -0.12190901523893742 -0.12190901523893742 -0.12190901523893742 -0.12190901523893742 -0.12190901523893742 -0.12190901523893742 -0.12190901523893742 -0.12190901523893742 -0.12190901523893742 -0.12190901523893742 -0.12190901523893742 -0.12190901523893742 -0.12190901523893742 -0.12190901523893742 -0.12190901523893742 -0.12190901523893742 -0.12190901523893742 -0.12190901523893742 -0.12190901523893742 -0.12190901523893742 -0.12190901523893742 -0.12190901523893742 -0.12190901523893742 -0.12190901523893742 -0.12190901523893742 -0.12190901523893742 -0.12190901523893742 -0.12190901523893742 -0.12190901523893742 -0.12190901523893742 -0.12190901523893742 -0.12190901523893742 -0.12190901523893742 -0.12190901523893742 -0.12190901523893742 -0.12190901523893742 -0.12190901523893742 -0.12190901523893742 -0.12190901523893742 -0.12190901523893742 -0.12190901523893742 -0.12190901523893742 -0.12190901523893742 -0.12190901523893742 -0.12190901523893742 -0.12190901523893742 -0.12190901523893742 -0.12190901523893742 -0.12190901523893742 -0.12190901523893742 -0.12190901523893742 -0.12190901523893742 -0.12190901523893742 -0.12190901523893742 -0.12190901523893742 -0.12190901523893742 -0.12190901523893742 -0.12190901523893742 -0.12190901523893742 -0.12190901523893742 -0.12190901523893742 -0.12190901523893742 -0.12190901523893742 -0.12190901523893742 -0.12190901523893742 -0.12190901523893742 -0.12190901523893742 -0.12190901523893742 -0.12190901523893742 -0.12190901523893742 -0.12190901523893742 -0.12190901523893742 -0.12190901523893742 -0.12190901523893742 -0.12190901523893742 -0.12190901523893742 -0.12190901523893742 -0.12190901523893742 -0.12190901523893742 -0.12190901523893742 -0.12190901523893742 -0.12190901523893742 -0.12190901523893742 -0.12190901523893742 -0.12190901523893742 -0.12190901523893742 -0.12190901523893742 -0.12190901523893742 -0.12190901523893742 -0.12190901523893742 -0.12190901523893742 -0.0820882152549233 -0.09868027573317253 -0.03281880387148894 -0.03281880387148894 -0.03281880387148894 -0.03883199429684344 -0.03883199429684344 -0.03928866302395971 -0.03281880387148894 -0.027831361676233755 -0.004454610170621243
-0.20102630662233437 -0.20102630662233437 -0.20102630662233437 -0.20102630662233437 -0.20102630662233437 -0.20102630662233437 -0.20102630662233437 -0.20102630662233437 -0.20102630662233437 -0.20102630662233437 -0.20102630662233437 -0.20102630662233437 -0.20102630662233437 -0.20102630662233437 -0.20102630662233437 -0.20102630662233437 -0.20102630662233437 -0.20102630662233437 -0.20102630662233437 -0.20102630662233437 -0.20102630662233437 -0.20102630662233437 -0.20102630662233437 -0.20102630662233437 -0.20102630662233437 -0.20102630662233437 -0.20102630662233437 -0.20102630662233437 -0.20102630662233437 -0.20102630662233437 -0.19888506729384528 -0.20102630662233437 -0.20102630662233437 -0.20102630662233437 -0.20102630662233437 -0.20102630662233437 -0.20102630662233437 -0.20102630662233437 -0.20102630662233437 -0.20102630662233437 -0.20102630662233437 -0.20102630662233437 -0.20102630662233437 -0.20102630662233437 -0.20102630662233437 -0.20102630662233437 -0.20102630662233437 -0.20102630662233437 -0.20102630662233437 -0.20102630662233437 -0.20102630662233437 -0.20102630662233437 -0.20102630662233437 -0.20102630662233437 -0.20102630662233437 -0.20102630662233437 -0.20102630662233437 -0.19888506729384528 -0.20102630662233437 -0.20102630662233437 -0.20102630662233437 -0.20102630662233437 -0.20102630662233437 -0.20102630662233437 -0.20102630662233437 -0.20102630662233437 -0.20102630662233437 -0.20102630662233437 -0.20102630662233437 -0.20102630662233437 -0.20102630662233437 -0.20102630662233437 -0.20102630662233437 -0.20102630662233437 -0.20102630662233437 -0.20102630662233437 -0.20102630662233437 -0.20102630662233437 -0.20102630662233437 -0.14576873237876967 -0.20102630662233437 -0.20102630662233437 -0.20102630662233437 -0.20102630662233437 -0.1995259280529714 -0.19736164869341716 -0.1821068647573436 -0.17614167262846486 -0.1739098427424842 -0.1627888159462234 -0.1627888159462234 -0.1627888159462234 -0.1627888159462234 -0.13493349044006586 -0.12960204680651732 -0.12190901523893742 -0.12190901523893742 -0.0820882152549233 -0.09868027573317253 -0.03281880387148894 -0.03281880387148894 -0.03281880387148894 -0.03883199429684344 -0.03883199429684344 -0.03928866302395971 -0.03281880387148894 -0.027831361676233755 -0.004454610170621243
-0.17220077718696933 -0.17220077718696933 -0.17220077718696933 -0.17220077718696933 -0.17220077718696933 -0.17220077718696933 -0.17220077718696933 -0.17220077718696933 -0.17220077718696933 -0.17220077718696933 -0.17220077718696933 -0.17220077718696933 -0.17220077718696933 -0.17220077718696933 -0.17220077718696933 -0.17220077718696933 -0.17220077718696933 -0.17220077718696933 -0.17220077718696933 -0.17220077718696933 -0.17220077718696933 -0.17220077718696933 -0.17220077718696933 -0.17220077718696933 -0.17220077718696933 -0.17220077718696933 -0.17220077718696933 -0.17220077718696933 -0.17220077718696933 -0.17220077718696933 -0.17220077718696933 -0.17220077718696933 -0.17220077718696933 -0.17220077718696933 -0.17220077718696933 -0.17220077718696933 -0.17220077718696933 -0.17220077718696933 -0.17220077718696933 -0.17220077718696933 -0.17220077718696933 -0.17220077718696933 -0.17220077718696933 -0.17220077718696933 -0.17220077718696933 -0.17220077718696933 -0.17220077718696933 -0.17220077718696933 -0.17220077718696933 -0.17220077718696933 -0.17220077718696933 -0.17220077718696933 -0.17220077718696933 -0.17220077718696933 -0.17220077718696933 -0.17220077718696933 -0.17220077718696933 -0.17220077718696933 -0.17220077718696933 -0.17220077718696933 -0.17220077718696933 -0.17220077718696933 -0.17220077718696933 -0.17220077718696933 -0.17220077718696933 -0.17220077718696933 -0.17220077718696933 -0.17220077718696933 -0.17220077718696933 -0.17220077718696933 -0.17220077718696933 -0.17220077718696933 -0.17220077718696933 -0.17220077718696933 -0.17220077718696933 -0.17220077718696933 -0.17220077718696933 -0.17220077718696933 -0.17220077718696933 -0.14576873237876967 -0.17220077718696933 -0.17220077718696933 -0.17220077718696933 -0.17220077718696933 -0.17220077718696933 -0.17220077718696933 -0.17220077718696933 -0.17220077718696933 -0.17220077718696933 -0.1627888159462234 -0.1627888159462234 -0.1627888159462234 -0.1627888159462234 -0.13493349044006586 -0.12960204680651732 -0.12190901523893742 -0.12190901523893742 -0.0820882152549233 -0.09868027573317253 -0.03281880387148894 -0.03281880387148894 -0.03281880387148894 -0.03883199429684344 -0.03883199429684344 -0.03928866302395971 -0.03281880387148894 -0.027831361676233755 -0.004454610170621243
-0.14212952060140535 -0.14212952060140535 -0.14212952060140535 -0.14212952060140535 -0.14212952060140535 -0.14212952060140535 -0.14212952060140535 -0.14212952060140535 -0.14212952060140535 -0.14212952060140535 -0.14212952060140535 -0.14212952060140535 -0.14212952060140535 -0.14212952060140535 -0.14212952060140535 -0.14212952060140535 -0.14212952060140535 -0.14212952060140535 -0.14212952060140535 -0.14212952060140535 -0.14212952060140535 -0.14212952060140535 -0.14212952060140535 -0.14212952060140535 -0.14212952060140535 -0.14212952060140535 -0.14212952060140535 -0.14212952060140535 -0.14212952060140535 -0.14212952060140535 -0.14212952060140535 -0.14212952060140535 -0.14212952060140535 -0.14212952060140535 -0.14212952060140535 -0.14212952060140535 -0.14212952060140535 -0.14212952060140535 -0.14212952060140535 -0.14212952060140535 -0.14212952060140535 -0.14212952060140535 -0.14212952060140535 -0.14212952060140535 -0.14212952060140535 -0.14212952060140535 -0.14212952060140535 -0.14212952060140535 -0.14212952060140535 -0.14212952060140535 -0.14212952060140535 -0.14212952060140535 -0.14212952060140535 -0.14212952060140535 -0.14212952060140535 -0.14212952060140535 -0.14212952060140535 -0.14212952060140535 -0.14212952060140535 -0.14212952060140535 -0.14212952060140535 -0.14212952060140535 -0.14212952060140535 -0.14212952060140535 -0.14212952060140535 -0.14212952060140535 -0.14212952060140535 -0.14212952060140535 -0.14212952060140535 -0.14212952060140535 -0.14212952060140535 -0.14212952060140535 -0.14212952060140535 -0.14212952060140535 -0.14212952060140535 -0.14212952060140535 -0.14212952060140535 -0.14212952060140535 -0.14212952060140535 -0.14212952060140535 -0.14212952060140535 -0.14212952060140535 -0.14212952060140535 -0.14212952060140535 -0.14212952060140535 -0.14212952060140535 -0.14212952060140535 -0.14212952060140535 -0.14212952060140535 -0.14212952060140535 -0.14212952060140535 -0.14212952060140535 -0.14212952060140535 -0.13493349044006586 -0.12960204680651732 -0.12190901523893742 -0.12190901523893742 -0.0820882152549233 -0.09868027573317253 -0.03281880387148894 -0.03281880387148894 -0.03281880387148894 -0.03883199429684344 -0.03883199429684344 -0.03928866302395971 -0.03281880387148894 -0.027831361676233755 -0.004454610170621243
-0.14203860671773372 -0.14203860671773372 -0.14203860671773372 -0.14203860671773372 -0.14203860671773372 -0.14203860671773372 -0.14203860671773372 -0.14203860671773372 -0.14203860671773372 -0.14203860671773372 -0.14203860671773372 -0.14203860671773372 -0.14203860671773372 -0.14203860671773372 -0.14203860671773372 -0.14203860671773372 -0.14203860671773372 -0.14203860671773372 -0.14203860671773372 -0.14203860671773372 -0.14203860671773372 -0.14203860671773372 -0.14203860671773372 -0.14203860671773372 -0.14203860671773372 -0.14203860671773372 -0.14203860671773372 -0.14203860671773372 -0.14203860671773372 -0.14203860671773372 -0.14203860671773372 -0.14203860671773372 -0.14203860671773372 -0.14203860671773372 -0.14203860671773372 -0.14203860671773372 -0.14203860671773372 -0.14203860671773372 -0.14203860671773372 -0.14203860671773372 -0.14203860671773372 -0.14203860671773372 -0.14203860671773372 -0.14203860671773372 -0.14203860671773372 -0.14203860671773372 -0.14203860671773372 -0.14203860671773372 -0.14203860671773372 -0.14203860671773372 -0.14203860671773372 -0.14203860671773372 -0.14203860671773372 -0.14203860671773372 -0.14203860671773372 -0.14203860671773372 -0.14203860671773372 -0.14203860671773372 -0.14203860671773372 -0.14203860671773372 -0.14203860671773372 -0.14203860671773372 -0.14203860671773372 -0.14203860671773372 -0.14203860671773372 -0.14203860671773372 -0.14203860671773372 -0.14203860671773372 -0.14203860671773372 -0.14203860671773372 -0.14203860671773372 -0.14203860671773372 -0.14203860671773372 -0.14203860671773372 -0.14203860671773372 -0.14203860671773372 -0.14203860671773372 -0.14203860671773372 -0.14203860671773372 -0.14203860671773372 -0.14203860671773372 -0.14203860671773372 -0.14203860671773372 -0.14203860671773372 -0.14203860671773372 -0.14203860671773372 -0.14203860671773372 -0.14203860671773372 -0.14203860671773372 -0.14203860671773372 -0.14203860671773372 -0.14203860671773372 -0.14203860671773372 -0.13493349044006586 -0.12960204680651732 -0.12190901523893742 -0.12190901523893742 -0.0820882152549233 -0.09868027573317253 -0.03281880387148894 -0.03281880387148894 -0.03281880387148894 -0.03883199429684344 -0.03883199429684344 -0.03928866302395971 -0.03281880387148894 -0.027831361676233755 -0.004454610170621243
-0.1396220788378505 -0.1396220788378505 -0.1396220788378505 -0.1396220788378505 -0.1396220788378505 -0.1396220788378505 -0.1396220788378505 -0.1396220788378505 -0.1396220788378505 -0.1396220788378505 -0.1396220788378505 -0.1396220788378505 -0.1396220788378505 -0.1396220788378505 -0.1396220788378505 -0.1396220788378505 -0.1396220788378505 -0.1396220788378505 -0.1396220788378505 -0.1396220788378505 -0.1396220788378505 -0.1396220788378505 -0.1396220788378505 -0.1396220788378505 -0.1396220788378505 -0.1396220788378505 -0.1396220788378505 -0.1396220788378505 -0.1396220788378505 -0.1396220788378505 -0.1396220788378505 -0.1396220788378505 -0.1396220788378505 -0.1396220788378505 -0.1396220788378505 -0.1396220788378505 -0.1396220788378505 -0.1396220788378505 -0.1396220788378505 -0.1396220788378505 -0.1396220788378505 -0.1396220788378505 -0.1396220788378505 -0.1396220788378505 -0.1396220788378505 -0.1396220788378505 -0.1396220788378505 -0.1396220788378505 -0.1396220788378505 -0.1396220788378505 -0.1396220788378505 -0.1396220788378505 -0.1396220788378505 -0.1396220788378505 -0.1396220788378505 -0.1396220788378505 -0.1396220788378505 -0.1396220788378505 -0.1396220788378505 -0.1396220788378505 -0.1396220788378505 -0.1396220788378505 -0.1396220788378505 -0.1396220788378505 -0.1396220788378505 -0.1396220788378505 -0.1396220788378505 -0.1396220788378505 -0.1396220788378505 -0.1396220788378505 -0.1396220788378505 -0.1396220788378505 -0.1396220788378505 -0.1396220788378505 -0.1396220788378505 -0.1396220788378505 -0.1396220788378505 -0.1396220788378505 -0.1396220788378505 -0.1396220788378505 -0.1396220788378505 -0.1396220788378505 -0.1396220788378505 -0.1396220788378505 -0.1396220788378505 -0.1396220788378505 -0.1396220788378505 -0.1396220788378505 -0.1396220788378505 -0.1396220788378505 -0.1396220788378505 -0.1396220788378505 -0.1396220788378505 -0.13493349044006586 -0.12960204680651732 -0.12190901523893742 -0.12190901523893742 -0.0820882152549233 -0.09868027573317253 -0.03281880387148894 -0.03281880387148894 -0.03281880387148894 -0.03883199429684344 -0.03883199429684344 -0.03928866302395971 -0.03281880387148894 -0.027831361676233755 -0.004454610170621243
-0.1365611094416481 -0.1365611094416481 -0.1365611094416481 -0.1365611094416481 -0.1365611094416481 -0.1365611094416481 -0.1365611094416481 -0.1365611094416481 -0.1365611094416481 -0.1365611094416481 -0.1365611094416481 -0.1365611094416481 -0.1365611094416481 -0.1365611094416481 -0.1365611094416481 -0.1365611094416481 -0.1365611094416481 -0.1365611094416481 -0.1365611094416481 -0.1365611094416481 -0.1365611094416481 -0.1365611094416481 -0.1365611094416481 -0.1365611094416481 -0.1365611094416481 -0.1365611094416481 -0.1365611094416481 -0.1365611094416481 -0.1365611094416481 -0.1365611094416481 -0.1365611094416481 -0.1365611094416481 -0.1365611094416481 -0.1365611094416481 -0.1365611094416481 -0.1365611094416481 -0.1365611094416481 -0.1365611094416481 -0.1365611094416481 -0.1365611094416481 -0.1365611094416481 -0.1365611094416481 -0.1365611094416481 -0.1365611094416481 -0.1365611094416481 -0.1365611094416481 -0.1365611094416481 -0.1365611094416481 -0.1365611094416481 -0.1365611094416481 -0.1365611094416481 -0.1365611094416481 -0.1365611094416481 -0.1365611094416481 -0.1365611094416481 -0.1365611094416481 -0.1365611094416481 -0.1365611094416481 -0.1365611094416481 -0.1365611094416481 -0.1365611094416481 -0.1365611094416481 -0.1365611094416481 -0.1365611094416481 -0.1365611094416481 -0.1365611094416481 -0.1365611094416481 -0.1365611094416481 -0.1365611094416481 -0.1365611094416481 -0.1365611094416481 -0.1365611094416481 -0.1365611094416481 -0.1365611094416481 -0.1365611094416481 -0.1365611094416481 -0.1365611094416481 -0.1365611094416481 -0.1365611094416481 -0.1365611094416481 -0.1365611094416481 -0.1365611094416481 -0.1365611094416481 -0.1365611094416481 -0.1365611094416481 -0.1365611094416481 -0.1365611094416481 -0.1365611094416481 -0.1365611094416481 -0.1365611094416481 -0.1365611094416481 -0.1365611094416481 -0.1365611094416481 -0.13493349044006586 -0.12960204680651732 -0.12190901523893742 -0.12190901523893742 -0.0820882152549233 -0.09868027573317253 -0.03281880387148894 -0.03281880387148894 -0.03281880387148894 -0.03883199429684344 -0.03883199429684344 -0.03928866302395971 -0.03281880387148894 -0.027831361676233755 -0.004454610170621243
-0.10800910586244244 -0.10800910586244244 -0.10800910586244244 -0.10800910586244244 -0.10800910586244244 -0.10800910586244244 -0.10800910586244244 -0.10800910586244244 -0.10800910586244244 -0.10800910586244244 -0.10800910586244244 -0.10800910586244244 -0.10800910586244244 -0.10800910586244244 -0.10800910586244244 -0.10800910586244244 -0.10800910586244244 -0.10800910586244244 -0.10800910586244244 -0.10800910586244244 -0.10800910586244244 -0.10800910586244244 -0.10800910586244244 -0.10800910586244244 -0.10800910586244244 -0.10800910586244244 -0.10800910586244244 -0.10800910586244244 -0.10800910586244244 -0.10800910586244244 -0.10800910586244244 -0.10800910586244244 -0.10800910586244244 -0.10800910586244244 -0.10800910586244244 -0.10800910586244244 -0.10800910586244244 -0.10800910586244244 -0.10800910586244244 -0.10800910586244244 -0.10800910586244244 -0.10800910586244244 -0.10800910586244244 -0.10800910586244244 -0.10800910586244244 -0.10800910586244244 -0.10800910586244244 -0.10800910586244244 -0.10800910586244244 -0.10800910586244244 -0.10800910586244244 -0.10800910586244244 -0.10800910586244244 -0.10800910586244244 -0.10800910586244244 -0.10800910586244244 -0.10800910586244244 -0.10800910586244244 -0.10800910586244244 -0.10800910586244244 -0.10800910586244244 -0.10800910586244244 -0.10800910586244244 -0.10800910586244244 -0.10800910586244244 -0.10800910586244244 -0.10800910586244244 -0.10800910586244244 -0.10800910586244244 -0.10800910586244244 -0.10800910586244244 -0.10800910586244244 -0.10800910586244244 -0.10800910586244244 -0.10800910586244244 -0.10800910586244244 -0.10800910586244244 -0.10800910586244244 -0.10800910586244244 -0.10800910586244244 -0.10800910586244244 -0.10800910586244244 -0.10800910586244244 -0.10800910586244244 -0.10800910586244244 -0.10800910586244244 -0.10800910586244244 -0.10800910586244244 -0.10800910586244244 -0.10800910586244244 -0.10800910586244244 -0.10800910586244244 -0.10800910586244244 -0.10800910586244244 -0.10800910586244244 -0.10800910586244244 -0.10800910586244244 -0.0820882152549233 -0.09868027573317253 -0.03281880387148894 -0.03281880387148894 -0.03281880387148894 -0.03883199429684344 -0.03883199429684344 -0.03928866302395971 -0.03281880387148894 -0.027831361676233755 -0.004454610170621243
-0.0631685080330513 -0.0631685080330513 -0.0631685080330513 -0.0631685080330513 -0.0631685080330513 -0.0631685080330513 -0.0631685080330513 -0.0631685080330513 -0.0631685080330513 -0.0631685080330513 -0.0631685080330513 -0.0631685080330513 -0.0631685080330513 -0.0631685080330513 -0.0631685080330513 -0.0631685080330513 -0.0631685080330513 -0.0631685080330513 -0.0631685080330513 -0.0631685080330513 -0.0631685080330513 -0.0631685080330513 -0.0631685080330513 -0.0631685080330513 -0.0631685080330513 -0.0631685080330513 -0.0631685080330513 -0.0631685080330513 -0.0631685080330513 -0.0631685080330513 -0.0631685080330513 -0.0631685080330513 -0.0631685080330513 -0.0631685080330513 -0.0631685080330513 -0.0631685080330513 -0.0631685080330513 -0.0631685080330513 -0.0631685080330513 -0.0631685080330513 -0.0631685080330513 -0.0631685080330513 -0.0631685080330513 -0.0631685080330513 -0.0631685080330513 -0.0631685080330513 -0.0631685080330513 -0.0631685080330513 -0.0631685080330513 -0.0631685080330513 -0.0631685080330513 -0.0631685080330513 -0.0631685080330513 -0.0631685080330513 -0.0631685080330513 -0.0631685080330513 -0.0631685080330513 -0.0631685080330513 -0.0631685080330513 -0.0631685080330513 -0.0631685080330513 -0.0631685080330513 -0.0631685080330513 -0.0631685080330513 -0.0631685080330513 -0.0631685080330513 -0.0631685080330513 -0.0631685080330513 -0.0631685080330513 -0.0631685080330513 -0.0631685080330513 -0.0631685080330513 -0.0631685080330513 -0.0631685080330513 -0.0631685080330513 -0.0631685080330513 -0.0631685080330513 -0.0631685080330513 -0.0631685080330513 -0.0631685080330513 -0.0631685080330513 -0.0631685080330513 -0.0631685080330513 -0.0631685080330513 -0.0631685080330513 -0.0631685080330513 -0.0631685080330513 -0.0631685080330513 -0.0631685080330513 -0.0631685080330513 -0.0631685080330513 -0.0631685080330513 -0.0631685080330513 -0.0631685080330513 -0.0631685080330513 -0.0631685080330513 -0.0631685080330513 -0.0631685080330513 -0.0631685080330513 -0.03281880387148894 -0.03281880387148894 -0.03281880387148894 -0.03883199429684344 -0.03883199429684344 -0.03928866302395971 -0.03281880387148894 -0.027831361676233755 -0.004454610170621243