-0.8650843954450059 -0.8372634951176268 -0.16459849722065942 -0.3847076117947752 -0.3847076117947752 -0.3847076117947752 -0.3847076117947752 -0.5190003827283494 -0.5190003827283494 -0.3847076117947752 -0.5190003827283494 -0.3847076117947752 -0.3847076117947752 -0.5190003827283494 -0.3847076117947752 -0.6396419393048622 -0.3847076117947752 -0.5190003827283494 -0.5190003827283494 -0.3847076117947752 -0.5190003827283494 -0.3847076117947752 -0.3847076117947752 -0.6030572085431473 -0.3847076117947752 -0.3847076117947752 -0.5190003827283494 -0.3847076117947752 -0.5573560732009506 -0.3847076117947752 -0.3847076117947752 -0.3847076117947752 -0.3847076117947752 -0.3847076117947752 -0.5190003827283494 -0.3847076117947752 -0.3847076117947752 -0.3847076117947752 -0.3847076117947752 -0.3847076117947752 -0.3847076117947752 -0.3847076117947752 -0.3847076117947752 -0.2947143467373915 -0.2947143467373915 -0.2947143467373915 -0.3847076117947752 -0.3847076117947752 -0.3847076117947752 -0.3847076117947752 -0.35886911377624076 -0.22078380026824607 -0.22078380026824607 -0.22618874609755887 -0.22618874609755887 -0.22078380026824607 -0.22618874609755887 -0.3800479192908373 -0.2947143467373915 -0.3566367321552012 -0.2947143467373915 -0.2947143467373915 -0.22078380026824607 -0.22618874609755887 -0.3566149851482373 -0.22078380026824607 -0.33174798498261754 -0.22618874609755887 -0.33174798498261754 -0.33174798498261754 -0.2947143467373915 -0.26799557647091005 -0.32850153711980784 -0.3279167391240345 -0.32588361851743025 -0.32590535242808044 -0.22078380026824607 -0.22618874609755887 -0.2925487189194621 -0.25707331640243947 -0.2758014086554708 -0.26036778966865715 -0.26711600683116205 -0.2640381955252211 -0.24253668982228258 -0.19790864421799786 -0.22105501156017307 -0.2089145651565945 -0.2068707654714029 -0.20525005054483897 -0.18051616427584133 -0.18315246518198733 -0.11719771357561985 -0.11719771357561985 -0.1670042698561103 -0.11719771357561985 -0.11719771357561985 -0.11719771357561985 -0.11719771357561985 -0.15209180674513348 -0.11371449382753211 -0.09216072937508359 -0.04980819128046272
-0.8372634951176268 -0.8372634951176268 -0.16459849722065942 -0.3847076117947752 -0.3847076117947752 -0.3847076117947752 -0.3847076117947752 -0.5190003827283494 -0.5190003827283494 -0.3847076117947752 -0.5190003827283494 -0.3847076117947752 -0.3847076117947752 -0.5190003827283494 -0.3847076117947752 -0.6396419393048622 -0.3847076117947752 -0.5190003827283494 -0.5190003827283494 -0.3847076117947752 -0.5190003827283494 -0.3847076117947752 -0.3847076117947752 -0.6030572085431473 -0.3847076117947752 -0.3847076117947752 -0.5190003827283494 -0.3847076117947752 -0.5573560732009506 -0.3847076117947752 -0.3847076117947752 -0.3847076117947752 -0.3847076117947752 -0.3847076117947752 -0.5190003827283494 -0.3847076117947752 -0.3847076117947752 -0.3847076117947752 -0.3847076117947752 -0.3847076117947752 -0.3847076117947752 -0.3847076117947752 -0.3847076117947752 -0.2947143467373915 -0.2947143467373915 -0.2947143467373915 -0.3847076117947752 -0.3847076117947752 -0.3847076117947752 -0.3847076117947752 -0.35886911377624076 -0.22078380026824607 -0.22078380026824607 -0.22618874609755887 -0.22618874609755887 -0.22078380026824607 -0.22618874609755887 -0.3800479192908373 -0.2947143467373915 -0.3566367321552012 -0.2947143467373915 -0.2947143467373915 -0.22078380026824607 -0.22618874609755887 -0.3566149851482373 -0.22078380026824607 -0.33174798498261754 -0.22618874609755887 -0.33174798498261754 -0.33174798498261754 -0.2947143467373915 -0.26799557647091005 -0.32850153711980784 -0.3279167391240345 -0.32588361851743025 -0.32590535242808044 -0.22078380026824607 -0.22618874609755887 -0.2925487189194621 -0.25707331640243947 -0.2758014086554708 -0.26036778966865715 -0.26711600683116205 -0.2640381955252211 -0.24253668982228258 -0.19790864421799786 -0.22105501156017307 -0.2089145651565945 -0.2068707654714029 -0.20525005054483897 -0.18051616427584133 -0.18315246518198733 -0.11719771357561985 -0.11719771357561985 -0.1670042698561103 -0.11719771357561985 -0.11719771357561985 -0.11719771357561985 -0.11719771357561985 -0.15209180674513348 -0.11371449382753211 -0.09216072937508359 -0.04980819128046272
-0.16459849722065942 -0.16459849722065942 -0.825632588136205 -0.16459849722065942 -0.16459849722065942 -0.16459849722065942 -0.16459849722065942 -0.16459849722065942 -0.16459849722065942 -0.16459849722065942 -0.16459849722065942 -0.16459849722065942 -0.16459849722065942 -0.16459849722065942 -0.16459849722065942 -0.16459849722065942 -0.16459849722065942 -0.16459849722065942 -0.16459849722065942 -0.16459849722065942 -0.16459849722065942 -0.16459849722065942 -0.16459849722065942 -0.16459849722065942 -0.16459849722065942 -0.16459849722065942 -0.16459849722065942 -0.16459849722065942 -0.16459849722065942 -0.16459849722065942 -0.16459849722065942 -0.16459849722065942 -0.16459849722065942 -0.16459849722065942 -0.16459849722065942 -0.16459849722065942 -0.16459849722065942 -0.16459849722065942 -0.16459849722065942 -0.16459849722065942 -0.16459849722065942 -0.16459849722065942 -0.16459849722065942 -0.16459849722065942 -0.16459849722065942 -0.16459849722065942 -0.16459849722065942 -0.16459849722065942 -0.16459849722065942 -0.16459849722065942 -0.16459849722065942 -0.16459849722065942 -0.16459849722065942 -0.16459849722065942 -0.16459849722065942 -0.16459849722065942 -0.16459849722065942 -0.16459849722065942 -0.16459849722065942 -0.16459849722065942 -0.16459849722065942 -0.16459849722065942 -0.16459849722065942 -0.16459849722065942 -0.16459849722065942 -0.16459849722065942 -0.16459849722065942 -0.16459849722065942 -0.16459849722065942 -0.16459849722065942 -0.16459849722065942 -0.16459849722065942 -0.16459849722065942 -0.16459849722065942 -0.16459849722065942 -0.16459849722065942 -0.16459849722065942 -0.16459849722065942 -0.16459849722065942 -0.16459849722065942 -0.16459849722065942 -0.16459849722065942 -0.16459849722065942 -0.16459849722065942 -0.16459849722065942 -0.16459849722065942 -0.16459849722065942 -0.16459849722065942 -0.16459849722065942 -0.16459849722065942 -0.16459849722065942 -0.16459849722065942 -0.11719771357561985 -0.11719771357561985 -0.16459849722065942 -0.11719771357561985 -0.11719771357561985 -0.11719771357561985 -0.11719771357561985 -0.15209180674513348 -0.11371449382753211 -0.09216072937508359 -0.04980819128046272
-0.3847076117947752 -0.3847076117947752 -0.16459849722065942 -0.7251823831757823 -0.7189603360379425 -0.4306021874628559 -0.4306021874628559 -0.3847076117947752 -0.3847076117947752 -0.4306021874628559 -0.3847076117947752 -0.4306021874628559 -0.44287292261669164 -0.3847076117947752 -0.44287292261669164 -0.3847076117947752 -0.3928411552597623 -0.3847076117947752 -0.3847076117947752 -0.44287292261669164 -0.3847076117947752 -0.44287292261669164 -0.44287292261669164 -0.3847076117947752 -0.44287292261669164 -0.44287292261669164 -0.3847076117947752 -0.44287292261669164 -0.3847076117947752 -0.3928411552597623 -0.4306021874628559 -0.3928411552597623 -0.44287292261669164 -0.3928411552597623 -0.3847076117947752 -0.3928411552597623 -0.40578074987084933 -0.3928411552597623 -0.44287292261669164 -0.3928411552597623 -0.40537242653603583 -0.44287292261669164 -0.44287292261669164 -0.2947143467373915 -0.2947143467373915 -0.2947143467373915 -0.44760321536614245 -0.4306021874628559 -0.3860730738415956 -0.4118070516062815 -0.35886911377624076 -0.22078380026824607 -0.22078380026824607 -0.22618874609755887 -0.22618874609755887 -0.22078380026824607 -0.22618874609755887 -0.3800479192908373 -0.2947143467373915 -0.3566367321552012 -0.2947143467373915 -0.2947143467373915 -0.22078380026824607 -0.22618874609755887 -0.3566149851482373 -0.22078380026824607 -0.33174798498261754 -0.22618874609755887 -0.33174798498261754 -0.33174798498261754 -0.2947143467373915 -0.26799557647091005 -0.32850153711980784 -0.3279167391240345 -0.32588361851743025 -0.32590535242808044 -0.22078380026824607 -0.22618874609755887 -0.2925487189194621 -0.25707331640243947 -0.2758014086554708 -0.26036778966865715 -0.26711600683116205 -0.2640381955252211 -0.24253668982228258 -0.19790864421799786 -0.22105501156017307 -0.2089145651565945 -0.2068707654714029 -0.20525005054483897 -0.18051616427584133 -0.18315246518198733 -0.11719771357561985 -0.11719771357561985 -0.1670042698561103 -0.11719771357561985 -0.11719771357561985 -0.11719771357561985 -0.11719771357561985 -0.15209180674513348 -0.11371449382753211 -0.09216072937508359 -0.04980819128046272
-0.3847076117947752 -0.3847076117947752 -0.16459849722065942 -0.7189603360379425 -0.7189603360379425 -0.4306021874628559 -0.4306021874628559 -0.3847076117947752 -0.3847076117947752 -0.4306021874628559 -0.3847076117947752 -0.4306021874628559 -0.44287292261669164 -0.3847076117947752 -0.44287292261669164 -0.3847076117947752 -0.3928411552597623 -0.3847076117947752 -0.3847076117947752 -0.44287292261669164 -0.3847076117947752 -0.44287292261669164 -0.44287292261669164 -0.3847076117947752 -0.44287292261669164 -0.44287292261669164 -0.3847076117947752 -0.44287292261669164 -0.3847076117947752 -0.3928411552597623 -0.4306021874628559 -0.3928411552597623 -0.44287292261669164 -0.3928411552597623 -0.3847076117947752 -0.3928411552597623 -0.40578074987084933 -0.3928411552597623 -0.44287292261669164 -0.3928411552597623 -0.40537242653603583 -0.44287292261669164 -0.44287292261669164 -0.2947143467373915 -0.2947143467373915 -0.2947143467373915 -0.44760321536614245 -0.4306021874628559 -0.3860730738415956 -0.4118070516062815 -0.35886911377624076 -0.22078380026824607 -0.22078380026824607 -0.22618874609755887 -0.22618874609755887 -0.22078380026824607 -0.22618874609755887 -0.3800479192908373 -0.2947143467373915 -0.3566367321552012 -0.2947143467373915 -0.2947143467373915 -0.22078380026824607 -0.22618874609755887 -0.3566149851482373 -0.22078380026824607 -0.33174798498261754 -0.22618874609755887 -0.33174798498261754 -0.33174798498261754 -0.2947143467373915 -0.26799557647091005 -0.32850153711980784 -0.3279167391240345 -0.32588361851743025 -0.32590535242808044 -0.22078380026824607 -0.22618874609755887 -0.2925487189194621 -0.25707331640243947 -0.2758014086554708 -0.26036778966865715 -0.26711600683116205 -0.2640381955252211 -0.24253668982228258 -0.19790864421799786 -0.22105501156017307 -0.2089145651565945 -0.2068707654714029 -0.20525005054483897 -0.18051616427584133 -0.18315246518198733 -0.11719771357561985 -0.11719771357561985 -0.1670042698561103 -0.11719771357561985 -0.11719771357561985 -0.11719771357561985 -0.11719771357561985 -0.15209180674513348 -0.11371449382753211 -0.09216072937508359 -0.04980819128046272
-0.3847076117947752 -0.3847076117947752 -0.16459849722065942 -0.4306021874628559 -0.4306021874628559 -0.7108423459888097 -0.7073151294097219 -0.3847076117947752 -0.3847076117947752 -0.6645296123254095 -0.3847076117947752 -0.6560739498797655 -0.4306021874628559 -0.3847076117947752 -0.4306021874628559 -0.3847076117947752 -0.3928411552597623 -0.3847076117947752 -0.3847076117947752 -0.4306021874628559 -0.3847076117947752 -0.4306021874628559 -0.4306021874628559 -0.3847076117947752 -0.4306021874628559 -0.4306021874628559 -0.3847076117947752 -0.4306021874628559 -0.3847076117947752 -0.3928411552597623 -0.50442339863338 -0.3928411552597623 -0.4306021874628559 -0.3928411552597623 -0.3847076117947752 -0.3928411552597623 -0.40578074987084933 -0.3928411552597623 -0.4306021874628559 -0.3928411552597623 -0.40537242653603583 -0.4306021874628559 -0.4306021874628559 -0.2947143467373915 -0.2947143467373915 -0.2947143467373915 -0.4306021874628559 -0.43155407732660733 -0.3860730738415956 -0.4118070516062815 -0.35886911377624076 -0.22078380026824607 -0.22078380026824607 -0.22618874609755887 -0.22618874609755887 -0.22078380026824607 -0.22618874609755887 -0.3800479192908373 -0.2947143467373915 -0.3566367321552012 -0.2947143467373915 -0.2947143467373915 -0.22078380026824607 -0.22618874609755887 -0.3566149851482373 -0.22078380026824607 -0.33174798498261754 -0.22618874609755887 -0.33174798498261754 -0.33174798498261754 -0.2947143467373915 -0.26799557647091005 -0.32850153711980784 -0.3279167391240345 -0.32588361851743025 -0.32590535242808044 -0.22078380026824607 -0.22618874609755887 -0.2925487189194621 -0.25707331640243947 -0.2758014086554708 -0.26036778966865715 -0.26711600683116205 -0.2640381955252211 -0.24253668982228258 -0.19790864421799786 -0.22105501156017307 -0.2089145651565945 -0.2068707654714029 -0.20525005054483897 -0.18051616427584133 -0.18315246518198733 -0.11719771357561985 -0.11719771357561985 -0.1670042698561103 -0.11719771357561985 -0.11719771357561985 -0.11719771357561985 -0.11719771357561985 -0.15209180674513348 -0.11371449382753211 -0.09216072937508359 -0.04980819128046272
-0.3847076117947752 -0.3847076117947752 -0.16459849722065942 -0.4306021874628559 -0.4306021874628559 -0.7073151294097219 -0.7073151294097219 -0.3847076117947752 -0.3847076117947752 -0.6645296123254095 -0.3847076117947752 -0.651996197218742 -0.4306021874628559 -0.3847076117947752 -0.4306021874628559 -0.3847076117947752 -0.3928411552597623 -0.3847076117947752 -0.3847076117947752 -0.4306021874628559 -0.3847076117947752 -0.4306021874628559 -0.4306021874628559 -0.3847076117947752 -0.4306021874628559 -0.4306021874628559 -0.3847076117947752 -0.4306021874628559 -0.3847076117947752 -0.3928411552597623 -0.50442339863338 -0.3928411552597623 -0.4306021874628559 -0.3928411552597623 -0.3847076117947752 -0.3928411552597623 -0.40578074987084933 -0.3928411552597623 -0.4306021874628559 -0.3928411552597623 -0.40537242653603583 -0.4306021874628559 -0.4306021874628559 -0.2947143467373915 -0.2947143467373915 -0.2947143467373915 -0.4306021874628559 -0.43155407732660733 -0.3860730738415956 -0.4118070516062815 -0.35886911377624076 -0.22078380026824607 -0.22078380026824607 -0.22618874609755887 -0.22618874609755887 -0.22078380026824607 -0.22618874609755887 -0.3800479192908373 -0.2947143467373915 -0.3566367321552012 -0.2947143467373915 -0.2947143467373915 -0.22078380026824607 -0.22618874609755887 -0.3566149851482373 -0.22078380026824607 -0.33174798498261754 -0.22618874609755887 -0.33174798498261754 -0.33174798498261754 -0.2947143467373915 -0.26799557647091005 -0.32850153711980784 -0.3279167391240345 -0.32588361851743025 -0.32590535242808044 -0.22078380026824607 -0.22618874609755887 -0.2925487189194621 -0.25707331640243947 -0.2758014086554708 -0.26036778966865715 -0.26711600683116205 -0.2640381955252211 -0.24253668982228258 -0.19790864421799786 -0.22105501156017307 -0.2089145651565945 -0.2068707654714029 -0.20525005054483897 -0.18051616427584133 -0.18315246518198733 -0.11719771357561985 -0.11719771357561985 -0.1670042698561103 -0.11719771357561985 -0.11719771357561985 -0.11719771357561985 -0.11719771357561985 -0.15209180674513348 -0.11371449382753211 -0.09216072937508359 -0.04980819128046272
-0.5190003827283494 -0.5190003827283494 -0.16459849722065942 -0.3847076117947752 -0.3847076117947752 -0.3847076117947752 -0.3847076117947752 -0.7038478924370886 -0.6910266105932639 -0.3847076117947752 -0.6615996248143586 -0.3847076117947752 -0.3847076117947752 -0.6295835835596898 -0.3847076117947752 -0.5190003827283494 -0.3847076117947752 -0.6220260365337277 -0.6215354593125042 -0.3847076117947752 -0.6198517965923817 -0.3847076117947752 -0.3847076117947752 -0.5190003827283494 -0.3847076117947752 -0.3847076117947752 -0.5979269363464697 -0.3847076117947752 -0.5190003827283494 -0.3847076117947752 -0.3847076117947752 -0.3847076117947752 -0.3847076117947752 -0.3847076117947752 -0.5409448705479268 -0.3847076117947752 -0.3847076117947752 -0.3847076117947752 -0.3847076117947752 -0.3847076117947752 -0.3847076117947752 -0.3847076117947752 -0.3847076117947752 -0.2947143467373915 -0.2947143467373915 -0.2947143467373915 -0.3847076117947752 -0.3847076117947752 -0.3847076117947752 -0.3847076117947752 -0.35886911377624076 -0.22078380026824607 -0.22078380026824607 -0.22618874609755887 -0.22618874609755887 -0.22078380026824607 -0.22618874609755887 -0.3800479192908373 -0.2947143467373915 -0.3566367321552012 -0.2947143467373915 -0.2947143467373915 -0.22078380026824607 -0.22618874609755887 -0.3566149851482373 -0.22078380026824607 -0.33174798498261754 -0.22618874609755887 -0.33174798498261754 -0.33174798498261754 -0.2947143467373915 -0.26799557647091005 -0.32850153711980784 -0.3279167391240345 -0.32588361851743025 -0.32590535242808044 -0.22078380026824607 -0.22618874609755887 -0.2925487189194621 -0.25707331640243947 -0.2758014086554708 -0.26036778966865715 -0.26711600683116205 -0.2640381955252211 -0.24253668982228258 -0.19790864421799786 -0.22105501156017307 -0.2089145651565945 -0.2068707654714029 -0.20525005054483897 -0.18051616427584133 -0.18315246518198733 -0.11719771357561985 -0.11719771357561985 -0.1670042698561103 -0.11719771357561985 -0.11719771357561985 -0.11719771357561985 -0.11719771357561985 -0.15209180674513348 -0.11371449382753211 -0.09216072937508359 -0.04980819128046272
-0.5190003827283494 -0.5190003827283494 -0.16459849722065942 -0.3847076117947752 -0.3847076117947752 -0.3847076117947752 -0.3847076117947752 -0.6910266105932639 -0.6910266105932639 -0.3847076117947752 -0.6615996248143586 -0.3847076117947752 -0.3847076117947752 -0.6501605351666538 -0.3847076117947752 -0.5190003827283494 -0.3847076117947752 -0.6220260365337277 -0.6087875449521101 -0.3847076117947752 -0.6198517965923817 -0.3847076117947752 -0.3847076117947752 -0.5190003827283494 -0.3847076117947752 -0.3847076117947752 -0.5944528105539973 -0.3847076117947752 -0.5190003827283494 -0.3847076117947752 -0.3847076117947752 -0.3847076117947752 -0.3847076117947752 -0.3847076117947752 -0.5409448705479268 -0.3847076117947752 -0.3847076117947752 -0.3847076117947752 -0.3847076117947752 -0.3847076117947752 -0.3847076117947752 -0.3847076117947752 -0.3847076117947752 -0.2947143467373915 -0.2947143467373915 -0.2947143467373915 -0.3847076117947752 -0.3847076117947752 -0.3847076117947752 -0.3847076117947752 -0.35886911377624076 -0.22078380026824607 -0.22078380026824607 -0.22618874609755887 -0.22618874609755887 -0.22078380026824607 -0.22618874609755887 -0.3800479192908373 -0.2947143467373915 -0.3566367321552012 -0.2947143467373915 -0.2947143467373915 -0.22078380026824607 -0.22618874609755887 -0.3566149851482373 -0.22078380026824607 -0.33174798498261754 -0.22618874609755887 -0.33174798498261754 -0.33174798498261754 -0.2947143467373915 -0.26799557647091005 -0.32850153711980784 -0.3279167391240345 -0.32588361851743025 -0.32590535242808044 -0.22078380026824607 -0.22618874609755887 -0.2925487189194621 -0.25707331640243947 -0.2758014086554708 -0.26036778966865715 -0.26711600683116205 -0.2640381955252211 -0.24253668982228258 -0.19790864421799786 -0.22105501156017307 -0.2089145651565945 -0.2068707654714029 -0.20525005054483897 -0.18051616427584133 -0.18315246518198733 -0.11719771357561985 -0.11719771357561985 -0.1670042698561103 -0.11719771357561985 -0.11719771357561985 -0.11719771357561985 -0.11719771357561985 -0.15209180674513348 -0.11371449382753211 -0.09216072937508359 -0.04980819128046272
-0.3847076117947752 -0.3847076117947752 -0.16459849722065942 -0.4306021874628559 -0.4306021874628559 -0.6645296123254095 -0.6645296123254095 -0.3847076117947752 -0.3847076117947752 -0.6645296123254095 -0.3847076117947752 -0.6560739498797655 -0.4306021874628559 -0.3847076117947752 -0.4306021874628559 -0.3847076117947752 -0.3928411552597623 -0.3847076117947752 -0.3847076117947752 -0.4306021874628559 -0.3847076117947752 -0.4306021874628559 -0.4306021874628559 -0.3847076117947752 -0.4306021874628559 -0.4306021874628559 -0.3847076117947752 -0.4306021874628559 -0.3847076117947752 -0.3928411552597623 -0.50442339863338 -0.3928411552597623 -0.4306021874628559 -0.3928411552597623 -0.3847076117947752 -0.3928411552597623 -0.40578074987084933 -0.3928411552597623 -0.4306021874628559 -0.3928411552597623 -0.40537242653603583 -0.4306021874628559 -0.4306021874628559 -0.2947143467373915 -0.2947143467373915 -0.2947143467373915 -0.4306021874628559 -0.43155407732660733 -0.3860730738415956 -0.4118070516062815 -0.35886911377624076 -0.22078380026824607 -0.22078380026824607 -0.22618874609755887 -0.22618874609755887 -0.22078380026824607 -0.22618874609755887 -0.38400794248356807 -0.2947143467373915 -0.3566367321552012 -0.2947143467373915 -0.2947143467373915 -0.22078380026824607 -0.22618874609755887 -0.3566149851482373 -0.22078380026824607 -0.33174798498261754 -0.22618874609755887 -0.33174798498261754 -0.33174798498261754 -0.2947143467373915 -0.26799557647091005 -0.32850153711980784 -0.3279167391240345 -0.32588361851743025 -0.32590535242808044 -0.22078380026824607 -0.22618874609755887 -0.2925487189194621 -0.25707331640243947 -0.2758014086554708 -0.26036778966865715 -0.26711600683116205 -0.2640381955252211 -0.24253668982228258 -0.19790864421799786 -0.22105501156017307 -0.2089145651565945 -0.2068707654714029 -0.20525005054483897 -0.18051616427584133 -0.18315246518198733 -0.11719771357561985 -0.11719771357561985 -0.1670042698561103 -0.11719771357561985 -0.11719771357561985 -0.11719771357561985 -0.11719771357561985 -0.15209180674513348 -0.11371449382753211 -0.09216072937508359 -0.04980819128046272
-0.5190003827283494 -0.5190003827283494 -0.16459849722065942 -0.3847076117947752 -0.3847076117947752 -0.3847076117947752 -0.3847076117947752 -0.6615996248143586 -0.6615996248143586 -0.3847076117947752 -0.6615996248143586 -0.3847076117947752 -0.3847076117947752 -0.6501605351666538 -0.3847076117947752 -0.5190003827283494 -0.3847076117947752 -0.5991009283396408 -0.5991009283396408 -0.3847076117947752 -0.5991009283396408 -0.3847076117947752 -0.3847076117947752 -0.5190003827283494 -0.3847076117947752 -0.3847076117947752 -0.5944528105539973 -0.3847076117947752 -0.5190003827283494 -0.3847076117947752 -0.3847076117947752 -0.3847076117947752 -0.3847076117947752 -0.3847076117947752 -0.5409448705479268 -0.3847076117947752 -0.3847076117947752 -0.3847076117947752 -0.3847076117947752 -0.3847076117947752 -0.3847076117947752 -0.3847076117947752 -0.3847076117947752 -0.2947143467373915 -0.2947143467373915 -0.2947143467373915 -0.3847076117947752 -0.3847076117947752 -0.3847076117947752 -0.3847076117947752 -0.35886911377624076 -0.22078380026824607 -0.22078380026824607 -0.22618874609755887 -0.22618874609755887 -0.22078380026824607 -0.22618874609755887 -0.3800479192908373 -0.2947143467373915 -0.3566367321552012 -0.2947143467373915 -0.2947143467373915 -0.22078380026824607 -0.22618874609755887 -0.3566149851482373 -0.22078380026824607 -0.33174798498261754 -0.22618874609755887 -0.33174798498261754 -0.33174798498261754 -0.2947143467373915 -0.26799557647091005 -0.32850153711980784 -0.3279167391240345 -0.32588361851743025 -0.32590535242808044 -0.22078380026824607 -0.22618874609755887 -0.2925487189194621 -0.25707331640243947 -0.2758014086554708 -0.26036778966865715 -0.26711600683116205 -0.2640381955252211 -0.24253668982228258 -0.19790864421799786 -0.22105501156017307 -0.2089145651565945 -0.2068707654714029 -0.20525005054483897 -0.18051616427584133 -0.18315246518198733 -0.11719771357561985 -0.11719771357561985 -0.1670042698561103 -0.11719771357561985 -0.11719771357561985 -0.11719771357561985 -0.11719771357561985 -0.15209180674513348 -0.11371449382753211 -0.09216072937508359 -0.04980819128046272
-0.3847076117947752 -0.3847076117947752 -0.16459849722065942 -0.4306021874628559 -0.4306021874628559 -0.6560739498797655 -0.6560739498797655 -0.3847076117947752 -0.3847076117947752 -0.6560739498797655 -0.3847076117947752 -0.6560739498797655 -0.4306021874628559 -0.3847076117947752 -0.4306021874628559 -0.3847076117947752 -0.3928411552597623 -0.3847076117947752 -0.3847076117947752 -0.4306021874628559 -0.3847076117947752 -0.4306021874628559 -0.4306021874628559 -0.3847076117947752 -0.4306021874628559 -0.4306021874628559 -0.3847076117947752 -0.4306021874628559 -0.3847076117947752 -0.3928411552597623 -0.50442339863338 -0.3928411552597623 -0.4306021874628559 -0.3928411552597623 -0.3847076117947752 -0.3928411552597623 -0.40578074987084933 -0.3928411552597623 -0.4306021874628559 -0.3928411552597623 -0.40537242653603583 -0.4306021874628559 -0.4306021874628559 -0.2947143467373915 -0.2947143467373915 -0.2947143467373915 -0.4306021874628559 -0.43155407732660733 -0.3860730738415956 -0.4118070516062815 -0.35886911377624076 -0.22078380026824607 -0.22078380026824607 -0.22618874609755887 -0.22618874609755887 -0.22078380026824607 -0.22618874609755887 -0.38400794248356807 -0.2947143467373915 -0.3566367321552012 -0.2947143467373915 -0.2947143467373915 -0.22078380026824607 -0.22618874609755887 -0.3566149851482373 -0.22078380026824607 -0.33174798498261754 -0.22618874609755887 -0.33174798498261754 -0.33174798498261754 -0.2947143467373915 -0.26799557647091005 -0.32850153711980784 -0.3279167391240345 -0.32588361851743025 -0.32590535242808044 -0.22078380026824607 -0.22618874609755887 -0.2925487189194621 -0.25707331640243947 -0.2758014086554708 -0.26036778966865715 -0.26711600683116205 -0.2640381955252211 -0.24253668982228258 -0.19790864421799786 -0.22105501156017307 -0.2089145651565945 -0.2068707654714029 -0.20525005054483897 -0.18051616427584133 -0.18315246518198733 -0.11719771357561985 -0.11719771357561985 -0.1670042698561103 -0.11719771357561985 -0.11719771357561985 -0.11719771357561985 -0.11719771357561985 -0.15209180674513348 -0.11371449382753211 -0.09216072937508359 -0.04980819128046272
-0.3847076117947752 -0.3847076117947752 -0.16459849722065942 -0.44287292261669164 -0.44287292261669164 -0.4306021874628559 -0.4306021874628559 -0.3847076117947752 -0.3847076117947752 -0.4306021874628559 -0.3847076117947752 -0.4306021874628559 -0.6549558322407999 -0.3847076117947752 -0.6496633819330806 -0.3847076117947752 -0.3928411552597623 -0.3847076117947752 -0.3847076117947752 -0.6203073242250877 -0.3847076117947752 -0.4718850167869534 -0.4718850167869534 -0.3847076117947752 -0.6103571060536785 -0.4544407639897251 -0.3847076117947752 -0.4945310651407745 -0.3847076117947752 -0.3928411552597623 -0.4306021874628559 -0.3928411552597623 -0.4945310651407745 -0.3928411552597623 -0.3847076117947752 -0.3928411552597623 -0.40578074987084933 -0.3928411552597623 -0.4945310651407745 -0.3928411552597623 -0.40537242653603583 -0.4718850167869534 -0.47181054300943476 -0.2947143467373915 -0.2947143467373915 -0.2947143467373915 -0.44287292261669164 -0.4306021874628559 -0.3860730738415956 -0.4118070516062815 -0.35886911377624076 -0.22078380026824607 -0.22078380026824607 -0.22618874609755887 -0.22618874609755887 -0.22078380026824607 -0.22618874609755887 -0.3800479192908373 -0.2947143467373915 -0.3566367321552012 -0.2947143467373915 -0.2947143467373915 -0.22078380026824607 -0.22618874609755887 -0.3566149851482373 -0.22078380026824607 -0.33174798498261754 -0.22618874609755887 -0.33174798498261754 -0.33174798498261754 -0.2947143467373915 -0.26799557647091005 -0.32850153711980784 -0.3279167391240345 -0.32588361851743025 -0.32590535242808044 -0.22078380026824607 -0.22618874609755887 -0.2925487189194621 -0.25707331640243947 -0.2758014086554708 -0.26036778966865715 -0.26711600683116205 -0.2640381955252211 -0.24253668982228258 -0.19790864421799786 -0.22105501156017307 -0.2089145651565945 -0.2068707654714029 -0.20525005054483897 -0.18051616427584133 -0.18315246518198733 -0.11719771357561985 -0.11719771357561985 -0.1670042698561103 -0.11719771357561985 -0.11719771357561985 -0.11719771357561985 -0.11719771357561985 -0.15209180674513348 -0.11371449382753211 -0.09216072937508359 -0.04980819128046272
-0.5190003827283494 -0.5190003827283494 -0.16459849722065942 -0.3847076117947752 -0.3847076117947752 -0.3847076117947752 -0.3847076117947752 -0.6445496252814733 -0.6445496252814733 -0.3847076117947752 -0.6501605351666538 -0.3847076117947752 -0.3847076117947752 -0.6501605351666538 -0.3847076117947752 -0.5190003827283494 -0.3847076117947752 -0.5991009283396408 -0.5991009283396408 -0.3847076117947752 -0.5991009283396408 -0.3847076117947752 -0.3847076117947752 -0.5190003827283494 -0.3847076117947752 -0.3847076117947752 -0.5944528105539973 -0.3847076117947752 -0.5190003827283494 -0.3847076117947752 -0.3847076117947752 -0.3847076117947752 -0.3847076117947752 -0.3847076117947752 -0.5409448705479268 -0.3847076117947752 -0.3847076117947752 -0.3847076117947752 -0.3847076117947752 -0.3847076117947752 -0.3847076117947752 -0.3847076117947752 -0.3847076117947752 -0.2947143467373915 -0.2947143467373915 -0.2947143467373915 -0.3847076117947752 -0.3847076117947752 -0.3847076117947752 -0.3847076117947752 -0.35886911377624076 -0.22078380026824607 -0.22078380026824607 -0.22618874609755887 -0.22618874609755887 -0.22078380026824607 -0.22618874609755887 -0.3800479192908373 -0.2947143467373915 -0.3566367321552012 -0.2947143467373915 -0.2947143467373915 -0.22078380026824607 -0.22618874609755887 -0.3566149851482373 -0.22078380026824607 -0.33174798498261754 -0.22618874609755887 -0.33174798498261754 -0.33174798498261754 -0.2947143467373915 -0.26799557647091005 -0.32850153711980784 -0.3279167391240345 -0.32588361851743025 -0.32590535242808044 -0.22078380026824607 -0.22618874609755887 -0.2925487189194621 -0.25707331640243947 -0.2758014086554708 -0.26036778966865715 -0.26711600683116205 -0.2640381955252211 -0.24253668982228258 -0.19790864421799786 -0.22105501156017307 -0.2089145651565945 -0.2068707654714029 -0.20525005054483897 -0.18051616427584133 -0.18315246518198733 -0.11719771357561985 -0.11719771357561985 -0.1670042698561103 -0.11719771357561985 -0.11719771357561985 -0.11719771357561985 -0.11719771357561985 -0.15209180674513348 -0.11371449382753211 -0.09216072937508359 -0.04980819128046272
-0.3847076117947752 -0.3847076117947752 -0.16459849722065942 -0.44287292261669164 -0.44287292261669164 -0.4306021874628559 -0.4306021874628559 -0.3847076117947752 -0.3847076117947752 -0.4306021874628559 -0.3847076117947752 -0.4306021874628559 -0.6496633819330806 -0.3847076117947752 -0.6496633819330806 -0.3847076117947752 -0.3928411552597623 -0.3847076117947752 -0.3847076117947752 -0.5934628502022188 -0.3847076117947752 -0.4718850167869534 -0.4718850167869534 -0.3847076117947752 -0.6103571060536785 -0.4544407639897251 -0.3847076117947752 -0.4945310651407745 -0.3847076117947752 -0.3928411552597623 -0.4306021874628559 -0.3928411552597623 -0.4945310651407745 -0.3928411552597623 -0.3847076117947752 -0.3928411552597623 -0.40578074987084933 -0.3928411552597623 -0.4945310651407745 -0.3928411552597623 -0.40537242653603583 -0.4718850167869534 -0.47181054300943476 -0.2947143467373915 -0.2947143467373915 -0.2947143467373915 -0.44287292261669164 -0.4306021874628559 -0.3860730738415956 -0.4118070516062815 -0.35886911377624076 -0.22078380026824607 -0.22078380026824607 -0.22618874609755887 -0.22618874609755887 -0.22078380026824607 -0.22618874609755887 -0.3800479192908373 -0.2947143467373915 -0.3566367321552012 -0.2947143467373915 -0.2947143467373915 -0.22078380026824607 -0.22618874609755887 -0.3566149851482373 -0.22078380026824607 -0.33174798498261754 -0.22618874609755887 -0.33174798498261754 -0.33174798498261754 -0.2947143467373915 -0.26799557647091005 -0.32850153711980784 -0.3279167391240345 -0.32588361851743025 -0.32590535242808044 -0.22078380026824607 -0.22618874609755887 -0.2925487189194621 -0.25707331640243947 -0.2758014086554708 -0.26036778966865715 -0.26711600683116205 -0.2640381955252211 -0.24253668982228258 -0.19790864421799786 -0.22105501156017307 -0.2089145651565945 -0.2068707654714029 -0.20525005054483897 -0.18051616427584133 -0.18315246518198733 -0.11719771357561985 -0.11719771357561985 -0.1670042698561103 -0.11719771357561985 -0.11719771357561985 -0.11719771357561985 -0.11719771357561985 -0.15209180674513348 -0.11371449382753211 -0.09216072937508359 -0.04980819128046272
-0.6396419393048622 -0.6396419393048622 -0.16459849722065942 -0.3847076117947752 -0.3847076117947752 -0.3847076117947752 -0.3847076117947752 -0.5409448705479268 -0.5409448705479268 -0.3847076117947752 -0.5409448705479268 -0.3847076117947752 -0.3847076117947752 -0.5409448705479268 -0.3847076117947752 -0.6396419393048622 -0.3847076117947752 -0.5409448705479268 -0.5409448705479268 -0.3847076117947752 -0.5409448705479268 -0.3847076117947752 -0.3847076117947752 -0.6112467015646433 -0.3847076117947752 -0.3847076117947752 -0.5409448705479268 -0.3847076117947752 -0.5664654368179617 -0.3847076117947752 -0.3847076117947752 -0.3847076117947752 -0.3847076117947752 -0.3847076117947752 -0.5475346493682398 -0.3847076117947752 -0.3847076117947752 -0.3847076117947752 -0.3847076117947752 -0.3847076117947752 -0.3847076117947752 -0.3847076117947752 -0.3847076117947752 -0.2947143467373915 -0.2947143467373915 -0.2947143467373915 -0.3847076117947752 -0.3847076117947752 -0.3847076117947752 -0.3847076117947752 -0.35886911377624076 -0.22078380026824607 -0.22078380026824607 -0.22618874609755887 -0.22618874609755887 -0.22078380026824607 -0.22618874609755887 -0.3800479192908373 -0.2947143467373915 -0.3566367321552012 -0.2947143467373915 -0.2947143467373915 -0.22078380026824607 -0.22618874609755887 -0.3566149851482373 -0.22078380026824607 -0.33174798498261754 -0.22618874609755887 -0.33174798498261754 -0.33174798498261754 -0.2947143467373915 -0.26799557647091005 -0.32850153711980784 -0.3279167391240345 -0.32588361851743025 -0.32590535242808044 -0.22078380026824607 -0.22618874609755887 -0.2925487189194621 -0.25707331640243947 -0.2758014086554708 -0.26036778966865715 -0.26711600683116205 -0.2640381955252211 -0.24253668982228258 -0.19790864421799786 -0.22105501156017307 -0.2089145651565945 -0.2068707654714029 -0.20525005054483897 -0.18051616427584133 -0.18315246518198733 -0.11719771357561985 -0.11719771357561985 -0.1670042698561103 -0.11719771357561985 -0.11719771357561985 -0.11719771357561985 -0.11719771357561985 -0.15209180674513348 -0.11371449382753211 -0.09216072937508359 -0.04980819128046272
-0.3847076117947752 -0.3847076117947752 -0.16459849722065942 -0.3928411552597623 -0.3928411552597623 -0.3928411552597623 -0.3928411552597623 -0.3847076117947752 -0.3847076117947752 -0.3928411552597623 -0.3847076117947752 -0.3928411552597623 -0.3928411552597623 -0.3847076117947752 -0.3928411552597623 -0.3847076117947752 -0.630720810974497 -0.3847076117947752 -0.3847076117947752 -0.3928411552597623 -0.3847076117947752 -0.3928411552597623 -0.3928411552597623 -0.3847076117947752 -0.3928411552597623 -0.3928411552597623 -0.3847076117947752 -0.3928411552597623 -0.3847076117947752 -0.41322915756090906 -0.3928411552597623 -0.41322915756090906 -0.3928411552597623 -0.41322915756090906 -0.3847076117947752 -0.41322915756090906 -0.3928411552597623 -0.41322915756090906 -0.3928411552597623 -0.41322915756090906 -0.3928411552597623 -0.3928411552597623 -0.3928411552597623 -0.2947143467373915 -0.2947143467373915 -0.2947143467373915 -0.3928411552597623 -0.3928411552597623 -0.3860730738415956 -0.3928411552597623 -0.35886911377624076 -0.22078380026824607 -0.22078380026824607 -0.22618874609755887 -0.22618874609755887 -0.22078380026824607 -0.22618874609755887 -0.3800479192908373 -0.2947143467373915 -0.3566367321552012 -0.2947143467373915 -0.2947143467373915 -0.22078380026824607 -0.22618874609755887 -0.3566149851482373 -0.22078380026824607 -0.33174798498261754 -0.22618874609755887 -0.33174798498261754 -0.33174798498261754 -0.2947143467373915 -0.26799557647091005 -0.32850153711980784 -0.3279167391240345 -0.32588361851743025 -0.32590535242808044 -0.22078380026824607 -0.22618874609755887 -0.2925487189194621 -0.25707331640243947 -0.2758014086554708 -0.26036778966865715 -0.26711600683116205 -0.2640381955252211 -0.24253668982228258 -0.19790864421799786 -0.22105501156017307 -0.2089145651565945 -0.2068707654714029 -0.20525005054483897 -0.18051616427584133 -0.18315246518198733 -0.11719771357561985 -0.11719771357561985 -0.1670042698561103 -0.11719771357561985 -0.11719771357561985 -0.11719771357561985 -0.11719771357561985 -0.15209180674513348 -0.11371449382753211 -0.09216072937508359 -0.04980819128046272
-0.5573560732009506 -0.5573560732009506 -0.16459849722065942 -0.3847076117947752 -0.3847076117947752 -0.3847076117947752 -0.3847076117947752 -0.6220260365337277 -0.6220260365337277 -0.3847076117947752 -0.6220260365337277 -0.3847076117947752 -0.3847076117947752 -0.6220260365337277 -0.3847076117947752 -0.5573560732009506 -0.3847076117947752 -0.6220260365337277 -0.6215354593125042 -0.3847076117947752 -0.6198517965923817 -0.3847076117947752 -0.3847076117947752 -0.5573560732009506 -0.3847076117947752 -0.3847076117947752 -0.5979269363464697 -0.3847076117947752 -0.5664654368179617 -0.3847076117947752 -0.3847076117947752 -0.3847076117947752 -0.3847076117947752 -0.3847076117947752 -0.5475346493682398 -0.3847076117947752 -0.3847076117947752 -0.3847076117947752 -0.3847076117947752 -0.3847076117947752 -0.3847076117947752 -0.3847076117947752 -0.3847076117947752 -0.2947143467373915 -0.2947143467373915 -0.2947143467373915 -0.3847076117947752 -0.3847076117947752 -0.3847076117947752 -0.3847076117947752 -0.35886911377624076 -0.22078380026824607 -0.22078380026824607 -0.22618874609755887 -0.22618874609755887 -0.22078380026824607 -0.22618874609755887 -0.3800479192908373 -0.2947143467373915 -0.3566367321552012 -0.2947143467373915 -0.2947143467373915 -0.22078380026824607 -0.22618874609755887 -0.3566149851482373 -0.22078380026824607 -0.33174798498261754 -0.22618874609755887 -0.33174798498261754 -0.33174798498261754 -0.2947143467373915 -0.26799557647091005 -0.32850153711980784 -0.3279167391240345 -0.32588361851743025 -0.32590535242808044 -0.22078380026824607 -0.22618874609755887 -0.2925487189194621 -0.25707331640243947 -0.2758014086554708 -0.26036778966865715 -0.26711600683116205 -0.2640381955252211 -0.24253668982228258 -0.19790864421799786 -0.22105501156017307 -0.2089145651565945 -0.2068707654714029 -0.20525005054483897 -0.18051616427584133 -0.18315246518198733 -0.11719771357561985 -0.11719771357561985 -0.1670042698561103 -0.11719771357561985 -0.11719771357561985 -0.11719771357561985 -0.11719771357561985 -0.15209180674513348 -0.11371449382753211 -0.09216072937508359 -0.04980819128046272
-0.6030572085431473 -0.6030572085431473 -0.16459849722065942 -0.3847076117947752 -0.3847076117947752 -0.3847076117947752 -0.3847076117947752 -0.6215354593125042 -0.6215354593125042 -0.3847076117947752 -0.6215354593125042 -0.3847076117947752 -0.3847076117947752 -0.6215354593125042 -0.3847076117947752 -0.6030572085431473 -0.3847076117947752 -0.6215354593125042 -0.6215354593125042 -0.3847076117947752 -0.6198517965923817 -0.3847076117947752 -0.3847076117947752 -0.6112467015646433 -0.3847076117947752 -0.3847076117947752 -0.5979269363464697 -0.3847076117947752 -0.5664654368179617 -0.3847076117947752 -0.3847076117947752 -0.3847076117947752 -0.3847076117947752 -0.3847076117947752 -0.5475346493682398 -0.3847076117947752 -0.3847076117947752 -0.3847076117947752 -0.3847076117947752 -0.3847076117947752 -0.3847076117947752 -0.3847076117947752 -0.3847076117947752 -0.2947143467373915 -0.2947143467373915 -0.2947143467373915 -0.3847076117947752 -0.3847076117947752 -0.3847076117947752 -0.3847076117947752 -0.35886911377624076 -0.22078380026824607 -0.22078380026824607 -0.22618874609755887 -0.22618874609755887 -0.22078380026824607 -0.22618874609755887 -0.3800479192908373 -0.2947143467373915 -0.3566367321552012 -0.2947143467373915 -0.2947143467373915 -0.22078380026824607 -0.22618874609755887 -0.3566149851482373 -0.22078380026824607 -0.33174798498261754 -0.22618874609755887 -0.33174798498261754 -0.33174798498261754 -0.2947143467373915 -0.26799557647091005 -0.32850153711980784 -0.3279167391240345 -0.32588361851743025 -0.32590535242808044 -0.22078380026824607 -0.22618874609755887 -0.2925487189194621 -0.25707331640243947 -0.2758014086554708 -0.26036778966865715 -0.26711600683116205 -0.2640381955252211 -0.24253668982228258 -0.19790864421799786 -0.22105501156017307 -0.2089145651565945 -0.2068707654714029 -0.20525005054483897 -0.18051616427584133 -0.18315246518198733 -0.11719771357561985 -0.11719771357561985 -0.1670042698561103 -0.11719771357561985 -0.11719771357561985 -0.11719771357561985 -0.11719771357561985 -0.15209180674513348 -0.11371449382753211 -0.09216072937508359 -0.04980819128046272
-0.3847076117947752 -0.3847076117947752 -0.16459849722065942 -0.44287292261669164 -0.44287292261669164 -0.4306021874628559 -0.4306021874628559 -0.3847076117947752 -0.3847076117947752 -0.4306021874628559 -0.3847076117947752 -0.4306021874628559 -0.6033116472165659 -0.3847076117947752 -0.6033116472165659 -0.3847076117947752 -0.3928411552597623 -0.3847076117947752 -0.3847076117947752 -0.6203073242250877 -0.3847076117947752 -0.4718850167869534 -0.4718850167869534 -0.3847076117947752 -0.6103571060536785 -0.4544407639897251 -0.3847076117947752 -0.4945310651407745 -0.3847076117947752 -0.3928411552597623 -0.4306021874628559 -0.3928411552597623 -0.4945310651407745 -0.3928411552597623 -0.3847076117947752 -0.3928411552597623 -0.40578074987084933 -0.3928411552597623 -0.4945310651407745 -0.3928411552597623 -0.40537242653603583 -0.4718850167869534 -0.47181054300943476 -0.2947143467373915 -0.2947143467373915 -0.2947143467373915 -0.44287292261669164 -0.4306021874628559 -0.3860730738415956 -0.4118070516062815 -0.35886911377624076 -0.22078380026824607 -0.22078380026824607 -0.22618874609755887 -0.22618874609755887 -0.22078380026824607 -0.22618874609755887 -0.3800479192908373 -0.2947143467373915 -0.3566367321552012 -0.2947143467373915 -0.2947143467373915 -0.22078380026824607 -0.22618874609755887 -0.3566149851482373 -0.22078380026824607 -0.33174798498261754 -0.22618874609755887 -0.33174798498261754 -0.33174798498261754 -0.2947143467373915 -0.26799557647091005 -0.32850153711980784 -0.3279167391240345 -0.32588361851743025 -0.32590535242808044 -0.22078380026824607 -0.22618874609755887 -0.2925487189194621 -0.25707331640243947 -0.2758014086554708 -0.26036778966865715 -0.26711600683116205 -0.2640381955252211 -0.24253668982228258 -0.19790864421799786 -0.22105501156017307 -0.2089145651565945 -0.2068707654714029 -0.20525005054483897 -0.18051616427584133 -0.18315246518198733 -0.11719771357561985 -0.11719771357561985 -0.1670042698561103 -0.11719771357561985 -0.11719771357561985 -0.11719771357561985 -0.11719771357561985 -0.15209180674513348 -0.11371449382753211 -0.09216072937508359 -0.04980819128046272
-0.6030572085431473 -0.6030572085431473 -0.16459849722065942 -0.3847076117947752 -0.3847076117947752 -0.3847076117947752 -0.3847076117947752 -0.6198517965923817 -0.6198517965923817 -0.3847076117947752 -0.6198517965923817 -0.3847076117947752 -0.3847076117947752 -0.6198517965923817 -0.3847076117947752 -0.6030572085431473 -0.3847076117947752 -0.6198517965923817 -0.6198517965923817 -0.3847076117947752 -0.6198517965923817 -0.3847076117947752 -0.3847076117947752 -0.6030572085431473 -0.3847076117947752 -0.3847076117947752 -0.5979269363464697 -0.3847076117947752 -0.5664654368179617 -0.3847076117947752 -0.3847076117947752 -0.3847076117947752 -0.3847076117947752 -0.3847076117947752 -0.5475346493682398 -0.3847076117947752 -0.3847076117947752 -0.3847076117947752 -0.3847076117947752 -0.3847076117947752 -0.3847076117947752 -0.3847076117947752 -0.3847076117947752 -0.2947143467373915 -0.2947143467373915 -0.2947143467373915 -0.3847076117947752 -0.3847076117947752 -0.3847076117947752 -0.3847076117947752 -0.35886911377624076 -0.22078380026824607 -0.22078380026824607 -0.22618874609755887 -0.22618874609755887 -0.22078380026824607 -0.22618874609755887 -0.3800479192908373 -0.2947143467373915 -0.3566367321552012 -0.2947143467373915 -0.2947143467373915 -0.22078380026824607 -0.22618874609755887 -0.3566149851482373 -0.22078380026824607 -0.33174798498261754 -0.22618874609755887 -0.33174798498261754 -0.33174798498261754 -0.2947143467373915 -0.26799557647091005 -0.32850153711980784 -0.3279167391240345 -0.32588361851743025 -0.32590535242808044 -0.22078380026824607 -0.22618874609755887 -0.2925487189194621 -0.25707331640243947 -0.2758014086554708 -0.26036778966865715 -0.26711600683116205 -0.2640381955252211 -0.24253668982228258 -0.19790864421799786 -0.22105501156017307 -0.2089145651565945 -0.2068707654714029 -0.20525005054483897 -0.18051616427584133 -0.18315246518198733 -0.11719771357561985 -0.11719771357561985 -0.1670042698561103 -0.11719771357561985 -0.11719771357561985 -0.11719771357561985 -0.11719771357561985 -0.15209180674513348 -0.11371449382753211 -0.09216072937508359 -0.04980819128046272
-0.3847076117947752 -0.3847076117947752 -0.16459849722065942 -0.44287292261669164 -0.44287292261669164 -0.4306021874628559 -0.4306021874628559 -0.3847076117947752 -0.3847076117947752 -0.4306021874628559 -0.3847076117947752 -0.4306021874628559 -0.4718850167869534 -0.3847076117947752 -0.4718850167869534 -0.3847076117947752 -0.3928411552597623 -0.3847076117947752 -0.3847076117947752 -0.4718850167869534 -0.3847076117947752 -0.6191420858296679 -0.6187979114231076 -0.3847076117947752 -0.4718850167869534 -0.4544407639897251 -0.3847076117947752 -0.4718850167869534 -0.3847076117947752 -0.3928411552597623 -0.4306021874628559 -0.3928411552597623 -0.4718850167869534 -0.3928411552597623 -0.3847076117947752 -0.3928411552597623 -0.40578074987084933 -0.3928411552597623 -0.4718850167869534 -0.3928411552597623 -0.40537242653603583 -0.47621313094383255 -0.47181054300943476 -0.2947143467373915 -0.2947143467373915 -0.2947143467373915 -0.44287292261669164 -0.4306021874628559 -0.3860730738415956 -0.4118070516062815 -0.35886911377624076 -0.22078380026824607 -0.22078380026824607 -0.22618874609755887 -0.22618874609755887 -0.22078380026824607 -0.22618874609755887 -0.3800479192908373 -0.2947143467373915 -0.3566367321552012 -0.2947143467373915 -0.2947143467373915 -0.22078380026824607 -0.22618874609755887 -0.3566149851482373 -0.22078380026824607 -0.33174798498261754 -0.22618874609755887 -0.33174798498261754 -0.33174798498261754 -0.2947143467373915 -0.26799557647091005 -0.32850153711980784 -0.3279167391240345 -0.32588361851743025 -0.32590535242808044 -0.22078380026824607 -0.22618874609755887 -0.2925487189194621 -0.25707331640243947 -0.2758014086554708 -0.26036778966865715 -0.26711600683116205 -0.2640381955252211 -0.24253668982228258 -0.19790864421799786 -0.22105501156017307 -0.2089145651565945 -0.2068707654714029 -0.20525005054483897 -0.18051616427584133 -0.18315246518198733 -0.11719771357561985 -0.11719771357561985 -0.1670042698561103 -0.11719771357561985 -0.11719771357561985 -0.11719771357561985 -0.11719771357561985 -0.15209180674513348 -0.11371449382753211 -0.09216072937508359 -0.04980819128046272
-0.3847076117947752 -0.3847076117947752 -0.16459849722065942 -0.44287292261669164 -0.44287292261669164 -0.4306021874628559 -0.4306021874628559 -0.3847076117947752 -0.3847076117947752 -0.4306021874628559 -0.3847076117947752 -0.4306021874628559 -0.4718850167869534 -0.3847076117947752 -0.4718850167869534 -0.3847076117947752 -0.3928411552597623 -0.3847076117947752 -0.3847076117947752 -0.4718850167869534 -0.3847076117947752 -0.6187979114231076 -0.6187979114231076 -0.3847076117947752 -0.4718850167869534 -0.4544407639897251 -0.3847076117947752 -0.4718850167869534 -0.3847076117947752 -0.3928411552597623 -0.4306021874628559 -0.3928411552597623 -0.4718850167869534 -0.3928411552597623 -0.3847076117947752 -0.3928411552597623 -0.40578074987084933 -0.3928411552597623 -0.4718850167869534 -0.3928411552597623 -0.40537242653603583 -0.47621313094383255 -0.47181054300943476 -0.2947143467373915 -0.2947143467373915 -0.2947143467373915 -0.44287292261669164 -0.4306021874628559 -0.3860730738415956 -0.4118070516062815 -0.35886911377624076 -0.22078380026824607 -0.22078380026824607 -0.22618874609755887 -0.22618874609755887 -0.22078380026824607 -0.22618874609755887 -0.3800479192908373 -0.2947143467373915 -0.3566367321552012 -0.2947143467373915 -0.2947143467373915 -0.22078380026824607 -0.22618874609755887 -0.3566149851482373 -0.22078380026824607 -0.33174798498261754 -0.22618874609755887 -0.33174798498261754 -0.33174798498261754 -0.2947143467373915 -0.26799557647091005 -0.32850153711980784 -0.3279167391240345 -0.32588361851743025 -0.32590535242808044 -0.22078380026824607 -0.22618874609755887 -0.2925487189194621 -0.25707331640243947 -0.2758014086554708 -0.26036778966865715 -0.26711600683116205 -0.2640381955252211 -0.24253668982228258 -0.19790864421799786 -0.22105501156017307 -0.2089145651565945 -0.2068707654714029 -0.20525005054483897 -0.18051616427584133 -0.18315246518198733 -0.11719771357561985 -0.11719771357561985 -0.1670042698561103 -0.11719771357561985 -0.11719771357561985 -0.11719771357561985 -0.11719771357561985 -0.15209180674513348 -0.11371449382753211 -0.09216072937508359 -0.04980819128046272
-0.6112467015646433 -0.6112467015646433 -0.16459849722065942 -0.3847076117947752 -0.3847076117947752 -0.3847076117947752 -0.3847076117947752 -0.5991009283396408 -0.5991009283396408 -0.3847076117947752 -0.5991009283396408 -0.3847076117947752 -0.3847076117947752 -0.5991009283396408 -0.3847076117947752 -0.6112467015646433 -0.3847076117947752 -0.6112467015646433 -0.6112467015646433 -0.3847076117947752 -0.6112467015646433 -0.3847076117947752 -0.3847076117947752 -0.6112467015646433 -0.3847076117947752 -0.3847076117947752 -0.5979269363464697 -0.3847076117947752 -0.5664654368179617 -0.3847076117947752 -0.3847076117947752 -0.3847076117947752 -0.3847076117947752 -0.3847076117947752 -0.5475346493682398 -0.3847076117947752 -0.3847076117947752 -0.3847076117947752 -0.3847076117947752 -0.3847076117947752 -0.3847076117947752 -0.3847076117947752 -0.3847076117947752 -0.2947143467373915 -0.2947143467373915 -0.2947143467373915 -0.3847076117947752 -0.3847076117947752 -0.3847076117947752 -0.3847076117947752 -0.35886911377624076 -0.22078380026824607 -0.22078380026824607 -0.22618874609755887 -0.22618874609755887 -0.22078380026824607 -0.22618874609755887 -0.3800479192908373 -0.2947143467373915 -0.3566367321552012 -0.2947143467373915 -0.2947143467373915 -0.22078380026824607 -0.22618874609755887 -0.3566149851482373 -0.22078380026824607 -0.33174798498261754 -0.22618874609755887 -0.33174798498261754 -0.33174798498261754 -0.2947143467373915 -0.26799557647091005 -0.32850153711980784 -0.3279167391240345 -0.32588361851743025 -0.32590535242808044 -0.22078380026824607 -0.22618874609755887 -0.2925487189194621 -0.25707331640243947 -0.2758014086554708 -0.26036778966865715 -0.26711600683116205 -0.2640381955252211 -0.24253668982228258 -0.19790864421799786 -0.22105501156017307 -0.2089145651565945 -0.2068707654714029 -0.20525005054483897 -0.18051616427584133 -0.18315246518198733 -0.11719771357561985 -0.11719771357561985 -0.1670042698561103 -0.11719771357561985 -0.11719771357561985 -0.11719771357561985 -0.11719771357561985 -0.15209180674513348 -0.11371449382753211 -0.09216072937508359 -0.04980819128046272
-0.3847076117947752 -0.3847076117947752 -0.16459849722065942 -0.44287292261669164 -0.44287292261669164 -0.4306021874628559 -0.4306021874628559 -0.3847076117947752 -0.3847076117947752 -0.4306021874628559 -0.3847076117947752 -0.4306021874628559 -0.6103571060536785 -0.3847076117947752 -0.6103571060536785 -0.3847076117947752 -0.3928411552597623 -0.3847076117947752 -0.3847076117947752 -0.6103571060536785 -0.3847076117947752 -0.4718850167869534 -0.4718850167869534 -0.3847076117947752 -0.6103571060536785 -0.4544407639897251 -0.3847076117947752 -0.4945310651407745 -0.3847076117947752 -0.3928411552597623 -0.4306021874628559 -0.3928411552597623 -0.4945310651407745 -0.3928411552597623 -0.3847076117947752 -0.3928411552597623 -0.40578074987084933 -0.3928411552597623 -0.4945310651407745 -0.3928411552597623 -0.40537242653603583 -0.4718850167869534 -0.47181054300943476 -0.2947143467373915 -0.2947143467373915 -0.2947143467373915 -0.44287292261669164 -0.4306021874628559 -0.3860730738415956 -0.4118070516062815 -0.35886911377624076 -0.22078380026824607 -0.22078380026824607 -0.22618874609755887 -0.22618874609755887 -0.22078380026824607 -0.22618874609755887 -0.3800479192908373 -0.2947143467373915 -0.3566367321552012 -0.2947143467373915 -0.2947143467373915 -0.22078380026824607 -0.22618874609755887 -0.3566149851482373 -0.22078380026824607 -0.33174798498261754 -0.22618874609755887 -0.33174798498261754 -0.33174798498261754 -0.2947143467373915 -0.26799557647091005 -0.32850153711980784 -0.3279167391240345 -0.32588361851743025 -0.32590535242808044 -0.22078380026824607 -0.22618874609755887 -0.2925487189194621 -0.25707331640243947 -0.2758014086554708 -0.26036778966865715 -0.26711600683116205 -0.2640381955252211 -0.24253668982228258 -0.19790864421799786 -0.22105501156017307 -0.2089145651565945 -0.2068707654714029 -0.20525005054483897 -0.18051616427584133 -0.18315246518198733 -0.11719771357561985 -0.11719771357561985 -0.1670042698561103 -0.11719771357561985 -0.11719771357561985 -0.11719771357561985 -0.11719771357561985 -0.15209180674513348 -0.11371449382753211 -0.09216072937508359 -0.04980819128046272
-0.3847076117947752 -0.3847076117947752 -0.16459849722065942 -0.44287292261669164 -0.44287292261669164 -0.4306021874628559 -0.4306021874628559 -0.3847076117947752 -0.3847076117947752 -0.4306021874628559 -0.3847076117947752 -0.4306021874628559 -0.4544407639897251 -0.3847076117947752 -0.4544407639897251 -0.3847076117947752 -0.3928411552597623 -0.3847076117947752 -0.3847076117947752 -0.4544407639897251 -0.3847076117947752 -0.4544407639897251 -0.4544407639897251 -0.3847076117947752 -0.4544407639897251 -0.6094110287774087 -0.3847076117947752 -0.4544407639897251 -0.3847076117947752 -0.3928411552597623 -0.4306021874628559 -0.3928411552597623 -0.4544407639897251 -0.3928411552597623 -0.3847076117947752 -0.3928411552597623 -0.40578074987084933 -0.3928411552597623 -0.4544407639897251 -0.3928411552597623 -0.40537242653603583 -0.4544407639897251 -0.4544407639897251 -0.2947143467373915 -0.2947143467373915 -0.2947143467373915 -0.44287292261669164 -0.4306021874628559 -0.3860730738415956 -0.4118070516062815 -0.35886911377624076 -0.22078380026824607 -0.22078380026824607 -0.22618874609755887 -0.22618874609755887 -0.22078380026824607 -0.22618874609755887 -0.3800479192908373 -0.2947143467373915 -0.3566367321552012 -0.2947143467373915 -0.2947143467373915 -0.22078380026824607 -0.22618874609755887 -0.3566149851482373 -0.22078380026824607 -0.33174798498261754 -0.22618874609755887 -0.33174798498261754 -0.33174798498261754 -0.2947143467373915 -0.26799557647091005 -0.32850153711980784 -0.3279167391240345 -0.32588361851743025 -0.32590535242808044 -0.22078380026824607 -0.22618874609755887 -0.2925487189194621 -0.25707331640243947 -0.2758014086554708 -0.26036778966865715 -0.26711600683116205 -0.2640381955252211 -0.24253668982228258 -0.19790864421799786 -0.22105501156017307 -0.2089145651565945 -0.2068707654714029 -0.20525005054483897 -0.18051616427584133 -0.18315246518198733 -0.11719771357561985 -0.11719771357561985 -0.1670042698561103 -0.11719771357561985 -0.11719771357561985 -0.11719771357561985 -0.11719771357561985 -0.15209180674513348 -0.11371449382753211 -0.09216072937508359 -0.04980819128046272
-0.5979269363464697 -0.5979269363464697 -0.16459849722065942 -0.3847076117947752 -0.3847076117947752 -0.3847076117947752 -0.3847076117947752 -0.5979269363464697 -0.5979269363464697 -0.3847076117947752 -0.5979269363464697 -0.3847076117947752 -0.3847076117947752 -0.5979269363464697 -0.3847076117947752 -0.5979269363464697 -0.3847076117947752 -0.5979269363464697 -0.5979269363464697 -0.3847076117947752 -0.5979269363464697 -0.3847076117947752 -0.3847076117947752 -0.5979269363464697 -0.3847076117947752 -0.3847076117947752 -0.5979269363464697 -0.3847076117947752 -0.5664654368179617 -0.3847076117947752 -0.3847076117947752 -0.3847076117947752 -0.3847076117947752 -0.3847076117947752 -0.5475346493682398 -0.3847076117947752 -0.3847076117947752 -0.3847076117947752 -0.3847076117947752 -0.3847076117947752 -0.3847076117947752 -0.3847076117947752 -0.3847076117947752 -0.2947143467373915 -0.2947143467373915 -0.2947143467373915 -0.3847076117947752 -0.3847076117947752 -0.3847076117947752 -0.3847076117947752 -0.35886911377624076 -0.22078380026824607 -0.22078380026824607 -0.22618874609755887 -0.22618874609755887 -0.22078380026824607 -0.22618874609755887 -0.3800479192908373 -0.2947143467373915 -0.3566367321552012 -0.2947143467373915 -0.2947143467373915 -0.22078380026824607 -0.22618874609755887 -0.3566149851482373 -0.22078380026824607 -0.33174798498261754 -0.22618874609755887 -0.33174798498261754 -0.33174798498261754 -0.2947143467373915 -0.26799557647091005 -0.32850153711980784 -0.3279167391240345 -0.32588361851743025 -0.32590535242808044 -0.22078380026824607 -0.22618874609755887 -0.2925487189194621 -0.25707331640243947 -0.2758014086554708 -0.26036778966865715 -0.26711600683116205 -0.2640381955252211 -0.24253668982228258 -0.19790864421799786 -0.22105501156017307 -0.2089145651565945 -0.2068707654714029 -0.20525005054483897 -0.18051616427584133 -0.18315246518198733 -0.11719771357561985 -0.11719771357561985 -0.1670042698561103 -0.11719771357561985 -0.11719771357561985 -0.11719771357561985 -0.11719771357561985 -0.15209180674513348 -0.11371449382753211 -0.09216072937508359 -0.04980819128046272
-0.3847076117947752 -0.3847076117947752 -0.16459849722065942 -0.44287292261669164 -0.44287292261669164 -0.4306021874628559 -0.4306021874628559 -0.3847076117947752 -0.3847076117947752 -0.4306021874628559 -0.3847076117947752 -0.4306021874628559 -0.4945310651407745 -0.3847076117947752 -0.4945310651407745 -0.3847076117947752 -0.3928411552597623 -0.3847076117947752 -0.3847076117947752 -0.4945310651407745 -0.3847076117947752 -0.4718850167869534 -0.4718850167869534 -0.3847076117947752 -0.4945310651407745 -0.4544407639897251 -0.3847076117947752 -0.5961115676279628 -0.3847076117947752 -0.3928411552597623 -0.4306021874628559 -0.3928411552597623 -0.5530978524865311 -0.3928411552597623 -0.3847076117947752 -0.3928411552597623 -0.40578074987084933 -0.3928411552597623 -0.507356270011473 -0.3928411552597623 -0.40537242653603583 -0.4718850167869534 -0.47181054300943476 -0.2947143467373915 -0.2947143467373915 -0.2947143467373915 -0.44287292261669164 -0.4306021874628559 -0.3860730738415956 -0.4118070516062815 -0.35886911377624076 -0.22078380026824607 -0.22078380026824607 -0.22618874609755887 -0.22618874609755887 -0.22078380026824607 -0.22618874609755887 -0.3800479192908373 -0.2947143467373915 -0.3566367321552012 -0.2947143467373915 -0.2947143467373915 -0.22078380026824607 -0.22618874609755887 -0.3566149851482373 -0.22078380026824607 -0.33174798498261754 -0.22618874609755887 -0.33174798498261754 -0.33174798498261754 -0.2947143467373915 -0.26799557647091005 -0.32850153711980784 -0.3279167391240345 -0.32588361851743025 -0.32590535242808044 -0.22078380026824607 -0.22618874609755887 -0.2925487189194621 -0.25707331640243947 -0.2758014086554708 -0.26036778966865715 -0.26711600683116205 -0.2640381955252211 -0.24253668982228258 -0.19790864421799786 -0.22105501156017307 -0.2089145651565945 -0.2068707654714029 -0.20525005054483897 -0.18051616427584133 -0.18315246518198733 -0.11719771357561985 -0.11719771357561985 -0.1670042698561103 -0.11719771357561985 -0.11719771357561985 -0.11719771357561985 -0.11719771357561985 -0.15209180674513348 -0.11371449382753211 -0.09216072937508359 -0.04980819128046272
-0.5664654368179617 -0.5664654368179617 -0.16459849722065942 -0.3847076117947752 -0.3847076117947752 -0.3847076117947752 -0.3847076117947752 -0.5664654368179617 -0.5664654368179617 -0.3847076117947752 -0.5664654368179617 -0.3847076117947752 -0.3847076117947752 -0.5664654368179617 -0.3847076117947752 -0.5664654368179617 -0.3847076117947752 -0.5664654368179617 -0.5664654368179617 -0.3847076117947752 -0.5664654368179617 -0.3847076117947752 -0.3847076117947752 -0.5664654368179617 -0.3847076117947752 -0.3847076117947752 -0.5664654368179617 -0.3847076117947752 -0.5664654368179617 -0.3847076117947752 -0.3847076117947752 -0.3847076117947752 -0.3847076117947752 -0.3847076117947752 -0.5475346493682398 -0.3847076117947752 -0.3847076117947752 -0.3847076117947752 -0.3847076117947752 -0.3847076117947752 -0.3847076117947752 -0.3847076117947752 -0.3847076117947752 -0.2947143467373915 -0.2947143467373915 -0.2947143467373915 -0.3847076117947752 -0.3847076117947752 -0.3847076117947752 -0.3847076117947752 -0.35886911377624076 -0.22078380026824607 -0.22078380026824607 -0.22618874609755887 -0.22618874609755887 -0.22078380026824607 -0.22618874609755887 -0.3800479192908373 -0.2947143467373915 -0.3566367321552012 -0.2947143467373915 -0.2947143467373915 -0.22078380026824607 -0.22618874609755887 -0.3566149851482373 -0.22078380026824607 -0.33174798498261754 -0.22618874609755887 -0.33174798498261754 -0.33174798498261754 -0.2947143467373915 -0.26799557647091005 -0.32850153711980784 -0.3279167391240345 -0.32588361851743025 -0.32590535242808044 -0.22078380026824607 -0.22618874609755887 -0.2925487189194621 -0.25707331640243947 -0.2758014086554708 -0.26036778966865715 -0.26711600683116205 -0.2640381955252211 -0.24253668982228258 -0.19790864421799786 -0.22105501156017307 -0.2089145651565945 -0.2068707654714029 -0.20525005054483897 -0.18051616427584133 -0.18315246518198733 -0.11719771357561985 -0.11719771357561985 -0.1670042698561103 -0.11719771357561985 -0.11719771357561985 -0.11719771357561985 -0.11719771357561985 -0.15209180674513348 -0.11371449382753211 -0.09216072937508359 -0.04980819128046272
-0.3847076117947752 -0.3847076117947752 -0.16459849722065942 -0.3928411552597623 -0.3928411552597623 -0.3928411552597623 -0.3928411552597623 -0.3847076117947752 -0.3847076117947752 -0.3928411552597623 -0.3847076117947752 -0.3928411552597623 -0.3928411552597623 -0.3847076117947752 -0.3928411552597623 -0.3847076117947752 -0.41322915756090906 -0.3847076117947752 -0.3847076117947752 -0.3928411552597623 -0.3847076117947752 -0.3928411552597623 -0.3928411552597623 -0.3847076117947752 -0.3928411552597623 -0.3928411552597623 -0.3847076117947752 -0.3928411552597623 -0.3847076117947752 -0.5622451588843537 -0.3928411552597623 -0.5175433490449877 -0.3928411552597623 -0.5175433490449877 -0.3847076117947752 -0.5175433490449877 -0.3928411552597623 -0.5175433490449877 -0.3928411552597623 -0.5191880924083478 -0.3928411552597623 -0.3928411552597623 -0.3928411552597623 -0.2947143467373915 -0.2947143467373915 -0.2947143467373915 -0.3928411552597623 -0.3928411552597623 -0.3860730738415956 -0.3928411552597623 -0.35886911377624076 -0.22078380026824607 -0.22078380026824607 -0.22618874609755887 -0.22618874609755887 -0.22078380026824607 -0.22618874609755887 -0.3800479192908373 -0.2947143467373915 -0.3566367321552012 -0.2947143467373915 -0.2947143467373915 -0.22078380026824607 -0.22618874609755887 -0.3566149851482373 -0.22078380026824607 -0.33174798498261754 -0.22618874609755887 -0.33174798498261754 -0.33174798498261754 -0.2947143467373915 -0.26799557647091005 -0.32850153711980784 -0.3279167391240345 -0.32588361851743025 -0.32590535242808044 -0.22078380026824607 -0.22618874609755887 -0.2925487189194621 -0.25707331640243947 -0.2758014086554708 -0.26036778966865715 -0.26711600683116205 -0.2640381955252211 -0.24253668982228258 -0.19790864421799786 -0.22105501156017307 -0.2089145651565945 -0.2068707654714029 -0.20525005054483897 -0.18051616427584133 -0.18315246518198733 -0.11719771357561985 -0.11719771357561985 -0.1670042698561103 -0.11719771357561985 -0.11719771357561985 -0.11719771357561985 -0.11719771357561985 -0.15209180674513348 -0.11371449382753211 -0.09216072937508359 -0.04980819128046272
-0.3847076117947752 -0.3847076117947752 -0.16459849722065942 -0.44287292261669164 -0.44287292261669164 -0.5621356035585033 -0.5621356035585033 -0.3847076117947752 -0.3847076117947752 -0.5621356035585033 -0.3847076117947752 -0.5621356035585033 -0.44287292261669164 -0.3847076117947752 -0.44287292261669164 -0.3847076117947752 -0.3928411552597623 -0.3847076117947752 -0.3847076117947752 -0.44287292261669164 -0.3847076117947752 -0.44287292261669164 -0.44287292261669164 -0.3847076117947752 -0.44287292261669164 -0.44287292261669164 -0.3847076117947752 -0.44287292261669164 -0.3847076117947752 -0.3928411552597623 -0.5621356035585033 -0.3928411552597623 -0.44287292261669164 -0.3928411552597623 -0.3847076117947752 -0.3928411552597623 -0.40578074987084933 -0.3928411552597623 -0.44287292261669164 -0.3928411552597623 -0.40537242653603583 -0.44287292261669164 -0.44287292261669164 -0.2947143467373915 -0.2947143467373915 -0.2947143467373915 -0.44287292261669164 -0.43155407732660733 -0.3860730738415956 -0.4118070516062815 -0.35886911377624076 -0.22078380026824607 -0.22078380026824607 -0.22618874609755887 -0.22618874609755887 -0.22078380026824607 -0.22618874609755887 -0.3800479192908373 -0.2947143467373915 -0.3566367321552012 -0.2947143467373915 -0.2947143467373915 -0.22078380026824607 -0.22618874609755887 -0.3566149851482373 -0.22078380026824607 -0.33174798498261754 -0.22618874609755887 -0.33174798498261754 -0.33174798498261754 -0.2947143467373915 -0.26799557647091005 -0.32850153711980784 -0.3279167391240345 -0.32588361851743025 -0.32590535242808044 -0.22078380026824607 -0.22618874609755887 -0.2925487189194621 -0.25707331640243947 -0.2758014086554708 -0.26036778966865715 -0.26711600683116205 -0.2640381955252211 -0.24253668982228258 -0.19790864421799786 -0.22105501156017307 -0.2089145651565945 -0.2068707654714029 -0.20525005054483897 -0.18051616427584133 -0.18315246518198733 -0.11719771357561985 -0.11719771357561985 -0.1670042698561103 -0.11719771357561985 -0.11719771357561985 -0.11719771357561985 -0.11719771357561985 -0.15209180674513348 -0.11371449382753211 -0.09216072937508359 -0.04980819128046272
-0.3847076117947752 -0.3847076117947752 -0.16459849722065942 -0.3928411552597623 -0.3928411552597623 -0.3928411552597623 -0.3928411552597623 -0.3847076117947752 -0.3847076117947752 -0.3928411552597623 -0.3847076117947752 -0.3928411552597623 -0.3928411552597623 -0.3847076117947752 -0.3928411552597623 -0.3847076117947752 -0.41322915756090906 -0.3847076117947752 -0.3847076117947752 -0.3928411552597623 -0.3847076117947752 -0.3928411552597623 -0.3928411552597623 -0.3847076117947752 -0.3928411552597623 -0.3928411552597623 -0.3847076117947752 -0.3928411552597623 -0.3847076117947752 -0.5175433490449877 -0.3928411552597623 -0.5540198609177529 -0.3928411552597623 -0.5478413851770115 -0.3847076117947752 -0.5461051584614739 -0.3928411552597623 -0.5400175851006179 -0.3928411552597623 -0.5175433490449877 -0.3928411552597623 -0.3928411552597623 -0.3928411552597623 -0.2947143467373915 -0.2947143467373915 -0.2947143467373915 -0.3928411552597623 -0.3928411552597623 -0.3860730738415956 -0.3928411552597623 -0.35886911377624076 -0.22078380026824607 -0.22078380026824607 -0.22618874609755887 -0.22618874609755887 -0.22078380026824607 -0.22618874609755887 -0.3800479192908373 -0.2947143467373915 -0.3566367321552012 -0.2947143467373915 -0.2947143467373915 -0.22078380026824607 -0.22618874609755887 -0.3566149851482373 -0.22078380026824607 -0.33174798498261754 -0.22618874609755887 -0.33174798498261754 -0.33174798498261754 -0.2947143467373915 -0.26799557647091005 -0.32850153711980784 -0.3279167391240345 -0.32588361851743025 -0.32590535242808044 -0.22078380026824607 -0.22618874609755887 -0.2925487189194621 -0.25707331640243947 -0.2758014086554708 -0.26036778966865715 -0.26711600683116205 -0.2640381955252211 -0.24253668982228258 -0.19790864421799786 -0.22105501156017307 -0.2089145651565945 -0.2068707654714029 -0.20525005054483897 -0.18051616427584133 -0.18315246518198733 -0.11719771357561985 -0.11719771357561985 -0.1670042698561103 -0.11719771357561985 -0.11719771357561985 -0.11719771357561985 -0.11719771357561985 -0.15209180674513348 -0.11371449382753211 -0.09216072937508359 -0.04980819128046272
-0.3847076117947752 -0.3847076117947752 -0.16459849722065942 -0.44287292261669164 -0.44287292261669164 -0.4306021874628559 -0.4306021874628559 -0.3847076117947752 -0.3847076117947752 -0.4306021874628559 -0.3847076117947752 -0.4306021874628559 -0.4945310651407745 -0.3847076117947752 -0.4945310651407745 -0.3847076117947752 -0.3928411552597623 -0.3847076117947752 -0.3847076117947752 -0.4945310651407745 -0.3847076117947752 -0.4718850167869534 -0.4718850167869534 -0.3847076117947752 -0.4945310651407745 -0.4544407639897251 -0.3847076117947752 -0.5530978524865311 -0.3847076117947752 -0.3928411552597623 -0.4306021874628559 -0.3928411552597623 -0.5530978524865311 -0.3928411552597623 -0.3847076117947752 -0.3928411552597623 -0.40578074987084933 -0.3928411552597623 -0.5197191844574329 -0.3928411552597623 -0.40537242653603583 -0.4718850167869534 -0.47181054300943476 -0.2947143467373915 -0.2947143467373915 -0.2947143467373915 -0.44287292261669164 -0.4306021874628559 -0.3860730738415956 -0.4118070516062815 -0.35886911377624076 -0.22078380026824607 -0.22078380026824607 -0.22618874609755887 -0.22618874609755887 -0.22078380026824607 -0.22618874609755887 -0.3800479192908373 -0.2947143467373915 -0.3566367321552012 -0.2947143467373915 -0.2947143467373915 -0.22078380026824607 -0.22618874609755887 -0.3566149851482373 -0.22078380026824607 -0.33174798498261754 -0.22618874609755887 -0.33174798498261754 -0.33174798498261754 -0.2947143467373915 -0.26799557647091005 -0.32850153711980784 -0.3279167391240345 -0.32588361851743025 -0.32590535242808044 -0.22078380026824607 -0.22618874609755887 -0.2925487189194621 -0.25707331640243947 -0.2758014086554708 -0.26036778966865715 -0.26711600683116205 -0.2640381955252211 -0.24253668982228258 -0.19790864421799786 -0.22105501156017307 -0.2089145651565945 -0.2068707654714029 -0.20525005054483897 -0.18051616427584133 -0.18315246518198733 -0.11719771357561985 -0.11719771357561985 -0.1670042698561103 -0.11719771357561985 -0.11719771357561985 -0.11719771357561985 -0.11719771357561985 -0.15209180674513348 -0.11371449382753211 -0.09216072937508359 -0.04980819128046272
-0.3847076117947752 -0.3847076117947752 -0.16459849722065942 -0.3928411552597623 -0.3928411552597623 -0.3928411552597623 -0.3928411552597623 -0.3847076117947752 -0.3847076117947752 -0.3928411552597623 -0.3847076117947752 -0.3928411552597623 -0.3928411552597623 -0.3847076117947752 -0.3928411552597623 -0.3847076117947752 -0.41322915756090906 -0.3847076117947752 -0.3847076117947752 -0.3928411552597623 -0.3847076117947752 -0.3928411552597623 -0.3928411552597623 -0.3847076117947752 -0.3928411552597623 -0.3928411552597623 -0.3847076117947752 -0.3928411552597623 -0.3847076117947752 -0.5478413851770115 -0.3928411552597623 -0.5478413851770115 -0.3928411552597623 -0.5478413851770115 -0.3847076117947752 -0.5461051584614739 -0.3928411552597623 -0.5400175851006179 -0.3928411552597623 -0.5191880924083478 -0.3928411552597623 -0.3928411552597623 -0.3928411552597623 -0.2947143467373915 -0.2947143467373915 -0.2947143467373915 -0.3928411552597623 -0.3928411552597623 -0.3860730738415956 -0.3928411552597623 -0.35886911377624076 -0.22078380026824607 -0.22078380026824607 -0.22618874609755887 -0.22618874609755887 -0.22078380026824607 -0.22618874609755887 -0.3800479192908373 -0.2947143467373915 -0.3566367321552012 -0.2947143467373915 -0.2947143467373915 -0.22078380026824607 -0.22618874609755887 -0.3566149851482373 -0.22078380026824607 -0.33174798498261754 -0.22618874609755887 -0.33174798498261754 -0.33174798498261754 -0.2947143467373915 -0.26799557647091005 -0.32850153711980784 -0.3279167391240345 -0.32588361851743025 -0.32590535242808044 -0.22078380026824607 -0.22618874609755887 -0.2925487189194621 -0.25707331640243947 -0.2758014086554708 -0.26036778966865715 -0.26711600683116205 -0.2640381955252211 -0.24253668982228258 -0.19790864421799786 -0.22105501156017307 -0.2089145651565945 -0.2068707654714029 -0.20525005054483897 -0.18051616427584133 -0.18315246518198733 -0.11719771357561985 -0.11719771357561985 -0.1670042698561103 -0.11719771357561985 -0.11719771357561985 -0.11719771357561985 -0.11719771357561985 -0.15209180674513348 -0.11371449382753211 -0.09216072937508359 -0.04980819128046272
-0.5475346493682398 -0.5475346493682398 -0.16459849722065942 -0.3847076117947752 -0.3847076117947752 -0.3847076117947752 -0.3847076117947752 -0.5475346493682398 -0.5475346493682398 -0.3847076117947752 -0.5475346493682398 -0.3847076117947752 -0.3847076117947752 -0.5475346493682398 -0.3847076117947752 -0.5475346493682398 -0.3847076117947752 -0.5475346493682398 -0.5475346493682398 -0.3847076117947752 -0.5475346493682398 -0.3847076117947752 -0.3847076117947752 -0.5475346493682398 -0.3847076117947752 -0.3847076117947752 -0.5475346493682398 -0.3847076117947752 -0.5475346493682398 -0.3847076117947752 -0.3847076117947752 -0.3847076117947752 -0.3847076117947752 -0.3847076117947752 -0.5475346493682398 -0.3847076117947752 -0.3847076117947752 -0.3847076117947752 -0.3847076117947752 -0.3847076117947752 -0.3847076117947752 -0.3847076117947752 -0.3847076117947752 -0.2947143467373915 -0.2947143467373915 -0.2947143467373915 -0.3847076117947752 -0.3847076117947752 -0.3847076117947752 -0.3847076117947752 -0.35886911377624076 -0.22078380026824607 -0.22078380026824607 -0.22618874609755887 -0.22618874609755887 -0.22078380026824607 -0.22618874609755887 -0.3800479192908373 -0.2947143467373915 -0.3566367321552012 -0.2947143467373915 -0.2947143467373915 -0.22078380026824607 -0.22618874609755887 -0.3566149851482373 -0.22078380026824607 -0.33174798498261754 -0.22618874609755887 -0.33174798498261754 -0.33174798498261754 -0.2947143467373915 -0.26799557647091005 -0.32850153711980784 -0.3279167391240345 -0.32588361851743025 -0.32590535242808044 -0.22078380026824607 -0.22618874609755887 -0.2925487189194621 -0.25707331640243947 -0.2758014086554708 -0.26036778966865715 -0.26711600683116205 -0.2640381955252211 -0.24253668982228258 -0.19790864421799786 -0.22105501156017307 -0.2089145651565945 -0.2068707654714029 -0.20525005054483897 -0.18051616427584133 -0.18315246518198733 -0.11719771357561985 -0.11719771357561985 -0.1670042698561103 -0.11719771357561985 -0.11719771357561985 -0.11719771357561985 -0.11719771357561985 -0.15209180674513348 -0.11371449382753211 -0.09216072937508359 -0.04980819128046272
-0.3847076117947752 -0.3847076117947752 -0.16459849722065942 -0.3928411552597623 -0.3928411552597623 -0.3928411552597623 -0.3928411552597623 -0.3847076117947752 -0.3847076117947752 -0.3928411552597623 -0.3847076117947752 -0.3928411552597623 -0.3928411552597623 -0.3847076117947752 -0.3928411552597623 -0.3847076117947752 -0.41322915756090906 -0.3847076117947752 -0.3847076117947752 -0.3928411552597623 -0.3847076117947752 -0.3928411552597623 -0.3928411552597623 -0.3847076117947752 -0.3928411552597623 -0.3928411552597623 -0.3847076117947752 -0.3928411552597623 -0.3847076117947752 -0.5175433490449877 -0.3928411552597623 -0.5461051584614739 -0.3928411552597623 -0.5461051584614739 -0.3847076117947752 -0.5461051584614739 -0.3928411552597623 -0.5400175851006179 -0.3928411552597623 -0.5175433490449877 -0.3928411552597623 -0.3928411552597623 -0.3928411552597623 -0.2947143467373915 -0.2947143467373915 -0.2947143467373915 -0.3928411552597623 -0.3928411552597623 -0.3860730738415956 -0.3928411552597623 -0.35886911377624076 -0.22078380026824607 -0.22078380026824607 -0.22618874609755887 -0.22618874609755887 -0.22078380026824607 -0.22618874609755887 -0.3800479192908373 -0.2947143467373915 -0.3566367321552012 -0.2947143467373915 -0.2947143467373915 -0.22078380026824607 -0.22618874609755887 -0.3566149851482373 -0.22078380026824607 -0.33174798498261754 -0.22618874609755887 -0.33174798498261754 -0.33174798498261754 -0.2947143467373915 -0.26799557647091005 -0.32850153711980784 -0.3279167391240345 -0.32588361851743025 -0.32590535242808044 -0.22078380026824607 -0.22618874609755887 -0.2925487189194621 -0.25707331640243947 -0.2758014086554708 -0.26036778966865715 -0.26711600683116205 -0.2640381955252211 -0.24253668982228258 -0.19790864421799786 -0.22105501156017307 -0.2089145651565945 -0.2068707654714029 -0.20525005054483897 -0.18051616427584133 -0.18315246518198733 -0.11719771357561985 -0.11719771357561985 -0.1670042698561103 -0.11719771357561985 -0.11719771357561985 -0.11719771357561985 -0.11719771357561985 -0.15209180674513348 -0.11371449382753211 -0.09216072937508359 -0.04980819128046272
-0.5190003827283494 -0.5190003827283494 -0.16459849722065942 -0.4306021874628559 -0.4306021874628559 -0.5449836519887938 -0.5449836519887938 -0.5190003827283494 -0.5190003827283494 -0.5449836519887938 -0.5190003827283494 -0.5449836519887938 -0.4306021874628559 -0.5190003827283494 -0.4306021874628559 -0.5190003827283494 -0.3928411552597623 -0.5190003827283494 -0.5190003827283494 -0.4306021874628559 -0.5190003827283494 -0.4306021874628559 -0.4306021874628559 -0.5190003827283494 -0.4306021874628559 -0.4306021874628559 -0.5190003827283494 -0.4306021874628559 -0.5190003827283494 -0.3928411552597623 -0.50442339863338 -0.3928411552597623 -0.4306021874628559 -0.3928411552597623 -0.5190003827283494 -0.3928411552597623 -0.5449836519887938 -0.3928411552597623 -0.4306021874628559 -0.3928411552597623 -0.40537242653603583 -0.4306021874628559 -0.4306021874628559 -0.2947143467373915 -0.2947143467373915 -0.2947143467373915 -0.4306021874628559 -0.43155407732660733 -0.3860730738415956 -0.4118070516062815 -0.35886911377624076 -0.22078380026824607 -0.22078380026824607 -0.22618874609755887 -0.22618874609755887 -0.22078380026824607 -0.22618874609755887 -0.3800479192908373 -0.2947143467373915 -0.3566367321552012 -0.2947143467373915 -0.2947143467373915 -0.22078380026824607 -0.22618874609755887 -0.3566149851482373 -0.22078380026824607 -0.33174798498261754 -0.22618874609755887 -0.33174798498261754 -0.33174798498261754 -0.2947143467373915 -0.26799557647091005 -0.32850153711980784 -0.3279167391240345 -0.32588361851743025 -0.32590535242808044 -0.22078380026824607 -0.22618874609755887 -0.2925487189194621 -0.25707331640243947 -0.2758014086554708 -0.26036778966865715 -0.26711600683116205 -0.2640381955252211 -0.24253668982228258 -0.19790864421799786 -0.22105501156017307 -0.2089145651565945 -0.2068707654714029 -0.20525005054483897 -0.18051616427584133 -0.18315246518198733 -0.11719771357561985 -0.11719771357561985 -0.1670042698561103 -0.11719771357561985 -0.11719771357561985 -0.11719771357561985 -0.11719771357561985 -0.15209180674513348 -0.11371449382753211 -0.09216072937508359 -0.04980819128046272
-0.3847076117947752 -0.3847076117947752 -0.16459849722065942 -0.3928411552597623 -0.3928411552597623 -0.3928411552597623 -0.3928411552597623 -0.3847076117947752 -0.3847076117947752 -0.3928411552597623 -0.3847076117947752 -0.3928411552597623 -0.3928411552597623 -0.3847076117947752 -0.3928411552597623 -0.3847076117947752 -0.41322915756090906 -0.3847076117947752 -0.3847076117947752 -0.3928411552597623 -0.3847076117947752 -0.3928411552597623 -0.3928411552597623 -0.3847076117947752 -0.3928411552597623 -0.3928411552597623 -0.3847076117947752 -0.3928411552597623 -0.3847076117947752 -0.5175433490449877 -0.3928411552597623 -0.5400175851006179 -0.3928411552597623 -0.5400175851006179 -0.3847076117947752 -0.5400175851006179 -0.3928411552597623 -0.5400175851006179 -0.3928411552597623 -0.5175433490449877 -0.3928411552597623 -0.3928411552597623 -0.3928411552597623 -0.2947143467373915 -0.2947143467373915 -0.2947143467373915 -0.3928411552597623 -0.3928411552597623 -0.3860730738415956 -0.3928411552597623 -0.35886911377624076 -0.22078380026824607 -0.22078380026824607 -0.22618874609755887 -0.22618874609755887 -0.22078380026824607 -0.22618874609755887 -0.3800479192908373 -0.2947143467373915 -0.3566367321552012 -0.2947143467373915 -0.2947143467373915 -0.22078380026824607 -0.22618874609755887 -0.3566149851482373 -0.22078380026824607 -0.33174798498261754 -0.22618874609755887 -0.33174798498261754 -0.33174798498261754 -0.2947143467373915 -0.26799557647091005 -0.32850153711980784 -0.3279167391240345 -0.32588361851743025 -0.32590535242808044 -0.22078380026824607 -0.22618874609755887 -0.2925487189194621 -0.25707331640243947 -0.2758014086554708 -0.26036778966865715 -0.26711600683116205 -0.2640381955252211 -0.24253668982228258 -0.19790864421799786 -0.22105501156017307 -0.2089145651565945 -0.2068707654714029 -0.20525005054483897 -0.18051616427584133 -0.18315246518198733 -0.11719771357561985 -0.11719771357561985 -0.1670042698561103 -0.11719771357561985 -0.11719771357561985 -0.11719771357561985 -0.11719771357561985 -0.15209180674513348 -0.11371449382753211 -0.09216072937508359 -0.04980819128046272
-0.3847076117947752 -0.3847076117947752 -0.16459849722065942 -0.44287292261669164 -0.44287292261669164 -0.4306021874628559 -0.4306021874628559 -0.3847076117947752 -0.3847076117947752 -0.4306021874628559 -0.3847076117947752 -0.4306021874628559 -0.4945310651407745 -0.3847076117947752 -0.4945310651407745 -0.3847076117947752 -0.3928411552597623 -0.3847076117947752 -0.3847076117947752 -0.4945310651407745 -0.3847076117947752 -0.4718850167869534 -0.4718850167869534 -0.3847076117947752 -0.4945310651407745 -0.4544407639897251 -0.3847076117947752 -0.5197191844574329 -0.3847076117947752 -0.3928411552597623 -0.4306021874628559 -0.3928411552597623 -0.5197191844574329 -0.3928411552597623 -0.3847076117947752 -0.3928411552597623 -0.40578074987084933 -0.3928411552597623 -0.5197191844574329 -0.3928411552597623 -0.40537242653603583 -0.4718850167869534 -0.47181054300943476 -0.2947143467373915 -0.2947143467373915 -0.2947143467373915 -0.44287292261669164 -0.4306021874628559 -0.3860730738415956 -0.4118070516062815 -0.41726874366673383 -0.22078380026824607 -0.22078380026824607 -0.22618874609755887 -0.22618874609755887 -0.22078380026824607 -0.22618874609755887 -0.3800479192908373 -0.2947143467373915 -0.3566367321552012 -0.2947143467373915 -0.2947143467373915 -0.22078380026824607 -0.22618874609755887 -0.3566149851482373 -0.22078380026824607 -0.33174798498261754 -0.22618874609755887 -0.33174798498261754 -0.33174798498261754 -0.2947143467373915 -0.26799557647091005 -0.32850153711980784 -0.3279167391240345 -0.32588361851743025 -0.32590535242808044 -0.22078380026824607 -0.22618874609755887 -0.2925487189194621 -0.25707331640243947 -0.2758014086554708 -0.26036778966865715 -0.26711600683116205 -0.2640381955252211 -0.24253668982228258 -0.19790864421799786 -0.22105501156017307 -0.2089145651565945 -0.2068707654714029 -0.20525005054483897 -0.18051616427584133 -0.18315246518198733 -0.11719771357561985 -0.11719771357561985 -0.1670042698561103 -0.11719771357561985 -0.11719771357561985 -0.11719771357561985 -0.11719771357561985 -0.15209180674513348 -0.11371449382753211 -0.09216072937508359 -0.04980819128046272
-0.3847076117947752 -0.3847076117947752 -0.16459849722065942 -0.3928411552597623 -0.3928411552597623 -0.3928411552597623 -0.3928411552597623 -0.3847076117947752 -0.3847076117947752 -0.3928411552597623 -0.3847076117947752 -0.3928411552597623 -0.3928411552597623 -0.3847076117947752 -0.3928411552597623 -0.3847076117947752 -0.41322915756090906 -0.3847076117947752 -0.3847076117947752 -0.3928411552597623 -0.3847076117947752 -0.3928411552597623 -0.3928411552597623 -0.3847076117947752 -0.3928411552597623 -0.3928411552597623 -0.3847076117947752 -0.3928411552597623 -0.3847076117947752 -0.5191880924083478 -0.3928411552597623 -0.5191880924083478 -0.3928411552597623 -0.5191880924083478 -0.3847076117947752 -0.5191880924083478 -0.3928411552597623 -0.5191880924083478 -0.3928411552597623 -0.5191880924083478 -0.3928411552597623 -0.3928411552597623 -0.3928411552597623 -0.2947143467373915 -0.2947143467373915 -0.2947143467373915 -0.3928411552597623 -0.3928411552597623 -0.3860730738415956 -0.3928411552597623 -0.35886911377624076 -0.22078380026824607 -0.22078380026824607 -0.22618874609755887 -0.22618874609755887 -0.22078380026824607 -0.22618874609755887 -0.3800479192908373 -0.2947143467373915 -0.3566367321552012 -0.2947143467373915 -0.2947143467373915 -0.22078380026824607 -0.22618874609755887 -0.3566149851482373 -0.22078380026824607 -0.33174798498261754 -0.22618874609755887 -0.33174798498261754 -0.33174798498261754 -0.2947143467373915 -0.26799557647091005 -0.32850153711980784 -0.3279167391240345 -0.32588361851743025 -0.32590535242808044 -0.22078380026824607 -0.22618874609755887 -0.2925487189194621 -0.25707331640243947 -0.2758014086554708 -0.26036778966865715 -0.26711600683116205 -0.2640381955252211 -0.24253668982228258 -0.19790864421799786 -0.22105501156017307 -0.2089145651565945 -0.2068707654714029 -0.20525005054483897 -0.18051616427584133 -0.18315246518198733 -0.11719771357561985 -0.11719771357561985 -0.1670042698561103 -0.11719771357561985 -0.11719771357561985 -0.11719771357561985 -0.11719771357561985 -0.15209180674513348 -0.11371449382753211 -0.09216072937508359 -0.04980819128046272
-0.3847076117947752 -0.3847076117947752 -0.16459849722065942 -0.4306021874628559 -0.4306021874628559 -0.50442339863338 -0.50442339863338 -0.3847076117947752 -0.3847076117947752 -0.50442339863338 -0.3847076117947752 -0.50442339863338 -0.4306021874628559 -0.3847076117947752 -0.4306021874628559 -0.3847076117947752 -0.3928411552597623 -0.3847076117947752 -0.3847076117947752 -0.4306021874628559 -0.3847076117947752 -0.4306021874628559 -0.4306021874628559 -0.3847076117947752 -0.4306021874628559 -0.4306021874628559 -0.3847076117947752 -0.4306021874628559 -0.3847076117947752 -0.3928411552597623 -0.50442339863338 -0.3928411552597623 -0.4306021874628559 -0.3928411552597623 -0.3847076117947752 -0.3928411552597623 -0.40578074987084933 -0.3928411552597623 -0.4306021874628559 -0.3928411552597623 -0.5180178657649007 -0.4306021874628559 -0.4306021874628559 -0.2947143467373915 -0.2947143467373915 -0.2947143467373915 -0.4306021874628559 -0.43155407732660733 -0.3860730738415956 -0.4118070516062815 -0.35886911377624076 -0.22078380026824607 -0.22078380026824607 -0.22618874609755887 -0.22618874609755887 -0.22078380026824607 -0.22618874609755887 -0.3800479192908373 -0.2947143467373915 -0.3566367321552012 -0.2947143467373915 -0.2947143467373915 -0.22078380026824607 -0.22618874609755887 -0.3566149851482373 -0.22078380026824607 -0.33174798498261754 -0.22618874609755887 -0.33174798498261754 -0.33174798498261754 -0.2947143467373915 -0.26799557647091005 -0.32850153711980784 -0.3279167391240345 -0.32588361851743025 -0.32590535242808044 -0.22078380026824607 -0.22618874609755887 -0.2925487189194621 -0.25707331640243947 -0.2758014086554708 -0.26036778966865715 -0.26711600683116205 -0.2640381955252211 -0.24253668982228258 -0.19790864421799786 -0.22105501156017307 -0.2089145651565945 -0.2068707654714029 -0.20525005054483897 -0.18051616427584133 -0.18315246518198733 -0.11719771357561985 -0.11719771357561985 -0.1670042698561103 -0.11719771357561985 -0.11719771357561985 -0.11719771357561985 -0.11719771357561985 -0.15209180674513348 -0.11371449382753211 -0.09216072937508359 -0.04980819128046272
-0.3847076117947752 -0.3847076117947752 -0.16459849722065942 -0.44287292261669164 -0.44287292261669164 -0.4306021874628559 -0.4306021874628559 -0.3847076117947752 -0.3847076117947752 -0.4306021874628559 -0.3847076117947752 -0.4306021874628559 -0.47635424812257443 -0.3847076117947752 -0.47635424812257443 -0.3847076117947752 -0.3928411552597623 -0.3847076117947752 -0.3847076117947752 -0.47635424812257443 -0.3847076117947752 -0.47635424812257443 -0.47635424812257443 -0.3847076117947752 -0.47635424812257443 -0.4544407639897251 -0.3847076117947752 -0.47635424812257443 -0.3847076117947752 -0.3928411552597623 -0.4306021874628559 -0.3928411552597623 -0.47635424812257443 -0.3928411552597623 -0.3847076117947752 -0.3928411552597623 -0.40578074987084933 -0.3928411552597623 -0.47635424812257443 -0.3928411552597623 -0.40537242653603583 -0.47635424812257443 -0.47181054300943476 -0.2947143467373915 -0.2947143467373915 -0.2947143467373915 -0.44287292261669164 -0.4306021874628559 -0.3860730738415956 -0.4118070516062815 -0.35886911377624076 -0.22078380026824607 -0.22078380026824607 -0.22618874609755887 -0.22618874609755887 -0.22078380026824607 -0.22618874609755887 -0.3800479192908373 -0.2947143467373915 -0.3566367321552012 -0.2947143467373915 -0.2947143467373915 -0.22078380026824607 -0.22618874609755887 -0.3566149851482373 -0.22078380026824607 -0.33174798498261754 -0.22618874609755887 -0.33174798498261754 -0.33174798498261754 -0.2947143467373915 -0.26799557647091005 -0.32850153711980784 -0.3279167391240345 -0.32588361851743025 -0.32590535242808044 -0.22078380026824607 -0.22618874609755887 -0.2925487189194621 -0.25707331640243947 -0.2758014086554708 -0.26036778966865715 -0.26711600683116205 -0.2640381955252211 -0.24253668982228258 -0.19790864421799786 -0.22105501156017307 -0.2089145651565945 -0.2068707654714029 -0.20525005054483897 -0.18051616427584133 -0.18315246518198733 -0.11719771357561985 -0.11719771357561985 -0.1670042698561103 -0.11719771357561985 -0.11719771357561985 -0.11719771357561985 -0.11719771357561985 -0.15209180674513348 -0.11371449382753211 -0.09216072937508359 -0.04980819128046272
-0.3847076117947752 -0.3847076117947752 -0.16459849722065942 -0.44287292261669164 -0.44287292261669164 -0.4306021874628559 -0.4306021874628559 -0.3847076117947752 -0.3847076117947752 -0.4306021874628559 -0.3847076117947752 -0.4306021874628559 -0.4724623079480849 -0.3847076117947752 -0.4724623079480849 -0.3847076117947752 -0.3928411552597623 -0.3847076117947752 -0.3847076117947752 -0.4724623079480849 -0.3847076117947752 -0.4718850167869534 -0.4718850167869534 -0.3847076117947752 -0.4724623079480849 -0.4544407639897251 -0.3847076117947752 -0.4724623079480849 -0.3847076117947752 -0.3928411552597623 -0.4306021874628559 -0.3928411552597623 -0.4724623079480849 -0.3928411552597623 -0.3847076117947752 -0.3928411552597623 -0.40578074987084933 -0.3928411552597623 -0.4724623079480849 -0.3928411552597623 -0.40537242653603583 -0.4718850167869534 -0.4724623079480849 -0.2947143467373915 -0.2947143467373915 -0.2947143467373915 -0.44287292261669164 -0.4306021874628559 -0.3860730738415956 -0.4118070516062815 -0.35886911377624076 -0.22078380026824607 -0.22078380026824607 -0.22618874609755887 -0.22618874609755887 -0.22078380026824607 -0.22618874609755887 -0.3800479192908373 -0.2947143467373915 -0.3566367321552012 -0.2947143467373915 -0.2947143467373915 -0.22078380026824607 -0.22618874609755887 -0.3566149851482373 -0.22078380026824607 -0.33174798498261754 -0.22618874609755887 -0.33174798498261754 -0.33174798498261754 -0.2947143467373915 -0.26799557647091005 -0.32850153711980784 -0.3279167391240345 -0.32588361851743025 -0.32590535242808044 -0.22078380026824607 -0.22618874609755887 -0.2925487189194621 -0.25707331640243947 -0.2758014086554708 -0.26036778966865715 -0.26711600683116205 -0.2640381955252211 -0.24253668982228258 -0.19790864421799786 -0.22105501156017307 -0.2089145651565945 -0.2068707654714029 -0.20525005054483897 -0.18051616427584133 -0.18315246518198733 -0.11719771357561985 -0.11719771357561985 -0.1670042698561103 -0.11719771357561985 -0.11719771357561985 -0.11719771357561985 -0.11719771357561985 -0.15209180674513348 -0.11371449382753211 -0.09216072937508359 -0.04980819128046272
-0.2947143467373915 -0.2947143467373915 -0.16459849722065942 -0.2947143467373915 -0.2947143467373915 -0.2947143467373915 -0.2947143467373915 -0.2947143467373915 -0.2947143467373915 -0.2947143467373915 -0.2947143467373915 -0.2947143467373915 -0.2947143467373915 -0.2947143467373915 -0.2947143467373915 -0.2947143467373915 -0.2947143467373915 -0.2947143467373915 -0.2947143467373915 -0.2947143467373915 -0.2947143467373915 -0.2947143467373915 -0.2947143467373915 -0.2947143467373915 -0.2947143467373915 -0.2947143467373915 -0.2947143467373915 -0.2947143467373915 -0.2947143467373915 -0.2947143467373915 -0.2947143467373915 -0.2947143467373915 -0.2947143467373915 -0.2947143467373915 -0.2947143467373915 -0.2947143467373915 -0.2947143467373915 -0.2947143467373915 -0.2947143467373915 -0.2947143467373915 -0.2947143467373915 -0.2947143467373915 -0.2947143467373915 -0.46850173407305834 -0.4662896042444406 -0.45471544776798695 -0.2947143467373915 -0.2947143467373915 -0.2947143467373915 -0.2947143467373915 -0.2947143467373915 -0.22078380026824607 -0.22078380026824607 -0.22618874609755887 -0.22618874609755887 -0.22078380026824607 -0.22618874609755887 -0.2947143467373915 -0.3559803904705271 -0.2947143467373915 -0.3559803904705271 -0.3578191782974658 -0.22078380026824607 -0.22618874609755887 -0.2947143467373915 -0.22078380026824607 -0.2947143467373915 -0.22618874609755887 -0.2947143467373915 -0.2947143467373915 -0.3414925193531625 -0.26799557647091005 -0.2947143467373915 -0.2947143467373915 -0.2947143467373915 -0.2947143467373915 -0.22078380026824607 -0.22618874609755887 -0.2925487189194621 -0.25707331640243947 -0.2758014086554708 -0.26036778966865715 -0.26711600683116205 -0.2640381955252211 -0.24253668982228258 -0.19790864421799786 -0.22105501156017307 -0.2089145651565945 -0.2068707654714029 -0.20525005054483897 -0.18051616427584133 -0.18315246518198733 -0.11719771357561985 -0.11719771357561985 -0.1670042698561103 -0.11719771357561985 -0.11719771357561985 -0.11719771357561985 -0.11719771357561985 -0.15209180674513348 -0.11371449382753211 -0.09216072937508359 -0.04980819128046272
-0.2947143467373915 -0.2947143467373915 -0.16459849722065942 -0.2947143467373915 -0.2947143467373915 -0.2947143467373915 -0.2947143467373915 -0.2947143467373915 -0.2947143467373915 -0.2947143467373915 -0.2947143467373915 -0.2947143467373915 -0.2947143467373915 -0.2947143467373915 -0.2947143467373915 -0.2947143467373915 -0.2947143467373915 -0.2947143467373915 -0.2947143467373915 -0.2947143467373915 -0.2947143467373915 -0.2947143467373915 -0.2947143467373915 -0.2947143467373915 -0.2947143467373915 -0.2947143467373915 -0.2947143467373915 -0.2947143467373915 -0.2947143467373915 -0.2947143467373915 -0.2947143467373915 -0.2947143467373915 -0.2947143467373915 -0.2947143467373915 -0.2947143467373915 -0.2947143467373915 -0.2947143467373915 -0.2947143467373915 -0.2947143467373915 -0.2947143467373915 -0.2947143467373915 -0.2947143467373915 -0.2947143467373915 -0.4662896042444406 -0.4662896042444406 -0.45471544776798695 -0.2947143467373915 -0.2947143467373915 -0.2947143467373915 -0.2947143467373915 -0.2947143467373915 -0.22078380026824607 -0.22078380026824607 -0.22618874609755887 -0.22618874609755887 -0.22078380026824607 -0.22618874609755887 -0.2947143467373915 -0.3559803904705271 -0.2947143467373915 -0.3559803904705271 -0.3578191782974658 -0.22078380026824607 -0.22618874609755887 -0.2947143467373915 -0.22078380026824607 -0.2947143467373915 -0.22618874609755887 -0.2947143467373915 -0.2947143467373915 -0.3414925193531625 -0.26799557647091005 -0.2947143467373915 -0.2947143467373915 -0.2947143467373915 -0.2947143467373915 -0.22078380026824607 -0.22618874609755887 -0.2925487189194621 -0.25707331640243947 -0.2758014086554708 -0.26036778966865715 -0.26711600683116205 -0.2640381955252211 -0.24253668982228258 -0.19790864421799786 -0.22105501156017307 -0.2089145651565945 -0.2068707654714029 -0.20525005054483897 -0.18051616427584133 -0.18315246518198733 -0.11719771357561985 -0.11719771357561985 -0.1670042698561103 -0.11719771357561985 -0.11719771357561985 -0.11719771357561985 -0.11719771357561985 -0.15209180674513348 -0.11371449382753211 -0.09216072937508359 -0.04980819128046272
-0.2947143467373915 -0.2947143467373915 -0.16459849722065942 -0.2947143467373915 -0.2947143467373915 -0.2947143467373915 -0.2947143467373915 -0.2947143467373915 -0.2947143467373915 -0.2947143467373915 -0.2947143467373915 -0.2947143467373915 -0.2947143467373915 -0.2947143467373915 -0.2947143467373915 -0.2947143467373915 -0.2947143467373915 -0.2947143467373915 -0.2947143467373915 -0.2947143467373915 -0.2947143467373915 -0.2947143467373915 -0.2947143467373915 -0.2947143467373915 -0.2947143467373915 -0.2947143467373915 -0.2947143467373915 -0.2947143467373915 -0.2947143467373915 -0.2947143467373915 -0.2947143467373915 -0.2947143467373915 -0.2947143467373915 -0.2947143467373915 -0.2947143467373915 -0.2947143467373915 -0.2947143467373915 -0.2947143467373915 -0.2947143467373915 -0.2947143467373915 -0.2947143467373915 -0.2947143467373915 -0.2947143467373915 -0.45471544776798695 -0.45471544776798695 -0.45471544776798695 -0.2947143467373915 -0.2947143467373915 -0.2947143467373915 -0.2947143467373915 -0.2947143467373915 -0.22078380026824607 -0.22078380026824607 -0.22618874609755887 -0.22618874609755887 -0.22078380026824607 -0.22618874609755887 -0.2947143467373915 -0.3559803904705271 -0.2947143467373915 -0.3559803904705271 -0.3578191782974658 -0.22078380026824607 -0.22618874609755887 -0.2947143467373915 -0.22078380026824607 -0.2947143467373915 -0.22618874609755887 -0.2947143467373915 -0.2947143467373915 -0.3414925193531625 -0.26799557647091005 -0.2947143467373915 -0.2947143467373915 -0.2947143467373915 -0.2947143467373915 -0.22078380026824607 -0.22618874609755887 -0.2925487189194621 -0.25707331640243947 -0.2758014086554708 -0.26036778966865715 -0.26711600683116205 -0.2640381955252211 -0.24253668982228258 -0.19790864421799786 -0.22105501156017307 -0.2089145651565945 -0.2068707654714029 -0.20525005054483897 -0.18051616427584133 -0.18315246518198733 -0.11719771357561985 -0.11719771357561985 -0.1670042698561103 -0.11719771357561985 -0.11719771357561985 -0.11719771357561985 -0.11719771357561985 -0.15209180674513348 -0.11371449382753211 -0.09216072937508359 -0.04980819128046272
-0.3847076117947752 -0.3847076117947752 -0.16459849722065942 -0.4478473030996601 -0.4478473030996601 -0.4306021874628559 -0.4306021874628559 -0.3847076117947752 -0.3847076117947752 -0.4306021874628559 -0.3847076117947752 -0.4306021874628559 -0.4478473030996601 -0.3847076117947752 -0.4478473030996601 -0.3847076117947752 -0.3928411552597623 -0.3847076117947752 -0.3847076117947752 -0.4478473030996601 -0.3847076117947752 -0.4478473030996601 -0.4478473030996601 -0.3847076117947752 -0.4478473030996601 -0.4478473030996601 -0.3847076117947752 -0.4478473030996601 -0.3847076117947752 -0.3928411552597623 -0.4306021874628559 -0.3928411552597623 -0.4478473030996601 -0.3928411552597623 -0.3847076117947752 -0.3928411552597623 -0.40578074987084933 -0.3928411552597623 -0.4478473030996601 -0.3928411552597623 -0.40537242653603583 -0.4478473030996601 -0.4478473030996601 -0.2947143467373915 -0.2947143467373915 -0.2947143467373915 -0.4478473030996601 -0.4306021874628559 -0.3860730738415956 -0.4118070516062815 -0.35886911377624076 -0.22078380026824607 -0.22078380026824607 -0.22618874609755887 -0.22618874609755887 -0.22078380026824607 -0.22618874609755887 -0.3800479192908373 -0.2947143467373915 -0.3566367321552012 -0.2947143467373915 -0.2947143467373915 -0.22078380026824607 -0.22618874609755887 -0.3566149851482373 -0.22078380026824607 -0.33174798498261754 -0.22618874609755887 -0.33174798498261754 -0.33174798498261754 -0.2947143467373915 -0.26799557647091005 -0.32850153711980784 -0.3279167391240345 -0.32588361851743025 -0.32590535242808044 -0.22078380026824607 -0.22618874609755887 -0.2925487189194621 -0.25707331640243947 -0.2758014086554708 -0.26036778966865715 -0.26711600683116205 -0.2640381955252211 -0.24253668982228258 -0.19790864421799786 -0.22105501156017307 -0.2089145651565945 -0.2068707654714029 -0.20525005054483897 -0.18051616427584133 -0.18315246518198733 -0.11719771357561985 -0.11719771357561985 -0.1670042698561103 -0.11719771357561985 -0.11719771357561985 -0.11719771357561985 -0.11719771357561985 -0.15209180674513348 -0.11371449382753211 -0.09216072937508359 -0.04980819128046272
-0.3847076117947752 -0.3847076117947752 -0.16459849722065942 -0.4306021874628559 -0.4306021874628559 -0.437108335858574 -0.437108335858574 -0.3847076117947752 -0.3847076117947752 -0.437108335858574 -0.3847076117947752 -0.437108335858574 -0.4306021874628559 -0.3847076117947752 -0.4306021874628559 -0.3847076117947752 -0.3928411552597623 -0.3847076117947752 -0.3847076117947752 -0.4306021874628559 -0.3847076117947752 -0.4306021874628559 -0.4306021874628559 -0.3847076117947752 -0.4306021874628559 -0.4306021874628559 -0.3847076117947752 -0.4306021874628559 -0.3847076117947752 -0.3928411552597623 -0.437108335858574 -0.3928411552597623 -0.4306021874628559 -0.3928411552597623 -0.3847076117947752 -0.3928411552597623 -0.40578074987084933 -0.3928411552597623 -0.4306021874628559 -0.3928411552597623 -0.40537242653603583 -0.4306021874628559 -0.4306021874628559 -0.2947143467373915 -0.2947143467373915 -0.2947143467373915 -0.4306021874628559 -0.437108335858574 -0.3860730738415956 -0.4218120727310413 -0.35886911377624076 -0.22078380026824607 -0.22078380026824607 -0.22618874609755887 -0.22618874609755887 -0.22078380026824607 -0.22618874609755887 -0.3800479192908373 -0.2947143467373915 -0.3566367321552012 -0.2947143467373915 -0.2947143467373915 -0.22078380026824607 -0.22618874609755887 -0.3566149851482373 -0.22078380026824607 -0.33174798498261754 -0.22618874609755887 -0.33174798498261754 -0.33174798498261754 -0.2947143467373915 -0.26799557647091005 -0.32850153711980784 -0.3279167391240345 -0.32588361851743025 -0.32590535242808044 -0.22078380026824607 -0.22618874609755887 -0.3002614476800689 -0.25707331640243947 -0.2758014086554708 -0.26036778966865715 -0.26711600683116205 -0.2640381955252211 -0.24253668982228258 -0.19790864421799786 -0.22105501156017307 -0.2089145651565945 -0.2068707654714029 -0.20525005054483897 -0.18051616427584133 -0.18315246518198733 -0.11719771357561985 -0.11719771357561985 -0.1670042698561103 -0.11719771357561985 -0.11719771357561985 -0.11719771357561985 -0.11719771357561985 -0.15209180674513348 -0.11371449382753211 -0.09216072937508359 -0.04980819128046272
-0.3847076117947752 -0.3847076117947752 -0.16459849722065942 -0.4279300092925199 -0.4279300092925199 -0.4279300092925199 -0.4279300092925199 -0.3847076117947752 -0.3847076117947752 -0.4279300092925199 -0.3847076117947752 -0.4279300092925199 -0.4279300092925199 -0.3847076117947752 -0.4279300092925199 -0.3847076117947752 -0.3928411552597623 -0.3847076117947752 -0.3847076117947752 -0.4279300092925199 -0.3847076117947752 -0.4279300092925199 -0.4279300092925199 -0.3847076117947752 -0.4279300092925199 -0.4279300092925199 -0.3847076117947752 -0.4279300092925199 -0.3847076117947752 -0.3928411552597623 -0.4279300092925199 -0.3928411552597623 -0.4279300092925199 -0.3928411552597623 -0.3847076117947752 -0.3928411552597623 -0.40578074987084933 -0.3928411552597623 -0.4279300092925199 -0.3928411552597623 -0.40537242653603583 -0.4279300092925199 -0.4279300092925199 -0.2947143467373915 -0.2947143467373915 -0.2947143467373915 -0.4279300092925199 -0.4279300092925199 -0.4279300092925199 -0.4118070516062815 -0.35886911377624076 -0.22078380026824607 -0.22078380026824607 -0.22618874609755887 -0.22618874609755887 -0.22078380026824607 -0.22618874609755887 -0.3800479192908373 -0.2947143467373915 -0.3566367321552012 -0.2947143467373915 -0.2947143467373915 -0.22078380026824607 -0.22618874609755887 -0.3566149851482373 -0.22078380026824607 -0.33174798498261754 -0.22618874609755887 -0.33174798498261754 -0.33174798498261754 -0.2947143467373915 -0.26799557647091005 -0.32850153711980784 -0.3279167391240345 -0.32588361851743025 -0.32590535242808044 -0.22078380026824607 -0.22618874609755887 -0.2925487189194621 -0.25707331640243947 -0.2758014086554708 -0.26036778966865715 -0.26711600683116205 -0.2640381955252211 -0.24253668982228258 -0.19790864421799786 -0.22105501156017307 -0.2089145651565945 -0.2068707654714029 -0.20525005054483897 -0.18051616427584133 -0.18315246518198733 -0.11719771357561985 -0.11719771357561985 -0.1670042698561103 -0.11719771357561985 -0.11719771357561985 -0.11719771357561985 -0.11719771357561985 -0.15209180674513348 -0.11371449382753211 -0.09216072937508359 -0.04980819128046272
-0.3847076117947752 -0.3847076117947752 -0.16459849722065942 -0.4218120727310413 -0.4218120727310413 -0.4218120727310413 -0.4218120727310413 -0.3847076117947752 -0.3847076117947752 -0.4218120727310413 -0.3847076117947752 -0.4218120727310413 -0.4218120727310413 -0.3847076117947752 -0.4218120727310413 -0.3847076117947752 -0.3928411552597623 -0.3847076117947752 -0.3847076117947752 -0.4218120727310413 -0.3847076117947752 -0.4218120727310413 -0.4218120727310413 -0.3847076117947752 -0.4218120727310413 -0.4218120727310413 -0.3847076117947752 -0.4218120727310413 -0.3847076117947752 -0.3928411552597623 -0.4218120727310413 -0.3928411552597623 -0.4218120727310413 -0.3928411552597623 -0.3847076117947752 -0.3928411552597623 -0.40578074987084933 -0.3928411552597623 -0.4218120727310413 -0.3928411552597623 -0.40537242653603583 -0.4218120727310413 -0.4218120727310413 -0.2947143467373915 -0.2947143467373915 -0.2947143467373915 -0.4218120727310413 -0.4218120727310413 -0.3860730738415956 -0.4218120727310413 -0.35886911377624076 -0.22078380026824607 -0.22078380026824607 -0.22618874609755887 -0.22618874609755887 -0.22078380026824607 -0.22618874609755887 -0.3800479192908373 -0.2947143467373915 -0.3566367321552012 -0.2947143467373915 -0.2947143467373915 -0.22078380026824607 -0.22618874609755887 -0.3566149851482373 -0.22078380026824607 -0.33174798498261754 -0.22618874609755887 -0.33174798498261754 -0.33174798498261754 -0.2947143467373915 -0.26799557647091005 -0.32850153711980784 -0.3279167391240345 -0.32588361851743025 -0.32590535242808044 -0.22078380026824607 -0.22618874609755887 -0.2925487189194621 -0.25707331640243947 -0.2758014086554708 -0.26036778966865715 -0.26711600683116205 -0.2640381955252211 -0.24253668982228258 -0.19790864421799786 -0.22105501156017307 -0.2089145651565945 -0.2068707654714029 -0.20525005054483897 -0.18051616427584133 -0.18315246518198733 -0.11719771357561985 -0.11719771357561985 -0.1670042698561103 -0.11719771357561985 -0.11719771357561985 -0.11719771357561985 -0.11719771357561985 -0.15209180674513348 -0.11371449382753211 -0.09216072937508359 -0.04980819128046272
-0.3847076117947752 -0.3847076117947752 -0.16459849722065942 -0.41726874366673383 -0.41726874366673383 -0.41726874366673383 -0.41726874366673383 -0.3847076117947752 -0.3847076117947752 -0.41726874366673383 -0.3847076117947752 -0.41726874366673383 -0.41726874366673383 -0.3847076117947752 -0.41726874366673383 -0.3847076117947752 -0.3928411552597623 -0.3847076117947752 -0.3847076117947752 -0.41726874366673383 -0.3847076117947752 -0.41726874366673383 -0.41726874366673383 -0.3847076117947752 -0.41726874366673383 -0.41726874366673383 -0.3847076117947752 -0.41726874366673383 -0.3847076117947752 -0.3928411552597623 -0.41726874366673383 -0.3928411552597623 -0.41726874366673383 -0.3928411552597623 -0.3847076117947752 -0.3928411552597623 -0.40578074987084933 -0.3928411552597623 -0.41726874366673383 -0.3928411552597623 -0.40537242653603583 -0.41726874366673383 -0.41726874366673383 -0.2947143467373915 -0.2947143467373915 -0.2947143467373915 -0.41726874366673383 -0.41726874366673383 -0.3860730738415956 -0.4118070516062815 -0.41726874366673383 -0.22078380026824607 -0.22078380026824607 -0.22618874609755887 -0.22618874609755887 -0.22078380026824607 -0.22618874609755887 -0.3800479192908373 -0.2947143467373915 -0.3761568046552068 -0.2947143467373915 -0.2947143467373915 -0.22078380026824607 -0.22618874609755887 -0.3566149851482373 -0.22078380026824607 -0.33174798498261754 -0.22618874609755887 -0.33174798498261754 -0.33174798498261754 -0.2947143467373915 -0.26799557647091005 -0.32850153711980784 -0.3279167391240345 -0.32588361851743025 -0.32590535242808044 -0.22078380026824607 -0.22618874609755887 -0.2925487189194621 -0.25707331640243947 -0.2758014086554708 -0.26036778966865715 -0.26711600683116205 -0.2640381955252211 -0.24253668982228258 -0.19790864421799786 -0.22105501156017307 -0.2089145651565945 -0.2068707654714029 -0.20525005054483897 -0.18051616427584133 -0.18315246518198733 -0.11719771357561985 -0.11719771357561985 -0.1670042698561103 -0.11719771357561985 -0.11719771357561985 -0.11719771357561985 -0.11719771357561985 -0.15209180674513348 -0.11371449382753211 -0.09216072937508359 -0.04980819128046272
-0.33174798498261754 -0.33174798498261754 -0.16459849722065942 -0.33174798498261754 -0.33174798498261754 -0.33174798498261754 -0.33174798498261754 -0.33174798498261754 -0.33174798498261754 -0.33174798498261754 -0.33174798498261754 -0.33174798498261754 -0.33174798498261754 -0.33174798498261754 -0.33174798498261754 -0.33174798498261754 -0.33174798498261754 -0.33174798498261754 -0.33174798498261754 -0.33174798498261754 -0.33174798498261754 -0.33174798498261754 -0.33174798498261754 -0.33174798498261754 -0.33174798498261754 -0.33174798498261754 -0.33174798498261754 -0.33174798498261754 -0.33174798498261754 -0.33174798498261754 -0.33174798498261754 -0.33174798498261754 -0.33174798498261754 -0.33174798498261754 -0.33174798498261754 -0.33174798498261754 -0.33174798498261754 -0.33174798498261754 -0.33174798498261754 -0.33174798498261754 -0.33174798498261754 -0.33174798498261754 -0.33174798498261754 -0.2947143467373915 -0.2947143467373915 -0.2947143467373915 -0.33174798498261754 -0.33174798498261754 -0.33174798498261754 -0.33174798498261754 -0.33174798498261754 -0.39987106448703974 -0.3985647869439271 -0.22618874609755887 -0.22618874609755887 -0.3962261054140923 -0.22618874609755887 -0.33174798498261754 -0.2947143467373915 -0.33174798498261754 -0.2947143467373915 -0.2947143467373915 -0.36490406223366606 -0.22618874609755887 -0.33174798498261754 -0.36285445551592693 -0.33174798498261754 -0.22618874609755887 -0.33174798498261754 -0.33174798498261754 -0.2947143467373915 -0.26799557647091005 -0.32850153711980784 -0.3279167391240345 -0.32588361851743025 -0.32590535242808044 -0.3164807568706218 -0.22618874609755887 -0.2925487189194621 -0.25707331640243947 -0.2758014086554708 -0.26036778966865715 -0.26711600683116205 -0.2640381955252211 -0.24253668982228258 -0.19790864421799786 -0.22105501156017307 -0.2089145651565945 -0.2068707654714029 -0.20525005054483897 -0.18051616427584133 -0.18315246518198733 -0.11719771357561985 -0.11719771357561985 -0.1670042698561103 -0.11719771357561985 -0.11719771357561985 -0.11719771357561985 -0.11719771357561985 -0.15209180674513348 -0.11371449382753211 -0.09216072937508359 -0.04980819128046272
-0.3985647869439271 -0.3985647869439271 -0.16459849722065942 -0.3847076117947752 -0.3847076117947752 -0.3847076117947752 -0.3847076117947752 -0.3985647869439271 -0.3985647869439271 -0.3847076117947752 -0.3985647869439271 -0.3847076117947752 -0.3847076117947752 -0.3985647869439271 -0.3847076117947752 -0.3985647869439271 -0.3847076117947752 -0.3985647869439271 -0.3985647869439271 -0.3847076117947752 -0.3985647869439271 -0.3847076117947752 -0.3847076117947752 -0.3985647869439271 -0.3847076117947752 -0.3847076117947752 -0.3985647869439271 -0.3847076117947752 -0.3985647869439271 -0.3847076117947752 -0.3847076117947752 -0.3847076117947752 -0.3847076117947752 -0.3847076117947752 -0.3985647869439271 -0.3847076117947752 -0.3847076117947752 -0.3847076117947752 -0.3847076117947752 -0.3847076117947752 -0.3847076117947752 -0.3847076117947752 -0.3847076117947752 -0.2947143467373915 -0.2947143467373915 -0.2947143467373915 -0.3847076117947752 -0.3847076117947752 -0.3847076117947752 -0.3847076117947752 -0.35886911377624076 -0.3985647869439271 -0.3985647869439271 -0.3126170928197672 -0.3126170928197672 -0.3962261054140923 -0.3126170928197672 -0.3800479192908373 -0.2947143467373915 -0.3566367321552012 -0.2947143467373915 -0.2947143467373915 -0.36490406223366606 -0.3646475191628703 -0.3566149851482373 -0.36285445551592693 -0.33174798498261754 -0.3126170928197672 -0.33174798498261754 -0.33174798498261754 -0.2947143467373915 -0.26799557647091005 -0.32850153711980784 -0.3279167391240345 -0.32588361851743025 -0.32590535242808044 -0.31136262254935854 -0.27678509035906107 -0.2925487189194621 -0.25707331640243947 -0.2758014086554708 -0.26036778966865715 -0.26711600683116205 -0.2640381955252211 -0.24253668982228258 -0.19790864421799786 -0.22105501156017307 -0.2089145651565945 -0.2068707654714029 -0.20525005054483897 -0.18051616427584133 -0.18315246518198733 -0.11719771357561985 -0.11719771357561985 -0.1670042698561103 -0.11719771357561985 -0.11719771357561985 -0.11719771357561985 -0.11719771357561985 -0.15209180674513348 -0.11371449382753211 -0.09216072937508359 -0.04980819128046272
-0.33174798498261754 -0.33174798498261754 -0.16459849722065942 -0.33174798498261754 -0.33174798498261754 -0.33174798498261754 -0.33174798498261754 -0.33174798498261754 -0.33174798498261754 -0.33174798498261754 -0.33174798498261754 -0.33174798498261754 -0.33174798498261754 -0.33174798498261754 -0.33174798498261754 -0.33174798498261754 -0.33174798498261754 -0.33174798498261754 -0.33174798498261754 -0.33174798498261754 -0.33174798498261754 -0.33174798498261754 -0.33174798498261754 -0.33174798498261754 -0.33174798498261754 -0.33174798498261754 -0.33174798498261754 -0.33174798498261754 -0.33174798498261754 -0.33174798498261754 -0.33174798498261754 -0.33174798498261754 -0.33174798498261754 -0.33174798498261754 -0.33174798498261754 -0.33174798498261754 -0.33174798498261754 -0.33174798498261754 -0.33174798498261754 -0.33174798498261754 -0.33174798498261754 -0.33174798498261754 -0.33174798498261754 -0.2947143467373915 -0.2947143467373915 -0.2947143467373915 -0.33174798498261754 -0.33174798498261754 -0.33174798498261754 -0.33174798498261754 -0.33174798498261754 -0.22078380026824607 -0.22078380026824607 -0.39794328982899213 -0.3975059367799276 -0.22078380026824607 -0.39388650996950597 -0.33174798498261754 -0.2947143467373915 -0.33174798498261754 -0.2947143467373915 -0.2947143467373915 -0.22078380026824607 -0.3646475191628703 -0.33174798498261754 -0.22078380026824607 -0.33174798498261754 -0.36007506964437136 -0.33174798498261754 -0.33174798498261754 -0.2947143467373915 -0.26799557647091005 -0.32850153711980784 -0.3279167391240345 -0.32588361851743025 -0.32590535242808044 -0.22078380026824607 -0.31430875962085636 -0.2925487189194621 -0.25707331640243947 -0.2758014086554708 -0.26036778966865715 -0.26711600683116205 -0.2640381955252211 -0.24253668982228258 -0.19790864421799786 -0.22105501156017307 -0.2089145651565945 -0.2068707654714029 -0.20525005054483897 -0.18051616427584133 -0.18315246518198733 -0.11719771357561985 -0.11719771357561985 -0.1670042698561103 -0.11719771357561985 -0.11719771357561985 -0.11719771357561985 -0.11719771357561985 -0.15209180674513348 -0.11371449382753211 -0.09216072937508359 -0.04980819128046272
-0.3975059367799276 -0.3975059367799276 -0.16459849722065942 -0.3847076117947752 -0.3847076117947752 -0.3847076117947752 -0.3847076117947752 -0.3975059367799276 -0.3975059367799276 -0.3847076117947752 -0.3975059367799276 -0.3847076117947752 -0.3847076117947752 -0.3975059367799276 -0.3847076117947752 -0.3975059367799276 -0.3847076117947752 -0.3975059367799276 -0.3975059367799276 -0.3847076117947752 -0.3975059367799276 -0.3847076117947752 -0.3847076117947752 -0.3975059367799276 -0.3847076117947752 -0.3847076117947752 -0.3975059367799276 -0.3847076117947752 -0.3975059367799276 -0.3847076117947752 -0.3847076117947752 -0.3847076117947752 -0.3847076117947752 -0.3847076117947752 -0.3975059367799276 -0.3847076117947752 -0.3847076117947752 -0.3847076117947752 -0.3847076117947752 -0.3847076117947752 -0.3847076117947752 -0.3847076117947752 -0.3847076117947752 -0.2947143467373915 -0.2947143467373915 -0.2947143467373915 -0.3847076117947752 -0.3847076117947752 -0.3847076117947752 -0.3847076117947752 -0.35886911377624076 -0.2990426254802744 -0.36354579993267166 -0.3975059367799276 -0.3975059367799276 -0.2990426254802744 -0.39388650996950597 -0.3800479192908373 -0.2947143467373915 -0.3566367321552012 -0.2947143467373915 -0.2947143467373915 -0.36490406223366606 -0.3646475191628703 -0.3566149851482373 -0.2990426254802744 -0.33174798498261754 -0.36007506964437136 -0.33174798498261754 -0.33174798498261754 -0.2947143467373915 -0.26799557647091005 -0.32850153711980784 -0.3279167391240345 -0.32588361851743025 -0.32590535242808044 -0.2990426254802744 -0.27678509035906107 -0.2925487189194621 -0.25707331640243947 -0.2758014086554708 -0.26036778966865715 -0.26711600683116205 -0.2640381955252211 -0.24253668982228258 -0.19790864421799786 -0.22105501156017307 -0.2089145651565945 -0.2068707654714029 -0.20525005054483897 -0.18051616427584133 -0.18315246518198733 -0.11719771357561985 -0.11719771357561985 -0.1670042698561103 -0.11719771357561985 -0.11719771357561985 -0.11719771357561985 -0.11719771357561985 -0.15209180674513348 -0.11371449382753211 -0.09216072937508359 -0.04980819128046272
-0.24253668982228258 -0.24253668982228258 -0.16459849722065942 -0.24253668982228258 -0.24253668982228258 -0.24253668982228258 -0.24253668982228258 -0.24253668982228258 -0.24253668982228258 -0.24253668982228258 -0.24253668982228258 -0.24253668982228258 -0.24253668982228258 -0.24253668982228258 -0.24253668982228258 -0.24253668982228258 -0.24253668982228258 -0.24253668982228258 -0.24253668982228258 -0.24253668982228258 -0.24253668982228258 -0.24253668982228258 -0.24253668982228258 -0.24253668982228258 -0.24253668982228258 -0.24253668982228258 -0.24253668982228258 -0.24253668982228258 -0.24253668982228258 -0.24253668982228258 -0.24253668982228258 -0.24253668982228258 -0.24253668982228258 -0.24253668982228258 -0.24253668982228258 -0.24253668982228258 -0.24253668982228258 -0.24253668982228258 -0.24253668982228258 -0.24253668982228258 -0.24253668982228258 -0.24253668982228258 -0.24253668982228258 -0.24253668982228258 -0.24253668982228258 -0.24253668982228258 -0.24253668982228258 -0.24253668982228258 -0.24253668982228258 -0.24253668982228258 -0.24253668982228258 -0.3962261054140923 -0.3962261054140923 -0.22618874609755887 -0.22618874609755887 -0.3962261054140923 -0.22618874609755887 -0.24253668982228258 -0.24253668982228258 -0.24253668982228258 -0.24253668982228258 -0.24253668982228258 -0.36490406223366606 -0.22618874609755887 -0.24253668982228258 -0.36285445551592693 -0.24253668982228258 -0.22618874609755887 -0.24253668982228258 -0.24253668982228258 -0.24253668982228258 -0.24253668982228258 -0.24253668982228258 -0.24253668982228258 -0.24253668982228258 -0.24253668982228258 -0.3164807568706218 -0.22618874609755887 -0.24253668982228258 -0.24253668982228258 -0.24253668982228258 -0.24253668982228258 -0.24253668982228258 -0.24253668982228258 -0.24253668982228258 -0.19790864421799786 -0.22105501156017307 -0.2089145651565945 -0.2068707654714029 -0.20525005054483897 -0.18051616427584133 -0.18315246518198733 -0.11719771357561985 -0.11719771357561985 -0.1670042698561103 -0.11719771357561985 -0.11719771357561985 -0.11719771357561985 -0.11719771357561985 -0.15209180674513348 -0.11371449382753211 -0.09216072937508359 -0.04980819128046272
-0.22618874609755887 -0.22618874609755887 -0.16459849722065942 -0.22618874609755887 -0.22618874609755887 -0.22618874609755887 -0.22618874609755887 -0.22618874609755887 -0.22618874609755887 -0.22618874609755887 -0.22618874609755887 -0.22618874609755887 -0.22618874609755887 -0.22618874609755887 -0.22618874609755887 -0.22618874609755887 -0.22618874609755887 -0.22618874609755887 -0.22618874609755887 -0.22618874609755887 -0.22618874609755887 -0.22618874609755887 -0.22618874609755887 -0.22618874609755887 -0.22618874609755887 -0.22618874609755887 -0.22618874609755887 -0.22618874609755887 -0.22618874609755887 -0.22618874609755887 -0.22618874609755887 -0.22618874609755887 -0.22618874609755887 -0.22618874609755887 -0.22618874609755887 -0.22618874609755887 -0.22618874609755887 -0.22618874609755887 -0.22618874609755887 -0.22618874609755887 -0.22618874609755887 -0.22618874609755887 -0.22618874609755887 -0.22618874609755887 -0.22618874609755887 -0.22618874609755887 -0.22618874609755887 -0.22618874609755887 -0.22618874609755887 -0.22618874609755887 -0.22618874609755887 -0.22078380026824607 -0.22078380026824607 -0.39388650996950597 -0.39388650996950597 -0.22078380026824607 -0.39388650996950597 -0.22618874609755887 -0.22618874609755887 -0.22618874609755887 -0.22618874609755887 -0.22618874609755887 -0.22078380026824607 -0.3646475191628703 -0.22618874609755887 -0.22078380026824607 -0.22618874609755887 -0.36007506964437136 -0.22618874609755887 -0.22618874609755887 -0.22618874609755887 -0.22618874609755887 -0.22618874609755887 -0.22618874609755887 -0.22618874609755887 -0.22618874609755887 -0.22078380026824607 -0.31430875962085636 -0.22618874609755887 -0.22618874609755887 -0.22618874609755887 -0.22618874609755887 -0.22618874609755887 -0.22618874609755887 -0.22618874609755887 -0.19790864421799786 -0.22105501156017307 -0.2089145651565945 -0.2068707654714029 -0.20525005054483897 -0.18051616427584133 -0.18315246518198733 -0.11719771357561985 -0.11719771357561985 -0.1670042698561103 -0.11719771357561985 -0.11719771357561985 -0.11719771357561985 -0.11719771357561985 -0.15209180674513348 -0.11371449382753211 -0.09216072937508359 -0.04980819128046272
-0.38400794248356807 -0.38400794248356807 -0.16459849722065942 -0.38400794248356807 -0.38400794248356807 -0.38400794248356807 -0.38400794248356807 -0.38400794248356807 -0.38400794248356807 -0.38400794248356807 -0.38400794248356807 -0.38400794248356807 -0.38400794248356807 -0.38400794248356807 -0.38400794248356807 -0.38400794248356807 -0.38400794248356807 -0.38400794248356807 -0.38400794248356807 -0.38400794248356807 -0.38400794248356807 -0.38400794248356807 -0.38400794248356807 -0.38400794248356807 -0.38400794248356807 -0.38400794248356807 -0.38400794248356807 -0.38400794248356807 -0.38400794248356807 -0.38400794248356807 -0.38400794248356807 -0.38400794248356807 -0.38400794248356807 -0.38400794248356807 -0.38400794248356807 -0.38400794248356807 -0.38400794248356807 -0.38400794248356807 -0.38400794248356807 -0.38400794248356807 -0.38400794248356807 -0.38400794248356807 -0.38400794248356807 -0.2947143467373915 -0.2947143467373915 -0.2947143467373915 -0.38400794248356807 -0.38400794248356807 -0.38400794248356807 -0.38400794248356807 -0.35886911377624076 -0.22078380026824607 -0.22078380026824607 -0.22618874609755887 -0.22618874609755887 -0.22078380026824607 -0.22618874609755887 -0.38400794248356807 -0.2947143467373915 -0.3566367321552012 -0.2947143467373915 -0.2947143467373915 -0.22078380026824607 -0.22618874609755887 -0.3566149851482373 -0.22078380026824607 -0.33174798498261754 -0.22618874609755887 -0.33174798498261754 -0.33174798498261754 -0.2947143467373915 -0.26799557647091005 -0.32850153711980784 -0.3279167391240345 -0.32588361851743025 -0.32590535242808044 -0.22078380026824607 -0.22618874609755887 -0.3002614476800689 -0.25707331640243947 -0.2887154695128442 -0.26036778966865715 -0.2733775625332652 -0.2640381955252211 -0.24253668982228258 -0.19790864421799786 -0.22105501156017307 -0.2089145651565945 -0.2068707654714029 -0.20525005054483897 -0.18051616427584133 -0.18315246518198733 -0.11719771357561985 -0.11719771357561985 -0.1670042698561103 -0.11719771357561985 -0.11719771357561985 -0.11719771357561985 -0.11719771357561985 -0.15209180674513348 -0.11371449382753211 -0.09216072937508359 -0.04980819128046272
-0.2947143467373915 -0.2947143467373915 -0.16459849722065942 -0.2947143467373915 -0.2947143467373915 -0.2947143467373915 -0.2947143467373915 -0.2947143467373915 -0.2947143467373915 -0.2947143467373915 -0.2947143467373915 -0.2947143467373915 -0.2947143467373915 -0.2947143467373915 -0.2947143467373915 -0.2947143467373915 -0.2947143467373915 -0.2947143467373915 -0.2947143467373915 -0.2947143467373915 -0.2947143467373915 -0.2947143467373915 -0.2947143467373915 -0.2947143467373915 -0.2947143467373915 -0.2947143467373915 -0.2947143467373915 -0.2947143467373915 -0.2947143467373915 -0.2947143467373915 -0.2947143467373915 -0.2947143467373915 -0.2947143467373915 -0.2947143467373915 -0.2947143467373915 -0.2947143467373915 -0.2947143467373915 -0.2947143467373915 -0.2947143467373915 -0.2947143467373915 -0.2947143467373915 -0.2947143467373915 -0.2947143467373915 -0.3797612731802864 -0.3797612731802864 -0.3797612731802864 -0.2947143467373915 -0.2947143467373915 -0.2947143467373915 -0.2947143467373915 -0.2947143467373915 -0.22078380026824607 -0.22078380026824607 -0.22618874609755887 -0.22618874609755887 -0.22078380026824607 -0.22618874609755887 -0.2947143467373915 -0.3797612731802864 -0.2947143467373915 -0.3735062886413965 -0.3578191782974658 -0.22078380026824607 -0.22618874609755887 -0.2947143467373915 -0.22078380026824607 -0.2947143467373915 -0.22618874609755887 -0.2947143467373915 -0.2947143467373915 -0.3414925193531625 -0.26799557647091005 -0.2947143467373915 -0.2947143467373915 -0.2947143467373915 -0.2947143467373915 -0.22078380026824607 -0.22618874609755887 -0.2925487189194621 -0.25707331640243947 -0.2758014086554708 -0.26036778966865715 -0.26711600683116205 -0.2640381955252211 -0.24253668982228258 -0.19790864421799786 -0.22105501156017307 -0.2089145651565945 -0.2068707654714029 -0.20525005054483897 -0.18051616427584133 -0.18315246518198733 -0.11719771357561985 -0.11719771357561985 -0.1670042698561103 -0.11719771357561985 -0.11719771357561985 -0.11719771357561985 -0.11719771357561985 -0.15209180674513348 -0.11371449382753211 -0.09216072937508359 -0.04980819128046272
-0.35886911377624076 -0.35886911377624076 -0.16459849722065942 -0.35886911377624076 -0.35886911377624076 -0.35886911377624076 -0.35886911377624076 -0.35886911377624076 -0.35886911377624076 -0.35886911377624076 -0.35886911377624076 -0.35886911377624076 -0.35886911377624076 -0.35886911377624076 -0.35886911377624076 -0.35886911377624076 -0.35886911377624076 -0.35886911377624076 -0.35886911377624076 -0.35886911377624076 -0.35886911377624076 -0.35886911377624076 -0.35886911377624076 -0.35886911377624076 -0.35886911377624076 -0.35886911377624076 -0.35886911377624076 -0.35886911377624076 -0.35886911377624076 -0.35886911377624076 -0.35886911377624076 -0.35886911377624076 -0.35886911377624076 -0.35886911377624076 -0.35886911377624076 -0.35886911377624076 -0.35886911377624076 -0.35886911377624076 -0.35886911377624076 -0.35886911377624076 -0.35886911377624076 -0.35886911377624076 -0.35886911377624076 -0.2947143467373915 -0.2947143467373915 -0.2947143467373915 -0.35886911377624076 -0.35886911377624076 -0.35886911377624076 -0.35886911377624076 -0.3761568046552068 -0.22078380026824607 -0.22078380026824607 -0.22618874609755887 -0.22618874609755887 -0.22078380026824607 -0.22618874609755887 -0.35886911377624076 -0.2947143467373915 -0.3761568046552068 -0.2947143467373915 -0.2947143467373915 -0.22078380026824607 -0.22618874609755887 -0.36394535516574844 -0.22078380026824607 -0.33174798498261754 -0.22618874609755887 -0.33174798498261754 -0.33174798498261754 -0.2947143467373915 -0.26799557647091005 -0.32850153711980784 -0.3279167391240345 -0.32588361851743025 -0.32590535242808044 -0.22078380026824607 -0.22618874609755887 -0.2925487189194621 -0.25707331640243947 -0.2758014086554708 -0.26036778966865715 -0.26711600683116205 -0.2640381955252211 -0.24253668982228258 -0.19790864421799786 -0.22105501156017307 -0.2089145651565945 -0.2068707654714029 -0.20525005054483897 -0.18051616427584133 -0.18315246518198733 -0.11719771357561985 -0.11719771357561985 -0.1670042698561103 -0.11719771357561985 -0.11719771357561985 -0.11719771357561985 -0.11719771357561985 -0.15209180674513348 -0.11371449382753211 -0.09216072937508359 -0.04980819128046272
-0.2947143467373915 -0.2947143467373915 -0.16459849722065942 -0.2947143467373915 -0.2947143467373915 -0.2947143467373915 -0.2947143467373915 -0.2947143467373915 -0.2947143467373915 -0.2947143467373915 -0.2947143467373915 -0.2947143467373915 -0.2947143467373915 -0.2947143467373915 -0.2947143467373915 -0.2947143467373915 -0.2947143467373915 -0.2947143467373915 -0.2947143467373915 -0.2947143467373915 -0.2947143467373915 -0.2947143467373915 -0.2947143467373915 -0.2947143467373915 -0.2947143467373915 -0.2947143467373915 -0.2947143467373915 -0.2947143467373915 -0.2947143467373915 -0.2947143467373915 -0.2947143467373915 -0.2947143467373915 -0.2947143467373915 -0.2947143467373915 -0.2947143467373915 -0.2947143467373915 -0.2947143467373915 -0.2947143467373915 -0.2947143467373915 -0.2947143467373915 -0.2947143467373915 -0.2947143467373915 -0.2947143467373915 -0.3735062886413965 -0.3735062886413965 -0.3735062886413965 -0.2947143467373915 -0.2947143467373915 -0.2947143467373915 -0.2947143467373915 -0.2947143467373915 -0.22078380026824607 -0.22078380026824607 -0.22618874609755887 -0.22618874609755887 -0.22078380026824607 -0.22618874609755887 -0.2947143467373915 -0.3735062886413965 -0.2947143467373915 -0.3735062886413965 -0.3578191782974658 -0.22078380026824607 -0.22618874609755887 -0.2947143467373915 -0.22078380026824607 -0.2947143467373915 -0.22618874609755887 -0.2947143467373915 -0.2947143467373915 -0.3420942867585612 -0.26799557647091005 -0.2947143467373915 -0.2947143467373915 -0.2947143467373915 -0.2947143467373915 -0.22078380026824607 -0.22618874609755887 -0.2925487189194621 -0.25707331640243947 -0.2758014086554708 -0.26036778966865715 -0.26711600683116205 -0.2640381955252211 -0.24253668982228258 -0.19790864421799786 -0.22105501156017307 -0.2089145651565945 -0.2068707654714029 -0.20525005054483897 -0.18051616427584133 -0.18315246518198733 -0.11719771357561985 -0.11719771357561985 -0.1670042698561103 -0.11719771357561985 -0.11719771357561985 -0.11719771357561985 -0.11719771357561985 -0.15209180674513348 -0.11371449382753211 -0.09216072937508359 -0.04980819128046272
-0.2947143467373915 -0.2947143467373915 -0.16459849722065942 -0.2947143467373915 -0.2947143467373915 -0.2947143467373915 -0.2947143467373915 -0.2947143467373915 -0.2947143467373915 -0.2947143467373915 -0.2947143467373915 -0.2947143467373915 -0.2947143467373915 -0.2947143467373915 -0.2947143467373915 -0.2947143467373915 -0.2947143467373915 -0.2947143467373915 -0.2947143467373915 -0.2947143467373915 -0.2947143467373915 -0.2947143467373915 -0.2947143467373915 -0.2947143467373915 -0.2947143467373915 -0.2947143467373915 -0.2947143467373915 -0.2947143467373915 -0.2947143467373915 -0.2947143467373915 -0.2947143467373915 -0.2947143467373915 -0.2947143467373915 -0.2947143467373915 -0.2947143467373915 -0.2947143467373915 -0.2947143467373915 -0.2947143467373915 -0.2947143467373915 -0.2947143467373915 -0.2947143467373915 -0.2947143467373915 -0.2947143467373915 -0.36754935437560693 -0.36754935437560693 -0.36754935437560693 -0.2947143467373915 -0.2947143467373915 -0.2947143467373915 -0.2947143467373915 -0.2947143467373915 -0.22078380026824607 -0.22078380026824607 -0.22618874609755887 -0.22618874609755887 -0.22078380026824607 -0.22618874609755887 -0.2947143467373915 -0.3559803904705271 -0.2947143467373915 -0.3559803904705271 -0.36754935437560693 -0.22078380026824607 -0.22618874609755887 -0.2947143467373915 -0.22078380026824607 -0.2947143467373915 -0.22618874609755887 -0.2947143467373915 -0.2947143467373915 -0.3414925193531625 -0.26799557647091005 -0.2947143467373915 -0.2947143467373915 -0.2947143467373915 -0.2947143467373915 -0.22078380026824607 -0.22618874609755887 -0.2925487189194621 -0.25707331640243947 -0.2758014086554708 -0.26036778966865715 -0.26711600683116205 -0.2640381955252211 -0.24253668982228258 -0.19790864421799786 -0.22105501156017307 -0.2089145651565945 -0.2068707654714029 -0.20525005054483897 -0.18051616427584133 -0.18315246518198733 -0.11719771357561985 -0.11719771357561985 -0.1670042698561103 -0.11719771357561985 -0.11719771357561985 -0.11719771357561985 -0.11719771357561985 -0.15209180674513348 -0.11371449382753211 -0.09216072937508359 -0.04980819128046272
-0.36490406223366606 -0.36490406223366606 -0.16459849722065942 -0.36490406223366606 -0.36490406223366606 -0.36490406223366606 -0.36490406223366606 -0.36490406223366606 -0.36490406223366606 -0.36490406223366606 -0.36490406223366606 -0.36490406223366606 -0.36490406223366606 -0.36490406223366606 -0.36490406223366606 -0.36490406223366606 -0.36490406223366606 -0.36490406223366606 -0.36490406223366606 -0.36490406223366606 -0.36490406223366606 -0.36490406223366606 -0.36490406223366606 -0.36490406223366606 -0.36490406223366606 -0.36490406223366606 -0.36490406223366606 -0.36490406223366606 -0.36490406223366606 -0.36490406223366606 -0.36490406223366606 -0.36490406223366606 -0.36490406223366606 -0.36490406223366606 -0.36490406223366606 -0.36490406223366606 -0.36490406223366606 -0.36490406223366606 -0.36490406223366606 -0.36490406223366606 -0.36490406223366606 -0.36490406223366606 -0.36490406223366606 -0.2947143467373915 -0.2947143467373915 -0.2947143467373915 -0.36490406223366606 -0.36490406223366606 -0.36490406223366606 -0.36490406223366606 -0.35886911377624076 -0.36490406223366606 -0.36490406223366606 -0.34259520108442476 -0.36490406223366606 -0.36490406223366606 -0.32355901783315955 -0.36490406223366606 -0.2947143467373915 -0.3566367321552012 -0.2947143467373915 -0.2947143467373915 -0.36490406223366606 -0.3646475191628703 -0.3566149851482373 -0.36285445551592693 -0.33174798498261754 -0.32355901783315955 -0.33174798498261754 -0.33174798498261754 -0.2947143467373915 -0.26799557647091005 -0.32850153711980784 -0.3279167391240345 -0.32588361851743025 -0.32590535242808044 -0.31136262254935854 -0.27678509035906107 -0.2925487189194621 -0.25707331640243947 -0.2758014086554708 -0.26036778966865715 -0.26711600683116205 -0.2640381955252211 -0.24253668982228258 -0.19790864421799786 -0.22105501156017307 -0.2089145651565945 -0.2068707654714029 -0.20525005054483897 -0.18051616427584133 -0.18315246518198733 -0.11719771357561985 -0.11719771357561985 -0.1670042698561103 -0.11719771357561985 -0.11719771357561985 -0.11719771357561985 -0.11719771357561985 -0.15209180674513348 -0.11371449382753211 -0.09216072937508359 -0.04980819128046272
-0.3646475191628703 -0.3646475191628703 -0.16459849722065942 -0.3646475191628703 -0.3646475191628703 -0.3646475191628703 -0.3646475191628703 -0.3646475191628703 -0.3646475191628703 -0.3646475191628703 -0.3646475191628703 -0.3646475191628703 -0.3646475191628703 -0.3646475191628703 -0.3646475191628703 -0.3646475191628703 -0.3646475191628703 -0.3646475191628703 -0.3646475191628703 -0.3646475191628703 -0.3646475191628703 -0.3646475191628703 -0.3646475191628703 -0.3646475191628703 -0.3646475191628703 -0.3646475191628703 -0.3646475191628703 -0.3646475191628703 -0.3646475191628703 -0.3646475191628703 -0.3646475191628703 -0.3646475191628703 -0.3646475191628703 -0.3646475191628703 -0.3646475191628703 -0.3646475191628703 -0.3646475191628703 -0.3646475191628703 -0.3646475191628703 -0.3646475191628703 -0.3646475191628703 -0.3646475191628703 -0.3646475191628703 -0.2947143467373915 -0.2947143467373915 -0.2947143467373915 -0.3646475191628703 -0.3646475191628703 -0.3646475191628703 -0.3646475191628703 -0.35886911377624076 -0.2990426254802744 -0.3646475191628703 -0.3646475191628703 -0.3646475191628703 -0.2990426254802744 -0.3646475191628703 -0.3646475191628703 -0.2947143467373915 -0.3566367321552012 -0.2947143467373915 -0.2947143467373915 -0.3646475191628703 -0.3646475191628703 -0.3566149851482373 -0.2990426254802744 -0.33174798498261754 -0.36007506964437136 -0.33174798498261754 -0.33174798498261754 -0.2947143467373915 -0.26799557647091005 -0.32850153711980784 -0.3279167391240345 -0.32588361851743025 -0.32590535242808044 -0.2990426254802744 -0.27678509035906107 -0.2925487189194621 -0.25707331640243947 -0.2758014086554708 -0.26036778966865715 -0.26711600683116205 -0.2640381955252211 -0.24253668982228258 -0.19790864421799786 -0.22105501156017307 -0.2089145651565945 -0.2068707654714029 -0.20525005054483897 -0.18051616427584133 -0.18315246518198733 -0.11719771357561985 -0.11719771357561985 -0.1670042698561103 -0.11719771357561985 -0.11719771357561985 -0.11719771357561985 -0.11719771357561985 -0.15209180674513348 -0.11371449382753211 -0.09216072937508359 -0.04980819128046272
-0.3566367321552012 -0.3566367321552012 -0.16459849722065942 -0.3566367321552012 -0.3566367321552012 -0.3566367321552012 -0.3566367321552012 -0.3566367321552012 -0.3566367321552012 -0.3566367321552012 -0.3566367321552012 -0.3566367321552012 -0.3566367321552012 -0.3566367321552012 -0.3566367321552012 -0.3566367321552012 -0.3566367321552012 -0.3566367321552012 -0.3566367321552012 -0.3566367321552012 -0.3566367321552012 -0.3566367321552012 -0.3566367321552012 -0.3566367321552012 -0.3566367321552012 -0.3566367321552012 -0.3566367321552012 -0.3566367321552012 -0.3566367321552012 -0.3566367321552012 -0.3566367321552012 -0.3566367321552012 -0.3566367321552012 -0.3566367321552012 -0.3566367321552012 -0.3566367321552012 -0.3566367321552012 -0.3566367321552012 -0.3566367321552012 -0.3566367321552012 -0.3566367321552012 -0.3566367321552012 -0.3566367321552012 -0.2947143467373915 -0.2947143467373915 -0.2947143467373915 -0.3566367321552012 -0.3566367321552012 -0.3566367321552012 -0.3566367321552012 -0.3566367321552012 -0.22078380026824607 -0.22078380026824607 -0.22618874609755887 -0.22618874609755887 -0.22078380026824607 -0.22618874609755887 -0.3566367321552012 -0.2947143467373915 -0.36394535516574844 -0.2947143467373915 -0.2947143467373915 -0.22078380026824607 -0.22618874609755887 -0.36394535516574844 -0.22078380026824607 -0.33174798498261754 -0.22618874609755887 -0.33174798498261754 -0.33174798498261754 -0.2947143467373915 -0.26799557647091005 -0.32850153711980784 -0.3279167391240345 -0.32588361851743025 -0.32590535242808044 -0.22078380026824607 -0.22618874609755887 -0.2925487189194621 -0.25707331640243947 -0.2758014086554708 -0.26036778966865715 -0.26711600683116205 -0.2640381955252211 -0.24253668982228258 -0.19790864421799786 -0.22105501156017307 -0.2089145651565945 -0.2068707654714029 -0.20525005054483897 -0.18051616427584133 -0.18315246518198733 -0.11719771357561985 -0.11719771357561985 -0.1670042698561103 -0.11719771357561985 -0.11719771357561985 -0.11719771357561985 -0.11719771357561985 -0.15209180674513348 -0.11371449382753211 -0.09216072937508359 -0.04980819128046272
-0.22078380026824607 -0.22078380026824607 -0.16459849722065942 -0.22078380026824607 -0.22078380026824607 -0.22078380026824607 -0.22078380026824607 -0.22078380026824607 -0.22078380026824607 -0.22078380026824607 -0.22078380026824607 -0.22078380026824607 -0.22078380026824607 -0.22078380026824607 -0.22078380026824607 -0.22078380026824607 -0.22078380026824607 -0.22078380026824607 -0.22078380026824607 -0.22078380026824607 -0.22078380026824607 -0.22078380026824607 -0.22078380026824607 -0.22078380026824607 -0.22078380026824607 -0.22078380026824607 -0.22078380026824607 -0.22078380026824607 -0.22078380026824607 -0.22078380026824607 -0.22078380026824607 -0.22078380026824607 -0.22078380026824607 -0.22078380026824607 -0.22078380026824607 -0.22078380026824607 -0.22078380026824607 -0.22078380026824607 -0.22078380026824607 -0.22078380026824607 -0.22078380026824607 -0.22078380026824607 -0.22078380026824607 -0.22078380026824607 -0.22078380026824607 -0.22078380026824607 -0.22078380026824607 -0.22078380026824607 -0.22078380026824607 -0.22078380026824607 -0.22078380026824607 -0.36285445551592693 -0.36285445551592693 -0.22078380026824607 -0.22078380026824607 -0.36285445551592693 -0.22078380026824607 -0.22078380026824607 -0.22078380026824607 -0.22078380026824607 -0.22078380026824607 -0.22078380026824607 -0.36285445551592693 -0.22078380026824607 -0.22078380026824607 -0.36285445551592693 -0.22078380026824607 -0.22078380026824607 -0.22078380026824607 -0.22078380026824607 -0.22078380026824607 -0.22078380026824607 -0.22078380026824607 -0.22078380026824607 -0.22078380026824607 -0.22078380026824607 -0.3164807568706218 -0.22078380026824607 -0.22078380026824607 -0.22078380026824607 -0.22078380026824607 -0.22078380026824607 -0.22078380026824607 -0.22078380026824607 -0.22078380026824607 -0.19790864421799786 -0.22078380026824607 -0.2089145651565945 -0.2068707654714029 -0.20525005054483897 -0.18051616427584133 -0.18315246518198733 -0.11719771357561985 -0.11719771357561985 -0.1670042698561103 -0.11719771357561985 -0.11719771357561985 -0.11719771357561985 -0.11719771357561985 -0.15209180674513348 -0.11371449382753211 -0.09216072937508359 -0.04980819128046272
-0.3603983392226154 -0.3603983392226154 -0.16459849722065942 -0.3603983392226154 -0.3603983392226154 -0.3603983392226154 -0.3603983392226154 -0.3603983392226154 -0.3603983392226154 -0.3603983392226154 -0.3603983392226154 -0.3603983392226154 -0.3603983392226154 -0.3603983392226154 -0.3603983392226154 -0.3603983392226154 -0.3603983392226154 -0.3603983392226154 -0.3603983392226154 -0.3603983392226154 -0.3603983392226154 -0.3603983392226154 -0.3603983392226154 -0.3603983392226154 -0.3603983392226154 -0.3603983392226154 -0.3603983392226154 -0.3603983392226154 -0.3603983392226154 -0.3603983392226154 -0.3603983392226154 -0.3603983392226154 -0.3603983392226154 -0.3603983392226154 -0.3603983392226154 -0.3603983392226154 -0.3603983392226154 -0.3603983392226154 -0.3603983392226154 -0.3603983392226154 -0.3603983392226154 -0.3603983392226154 -0.3603983392226154 -0.2947143467373915 -0.2947143467373915 -0.2947143467373915 -0.3603983392226154 -0.3603983392226154 -0.3603983392226154 -0.3603983392226154 -0.35886911377624076 -0.22078380026824607 -0.22078380026824607 -0.22618874609755887 -0.22618874609755887 -0.22078380026824607 -0.22618874609755887 -0.3603983392226154 -0.2947143467373915 -0.3566367321552012 -0.2947143467373915 -0.2947143467373915 -0.22078380026824607 -0.22618874609755887 -0.3566149851482373 -0.22078380026824607 -0.3603983392226154 -0.22618874609755887 -0.35980436772295415 -0.3471176028617687 -0.2947143467373915 -0.26799557647091005 -0.32850153711980784 -0.3279167391240345 -0.32588361851743025 -0.32590535242808044 -0.22078380026824607 -0.22618874609755887 -0.2925487189194621 -0.25707331640243947 -0.2758014086554708 -0.26036778966865715 -0.26711600683116205 -0.2640381955252211 -0.24253668982228258 -0.19790864421799786 -0.22105501156017307 -0.2089145651565945 -0.2068707654714029 -0.20525005054483897 -0.18051616427584133 -0.18315246518198733 -0.11719771357561985 -0.11719771357561985 -0.1670042698561103 -0.11719771357561985 -0.11719771357561985 -0.11719771357561985 -0.11719771357561985 -0.15209180674513348 -0.11371449382753211 -0.09216072937508359 -0.04980819128046272
-0.22618874609755887 -0.22618874609755887 -0.16459849722065942 -0.22618874609755887 -0.22618874609755887 -0.22618874609755887 -0.22618874609755887 -0.22618874609755887 -0.22618874609755887 -0.22618874609755887 -0.22618874609755887 -0.22618874609755887 -0.22618874609755887 -0.22618874609755887 -0.22618874609755887 -0.22618874609755887 -0.22618874609755887 -0.22618874609755887 -0.22618874609755887 -0.22618874609755887 -0.22618874609755887 -0.22618874609755887 -0.22618874609755887 -0.22618874609755887 -0.22618874609755887 -0.22618874609755887 -0.22618874609755887 -0.22618874609755887 -0.22618874609755887 -0.22618874609755887 -0.22618874609755887 -0.22618874609755887 -0.22618874609755887 -0.22618874609755887 -0.22618874609755887 -0.22618874609755887 -0.22618874609755887 -0.22618874609755887 -0.22618874609755887 -0.22618874609755887 -0.22618874609755887 -0.22618874609755887 -0.22618874609755887 -0.22618874609755887 -0.22618874609755887 -0.22618874609755887 -0.22618874609755887 -0.22618874609755887 -0.22618874609755887 -0.22618874609755887 -0.22618874609755887 -0.22078380026824607 -0.22078380026824607 -0.36007506964437136 -0.36007506964437136 -0.22078380026824607 -0.36007506964437136 -0.22618874609755887 -0.22618874609755887 -0.22618874609755887 -0.22618874609755887 -0.22618874609755887 -0.22078380026824607 -0.36007506964437136 -0.22618874609755887 -0.22078380026824607 -0.22618874609755887 -0.36007506964437136 -0.22618874609755887 -0.22618874609755887 -0.22618874609755887 -0.22618874609755887 -0.22618874609755887 -0.22618874609755887 -0.22618874609755887 -0.22618874609755887 -0.22078380026824607 -0.31430875962085636 -0.22618874609755887 -0.22618874609755887 -0.22618874609755887 -0.22618874609755887 -0.22618874609755887 -0.22618874609755887 -0.22618874609755887 -0.23291524448942622 -0.22105501156017307 -0.2089145651565945 -0.2068707654714029 -0.20525005054483897 -0.19425117089987065 -0.18315246518198733 -0.11719771357561985 -0.11719771357561985 -0.1670042698561103 -0.11719771357561985 -0.11719771357561985 -0.11719771357561985 -0.11719771357561985 -0.15209180674513348 -0.11371449382753211 -0.09216072937508359 -0.04980819128046272
-0.35980436772295415 -0.35980436772295415 -0.16459849722065942 -0.35980436772295415 -0.35980436772295415 -0.35980436772295415 -0.35980436772295415 -0.35980436772295415 -0.35980436772295415 -0.35980436772295415 -0.35980436772295415 -0.35980436772295415 -0.35980436772295415 -0.35980436772295415 -0.35980436772295415 -0.35980436772295415 -0.35980436772295415 -0.35980436772295415 -0.35980436772295415 -0.35980436772295415 -0.35980436772295415 -0.35980436772295415 -0.35980436772295415 -0.35980436772295415 -0.35980436772295415 -0.35980436772295415 -0.35980436772295415 -0.35980436772295415 -0.35980436772295415 -0.35980436772295415 -0.35980436772295415 -0.35980436772295415 -0.35980436772295415 -0.35980436772295415 -0.35980436772295415 -0.35980436772295415 -0.35980436772295415 -0.35980436772295415 -0.35980436772295415 -0.35980436772295415 -0.35980436772295415 -0.35980436772295415 -0.35980436772295415 -0.2947143467373915 -0.2947143467373915 -0.2947143467373915 -0.35980436772295415 -0.35980436772295415 -0.35980436772295415 -0.35980436772295415 -0.35886911377624076 -0.22078380026824607 -0.22078380026824607 -0.22618874609755887 -0.22618874609755887 -0.22078380026824607 -0.22618874609755887 -0.35980436772295415 -0.2947143467373915 -0.3566367321552012 -0.2947143467373915 -0.2947143467373915 -0.22078380026824607 -0.22618874609755887 -0.3566149851482373 -0.22078380026824607 -0.35980436772295415 -0.22618874609755887 -0.35980436772295415 -0.3471176028617687 -0.2947143467373915 -0.26799557647091005 -0.32850153711980784 -0.3279167391240345 -0.32588361851743025 -0.32590535242808044 -0.22078380026824607 -0.22618874609755887 -0.2925487189194621 -0.25707331640243947 -0.2758014086554708 -0.26036778966865715 -0.26711600683116205 -0.2640381955252211 -0.24253668982228258 -0.19790864421799786 -0.22105501156017307 -0.2089145651565945 -0.2068707654714029 -0.20525005054483897 -0.18051616427584133 -0.18315246518198733 -0.11719771357561985 -0.11719771357561985 -0.1670042698561103 -0.11719771357561985 -0.11719771357561985 -0.11719771357561985 -0.11719771357561985 -0.15209180674513348 -0.11371449382753211 -0.09216072937508359 -0.04980819128046272
-0.33174798498261754 -0.33174798498261754 -0.16459849722065942 -0.33174798498261754 -0.33174798498261754 -0.33174798498261754 -0.33174798498261754 -0.33174798498261754 -0.33174798498261754 -0.33174798498261754 -0.33174798498261754 -0.33174798498261754 -0.33174798498261754 -0.33174798498261754 -0.33174798498261754 -0.33174798498261754 -0.33174798498261754 -0.33174798498261754 -0.33174798498261754 -0.33174798498261754 -0.33174798498261754 -0.33174798498261754 -0.33174798498261754 -0.33174798498261754 -0.33174798498261754 -0.33174798498261754 -0.33174798498261754 -0.33174798498261754 -0.33174798498261754 -0.33174798498261754 -0.33174798498261754 -0.33174798498261754 -0.33174798498261754 -0.33174798498261754 -0.33174798498261754 -0.33174798498261754 -0.33174798498261754 -0.33174798498261754 -0.33174798498261754 -0.33174798498261754 -0.33174798498261754 -0.33174798498261754 -0.33174798498261754 -0.2947143467373915 -0.2947143467373915 -0.2947143467373915 -0.33174798498261754 -0.33174798498261754 -0.33174798498261754 -0.33174798498261754 -0.33174798498261754 -0.22078380026824607 -0.22078380026824607 -0.22618874609755887 -0.22618874609755887 -0.22078380026824607 -0.22618874609755887 -0.33174798498261754 -0.2947143467373915 -0.33174798498261754 -0.2947143467373915 -0.2947143467373915 -0.22078380026824607 -0.22618874609755887 -0.33174798498261754 -0.22078380026824607 -0.3471176028617687 -0.22618874609755887 -0.3471176028617687 -0.3471176028617687 -0.2947143467373915 -0.26799557647091005 -0.32850153711980784 -0.3279167391240345 -0.32588361851743025 -0.32590535242808044 -0.22078380026824607 -0.22618874609755887 -0.2925487189194621 -0.25707331640243947 -0.2758014086554708 -0.26036778966865715 -0.26711600683116205 -0.2640381955252211 -0.24253668982228258 -0.19790864421799786 -0.22105501156017307 -0.2089145651565945 -0.2068707654714029 -0.20525005054483897 -0.18051616427584133 -0.18315246518198733 -0.11719771357561985 -0.11719771357561985 -0.1670042698561103 -0.11719771357561985 -0.11719771357561985 -0.11719771357561985 -0.11719771357561985 -0.15209180674513348 -0.11371449382753211 -0.09216072937508359 -0.04980819128046272
-0.2947143467373915 -0.2947143467373915 -0.16459849722065942 -0.2947143467373915 -0.2947143467373915 -0.2947143467373915 -0.2947143467373915 -0.2947143467373915 -0.2947143467373915 -0.2947143467373915 -0.2947143467373915 -0.2947143467373915 -0.2947143467373915 -0.2947143467373915 -0.2947143467373915 -0.2947143467373915 -0.2947143467373915 -0.2947143467373915 -0.2947143467373915 -0.2947143467373915 -0.2947143467373915 -0.2947143467373915 -0.2947143467373915 -0.2947143467373915 -0.2947143467373915 -0.2947143467373915 -0.2947143467373915 -0.2947143467373915 -0.2947143467373915 -0.2947143467373915 -0.2947143467373915 -0.2947143467373915 -0.2947143467373915 -0.2947143467373915 -0.2947143467373915 -0.2947143467373915 -0.2947143467373915 -0.2947143467373915 -0.2947143467373915 -0.2947143467373915 -0.2947143467373915 -0.2947143467373915 -0.2947143467373915 -0.3420942867585612 -0.3420942867585612 -0.3420942867585612 -0.2947143467373915 -0.2947143467373915 -0.2947143467373915 -0.2947143467373915 -0.2947143467373915 -0.22078380026824607 -0.22078380026824607 -0.22618874609755887 -0.22618874609755887 -0.22078380026824607 -0.22618874609755887 -0.2947143467373915 -0.3420942867585612 -0.2947143467373915 -0.3420942867585612 -0.3420942867585612 -0.22078380026824607 -0.22618874609755887 -0.2947143467373915 -0.22078380026824607 -0.2947143467373915 -0.22618874609755887 -0.2947143467373915 -0.2947143467373915 -0.3420942867585612 -0.26799557647091005 -0.2947143467373915 -0.2947143467373915 -0.2947143467373915 -0.2947143467373915 -0.22078380026824607 -0.22618874609755887 -0.2925487189194621 -0.25707331640243947 -0.2758014086554708 -0.26036778966865715 -0.26711600683116205 -0.2640381955252211 -0.24253668982228258 -0.19790864421799786 -0.22105501156017307 -0.2089145651565945 -0.2068707654714029 -0.20525005054483897 -0.18051616427584133 -0.18315246518198733 -0.11719771357561985 -0.11719771357561985 -0.1670042698561103 -0.11719771357561985 -0.11719771357561985 -0.11719771357561985 -0.11719771357561985 -0.15209180674513348 -0.11371449382753211 -0.09216072937508359 -0.04980819128046272
-0.2758014086554708 -0.2758014086554708 -0.16459849722065942 -0.2758014086554708 -0.2758014086554708 -0.2758014086554708 -0.2758014086554708 -0.2758014086554708 -0.2758014086554708 -0.2758014086554708 -0.2758014086554708 -0.2758014086554708 -0.2758014086554708 -0.2758014086554708 -0.2758014086554708 -0.2758014086554708 -0.2758014086554708 -0.2758014086554708 -0.2758014086554708 -0.2758014086554708 -0.2758014086554708 -0.2758014086554708 -0.2758014086554708 -0.2758014086554708 -0.2758014086554708 -0.2758014086554708 -0.2758014086554708 -0.2758014086554708 -0.2758014086554708 -0.2758014086554708 -0.2758014086554708 -0.2758014086554708 -0.2758014086554708 -0.2758014086554708 -0.2758014086554708 -0.2758014086554708 -0.2758014086554708 -0.2758014086554708 -0.2758014086554708 -0.2758014086554708 -0.2758014086554708 -0.2758014086554708 -0.2758014086554708 -0.2758014086554708 -0.2758014086554708 -0.2758014086554708 -0.2758014086554708 -0.2758014086554708 -0.2758014086554708 -0.2758014086554708 -0.2758014086554708 -0.22078380026824607 -0.22078380026824607 -0.22618874609755887 -0.22618874609755887 -0.22078380026824607 -0.22618874609755887 -0.2758014086554708 -0.2758014086554708 -0.2758014086554708 -0.2758014086554708 -0.2758014086554708 -0.22078380026824607 -0.22618874609755887 -0.2758014086554708 -0.22078380026824607 -0.2758014086554708 -0.22618874609755887 -0.2758014086554708 -0.2758014086554708 -0.2758014086554708 -0.33307344987150966 -0.2758014086554708 -0.2758014086554708 -0.2758014086554708 -0.2758014086554708 -0.22078380026824607 -0.22618874609755887 -0.2758014086554708 -0.25707331640243947 -0.2758014086554708 -0.26036778966865715 -0.26711600683116205 -0.2640381955252211 -0.24253668982228258 -0.19790864421799786 -0.22105501156017307 -0.2089145651565945 -0.2068707654714029 -0.20525005054483897 -0.18051616427584133 -0.18315246518198733 -0.11719771357561985 -0.11719771357561985 -0.1670042698561103 -0.11719771357561985 -0.11719771357561985 -0.11719771357561985 -0.11719771357561985 -0.15209180674513348 -0.11371449382753211 -0.09216072937508359 -0.04980819128046272
-0.3303368369889098 -0.3303368369889098 -0.16459849722065942 -0.3303368369889098 -0.3303368369889098 -0.3303368369889098 -0.3303368369889098 -0.3303368369889098 -0.3303368369889098 -0.3303368369889098 -0.3303368369889098 -0.3303368369889098 -0.3303368369889098 -0.3303368369889098 -0.3303368369889098 -0.3303368369889098 -0.3303368369889098 -0.3303368369889098 -0.3303368369889098 -0.3303368369889098 -0.3303368369889098 -0.3303368369889098 -0.3303368369889098 -0.3303368369889098 -0.3303368369889098 -0.3303368369889098 -0.3303368369889098 -0.3303368369889098 -0.3303368369889098 -0.3303368369889098 -0.3303368369889098 -0.3303368369889098 -0.3303368369889098 -0.3303368369889098 -0.3303368369889098 -0.3303368369889098 -0.3303368369889098 -0.3303368369889098 -0.3303368369889098 -0.3303368369889098 -0.3303368369889098 -0.3303368369889098 -0.3303368369889098 -0.2947143467373915 -0.2947143467373915 -0.2947143467373915 -0.3303368369889098 -0.3303368369889098 -0.3303368369889098 -0.3303368369889098 -0.3303368369889098 -0.22078380026824607 -0.22078380026824607 -0.22618874609755887 -0.22618874609755887 -0.22078380026824607 -0.22618874609755887 -0.3303368369889098 -0.2947143467373915 -0.3303368369889098 -0.2947143467373915 -0.2947143467373915 -0.22078380026824607 -0.22618874609755887 -0.3303368369889098 -0.22078380026824607 -0.3303368369889098 -0.22618874609755887 -0.3303368369889098 -0.3303368369889098 -0.2947143467373915 -0.26799557647091005 -0.3303368369889098 -0.32897511712525956 -0.32652399595317 -0.32610835963958035 -0.22078380026824607 -0.22618874609755887 -0.2925487189194621 -0.25707331640243947 -0.2758014086554708 -0.26036778966865715 -0.26711600683116205 -0.2640381955252211 -0.24253668982228258 -0.19790864421799786 -0.22105501156017307 -0.2089145651565945 -0.2068707654714029 -0.20525005054483897 -0.18051616427584133 -0.18315246518198733 -0.11719771357561985 -0.11719771357561985 -0.1670042698561103 -0.11719771357561985 -0.11719771357561985 -0.11719771357561985 -0.11719771357561985 -0.15209180674513348 -0.11371449382753211 -0.09216072937508359 -0.04980819128046272
-0.32897511712525956 -0.32897511712525956 -0.16459849722065942 -0.32897511712525956 -0.32897511712525956 -0.32897511712525956 -0.32897511712525956 -0.32897511712525956 -0.32897511712525956 -0.32897511712525956 -0.32897511712525956 -0.32897511712525956 -0.32897511712525956 -0.32897511712525956 -0.32897511712525956 -0.32897511712525956 -0.32897511712525956 -0.32897511712525956 -0.32897511712525956 -0.32897511712525956 -0.32897511712525956 -0.32897511712525956 -0.32897511712525956 -0.32897511712525956 -0.32897511712525956 -0.32897511712525956 -0.32897511712525956 -0.32897511712525956 -0.32897511712525956 -0.32897511712525956 -0.32897511712525956 -0.32897511712525956 -0.32897511712525956 -0.32897511712525956 -0.32897511712525956 -0.32897511712525956 -0.32897511712525956 -0.32897511712525956 -0.32897511712525956 -0.32897511712525956 -0.32897511712525956 -0.32897511712525956 -0.32897511712525956 -0.2947143467373915 -0.2947143467373915 -0.2947143467373915 -0.32897511712525956 -0.32897511712525956 -0.32897511712525956 -0.32897511712525956 -0.32897511712525956 -0.22078380026824607 -0.22078380026824607 -0.22618874609755887 -0.22618874609755887 -0.22078380026824607 -0.22618874609755887 -0.32897511712525956 -0.2947143467373915 -0.32897511712525956 -0.2947143467373915 -0.2947143467373915 -0.22078380026824607 -0.22618874609755887 -0.32897511712525956 -0.22078380026824607 -0.32897511712525956 -0.22618874609755887 -0.32897511712525956 -0.32897511712525956 -0.2947143467373915 -0.26799557647091005 -0.32897511712525956 -0.32897511712525956 -0.32652399595317 -0.32610835963958035 -0.22078380026824607 -0.22618874609755887 -0.2925487189194621 -0.25707331640243947 -0.2758014086554708 -0.26036778966865715 -0.26711600683116205 -0.2640381955252211 -0.24253668982228258 -0.19790864421799786 -0.22105501156017307 -0.2089145651565945 -0.2068707654714029 -0.20525005054483897 -0.18051616427584133 -0.18315246518198733 -0.11719771357561985 -0.11719771357561985 -0.1670042698561103 -0.11719771357561985 -0.11719771357561985 -0.11719771357561985 -0.11719771357561985 -0.15209180674513348 -0.11371449382753211 -0.09216072937508359 -0.04980819128046272
-0.32652399595317 -0.32652399595317 -0.16459849722065942 -0.32652399595317 -0.32652399595317 -0.32652399595317 -0.32652399595317 -0.32652399595317 -0.32652399595317 -0.32652399595317 -0.32652399595317 -0.32652399595317 -0.32652399595317 -0.32652399595317 -0.32652399595317 -0.32652399595317 -0.32652399595317 -0.32652399595317 -0.32652399595317 -0.32652399595317 -0.32652399595317 -0.32652399595317 -0.32652399595317 -0.32652399595317 -0.32652399595317 -0.32652399595317 -0.32652399595317 -0.32652399595317 -0.32652399595317 -0.32652399595317 -0.32652399595317 -0.32652399595317 -0.32652399595317 -0.32652399595317 -0.32652399595317 -0.32652399595317 -0.32652399595317 -0.32652399595317 -0.32652399595317 -0.32652399595317 -0.32652399595317 -0.32652399595317 -0.32652399595317 -0.2947143467373915 -0.2947143467373915 -0.2947143467373915 -0.32652399595317 -0.32652399595317 -0.32652399595317 -0.32652399595317 -0.32652399595317 -0.22078380026824607 -0.22078380026824607 -0.22618874609755887 -0.22618874609755887 -0.22078380026824607 -0.22618874609755887 -0.32652399595317 -0.2947143467373915 -0.32652399595317 -0.2947143467373915 -0.2947143467373915 -0.22078380026824607 -0.22618874609755887 -0.32652399595317 -0.22078380026824607 -0.32652399595317 -0.22618874609755887 -0.32652399595317 -0.32652399595317 -0.2947143467373915 -0.26799557647091005 -0.32652399595317 -0.32652399595317 -0.32652399595317 -0.32610835963958035 -0.22078380026824607 -0.22618874609755887 -0.2925487189194621 -0.25707331640243947 -0.2758014086554708 -0.26036778966865715 -0.26711600683116205 -0.2640381955252211 -0.24253668982228258 -0.19790864421799786 -0.22105501156017307 -0.2089145651565945 -0.2068707654714029 -0.20525005054483897 -0.18051616427584133 -0.18315246518198733 -0.11719771357561985 -0.11719771357561985 -0.1670042698561103 -0.11719771357561985 -0.11719771357561985 -0.11719771357561985 -0.11719771357561985 -0.15209180674513348 -0.11371449382753211 -0.09216072937508359 -0.04980819128046272
-0.32610835963958035 -0.32610835963958035 -0.16459849722065942 -0.32610835963958035 -0.32610835963958035 -0.32610835963958035 -0.32610835963958035 -0.32610835963958035 -0.32610835963958035 -0.32610835963958035 -0.32610835963958035 -0.32610835963958035 -0.32610835963958035 -0.32610835963958035 -0.32610835963958035 -0.32610835963958035 -0.32610835963958035 -0.32610835963958035 -0.32610835963958035 -0.32610835963958035 -0.32610835963958035 -0.32610835963958035 -0.32610835963958035 -0.32610835963958035 -0.32610835963958035 -0.32610835963958035 -0.32610835963958035 -0.32610835963958035 -0.32610835963958035 -0.32610835963958035 -0.32610835963958035 -0.32610835963958035 -0.32610835963958035 -0.32610835963958035 -0.32610835963958035 -0.32610835963958035 -0.32610835963958035 -0.32610835963958035 -0.32610835963958035 -0.32610835963958035 -0.32610835963958035 -0.32610835963958035 -0.32610835963958035 -0.2947143467373915 -0.2947143467373915 -0.2947143467373915 -0.32610835963958035 -0.32610835963958035 -0.32610835963958035 -0.32610835963958035 -0.32610835963958035 -0.22078380026824607 -0.22078380026824607 -0.22618874609755887 -0.22618874609755887 -0.22078380026824607 -0.22618874609755887 -0.32610835963958035 -0.2947143467373915 -0.32610835963958035 -0.2947143467373915 -0.2947143467373915 -0.22078380026824607 -0.22618874609755887 -0.32610835963958035 -0.22078380026824607 -0.32610835963958035 -0.22618874609755887 -0.32610835963958035 -0.32610835963958035 -0.2947143467373915 -0.26799557647091005 -0.32610835963958035 -0.32610835963958035 -0.32610835963958035 -0.32610835963958035 -0.22078380026824607 -0.22618874609755887 -0.2925487189194621 -0.25707331640243947 -0.2758014086554708 -0.26036778966865715 -0.26711600683116205 -0.2640381955252211 -0.24253668982228258 -0.19790864421799786 -0.22105501156017307 -0.2089145651565945 -0.2068707654714029 -0.20525005054483897 -0.18051616427584133 -0.18315246518198733 -0.11719771357561985 -0.11719771357561985 -0.1670042698561103 -0.11719771357561985 -0.11719771357561985 -0.11719771357561985 -0.11719771357561985 -0.15209180674513348 -0.11371449382753211 -0.09216072937508359 -0.04980819128046272
-0.22078380026824607 -0.22078380026824607 -0.16459849722065942 -0.22078380026824607 -0.22078380026824607 -0.22078380026824607 -0.22078380026824607 -0.22078380026824607 -0.22078380026824607 -0.22078380026824607 -0.22078380026824607 -0.22078380026824607 -0.22078380026824607 -0.22078380026824607 -0.22078380026824607 -0.22078380026824607 -0.22078380026824607 -0.22078380026824607 -0.22078380026824607 -0.22078380026824607 -0.22078380026824607 -0.22078380026824607 -0.22078380026824607 -0.22078380026824607 -0.22078380026824607 -0.22078380026824607 -0.22078380026824607 -0.22078380026824607 -0.22078380026824607 -0.22078380026824607 -0.22078380026824607 -0.22078380026824607 -0.22078380026824607 -0.22078380026824607 -0.22078380026824607 -0.22078380026824607 -0.22078380026824607 -0.22078380026824607 -0.22078380026824607 -0.22078380026824607 -0.22078380026824607 -0.22078380026824607 -0.22078380026824607 -0.22078380026824607 -0.22078380026824607 -0.22078380026824607 -0.22078380026824607 -0.22078380026824607 -0.22078380026824607 -0.22078380026824607 -0.22078380026824607 -0.3164807568706218 -0.2990426254802744 -0.22078380026824607 -0.22078380026824607 -0.3164807568706218 -0.22078380026824607 -0.22078380026824607 -0.22078380026824607 -0.22078380026824607 -0.22078380026824607 -0.22078380026824607 -0.2990426254802744 -0.22078380026824607 -0.22078380026824607 -0.3164807568706218 -0.22078380026824607 -0.22078380026824607 -0.22078380026824607 -0.22078380026824607 -0.22078380026824607 -0.22078380026824607 -0.22078380026824607 -0.22078380026824607 -0.22078380026824607 -0.22078380026824607 -0.3164807568706218 -0.22078380026824607 -0.22078380026824607 -0.22078380026824607 -0.22078380026824607 -0.22078380026824607 -0.22078380026824607 -0.22078380026824607 -0.22078380026824607 -0.19790864421799786 -0.22078380026824607 -0.2089145651565945 -0.2068707654714029 -0.20525005054483897 -0.18051616427584133 -0.18315246518198733 -0.11719771357561985 -0.11719771357561985 -0.1670042698561103 -0.11719771357561985 -0.11719771357561985 -0.11719771357561985 -0.11719771357561985 -0.15209180674513348 -0.11371449382753211 -0.09216072937508359 -0.04980819128046272
-0.22618874609755887 -0.22618874609755887 -0.16459849722065942 -0.22618874609755887 -0.22618874609755887 -0.22618874609755887 -0.22618874609755887 -0.22618874609755887 -0.22618874609755887 -0.22618874609755887 -0.22618874609755887 -0.22618874609755887 -0.22618874609755887 -0.22618874609755887 -0.22618874609755887 -0.22618874609755887 -0.22618874609755887 -0.22618874609755887 -0.22618874609755887 -0.22618874609755887 -0.22618874609755887 -0.22618874609755887 -0.22618874609755887 -0.22618874609755887 -0.22618874609755887 -0.22618874609755887 -0.22618874609755887 -0.22618874609755887 -0.22618874609755887 -0.22618874609755887 -0.22618874609755887 -0.22618874609755887 -0.22618874609755887 -0.22618874609755887 -0.22618874609755887 -0.22618874609755887 -0.22618874609755887 -0.22618874609755887 -0.22618874609755887 -0.22618874609755887 -0.22618874609755887 -0.22618874609755887 -0.22618874609755887 -0.22618874609755887 -0.22618874609755887 -0.22618874609755887 -0.22618874609755887 -0.22618874609755887 -0.22618874609755887 -0.22618874609755887 -0.22618874609755887 -0.22078380026824607 -0.22078380026824607 -0.31430875962085636 -0.31430875962085636 -0.22078380026824607 -0.31430875962085636 -0.22618874609755887 -0.22618874609755887 -0.22618874609755887 -0.22618874609755887 -0.22618874609755887 -0.22078380026824607 -0.3126170928197672 -0.22618874609755887 -0.22078380026824607 -0.22618874609755887 -0.31430875962085636 -0.22618874609755887 -0.22618874609755887 -0.22618874609755887 -0.22618874609755887 -0.22618874609755887 -0.22618874609755887 -0.22618874609755887 -0.22618874609755887 -0.22078380026824607 -0.31430875962085636 -0.22618874609755887 -0.22618874609755887 -0.22618874609755887 -0.22618874609755887 -0.22618874609755887 -0.22618874609755887 -0.22618874609755887 -0.23291524448942622 -0.22105501156017307 -0.2089145651565945 -0.2068707654714029 -0.20525005054483897 -0.19425117089987065 -0.18315246518198733 -0.11719771357561985 -0.11719771357561985 -0.1670042698561103 -0.11719771357561985 -0.11719771357561985 -0.11719771357561985 -0.11719771357561985 -0.15565045610940104 -0.11371449382753211 -0.09216072937508359 -0.04980819128046272
-0.3002614476800689 -0.3002614476800689 -0.16459849722065942 -0.3002614476800689 -0.3002614476800689 -0.3002614476800689 -0.3002614476800689 -0.3002614476800689 -0.3002614476800689 -0.3002614476800689 -0.3002614476800689 -0.3002614476800689 -0.3002614476800689 -0.3002614476800689 -0.3002614476800689 -0.3002614476800689 -0.3002614476800689 -0.3002614476800689 -0.3002614476800689 -0.3002614476800689 -0.3002614476800689 -0.3002614476800689 -0.3002614476800689 -0.3002614476800689 -0.3002614476800689 -0.3002614476800689 -0.3002614476800689 -0.3002614476800689 -0.3002614476800689 -0.3002614476800689 -0.3002614476800689 -0.3002614476800689 -0.3002614476800689 -0.3002614476800689 -0.3002614476800689 -0.3002614476800689 -0.3002614476800689 -0.3002614476800689 -0.3002614476800689 -0.3002614476800689 -0.3002614476800689 -0.3002614476800689 -0.3002614476800689 -0.2947143467373915 -0.2947143467373915 -0.2947143467373915 -0.3002614476800689 -0.3002614476800689 -0.3002614476800689 -0.3002614476800689 -0.3002614476800689 -0.22078380026824607 -0.22078380026824607 -0.22618874609755887 -0.22618874609755887 -0.22078380026824607 -0.22618874609755887 -0.3002614476800689 -0.2947143467373915 -0.3002614476800689 -0.2947143467373915 -0.2947143467373915 -0.22078380026824607 -0.22618874609755887 -0.3002614476800689 -0.22078380026824607 -0.3002614476800689 -0.22618874609755887 -0.3002614476800689 -0.3002614476800689 -0.2947143467373915 -0.26799557647091005 -0.3002614476800689 -0.3002614476800689 -0.3002614476800689 -0.3002614476800689 -0.22078380026824607 -0.22618874609755887 -0.3002614476800689 -0.25707331640243947 -0.2887154695128442 -0.26036778966865715 -0.2733775625332652 -0.2640381955252211 -0.24253668982228258 -0.19790864421799786 -0.22105501156017307 -0.2089145651565945 -0.2068707654714029 -0.20525005054483897 -0.18051616427584133 -0.18315246518198733 -0.11719771357561985 -0.11719771357561985 -0.1670042698561103 -0.11719771357561985 -0.11719771357561985 -0.11719771357561985 -0.11719771357561985 -0.15209180674513348 -0.11371449382753211 -0.09216072937508359 -0.04980819128046272
-0.26036778966865715 -0.26036778966865715 -0.16459849722065942 -0.26036778966865715 -0.26036778966865715 -0.26036778966865715 -0.26036778966865715 -0.26036778966865715 -0.26036778966865715 -0.26036778966865715 -0.26036778966865715 -0.26036778966865715 -0.26036778966865715 -0.26036778966865715 -0.26036778966865715 -0.26036778966865715 -0.26036778966865715 -0.26036778966865715 -0.26036778966865715 -0.26036778966865715 -0.26036778966865715 -0.26036778966865715 -0.26036778966865715 -0.26036778966865715 -0.26036778966865715 -0.26036778966865715 -0.26036778966865715 -0.26036778966865715 -0.26036778966865715 -0.26036778966865715 -0.26036778966865715 -0.26036778966865715 -0.26036778966865715 -0.26036778966865715 -0.26036778966865715 -0.26036778966865715 -0.26036778966865715 -0.26036778966865715 -0.26036778966865715 -0.26036778966865715 -0.26036778966865715 -0.26036778966865715 -0.26036778966865715 -0.26036778966865715 -0.26036778966865715 -0.26036778966865715 -0.26036778966865715 -0.26036778966865715 -0.26036778966865715 -0.26036778966865715 -0.26036778966865715 -0.22078380026824607 -0.22078380026824607 -0.22618874609755887 -0.22618874609755887 -0.22078380026824607 -0.22618874609755887 -0.26036778966865715 -0.26036778966865715 -0.26036778966865715 -0.26036778966865715 -0.26036778966865715 -0.22078380026824607 -0.22618874609755887 -0.26036778966865715 -0.22078380026824607 -0.26036778966865715 -0.22618874609755887 -0.26036778966865715 -0.26036778966865715 -0.26036778966865715 -0.26036778966865715 -0.26036778966865715 -0.26036778966865715 -0.26036778966865715 -0.26036778966865715 -0.22078380026824607 -0.22618874609755887 -0.26036778966865715 -0.2906698293894287 -0.26036778966865715 -0.26036778966865715 -0.26036778966865715 -0.26036778966865715 -0.24253668982228258 -0.19790864421799786 -0.22105501156017307 -0.2089145651565945 -0.2068707654714029 -0.20525005054483897 -0.18051616427584133 -0.18315246518198733 -0.11719771357561985 -0.11719771357561985 -0.1670042698561103 -0.11719771357561985 -0.11719771357561985 -0.11719771357561985 -0.11719771357561985 -0.15209180674513348 -0.11371449382753211 -0.09216072937508359 -0.04980819128046272
-0.2887154695128442 -0.2887154695128442 -0.16459849722065942 -0.2887154695128442 -0.2887154695128442 -0.2887154695128442 -0.2887154695128442 -0.2887154695128442 -0.2887154695128442 -0.2887154695128442 -0.2887154695128442 -0.2887154695128442 -0.2887154695128442 -0.2887154695128442 -0.2887154695128442 -0.2887154695128442 -0.2887154695128442 -0.2887154695128442 -0.2887154695128442 -0.2887154695128442 -0.2887154695128442 -0.2887154695128442 -0.2887154695128442 -0.2887154695128442 -0.2887154695128442 -0.2887154695128442 -0.2887154695128442 -0.2887154695128442 -0.2887154695128442 -0.2887154695128442 -0.2887154695128442 -0.2887154695128442 -0.2887154695128442 -0.2887154695128442 -0.2887154695128442 -0.2887154695128442 -0.2887154695128442 -0.2887154695128442 -0.2887154695128442 -0.2887154695128442 -0.2887154695128442 -0.2887154695128442 -0.2887154695128442 -0.2887154695128442 -0.2887154695128442 -0.2887154695128442 -0.2887154695128442 -0.2887154695128442 -0.2887154695128442 -0.2887154695128442 -0.2887154695128442 -0.22078380026824607 -0.22078380026824607 -0.22618874609755887 -0.22618874609755887 -0.22078380026824607 -0.22618874609755887 -0.2887154695128442 -0.2887154695128442 -0.2887154695128442 -0.2887154695128442 -0.2887154695128442 -0.22078380026824607 -0.22618874609755887 -0.2887154695128442 -0.22078380026824607 -0.2887154695128442 -0.22618874609755887 -0.2887154695128442 -0.2887154695128442 -0.2887154695128442 -0.26799557647091005 -0.2887154695128442 -0.2887154695128442 -0.2887154695128442 -0.2887154695128442 -0.22078380026824607 -0.22618874609755887 -0.2887154695128442 -0.25707331640243947 -0.2887154695128442 -0.26036778966865715 -0.2733775625332652 -0.2640381955252211 -0.24253668982228258 -0.19790864421799786 -0.22105501156017307 -0.2089145651565945 -0.2068707654714029 -0.20525005054483897 -0.18051616427584133 -0.18315246518198733 -0.11719771357561985 -0.11719771357561985 -0.1670042698561103 -0.11719771357561985 -0.11719771357561985 -0.11719771357561985 -0.11719771357561985 -0.15209180674513348 -0.11371449382753211 -0.09216072937508359 -0.04980819128046272
-0.273464473533761 -0.273464473533761 -0.16459849722065942 -0.273464473533761 -0.273464473533761 -0.273464473533761 -0.273464473533761 -0.273464473533761 -0.273464473533761 -0.273464473533761 -0.273464473533761 -0.273464473533761 -0.273464473533761 -0.273464473533761 -0.273464473533761 -0.273464473533761 -0.273464473533761 -0.273464473533761 -0.273464473533761 -0.273464473533761 -0.273464473533761 -0.273464473533761 -0.273464473533761 -0.273464473533761 -0.273464473533761 -0.273464473533761 -0.273464473533761 -0.273464473533761 -0.273464473533761 -0.273464473533761 -0.273464473533761 -0.273464473533761 -0.273464473533761 -0.273464473533761 -0.273464473533761 -0.273464473533761 -0.273464473533761 -0.273464473533761 -0.273464473533761 -0.273464473533761 -0.273464473533761 -0.273464473533761 -0.273464473533761 -0.273464473533761 -0.273464473533761 -0.273464473533761 -0.273464473533761 -0.273464473533761 -0.273464473533761 -0.273464473533761 -0.273464473533761 -0.22078380026824607 -0.22078380026824607 -0.22618874609755887 -0.22618874609755887 -0.22078380026824607 -0.22618874609755887 -0.273464473533761 -0.273464473533761 -0.273464473533761 -0.273464473533761 -0.273464473533761 -0.22078380026824607 -0.22618874609755887 -0.273464473533761 -0.22078380026824607 -0.273464473533761 -0.22618874609755887 -0.273464473533761 -0.273464473533761 -0.273464473533761 -0.26799557647091005 -0.273464473533761 -0.273464473533761 -0.273464473533761 -0.273464473533761 -0.22078380026824607 -0.22618874609755887 -0.273464473533761 -0.25707331640243947 -0.273464473533761 -0.273464473533761 -0.26711600683116205 -0.2640381955252211 -0.24253668982228258 -0.19790864421799786 -0.22105501156017307 -0.2089145651565945 -0.2068707654714029 -0.20525005054483897 -0.18051616427584133 -0.18315246518198733 -0.11719771357561985 -0.11719771357561985 -0.1670042698561103 -0.11719771357561985 -0.11719771357561985 -0.11719771357561985 -0.11719771357561985 -0.15209180674513348 -0.11371449382753211 -0.09216072937508359 -0.04980819128046272
-0.2733775625332652 -0.2733775625332652 -0.16459849722065942 -0.2733775625332652 -0.2733775625332652 -0.2733775625332652 -0.2733775625332652 -0.2733775625332652 -0.2733775625332652 -0.2733775625332652 -0.2733775625332652 -0.2733775625332652 -0.2733775625332652 -0.2733775625332652 -0.2733775625332652 -0.2733775625332652 -0.2733775625332652 -0.2733775625332652 -0.2733775625332652 -0.2733775625332652 -0.2733775625332652 -0.2733775625332652 -0.2733775625332652 -0.2733775625332652 -0.2733775625332652 -0.2733775625332652 -0.2733775625332652 -0.2733775625332652 -0.2733775625332652 -0.2733775625332652 -0.2733775625332652 -0.2733775625332652 -0.2733775625332652 -0.2733775625332652 -0.2733775625332652 -0.2733775625332652 -0.2733775625332652 -0.2733775625332652 -0.2733775625332652 -0.2733775625332652 -0.2733775625332652 -0.2733775625332652 -0.2733775625332652 -0.2733775625332652 -0.2733775625332652 -0.2733775625332652 -0.2733775625332652 -0.2733775625332652 -0.2733775625332652 -0.2733775625332652 -0.2733775625332652 -0.22078380026824607 -0.22078380026824607 -0.22618874609755887 -0.22618874609755887 -0.22078380026824607 -0.22618874609755887 -0.2733775625332652 -0.2733775625332652 -0.2733775625332652 -0.2733775625332652 -0.2733775625332652 -0.22078380026824607 -0.22618874609755887 -0.2733775625332652 -0.22078380026824607 -0.2733775625332652 -0.22618874609755887 -0.2733775625332652 -0.2733775625332652 -0.2733775625332652 -0.26799557647091005 -0.2733775625332652 -0.2733775625332652 -0.2733775625332652 -0.2733775625332652 -0.22078380026824607 -0.22618874609755887 -0.2733775625332652 -0.25707331640243947 -0.2733775625332652 -0.26036778966865715 -0.2733775625332652 -0.2640381955252211 -0.24253668982228258 -0.19790864421799786 -0.22105501156017307 -0.2089145651565945 -0.2068707654714029 -0.20525005054483897 -0.18051616427584133 -0.18315246518198733 -0.11719771357561985 -0.11719771357561985 -0.1670042698561103 -0.11719771357561985 -0.11719771357561985 -0.11719771357561985 -0.11719771357561985 -0.15209180674513348 -0.11371449382753211 -0.09216072937508359 -0.04980819128046272
-0.26501836351491037 -0.26501836351491037 -0.16459849722065942 -0.26501836351491037 -0.26501836351491037 -0.26501836351491037 -0.26501836351491037 -0.26501836351491037 -0.26501836351491037 -0.26501836351491037 -0.26501836351491037 -0.26501836351491037 -0.26501836351491037 -0.26501836351491037 -0.26501836351491037 -0.26501836351491037 -0.26501836351491037 -0.26501836351491037 -0.26501836351491037 -0.26501836351491037 -0.26501836351491037 -0.26501836351491037 -0.26501836351491037 -0.26501836351491037 -0.26501836351491037 -0.26501836351491037 -0.26501836351491037 -0.26501836351491037 -0.26501836351491037 -0.26501836351491037 -0.26501836351491037 -0.26501836351491037 -0.26501836351491037 -0.26501836351491037 -0.26501836351491037 -0.26501836351491037 -0.26501836351491037 -0.26501836351491037 -0.26501836351491037 -0.26501836351491037 -0.26501836351491037 -0.26501836351491037 -0.26501836351491037 -0.26501836351491037 -0.26501836351491037 -0.26501836351491037 -0.26501836351491037 -0.26501836351491037 -0.26501836351491037 -0.26501836351491037 -0.26501836351491037 -0.22078380026824607 -0.22078380026824607 -0.22618874609755887 -0.22618874609755887 -0.22078380026824607 -0.22618874609755887 -0.26501836351491037 -0.26501836351491037 -0.26501836351491037 -0.26501836351491037 -0.26501836351491037 -0.22078380026824607 -0.22618874609755887 -0.26501836351491037 -0.22078380026824607 -0.26501836351491037 -0.22618874609755887 -0.26501836351491037 -0.26501836351491037 -0.26501836351491037 -0.26501836351491037 -0.26501836351491037 -0.26501836351491037 -0.26501836351491037 -0.26501836351491037 -0.22078380026824607 -0.22618874609755887 -0.26501836351491037 -0.25707331640243947 -0.26501836351491037 -0.26036778966865715 -0.26501836351491037 -0.26501836351491037 -0.24253668982228258 -0.19790864421799786 -0.22105501156017307 -0.2089145651565945 -0.2068707654714029 -0.20525005054483897 -0.18051616427584133 -0.18315246518198733 -0.11719771357561985 -0.11719771357561985 -0.1670042698561103 -0.11719771357561985 -0.11719771357561985 -0.11719771357561985 -0.11719771357561985 -0.15209180674513348 -0.11371449382753211 -0.09216072937508359 -0.04980819128046272
-0.2475878931928246 -0.2475878931928246 -0.16459849722065942 -0.2475878931928246 -0.2475878931928246 -0.2475878931928246 -0.2475878931928246 -0.2475878931928246 -0.2475878931928246 -0.2475878931928246 -0.2475878931928246 -0.2475878931928246 -0.2475878931928246 -0.2475878931928246 -0.2475878931928246 -0.2475878931928246 -0.2475878931928246 -0.2475878931928246 -0.2475878931928246 -0.2475878931928246 -0.2475878931928246 -0.2475878931928246 -0.2475878931928246 -0.2475878931928246 -0.2475878931928246 -0.2475878931928246 -0.2475878931928246 -0.2475878931928246 -0.2475878931928246 -0.2475878931928246 -0.2475878931928246 -0.2475878931928246 -0.2475878931928246 -0.2475878931928246 -0.2475878931928246 -0.2475878931928246 -0.2475878931928246 -0.2475878931928246 -0.2475878931928246 -0.2475878931928246 -0.2475878931928246 -0.2475878931928246 -0.2475878931928246 -0.2475878931928246 -0.2475878931928246 -0.2475878931928246 -0.2475878931928246 -0.2475878931928246 -0.2475878931928246 -0.2475878931928246 -0.2475878931928246 -0.22078380026824607 -0.22078380026824607 -0.22618874609755887 -0.22618874609755887 -0.22078380026824607 -0.22618874609755887 -0.2475878931928246 -0.2475878931928246 -0.2475878931928246 -0.2475878931928246 -0.2475878931928246 -0.22078380026824607 -0.22618874609755887 -0.2475878931928246 -0.22078380026824607 -0.2475878931928246 -0.22618874609755887 -0.2475878931928246 -0.2475878931928246 -0.2475878931928246 -0.2475878931928246 -0.2475878931928246 -0.2475878931928246 -0.2475878931928246 -0.2475878931928246 -0.22078380026824607 -0.22618874609755887 -0.2475878931928246 -0.2475878931928246 -0.2475878931928246 -0.2475878931928246 -0.2475878931928246 -0.2475878931928246 -0.2475878931928246 -0.19790864421799786 -0.22105501156017307 -0.2089145651565945 -0.2068707654714029 -0.20525005054483897 -0.18051616427584133 -0.18315246518198733 -0.11719771357561985 -0.11719771357561985 -0.1670042698561103 -0.11719771357561985 -0.11719771357561985 -0.11719771357561985 -0.11719771357561985 -0.15209180674513348 -0.11371449382753211 -0.09216072937508359 -0.04980819128046272
-0.22618874609755887 -0.22618874609755887 -0.16459849722065942 -0.22618874609755887 -0.22618874609755887 -0.22618874609755887 -0.22618874609755887 -0.22618874609755887 -0.22618874609755887 -0.22618874609755887 -0.22618874609755887 -0.22618874609755887 -0.22618874609755887 -0.22618874609755887 -0.22618874609755887 -0.22618874609755887 -0.22618874609755887 -0.22618874609755887 -0.22618874609755887 -0.22618874609755887 -0.22618874609755887 -0.22618874609755887 -0.22618874609755887 -0.22618874609755887 -0.22618874609755887 -0.22618874609755887 -0.22618874609755887 -0.22618874609755887 -0.22618874609755887 -0.22618874609755887 -0.22618874609755887 -0.22618874609755887 -0.22618874609755887 -0.22618874609755887 -0.22618874609755887 -0.22618874609755887 -0.22618874609755887 -0.22618874609755887 -0.22618874609755887 -0.22618874609755887 -0.22618874609755887 -0.22618874609755887 -0.22618874609755887 -0.22618874609755887 -0.22618874609755887 -0.22618874609755887 -0.22618874609755887 -0.22618874609755887 -0.22618874609755887 -0.22618874609755887 -0.22618874609755887 -0.22078380026824607 -0.22078380026824607 -0.23291524448942622 -0.23291524448942622 -0.22078380026824607 -0.23291524448942622 -0.22618874609755887 -0.22618874609755887 -0.22618874609755887 -0.22618874609755887 -0.22618874609755887 -0.22078380026824607 -0.23291524448942622 -0.22618874609755887 -0.22078380026824607 -0.22618874609755887 -0.23291524448942622 -0.22618874609755887 -0.22618874609755887 -0.22618874609755887 -0.22618874609755887 -0.22618874609755887 -0.22618874609755887 -0.22618874609755887 -0.22618874609755887 -0.22078380026824607 -0.23291524448942622 -0.22618874609755887 -0.22618874609755887 -0.22618874609755887 -0.22618874609755887 -0.22618874609755887 -0.22618874609755887 -0.22618874609755887 -0.23291524448942622 -0.22105501156017307 -0.2089145651565945 -0.2068707654714029 -0.20525005054483897 -0.19425117089987065 -0.18315246518198733 -0.11719771357561985 -0.11719771357561985 -0.1670042698561103 -0.11719771357561985 -0.11719771357561985 -0.11719771357561985 -0.11719771357561985 -0.15565045610940104 -0.11371449382753211 -0.09216072937508359 -0.04980819128046272
-0.22183200562565514 -0.22183200562565514 -0.16459849722065942 -0.22183200562565514 -0.22183200562565514 -0.22183200562565514 -0.22183200562565514 -0.22183200562565514 -0.22183200562565514 -0.22183200562565514 -0.22183200562565514 -0.22183200562565514 -0.22183200562565514 -0.22183200562565514 -0.22183200562565514 -0.22183200562565514 -0.22183200562565514 -0.22183200562565514 -0.22183200562565514 -0.22183200562565514 -0.22183200562565514 -0.22183200562565514 -0.22183200562565514 -0.22183200562565514 -0.22183200562565514 -0.22183200562565514 -0.22183200562565514 -0.22183200562565514 -0.22183200562565514 -0.22183200562565514 -0.22183200562565514 -0.22183200562565514 -0.22183200562565514 -0.22183200562565514 -0.22183200562565514 -0.22183200562565514 -0.22183200562565514 -0.22183200562565514 -0.22183200562565514 -0.22183200562565514 -0.22183200562565514 -0.22183200562565514 -0.22183200562565514 -0.22183200562565514 -0.22183200562565514 -0.22183200562565514 -0.22183200562565514 -0.22183200562565514 -0.22183200562565514 -0.22183200562565514 -0.22183200562565514 -0.22078380026824607 -0.22078380026824607 -0.22183200562565514 -0.22183200562565514 -0.22078380026824607 -0.22183200562565514 -0.22183200562565514 -0.22183200562565514 -0.22183200562565514 -0.22183200562565514 -0.22183200562565514 -0.22078380026824607 -0.22183200562565514 -0.22183200562565514 -0.22078380026824607 -0.22183200562565514 -0.22183200562565514 -0.22183200562565514 -0.22183200562565514 -0.22183200562565514 -0.22183200562565514 -0.22183200562565514 -0.22183200562565514 -0.22183200562565514 -0.22183200562565514 -0.22078380026824607 -0.22183200562565514 -0.22183200562565514 -0.22183200562565514 -0.22183200562565514 -0.22183200562565514 -0.22183200562565514 -0.22183200562565514 -0.22183200562565514 -0.19790864421799786 -0.22183200562565514 -0.2089145651565945 -0.2068707654714029 -0.20525005054483897 -0.18051616427584133 -0.18315246518198733 -0.11719771357561985 -0.11719771357561985 -0.1670042698561103 -0.11719771357561985 -0.11719771357561985 -0.11719771357561985 -0.11719771357561985 -0.15209180674513348 -0.11371449382753211 -0.09216072937508359 -0.04980819128046272
-0.20893899396766816 -0.20893899396766816 -0.16459849722065942 -0.20893899396766816 -0.20893899396766816 -0.20893899396766816 -0.20893899396766816 -0.20893899396766816 -0.20893899396766816 -0.20893899396766816 -0.20893899396766816 -0.20893899396766816 -0.20893899396766816 -0.20893899396766816 -0.20893899396766816 -0.20893899396766816 -0.20893899396766816 -0.20893899396766816 -0.20893899396766816 -0.20893899396766816 -0.20893899396766816 -0.20893899396766816 -0.20893899396766816 -0.20893899396766816 -0.20893899396766816 -0.20893899396766816 -0.20893899396766816 -0.20893899396766816 -0.20893899396766816 -0.20893899396766816 -0.20893899396766816 -0.20893899396766816 -0.20893899396766816 -0.20893899396766816 -0.20893899396766816 -0.20893899396766816 -0.20893899396766816 -0.20893899396766816 -0.20893899396766816 -0.20893899396766816 -0.20893899396766816 -0.20893899396766816 -0.20893899396766816 -0.20893899396766816 -0.20893899396766816 -0.20893899396766816 -0.20893899396766816 -0.20893899396766816 -0.20893899396766816 -0.20893899396766816 -0.20893899396766816 -0.20893899396766816 -0.20893899396766816 -0.20893899396766816 -0.20893899396766816 -0.20893899396766816 -0.20893899396766816 -0.20893899396766816 -0.20893899396766816 -0.20893899396766816 -0.20893899396766816 -0.20893899396766816 -0.20893899396766816 -0.20893899396766816 -0.20893899396766816 -0.20893899396766816 -0.20893899396766816 -0.20893899396766816 -0.20893899396766816 -0.20893899396766816 -0.20893899396766816 -0.20893899396766816 -0.20893899396766816 -0.20893899396766816 -0.20893899396766816 -0.20893899396766816 -0.20893899396766816 -0.20893899396766816 -0.20893899396766816 -0.20893899396766816 -0.20893899396766816 -0.20893899396766816 -0.20893899396766816 -0.20893899396766816 -0.20893899396766816 -0.19790864421799786 -0.20893899396766816 -0.20893899396766816 -0.20728531602588385 -0.20530075250785138 -0.18051616427584133 -0.18315246518198733 -0.11719771357561985 -0.11719771357561985 -0.1670042698561103 -0.11719771357561985 -0.11719771357561985 -0.11719771357561985 -0.11719771357561985 -0.15209180674513348 -0.11371449382753211 -0.09216072937508359 -0.04980819128046272
-0.20728531602588385 -0.20728531602588385 -0.16459849722065942 -0.20728531602588385 -0.20728531602588385 -0.20728531602588385 -0.20728531602588385 -0.20728531602588385 -0.20728531602588385 -0.20728531602588385 -0.20728531602588385 -0.20728531602588385 -0.20728531602588385 -0.20728531602588385 -0.20728531602588385 -0.20728531602588385 -0.20728531602588385 -0.20728531602588385 -0.20728531602588385 -0.20728531602588385 -0.20728531602588385 -0.20728531602588385 -0.20728531602588385 -0.20728531602588385 -0.20728531602588385 -0.20728531602588385 -0.20728531602588385 -0.20728531602588385 -0.20728531602588385 -0.20728531602588385 -0.20728531602588385 -0.20728531602588385 -0.20728531602588385 -0.20728531602588385 -0.20728531602588385 -0.20728531602588385 -0.20728531602588385 -0.20728531602588385 -0.20728531602588385 -0.20728531602588385 -0.20728531602588385 -0.20728531602588385 -0.20728531602588385 -0.20728531602588385 -0.20728531602588385 -0.20728531602588385 -0.20728531602588385 -0.20728531602588385 -0.20728531602588385 -0.20728531602588385 -0.20728531602588385 -0.20728531602588385 -0.20728531602588385 -0.20728531602588385 -0.20728531602588385 -0.20728531602588385 -0.20728531602588385 -0.20728531602588385 -0.20728531602588385 -0.20728531602588385 -0.20728531602588385 -0.20728531602588385 -0.20728531602588385 -0.20728531602588385 -0.20728531602588385 -0.20728531602588385 -0.20728531602588385 -0.20728531602588385 -0.20728531602588385 -0.20728531602588385 -0.20728531602588385 -0.20728531602588385 -0.20728531602588385 -0.20728531602588385 -0.20728531602588385 -0.20728531602588385 -0.20728531602588385 -0.20728531602588385 -0.20728531602588385 -0.20728531602588385 -0.20728531602588385 -0.20728531602588385 -0.20728531602588385 -0.20728531602588385 -0.20728531602588385 -0.19790864421799786 -0.20728531602588385 -0.20728531602588385 -0.20728531602588385 -0.20530075250785138 -0.18051616427584133 -0.18315246518198733 -0.11719771357561985 -0.11719771357561985 -0.1670042698561103 -0.11719771357561985 -0.11719771357561985 -0.11719771357561985 -0.11719771357561985 -0.15209180674513348 -0.11371449382753211 -0.09216072937508359 -0.04980819128046272
-0.20530075250785138 -0.20530075250785138 -0.16459849722065942 -0.20530075250785138 -0.20530075250785138 -0.20530075250785138 -0.20530075250785138 -0.20530075250785138 -0.20530075250785138 -0.20530075250785138 -0.20530075250785138 -0.20530075250785138 -0.20530075250785138 -0.20530075250785138 -0.20530075250785138 -0.20530075250785138 -0.20530075250785138 -0.20530075250785138 -0.20530075250785138 -0.20530075250785138 -0.20530075250785138 -0.20530075250785138 -0.20530075250785138 -0.20530075250785138 -0.20530075250785138 -0.20530075250785138 -0.20530075250785138 -0.20530075250785138 -0.20530075250785138 -0.20530075250785138 -0.20530075250785138 -0.20530075250785138 -0.20530075250785138 -0.20530075250785138 -0.20530075250785138 -0.20530075250785138 -0.20530075250785138 -0.20530075250785138 -0.20530075250785138 -0.20530075250785138 -0.20530075250785138 -0.20530075250785138 -0.20530075250785138 -0.20530075250785138 -0.20530075250785138 -0.20530075250785138 -0.20530075250785138 -0.20530075250785138 -0.20530075250785138 -0.20530075250785138 -0.20530075250785138 -0.20530075250785138 -0.20530075250785138 -0.20530075250785138 -0.20530075250785138 -0.20530075250785138 -0.20530075250785138 -0.20530075250785138 -0.20530075250785138 -0.20530075250785138 -0.20530075250785138 -0.20530075250785138 -0.20530075250785138 -0.20530075250785138 -0.20530075250785138 -0.20530075250785138 -0.20530075250785138 -0.20530075250785138 -0.20530075250785138 -0.20530075250785138 -0.20530075250785138 -0.20530075250785138 -0.20530075250785138 -0.20530075250785138 -0.20530075250785138 -0.20530075250785138 -0.20530075250785138 -0.20530075250785138 -0.20530075250785138 -0.20530075250785138 -0.20530075250785138 -0.20530075250785138 -0.20530075250785138 -0.20530075250785138 -0.20530075250785138 -0.19790864421799786 -0.20530075250785138 -0.20530075250785138 -0.20530075250785138 -0.20530075250785138 -0.18051616427584133 -0.18315246518198733 -0.11719771357561985 -0.11719771357561985 -0.1670042698561103 -0.11719771357561985 -0.11719771357561985 -0.11719771357561985 -0.11719771357561985 -0.15209180674513348 -0.11371449382753211 -0.09216072937508359 -0.04980819128046272
-0.19425117089987065 -0.19425117089987065 -0.16459849722065942 -0.19425117089987065 -0.19425117089987065 -0.19425117089987065 -0.19425117089987065 -0.19425117089987065 -0.19425117089987065 -0.19425117089987065 -0.19425117089987065 -0.19425117089987065 -0.19425117089987065 -0.19425117089987065 -0.19425117089987065 -0.19425117089987065 -0.19425117089987065 -0.19425117089987065 -0.19425117089987065 -0.19425117089987065 -0.19425117089987065 -0.19425117089987065 -0.19425117089987065 -0.19425117089987065 -0.19425117089987065 -0.19425117089987065 -0.19425117089987065 -0.19425117089987065 -0.19425117089987065 -0.19425117089987065 -0.19425117089987065 -0.19425117089987065 -0.19425117089987065 -0.19425117089987065 -0.19425117089987065 -0.19425117089987065 -0.19425117089987065 -0.19425117089987065 -0.19425117089987065 -0.19425117089987065 -0.19425117089987065 -0.19425117089987065 -0.19425117089987065 -0.19425117089987065 -0.19425117089987065 -0.19425117089987065 -0.19425117089987065 -0.19425117089987065 -0.19425117089987065 -0.19425117089987065 -0.19425117089987065 -0.19425117089987065 -0.19425117089987065 -0.19425117089987065 -0.19425117089987065 -0.19425117089987065 -0.19425117089987065 -0.19425117089987065 -0.19425117089987065 -0.19425117089987065 -0.19425117089987065 -0.19425117089987065 -0.19425117089987065 -0.19425117089987065 -0.19425117089987065 -0.19425117089987065 -0.19425117089987065 -0.19425117089987065 -0.19425117089987065 -0.19425117089987065 -0.19425117089987065 -0.19425117089987065 -0.19425117089987065 -0.19425117089987065 -0.19425117089987065 -0.19425117089987065 -0.19425117089987065 -0.19425117089987065 -0.19425117089987065 -0.19425117089987065 -0.19425117089987065 -0.19425117089987065 -0.19425117089987065 -0.19425117089987065 -0.19425117089987065 -0.19425117089987065 -0.19425117089987065 -0.19425117089987065 -0.19425117089987065 -0.19425117089987065 -0.19425117089987065 -0.18315246518198733 -0.11719771357561985 -0.11719771357561985 -0.1670042698561103 -0.11719771357561985 -0.11719771357561985 -0.11719771357561985 -0.11719771357561985 -0.15565045610940104 -0.11371449382753211 -0.09216072937508359 -0.04980819128046272
-0.18322369834603106 -0.18322369834603106 -0.16459849722065942 -0.18322369834603106 -0.18322369834603106 -0.18322369834603106 -0.18322369834603106 -0.18322369834603106 -0.18322369834603106 -0.18322369834603106 -0.18322369834603106 -0.18322369834603106 -0.18322369834603106 -0.18322369834603106 -0.18322369834603106 -0.18322369834603106 -0.18322369834603106 -0.18322369834603106 -0.18322369834603106 -0.18322369834603106 -0.18322369834603106 -0.18322369834603106 -0.18322369834603106 -0.18322369834603106 -0.18322369834603106 -0.18322369834603106 -0.18322369834603106 -0.18322369834603106 -0.18322369834603106 -0.18322369834603106 -0.18322369834603106 -0.18322369834603106 -0.18322369834603106 -0.18322369834603106 -0.18322369834603106 -0.18322369834603106 -0.18322369834603106 -0.18322369834603106 -0.18322369834603106 -0.18322369834603106 -0.18322369834603106 -0.18322369834603106 -0.18322369834603106 -0.18322369834603106 -0.18322369834603106 -0.18322369834603106 -0.18322369834603106 -0.18322369834603106 -0.18322369834603106 -0.18322369834603106 -0.18322369834603106 -0.18322369834603106 -0.18322369834603106 -0.18322369834603106 -0.18322369834603106 -0.18322369834603106 -0.18322369834603106 -0.18322369834603106 -0.18322369834603106 -0.18322369834603106 -0.18322369834603106 -0.18322369834603106 -0.18322369834603106 -0.18322369834603106 -0.18322369834603106 -0.18322369834603106 -0.18322369834603106 -0.18322369834603106 -0.18322369834603106 -0.18322369834603106 -0.18322369834603106 -0.18322369834603106 -0.18322369834603106 -0.18322369834603106 -0.18322369834603106 -0.18322369834603106 -0.18322369834603106 -0.18322369834603106 -0.18322369834603106 -0.18322369834603106 -0.18322369834603106 -0.18322369834603106 -0.18322369834603106 -0.18322369834603106 -0.18322369834603106 -0.18322369834603106 -0.18322369834603106 -0.18322369834603106 -0.18322369834603106 -0.18322369834603106 -0.18051616427584133 -0.18322369834603106 -0.11719771357561985 -0.11719771357561985 -0.1670042698561103 -0.11719771357561985 -0.11719771357561985 -0.11719771357561985 -0.11719771357561985 -0.15209180674513348 -0.11371449382753211 -0.09216072937508359 -0.04980819128046272
-0.11719771357561985 -0.11719771357561985 -0.11719771357561985 -0.11719771357561985 -0.11719771357561985 -0.11719771357561985 -0.11719771357561985 -0.11719771357561985 -0.11719771357561985 -0.11719771357561985 -0.11719771357561985 -0.11719771357561985 -0.11719771357561985 -0.11719771357561985 -0.11719771357561985 -0.11719771357561985 -0.11719771357561985 -0.11719771357561985 -0.11719771357561985 -0.11719771357561985 -0.11719771357561985 -0.11719771357561985 -0.11719771357561985 -0.11719771357561985 -0.11719771357561985 -0.11719771357561985 -0.11719771357561985 -0.11719771357561985 -0.11719771357561985 -0.11719771357561985 -0.11719771357561985 -0.11719771357561985 -0.11719771357561985 -0.11719771357561985 -0.11719771357561985 -0.11719771357561985 -0.11719771357561985 -0.11719771357561985 -0.11719771357561985 -0.11719771357561985 -0.11719771357561985 -0.11719771357561985 -0.11719771357561985 -0.11719771357561985 -0.11719771357561985 -0.11719771357561985 -0.11719771357561985 -0.11719771357561985 -0.11719771357561985 -0.11719771357561985 -0.11719771357561985 -0.11719771357561985 -0.11719771357561985 -0.11719771357561985 -0.11719771357561985 -0.11719771357561985 -0.11719771357561985 -0.11719771357561985 -0.11719771357561985 -0.11719771357561985 -0.11719771357561985 -0.11719771357561985 -0.11719771357561985 -0.11719771357561985 -0.11719771357561985 -0.11719771357561985 -0.11719771357561985 -0.11719771357561985 -0.11719771357561985 -0.11719771357561985 -0.11719771357561985 -0.11719771357561985 -0.11719771357561985 -0.11719771357561985 -0.11719771357561985 -0.11719771357561985 -0.11719771357561985 -0.11719771357561985 -0.11719771357561985 -0.11719771357561985 -0.11719771357561985 -0.11719771357561985 -0.11719771357561985 -0.11719771357561985 -0.11719771357561985 -0.11719771357561985 -0.11719771357561985 -0.11719771357561985 -0.11719771357561985 -0.11719771357561985 -0.11719771357561985 -0.11719771357561985 -0.1742899277399315 -0.1729640412507768 -0.11719771357561985 -0.16928516136184085 -0.1679598264820094 -0.16763628684461088 -0.16050915072083452 -0.11719771357561985 -0.11371449382753211 -0.09216072937508359 -0.04980819128046272
-0.11719771357561985 -0.11719771357561985 -0.11719771357561985 -0.11719771357561985 -0.11719771357561985 -0.11719771357561985 -0.11719771357561985 -0.11719771357561985 -0.11719771357561985 -0.11719771357561985 -0.11719771357561985 -0.11719771357561985 -0.11719771357561985 -0.11719771357561985 -0.11719771357561985 -0.11719771357561985 -0.11719771357561985 -0.11719771357561985 -0.11719771357561985 -0.11719771357561985 -0.11719771357561985 -0.11719771357561985 -0.11719771357561985 -0.11719771357561985 -0.11719771357561985 -0.11719771357561985 -0.11719771357561985 -0.11719771357561985 -0.11719771357561985 -0.11719771357561985 -0.11719771357561985 -0.11719771357561985 -0.11719771357561985 -0.11719771357561985 -0.11719771357561985 -0.11719771357561985 -0.11719771357561985 -0.11719771357561985 -0.11719771357561985 -0.11719771357561985 -0.11719771357561985 -0.11719771357561985 -0.11719771357561985 -0.11719771357561985 -0.11719771357561985 -0.11719771357561985 -0.11719771357561985 -0.11719771357561985 -0.11719771357561985 -0.11719771357561985 -0.11719771357561985 -0.11719771357561985 -0.11719771357561985 -0.11719771357561985 -0.11719771357561985 -0.11719771357561985 -0.11719771357561985 -0.11719771357561985 -0.11719771357561985 -0.11719771357561985 -0.11719771357561985 -0.11719771357561985 -0.11719771357561985 -0.11719771357561985 -0.11719771357561985 -0.11719771357561985 -0.11719771357561985 -0.11719771357561985 -0.11719771357561985 -0.11719771357561985 -0.11719771357561985 -0.11719771357561985 -0.11719771357561985 -0.11719771357561985 -0.11719771357561985 -0.11719771357561985 -0.11719771357561985 -0.11719771357561985 -0.11719771357561985 -0.11719771357561985 -0.11719771357561985 -0.11719771357561985 -0.11719771357561985 -0.11719771357561985 -0.11719771357561985 -0.11719771357561985 -0.11719771357561985 -0.11719771357561985 -0.11719771357561985 -0.11719771357561985 -0.11719771357561985 -0.11719771357561985 -0.1729640412507768 -0.1729640412507768 -0.11719771357561985 -0.16928516136184085 -0.1679598264820094 -0.16763628684461088 -0.16010313804443368 -0.11719771357561985 -0.11371449382753211 -0.09216072937508359 -0.04980819128046272
-0.17004415649954985 -0.17004415649954985 -0.16459849722065942 -0.17004415649954985 -0.17004415649954985 -0.17004415649954985 -0.17004415649954985 -0.17004415649954985 -0.17004415649954985 -0.17004415649954985 -0.17004415649954985 -0.17004415649954985 -0.17004415649954985 -0.17004415649954985 -0.17004415649954985 -0.17004415649954985 -0.17004415649954985 -0.17004415649954985 -0.17004415649954985 -0.17004415649954985 -0.17004415649954985 -0.17004415649954985 -0.17004415649954985 -0.17004415649954985 -0.17004415649954985 -0.17004415649954985 -0.17004415649954985 -0.17004415649954985 -0.17004415649954985 -0.17004415649954985 -0.17004415649954985 -0.17004415649954985 -0.17004415649954985 -0.17004415649954985 -0.17004415649954985 -0.17004415649954985 -0.17004415649954985 -0.17004415649954985 -0.17004415649954985 -0.17004415649954985 -0.17004415649954985 -0.17004415649954985 -0.17004415649954985 -0.17004415649954985 -0.17004415649954985 -0.17004415649954985 -0.17004415649954985 -0.17004415649954985 -0.17004415649954985 -0.17004415649954985 -0.17004415649954985 -0.17004415649954985 -0.17004415649954985 -0.17004415649954985 -0.17004415649954985 -0.17004415649954985 -0.17004415649954985 -0.17004415649954985 -0.17004415649954985 -0.17004415649954985 -0.17004415649954985 -0.17004415649954985 -0.17004415649954985 -0.17004415649954985 -0.17004415649954985 -0.17004415649954985 -0.17004415649954985 -0.17004415649954985 -0.17004415649954985 -0.17004415649954985 -0.17004415649954985 -0.17004415649954985 -0.17004415649954985 -0.17004415649954985 -0.17004415649954985 -0.17004415649954985 -0.17004415649954985 -0.17004415649954985 -0.17004415649954985 -0.17004415649954985 -0.17004415649954985 -0.17004415649954985 -0.17004415649954985 -0.17004415649954985 -0.17004415649954985 -0.17004415649954985 -0.17004415649954985 -0.17004415649954985 -0.17004415649954985 -0.17004415649954985 -0.17004415649954985 -0.17004415649954985 -0.11719771357561985 -0.11719771357561985 -0.17004415649954985 -0.11719771357561985 -0.11719771357561985 -0.11719771357561985 -0.11719771357561985 -0.15209180674513348 -0.11371449382753211 -0.09216072937508359 -0.04980819128046272
-0.11719771357561985 -0.11719771357561985 -0.11719771357561985 -0.11719771357561985 -0.11719771357561985 -0.11719771357561985 -0.11719771357561985 -0.11719771357561985 -0.11719771357561985 -0.11719771357561985 -0.11719771357561985 -0.11719771357561985 -0.11719771357561985 -0.11719771357561985 -0.11719771357561985 -0.11719771357561985 -0.11719771357561985 -0.11719771357561985 -0.11719771357561985 -0.11719771357561985 -0.11719771357561985 -0.11719771357561985 -0.11719771357561985 -0.11719771357561985 -0.11719771357561985 -0.11719771357561985 -0.11719771357561985 -0.11719771357561985 -0.11719771357561985 -0.11719771357561985 -0.11719771357561985 -0.11719771357561985 -0.11719771357561985 -0.11719771357561985 -0.11719771357561985 -0.11719771357561985 -0.11719771357561985 -0.11719771357561985 -0.11719771357561985 -0.11719771357561985 -0.11719771357561985 -0.11719771357561985 -0.11719771357561985 -0.11719771357561985 -0.11719771357561985 -0.11719771357561985 -0.11719771357561985 -0.11719771357561985 -0.11719771357561985 -0.11719771357561985 -0.11719771357561985 -0.11719771357561985 -0.11719771357561985 -0.11719771357561985 -0.11719771357561985 -0.11719771357561985 -0.11719771357561985 -0.11719771357561985 -0.11719771357561985 -0.11719771357561985 -0.11719771357561985 -0.11719771357561985 -0.11719771357561985 -0.11719771357561985 -0.11719771357561985 -0.11719771357561985 -0.11719771357561985 -0.11719771357561985 -0.11719771357561985 -0.11719771357561985 -0.11719771357561985 -0.11719771357561985 -0.11719771357561985 -0.11719771357561985 -0.11719771357561985 -0.11719771357561985 -0.11719771357561985 -0.11719771357561985 -0.11719771357561985 -0.11719771357561985 -0.11719771357561985 -0.11719771357561985 -0.11719771357561985 -0.11719771357561985 -0.11719771357561985 -0.11719771357561985 -0.11719771357561985 -0.11719771357561985 -0.11719771357561985 -0.11719771357561985 -0.11719771357561985 -0.11719771357561985 -0.16928516136184085 -0.16928516136184085 -0.11719771357561985 -0.16928516136184085 -0.1679598264820094 -0.16763628684461088 -0.16050915072083452 -0.11719771357561985 -0.11371449382753211 -0.09216072937508359 -0.04980819128046272
-0.11719771357561985 -0.11719771357561985 -0.11719771357561985 -0.11719771357561985 -0.11719771357561985 -0.11719771357561985 -0.11719771357561985 -0.11719771357561985 -0.11719771357561985 -0.11719771357561985 -0.11719771357561985 -0.11719771357561985 -0.11719771357561985 -0.11719771357561985 -0.11719771357561985 -0.11719771357561985 -0.11719771357561985 -0.11719771357561985 -0.11719771357561985 -0.11719771357561985 -0.11719771357561985 -0.11719771357561985 -0.11719771357561985 -0.11719771357561985 -0.11719771357561985 -0.11719771357561985 -0.11719771357561985 -0.11719771357561985 -0.11719771357561985 -0.11719771357561985 -0.11719771357561985 -0.11719771357561985 -0.11719771357561985 -0.11719771357561985 -0.11719771357561985 -0.11719771357561985 -0.11719771357561985 -0.11719771357561985 -0.11719771357561985 -0.11719771357561985 -0.11719771357561985 -0.11719771357561985 -0.11719771357561985 -0.11719771357561985 -0.11719771357561985 -0.11719771357561985 -0.11719771357561985 -0.11719771357561985 -0.11719771357561985 -0.11719771357561985 -0.11719771357561985 -0.11719771357561985 -0.11719771357561985 -0.11719771357561985 -0.11719771357561985 -0.11719771357561985 -0.11719771357561985 -0.11719771357561985 -0.11719771357561985 -0.11719771357561985 -0.11719771357561985 -0.11719771357561985 -0.11719771357561985 -0.11719771357561985 -0.11719771357561985 -0.11719771357561985 -0.11719771357561985 -0.11719771357561985 -0.11719771357561985 -0.11719771357561985 -0.11719771357561985 -0.11719771357561985 -0.11719771357561985 -0.11719771357561985 -0.11719771357561985 -0.11719771357561985 -0.11719771357561985 -0.11719771357561985 -0.11719771357561985 -0.11719771357561985 -0.11719771357561985 -0.11719771357561985 -0.11719771357561985 -0.11719771357561985 -0.11719771357561985 -0.11719771357561985 -0.11719771357561985 -0.11719771357561985 -0.11719771357561985 -0.11719771357561985 -0.11719771357561985 -0.11719771357561985 -0.1679598264820094 -0.1679598264820094 -0.11719771357561985 -0.1679598264820094 -0.1679598264820094 -0.16763628684461088 -0.16010313804443368 -0.11719771357561985 -0.11371449382753211 -0.09216072937508359 -0.04980819128046272
-0.11719771357561985 -0.11719771357561985 -0.11719771357561985 -0.11719771357561985 -0.11719771357561985 -0.11719771357561985 -0.11719771357561985 -0.11719771357561985 -0.11719771357561985 -0.11719771357561985 -0.11719771357561985 -0.11719771357561985 -0.11719771357561985 -0.11719771357561985 -0.11719771357561985 -0.11719771357561985 -0.11719771357561985 -0.11719771357561985 -0.11719771357561985 -0.11719771357561985 -0.11719771357561985 -0.11719771357561985 -0.11719771357561985 -0.11719771357561985 -0.11719771357561985 -0.11719771357561985 -0.11719771357561985 -0.11719771357561985 -0.11719771357561985 -0.11719771357561985 -0.11719771357561985 -0.11719771357561985 -0.11719771357561985 -0.11719771357561985 -0.11719771357561985 -0.11719771357561985 -0.11719771357561985 -0.11719771357561985 -0.11719771357561985 -0.11719771357561985 -0.11719771357561985 -0.11719771357561985 -0.11719771357561985 -0.11719771357561985 -0.11719771357561985 -0.11719771357561985 -0.11719771357561985 -0.11719771357561985 -0.11719771357561985 -0.11719771357561985 -0.11719771357561985 -0.11719771357561985 -0.11719771357561985 -0.11719771357561985 -0.11719771357561985 -0.11719771357561985 -0.11719771357561985 -0.11719771357561985 -0.11719771357561985 -0.11719771357561985 -0.11719771357561985 -0.11719771357561985 -0.11719771357561985 -0.11719771357561985 -0.11719771357561985 -0.11719771357561985 -0.11719771357561985 -0.11719771357561985 -0.11719771357561985 -0.11719771357561985 -0.11719771357561985 -0.11719771357561985 -0.11719771357561985 -0.11719771357561985 -0.11719771357561985 -0.11719771357561985 -0.11719771357561985 -0.11719771357561985 -0.11719771357561985 -0.11719771357561985 -0.11719771357561985 -0.11719771357561985 -0.11719771357561985 -0.11719771357561985 -0.11719771357561985 -0.11719771357561985 -0.11719771357561985 -0.11719771357561985 -0.11719771357561985 -0.11719771357561985 -0.11719771357561985 -0.11719771357561985 -0.16763628684461088 -0.16763628684461088 -0.11719771357561985 -0.16763628684461088 -0.16763628684461088 -0.16763628684461088 -0.16010313804443368 -0.11719771357561985 -0.11371449382753211 -0.09216072937508359 -0.04980819128046272
-0.11719771357561985 -0.11719771357561985 -0.11719771357561985 -0.11719771357561985 -0.11719771357561985 -0.11719771357561985 -0.11719771357561985 -0.11719771357561985 -0.11719771357561985 -0.11719771357561985 -0.11719771357561985 -0.11719771357561985 -0.11719771357561985 -0.11719771357561985 -0.11719771357561985 -0.11719771357561985 -0.11719771357561985 -0.11719771357561985 -0.11719771357561985 -0.11719771357561985 -0.11719771357561985 -0.11719771357561985 -0.11719771357561985 -0.11719771357561985 -0.11719771357561985 -0.11719771357561985 -0.11719771357561985 -0.11719771357561985 -0.11719771357561985 -0.11719771357561985 -0.11719771357561985 -0.11719771357561985 -0.11719771357561985 -0.11719771357561985 -0.11719771357561985 -0.11719771357561985 -0.11719771357561985 -0.11719771357561985 -0.11719771357561985 -0.11719771357561985 -0.11719771357561985 -0.11719771357561985 -0.11719771357561985 -0.11719771357561985 -0.11719771357561985 -0.11719771357561985 -0.11719771357561985 -0.11719771357561985 -0.11719771357561985 -0.11719771357561985 -0.11719771357561985 -0.11719771357561985 -0.11719771357561985 -0.11719771357561985 -0.11719771357561985 -0.11719771357561985 -0.11719771357561985 -0.11719771357561985 -0.11719771357561985 -0.11719771357561985 -0.11719771357561985 -0.11719771357561985 -0.11719771357561985 -0.11719771357561985 -0.11719771357561985 -0.11719771357561985 -0.11719771357561985 -0.11719771357561985 -0.11719771357561985 -0.11719771357561985 -0.11719771357561985 -0.11719771357561985 -0.11719771357561985 -0.11719771357561985 -0.11719771357561985 -0.11719771357561985 -0.11719771357561985 -0.11719771357561985 -0.11719771357561985 -0.11719771357561985 -0.11719771357561985 -0.11719771357561985 -0.11719771357561985 -0.11719771357561985 -0.11719771357561985 -0.11719771357561985 -0.11719771357561985 -0.11719771357561985 -0.11719771357561985 -0.11719771357561985 -0.11719771357561985 -0.11719771357561985 -0.16050915072083452 -0.16050915072083452 -0.11719771357561985 -0.16050915072083452 -0.16050915072083452 -0.16050915072083452 -0.16050915072083452 -0.11719771357561985 -0.11371449382753211 -0.09216072937508359 -0.04980819128046272
-0.15565045610940104 -0.15565045610940104 -0.15565045610940104 -0.15565045610940104 -0.15565045610940104 -0.15565045610940104 -0.15565045610940104 -0.15565045610940104 -0.15565045610940104 -0.15565045610940104 -0.15565045610940104 -0.15565045610940104 -0.15565045610940104 -0.15565045610940104 -0.15565045610940104 -0.15565045610940104 -0.15565045610940104 -0.15565045610940104 -0.15565045610940104 -0.15565045610940104 -0.15565045610940104 -0.15565045610940104 -0.15565045610940104 -0.15565045610940104 -0.15565045610940104 -0.15565045610940104 -0.15565045610940104 -0.15565045610940104 -0.15565045610940104 -0.15565045610940104 -0.15565045610940104 -0.15565045610940104 -0.15565045610940104 -0.15565045610940104 -0.15565045610940104 -0.15565045610940104 -0.15565045610940104 -0.15565045610940104 -0.15565045610940104 -0.15565045610940104 -0.15565045610940104 -0.15565045610940104 -0.15565045610940104 -0.15565045610940104 -0.15565045610940104 -0.15565045610940104 -0.15565045610940104 -0.15565045610940104 -0.15565045610940104 -0.15565045610940104 -0.15565045610940104 -0.15565045610940104 -0.15565045610940104 -0.15565045610940104 -0.15565045610940104 -0.15565045610940104 -0.15565045610940104 -0.15565045610940104 -0.15565045610940104 -0.15565045610940104 -0.15565045610940104 -0.15565045610940104 -0.15565045610940104 -0.15565045610940104 -0.15565045610940104 -0.15565045610940104 -0.15565045610940104 -0.15565045610940104 -0.15565045610940104 -0.15565045610940104 -0.15565045610940104 -0.15565045610940104 -0.15565045610940104 -0.15565045610940104 -0.15565045610940104 -0.15565045610940104 -0.15565045610940104 -0.15565045610940104 -0.15565045610940104 -0.15565045610940104 -0.15565045610940104 -0.15565045610940104 -0.15565045610940104 -0.15565045610940104 -0.15565045610940104 -0.15565045610940104 -0.15565045610940104 -0.15565045610940104 -0.15565045610940104 -0.15565045610940104 -0.15565045610940104 -0.15565045610940104 -0.11719771357561985 -0.11719771357561985 -0.15565045610940104 -0.11719771357561985 -0.11719771357561985 -0.11719771357561985 -0.11719771357561985 -0.15565045610940104 -0.11371449382753211 -0.09216072937508359 -0.04980819128046272
-0.11719771357561985 -0.11719771357561985 -0.11719771357561985 -0.11719771357561985 -0.11719771357561985 -0.11719771357561985 -0.11719771357561985 -0.11719771357561985 -0.11719771357561985 -0.11719771357561985 -0.11719771357561985 -0.11719771357561985 -0.11719771357561985 -0.11719771357561985 -0.11719771357561985 -0.11719771357561985 -0.11719771357561985 -0.11719771357561985 -0.11719771357561985 -0.11719771357561985 -0.11719771357561985 -0.11719771357561985 -0.11719771357561985 -0.11719771357561985 -0.11719771357561985 -0.11719771357561985 -0.11719771357561985 -0.11719771357561985 -0.11719771357561985 -0.11719771357561985 -0.11719771357561985 -0.11719771357561985 -0.11719771357561985 -0.11719771357561985 -0.11719771357561985 -0.11719771357561985 -0.11719771357561985 -0.11719771357561985 -0.11719771357561985 -0.11719771357561985 -0.11719771357561985 -0.11719771357561985 -0.11719771357561985 -0.11719771357561985 -0.11719771357561985 -0.11719771357561985 -0.11719771357561985 -0.11719771357561985 -0.11719771357561985 -0.11719771357561985 -0.11719771357561985 -0.11719771357561985 -0.11719771357561985 -0.11719771357561985 -0.11719771357561985 -0.11719771357561985 -0.11719771357561985 -0.11719771357561985 -0.11719771357561985 -0.11719771357561985 -0.11719771357561985 -0.11719771357561985 -0.11719771357561985 -0.11719771357561985 -0.11719771357561985 -0.11719771357561985 -0.11719771357561985 -0.11719771357561985 -0.11719771357561985 -0.11719771357561985 -0.11719771357561985 -0.11719771357561985 -0.11719771357561985 -0.11719771357561985 -0.11719771357561985 -0.11719771357561985 -0.11719771357561985 -0.11719771357561985 -0.11719771357561985 -0.11719771357561985 -0.11719771357561985 -0.11719771357561985 -0.11719771357561985 -0.11719771357561985 -0.11719771357561985 -0.11719771357561985 -0.11719771357561985 -0.11719771357561985 -0.11719771357561985 -0.11719771357561985 -0.11719771357561985 -0.11719771357561985 -0.12657892283600472 -0.12657892283600472 -0.11719771357561985 -0.12657892283600472 -0.12657892283600472 -0.12657892283600472 -0.12657892283600472 -0.11719771357561985 -0.12657892283600472 -0.09216072937508359 -0.04980819128046272
-0.09216072937508359 -0.09216072937508359 -0.09216072937508359 -0.09216072937508359 -0.09216072937508359 -0.09216072937508359 -0.09216072937508359 -0.09216072937508359 -0.09216072937508359 -0.09216072937508359 -0.09216072937508359 -0.09216072937508359 -0.09216072937508359 -0.09216072937508359 -0.09216072937508359 -0.09216072937508359 -0.09216072937508359 -0.09216072937508359 -0.09216072937508359 -0.09216072937508359 -0.09216072937508359 -0.09216072937508359 -0.09216072937508359 -0.09216072937508359 -0.09216072937508359 -0.09216072937508359 -0.09216072937508359 -0.09216072937508359 -0.09216072937508359 -0.09216072937508359 -0.09216072937508359 -0.09216072937508359 -0.09216072937508359 -0.09216072937508359 -0.09216072937508359 -0.09216072937508359 -0.09216072937508359 -0.09216072937508359 -0.09216072937508359 -0.09216072937508359 -0.09216072937508359 -0.09216072937508359 -0.09216072937508359 -0.09216072937508359 -0.09216072937508359 -0.09216072937508359 -0.09216072937508359 -0.09216072937508359 -0.09216072937508359 -0.09216072937508359 -0.09216072937508359 -0.09216072937508359 -0.09216072937508359 -0.09216072937508359 -0.09216072937508359 -0.09216072937508359 -0.09216072937508359 -0.09216072937508359 -0.09216072937508359 -0.09216072937508359 -0.09216072937508359 -0.09216072937508359 -0.09216072937508359 -0.09216072937508359 -0.09216072937508359 -0.09216072937508359 -0.09216072937508359 -0.09216072937508359 -0.09216072937508359 -0.09216072937508359 -0.09216072937508359 -0.09216072937508359 -0.09216072937508359 -0.09216072937508359 -0.09216072937508359 -0.09216072937508359 -0.09216072937508359 -0.09216072937508359 -0.09216072937508359 -0.09216072937508359 -0.09216072937508359 -0.09216072937508359 -0.09216072937508359 -0.09216072937508359 -0.09216072937508359 -0.09216072937508359 -0.09216072937508359 -0.09216072937508359 -0.09216072937508359 -0.09216072937508359 -0.09216072937508359 -0.09216072937508359 -0.09216072937508359 -0.09216072937508359 -0.09216072937508359 -0.09216072937508359 -0.09216072937508359 -0.09216072937508359 -0.09216072937508359 -0.09216072937508359 -0.09216072937508359 -0.09261170406366152 -0.04980819128046272
-0.05261026286493841 -0.05261026286493841 -0.05261026286493841 -0.05261026286493841 -0.05261026286493841 -0.05261026286493841 -0.05261026286493841 -0.05261026286493841 -0.05261026286493841 -0.05261026286493841 -0.05261026286493841 -0.05261026286493841 -0.05261026286493841 -0.05261026286493841 -0.05261026286493841 -0.05261026286493841 -0.05261026286493841 -0.05261026286493841 -0.05261026286493841 -0.05261026286493841 -0.05261026286493841 -0.05261026286493841 -0.05261026286493841 -0.05261026286493841 -0.05261026286493841 -0.05261026286493841 -0.05261026286493841 -0.05261026286493841 -0.05261026286493841 -0.05261026286493841 -0.05261026286493841 -0.05261026286493841 -0.05261026286493841 -0.05261026286493841 -0.05261026286493841 -0.05261026286493841 -0.05261026286493841 -0.05261026286493841 -0.05261026286493841 -0.05261026286493841 -0.05261026286493841 -0.05261026286493841 -0.05261026286493841 -0.05261026286493841 -0.05261026286493841 -0.05261026286493841 -0.05261026286493841 -0.05261026286493841 -0.05261026286493841 -0.05261026286493841 -0.05261026286493841 -0.05261026286493841 -0.05261026286493841 -0.05261026286493841 -0.05261026286493841 -0.05261026286493841 -0.05261026286493841 -0.05261026286493841 -0.05261026286493841 -0.05261026286493841 -0.05261026286493841 -0.05261026286493841 -0.05261026286493841 -0.05261026286493841 -0.05261026286493841 -0.05261026286493841 -0.05261026286493841 -0.05261026286493841 -0.05261026286493841 -0.05261026286493841 -0.05261026286493841 -0.05261026286493841 -0.05261026286493841 -0.05261026286493841 -0.05261026286493841 -0.05261026286493841 -0.05261026286493841 -0.05261026286493841 -0.05261026286493841 -0.05261026286493841 -0.05261026286493841 -0.05261026286493841 -0.05261026286493841 -0.05261026286493841 -0.05261026286493841 -0.05261026286493841 -0.05261026286493841 -0.05261026286493841 -0.05261026286493841 -0.05261026286493841 -0.05261026286493841 -0.05261026286493841 -0.05261026286493841 -0.05261026286493841 -0.05261026286493841 -0.05261026286493841 -0.05261026286493841 -0.05261026286493841 -0.05261026286493841 -0.05261026286493841 -0.05261026286493841 -0.05261026286493841 -0.05261026286493841