-0.41450045425379445 -0.41450045425379445 -0.41450045425379445 -0.7241614231901229 -0.41450045425379445 -0.7241614231901229 -0.7523109340634089 -0.2910168055812731 -0.41450045425379445 -0.6927821563039788 -0.7323698312227527 -0.7241614231901229 -0.41450045425379445 -0.41450045425379445 -0.666688553229345 -0.6711989611519501 -0.6694837912596724 -0.6626232102312665 -0.6581672779174851 -0.6043178013879441 -0.2910168055812731 -0.2005393845616727 -0.41450045425379445 -0.2910168055812731 -0.41450045425379445 -0.2910168055812731 -0.3855278509758527 -0.3855278509758527 -0.4539404294639008 -0.3855278509758527 -0.3855278509758527 -0.3335858794089664 -0.41450045425379445 -0.41450045425379445 -0.41450045425379445 -0.2379316545252044 -0.2005393845616727 -0.22756876362612646 -0.22830552679999425 -0.22756876362612646 -0.22830552679999425 -0.2910168055812731 -0.22756876362612646 -0.22830552679999425 -0.3855278509758527 -0.40113588493881985 -0.22830552679999425 -0.22756876362612646 -0.3855278509758527 -0.22756876362612646 -0.3639821370395035 -0.2616721643858613 -0.22756876362612646 -0.2910168055812731 -0.22830552679999425 -0.2616721643858613 -0.2616721643858613 -0.2379316545252044 -0.3190683313127569 -0.3190683313127569 -0.30461898934677667 -0.2844810867792142 -0.2844810867792142 -0.27682091413269405 -0.286638305034479 -0.2379316545252044 -0.23251960119023826 -0.2650774288769177 -0.22756876362612646 -0.2007912125120053 -0.2007912125120053 -0.23238513259262944 -0.22780709186736678 -0.22700491554332977 -0.21312036081183913 -0.21490860856096677 -0.20504487288595782 -0.20638379212317884 -0.20504487288595782 -0.1650964828798623 -0.172343789395648 -0.15637280172162352 -0.15637280172162352 -0.15532095637140594 -0.15175214921103813 -0.13044321571823875 -0.10771662051631004 -0.10411635093135119 -0.06026619814920979 -0.0414997747203133 -0.01202090482311622
-0.42229695704406345 -0.42229695704406345 -0.42229695704406345 -0.6043178013879441 -0.42229695704406345 -0.6043178013879441 -0.6043178013879441 -0.2910168055812731 -0.42229695704406345 -0.6043178013879441 -0.6043178013879441 -0.6043178013879441 -0.42229695704406345 -0.42229695704406345 -0.6043178013879441 -0.6043178013879441 -0.6043178013879441 -0.6043178013879441 -0.6043178013879441 -0.6043178013879441 -0.2910168055812731 -0.2005393845616727 -0.42229695704406345 -0.2910168055812731 -0.42229695704406345 -0.2910168055812731 -0.3855278509758527 -0.3855278509758527 -0.5460282046969286 -0.3855278509758527 -0.3855278509758527 -0.3335858794089664 -0.42229695704406345 -0.42229695704406345 -0.4734870602327816 -0.2379316545252044 -0.2005393845616727 -0.22756876362612646 -0.22830552679999425 -0.22756876362612646 -0.22830552679999425 -0.2910168055812731 -0.22756876362612646 -0.22830552679999425 -0.3855278509758527 -0.40113588493881985 -0.22830552679999425 -0.22756876362612646 -0.3855278509758527 -0.22756876362612646 -0.3639821370395035 -0.2616721643858613 -0.22756876362612646 -0.2910168055812731 -0.22830552679999425 -0.2616721643858613 -0.2616721643858613 -0.2379316545252044 -0.3190683313127569 -0.3190683313127569 -0.30461898934677667 -0.2844810867792142 -0.2844810867792142 -0.27682091413269405 -0.286638305034479 -0.2379316545252044 -0.23251960119023826 -0.2650774288769177 -0.22756876362612646 -0.2007912125120053 -0.2007912125120053 -0.23238513259262944 -0.22780709186736678 -0.22700491554332977 -0.21312036081183913 -0.21762688035622685 -0.20069419707525465 -0.20638379212317884 -0.20069419707525465 -0.1650964828798623 -0.172343789395648 -0.15637280172162352 -0.15637280172162352 -0.15532095637140594 -0.15175214921103813 -0.13044321571823875 -0.10771662051631004 -0.10411635093135119 -0.06026619814920979 -0.0414997747203133 -0.01202090482311622
-0.784802567216444 -0.48361167509000863 -0.48361167509000863 -0.41450045425379445 -0.7791440283953411 -0.41450045425379445 -0.41450045425379445 -0.2910168055812731 -0.6732923119532505 -0.41450045425379445 -0.41450045425379445 -0.41450045425379445 -0.4743313807448775 -0.6666639880857912 -0.41450045425379445 -0.41450045425379445 -0.41450045425379445 -0.41450045425379445 -0.41450045425379445 -0.41450045425379445 -0.2910168055812731 -0.2005393845616727 -0.4743313807448775 -0.2910168055812731 -0.4739689395098807 -0.2910168055812731 -0.3855278509758527 -0.3855278509758527 -0.41450045425379445 -0.3855278509758527 -0.3855278509758527 -0.3335858794089664 -0.4971957176957354 -0.4971957176957354 -0.42229695704406345 -0.2379316545252044 -0.2005393845616727 -0.22756876362612646 -0.22830552679999425 -0.22756876362612646 -0.22830552679999425 -0.2910168055812731 -0.22756876362612646 -0.22830552679999425 -0.3855278509758527 -0.40113588493881985 -0.22830552679999425 -0.22756876362612646 -0.3855278509758527 -0.22756876362612646 -0.3639821370395035 -0.2616721643858613 -0.22756876362612646 -0.2910168055812731 -0.22830552679999425 -0.2616721643858613 -0.2616721643858613 -0.2379316545252044 -0.3190683313127569 -0.3190683313127569 -0.30461898934677667 -0.2844810867792142 -0.2844810867792142 -0.27682091413269405 -0.286638305034479 -0.2379316545252044 -0.23251960119023826 -0.2650774288769177 -0.22756876362612646 -0.2007912125120053 -0.2007912125120053 -0.23238513259262944 -0.22780709186736678 -0.22700491554332977 -0.21312036081183913 -0.21490860856096677 -0.20069419707525465 -0.20638379212317884 -0.20069419707525465 -0.1650964828798623 -0.172343789395648 -0.15637280172162352 -0.15637280172162352 -0.15532095637140594 -0.15175214921103813 -0.13044321571823875 -0.10771662051631004 -0.10411635093135119 -0.06026619814920979 -0.0414997747203133 -0.01202090482311622
-0.5878433770391804 -0.7645102413230225 -0.7645102413230225 -0.41450045425379445 -0.5878433770391804 -0.41450045425379445 -0.41450045425379445 -0.2910168055812731 -0.5878433770391804 -0.41450045425379445 -0.41450045425379445 -0.41450045425379445 -0.4743313807448775 -0.5878433770391804 -0.41450045425379445 -0.41450045425379445 -0.41450045425379445 -0.41450045425379445 -0.41450045425379445 -0.41450045425379445 -0.2910168055812731 -0.2005393845616727 -0.4743313807448775 -0.2910168055812731 -0.4739689395098807 -0.2910168055812731 -0.3855278509758527 -0.3855278509758527 -0.41450045425379445 -0.3855278509758527 -0.3855278509758527 -0.3335858794089664 -0.4971957176957354 -0.4971957176957354 -0.42229695704406345 -0.2379316545252044 -0.2005393845616727 -0.22756876362612646 -0.22830552679999425 -0.22756876362612646 -0.22830552679999425 -0.2910168055812731 -0.22756876362612646 -0.22830552679999425 -0.3855278509758527 -0.40113588493881985 -0.22830552679999425 -0.22756876362612646 -0.3855278509758527 -0.22756876362612646 -0.3639821370395035 -0.2616721643858613 -0.22756876362612646 -0.2910168055812731 -0.22830552679999425 -0.2616721643858613 -0.2616721643858613 -0.2379316545252044 -0.3190683313127569 -0.3190683313127569 -0.30461898934677667 -0.2844810867792142 -0.2844810867792142 -0.27682091413269405 -0.286638305034479 -0.2379316545252044 -0.23251960119023826 -0.2650774288769177 -0.22756876362612646 -0.2007912125120053 -0.2007912125120053 -0.23238513259262944 -0.22780709186736678 -0.22700491554332977 -0.21312036081183913 -0.21490860856096677 -0.20069419707525465 -0.20638379212317884 -0.20069419707525465 -0.1650964828798623 -0.172343789395648 -0.15637280172162352 -0.15637280172162352 -0.15532095637140594 -0.15175214921103813 -0.13044321571823875 -0.10771662051631004 -0.10411635093135119 -0.06026619814920979 -0.0414997747203133 -0.01202090482311622
-0.40113588493881985 -0.40113588493881985 -0.40113588493881985 -0.40113588493881985 -0.40113588493881985 -0.40113588493881985 -0.40113588493881985 -0.2910168055812731 -0.40113588493881985 -0.40113588493881985 -0.40113588493881985 -0.40113588493881985 -0.40113588493881985 -0.40113588493881985 -0.40113588493881985 -0.40113588493881985 -0.40113588493881985 -0.40113588493881985 -0.40113588493881985 -0.40113588493881985 -0.2910168055812731 -0.2005393845616727 -0.40113588493881985 -0.2910168055812731 -0.40113588493881985 -0.2910168055812731 -0.3855278509758527 -0.3855278509758527 -0.40113588493881985 -0.3855278509758527 -0.3855278509758527 -0.3335858794089664 -0.40113588493881985 -0.40113588493881985 -0.40113588493881985 -0.2379316545252044 -0.2005393845616727 -0.22756876362612646 -0.22830552679999425 -0.22756876362612646 -0.22830552679999425 -0.2910168055812731 -0.22756876362612646 -0.22830552679999425 -0.3855278509758527 -0.40113588493881985 -0.22830552679999425 -0.22756876362612646 -0.3855278509758527 -0.22756876362612646 -0.3639821370395035 -0.2616721643858613 -0.22756876362612646 -0.2910168055812731 -0.22830552679999425 -0.2616721643858613 -0.2616721643858613 -0.2379316545252044 -0.3190683313127569 -0.3190683313127569 -0.30461898934677667 -0.2844810867792142 -0.2844810867792142 -0.27682091413269405 -0.286638305034479 -0.2379316545252044 -0.23251960119023826 -0.2650774288769177 -0.22756876362612646 -0.2007912125120053 -0.2007912125120053 -0.23238513259262944 -0.22780709186736678 -0.22700491554332977 -0.21312036081183913 -0.21490860856096677 -0.20069419707525465 -0.20638379212317884 -0.20069419707525465 -0.1650964828798623 -0.172343789395648 -0.15637280172162352 -0.15637280172162352 -0.15532095637140594 -0.15175214921103813 -0.13044321571823875 -0.10771662051631004 -0.10411635093135119 -0.06026619814920979 -0.0414997747203133 -0.01202090482311622
-0.48361167509000863 -0.7288700936989457 -0.7288700936989457 -0.41450045425379445 -0.48361167509000863 -0.41450045425379445 -0.41450045425379445 -0.2910168055812731 -0.48361167509000863 -0.41450045425379445 -0.41450045425379445 -0.41450045425379445 -0.4743313807448775 -0.48361167509000863 -0.41450045425379445 -0.41450045425379445 -0.41450045425379445 -0.41450045425379445 -0.41450045425379445 -0.41450045425379445 -0.2910168055812731 -0.2005393845616727 -0.4743313807448775 -0.2910168055812731 -0.4739689395098807 -0.2910168055812731 -0.3855278509758527 -0.3855278509758527 -0.41450045425379445 -0.3855278509758527 -0.3855278509758527 -0.3335858794089664 -0.48361167509000863 -0.48361167509000863 -0.42229695704406345 -0.2379316545252044 -0.2005393845616727 -0.22756876362612646 -0.22830552679999425 -0.22756876362612646 -0.22830552679999425 -0.2910168055812731 -0.22756876362612646 -0.22830552679999425 -0.3855278509758527 -0.40113588493881985 -0.22830552679999425 -0.22756876362612646 -0.3855278509758527 -0.22756876362612646 -0.3639821370395035 -0.2616721643858613 -0.22756876362612646 -0.2910168055812731 -0.22830552679999425 -0.2616721643858613 -0.2616721643858613 -0.2379316545252044 -0.3190683313127569 -0.3190683313127569 -0.30461898934677667 -0.2844810867792142 -0.2844810867792142 -0.27682091413269405 -0.286638305034479 -0.2379316545252044 -0.23251960119023826 -0.2650774288769177 -0.22756876362612646 -0.2007912125120053 -0.2007912125120053 -0.23238513259262944 -0.22780709186736678 -0.22700491554332977 -0.21312036081183913 -0.21490860856096677 -0.20069419707525465 -0.20638379212317884 -0.20069419707525465 -0.1650964828798623 -0.172343789395648 -0.15637280172162352 -0.15637280172162352 -0.15532095637140594 -0.15175214921103813 -0.13044321571823875 -0.10771662051631004 -0.10411635093135119 -0.06026619814920979 -0.0414997747203133 -0.01202090482311622
-0.41450045425379445 -0.41450045425379445 -0.41450045425379445 -0.6084192429066343 -0.41450045425379445 -0.6084192429066343 -0.7255335273429846 -0.2910168055812731 -0.41450045425379445 -0.7255335273429846 -0.7255335273429846 -0.6084192429066343 -0.41450045425379445 -0.41450045425379445 -0.6084192429066343 -0.6711989611519501 -0.6694837912596724 -0.6084192429066343 -0.6581672779174851 -0.6043178013879441 -0.2910168055812731 -0.2005393845616727 -0.41450045425379445 -0.2910168055812731 -0.41450045425379445 -0.2910168055812731 -0.3855278509758527 -0.3855278509758527 -0.4539404294639008 -0.3855278509758527 -0.3855278509758527 -0.3335858794089664 -0.41450045425379445 -0.41450045425379445 -0.41450045425379445 -0.2379316545252044 -0.2005393845616727 -0.22756876362612646 -0.22830552679999425 -0.22756876362612646 -0.22830552679999425 -0.2910168055812731 -0.22756876362612646 -0.22830552679999425 -0.3855278509758527 -0.40113588493881985 -0.22830552679999425 -0.22756876362612646 -0.3855278509758527 -0.22756876362612646 -0.3639821370395035 -0.2616721643858613 -0.22756876362612646 -0.2910168055812731 -0.22830552679999425 -0.2616721643858613 -0.2616721643858613 -0.2379316545252044 -0.3190683313127569 -0.3190683313127569 -0.30461898934677667 -0.2844810867792142 -0.2844810867792142 -0.27682091413269405 -0.286638305034479 -0.2379316545252044 -0.23251960119023826 -0.2650774288769177 -0.22756876362612646 -0.2007912125120053 -0.2007912125120053 -0.23238513259262944 -0.22780709186736678 -0.22700491554332977 -0.21312036081183913 -0.21490860856096677 -0.20069419707525465 -0.20638379212317884 -0.20069419707525465 -0.1650964828798623 -0.172343789395648 -0.15637280172162352 -0.15637280172162352 -0.15532095637140594 -0.15175214921103813 -0.13044321571823875 -0.10771662051631004 -0.10411635093135119 -0.06026619814920979 -0.0414997747203133 -0.01202090482311622
-0.4739689395098807 -0.4739689395098807 -0.4739689395098807 -0.41450045425379445 -0.4739689395098807 -0.41450045425379445 -0.41450045425379445 -0.2910168055812731 -0.4739689395098807 -0.41450045425379445 -0.41450045425379445 -0.41450045425379445 -0.4739689395098807 -0.4739689395098807 -0.41450045425379445 -0.41450045425379445 -0.41450045425379445 -0.41450045425379445 -0.41450045425379445 -0.41450045425379445 -0.2910168055812731 -0.2005393845616727 -0.4739689395098807 -0.2910168055812731 -0.4739689395098807 -0.2910168055812731 -0.3855278509758527 -0.3855278509758527 -0.41450045425379445 -0.3855278509758527 -0.3855278509758527 -0.3335858794089664 -0.4739689395098807 -0.4739689395098807 -0.42229695704406345 -0.2379316545252044 -0.2005393845616727 -0.22756876362612646 -0.22830552679999425 -0.22756876362612646 -0.22830552679999425 -0.2910168055812731 -0.22756876362612646 -0.22830552679999425 -0.3855278509758527 -0.40113588493881985 -0.22830552679999425 -0.22756876362612646 -0.3855278509758527 -0.22756876362612646 -0.3639821370395035 -0.2616721643858613 -0.22756876362612646 -0.2910168055812731 -0.22830552679999425 -0.2616721643858613 -0.2616721643858613 -0.2379316545252044 -0.3190683313127569 -0.3190683313127569 -0.30461898934677667 -0.2844810867792142 -0.2844810867792142 -0.27682091413269405 -0.286638305034479 -0.2379316545252044 -0.23251960119023826 -0.2650774288769177 -0.22756876362612646 -0.2007912125120053 -0.2007912125120053 -0.23238513259262944 -0.22780709186736678 -0.22700491554332977 -0.21312036081183913 -0.21490860856096677 -0.20069419707525465 -0.20638379212317884 -0.20069419707525465 -0.1650964828798623 -0.172343789395648 -0.15637280172162352 -0.15637280172162352 -0.15532095637140594 -0.15175214921103813 -0.13044321571823875 -0.10771662051631004 -0.10411635093135119 -0.06026619814920979 -0.0414997747203133 -0.01202090482311622
-0.7214544274332704 -0.48361167509000863 -0.48361167509000863 -0.41450045425379445 -0.7214544274332704 -0.41450045425379445 -0.41450045425379445 -0.2910168055812731 -0.7214544274332704 -0.41450045425379445 -0.41450045425379445 -0.41450045425379445 -0.4743313807448775 -0.6666639880857912 -0.41450045425379445 -0.41450045425379445 -0.41450045425379445 -0.41450045425379445 -0.41450045425379445 -0.41450045425379445 -0.2910168055812731 -0.2005393845616727 -0.4743313807448775 -0.2910168055812731 -0.4739689395098807 -0.2910168055812731 -0.3855278509758527 -0.3855278509758527 -0.41450045425379445 -0.3855278509758527 -0.3855278509758527 -0.3335858794089664 -0.4971957176957354 -0.4971957176957354 -0.42229695704406345 -0.2379316545252044 -0.2005393845616727 -0.22756876362612646 -0.22830552679999425 -0.22756876362612646 -0.22830552679999425 -0.2910168055812731 -0.22756876362612646 -0.22830552679999425 -0.3855278509758527 -0.40113588493881985 -0.22830552679999425 -0.22756876362612646 -0.3855278509758527 -0.22756876362612646 -0.3639821370395035 -0.2616721643858613 -0.22756876362612646 -0.2910168055812731 -0.22830552679999425 -0.2616721643858613 -0.2616721643858613 -0.2379316545252044 -0.3190683313127569 -0.3190683313127569 -0.30461898934677667 -0.2844810867792142 -0.2844810867792142 -0.27682091413269405 -0.286638305034479 -0.2379316545252044 -0.23251960119023826 -0.2650774288769177 -0.22756876362612646 -0.2007912125120053 -0.2007912125120053 -0.23238513259262944 -0.22780709186736678 -0.22700491554332977 -0.21312036081183913 -0.21490860856096677 -0.20069419707525465 -0.20638379212317884 -0.20069419707525465 -0.1650964828798623 -0.172343789395648 -0.15637280172162352 -0.15637280172162352 -0.15532095637140594 -0.15175214921103813 -0.13044321571823875 -0.10771662051631004 -0.10411635093135119 -0.06026619814920979 -0.0414997747203133 -0.01202090482311622
-0.41450045425379445 -0.41450045425379445 -0.41450045425379445 -0.6084192429066343 -0.41450045425379445 -0.6084192429066343 -0.7114925517097455 -0.2910168055812731 -0.41450045425379445 -0.7114925517097455 -0.7114925517097455 -0.6084192429066343 -0.41450045425379445 -0.41450045425379445 -0.6084192429066343 -0.6467925040380557 -0.6388468409959832 -0.6084192429066343 -0.6388468409959832 -0.6043178013879441 -0.2910168055812731 -0.2005393845616727 -0.41450045425379445 -0.2910168055812731 -0.41450045425379445 -0.2910168055812731 -0.3855278509758527 -0.3855278509758527 -0.4539404294639008 -0.3855278509758527 -0.3855278509758527 -0.3335858794089664 -0.41450045425379445 -0.41450045425379445 -0.41450045425379445 -0.2379316545252044 -0.2005393845616727 -0.22756876362612646 -0.22830552679999425 -0.22756876362612646 -0.22830552679999425 -0.2910168055812731 -0.22756876362612646 -0.22830552679999425 -0.3855278509758527 -0.40113588493881985 -0.22830552679999425 -0.22756876362612646 -0.3855278509758527 -0.22756876362612646 -0.3639821370395035 -0.2616721643858613 -0.22756876362612646 -0.2910168055812731 -0.22830552679999425 -0.2616721643858613 -0.2616721643858613 -0.2379316545252044 -0.3190683313127569 -0.3190683313127569 -0.30461898934677667 -0.2844810867792142 -0.2844810867792142 -0.27682091413269405 -0.286638305034479 -0.2379316545252044 -0.23251960119023826 -0.2650774288769177 -0.22756876362612646 -0.2007912125120053 -0.2007912125120053 -0.23238513259262944 -0.22780709186736678 -0.22700491554332977 -0.21312036081183913 -0.21490860856096677 -0.20069419707525465 -0.20638379212317884 -0.20069419707525465 -0.1650964828798623 -0.172343789395648 -0.15637280172162352 -0.15637280172162352 -0.15532095637140594 -0.15175214921103813 -0.13044321571823875 -0.10771662051631004 -0.10411635093135119 -0.06026619814920979 -0.0414997747203133 -0.01202090482311622
-0.2005393845616727 -0.2005393845616727 -0.2005393845616727 -0.2005393845616727 -0.2005393845616727 -0.2005393845616727 -0.2005393845616727 -0.2005393845616727 -0.2005393845616727 -0.2005393845616727 -0.2005393845616727 -0.2005393845616727 -0.2005393845616727 -0.2005393845616727 -0.2005393845616727 -0.2005393845616727 -0.2005393845616727 -0.2005393845616727 -0.2005393845616727 -0.2005393845616727 -0.2005393845616727 -0.6262125042143533 -0.2005393845616727 -0.2005393845616727 -0.2005393845616727 -0.2005393845616727 -0.2005393845616727 -0.2005393845616727 -0.2005393845616727 -0.2005393845616727 -0.2005393845616727 -0.2005393845616727 -0.2005393845616727 -0.2005393845616727 -0.2005393845616727 -0.2005393845616727 -0.3417213144259771 -0.2005393845616727 -0.2005393845616727 -0.2005393845616727 -0.2005393845616727 -0.2005393845616727 -0.2005393845616727 -0.2005393845616727 -0.2005393845616727 -0.2005393845616727 -0.2005393845616727 -0.2005393845616727 -0.2005393845616727 -0.2005393845616727 -0.2005393845616727 -0.2005393845616727 -0.2005393845616727 -0.2005393845616727 -0.2005393845616727 -0.2005393845616727 -0.2005393845616727 -0.2005393845616727 -0.2005393845616727 -0.2005393845616727 -0.2005393845616727 -0.2005393845616727 -0.2005393845616727 -0.2005393845616727 -0.2005393845616727 -0.2005393845616727 -0.2005393845616727 -0.2005393845616727 -0.2005393845616727 -0.2005393845616727 -0.2005393845616727 -0.2005393845616727 -0.2005393845616727 -0.2005393845616727 -0.2005393845616727 -0.2005393845616727 -0.2005393845616727 -0.2005393845616727 -0.2005393845616727 -0.1650964828798623 -0.172343789395648 -0.15637280172162352 -0.15637280172162352 -0.15532095637140594 -0.15175214921103813 -0.13044321571823875 -0.10771662051631004 -0.10411635093135119 -0.06026619814920979 -0.0414997747203133 -0.01202090482311622
-0.4739689395098807 -0.4739689395098807 -0.4739689395098807 -0.41450045425379445 -0.4739689395098807 -0.41450045425379445 -0.41450045425379445 -0.2910168055812731 -0.4739689395098807 -0.41450045425379445 -0.41450045425379445 -0.41450045425379445 -0.4739689395098807 -0.4739689395098807 -0.41450045425379445 -0.41450045425379445 -0.41450045425379445 -0.41450045425379445 -0.41450045425379445 -0.41450045425379445 -0.2910168055812731 -0.2005393845616727 -0.4739689395098807 -0.2910168055812731 -0.4739689395098807 -0.2910168055812731 -0.3855278509758527 -0.3855278509758527 -0.41450045425379445 -0.3855278509758527 -0.3855278509758527 -0.3335858794089664 -0.4739689395098807 -0.4739689395098807 -0.42229695704406345 -0.2379316545252044 -0.2005393845616727 -0.22756876362612646 -0.22830552679999425 -0.22756876362612646 -0.22830552679999425 -0.2910168055812731 -0.22756876362612646 -0.22830552679999425 -0.3855278509758527 -0.40113588493881985 -0.22830552679999425 -0.22756876362612646 -0.3855278509758527 -0.22756876362612646 -0.36831822497864286 -0.2616721643858613 -0.22756876362612646 -0.2910168055812731 -0.22830552679999425 -0.2616721643858613 -0.2616721643858613 -0.2379316545252044 -0.3190683313127569 -0.3190683313127569 -0.30461898934677667 -0.2844810867792142 -0.2844810867792142 -0.27682091413269405 -0.286638305034479 -0.2379316545252044 -0.23251960119023826 -0.2650774288769177 -0.22756876362612646 -0.2007912125120053 -0.2007912125120053 -0.23238513259262944 -0.22780709186736678 -0.22700491554332977 -0.21312036081183913 -0.21490860856096677 -0.20069419707525465 -0.20638379212317884 -0.20069419707525465 -0.1650964828798623 -0.172343789395648 -0.15637280172162352 -0.15637280172162352 -0.15532095637140594 -0.15175214921103813 -0.13044321571823875 -0.10771662051631004 -0.10411635093135119 -0.06026619814920979 -0.0414997747203133 -0.01202090482311622
-0.41450045425379445 -0.41450045425379445 -0.41450045425379445 -0.6084192429066343 -0.41450045425379445 -0.6084192429066343 -0.6916486666798048 -0.2910168055812731 -0.41450045425379445 -0.6916486666798048 -0.6916486666798048 -0.6084192429066343 -0.41450045425379445 -0.41450045425379445 -0.6084192429066343 -0.6467925040380557 -0.6388468409959832 -0.6084192429066343 -0.6388468409959832 -0.6043178013879441 -0.2910168055812731 -0.2005393845616727 -0.41450045425379445 -0.2910168055812731 -0.41450045425379445 -0.2910168055812731 -0.3855278509758527 -0.3855278509758527 -0.4539404294639008 -0.3855278509758527 -0.3855278509758527 -0.3335858794089664 -0.41450045425379445 -0.41450045425379445 -0.41450045425379445 -0.2379316545252044 -0.2005393845616727 -0.22756876362612646 -0.22830552679999425 -0.22756876362612646 -0.22830552679999425 -0.2910168055812731 -0.22756876362612646 -0.22830552679999425 -0.3855278509758527 -0.40113588493881985 -0.22830552679999425 -0.22756876362612646 -0.3855278509758527 -0.22756876362612646 -0.3639821370395035 -0.2616721643858613 -0.22756876362612646 -0.2910168055812731 -0.22830552679999425 -0.2616721643858613 -0.2616721643858613 -0.2379316545252044 -0.3190683313127569 -0.3190683313127569 -0.30461898934677667 -0.2844810867792142 -0.2844810867792142 -0.27682091413269405 -0.286638305034479 -0.2379316545252044 -0.23251960119023826 -0.2650774288769177 -0.22756876362612646 -0.2007912125120053 -0.2007912125120053 -0.23238513259262944 -0.22780709186736678 -0.22700491554332977 -0.21312036081183913 -0.21490860856096677 -0.20069419707525465 -0.20638379212317884 -0.20069419707525465 -0.1650964828798623 -0.172343789395648 -0.15637280172162352 -0.15637280172162352 -0.15532095637140594 -0.15175214921103813 -0.13044321571823875 -0.10771662051631004 -0.10411635093135119 -0.06026619814920979 -0.0414997747203133 -0.01202090482311622
-0.41450045425379445 -0.41450045425379445 -0.41450045425379445 -0.6084192429066343 -0.41450045425379445 -0.6084192429066343 -0.6748472225566228 -0.2910168055812731 -0.41450045425379445 -0.6748472225566228 -0.6748472225566228 -0.6084192429066343 -0.41450045425379445 -0.41450045425379445 -0.6084192429066343 -0.6467925040380557 -0.6388468409959832 -0.6084192429066343 -0.6388468409959832 -0.6043178013879441 -0.2910168055812731 -0.2005393845616727 -0.41450045425379445 -0.2910168055812731 -0.41450045425379445 -0.2910168055812731 -0.3855278509758527 -0.3855278509758527 -0.4539404294639008 -0.3855278509758527 -0.3855278509758527 -0.3335858794089664 -0.41450045425379445 -0.41450045425379445 -0.41450045425379445 -0.2379316545252044 -0.2005393845616727 -0.22756876362612646 -0.22830552679999425 -0.22756876362612646 -0.22830552679999425 -0.2910168055812731 -0.22756876362612646 -0.22830552679999425 -0.3855278509758527 -0.40113588493881985 -0.22830552679999425 -0.22756876362612646 -0.3855278509758527 -0.22756876362612646 -0.3639821370395035 -0.2616721643858613 -0.22756876362612646 -0.2910168055812731 -0.22830552679999425 -0.2616721643858613 -0.2616721643858613 -0.2379316545252044 -0.3190683313127569 -0.3190683313127569 -0.30461898934677667 -0.2844810867792142 -0.2844810867792142 -0.27682091413269405 -0.286638305034479 -0.2379316545252044 -0.23251960119023826 -0.2650774288769177 -0.22756876362612646 -0.2007912125120053 -0.2007912125120053 -0.23238513259262944 -0.22780709186736678 -0.22700491554332977 -0.21312036081183913 -0.21490860856096677 -0.20069419707525465 -0.20638379212317884 -0.20069419707525465 -0.1650964828798623 -0.172343789395648 -0.15637280172162352 -0.15637280172162352 -0.15532095637140594 -0.15175214921103813 -0.13044321571823875 -0.10771662051631004 -0.10411635093135119 -0.06026619814920979 -0.0414997747203133 -0.01202090482311622
-0.3855278509758527 -0.3855278509758527 -0.3855278509758527 -0.3855278509758527 -0.3855278509758527 -0.3855278509758527 -0.3855278509758527 -0.2910168055812731 -0.3855278509758527 -0.3855278509758527 -0.3855278509758527 -0.3855278509758527 -0.3855278509758527 -0.3855278509758527 -0.3855278509758527 -0.3855278509758527 -0.3855278509758527 -0.3855278509758527 -0.3855278509758527 -0.3855278509758527 -0.2910168055812731 -0.2005393845616727 -0.3855278509758527 -0.2910168055812731 -0.3855278509758527 -0.2910168055812731 -0.5780315521662581 -0.5464286486199021 -0.3855278509758527 -0.5275234605962742 -0.45361169865238476 -0.3335858794089664 -0.3855278509758527 -0.3855278509758527 -0.3855278509758527 -0.2379316545252044 -0.2005393845616727 -0.22756876362612646 -0.22830552679999425 -0.22756876362612646 -0.22830552679999425 -0.2910168055812731 -0.22756876362612646 -0.22830552679999425 -0.3918506704302715 -0.3855278509758527 -0.22830552679999425 -0.22756876362612646 -0.3862536596708627 -0.22756876362612646 -0.3639821370395035 -0.2616721643858613 -0.22756876362612646 -0.2910168055812731 -0.22830552679999425 -0.2616721643858613 -0.2616721643858613 -0.2379316545252044 -0.3190683313127569 -0.3190683313127569 -0.30461898934677667 -0.2844810867792142 -0.2844810867792142 -0.27682091413269405 -0.286638305034479 -0.2379316545252044 -0.23251960119023826 -0.2650774288769177 -0.22756876362612646 -0.2007912125120053 -0.2007912125120053 -0.23238513259262944 -0.22780709186736678 -0.22700491554332977 -0.21312036081183913 -0.21490860856096677 -0.20069419707525465 -0.20638379212317884 -0.20069419707525465 -0.1650964828798623 -0.172343789395648 -0.15637280172162352 -0.15637280172162352 -0.15532095637140594 -0.15175214921103813 -0.13044321571823875 -0.10771662051631004 -0.10411635093135119 -0.06026619814920979 -0.0414997747203133 -0.01202090482311622
-0.41450045425379445 -0.41450045425379445 -0.41450045425379445 -0.6594951223075294 -0.41450045425379445 -0.6594951223075294 -0.6594951223075294 -0.2910168055812731 -0.41450045425379445 -0.6594951223075294 -0.6594951223075294 -0.6594951223075294 -0.41450045425379445 -0.41450045425379445 -0.6594951223075294 -0.6594951223075294 -0.6594951223075294 -0.6594951223075294 -0.6581672779174851 -0.6043178013879441 -0.2910168055812731 -0.2005393845616727 -0.41450045425379445 -0.2910168055812731 -0.41450045425379445 -0.2910168055812731 -0.3855278509758527 -0.3855278509758527 -0.4539404294639008 -0.3855278509758527 -0.3855278509758527 -0.3335858794089664 -0.41450045425379445 -0.41450045425379445 -0.41450045425379445 -0.2379316545252044 -0.2005393845616727 -0.22756876362612646 -0.22830552679999425 -0.22756876362612646 -0.22830552679999425 -0.2910168055812731 -0.22756876362612646 -0.22830552679999425 -0.3855278509758527 -0.40113588493881985 -0.22830552679999425 -0.22756876362612646 -0.3855278509758527 -0.22756876362612646 -0.3639821370395035 -0.2616721643858613 -0.22756876362612646 -0.2910168055812731 -0.22830552679999425 -0.2616721643858613 -0.2616721643858613 -0.2379316545252044 -0.3190683313127569 -0.3190683313127569 -0.30461898934677667 -0.2844810867792142 -0.2844810867792142 -0.27682091413269405 -0.286638305034479 -0.2379316545252044 -0.23251960119023826 -0.2650774288769177 -0.22756876362612646 -0.2007912125120053 -0.2007912125120053 -0.23238513259262944 -0.22780709186736678 -0.22700491554332977 -0.21312036081183913 -0.21490860856096677 -0.20069419707525465 -0.20638379212317884 -0.20069419707525465 -0.1650964828798623 -0.172343789395648 -0.15637280172162352 -0.15637280172162352 -0.15532095637140594 -0.15175214921103813 -0.13044321571823875 -0.10771662051631004 -0.10411635093135119 -0.06026619814920979 -0.0414997747203133 -0.01202090482311622
-0.2910168055812731 -0.2910168055812731 -0.2910168055812731 -0.2910168055812731 -0.2910168055812731 -0.2910168055812731 -0.2910168055812731 -0.6570941469825756 -0.2910168055812731 -0.2910168055812731 -0.2910168055812731 -0.2910168055812731 -0.2910168055812731 -0.2910168055812731 -0.2910168055812731 -0.2910168055812731 -0.2910168055812731 -0.2910168055812731 -0.2910168055812731 -0.2910168055812731 -0.3192164445402297 -0.2005393845616727 -0.2910168055812731 -0.3192164445402297 -0.2910168055812731 -0.3192164445402297 -0.2910168055812731 -0.2910168055812731 -0.2910168055812731 -0.2910168055812731 -0.2910168055812731 -0.2910168055812731 -0.2910168055812731 -0.2910168055812731 -0.2910168055812731 -0.2379316545252044 -0.2005393845616727 -0.22756876362612646 -0.22830552679999425 -0.22756876362612646 -0.22830552679999425 -0.41745951174074225 -0.22756876362612646 -0.22830552679999425 -0.2910168055812731 -0.2910168055812731 -0.22830552679999425 -0.22756876362612646 -0.2910168055812731 -0.22756876362612646 -0.2910168055812731 -0.2616721643858613 -0.22756876362612646 -0.3483396666582266 -0.22830552679999425 -0.2616721643858613 -0.2616721643858613 -0.2379316545252044 -0.2910168055812731 -0.2910168055812731 -0.2910168055812731 -0.2844810867792142 -0.2844810867792142 -0.27682091413269405 -0.286638305034479 -0.2379316545252044 -0.23251960119023826 -0.2650774288769177 -0.22756876362612646 -0.2007912125120053 -0.2007912125120053 -0.23238513259262944 -0.22780709186736678 -0.22700491554332977 -0.21312036081183913 -0.21490860856096677 -0.20069419707525465 -0.20638379212317884 -0.20069419707525465 -0.1650964828798623 -0.172343789395648 -0.15637280172162352 -0.15637280172162352 -0.15532095637140594 -0.15175214921103813 -0.13044321571823875 -0.10771662051631004 -0.10411635093135119 -0.06026619814920979 -0.0414997747203133 -0.01202090482311622
-0.2910168055812731 -0.2910168055812731 -0.2910168055812731 -0.2910168055812731 -0.2910168055812731 -0.2910168055812731 -0.2910168055812731 -0.6565359038758731 -0.2910168055812731 -0.2910168055812731 -0.2910168055812731 -0.2910168055812731 -0.2910168055812731 -0.2910168055812731 -0.2910168055812731 -0.2910168055812731 -0.2910168055812731 -0.2910168055812731 -0.2910168055812731 -0.2910168055812731 -0.3192164445402297 -0.2005393845616727 -0.2910168055812731 -0.3192164445402297 -0.2910168055812731 -0.3192164445402297 -0.2910168055812731 -0.2910168055812731 -0.2910168055812731 -0.2910168055812731 -0.2910168055812731 -0.2910168055812731 -0.2910168055812731 -0.2910168055812731 -0.2910168055812731 -0.2379316545252044 -0.2005393845616727 -0.22756876362612646 -0.22830552679999425 -0.22756876362612646 -0.22830552679999425 -0.41745951174074225 -0.22756876362612646 -0.22830552679999425 -0.2910168055812731 -0.2910168055812731 -0.22830552679999425 -0.22756876362612646 -0.2910168055812731 -0.22756876362612646 -0.2910168055812731 -0.2616721643858613 -0.22756876362612646 -0.3483396666582266 -0.22830552679999425 -0.2616721643858613 -0.2616721643858613 -0.2379316545252044 -0.2910168055812731 -0.2910168055812731 -0.2910168055812731 -0.2844810867792142 -0.2844810867792142 -0.27682091413269405 -0.286638305034479 -0.2379316545252044 -0.23251960119023826 -0.2650774288769177 -0.22756876362612646 -0.2007912125120053 -0.2007912125120053 -0.23238513259262944 -0.22780709186736678 -0.22700491554332977 -0.21312036081183913 -0.21490860856096677 -0.20069419707525465 -0.20638379212317884 -0.20069419707525465 -0.1650964828798623 -0.172343789395648 -0.15637280172162352 -0.15637280172162352 -0.15532095637140594 -0.15175214921103813 -0.13044321571823875 -0.10771662051631004 -0.10411635093135119 -0.06026619814920979 -0.0414997747203133 -0.01202090482311622
-0.2910168055812731 -0.2910168055812731 -0.2910168055812731 -0.2910168055812731 -0.2910168055812731 -0.2910168055812731 -0.2910168055812731 -0.3192164445402297 -0.2910168055812731 -0.2910168055812731 -0.2910168055812731 -0.2910168055812731 -0.2910168055812731 -0.2910168055812731 -0.2910168055812731 -0.2910168055812731 -0.2910168055812731 -0.2910168055812731 -0.2910168055812731 -0.2910168055812731 -0.3192164445402297 -0.2005393845616727 -0.2910168055812731 -0.3192164445402297 -0.2910168055812731 -0.3192164445402297 -0.2910168055812731 -0.2910168055812731 -0.2910168055812731 -0.2910168055812731 -0.2910168055812731 -0.2910168055812731 -0.2910168055812731 -0.2910168055812731 -0.2910168055812731 -0.2379316545252044 -0.2005393845616727 -0.22756876362612646 -0.22830552679999425 -0.22756876362612646 -0.22830552679999425 -0.41745951174074225 -0.22756876362612646 -0.22830552679999425 -0.2910168055812731 -0.2910168055812731 -0.22830552679999425 -0.22756876362612646 -0.2910168055812731 -0.22756876362612646 -0.2910168055812731 -0.2616721643858613 -0.22756876362612646 -0.3483396666582266 -0.22830552679999425 -0.2616721643858613 -0.2616721643858613 -0.2379316545252044 -0.2910168055812731 -0.2910168055812731 -0.2910168055812731 -0.2844810867792142 -0.2844810867792142 -0.27682091413269405 -0.286638305034479 -0.2379316545252044 -0.23251960119023826 -0.2650774288769177 -0.22756876362612646 -0.2007912125120053 -0.2007912125120053 -0.23238513259262944 -0.22780709186736678 -0.22700491554332977 -0.21312036081183913 -0.21490860856096677 -0.20069419707525465 -0.20638379212317884 -0.20069419707525465 -0.1650964828798623 -0.172343789395648 -0.15637280172162352 -0.15637280172162352 -0.15532095637140594 -0.15175214921103813 -0.13044321571823875 -0.10771662051631004 -0.10411635093135119 -0.06026619814920979 -0.0414997747203133 -0.01202090482311622
-0.2910168055812731 -0.2910168055812731 -0.2910168055812731 -0.2910168055812731 -0.2910168055812731 -0.2910168055812731 -0.2910168055812731 -0.6531727810013666 -0.2910168055812731 -0.2910168055812731 -0.2910168055812731 -0.2910168055812731 -0.2910168055812731 -0.2910168055812731 -0.2910168055812731 -0.2910168055812731 -0.2910168055812731 -0.2910168055812731 -0.2910168055812731 -0.2910168055812731 -0.3192164445402297 -0.2005393845616727 -0.2910168055812731 -0.3192164445402297 -0.2910168055812731 -0.3192164445402297 -0.2910168055812731 -0.2910168055812731 -0.2910168055812731 -0.2910168055812731 -0.2910168055812731 -0.2910168055812731 -0.2910168055812731 -0.2910168055812731 -0.2910168055812731 -0.2379316545252044 -0.2005393845616727 -0.22756876362612646 -0.22830552679999425 -0.22756876362612646 -0.22830552679999425 -0.41745951174074225 -0.22756876362612646 -0.22830552679999425 -0.2910168055812731 -0.2910168055812731 -0.22830552679999425 -0.22756876362612646 -0.2910168055812731 -0.22756876362612646 -0.2910168055812731 -0.2616721643858613 -0.22756876362612646 -0.3483396666582266 -0.22830552679999425 -0.2616721643858613 -0.2616721643858613 -0.2379316545252044 -0.2910168055812731 -0.2910168055812731 -0.2910168055812731 -0.2844810867792142 -0.2844810867792142 -0.27682091413269405 -0.286638305034479 -0.2379316545252044 -0.23251960119023826 -0.2650774288769177 -0.22756876362612646 -0.2007912125120053 -0.2007912125120053 -0.23238513259262944 -0.22780709186736678 -0.22700491554332977 -0.21312036081183913 -0.21490860856096677 -0.20069419707525465 -0.20638379212317884 -0.20069419707525465 -0.1650964828798623 -0.172343789395648 -0.15637280172162352 -0.15637280172162352 -0.15532095637140594 -0.15175214921103813 -0.13044321571823875 -0.10771662051631004 -0.10411635093135119 -0.06026619814920979 -0.0414997747203133 -0.01202090482311622
-0.41450045425379445 -0.41450045425379445 -0.41450045425379445 -0.6084192429066343 -0.41450045425379445 -0.6084192429066343 -0.6417947849824632 -0.2910168055812731 -0.41450045425379445 -0.6417947849824632 -0.6417947849824632 -0.6084192429066343 -0.41450045425379445 -0.41450045425379445 -0.6084192429066343 -0.6417947849824632 -0.6388468409959832 -0.6084192429066343 -0.6388468409959832 -0.6417947849824632 -0.2910168055812731 -0.2005393845616727 -0.41450045425379445 -0.2910168055812731 -0.41450045425379445 -0.2910168055812731 -0.3855278509758527 -0.3855278509758527 -0.4539404294639008 -0.3855278509758527 -0.3855278509758527 -0.3335858794089664 -0.41450045425379445 -0.41450045425379445 -0.41450045425379445 -0.2379316545252044 -0.2005393845616727 -0.22756876362612646 -0.22830552679999425 -0.22756876362612646 -0.22830552679999425 -0.2910168055812731 -0.22756876362612646 -0.22830552679999425 -0.3855278509758527 -0.40113588493881985 -0.22830552679999425 -0.22756876362612646 -0.3855278509758527 -0.22756876362612646 -0.3639821370395035 -0.2616721643858613 -0.22756876362612646 -0.2910168055812731 -0.22830552679999425 -0.2616721643858613 -0.2616721643858613 -0.2379316545252044 -0.3190683313127569 -0.3190683313127569 -0.30461898934677667 -0.2844810867792142 -0.2844810867792142 -0.27682091413269405 -0.286638305034479 -0.2379316545252044 -0.23251960119023826 -0.2650774288769177 -0.22756876362612646 -0.2007912125120053 -0.2007912125120053 -0.23238513259262944 -0.22780709186736678 -0.22700491554332977 -0.21312036081183913 -0.21490860856096677 -0.20069419707525465 -0.20638379212317884 -0.20069419707525465 -0.1650964828798623 -0.172343789395648 -0.15637280172162352 -0.15637280172162352 -0.15532095637140594 -0.15175214921103813 -0.13044321571823875 -0.10771662051631004 -0.10411635093135119 -0.06026619814920979 -0.0414997747203133 -0.01202090482311622
-0.41450045425379445 -0.41450045425379445 -0.41450045425379445 -0.6084192429066343 -0.41450045425379445 -0.6084192429066343 -0.6410809257797316 -0.2910168055812731 -0.41450045425379445 -0.6410809257797316 -0.6410809257797316 -0.6084192429066343 -0.41450045425379445 -0.41450045425379445 -0.6084192429066343 -0.6410809257797316 -0.6388468409959832 -0.6084192429066343 -0.6388468409959832 -0.6410809257797316 -0.2910168055812731 -0.2005393845616727 -0.41450045425379445 -0.2910168055812731 -0.41450045425379445 -0.2910168055812731 -0.3855278509758527 -0.3855278509758527 -0.4539404294639008 -0.3855278509758527 -0.3855278509758527 -0.3335858794089664 -0.41450045425379445 -0.41450045425379445 -0.41450045425379445 -0.2379316545252044 -0.2005393845616727 -0.22756876362612646 -0.22830552679999425 -0.22756876362612646 -0.22830552679999425 -0.2910168055812731 -0.22756876362612646 -0.22830552679999425 -0.3855278509758527 -0.40113588493881985 -0.22830552679999425 -0.22756876362612646 -0.3855278509758527 -0.22756876362612646 -0.3639821370395035 -0.2616721643858613 -0.22756876362612646 -0.2910168055812731 -0.22830552679999425 -0.2616721643858613 -0.2616721643858613 -0.2379316545252044 -0.3190683313127569 -0.3190683313127569 -0.30461898934677667 -0.2844810867792142 -0.2844810867792142 -0.27682091413269405 -0.286638305034479 -0.2379316545252044 -0.23251960119023826 -0.2650774288769177 -0.22756876362612646 -0.2007912125120053 -0.2007912125120053 -0.23238513259262944 -0.22780709186736678 -0.22700491554332977 -0.21312036081183913 -0.21490860856096677 -0.20069419707525465 -0.20638379212317884 -0.20069419707525465 -0.1650964828798623 -0.172343789395648 -0.15637280172162352 -0.15637280172162352 -0.15532095637140594 -0.15175214921103813 -0.13044321571823875 -0.10771662051631004 -0.10411635093135119 -0.06026619814920979 -0.0414997747203133 -0.01202090482311622
-0.48361167509000863 -0.635118608595385 -0.635118608595385 -0.41450045425379445 -0.48361167509000863 -0.41450045425379445 -0.41450045425379445 -0.2910168055812731 -0.48361167509000863 -0.41450045425379445 -0.41450045425379445 -0.41450045425379445 -0.4743313807448775 -0.48361167509000863 -0.41450045425379445 -0.41450045425379445 -0.41450045425379445 -0.41450045425379445 -0.41450045425379445 -0.41450045425379445 -0.2910168055812731 -0.2005393845616727 -0.4743313807448775 -0.2910168055812731 -0.4739689395098807 -0.2910168055812731 -0.3855278509758527 -0.3855278509758527 -0.41450045425379445 -0.3855278509758527 -0.3855278509758527 -0.3335858794089664 -0.48361167509000863 -0.48361167509000863 -0.42229695704406345 -0.2379316545252044 -0.2005393845616727 -0.22756876362612646 -0.22830552679999425 -0.22756876362612646 -0.22830552679999425 -0.2910168055812731 -0.22756876362612646 -0.22830552679999425 -0.3855278509758527 -0.40113588493881985 -0.22830552679999425 -0.22756876362612646 -0.3855278509758527 -0.22756876362612646 -0.3639821370395035 -0.2616721643858613 -0.22756876362612646 -0.2910168055812731 -0.22830552679999425 -0.2616721643858613 -0.2616721643858613 -0.2379316545252044 -0.3190683313127569 -0.3190683313127569 -0.30461898934677667 -0.2844810867792142 -0.2844810867792142 -0.27682091413269405 -0.286638305034479 -0.2379316545252044 -0.23251960119023826 -0.2650774288769177 -0.22756876362612646 -0.2007912125120053 -0.2007912125120053 -0.23238513259262944 -0.22780709186736678 -0.22700491554332977 -0.21312036081183913 -0.21490860856096677 -0.20069419707525465 -0.20638379212317884 -0.20069419707525465 -0.1650964828798623 -0.172343789395648 -0.15637280172162352 -0.15637280172162352 -0.15532095637140594 -0.15175214921103813 -0.13044321571823875 -0.10771662051631004 -0.10411635093135119 -0.06026619814920979 -0.0414997747203133 -0.01202090482311622
-0.48361167509000863 -0.6072241175628782 -0.6072241175628782 -0.41450045425379445 -0.48361167509000863 -0.41450045425379445 -0.41450045425379445 -0.2910168055812731 -0.48361167509000863 -0.41450045425379445 -0.41450045425379445 -0.41450045425379445 -0.4743313807448775 -0.48361167509000863 -0.41450045425379445 -0.41450045425379445 -0.41450045425379445 -0.41450045425379445 -0.41450045425379445 -0.41450045425379445 -0.2910168055812731 -0.2005393845616727 -0.4743313807448775 -0.2910168055812731 -0.4739689395098807 -0.2910168055812731 -0.3855278509758527 -0.3855278509758527 -0.41450045425379445 -0.3855278509758527 -0.3855278509758527 -0.3335858794089664 -0.48361167509000863 -0.48361167509000863 -0.42229695704406345 -0.2379316545252044 -0.2005393845616727 -0.22756876362612646 -0.22830552679999425 -0.22756876362612646 -0.22830552679999425 -0.2910168055812731 -0.22756876362612646 -0.22830552679999425 -0.3855278509758527 -0.40113588493881985 -0.22830552679999425 -0.22756876362612646 -0.3855278509758527 -0.22756876362612646 -0.3639821370395035 -0.2616721643858613 -0.22756876362612646 -0.2910168055812731 -0.22830552679999425 -0.2616721643858613 -0.2616721643858613 -0.2379316545252044 -0.3190683313127569 -0.3190683313127569 -0.30461898934677667 -0.2844810867792142 -0.2844810867792142 -0.27682091413269405 -0.286638305034479 -0.2379316545252044 -0.23251960119023826 -0.2650774288769177 -0.22756876362612646 -0.2007912125120053 -0.2007912125120053 -0.23238513259262944 -0.22780709186736678 -0.22700491554332977 -0.21312036081183913 -0.21490860856096677 -0.20069419707525465 -0.20638379212317884 -0.20069419707525465 -0.1650964828798623 -0.172343789395648 -0.15637280172162352 -0.15637280172162352 -0.15532095637140594 -0.15175214921103813 -0.13044321571823875 -0.10771662051631004 -0.10411635093135119 -0.06026619814920979 -0.0414997747203133 -0.01202090482311622
-0.286638305034479 -0.286638305034479 -0.286638305034479 -0.286638305034479 -0.286638305034479 -0.286638305034479 -0.286638305034479 -0.286638305034479 -0.286638305034479 -0.286638305034479 -0.286638305034479 -0.286638305034479 -0.286638305034479 -0.286638305034479 -0.286638305034479 -0.286638305034479 -0.286638305034479 -0.286638305034479 -0.286638305034479 -0.286638305034479 -0.286638305034479 -0.2005393845616727 -0.286638305034479 -0.286638305034479 -0.286638305034479 -0.286638305034479 -0.286638305034479 -0.286638305034479 -0.286638305034479 -0.286638305034479 -0.286638305034479 -0.286638305034479 -0.286638305034479 -0.286638305034479 -0.286638305034479 -0.2379316545252044 -0.2005393845616727 -0.22756876362612646 -0.22830552679999425 -0.22756876362612646 -0.22830552679999425 -0.286638305034479 -0.22756876362612646 -0.22830552679999425 -0.286638305034479 -0.286638305034479 -0.22830552679999425 -0.22756876362612646 -0.286638305034479 -0.22756876362612646 -0.286638305034479 -0.2616721643858613 -0.22756876362612646 -0.286638305034479 -0.22830552679999425 -0.2616721643858613 -0.2616721643858613 -0.2379316545252044 -0.286638305034479 -0.286638305034479 -0.286638305034479 -0.2844810867792142 -0.2844810867792142 -0.27682091413269405 -0.286638305034479 -0.2379316545252044 -0.23251960119023826 -0.2650774288769177 -0.22756876362612646 -0.2007912125120053 -0.2007912125120053 -0.23238513259262944 -0.22780709186736678 -0.22700491554332977 -0.21312036081183913 -0.21490860856096677 -0.20069419707525465 -0.20638379212317884 -0.20069419707525465 -0.1650964828798623 -0.172343789395648 -0.15637280172162352 -0.15637280172162352 -0.15532095637140594 -0.15175214921103813 -0.13044321571823875 -0.10771662051631004 -0.10411635093135119 -0.06026619814920979 -0.0414997747203133 -0.01202090482311622
-0.2844810867792142 -0.2844810867792142 -0.2844810867792142 -0.2844810867792142 -0.2844810867792142 -0.2844810867792142 -0.2844810867792142 -0.2844810867792142 -0.2844810867792142 -0.2844810867792142 -0.2844810867792142 -0.2844810867792142 -0.2844810867792142 -0.2844810867792142 -0.2844810867792142 -0.2844810867792142 -0.2844810867792142 -0.2844810867792142 -0.2844810867792142 -0.2844810867792142 -0.2844810867792142 -0.2005393845616727 -0.2844810867792142 -0.2844810867792142 -0.2844810867792142 -0.2844810867792142 -0.2844810867792142 -0.2844810867792142 -0.2844810867792142 -0.2844810867792142 -0.2844810867792142 -0.2844810867792142 -0.2844810867792142 -0.2844810867792142 -0.2844810867792142 -0.32706678293403324 -0.2005393845616727 -0.22756876362612646 -0.22830552679999425 -0.22756876362612646 -0.22830552679999425 -0.2844810867792142 -0.22756876362612646 -0.22830552679999425 -0.2844810867792142 -0.2844810867792142 -0.22830552679999425 -0.22756876362612646 -0.2844810867792142 -0.22756876362612646 -0.2844810867792142 -0.2616721643858613 -0.22756876362612646 -0.2844810867792142 -0.22830552679999425 -0.2616721643858613 -0.2616721643858613 -0.32706678293403324 -0.2844810867792142 -0.2844810867792142 -0.2844810867792142 -0.2953293912623936 -0.2953293912623936 -0.27682091413269405 -0.2844810867792142 -0.24391271550771643 -0.23251960119023826 -0.2650774288769177 -0.22756876362612646 -0.2007912125120053 -0.2007912125120053 -0.23238513259262944 -0.22780709186736678 -0.22700491554332977 -0.21312036081183913 -0.21490860856096677 -0.20069419707525465 -0.20638379212317884 -0.20069419707525465 -0.1650964828798623 -0.172343789395648 -0.15637280172162352 -0.15637280172162352 -0.15532095637140594 -0.15175214921103813 -0.13044321571823875 -0.10771662051631004 -0.10411635093135119 -0.06026619814920979 -0.0414997747203133 -0.01202090482311622
-0.41450045425379445 -0.41450045425379445 -0.41450045425379445 -0.5820372406572945 -0.41450045425379445 -0.5820372406572945 -0.5820372406572945 -0.2910168055812731 -0.41450045425379445 -0.5820372406572945 -0.5820372406572945 -0.5820372406572945 -0.41450045425379445 -0.41450045425379445 -0.5820372406572945 -0.5820372406572945 -0.5820372406572945 -0.5820372406572945 -0.5820372406572945 -0.5820372406572945 -0.2910168055812731 -0.2005393845616727 -0.41450045425379445 -0.2910168055812731 -0.41450045425379445 -0.2910168055812731 -0.3855278509758527 -0.3855278509758527 -0.4539404294639008 -0.3855278509758527 -0.3855278509758527 -0.3335858794089664 -0.41450045425379445 -0.41450045425379445 -0.41450045425379445 -0.2379316545252044 -0.2005393845616727 -0.22756876362612646 -0.22830552679999425 -0.22756876362612646 -0.22830552679999425 -0.2910168055812731 -0.22756876362612646 -0.22830552679999425 -0.3855278509758527 -0.40113588493881985 -0.22830552679999425 -0.22756876362612646 -0.3855278509758527 -0.22756876362612646 -0.3639821370395035 -0.2616721643858613 -0.22756876362612646 -0.2910168055812731 -0.22830552679999425 -0.2616721643858613 -0.2616721643858613 -0.2379316545252044 -0.3190683313127569 -0.3190683313127569 -0.30461898934677667 -0.2844810867792142 -0.2844810867792142 -0.27682091413269405 -0.286638305034479 -0.2379316545252044 -0.23251960119023826 -0.2650774288769177 -0.22756876362612646 -0.2007912125120053 -0.2007912125120053 -0.23238513259262944 -0.22780709186736678 -0.22700491554332977 -0.21312036081183913 -0.21490860856096677 -0.20069419707525465 -0.20638379212317884 -0.20069419707525465 -0.1650964828798623 -0.172343789395648 -0.15637280172162352 -0.15637280172162352 -0.15532095637140594 -0.15175214921103813 -0.13044321571823875 -0.10771662051631004 -0.10411635093135119 -0.06026619814920979 -0.0414997747203133 -0.01202090482311622
-0.3855278509758527 -0.3855278509758527 -0.3855278509758527 -0.3855278509758527 -0.3855278509758527 -0.3855278509758527 -0.3855278509758527 -0.2910168055812731 -0.3855278509758527 -0.3855278509758527 -0.3855278509758527 -0.3855278509758527 -0.3855278509758527 -0.3855278509758527 -0.3855278509758527 -0.3855278509758527 -0.3855278509758527 -0.3855278509758527 -0.3855278509758527 -0.3855278509758527 -0.2910168055812731 -0.2005393845616727 -0.3855278509758527 -0.2910168055812731 -0.3855278509758527 -0.2910168055812731 -0.524998789041114 -0.524998789041114 -0.3855278509758527 -0.5275234605962742 -0.45361169865238476 -0.3335858794089664 -0.3855278509758527 -0.3855278509758527 -0.3855278509758527 -0.2379316545252044 -0.2005393845616727 -0.22756876362612646 -0.22830552679999425 -0.22756876362612646 -0.22830552679999425 -0.2910168055812731 -0.22756876362612646 -0.22830552679999425 -0.3918506704302715 -0.3855278509758527 -0.22830552679999425 -0.22756876362612646 -0.3862536596708627 -0.22756876362612646 -0.3639821370395035 -0.2616721643858613 -0.22756876362612646 -0.2910168055812731 -0.22830552679999425 -0.2616721643858613 -0.2616721643858613 -0.2379316545252044 -0.3190683313127569 -0.3190683313127569 -0.30461898934677667 -0.2844810867792142 -0.2844810867792142 -0.27682091413269405 -0.286638305034479 -0.2379316545252044 -0.23251960119023826 -0.2650774288769177 -0.22756876362612646 -0.2007912125120053 -0.2007912125120053 -0.23238513259262944 -0.22780709186736678 -0.22700491554332977 -0.21312036081183913 -0.21490860856096677 -0.20069419707525465 -0.20638379212317884 -0.20069419707525465 -0.1650964828798623 -0.172343789395648 -0.15637280172162352 -0.15637280172162352 -0.15532095637140594 -0.15175214921103813 -0.13044321571823875 -0.10771662051631004 -0.10411635093135119 -0.06026619814920979 -0.0414997747203133 -0.01202090482311622
-0.3855278509758527 -0.3855278509758527 -0.3855278509758527 -0.3855278509758527 -0.3855278509758527 -0.3855278509758527 -0.3855278509758527 -0.2910168055812731 -0.3855278509758527 -0.3855278509758527 -0.3855278509758527 -0.3855278509758527 -0.3855278509758527 -0.3855278509758527 -0.3855278509758527 -0.3855278509758527 -0.3855278509758527 -0.3855278509758527 -0.3855278509758527 -0.3855278509758527 -0.2910168055812731 -0.2005393845616727 -0.3855278509758527 -0.2910168055812731 -0.3855278509758527 -0.2910168055812731 -0.45361169865238476 -0.45361169865238476 -0.3855278509758527 -0.45361169865238476 -0.45361169865238476 -0.3335858794089664 -0.3855278509758527 -0.3855278509758527 -0.3855278509758527 -0.2379316545252044 -0.2005393845616727 -0.22756876362612646 -0.22830552679999425 -0.22756876362612646 -0.22830552679999425 -0.2910168055812731 -0.22756876362612646 -0.22830552679999425 -0.3918506704302715 -0.3855278509758527 -0.22830552679999425 -0.22756876362612646 -0.3862536596708627 -0.22756876362612646 -0.3639821370395035 -0.2616721643858613 -0.22756876362612646 -0.2910168055812731 -0.22830552679999425 -0.2616721643858613 -0.2616721643858613 -0.2379316545252044 -0.3190683313127569 -0.3190683313127569 -0.30461898934677667 -0.2844810867792142 -0.2844810867792142 -0.27682091413269405 -0.286638305034479 -0.2379316545252044 -0.23251960119023826 -0.2650774288769177 -0.22756876362612646 -0.2007912125120053 -0.2007912125120053 -0.23238513259262944 -0.22780709186736678 -0.22700491554332977 -0.21312036081183913 -0.21490860856096677 -0.20069419707525465 -0.20638379212317884 -0.20069419707525465 -0.1650964828798623 -0.172343789395648 -0.15637280172162352 -0.15637280172162352 -0.15532095637140594 -0.15175214921103813 -0.13044321571823875 -0.10771662051631004 -0.10411635093135119 -0.06026619814920979 -0.0414997747203133 -0.01202090482311622
-0.41450045425379445 -0.41450045425379445 -0.41450045425379445 -0.41450045425379445 -0.41450045425379445 -0.41450045425379445 -0.41450045425379445 -0.2910168055812731 -0.41450045425379445 -0.41450045425379445 -0.41450045425379445 -0.41450045425379445 -0.41450045425379445 -0.41450045425379445 -0.41450045425379445 -0.41450045425379445 -0.41450045425379445 -0.41450045425379445 -0.41450045425379445 -0.41450045425379445 -0.2910168055812731 -0.2005393845616727 -0.41450045425379445 -0.2910168055812731 -0.41450045425379445 -0.2910168055812731 -0.3855278509758527 -0.3855278509758527 -0.41450045425379445 -0.3855278509758527 -0.3855278509758527 -0.5153847482227053 -0.41450045425379445 -0.41450045425379445 -0.41450045425379445 -0.2379316545252044 -0.2005393845616727 -0.22756876362612646 -0.22830552679999425 -0.22756876362612646 -0.22830552679999425 -0.2910168055812731 -0.22756876362612646 -0.22830552679999425 -0.3855278509758527 -0.40113588493881985 -0.22830552679999425 -0.22756876362612646 -0.3855278509758527 -0.22756876362612646 -0.3639821370395035 -0.2616721643858613 -0.22756876362612646 -0.2910168055812731 -0.22830552679999425 -0.2616721643858613 -0.2616721643858613 -0.2379316545252044 -0.3190683313127569 -0.3190683313127569 -0.30461898934677667 -0.2844810867792142 -0.2844810867792142 -0.27682091413269405 -0.286638305034479 -0.2379316545252044 -0.23251960119023826 -0.2650774288769177 -0.22756876362612646 -0.2007912125120053 -0.2007912125120053 -0.23238513259262944 -0.22780709186736678 -0.22700491554332977 -0.21312036081183913 -0.21490860856096677 -0.20069419707525465 -0.20638379212317884 -0.20069419707525465 -0.1650964828798623 -0.172343789395648 -0.15637280172162352 -0.15637280172162352 -0.15532095637140594 -0.15175214921103813 -0.13044321571823875 -0.10771662051631004 -0.10411635093135119 -0.06026619814920979 -0.0414997747203133 -0.01202090482311622
-0.3190683313127569 -0.3190683313127569 -0.3190683313127569 -0.3190683313127569 -0.3190683313127569 -0.3190683313127569 -0.3190683313127569 -0.2910168055812731 -0.3190683313127569 -0.3190683313127569 -0.3190683313127569 -0.3190683313127569 -0.3190683313127569 -0.3190683313127569 -0.3190683313127569 -0.3190683313127569 -0.3190683313127569 -0.3190683313127569 -0.3190683313127569 -0.3190683313127569 -0.2910168055812731 -0.2005393845616727 -0.3190683313127569 -0.2910168055812731 -0.3190683313127569 -0.2910168055812731 -0.3190683313127569 -0.3190683313127569 -0.3190683313127569 -0.3190683313127569 -0.3190683313127569 -0.3190683313127569 -0.3190683313127569 -0.3190683313127569 -0.3190683313127569 -0.24391271550771643 -0.2005393845616727 -0.22756876362612646 -0.22830552679999425 -0.22756876362612646 -0.22830552679999425 -0.2910168055812731 -0.22756876362612646 -0.22830552679999425 -0.3190683313127569 -0.3190683313127569 -0.22830552679999425 -0.22756876362612646 -0.3190683313127569 -0.22756876362612646 -0.3190683313127569 -0.2616721643858613 -0.22756876362612646 -0.2910168055812731 -0.22830552679999425 -0.2616721643858613 -0.2616721643858613 -0.24391271550771643 -0.32996245312135236 -0.32848891270650926 -0.30461898934677667 -0.2844810867792142 -0.2844810867792142 -0.27682091413269405 -0.286638305034479 -0.2788254420387021 -0.23251960119023826 -0.2650774288769177 -0.22756876362612646 -0.2007912125120053 -0.2007912125120053 -0.23238513259262944 -0.22780709186736678 -0.22700491554332977 -0.21312036081183913 -0.21490860856096677 -0.20069419707525465 -0.20638379212317884 -0.20069419707525465 -0.1650964828798623 -0.172343789395648 -0.15637280172162352 -0.15637280172162352 -0.15532095637140594 -0.15175214921103813 -0.13044321571823875 -0.10771662051631004 -0.10411635093135119 -0.06026619814920979 -0.0414997747203133 -0.01202090482311622
-0.41450045425379445 -0.41450045425379445 -0.41450045425379445 -0.4879777616482862 -0.41450045425379445 -0.4879777616482862 -0.4879777616482862 -0.2910168055812731 -0.41450045425379445 -0.4879777616482862 -0.4879777616482862 -0.4879777616482862 -0.41450045425379445 -0.41450045425379445 -0.4879777616482862 -0.4879777616482862 -0.4879777616482862 -0.4879777616482862 -0.4879777616482862 -0.4879777616482862 -0.2910168055812731 -0.2005393845616727 -0.41450045425379445 -0.2910168055812731 -0.41450045425379445 -0.2910168055812731 -0.3855278509758527 -0.3855278509758527 -0.4539404294639008 -0.3855278509758527 -0.3855278509758527 -0.3335858794089664 -0.41450045425379445 -0.41450045425379445 -0.41450045425379445 -0.2379316545252044 -0.2005393845616727 -0.22756876362612646 -0.22830552679999425 -0.22756876362612646 -0.22830552679999425 -0.2910168055812731 -0.22756876362612646 -0.22830552679999425 -0.3855278509758527 -0.40113588493881985 -0.22830552679999425 -0.22756876362612646 -0.3855278509758527 -0.22756876362612646 -0.3639821370395035 -0.2616721643858613 -0.22756876362612646 -0.2910168055812731 -0.22830552679999425 -0.2616721643858613 -0.2616721643858613 -0.2379316545252044 -0.3190683313127569 -0.3190683313127569 -0.30461898934677667 -0.2844810867792142 -0.2844810867792142 -0.27682091413269405 -0.286638305034479 -0.2379316545252044 -0.23251960119023826 -0.2650774288769177 -0.22756876362612646 -0.2007912125120053 -0.2007912125120053 -0.23238513259262944 -0.22780709186736678 -0.22700491554332977 -0.21312036081183913 -0.21490860856096677 -0.208944462585473 -0.20638379212317884 -0.2066739538550323 -0.1650964828798623 -0.172343789395648 -0.15637280172162352 -0.15637280172162352 -0.15532095637140594 -0.15175214921103813 -0.13044321571823875 -0.10771662051631004 -0.10411635093135119 -0.06026619814920979 -0.0414997747203133 -0.01202090482311622
-0.3855278509758527 -0.3855278509758527 -0.3855278509758527 -0.3855278509758527 -0.3855278509758527 -0.3855278509758527 -0.3855278509758527 -0.2910168055812731 -0.3855278509758527 -0.3855278509758527 -0.3855278509758527 -0.3855278509758527 -0.3855278509758527 -0.3855278509758527 -0.3855278509758527 -0.3855278509758527 -0.3855278509758527 -0.3855278509758527 -0.3855278509758527 -0.3855278509758527 -0.2910168055812731 -0.2005393845616727 -0.3855278509758527 -0.2910168055812731 -0.3855278509758527 -0.2910168055812731 -0.47393941351731705 -0.47393941351731705 -0.3855278509758527 -0.47393941351731705 -0.45361169865238476 -0.3335858794089664 -0.3855278509758527 -0.3855278509758527 -0.3855278509758527 -0.2379316545252044 -0.2005393845616727 -0.22756876362612646 -0.22830552679999425 -0.22756876362612646 -0.22830552679999425 -0.2910168055812731 -0.22756876362612646 -0.22830552679999425 -0.3918506704302715 -0.3855278509758527 -0.22830552679999425 -0.22756876362612646 -0.3862536596708627 -0.22756876362612646 -0.3639821370395035 -0.2616721643858613 -0.22756876362612646 -0.2910168055812731 -0.22830552679999425 -0.2616721643858613 -0.2616721643858613 -0.2379316545252044 -0.3190683313127569 -0.3190683313127569 -0.30461898934677667 -0.2844810867792142 -0.2844810867792142 -0.27682091413269405 -0.286638305034479 -0.2379316545252044 -0.23251960119023826 -0.2650774288769177 -0.22756876362612646 -0.2007912125120053 -0.2007912125120053 -0.23238513259262944 -0.22780709186736678 -0.22700491554332977 -0.21312036081183913 -0.21490860856096677 -0.20069419707525465 -0.20638379212317884 -0.20069419707525465 -0.1650964828798623 -0.172343789395648 -0.15637280172162352 -0.15637280172162352 -0.15532095637140594 -0.15175214921103813 -0.13044321571823875 -0.10771662051631004 -0.10411635093135119 -0.06026619814920979 -0.0414997747203133 -0.01202090482311622
-0.4685215430596699 -0.4685215430596699 -0.4685215430596699 -0.41450045425379445 -0.4685215430596699 -0.41450045425379445 -0.41450045425379445 -0.2910168055812731 -0.4685215430596699 -0.41450045425379445 -0.41450045425379445 -0.41450045425379445 -0.4685215430596699 -0.4685215430596699 -0.41450045425379445 -0.41450045425379445 -0.41450045425379445 -0.41450045425379445 -0.41450045425379445 -0.41450045425379445 -0.2910168055812731 -0.2005393845616727 -0.4685215430596699 -0.2910168055812731 -0.4685215430596699 -0.2910168055812731 -0.3855278509758527 -0.3855278509758527 -0.41450045425379445 -0.3855278509758527 -0.3855278509758527 -0.3335858794089664 -0.4685215430596699 -0.4685215430596699 -0.42229695704406345 -0.2379316545252044 -0.2005393845616727 -0.22756876362612646 -0.22830552679999425 -0.22756876362612646 -0.22830552679999425 -0.2910168055812731 -0.22756876362612646 -0.22830552679999425 -0.3855278509758527 -0.40113588493881985 -0.22830552679999425 -0.22756876362612646 -0.3855278509758527 -0.22756876362612646 -0.3639821370395035 -0.2616721643858613 -0.22756876362612646 -0.2910168055812731 -0.22830552679999425 -0.2616721643858613 -0.2616721643858613 -0.2379316545252044 -0.3190683313127569 -0.3190683313127569 -0.30461898934677667 -0.2844810867792142 -0.2844810867792142 -0.27682091413269405 -0.286638305034479 -0.2379316545252044 -0.23251960119023826 -0.2650774288769177 -0.22756876362612646 -0.2007912125120053 -0.2007912125120053 -0.23238513259262944 -0.22780709186736678 -0.22700491554332977 -0.21312036081183913 -0.21490860856096677 -0.20069419707525465 -0.20638379212317884 -0.20069419707525465 -0.1650964828798623 -0.172343789395648 -0.15637280172162352 -0.15637280172162352 -0.15532095637140594 -0.15175214921103813 -0.13044321571823875 -0.10771662051631004 -0.10411635093135119 -0.06026619814920979 -0.0414997747203133 -0.01202090482311622
-0.3335858794089664 -0.3335858794089664 -0.3335858794089664 -0.3335858794089664 -0.3335858794089664 -0.3335858794089664 -0.3335858794089664 -0.2910168055812731 -0.3335858794089664 -0.3335858794089664 -0.3335858794089664 -0.3335858794089664 -0.3335858794089664 -0.3335858794089664 -0.3335858794089664 -0.3335858794089664 -0.3335858794089664 -0.3335858794089664 -0.3335858794089664 -0.3335858794089664 -0.2910168055812731 -0.2005393845616727 -0.3335858794089664 -0.2910168055812731 -0.3335858794089664 -0.2910168055812731 -0.3335858794089664 -0.3335858794089664 -0.3335858794089664 -0.3335858794089664 -0.3335858794089664 -0.46284513062629506 -0.3335858794089664 -0.3335858794089664 -0.3335858794089664 -0.2379316545252044 -0.2005393845616727 -0.22756876362612646 -0.22830552679999425 -0.22756876362612646 -0.22830552679999425 -0.2910168055812731 -0.22756876362612646 -0.22830552679999425 -0.3335858794089664 -0.3335858794089664 -0.22830552679999425 -0.22756876362612646 -0.3335858794089664 -0.22756876362612646 -0.3335858794089664 -0.2616721643858613 -0.22756876362612646 -0.2910168055812731 -0.22830552679999425 -0.2616721643858613 -0.2616721643858613 -0.2379316545252044 -0.3190683313127569 -0.3190683313127569 -0.30461898934677667 -0.2844810867792142 -0.2844810867792142 -0.27682091413269405 -0.286638305034479 -0.2379316545252044 -0.23251960119023826 -0.2650774288769177 -0.22756876362612646 -0.2007912125120053 -0.2007912125120053 -0.23238513259262944 -0.22780709186736678 -0.22700491554332977 -0.21312036081183913 -0.21490860856096677 -0.20069419707525465 -0.20638379212317884 -0.20069419707525465 -0.1650964828798623 -0.172343789395648 -0.15637280172162352 -0.15637280172162352 -0.15532095637140594 -0.15175214921103813 -0.13044321571823875 -0.10771662051631004 -0.10411635093135119 -0.06026619814920979 -0.0414997747203133 -0.01202090482311622
-0.3335858794089664 -0.3335858794089664 -0.3335858794089664 -0.3335858794089664 -0.3335858794089664 -0.3335858794089664 -0.3335858794089664 -0.2910168055812731 -0.3335858794089664 -0.3335858794089664 -0.3335858794089664 -0.3335858794089664 -0.3335858794089664 -0.3335858794089664 -0.3335858794089664 -0.3335858794089664 -0.3335858794089664 -0.3335858794089664 -0.3335858794089664 -0.3335858794089664 -0.2910168055812731 -0.2005393845616727 -0.3335858794089664 -0.2910168055812731 -0.3335858794089664 -0.2910168055812731 -0.3335858794089664 -0.3335858794089664 -0.3335858794089664 -0.3335858794089664 -0.3335858794089664 -0.4561833556526401 -0.3335858794089664 -0.3335858794089664 -0.3335858794089664 -0.2379316545252044 -0.2005393845616727 -0.22756876362612646 -0.22830552679999425 -0.22756876362612646 -0.22830552679999425 -0.2910168055812731 -0.22756876362612646 -0.22830552679999425 -0.3335858794089664 -0.3335858794089664 -0.22830552679999425 -0.22756876362612646 -0.3335858794089664 -0.22756876362612646 -0.3335858794089664 -0.2616721643858613 -0.22756876362612646 -0.2910168055812731 -0.22830552679999425 -0.2616721643858613 -0.2616721643858613 -0.2379316545252044 -0.3190683313127569 -0.3190683313127569 -0.30461898934677667 -0.2844810867792142 -0.2844810867792142 -0.27682091413269405 -0.286638305034479 -0.2379316545252044 -0.23251960119023826 -0.2650774288769177 -0.22756876362612646 -0.2007912125120053 -0.2007912125120053 -0.23238513259262944 -0.22780709186736678 -0.22700491554332977 -0.21312036081183913 -0.21490860856096677 -0.20069419707525465 -0.20638379212317884 -0.20069419707525465 -0.1650964828798623 -0.172343789395648 -0.15637280172162352 -0.15637280172162352 -0.15532095637140594 -0.15175214921103813 -0.13044321571823875 -0.10771662051631004 -0.10411635093135119 -0.06026619814920979 -0.0414997747203133 -0.01202090482311622
-0.3855278509758527 -0.3855278509758527 -0.3855278509758527 -0.3855278509758527 -0.3855278509758527 -0.3855278509758527 -0.3855278509758527 -0.2910168055812731 -0.3855278509758527 -0.3855278509758527 -0.3855278509758527 -0.3855278509758527 -0.3855278509758527 -0.3855278509758527 -0.3855278509758527 -0.3855278509758527 -0.3855278509758527 -0.3855278509758527 -0.3855278509758527 -0.3855278509758527 -0.2910168055812731 -0.2005393845616727 -0.3855278509758527 -0.2910168055812731 -0.3855278509758527 -0.2910168055812731 -0.3855278509758527 -0.3855278509758527 -0.3855278509758527 -0.3855278509758527 -0.3855278509758527 -0.3335858794089664 -0.3855278509758527 -0.3855278509758527 -0.3855278509758527 -0.2379316545252044 -0.2005393845616727 -0.22756876362612646 -0.22830552679999425 -0.22756876362612646 -0.22830552679999425 -0.2910168055812731 -0.22756876362612646 -0.22830552679999425 -0.3855278509758527 -0.3855278509758527 -0.22830552679999425 -0.22756876362612646 -0.3855278509758527 -0.22756876362612646 -0.3639821370395035 -0.2616721643858613 -0.22756876362612646 -0.2910168055812731 -0.22830552679999425 -0.2616721643858613 -0.2616721643858613 -0.2379316545252044 -0.3190683313127569 -0.3190683313127569 -0.30461898934677667 -0.2844810867792142 -0.2844810867792142 -0.27682091413269405 -0.286638305034479 -0.2379316545252044 -0.23251960119023826 -0.2650774288769177 -0.22756876362612646 -0.2007912125120053 -0.2007912125120053 -0.23238513259262944 -0.22780709186736678 -0.22700491554332977 -0.21312036081183913 -0.21490860856096677 -0.20069419707525465 -0.20638379212317884 -0.20069419707525465 -0.1650964828798623 -0.172343789395648 -0.15637280172162352 -0.15637280172162352 -0.15532095637140594 -0.15175214921103813 -0.13044321571823875 -0.10771662051631004 -0.10411635093135119 -0.06026619814920979 -0.0414997747203133 -0.01202090482311622
-0.41450045425379445 -0.41450045425379445 -0.41450045425379445 -0.4449927005379555 -0.41450045425379445 -0.4449927005379555 -0.4449927005379555 -0.2910168055812731 -0.41450045425379445 -0.4449927005379555 -0.4449927005379555 -0.4449927005379555 -0.41450045425379445 -0.41450045425379445 -0.4449927005379555 -0.4449927005379555 -0.4449927005379555 -0.4449927005379555 -0.4449927005379555 -0.4449927005379555 -0.2910168055812731 -0.2005393845616727 -0.41450045425379445 -0.2910168055812731 -0.41450045425379445 -0.2910168055812731 -0.3855278509758527 -0.3855278509758527 -0.4449927005379555 -0.3855278509758527 -0.3855278509758527 -0.3335858794089664 -0.41450045425379445 -0.41450045425379445 -0.41450045425379445 -0.2379316545252044 -0.2005393845616727 -0.22756876362612646 -0.22830552679999425 -0.22756876362612646 -0.22830552679999425 -0.2910168055812731 -0.22756876362612646 -0.22830552679999425 -0.3855278509758527 -0.40113588493881985 -0.22830552679999425 -0.22756876362612646 -0.3855278509758527 -0.22756876362612646 -0.3639821370395035 -0.2616721643858613 -0.22756876362612646 -0.2910168055812731 -0.22830552679999425 -0.2616721643858613 -0.2616721643858613 -0.2379316545252044 -0.3190683313127569 -0.3190683313127569 -0.30461898934677667 -0.2844810867792142 -0.2844810867792142 -0.27682091413269405 -0.286638305034479 -0.2379316545252044 -0.23251960119023826 -0.2650774288769177 -0.22756876362612646 -0.2007912125120053 -0.2007912125120053 -0.23238513259262944 -0.22780709186736678 -0.22700491554332977 -0.21312036081183913 -0.21490860856096677 -0.20504487288595782 -0.20638379212317884 -0.2066739538550323 -0.1650964828798623 -0.172343789395648 -0.15637280172162352 -0.15637280172162352 -0.15532095637140594 -0.15175214921103813 -0.13044321571823875 -0.10771662051631004 -0.10411635093135119 -0.06026619814920979 -0.0414997747203133 -0.01202090482311622
-0.41450045425379445 -0.41450045425379445 -0.41450045425379445 -0.43485872082432764 -0.41450045425379445 -0.43485872082432764 -0.43485872082432764 -0.2910168055812731 -0.41450045425379445 -0.43485872082432764 -0.43485872082432764 -0.43485872082432764 -0.41450045425379445 -0.41450045425379445 -0.43485872082432764 -0.43485872082432764 -0.43485872082432764 -0.43485872082432764 -0.43485872082432764 -0.43485872082432764 -0.2910168055812731 -0.2005393845616727 -0.41450045425379445 -0.2910168055812731 -0.41450045425379445 -0.2910168055812731 -0.3855278509758527 -0.3855278509758527 -0.43485872082432764 -0.3855278509758527 -0.3855278509758527 -0.3335858794089664 -0.41450045425379445 -0.41450045425379445 -0.41450045425379445 -0.2379316545252044 -0.2005393845616727 -0.22756876362612646 -0.22830552679999425 -0.22756876362612646 -0.22830552679999425 -0.2910168055812731 -0.22756876362612646 -0.22830552679999425 -0.3855278509758527 -0.40113588493881985 -0.22830552679999425 -0.22756876362612646 -0.3855278509758527 -0.22756876362612646 -0.3639821370395035 -0.2616721643858613 -0.22756876362612646 -0.2910168055812731 -0.22830552679999425 -0.2616721643858613 -0.2616721643858613 -0.2379316545252044 -0.3190683313127569 -0.3190683313127569 -0.30461898934677667 -0.2844810867792142 -0.2844810867792142 -0.27682091413269405 -0.286638305034479 -0.2379316545252044 -0.23251960119023826 -0.2650774288769177 -0.22756876362612646 -0.2007912125120053 -0.2007912125120053 -0.23238513259262944 -0.22780709186736678 -0.22700491554332977 -0.21312036081183913 -0.21490860856096677 -0.208944462585473 -0.20638379212317884 -0.2066739538550323 -0.1650964828798623 -0.172343789395648 -0.15637280172162352 -0.15637280172162352 -0.15532095637140594 -0.15175214921103813 -0.13044321571823875 -0.10771662051631004 -0.10411635093135119 -0.06026619814920979 -0.0414997747203133 -0.01202090482311622
-0.3855278509758527 -0.3855278509758527 -0.3855278509758527 -0.3855278509758527 -0.3855278509758527 -0.3855278509758527 -0.3855278509758527 -0.2910168055812731 -0.3855278509758527 -0.3855278509758527 -0.3855278509758527 -0.3855278509758527 -0.3855278509758527 -0.3855278509758527 -0.3855278509758527 -0.3855278509758527 -0.3855278509758527 -0.3855278509758527 -0.3855278509758527 -0.3855278509758527 -0.2910168055812731 -0.2005393845616727 -0.3855278509758527 -0.2910168055812731 -0.3855278509758527 -0.2910168055812731 -0.42652789178384326 -0.42652789178384326 -0.3855278509758527 -0.42652789178384326 -0.42652789178384326 -0.3335858794089664 -0.3855278509758527 -0.3855278509758527 -0.3855278509758527 -0.2379316545252044 -0.2005393845616727 -0.22756876362612646 -0.22830552679999425 -0.22756876362612646 -0.22830552679999425 -0.2910168055812731 -0.22756876362612646 -0.22830552679999425 -0.4042561552061966 -0.3855278509758527 -0.22830552679999425 -0.22756876362612646 -0.3862536596708627 -0.22756876362612646 -0.3639821370395035 -0.2616721643858613 -0.22756876362612646 -0.2910168055812731 -0.22830552679999425 -0.2616721643858613 -0.2616721643858613 -0.2379316545252044 -0.3190683313127569 -0.3190683313127569 -0.30461898934677667 -0.2844810867792142 -0.2844810867792142 -0.27682091413269405 -0.286638305034479 -0.2379316545252044 -0.23251960119023826 -0.2650774288769177 -0.22756876362612646 -0.2007912125120053 -0.2007912125120053 -0.23238513259262944 -0.22780709186736678 -0.22700491554332977 -0.21312036081183913 -0.21490860856096677 -0.20069419707525465 -0.20638379212317884 -0.20069419707525465 -0.1650964828798623 -0.172343789395648 -0.15637280172162352 -0.15637280172162352 -0.15532095637140594 -0.15175214921103813 -0.13044321571823875 -0.10771662051631004 -0.10411635093135119 -0.06026619814920979 -0.0414997747203133 -0.01202090482311622
-0.3335858794089664 -0.3335858794089664 -0.3335858794089664 -0.3335858794089664 -0.3335858794089664 -0.3335858794089664 -0.3335858794089664 -0.2910168055812731 -0.3335858794089664 -0.3335858794089664 -0.3335858794089664 -0.3335858794089664 -0.3335858794089664 -0.3335858794089664 -0.3335858794089664 -0.3335858794089664 -0.3335858794089664 -0.3335858794089664 -0.3335858794089664 -0.3335858794089664 -0.2910168055812731 -0.2005393845616727 -0.3335858794089664 -0.2910168055812731 -0.3335858794089664 -0.2910168055812731 -0.3335858794089664 -0.3335858794089664 -0.3335858794089664 -0.3335858794089664 -0.3335858794089664 -0.3335858794089664 -0.3335858794089664 -0.3335858794089664 -0.3335858794089664 -0.2379316545252044 -0.2005393845616727 -0.22756876362612646 -0.4065933610435172 -0.22756876362612646 -0.4065933610435172 -0.2910168055812731 -0.22756876362612646 -0.4065933610435172 -0.3335858794089664 -0.3335858794089664 -0.39381640570448 -0.22756876362612646 -0.3335858794089664 -0.22756876362612646 -0.3335858794089664 -0.2616721643858613 -0.22756876362612646 -0.2910168055812731 -0.3469204620172062 -0.2616721643858613 -0.2616721643858613 -0.2379316545252044 -0.3190683313127569 -0.3190683313127569 -0.30461898934677667 -0.2844810867792142 -0.2844810867792142 -0.27682091413269405 -0.286638305034479 -0.2379316545252044 -0.23251960119023826 -0.2650774288769177 -0.22756876362612646 -0.2007912125120053 -0.2007912125120053 -0.23238513259262944 -0.22780709186736678 -0.22700491554332977 -0.21312036081183913 -0.21490860856096677 -0.20069419707525465 -0.20638379212317884 -0.20069419707525465 -0.1650964828798623 -0.172343789395648 -0.15637280172162352 -0.15637280172162352 -0.15532095637140594 -0.15175214921103813 -0.13044321571823875 -0.10771662051631004 -0.10411635093135119 -0.06026619814920979 -0.0414997747203133 -0.01202090482311622
-0.22830552679999425 -0.22830552679999425 -0.22830552679999425 -0.22830552679999425 -0.22830552679999425 -0.22830552679999425 -0.22830552679999425 -0.22830552679999425 -0.22830552679999425 -0.22830552679999425 -0.22830552679999425 -0.22830552679999425 -0.22830552679999425 -0.22830552679999425 -0.22830552679999425 -0.22830552679999425 -0.22830552679999425 -0.22830552679999425 -0.22830552679999425 -0.22830552679999425 -0.22830552679999425 -0.2005393845616727 -0.22830552679999425 -0.22830552679999425 -0.22830552679999425 -0.22830552679999425 -0.22830552679999425 -0.22830552679999425 -0.22830552679999425 -0.22830552679999425 -0.22830552679999425 -0.22830552679999425 -0.22830552679999425 -0.22830552679999425 -0.22830552679999425 -0.22830552679999425 -0.2005393845616727 -0.22756876362612646 -0.4046474983520043 -0.22756876362612646 -0.4046474983520043 -0.22830552679999425 -0.22756876362612646 -0.4046474983520043 -0.22830552679999425 -0.22830552679999425 -0.39381640570448 -0.22756876362612646 -0.22830552679999425 -0.22756876362612646 -0.22830552679999425 -0.22830552679999425 -0.22756876362612646 -0.22830552679999425 -0.3469204620172062 -0.22830552679999425 -0.22830552679999425 -0.22830552679999425 -0.22830552679999425 -0.22830552679999425 -0.22830552679999425 -0.22830552679999425 -0.22830552679999425 -0.22830552679999425 -0.22830552679999425 -0.22830552679999425 -0.22830552679999425 -0.22830552679999425 -0.22756876362612646 -0.2007912125120053 -0.2007912125120053 -0.22830552679999425 -0.22780709186736678 -0.22700491554332977 -0.21312036081183913 -0.21490860856096677 -0.20069419707525465 -0.20638379212317884 -0.20069419707525465 -0.1650964828798623 -0.172343789395648 -0.15637280172162352 -0.15637280172162352 -0.15532095637140594 -0.15175214921103813 -0.13044321571823875 -0.10771662051631004 -0.10411635093135119 -0.06026619814920979 -0.0414997747203133 -0.01202090482311622
-0.3335858794089664 -0.3335858794089664 -0.3335858794089664 -0.3335858794089664 -0.3335858794089664 -0.3335858794089664 -0.3335858794089664 -0.2910168055812731 -0.3335858794089664 -0.3335858794089664 -0.3335858794089664 -0.3335858794089664 -0.3335858794089664 -0.3335858794089664 -0.3335858794089664 -0.3335858794089664 -0.3335858794089664 -0.3335858794089664 -0.3335858794089664 -0.3335858794089664 -0.2910168055812731 -0.2005393845616727 -0.3335858794089664 -0.2910168055812731 -0.3335858794089664 -0.2910168055812731 -0.3335858794089664 -0.3335858794089664 -0.3335858794089664 -0.3335858794089664 -0.3335858794089664 -0.3335858794089664 -0.3335858794089664 -0.3335858794089664 -0.3335858794089664 -0.2379316545252044 -0.2005393845616727 -0.4046463438357989 -0.22830552679999425 -0.4046463438357989 -0.22830552679999425 -0.2910168055812731 -0.4046463438357989 -0.22830552679999425 -0.3335858794089664 -0.3335858794089664 -0.22830552679999425 -0.3936585796367618 -0.3335858794089664 -0.37087609797028714 -0.3335858794089664 -0.2616721643858613 -0.34878328285985966 -0.2910168055812731 -0.22830552679999425 -0.2616721643858613 -0.2616721643858613 -0.2379316545252044 -0.3190683313127569 -0.3190683313127569 -0.30461898934677667 -0.2844810867792142 -0.2844810867792142 -0.27682091413269405 -0.286638305034479 -0.2379316545252044 -0.23251960119023826 -0.2650774288769177 -0.23316910639800412 -0.2007912125120053 -0.2007912125120053 -0.23238513259262944 -0.22780709186736678 -0.22700491554332977 -0.21312036081183913 -0.21490860856096677 -0.20069419707525465 -0.20638379212317884 -0.20069419707525465 -0.1650964828798623 -0.172343789395648 -0.15637280172162352 -0.15637280172162352 -0.15532095637140594 -0.15175214921103813 -0.13044321571823875 -0.10771662051631004 -0.10411635093135119 -0.06026619814920979 -0.0414997747203133 -0.01202090482311622
-0.22756876362612646 -0.22756876362612646 -0.22756876362612646 -0.22756876362612646 -0.22756876362612646 -0.22756876362612646 -0.22756876362612646 -0.22756876362612646 -0.22756876362612646 -0.22756876362612646 -0.22756876362612646 -0.22756876362612646 -0.22756876362612646 -0.22756876362612646 -0.22756876362612646 -0.22756876362612646 -0.22756876362612646 -0.22756876362612646 -0.22756876362612646 -0.22756876362612646 -0.22756876362612646 -0.2005393845616727 -0.22756876362612646 -0.22756876362612646 -0.22756876362612646 -0.22756876362612646 -0.22756876362612646 -0.22756876362612646 -0.22756876362612646 -0.22756876362612646 -0.22756876362612646 -0.22756876362612646 -0.22756876362612646 -0.22756876362612646 -0.22756876362612646 -0.22756876362612646 -0.2005393845616727 -0.40251690439701815 -0.22756876362612646 -0.40251690439701815 -0.22756876362612646 -0.22756876362612646 -0.40251690439701815 -0.22756876362612646 -0.22756876362612646 -0.22756876362612646 -0.22756876362612646 -0.3936585796367618 -0.22756876362612646 -0.37087609797028714 -0.22756876362612646 -0.22756876362612646 -0.34878328285985966 -0.22756876362612646 -0.22756876362612646 -0.22756876362612646 -0.22756876362612646 -0.22756876362612646 -0.22756876362612646 -0.22756876362612646 -0.22756876362612646 -0.22756876362612646 -0.22756876362612646 -0.22756876362612646 -0.22756876362612646 -0.22756876362612646 -0.22756876362612646 -0.22756876362612646 -0.23316910639800412 -0.2007912125120053 -0.2007912125120053 -0.22756876362612646 -0.22756876362612646 -0.22700491554332977 -0.21312036081183913 -0.21490860856096677 -0.20069419707525465 -0.20638379212317884 -0.20069419707525465 -0.1650964828798623 -0.172343789395648 -0.15637280172162352 -0.15637280172162352 -0.15532095637140594 -0.15175214921103813 -0.13044321571823875 -0.10771662051631004 -0.10411635093135119 -0.06026619814920979 -0.0414997747203133 -0.01202090482311622
-0.40113588493881985 -0.40113588493881985 -0.40113588493881985 -0.40113588493881985 -0.40113588493881985 -0.40113588493881985 -0.40113588493881985 -0.2910168055812731 -0.40113588493881985 -0.40113588493881985 -0.40113588493881985 -0.40113588493881985 -0.40113588493881985 -0.40113588493881985 -0.40113588493881985 -0.40113588493881985 -0.40113588493881985 -0.40113588493881985 -0.40113588493881985 -0.40113588493881985 -0.2910168055812731 -0.2005393845616727 -0.40113588493881985 -0.2910168055812731 -0.40113588493881985 -0.2910168055812731 -0.3855278509758527 -0.3855278509758527 -0.40113588493881985 -0.3855278509758527 -0.3855278509758527 -0.3335858794089664 -0.40113588493881985 -0.40113588493881985 -0.40113588493881985 -0.2379316545252044 -0.2005393845616727 -0.33024413914650086 -0.4020502466424997 -0.33024413914650086 -0.4020502466424997 -0.2910168055812731 -0.33024413914650086 -0.4020502466424997 -0.3855278509758527 -0.40113588493881985 -0.39381640570448 -0.33024413914650086 -0.3855278509758527 -0.37087609797028714 -0.3639821370395035 -0.2616721643858613 -0.3143007743387771 -0.2910168055812731 -0.3444222373311635 -0.2616721643858613 -0.2616721643858613 -0.2379316545252044 -0.3190683313127569 -0.3190683313127569 -0.30461898934677667 -0.2844810867792142 -0.2844810867792142 -0.27682091413269405 -0.286638305034479 -0.2379316545252044 -0.23251960119023826 -0.2650774288769177 -0.23316910639800412 -0.2007912125120053 -0.2007912125120053 -0.23238513259262944 -0.22780709186736678 -0.22700491554332977 -0.21312036081183913 -0.21490860856096677 -0.20069419707525465 -0.20638379212317884 -0.20069419707525465 -0.1650964828798623 -0.172343789395648 -0.15637280172162352 -0.15637280172162352 -0.15532095637140594 -0.15175214921103813 -0.13044321571823875 -0.10771662051631004 -0.10411635093135119 -0.06026619814920979 -0.0414997747203133 -0.01202090482311622
-0.40072421332922215 -0.40072421332922215 -0.40072421332922215 -0.40072421332922215 -0.40072421332922215 -0.40072421332922215 -0.40072421332922215 -0.2910168055812731 -0.40072421332922215 -0.40072421332922215 -0.40072421332922215 -0.40072421332922215 -0.40072421332922215 -0.40072421332922215 -0.40072421332922215 -0.40072421332922215 -0.40072421332922215 -0.40072421332922215 -0.40072421332922215 -0.40072421332922215 -0.2910168055812731 -0.2005393845616727 -0.40072421332922215 -0.2910168055812731 -0.40072421332922215 -0.2910168055812731 -0.3855278509758527 -0.3855278509758527 -0.40072421332922215 -0.3855278509758527 -0.3855278509758527 -0.3335858794089664 -0.40072421332922215 -0.40072421332922215 -0.40072421332922215 -0.2379316545252044 -0.2005393845616727 -0.40072421332922215 -0.3098266462186488 -0.40072421332922215 -0.3098266462186488 -0.2910168055812731 -0.40072421332922215 -0.40072421332922215 -0.3855278509758527 -0.40072421332922215 -0.3098266462186488 -0.3936585796367618 -0.3855278509758527 -0.37087609797028714 -0.3639821370395035 -0.2616721643858613 -0.3143007743387771 -0.2910168055812731 -0.3098266462186488 -0.2616721643858613 -0.2616721643858613 -0.2379316545252044 -0.3190683313127569 -0.3190683313127569 -0.30461898934677667 -0.2844810867792142 -0.2844810867792142 -0.27682091413269405 -0.286638305034479 -0.2379316545252044 -0.23251960119023826 -0.2650774288769177 -0.23316910639800412 -0.2007912125120053 -0.2007912125120053 -0.23238513259262944 -0.22780709186736678 -0.22700491554332977 -0.21312036081183913 -0.21490860856096677 -0.20069419707525465 -0.20638379212317884 -0.20069419707525465 -0.1650964828798623 -0.172343789395648 -0.15637280172162352 -0.15637280172162352 -0.15532095637140594 -0.15175214921103813 -0.13044321571823875 -0.10771662051631004 -0.10411635093135119 -0.06026619814920979 -0.0414997747203133 -0.01202090482311622
-0.2910168055812731 -0.2910168055812731 -0.2910168055812731 -0.2910168055812731 -0.2910168055812731 -0.2910168055812731 -0.2910168055812731 -0.4000388487177535 -0.2910168055812731 -0.2910168055812731 -0.2910168055812731 -0.2910168055812731 -0.2910168055812731 -0.2910168055812731 -0.2910168055812731 -0.2910168055812731 -0.2910168055812731 -0.2910168055812731 -0.2910168055812731 -0.2910168055812731 -0.3192164445402297 -0.2005393845616727 -0.2910168055812731 -0.3192164445402297 -0.2910168055812731 -0.3192164445402297 -0.2910168055812731 -0.2910168055812731 -0.2910168055812731 -0.2910168055812731 -0.2910168055812731 -0.2910168055812731 -0.2910168055812731 -0.2910168055812731 -0.2910168055812731 -0.2379316545252044 -0.2005393845616727 -0.22756876362612646 -0.22830552679999425 -0.22756876362612646 -0.22830552679999425 -0.29774010893685354 -0.22756876362612646 -0.22830552679999425 -0.2910168055812731 -0.2910168055812731 -0.22830552679999425 -0.22756876362612646 -0.2910168055812731 -0.22756876362612646 -0.2910168055812731 -0.2616721643858613 -0.22756876362612646 -0.29774010893685354 -0.22830552679999425 -0.2616721643858613 -0.2616721643858613 -0.2379316545252044 -0.2910168055812731 -0.2910168055812731 -0.2910168055812731 -0.2844810867792142 -0.2844810867792142 -0.27682091413269405 -0.286638305034479 -0.2379316545252044 -0.23251960119023826 -0.2650774288769177 -0.22756876362612646 -0.2007912125120053 -0.2007912125120053 -0.23238513259262944 -0.22780709186736678 -0.22700491554332977 -0.21312036081183913 -0.21490860856096677 -0.20069419707525465 -0.20638379212317884 -0.20069419707525465 -0.1650964828798623 -0.172343789395648 -0.15637280172162352 -0.15637280172162352 -0.15532095637140594 -0.15175214921103813 -0.13044321571823875 -0.10771662051631004 -0.10411635093135119 -0.06026619814920979 -0.0414997747203133 -0.01202090482311622
-0.2910168055812731 -0.2910168055812731 -0.2910168055812731 -0.2910168055812731 -0.2910168055812731 -0.2910168055812731 -0.2910168055812731 -0.3987103241157374 -0.2910168055812731 -0.2910168055812731 -0.2910168055812731 -0.2910168055812731 -0.2910168055812731 -0.2910168055812731 -0.2910168055812731 -0.2910168055812731 -0.2910168055812731 -0.2910168055812731 -0.2910168055812731 -0.2910168055812731 -0.3192164445402297 -0.2005393845616727 -0.2910168055812731 -0.3192164445402297 -0.2910168055812731 -0.3192164445402297 -0.2910168055812731 -0.2910168055812731 -0.2910168055812731 -0.2910168055812731 -0.2910168055812731 -0.2910168055812731 -0.2910168055812731 -0.2910168055812731 -0.2910168055812731 -0.2379316545252044 -0.2005393845616727 -0.22756876362612646 -0.22830552679999425 -0.22756876362612646 -0.22830552679999425 -0.29774010893685354 -0.22756876362612646 -0.22830552679999425 -0.2910168055812731 -0.2910168055812731 -0.22830552679999425 -0.22756876362612646 -0.2910168055812731 -0.22756876362612646 -0.2910168055812731 -0.2616721643858613 -0.22756876362612646 -0.29774010893685354 -0.22830552679999425 -0.2616721643858613 -0.2616721643858613 -0.2379316545252044 -0.2910168055812731 -0.2910168055812731 -0.2910168055812731 -0.2844810867792142 -0.2844810867792142 -0.27682091413269405 -0.286638305034479 -0.2379316545252044 -0.23251960119023826 -0.2650774288769177 -0.22756876362612646 -0.2007912125120053 -0.2007912125120053 -0.23238513259262944 -0.22780709186736678 -0.22700491554332977 -0.21312036081183913 -0.21490860856096677 -0.20069419707525465 -0.20638379212317884 -0.20069419707525465 -0.1650964828798623 -0.172343789395648 -0.15637280172162352 -0.15637280172162352 -0.15532095637140594 -0.15175214921103813 -0.13044321571823875 -0.10771662051631004 -0.10411635093135119 -0.06026619814920979 -0.0414997747203133 -0.01202090482311622
-0.37747495696310873 -0.37747495696310873 -0.37747495696310873 -0.37747495696310873 -0.37747495696310873 -0.37747495696310873 -0.37747495696310873 -0.2910168055812731 -0.37747495696310873 -0.37747495696310873 -0.37747495696310873 -0.37747495696310873 -0.37747495696310873 -0.37747495696310873 -0.37747495696310873 -0.37747495696310873 -0.37747495696310873 -0.37747495696310873 -0.37747495696310873 -0.37747495696310873 -0.2910168055812731 -0.2005393845616727 -0.37747495696310873 -0.2910168055812731 -0.37747495696310873 -0.2910168055812731 -0.37747495696310873 -0.37747495696310873 -0.37747495696310873 -0.37747495696310873 -0.37747495696310873 -0.3335858794089664 -0.37747495696310873 -0.37747495696310873 -0.37747495696310873 -0.2379316545252044 -0.2005393845616727 -0.22756876362612646 -0.22830552679999425 -0.22756876362612646 -0.22830552679999425 -0.2910168055812731 -0.22756876362612646 -0.22830552679999425 -0.37747495696310873 -0.37747495696310873 -0.22830552679999425 -0.22756876362612646 -0.37747495696310873 -0.22756876362612646 -0.3639821370395035 -0.2616721643858613 -0.22756876362612646 -0.2910168055812731 -0.22830552679999425 -0.2616721643858613 -0.2616721643858613 -0.2379316545252044 -0.32996245312135236 -0.32848891270650926 -0.30461898934677667 -0.2844810867792142 -0.2844810867792142 -0.27682091413269405 -0.286638305034479 -0.2379316545252044 -0.23251960119023826 -0.2650774288769177 -0.22756876362612646 -0.2007912125120053 -0.2007912125120053 -0.23238513259262944 -0.22780709186736678 -0.22700491554332977 -0.21312036081183913 -0.21490860856096677 -0.20069419707525465 -0.20638379212317884 -0.20069419707525465 -0.1650964828798623 -0.172343789395648 -0.15637280172162352 -0.15637280172162352 -0.15532095637140594 -0.15175214921103813 -0.13044321571823875 -0.10771662051631004 -0.10411635093135119 -0.06026619814920979 -0.0414997747203133 -0.01202090482311622
-0.22830552679999425 -0.22830552679999425 -0.22830552679999425 -0.22830552679999425 -0.22830552679999425 -0.22830552679999425 -0.22830552679999425 -0.22830552679999425 -0.22830552679999425 -0.22830552679999425 -0.22830552679999425 -0.22830552679999425 -0.22830552679999425 -0.22830552679999425 -0.22830552679999425 -0.22830552679999425 -0.22830552679999425 -0.22830552679999425 -0.22830552679999425 -0.22830552679999425 -0.22830552679999425 -0.2005393845616727 -0.22830552679999425 -0.22830552679999425 -0.22830552679999425 -0.22830552679999425 -0.22830552679999425 -0.22830552679999425 -0.22830552679999425 -0.22830552679999425 -0.22830552679999425 -0.22830552679999425 -0.22830552679999425 -0.22830552679999425 -0.22830552679999425 -0.22830552679999425 -0.2005393845616727 -0.22756876362612646 -0.3731702799283153 -0.22756876362612646 -0.3731702799283153 -0.22830552679999425 -0.22756876362612646 -0.3731702799283153 -0.22830552679999425 -0.22830552679999425 -0.3731702799283153 -0.22756876362612646 -0.22830552679999425 -0.22756876362612646 -0.22830552679999425 -0.22830552679999425 -0.22756876362612646 -0.22830552679999425 -0.3469204620172062 -0.22830552679999425 -0.22830552679999425 -0.22830552679999425 -0.22830552679999425 -0.22830552679999425 -0.22830552679999425 -0.22830552679999425 -0.22830552679999425 -0.22830552679999425 -0.22830552679999425 -0.22830552679999425 -0.22830552679999425 -0.22830552679999425 -0.22756876362612646 -0.2007912125120053 -0.2007912125120053 -0.22830552679999425 -0.22780709186736678 -0.22700491554332977 -0.21312036081183913 -0.21490860856096677 -0.20069419707525465 -0.20638379212317884 -0.20069419707525465 -0.1650964828798623 -0.172343789395648 -0.15637280172162352 -0.15637280172162352 -0.15532095637140594 -0.15175214921103813 -0.13044321571823875 -0.10771662051631004 -0.10411635093135119 -0.06026619814920979 -0.0414997747203133 -0.01202090482311622
-0.2005393845616727 -0.2005393845616727 -0.2005393845616727 -0.2005393845616727 -0.2005393845616727 -0.2005393845616727 -0.2005393845616727 -0.2005393845616727 -0.2005393845616727 -0.2005393845616727 -0.2005393845616727 -0.2005393845616727 -0.2005393845616727 -0.2005393845616727 -0.2005393845616727 -0.2005393845616727 -0.2005393845616727 -0.2005393845616727 -0.2005393845616727 -0.2005393845616727 -0.2005393845616727 -0.37299093651519255 -0.2005393845616727 -0.2005393845616727 -0.2005393845616727 -0.2005393845616727 -0.2005393845616727 -0.2005393845616727 -0.2005393845616727 -0.2005393845616727 -0.2005393845616727 -0.2005393845616727 -0.2005393845616727 -0.2005393845616727 -0.2005393845616727 -0.2005393845616727 -0.37299093651519255 -0.2005393845616727 -0.2005393845616727 -0.2005393845616727 -0.2005393845616727 -0.2005393845616727 -0.2005393845616727 -0.2005393845616727 -0.2005393845616727 -0.2005393845616727 -0.2005393845616727 -0.2005393845616727 -0.2005393845616727 -0.2005393845616727 -0.2005393845616727 -0.2005393845616727 -0.2005393845616727 -0.2005393845616727 -0.2005393845616727 -0.2005393845616727 -0.2005393845616727 -0.2005393845616727 -0.2005393845616727 -0.2005393845616727 -0.2005393845616727 -0.2005393845616727 -0.2005393845616727 -0.2005393845616727 -0.2005393845616727 -0.2005393845616727 -0.2005393845616727 -0.2005393845616727 -0.2005393845616727 -0.2005393845616727 -0.2005393845616727 -0.2005393845616727 -0.2005393845616727 -0.2005393845616727 -0.2005393845616727 -0.2005393845616727 -0.2005393845616727 -0.2005393845616727 -0.2005393845616727 -0.1650964828798623 -0.172343789395648 -0.15637280172162352 -0.15637280172162352 -0.15532095637140594 -0.15175214921103813 -0.13044321571823875 -0.10771662051631004 -0.10411635093135119 -0.06026619814920979 -0.0414997747203133 -0.01202090482311622
-0.2005393845616727 -0.2005393845616727 -0.2005393845616727 -0.2005393845616727 -0.2005393845616727 -0.2005393845616727 -0.2005393845616727 -0.2005393845616727 -0.2005393845616727 -0.2005393845616727 -0.2005393845616727 -0.2005393845616727 -0.2005393845616727 -0.2005393845616727 -0.2005393845616727 -0.2005393845616727 -0.2005393845616727 -0.2005393845616727 -0.2005393845616727 -0.2005393845616727 -0.2005393845616727 -0.3714643757850511 -0.2005393845616727 -0.2005393845616727 -0.2005393845616727 -0.2005393845616727 -0.2005393845616727 -0.2005393845616727 -0.2005393845616727 -0.2005393845616727 -0.2005393845616727 -0.2005393845616727 -0.2005393845616727 -0.2005393845616727 -0.2005393845616727 -0.2005393845616727 -0.3714643757850511 -0.2005393845616727 -0.2005393845616727 -0.2005393845616727 -0.2005393845616727 -0.2005393845616727 -0.2005393845616727 -0.2005393845616727 -0.2005393845616727 -0.2005393845616727 -0.2005393845616727 -0.2005393845616727 -0.2005393845616727 -0.2005393845616727 -0.2005393845616727 -0.2005393845616727 -0.2005393845616727 -0.2005393845616727 -0.2005393845616727 -0.2005393845616727 -0.2005393845616727 -0.2005393845616727 -0.2005393845616727 -0.2005393845616727 -0.2005393845616727 -0.2005393845616727 -0.2005393845616727 -0.2005393845616727 -0.2005393845616727 -0.2005393845616727 -0.2005393845616727 -0.2005393845616727 -0.2005393845616727 -0.2005393845616727 -0.2005393845616727 -0.2005393845616727 -0.2005393845616727 -0.2005393845616727 -0.2005393845616727 -0.2005393845616727 -0.2005393845616727 -0.2005393845616727 -0.2005393845616727 -0.1650964828798623 -0.172343789395648 -0.15637280172162352 -0.15637280172162352 -0.15532095637140594 -0.15175214921103813 -0.13044321571823875 -0.10771662051631004 -0.10411635093135119 -0.06026619814920979 -0.0414997747203133 -0.01202090482311622
-0.22756876362612646 -0.22756876362612646 -0.22756876362612646 -0.22756876362612646 -0.22756876362612646 -0.22756876362612646 -0.22756876362612646 -0.22756876362612646 -0.22756876362612646 -0.22756876362612646 -0.22756876362612646 -0.22756876362612646 -0.22756876362612646 -0.22756876362612646 -0.22756876362612646 -0.22756876362612646 -0.22756876362612646 -0.22756876362612646 -0.22756876362612646 -0.22756876362612646 -0.22756876362612646 -0.2005393845616727 -0.22756876362612646 -0.22756876362612646 -0.22756876362612646 -0.22756876362612646 -0.22756876362612646 -0.22756876362612646 -0.22756876362612646 -0.22756876362612646 -0.22756876362612646 -0.22756876362612646 -0.22756876362612646 -0.22756876362612646 -0.22756876362612646 -0.22756876362612646 -0.2005393845616727 -0.3710095281049116 -0.22756876362612646 -0.3710095281049116 -0.22756876362612646 -0.22756876362612646 -0.3710095281049116 -0.22756876362612646 -0.22756876362612646 -0.22756876362612646 -0.22756876362612646 -0.3710095281049116 -0.22756876362612646 -0.37087609797028714 -0.22756876362612646 -0.22756876362612646 -0.34878328285985966 -0.22756876362612646 -0.22756876362612646 -0.22756876362612646 -0.22756876362612646 -0.22756876362612646 -0.22756876362612646 -0.22756876362612646 -0.22756876362612646 -0.22756876362612646 -0.22756876362612646 -0.22756876362612646 -0.22756876362612646 -0.22756876362612646 -0.22756876362612646 -0.22756876362612646 -0.26496873291905393 -0.2007912125120053 -0.2007912125120053 -0.22756876362612646 -0.22756876362612646 -0.22700491554332977 -0.2230737573825625 -0.21490860856096677 -0.20069419707525465 -0.20638379212317884 -0.20069419707525465 -0.1650964828798623 -0.172343789395648 -0.15637280172162352 -0.15637280172162352 -0.15532095637140594 -0.15175214921103813 -0.13044321571823875 -0.10771662051631004 -0.10411635093135119 -0.06026619814920979 -0.0414997747203133 -0.01202090482311622
-0.3707740562252983 -0.3707740562252983 -0.3707740562252983 -0.3707740562252983 -0.3707740562252983 -0.3707740562252983 -0.3707740562252983 -0.2910168055812731 -0.3707740562252983 -0.3707740562252983 -0.3707740562252983 -0.3707740562252983 -0.3707740562252983 -0.3707740562252983 -0.3707740562252983 -0.3707740562252983 -0.3707740562252983 -0.3707740562252983 -0.3707740562252983 -0.3707740562252983 -0.2910168055812731 -0.2005393845616727 -0.3707740562252983 -0.2910168055812731 -0.3707740562252983 -0.2910168055812731 -0.3707740562252983 -0.3707740562252983 -0.3707740562252983 -0.3707740562252983 -0.3707740562252983 -0.3335858794089664 -0.3707740562252983 -0.3707740562252983 -0.3707740562252983 -0.2379316545252044 -0.2005393845616727 -0.22756876362612646 -0.22830552679999425 -0.22756876362612646 -0.22830552679999425 -0.2910168055812731 -0.22756876362612646 -0.22830552679999425 -0.3707740562252983 -0.3707740562252983 -0.22830552679999425 -0.22756876362612646 -0.3707740562252983 -0.22756876362612646 -0.3639821370395035 -0.2616721643858613 -0.22756876362612646 -0.2910168055812731 -0.22830552679999425 -0.2616721643858613 -0.2616721643858613 -0.2379316545252044 -0.3190683313127569 -0.3190683313127569 -0.30461898934677667 -0.2844810867792142 -0.2844810867792142 -0.27682091413269405 -0.286638305034479 -0.2379316545252044 -0.23251960119023826 -0.2650774288769177 -0.22756876362612646 -0.2007912125120053 -0.2007912125120053 -0.23238513259262944 -0.22780709186736678 -0.22700491554332977 -0.21312036081183913 -0.21490860856096677 -0.20069419707525465 -0.20638379212317884 -0.20069419707525465 -0.1650964828798623 -0.172343789395648 -0.15637280172162352 -0.15637280172162352 -0.15532095637140594 -0.15175214921103813 -0.13044321571823875 -0.10771662051631004 -0.10411635093135119 -0.06026619814920979 -0.0414997747203133 -0.01202090482311622
-0.2005393845616727 -0.2005393845616727 -0.2005393845616727 -0.2005393845616727 -0.2005393845616727 -0.2005393845616727 -0.2005393845616727 -0.2005393845616727 -0.2005393845616727 -0.2005393845616727 -0.2005393845616727 -0.2005393845616727 -0.2005393845616727 -0.2005393845616727 -0.2005393845616727 -0.2005393845616727 -0.2005393845616727 -0.2005393845616727 -0.2005393845616727 -0.2005393845616727 -0.2005393845616727 -0.3655105122363372 -0.2005393845616727 -0.2005393845616727 -0.2005393845616727 -0.2005393845616727 -0.2005393845616727 -0.2005393845616727 -0.2005393845616727 -0.2005393845616727 -0.2005393845616727 -0.2005393845616727 -0.2005393845616727 -0.2005393845616727 -0.2005393845616727 -0.2005393845616727 -0.3655105122363372 -0.2005393845616727 -0.2005393845616727 -0.2005393845616727 -0.2005393845616727 -0.2005393845616727 -0.2005393845616727 -0.2005393845616727 -0.2005393845616727 -0.2005393845616727 -0.2005393845616727 -0.2005393845616727 -0.2005393845616727 -0.2005393845616727 -0.2005393845616727 -0.2005393845616727 -0.2005393845616727 -0.2005393845616727 -0.2005393845616727 -0.2005393845616727 -0.2005393845616727 -0.2005393845616727 -0.2005393845616727 -0.2005393845616727 -0.2005393845616727 -0.2005393845616727 -0.2005393845616727 -0.2005393845616727 -0.2005393845616727 -0.2005393845616727 -0.2005393845616727 -0.2005393845616727 -0.2005393845616727 -0.2005393845616727 -0.2005393845616727 -0.2005393845616727 -0.2005393845616727 -0.2005393845616727 -0.2005393845616727 -0.2005393845616727 -0.2005393845616727 -0.2005393845616727 -0.2005393845616727 -0.1650964828798623 -0.172343789395648 -0.15637280172162352 -0.15637280172162352 -0.15532095637140594 -0.15175214921103813 -0.13044321571823875 -0.10771662051631004 -0.10411635093135119 -0.06026619814920979 -0.0414997747203133 -0.01202090482311622
-0.36502846699596087 -0.36502846699596087 -0.36502846699596087 -0.36502846699596087 -0.36502846699596087 -0.36502846699596087 -0.36502846699596087 -0.2910168055812731 -0.36502846699596087 -0.36502846699596087 -0.36502846699596087 -0.36502846699596087 -0.36502846699596087 -0.36502846699596087 -0.36502846699596087 -0.36502846699596087 -0.36502846699596087 -0.36502846699596087 -0.36502846699596087 -0.36502846699596087 -0.2910168055812731 -0.2005393845616727 -0.36502846699596087 -0.2910168055812731 -0.36502846699596087 -0.2910168055812731 -0.36502846699596087 -0.36502846699596087 -0.36502846699596087 -0.36502846699596087 -0.36502846699596087 -0.3335858794089664 -0.36502846699596087 -0.36502846699596087 -0.36502846699596087 -0.2379316545252044 -0.2005393845616727 -0.36502846699596087 -0.3098266462186488 -0.36502846699596087 -0.3098266462186488 -0.2910168055812731 -0.36502846699596087 -0.36502846699596087 -0.36502846699596087 -0.36502846699596087 -0.3098266462186488 -0.36502846699596087 -0.36502846699596087 -0.36502846699596087 -0.3639821370395035 -0.2616721643858613 -0.3143007743387771 -0.2910168055812731 -0.3098266462186488 -0.2616721643858613 -0.2616721643858613 -0.2379316545252044 -0.3190683313127569 -0.3190683313127569 -0.30461898934677667 -0.2844810867792142 -0.2844810867792142 -0.27682091413269405 -0.286638305034479 -0.2379316545252044 -0.23251960119023826 -0.2650774288769177 -0.23316910639800412 -0.2007912125120053 -0.2007912125120053 -0.23238513259262944 -0.22780709186736678 -0.22700491554332977 -0.21312036081183913 -0.21490860856096677 -0.20069419707525465 -0.20638379212317884 -0.20069419707525465 -0.1650964828798623 -0.172343789395648 -0.15637280172162352 -0.15637280172162352 -0.15532095637140594 -0.15175214921103813 -0.13044321571823875 -0.10771662051631004 -0.10411635093135119 -0.06026619814920979 -0.0414997747203133 -0.01202090482311622
-0.3335858794089664 -0.3335858794089664 -0.3335858794089664 -0.3335858794089664 -0.3335858794089664 -0.3335858794089664 -0.3335858794089664 -0.2910168055812731 -0.3335858794089664 -0.3335858794089664 -0.3335858794089664 -0.3335858794089664 -0.3335858794089664 -0.3335858794089664 -0.3335858794089664 -0.3335858794089664 -0.3335858794089664 -0.3335858794089664 -0.3335858794089664 -0.3335858794089664 -0.2910168055812731 -0.2005393845616727 -0.3335858794089664 -0.2910168055812731 -0.3335858794089664 -0.2910168055812731 -0.3335858794089664 -0.3335858794089664 -0.3335858794089664 -0.3335858794089664 -0.3335858794089664 -0.36315493174387276 -0.3335858794089664 -0.3335858794089664 -0.3335858794089664 -0.2379316545252044 -0.2005393845616727 -0.22756876362612646 -0.22830552679999425 -0.22756876362612646 -0.22830552679999425 -0.2910168055812731 -0.22756876362612646 -0.22830552679999425 -0.3335858794089664 -0.3335858794089664 -0.22830552679999425 -0.22756876362612646 -0.3335858794089664 -0.22756876362612646 -0.3335858794089664 -0.2616721643858613 -0.22756876362612646 -0.2910168055812731 -0.22830552679999425 -0.2616721643858613 -0.2616721643858613 -0.2379316545252044 -0.3190683313127569 -0.3190683313127569 -0.30461898934677667 -0.2844810867792142 -0.2844810867792142 -0.27682091413269405 -0.286638305034479 -0.2379316545252044 -0.23251960119023826 -0.2650774288769177 -0.22756876362612646 -0.2007912125120053 -0.2007912125120053 -0.23238513259262944 -0.22780709186736678 -0.22700491554332977 -0.21312036081183913 -0.21490860856096677 -0.20069419707525465 -0.20638379212317884 -0.20069419707525465 -0.1650964828798623 -0.172343789395648 -0.15637280172162352 -0.15637280172162352 -0.15532095637140594 -0.15175214921103813 -0.13044321571823875 -0.10771662051631004 -0.10411635093135119 -0.06026619814920979 -0.0414997747203133 -0.01202090482311622
-0.344335203434667 -0.344335203434667 -0.344335203434667 -0.344335203434667 -0.344335203434667 -0.344335203434667 -0.344335203434667 -0.2910168055812731 -0.344335203434667 -0.344335203434667 -0.344335203434667 -0.344335203434667 -0.344335203434667 -0.344335203434667 -0.344335203434667 -0.344335203434667 -0.344335203434667 -0.344335203434667 -0.344335203434667 -0.344335203434667 -0.2910168055812731 -0.2005393845616727 -0.344335203434667 -0.2910168055812731 -0.344335203434667 -0.2910168055812731 -0.344335203434667 -0.344335203434667 -0.344335203434667 -0.344335203434667 -0.344335203434667 -0.3335858794089664 -0.344335203434667 -0.344335203434667 -0.344335203434667 -0.2379316545252044 -0.2005393845616727 -0.22756876362612646 -0.22830552679999425 -0.22756876362612646 -0.22830552679999425 -0.2910168055812731 -0.22756876362612646 -0.22830552679999425 -0.344335203434667 -0.344335203434667 -0.22830552679999425 -0.22756876362612646 -0.344335203434667 -0.22756876362612646 -0.344335203434667 -0.2616721643858613 -0.22756876362612646 -0.2910168055812731 -0.22830552679999425 -0.2616721643858613 -0.2616721643858613 -0.2379316545252044 -0.32590231305402373 -0.32590231305402373 -0.30461898934677667 -0.2844810867792142 -0.2844810867792142 -0.27682091413269405 -0.286638305034479 -0.2379316545252044 -0.23251960119023826 -0.2650774288769177 -0.22756876362612646 -0.2007912125120053 -0.2007912125120053 -0.23238513259262944 -0.22780709186736678 -0.22700491554332977 -0.21312036081183913 -0.21490860856096677 -0.20069419707525465 -0.20638379212317884 -0.20069419707525465 -0.1650964828798623 -0.172343789395648 -0.15637280172162352 -0.15637280172162352 -0.15532095637140594 -0.15175214921103813 -0.13044321571823875 -0.10771662051631004 -0.10411635093135119 -0.06026619814920979 -0.0414997747203133 -0.01202090482311622
-0.3309801406769902 -0.3309801406769902 -0.3309801406769902 -0.3309801406769902 -0.3309801406769902 -0.3309801406769902 -0.3309801406769902 -0.2910168055812731 -0.3309801406769902 -0.3309801406769902 -0.3309801406769902 -0.3309801406769902 -0.3309801406769902 -0.3309801406769902 -0.3309801406769902 -0.3309801406769902 -0.3309801406769902 -0.3309801406769902 -0.3309801406769902 -0.3309801406769902 -0.2910168055812731 -0.2005393845616727 -0.3309801406769902 -0.2910168055812731 -0.3309801406769902 -0.2910168055812731 -0.3309801406769902 -0.3309801406769902 -0.3309801406769902 -0.3309801406769902 -0.3309801406769902 -0.3309801406769902 -0.3309801406769902 -0.3309801406769902 -0.3309801406769902 -0.2379316545252044 -0.2005393845616727 -0.22756876362612646 -0.22830552679999425 -0.22756876362612646 -0.22830552679999425 -0.2910168055812731 -0.22756876362612646 -0.22830552679999425 -0.3309801406769902 -0.3309801406769902 -0.22830552679999425 -0.22756876362612646 -0.3309801406769902 -0.22756876362612646 -0.3309801406769902 -0.2616721643858613 -0.22756876362612646 -0.2910168055812731 -0.22830552679999425 -0.2616721643858613 -0.2616721643858613 -0.2379316545252044 -0.3190683313127569 -0.3190683313127569 -0.32412616328632143 -0.2844810867792142 -0.2844810867792142 -0.27682091413269405 -0.2906438428184867 -0.2379316545252044 -0.23251960119023826 -0.2650774288769177 -0.22756876362612646 -0.2007912125120053 -0.2007912125120053 -0.23238513259262944 -0.22780709186736678 -0.22700491554332977 -0.21312036081183913 -0.21490860856096677 -0.20069419707525465 -0.20638379212317884 -0.20069419707525465 -0.1650964828798623 -0.172343789395648 -0.15637280172162352 -0.15637280172162352 -0.15532095637140594 -0.15175214921103813 -0.13044321571823875 -0.10771662051631004 -0.10411635093135119 -0.06026619814920979 -0.0414997747203133 -0.01202090482311622
-0.2910168055812731 -0.2910168055812731 -0.2910168055812731 -0.2910168055812731 -0.2910168055812731 -0.2910168055812731 -0.2910168055812731 -0.3269660551472158 -0.2910168055812731 -0.2910168055812731 -0.2910168055812731 -0.2910168055812731 -0.2910168055812731 -0.2910168055812731 -0.2910168055812731 -0.2910168055812731 -0.2910168055812731 -0.2910168055812731 -0.2910168055812731 -0.2910168055812731 -0.3269660551472158 -0.2005393845616727 -0.2910168055812731 -0.3269660551472158 -0.2910168055812731 -0.3269660551472158 -0.2910168055812731 -0.2910168055812731 -0.2910168055812731 -0.2910168055812731 -0.2910168055812731 -0.2910168055812731 -0.2910168055812731 -0.2910168055812731 -0.2910168055812731 -0.2379316545252044 -0.2005393845616727 -0.22756876362612646 -0.22830552679999425 -0.22756876362612646 -0.22830552679999425 -0.29774010893685354 -0.22756876362612646 -0.22830552679999425 -0.2910168055812731 -0.2910168055812731 -0.22830552679999425 -0.22756876362612646 -0.2910168055812731 -0.22756876362612646 -0.2910168055812731 -0.2616721643858613 -0.22756876362612646 -0.29774010893685354 -0.22830552679999425 -0.2616721643858613 -0.2616721643858613 -0.2379316545252044 -0.2910168055812731 -0.2910168055812731 -0.2910168055812731 -0.2844810867792142 -0.2844810867792142 -0.27682091413269405 -0.286638305034479 -0.2379316545252044 -0.23251960119023826 -0.2650774288769177 -0.22756876362612646 -0.2007912125120053 -0.2007912125120053 -0.23238513259262944 -0.22780709186736678 -0.22700491554332977 -0.21312036081183913 -0.21490860856096677 -0.20069419707525465 -0.20638379212317884 -0.20069419707525465 -0.1650964828798623 -0.172343789395648 -0.15637280172162352 -0.15637280172162352 -0.15532095637140594 -0.15175214921103813 -0.13044321571823875 -0.10771662051631004 -0.10411635093135119 -0.06026619814920979 -0.0414997747203133 -0.01202090482311622
-0.22830552679999425 -0.22830552679999425 -0.22830552679999425 -0.22830552679999425 -0.22830552679999425 -0.22830552679999425 -0.22830552679999425 -0.22830552679999425 -0.22830552679999425 -0.22830552679999425 -0.22830552679999425 -0.22830552679999425 -0.22830552679999425 -0.22830552679999425 -0.22830552679999425 -0.22830552679999425 -0.22830552679999425 -0.22830552679999425 -0.22830552679999425 -0.22830552679999425 -0.22830552679999425 -0.2005393845616727 -0.22830552679999425 -0.22830552679999425 -0.22830552679999425 -0.22830552679999425 -0.22830552679999425 -0.22830552679999425 -0.22830552679999425 -0.22830552679999425 -0.22830552679999425 -0.22830552679999425 -0.22830552679999425 -0.22830552679999425 -0.22830552679999425 -0.22830552679999425 -0.2005393845616727 -0.22756876362612646 -0.32648110259511337 -0.22756876362612646 -0.32648110259511337 -0.22830552679999425 -0.22756876362612646 -0.3098266462186488 -0.22830552679999425 -0.22830552679999425 -0.32648110259511337 -0.22756876362612646 -0.22830552679999425 -0.22756876362612646 -0.22830552679999425 -0.22830552679999425 -0.22756876362612646 -0.22830552679999425 -0.32648110259511337 -0.22830552679999425 -0.22830552679999425 -0.22830552679999425 -0.22830552679999425 -0.22830552679999425 -0.22830552679999425 -0.22830552679999425 -0.22830552679999425 -0.22830552679999425 -0.22830552679999425 -0.22830552679999425 -0.22830552679999425 -0.22830552679999425 -0.22756876362612646 -0.2007912125120053 -0.2007912125120053 -0.22830552679999425 -0.22780709186736678 -0.22700491554332977 -0.21312036081183913 -0.21490860856096677 -0.20069419707525465 -0.20638379212317884 -0.20069419707525465 -0.1650964828798623 -0.172343789395648 -0.15637280172162352 -0.15637280172162352 -0.15532095637140594 -0.15175214921103813 -0.13044321571823875 -0.10771662051631004 -0.10411635093135119 -0.06026619814920979 -0.0414997747203133 -0.01202090482311622
-0.22756876362612646 -0.22756876362612646 -0.22756876362612646 -0.22756876362612646 -0.22756876362612646 -0.22756876362612646 -0.22756876362612646 -0.22756876362612646 -0.22756876362612646 -0.22756876362612646 -0.22756876362612646 -0.22756876362612646 -0.22756876362612646 -0.22756876362612646 -0.22756876362612646 -0.22756876362612646 -0.22756876362612646 -0.22756876362612646 -0.22756876362612646 -0.22756876362612646 -0.22756876362612646 -0.2005393845616727 -0.22756876362612646 -0.22756876362612646 -0.22756876362612646 -0.22756876362612646 -0.22756876362612646 -0.22756876362612646 -0.22756876362612646 -0.22756876362612646 -0.22756876362612646 -0.22756876362612646 -0.22756876362612646 -0.22756876362612646 -0.22756876362612646 -0.22756876362612646 -0.2005393845616727 -0.325590463996236 -0.22756876362612646 -0.325590463996236 -0.22756876362612646 -0.22756876362612646 -0.325590463996236 -0.22756876362612646 -0.22756876362612646 -0.22756876362612646 -0.22756876362612646 -0.325590463996236 -0.22756876362612646 -0.325590463996236 -0.22756876362612646 -0.22756876362612646 -0.325590463996236 -0.22756876362612646 -0.22756876362612646 -0.22756876362612646 -0.22756876362612646 -0.22756876362612646 -0.22756876362612646 -0.22756876362612646 -0.22756876362612646 -0.22756876362612646 -0.22756876362612646 -0.22756876362612646 -0.22756876362612646 -0.22756876362612646 -0.22756876362612646 -0.22756876362612646 -0.26496873291905393 -0.2007912125120053 -0.2007912125120053 -0.22756876362612646 -0.22756876362612646 -0.22700491554332977 -0.2230737573825625 -0.21490860856096677 -0.20069419707525465 -0.20638379212317884 -0.20069419707525465 -0.1650964828798623 -0.172343789395648 -0.15637280172162352 -0.15637280172162352 -0.15532095637140594 -0.15175214921103813 -0.13044321571823875 -0.10771662051631004 -0.10411635093135119 -0.06026619814920979 -0.0414997747203133 -0.01202090482311622
-0.2379316545252044 -0.2379316545252044 -0.2379316545252044 -0.2379316545252044 -0.2379316545252044 -0.2379316545252044 -0.2379316545252044 -0.2379316545252044 -0.2379316545252044 -0.2379316545252044 -0.2379316545252044 -0.2379316545252044 -0.2379316545252044 -0.2379316545252044 -0.2379316545252044 -0.2379316545252044 -0.2379316545252044 -0.2379316545252044 -0.2379316545252044 -0.2379316545252044 -0.2379316545252044 -0.2005393845616727 -0.2379316545252044 -0.2379316545252044 -0.2379316545252044 -0.2379316545252044 -0.2379316545252044 -0.2379316545252044 -0.2379316545252044 -0.2379316545252044 -0.2379316545252044 -0.2379316545252044 -0.2379316545252044 -0.2379316545252044 -0.2379316545252044 -0.24391271550771643 -0.2005393845616727 -0.22756876362612646 -0.22830552679999425 -0.22756876362612646 -0.22830552679999425 -0.2379316545252044 -0.22756876362612646 -0.22830552679999425 -0.2379316545252044 -0.2379316545252044 -0.22830552679999425 -0.22756876362612646 -0.2379316545252044 -0.22756876362612646 -0.2379316545252044 -0.2379316545252044 -0.22756876362612646 -0.2379316545252044 -0.22830552679999425 -0.2379316545252044 -0.2379316545252044 -0.24391271550771643 -0.2379316545252044 -0.2379316545252044 -0.2379316545252044 -0.2379316545252044 -0.2379316545252044 -0.2379316545252044 -0.2379316545252044 -0.2788254420387021 -0.23251960119023826 -0.2379316545252044 -0.22756876362612646 -0.2007912125120053 -0.2007912125120053 -0.23238513259262944 -0.22780709186736678 -0.22700491554332977 -0.21312036081183913 -0.21490860856096677 -0.20069419707525465 -0.20638379212317884 -0.20069419707525465 -0.1650964828798623 -0.172343789395648 -0.15637280172162352 -0.15637280172162352 -0.15532095637140594 -0.15175214921103813 -0.13044321571823875 -0.10771662051631004 -0.10411635093135119 -0.06026619814920979 -0.0414997747203133 -0.01202090482311622
-0.2379316545252044 -0.2379316545252044 -0.2379316545252044 -0.2379316545252044 -0.2379316545252044 -0.2379316545252044 -0.2379316545252044 -0.2379316545252044 -0.2379316545252044 -0.2379316545252044 -0.2379316545252044 -0.2379316545252044 -0.2379316545252044 -0.2379316545252044 -0.2379316545252044 -0.2379316545252044 -0.2379316545252044 -0.2379316545252044 -0.2379316545252044 -0.2379316545252044 -0.2379316545252044 -0.2005393845616727 -0.2379316545252044 -0.2379316545252044 -0.2379316545252044 -0.2379316545252044 -0.2379316545252044 -0.2379316545252044 -0.2379316545252044 -0.2379316545252044 -0.2379316545252044 -0.2379316545252044 -0.2379316545252044 -0.2379316545252044 -0.2379316545252044 -0.24391271550771643 -0.2005393845616727 -0.22756876362612646 -0.22830552679999425 -0.22756876362612646 -0.22830552679999425 -0.2379316545252044 -0.22756876362612646 -0.22830552679999425 -0.2379316545252044 -0.2379316545252044 -0.22830552679999425 -0.22756876362612646 -0.2379316545252044 -0.22756876362612646 -0.2379316545252044 -0.2379316545252044 -0.22756876362612646 -0.2379316545252044 -0.22830552679999425 -0.2379316545252044 -0.2379316545252044 -0.24391271550771643 -0.2379316545252044 -0.2379316545252044 -0.2379316545252044 -0.2379316545252044 -0.2379316545252044 -0.2379316545252044 -0.2379316545252044 -0.2788254420387021 -0.23251960119023826 -0.2379316545252044 -0.22756876362612646 -0.2007912125120053 -0.2007912125120053 -0.23238513259262944 -0.22780709186736678 -0.22700491554332977 -0.21312036081183913 -0.21490860856096677 -0.20069419707525465 -0.20638379212317884 -0.20069419707525465 -0.1650964828798623 -0.172343789395648 -0.15637280172162352 -0.15637280172162352 -0.15532095637140594 -0.15175214921103813 -0.13044321571823875 -0.10771662051631004 -0.10411635093135119 -0.06026619814920979 -0.0414997747203133 -0.01202090482311622
-0.2379316545252044 -0.2379316545252044 -0.2379316545252044 -0.2379316545252044 -0.2379316545252044 -0.2379316545252044 -0.2379316545252044 -0.2379316545252044 -0.2379316545252044 -0.2379316545252044 -0.2379316545252044 -0.2379316545252044 -0.2379316545252044 -0.2379316545252044 -0.2379316545252044 -0.2379316545252044 -0.2379316545252044 -0.2379316545252044 -0.2379316545252044 -0.2379316545252044 -0.2379316545252044 -0.2005393845616727 -0.2379316545252044 -0.2379316545252044 -0.2379316545252044 -0.2379316545252044 -0.2379316545252044 -0.2379316545252044 -0.2379316545252044 -0.2379316545252044 -0.2379316545252044 -0.2379316545252044 -0.2379316545252044 -0.2379316545252044 -0.2379316545252044 -0.24391271550771643 -0.2005393845616727 -0.22756876362612646 -0.22830552679999425 -0.22756876362612646 -0.22830552679999425 -0.2379316545252044 -0.22756876362612646 -0.22830552679999425 -0.2379316545252044 -0.2379316545252044 -0.22830552679999425 -0.22756876362612646 -0.2379316545252044 -0.22756876362612646 -0.2379316545252044 -0.2379316545252044 -0.22756876362612646 -0.2379316545252044 -0.22830552679999425 -0.2379316545252044 -0.2379316545252044 -0.24391271550771643 -0.2379316545252044 -0.2379316545252044 -0.2379316545252044 -0.2379316545252044 -0.2379316545252044 -0.2379316545252044 -0.2379316545252044 -0.2788254420387021 -0.23251960119023826 -0.2379316545252044 -0.22756876362612646 -0.2007912125120053 -0.2007912125120053 -0.23238513259262944 -0.22780709186736678 -0.22700491554332977 -0.21312036081183913 -0.21490860856096677 -0.20069419707525465 -0.20638379212317884 -0.20069419707525465 -0.1650964828798623 -0.172343789395648 -0.15637280172162352 -0.15637280172162352 -0.15532095637140594 -0.15175214921103813 -0.13044321571823875 -0.10771662051631004 -0.10411635093135119 -0.06026619814920979 -0.0414997747203133 -0.01202090482311622
-0.30889381364195195 -0.30889381364195195 -0.30889381364195195 -0.30889381364195195 -0.30889381364195195 -0.30889381364195195 -0.30889381364195195 -0.2910168055812731 -0.30889381364195195 -0.30889381364195195 -0.30889381364195195 -0.30889381364195195 -0.30889381364195195 -0.30889381364195195 -0.30889381364195195 -0.30889381364195195 -0.30889381364195195 -0.30889381364195195 -0.30889381364195195 -0.30889381364195195 -0.2910168055812731 -0.2005393845616727 -0.30889381364195195 -0.2910168055812731 -0.30889381364195195 -0.2910168055812731 -0.30889381364195195 -0.30889381364195195 -0.30889381364195195 -0.30889381364195195 -0.30889381364195195 -0.30889381364195195 -0.30889381364195195 -0.30889381364195195 -0.30889381364195195 -0.2379316545252044 -0.2005393845616727 -0.22756876362612646 -0.22830552679999425 -0.22756876362612646 -0.22830552679999425 -0.2910168055812731 -0.22756876362612646 -0.22830552679999425 -0.30889381364195195 -0.30889381364195195 -0.22830552679999425 -0.22756876362612646 -0.30889381364195195 -0.22756876362612646 -0.30889381364195195 -0.2616721643858613 -0.22756876362612646 -0.2910168055812731 -0.22830552679999425 -0.2616721643858613 -0.2616721643858613 -0.2379316545252044 -0.30889381364195195 -0.30889381364195195 -0.30461898934677667 -0.2844810867792142 -0.2844810867792142 -0.27682091413269405 -0.286638305034479 -0.2379316545252044 -0.23251960119023826 -0.2650774288769177 -0.22756876362612646 -0.2007912125120053 -0.2007912125120053 -0.23238513259262944 -0.22780709186736678 -0.22700491554332977 -0.21312036081183913 -0.21490860856096677 -0.20069419707525465 -0.20638379212317884 -0.20069419707525465 -0.1650964828798623 -0.172343789395648 -0.15637280172162352 -0.15637280172162352 -0.15532095637140594 -0.15175214921103813 -0.13044321571823875 -0.10771662051631004 -0.10411635093135119 -0.06026619814920979 -0.0414997747203133 -0.01202090482311622
-0.28700960286549076 -0.28700960286549076 -0.28700960286549076 -0.28700960286549076 -0.28700960286549076 -0.28700960286549076 -0.28700960286549076 -0.28700960286549076 -0.28700960286549076 -0.28700960286549076 -0.28700960286549076 -0.28700960286549076 -0.28700960286549076 -0.28700960286549076 -0.28700960286549076 -0.28700960286549076 -0.28700960286549076 -0.28700960286549076 -0.28700960286549076 -0.28700960286549076 -0.28700960286549076 -0.2005393845616727 -0.28700960286549076 -0.28700960286549076 -0.28700960286549076 -0.28700960286549076 -0.28700960286549076 -0.28700960286549076 -0.28700960286549076 -0.28700960286549076 -0.28700960286549076 -0.28700960286549076 -0.28700960286549076 -0.28700960286549076 -0.28700960286549076 -0.2379316545252044 -0.2005393845616727 -0.22756876362612646 -0.22830552679999425 -0.22756876362612646 -0.22830552679999425 -0.28700960286549076 -0.22756876362612646 -0.22830552679999425 -0.28700960286549076 -0.28700960286549076 -0.22830552679999425 -0.22756876362612646 -0.28700960286549076 -0.22756876362612646 -0.28700960286549076 -0.28700960286549076 -0.22756876362612646 -0.28700960286549076 -0.22830552679999425 -0.28700960286549076 -0.28700960286549076 -0.2379316545252044 -0.28700960286549076 -0.28700960286549076 -0.28700960286549076 -0.2844810867792142 -0.2844810867792142 -0.27682091413269405 -0.286638305034479 -0.2379316545252044 -0.2723570348574225 -0.2650774288769177 -0.22756876362612646 -0.2007912125120053 -0.2007912125120053 -0.23260326822315336 -0.22853818676386117 -0.22780646068909655 -0.21312036081183913 -0.21490860856096677 -0.20069419707525465 -0.20638379212317884 -0.20069419707525465 -0.1650964828798623 -0.172343789395648 -0.15637280172162352 -0.15637280172162352 -0.15532095637140594 -0.15175214921103813 -0.13044321571823875 -0.10771662051631004 -0.10411635093135119 -0.06026619814920979 -0.0414997747203133 -0.01202090482311622
-0.28613554403735836 -0.28613554403735836 -0.28613554403735836 -0.28613554403735836 -0.28613554403735836 -0.28613554403735836 -0.28613554403735836 -0.28613554403735836 -0.28613554403735836 -0.28613554403735836 -0.28613554403735836 -0.28613554403735836 -0.28613554403735836 -0.28613554403735836 -0.28613554403735836 -0.28613554403735836 -0.28613554403735836 -0.28613554403735836 -0.28613554403735836 -0.28613554403735836 -0.28613554403735836 -0.2005393845616727 -0.28613554403735836 -0.28613554403735836 -0.28613554403735836 -0.28613554403735836 -0.28613554403735836 -0.28613554403735836 -0.28613554403735836 -0.28613554403735836 -0.28613554403735836 -0.28613554403735836 -0.28613554403735836 -0.28613554403735836 -0.28613554403735836 -0.2379316545252044 -0.2005393845616727 -0.22756876362612646 -0.22830552679999425 -0.22756876362612646 -0.22830552679999425 -0.28613554403735836 -0.22756876362612646 -0.22830552679999425 -0.28613554403735836 -0.28613554403735836 -0.22830552679999425 -0.22756876362612646 -0.28613554403735836 -0.22756876362612646 -0.28613554403735836 -0.28613554403735836 -0.22756876362612646 -0.28613554403735836 -0.22830552679999425 -0.28613554403735836 -0.28613554403735836 -0.2379316545252044 -0.28613554403735836 -0.28613554403735836 -0.28613554403735836 -0.2844810867792142 -0.2844810867792142 -0.27682091413269405 -0.28613554403735836 -0.2379316545252044 -0.2723570348574225 -0.2650774288769177 -0.22756876362612646 -0.2007912125120053 -0.2007912125120053 -0.23260326822315336 -0.22853818676386117 -0.22780646068909655 -0.21312036081183913 -0.21490860856096677 -0.20069419707525465 -0.20638379212317884 -0.20069419707525465 -0.1650964828798623 -0.172343789395648 -0.15637280172162352 -0.15637280172162352 -0.15532095637140594 -0.15175214921103813 -0.13044321571823875 -0.10771662051631004 -0.10411635093135119 -0.06026619814920979 -0.0414997747203133 -0.01202090482311622
-0.2616721643858613 -0.2616721643858613 -0.2616721643858613 -0.2616721643858613 -0.2616721643858613 -0.2616721643858613 -0.2616721643858613 -0.2616721643858613 -0.2616721643858613 -0.2616721643858613 -0.2616721643858613 -0.2616721643858613 -0.2616721643858613 -0.2616721643858613 -0.2616721643858613 -0.2616721643858613 -0.2616721643858613 -0.2616721643858613 -0.2616721643858613 -0.2616721643858613 -0.2616721643858613 -0.2005393845616727 -0.2616721643858613 -0.2616721643858613 -0.2616721643858613 -0.2616721643858613 -0.2616721643858613 -0.2616721643858613 -0.2616721643858613 -0.2616721643858613 -0.2616721643858613 -0.2616721643858613 -0.2616721643858613 -0.2616721643858613 -0.2616721643858613 -0.2379316545252044 -0.2005393845616727 -0.22756876362612646 -0.22830552679999425 -0.22756876362612646 -0.22830552679999425 -0.2616721643858613 -0.22756876362612646 -0.22830552679999425 -0.2616721643858613 -0.2616721643858613 -0.22830552679999425 -0.22756876362612646 -0.2616721643858613 -0.22756876362612646 -0.2616721643858613 -0.2832575389562942 -0.22756876362612646 -0.2616721643858613 -0.22830552679999425 -0.2832575389562942 -0.2832575389562942 -0.2379316545252044 -0.2616721643858613 -0.2616721643858613 -0.2616721643858613 -0.2616721643858613 -0.2616721643858613 -0.2616721643858613 -0.2616721643858613 -0.2379316545252044 -0.2723570348574225 -0.2616721643858613 -0.22756876362612646 -0.2007912125120053 -0.2007912125120053 -0.23260326822315336 -0.22853818676386117 -0.22780646068909655 -0.21312036081183913 -0.21490860856096677 -0.20069419707525465 -0.20638379212317884 -0.20069419707525465 -0.1650964828798623 -0.172343789395648 -0.15637280172162352 -0.15637280172162352 -0.15532095637140594 -0.15175214921103813 -0.13044321571823875 -0.10771662051631004 -0.10411635093135119 -0.06026619814920979 -0.0414997747203133 -0.01202090482311622
-0.2633234402533634 -0.2633234402533634 -0.2633234402533634 -0.2633234402533634 -0.2633234402533634 -0.2633234402533634 -0.2633234402533634 -0.2633234402533634 -0.2633234402533634 -0.2633234402533634 -0.2633234402533634 -0.2633234402533634 -0.2633234402533634 -0.2633234402533634 -0.2633234402533634 -0.2633234402533634 -0.2633234402533634 -0.2633234402533634 -0.2633234402533634 -0.2633234402533634 -0.2633234402533634 -0.2005393845616727 -0.2633234402533634 -0.2633234402533634 -0.2633234402533634 -0.2633234402533634 -0.2633234402533634 -0.2633234402533634 -0.2633234402533634 -0.2633234402533634 -0.2633234402533634 -0.2633234402533634 -0.2633234402533634 -0.2633234402533634 -0.2633234402533634 -0.2379316545252044 -0.2005393845616727 -0.22756876362612646 -0.22830552679999425 -0.22756876362612646 -0.22830552679999425 -0.2633234402533634 -0.22756876362612646 -0.22830552679999425 -0.2633234402533634 -0.2633234402533634 -0.22830552679999425 -0.22756876362612646 -0.2633234402533634 -0.22756876362612646 -0.2633234402533634 -0.2616721643858613 -0.22756876362612646 -0.2633234402533634 -0.22830552679999425 -0.2616721643858613 -0.2616721643858613 -0.2379316545252044 -0.2633234402533634 -0.2633234402533634 -0.2633234402533634 -0.2633234402533634 -0.2633234402533634 -0.2633234402533634 -0.2633234402533634 -0.2379316545252044 -0.23251960119023826 -0.2633234402533634 -0.22756876362612646 -0.2007912125120053 -0.2007912125120053 -0.23238513259262944 -0.22780709186736678 -0.22700491554332977 -0.21312036081183913 -0.21490860856096677 -0.20069419707525465 -0.20638379212317884 -0.20069419707525465 -0.1650964828798623 -0.172343789395648 -0.15637280172162352 -0.15637280172162352 -0.15532095637140594 -0.15175214921103813 -0.13044321571823875 -0.10771662051631004 -0.10411635093135119 -0.06026619814920979 -0.0414997747203133 -0.01202090482311622
-0.2554567741779879 -0.2554567741779879 -0.2554567741779879 -0.2554567741779879 -0.2554567741779879 -0.2554567741779879 -0.2554567741779879 -0.2554567741779879 -0.2554567741779879 -0.2554567741779879 -0.2554567741779879 -0.2554567741779879 -0.2554567741779879 -0.2554567741779879 -0.2554567741779879 -0.2554567741779879 -0.2554567741779879 -0.2554567741779879 -0.2554567741779879 -0.2554567741779879 -0.2554567741779879 -0.2005393845616727 -0.2554567741779879 -0.2554567741779879 -0.2554567741779879 -0.2554567741779879 -0.2554567741779879 -0.2554567741779879 -0.2554567741779879 -0.2554567741779879 -0.2554567741779879 -0.2554567741779879 -0.2554567741779879 -0.2554567741779879 -0.2554567741779879 -0.2379316545252044 -0.2005393845616727 -0.22756876362612646 -0.22830552679999425 -0.22756876362612646 -0.22830552679999425 -0.2554567741779879 -0.22756876362612646 -0.22830552679999425 -0.2554567741779879 -0.2554567741779879 -0.22830552679999425 -0.22756876362612646 -0.2554567741779879 -0.22756876362612646 -0.2554567741779879 -0.2554567741779879 -0.22756876362612646 -0.2554567741779879 -0.22830552679999425 -0.2554567741779879 -0.2554567741779879 -0.2379316545252044 -0.2554567741779879 -0.2554567741779879 -0.2554567741779879 -0.2554567741779879 -0.2554567741779879 -0.2554567741779879 -0.2554567741779879 -0.2379316545252044 -0.23251960119023826 -0.2554567741779879 -0.22756876362612646 -0.2007912125120053 -0.2007912125120053 -0.23238513259262944 -0.22780709186736678 -0.22700491554332977 -0.21312036081183913 -0.21490860856096677 -0.20069419707525465 -0.20638379212317884 -0.20069419707525465 -0.1650964828798623 -0.172343789395648 -0.15637280172162352 -0.15637280172162352 -0.15532095637140594 -0.15175214921103813 -0.13044321571823875 -0.10771662051631004 -0.10411635093135119 -0.06026619814920979 -0.0414997747203133 -0.01202090482311622
-0.24831312497522728 -0.24831312497522728 -0.24831312497522728 -0.24831312497522728 -0.24831312497522728 -0.24831312497522728 -0.24831312497522728 -0.24831312497522728 -0.24831312497522728 -0.24831312497522728 -0.24831312497522728 -0.24831312497522728 -0.24831312497522728 -0.24831312497522728 -0.24831312497522728 -0.24831312497522728 -0.24831312497522728 -0.24831312497522728 -0.24831312497522728 -0.24831312497522728 -0.24831312497522728 -0.2005393845616727 -0.24831312497522728 -0.24831312497522728 -0.24831312497522728 -0.24831312497522728 -0.24831312497522728 -0.24831312497522728 -0.24831312497522728 -0.24831312497522728 -0.24831312497522728 -0.24831312497522728 -0.24831312497522728 -0.24831312497522728 -0.24831312497522728 -0.2379316545252044 -0.2005393845616727 -0.22756876362612646 -0.22830552679999425 -0.22756876362612646 -0.22830552679999425 -0.24831312497522728 -0.22756876362612646 -0.22830552679999425 -0.24831312497522728 -0.24831312497522728 -0.22830552679999425 -0.22756876362612646 -0.24831312497522728 -0.22756876362612646 -0.24831312497522728 -0.24831312497522728 -0.22756876362612646 -0.24831312497522728 -0.22830552679999425 -0.24831312497522728 -0.24831312497522728 -0.2379316545252044 -0.24831312497522728 -0.24831312497522728 -0.24831312497522728 -0.24831312497522728 -0.24831312497522728 -0.24831312497522728 -0.24831312497522728 -0.2379316545252044 -0.23251960119023826 -0.24831312497522728 -0.22756876362612646 -0.2007912125120053 -0.2007912125120053 -0.23238513259262944 -0.22780709186736678 -0.22700491554332977 -0.21312036081183913 -0.21490860856096677 -0.20069419707525465 -0.20638379212317884 -0.20069419707525465 -0.1650964828798623 -0.172343789395648 -0.15637280172162352 -0.15637280172162352 -0.15532095637140594 -0.15175214921103813 -0.13044321571823875 -0.10771662051631004 -0.10411635093135119 -0.06026619814920979 -0.0414997747203133 -0.01202090482311622
-0.24688464353624356 -0.24688464353624356 -0.24688464353624356 -0.24688464353624356 -0.24688464353624356 -0.24688464353624356 -0.24688464353624356 -0.24688464353624356 -0.24688464353624356 -0.24688464353624356 -0.24688464353624356 -0.24688464353624356 -0.24688464353624356 -0.24688464353624356 -0.24688464353624356 -0.24688464353624356 -0.24688464353624356 -0.24688464353624356 -0.24688464353624356 -0.24688464353624356 -0.24688464353624356 -0.2005393845616727 -0.24688464353624356 -0.24688464353624356 -0.24688464353624356 -0.24688464353624356 -0.24688464353624356 -0.24688464353624356 -0.24688464353624356 -0.24688464353624356 -0.24688464353624356 -0.24688464353624356 -0.24688464353624356 -0.24688464353624356 -0.24688464353624356 -0.2379316545252044 -0.2005393845616727 -0.22756876362612646 -0.22830552679999425 -0.22756876362612646 -0.22830552679999425 -0.24688464353624356 -0.22756876362612646 -0.22830552679999425 -0.24688464353624356 -0.24688464353624356 -0.22830552679999425 -0.22756876362612646 -0.24688464353624356 -0.22756876362612646 -0.24688464353624356 -0.24688464353624356 -0.22756876362612646 -0.24688464353624356 -0.22830552679999425 -0.24688464353624356 -0.24688464353624356 -0.2379316545252044 -0.24688464353624356 -0.24688464353624356 -0.24688464353624356 -0.24688464353624356 -0.24688464353624356 -0.24688464353624356 -0.24688464353624356 -0.2379316545252044 -0.23251960119023826 -0.24688464353624356 -0.22756876362612646 -0.2007912125120053 -0.2007912125120053 -0.23238513259262944 -0.22780709186736678 -0.22700491554332977 -0.21312036081183913 -0.21490860856096677 -0.20069419707525465 -0.20638379212317884 -0.20069419707525465 -0.1650964828798623 -0.172343789395648 -0.15637280172162352 -0.15637280172162352 -0.15532095637140594 -0.15175214921103813 -0.13044321571823875 -0.10771662051631004 -0.10411635093135119 -0.06026619814920979 -0.0414997747203133 -0.01202090482311622
-0.22756876362612646 -0.22756876362612646 -0.22756876362612646 -0.22756876362612646 -0.22756876362612646 -0.22756876362612646 -0.22756876362612646 -0.22756876362612646 -0.22756876362612646 -0.22756876362612646 -0.22756876362612646 -0.22756876362612646 -0.22756876362612646 -0.22756876362612646 -0.22756876362612646 -0.22756876362612646 -0.22756876362612646 -0.22756876362612646 -0.22756876362612646 -0.22756876362612646 -0.22756876362612646 -0.2005393845616727 -0.22756876362612646 -0.22756876362612646 -0.22756876362612646 -0.22756876362612646 -0.22756876362612646 -0.22756876362612646 -0.22756876362612646 -0.22756876362612646 -0.22756876362612646 -0.22756876362612646 -0.22756876362612646 -0.22756876362612646 -0.22756876362612646 -0.22756876362612646 -0.2005393845616727 -0.24342759088968696 -0.22756876362612646 -0.24342759088968696 -0.22756876362612646 -0.22756876362612646 -0.24342759088968696 -0.22756876362612646 -0.22756876362612646 -0.22756876362612646 -0.22756876362612646 -0.24342759088968696 -0.22756876362612646 -0.24342759088968696 -0.22756876362612646 -0.22756876362612646 -0.24342759088968696 -0.22756876362612646 -0.22756876362612646 -0.22756876362612646 -0.22756876362612646 -0.22756876362612646 -0.22756876362612646 -0.22756876362612646 -0.22756876362612646 -0.22756876362612646 -0.22756876362612646 -0.22756876362612646 -0.22756876362612646 -0.22756876362612646 -0.22756876362612646 -0.22756876362612646 -0.24342759088968696 -0.2007912125120053 -0.2007912125120053 -0.22756876362612646 -0.22756876362612646 -0.22700491554332977 -0.2230737573825625 -0.21490860856096677 -0.20069419707525465 -0.20638379212317884 -0.20069419707525465 -0.1650964828798623 -0.172343789395648 -0.15637280172162352 -0.15637280172162352 -0.15532095637140594 -0.15175214921103813 -0.13044321571823875 -0.10771662051631004 -0.10411635093135119 -0.06026619814920979 -0.0414997747203133 -0.01202090482311622
-0.24051964910082027 -0.24051964910082027 -0.24051964910082027 -0.24051964910082027 -0.24051964910082027 -0.24051964910082027 -0.24051964910082027 -0.24051964910082027 -0.24051964910082027 -0.24051964910082027 -0.24051964910082027 -0.24051964910082027 -0.24051964910082027 -0.24051964910082027 -0.24051964910082027 -0.24051964910082027 -0.24051964910082027 -0.24051964910082027 -0.24051964910082027 -0.24051964910082027 -0.24051964910082027 -0.2005393845616727 -0.24051964910082027 -0.24051964910082027 -0.24051964910082027 -0.24051964910082027 -0.24051964910082027 -0.24051964910082027 -0.24051964910082027 -0.24051964910082027 -0.24051964910082027 -0.24051964910082027 -0.24051964910082027 -0.24051964910082027 -0.24051964910082027 -0.2379316545252044 -0.2005393845616727 -0.22756876362612646 -0.22830552679999425 -0.22756876362612646 -0.22830552679999425 -0.24051964910082027 -0.22756876362612646 -0.22830552679999425 -0.24051964910082027 -0.24051964910082027 -0.22830552679999425 -0.22756876362612646 -0.24051964910082027 -0.22756876362612646 -0.24051964910082027 -0.24051964910082027 -0.22756876362612646 -0.24051964910082027 -0.22830552679999425 -0.24051964910082027 -0.24051964910082027 -0.2379316545252044 -0.24051964910082027 -0.24051964910082027 -0.24051964910082027 -0.24051964910082027 -0.24051964910082027 -0.24051964910082027 -0.24051964910082027 -0.2379316545252044 -0.23251960119023826 -0.24051964910082027 -0.22756876362612646 -0.2007912125120053 -0.2007912125120053 -0.23238513259262944 -0.22780709186736678 -0.22700491554332977 -0.21312036081183913 -0.21490860856096677 -0.20069419707525465 -0.20638379212317884 -0.20069419707525465 -0.1650964828798623 -0.172343789395648 -0.15637280172162352 -0.15637280172162352 -0.15532095637140594 -0.15175214921103813 -0.13044321571823875 -0.10771662051631004 -0.10411635093135119 -0.06026619814920979 -0.0414997747203133 -0.01202090482311622
-0.21253119791881747 -0.21253119791881747 -0.21253119791881747 -0.21253119791881747 -0.21253119791881747 -0.21253119791881747 -0.21253119791881747 -0.21253119791881747 -0.21253119791881747 -0.21253119791881747 -0.21253119791881747 -0.21253119791881747 -0.21253119791881747 -0.21253119791881747 -0.21253119791881747 -0.21253119791881747 -0.21253119791881747 -0.21253119791881747 -0.21253119791881747 -0.21253119791881747 -0.21253119791881747 -0.2005393845616727 -0.21253119791881747 -0.21253119791881747 -0.21253119791881747 -0.21253119791881747 -0.21253119791881747 -0.21253119791881747 -0.21253119791881747 -0.21253119791881747 -0.21253119791881747 -0.21253119791881747 -0.21253119791881747 -0.21253119791881747 -0.21253119791881747 -0.21253119791881747 -0.2005393845616727 -0.21253119791881747 -0.21253119791881747 -0.21253119791881747 -0.21253119791881747 -0.21253119791881747 -0.21253119791881747 -0.21253119791881747 -0.21253119791881747 -0.21253119791881747 -0.21253119791881747 -0.21253119791881747 -0.21253119791881747 -0.21253119791881747 -0.21253119791881747 -0.21253119791881747 -0.21253119791881747 -0.21253119791881747 -0.21253119791881747 -0.21253119791881747 -0.21253119791881747 -0.21253119791881747 -0.21253119791881747 -0.21253119791881747 -0.21253119791881747 -0.21253119791881747 -0.21253119791881747 -0.21253119791881747 -0.21253119791881747 -0.21253119791881747 -0.21253119791881747 -0.21253119791881747 -0.21253119791881747 -0.2007912125120053 -0.2007912125120053 -0.21253119791881747 -0.21253119791881747 -0.21253119791881747 -0.21253119791881747 -0.21253119791881747 -0.20069419707525465 -0.20638379212317884 -0.20069419707525465 -0.1650964828798623 -0.172343789395648 -0.15637280172162352 -0.15637280172162352 -0.15532095637140594 -0.15175214921103813 -0.13044321571823875 -0.10771662051631004 -0.10411635093135119 -0.06026619814920979 -0.0414997747203133 -0.01202090482311622
-0.20363242187234248 -0.20363242187234248 -0.20363242187234248 -0.20363242187234248 -0.20363242187234248 -0.20363242187234248 -0.20363242187234248 -0.20363242187234248 -0.20363242187234248 -0.20363242187234248 -0.20363242187234248 -0.20363242187234248 -0.20363242187234248 -0.20363242187234248 -0.20363242187234248 -0.20363242187234248 -0.20363242187234248 -0.20363242187234248 -0.20363242187234248 -0.20363242187234248 -0.20363242187234248 -0.2005393845616727 -0.20363242187234248 -0.20363242187234248 -0.20363242187234248 -0.20363242187234248 -0.20363242187234248 -0.20363242187234248 -0.20363242187234248 -0.20363242187234248 -0.20363242187234248 -0.20363242187234248 -0.20363242187234248 -0.20363242187234248 -0.20363242187234248 -0.20363242187234248 -0.2005393845616727 -0.20363242187234248 -0.20363242187234248 -0.20363242187234248 -0.20363242187234248 -0.20363242187234248 -0.20363242187234248 -0.20363242187234248 -0.20363242187234248 -0.20363242187234248 -0.20363242187234248 -0.20363242187234248 -0.20363242187234248 -0.20363242187234248 -0.20363242187234248 -0.20363242187234248 -0.20363242187234248 -0.20363242187234248 -0.20363242187234248 -0.20363242187234248 -0.20363242187234248 -0.20363242187234248 -0.20363242187234248 -0.20363242187234248 -0.20363242187234248 -0.20363242187234248 -0.20363242187234248 -0.20363242187234248 -0.20363242187234248 -0.20363242187234248 -0.20363242187234248 -0.20363242187234248 -0.20363242187234248 -0.2007912125120053 -0.2007912125120053 -0.20363242187234248 -0.20363242187234248 -0.20363242187234248 -0.20363242187234248 -0.20363242187234248 -0.20069419707525465 -0.20363242187234248 -0.20069419707525465 -0.1650964828798623 -0.172343789395648 -0.15637280172162352 -0.15637280172162352 -0.15532095637140594 -0.15175214921103813 -0.13044321571823875 -0.10771662051631004 -0.10411635093135119 -0.06026619814920979 -0.0414997747203133 -0.01202090482311622
-0.19828988752551757 -0.19828988752551757 -0.19828988752551757 -0.19828988752551757 -0.19828988752551757 -0.19828988752551757 -0.19828988752551757 -0.19828988752551757 -0.19828988752551757 -0.19828988752551757 -0.19828988752551757 -0.19828988752551757 -0.19828988752551757 -0.19828988752551757 -0.19828988752551757 -0.19828988752551757 -0.19828988752551757 -0.19828988752551757 -0.19828988752551757 -0.19828988752551757 -0.19828988752551757 -0.19828988752551757 -0.19828988752551757 -0.19828988752551757 -0.19828988752551757 -0.19828988752551757 -0.19828988752551757 -0.19828988752551757 -0.19828988752551757 -0.19828988752551757 -0.19828988752551757 -0.19828988752551757 -0.19828988752551757 -0.19828988752551757 -0.19828988752551757 -0.19828988752551757 -0.19828988752551757 -0.19828988752551757 -0.19828988752551757 -0.19828988752551757 -0.19828988752551757 -0.19828988752551757 -0.19828988752551757 -0.19828988752551757 -0.19828988752551757 -0.19828988752551757 -0.19828988752551757 -0.19828988752551757 -0.19828988752551757 -0.19828988752551757 -0.19828988752551757 -0.19828988752551757 -0.19828988752551757 -0.19828988752551757 -0.19828988752551757 -0.19828988752551757 -0.19828988752551757 -0.19828988752551757 -0.19828988752551757 -0.19828988752551757 -0.19828988752551757 -0.19828988752551757 -0.19828988752551757 -0.19828988752551757 -0.19828988752551757 -0.19828988752551757 -0.19828988752551757 -0.19828988752551757 -0.19828988752551757 -0.19828988752551757 -0.19828988752551757 -0.19828988752551757 -0.19828988752551757 -0.19828988752551757 -0.19828988752551757 -0.19828988752551757 -0.19828988752551757 -0.19828988752551757 -0.19828988752551757 -0.1650964828798623 -0.172343789395648 -0.15637280172162352 -0.15637280172162352 -0.15532095637140594 -0.15175214921103813 -0.13044321571823875 -0.10771662051631004 -0.10411635093135119 -0.06026619814920979 -0.0414997747203133 -0.01202090482311622
-0.16410016013686068 -0.16410016013686068 -0.16410016013686068 -0.16410016013686068 -0.16410016013686068 -0.16410016013686068 -0.16410016013686068 -0.16410016013686068 -0.16410016013686068 -0.16410016013686068 -0.16410016013686068 -0.16410016013686068 -0.16410016013686068 -0.16410016013686068 -0.16410016013686068 -0.16410016013686068 -0.16410016013686068 -0.16410016013686068 -0.16410016013686068 -0.16410016013686068 -0.16410016013686068 -0.16410016013686068 -0.16410016013686068 -0.16410016013686068 -0.16410016013686068 -0.16410016013686068 -0.16410016013686068 -0.16410016013686068 -0.16410016013686068 -0.16410016013686068 -0.16410016013686068 -0.16410016013686068 -0.16410016013686068 -0.16410016013686068 -0.16410016013686068 -0.16410016013686068 -0.16410016013686068 -0.16410016013686068 -0.16410016013686068 -0.16410016013686068 -0.16410016013686068 -0.16410016013686068 -0.16410016013686068 -0.16410016013686068 -0.16410016013686068 -0.16410016013686068 -0.16410016013686068 -0.16410016013686068 -0.16410016013686068 -0.16410016013686068 -0.16410016013686068 -0.16410016013686068 -0.16410016013686068 -0.16410016013686068 -0.16410016013686068 -0.16410016013686068 -0.16410016013686068 -0.16410016013686068 -0.16410016013686068 -0.16410016013686068 -0.16410016013686068 -0.16410016013686068 -0.16410016013686068 -0.16410016013686068 -0.16410016013686068 -0.16410016013686068 -0.16410016013686068 -0.16410016013686068 -0.16410016013686068 -0.16410016013686068 -0.16410016013686068 -0.16410016013686068 -0.16410016013686068 -0.16410016013686068 -0.16410016013686068 -0.16410016013686068 -0.16410016013686068 -0.16410016013686068 -0.16410016013686068 -0.16410016013686068 -0.16410016013686068 -0.15637280172162352 -0.15637280172162352 -0.15532095637140594 -0.15175214921103813 -0.13044321571823875 -0.10771662051631004 -0.10411635093135119 -0.06026619814920979 -0.0414997747203133 -0.01202090482311622
-0.1593497465568071 -0.1593497465568071 -0.1593497465568071 -0.1593497465568071 -0.1593497465568071 -0.1593497465568071 -0.1593497465568071 -0.1593497465568071 -0.1593497465568071 -0.1593497465568071 -0.1593497465568071 -0.1593497465568071 -0.1593497465568071 -0.1593497465568071 -0.1593497465568071 -0.1593497465568071 -0.1593497465568071 -0.1593497465568071 -0.1593497465568071 -0.1593497465568071 -0.1593497465568071 -0.1593497465568071 -0.1593497465568071 -0.1593497465568071 -0.1593497465568071 -0.1593497465568071 -0.1593497465568071 -0.1593497465568071 -0.1593497465568071 -0.1593497465568071 -0.1593497465568071 -0.1593497465568071 -0.1593497465568071 -0.1593497465568071 -0.1593497465568071 -0.1593497465568071 -0.1593497465568071 -0.1593497465568071 -0.1593497465568071 -0.1593497465568071 -0.1593497465568071 -0.1593497465568071 -0.1593497465568071 -0.1593497465568071 -0.1593497465568071 -0.1593497465568071 -0.1593497465568071 -0.1593497465568071 -0.1593497465568071 -0.1593497465568071 -0.1593497465568071 -0.1593497465568071 -0.1593497465568071 -0.1593497465568071 -0.1593497465568071 -0.1593497465568071 -0.1593497465568071 -0.1593497465568071 -0.1593497465568071 -0.1593497465568071 -0.1593497465568071 -0.1593497465568071 -0.1593497465568071 -0.1593497465568071 -0.1593497465568071 -0.1593497465568071 -0.1593497465568071 -0.1593497465568071 -0.1593497465568071 -0.1593497465568071 -0.1593497465568071 -0.1593497465568071 -0.1593497465568071 -0.1593497465568071 -0.1593497465568071 -0.1593497465568071 -0.1593497465568071 -0.1593497465568071 -0.1593497465568071 -0.1593497465568071 -0.1593497465568071 -0.15637280172162352 -0.15637280172162352 -0.15532095637140594 -0.15175214921103813 -0.13044321571823875 -0.10771662051631004 -0.10411635093135119 -0.06026619814920979 -0.0414997747203133 -0.01202090482311622
-0.14300786871942478 -0.14300786871942478 -0.14300786871942478 -0.14300786871942478 -0.14300786871942478 -0.14300786871942478 -0.14300786871942478 -0.14300786871942478 -0.14300786871942478 -0.14300786871942478 -0.14300786871942478 -0.14300786871942478 -0.14300786871942478 -0.14300786871942478 -0.14300786871942478 -0.14300786871942478 -0.14300786871942478 -0.14300786871942478 -0.14300786871942478 -0.14300786871942478 -0.14300786871942478 -0.14300786871942478 -0.14300786871942478 -0.14300786871942478 -0.14300786871942478 -0.14300786871942478 -0.14300786871942478 -0.14300786871942478 -0.14300786871942478 -0.14300786871942478 -0.14300786871942478 -0.14300786871942478 -0.14300786871942478 -0.14300786871942478 -0.14300786871942478 -0.14300786871942478 -0.14300786871942478 -0.14300786871942478 -0.14300786871942478 -0.14300786871942478 -0.14300786871942478 -0.14300786871942478 -0.14300786871942478 -0.14300786871942478 -0.14300786871942478 -0.14300786871942478 -0.14300786871942478 -0.14300786871942478 -0.14300786871942478 -0.14300786871942478 -0.14300786871942478 -0.14300786871942478 -0.14300786871942478 -0.14300786871942478 -0.14300786871942478 -0.14300786871942478 -0.14300786871942478 -0.14300786871942478 -0.14300786871942478 -0.14300786871942478 -0.14300786871942478 -0.14300786871942478 -0.14300786871942478 -0.14300786871942478 -0.14300786871942478 -0.14300786871942478 -0.14300786871942478 -0.14300786871942478 -0.14300786871942478 -0.14300786871942478 -0.14300786871942478 -0.14300786871942478 -0.14300786871942478 -0.14300786871942478 -0.14300786871942478 -0.14300786871942478 -0.14300786871942478 -0.14300786871942478 -0.14300786871942478 -0.14300786871942478 -0.14300786871942478 -0.14300786871942478 -0.14300786871942478 -0.14300786871942478 -0.14300786871942478 -0.13044321571823875 -0.10771662051631004 -0.10411635093135119 -0.06026619814920979 -0.0414997747203133 -0.01202090482311622
-0.13873658921055318 -0.13873658921055318 -0.13873658921055318 -0.13873658921055318 -0.13873658921055318 -0.13873658921055318 -0.13873658921055318 -0.13873658921055318 -0.13873658921055318 -0.13873658921055318 -0.13873658921055318 -0.13873658921055318 -0.13873658921055318 -0.13873658921055318 -0.13873658921055318 -0.13873658921055318 -0.13873658921055318 -0.13873658921055318 -0.13873658921055318 -0.13873658921055318 -0.13873658921055318 -0.13873658921055318 -0.13873658921055318 -0.13873658921055318 -0.13873658921055318 -0.13873658921055318 -0.13873658921055318 -0.13873658921055318 -0.13873658921055318 -0.13873658921055318 -0.13873658921055318 -0.13873658921055318 -0.13873658921055318 -0.13873658921055318 -0.13873658921055318 -0.13873658921055318 -0.13873658921055318 -0.13873658921055318 -0.13873658921055318 -0.13873658921055318 -0.13873658921055318 -0.13873658921055318 -0.13873658921055318 -0.13873658921055318 -0.13873658921055318 -0.13873658921055318 -0.13873658921055318 -0.13873658921055318 -0.13873658921055318 -0.13873658921055318 -0.13873658921055318 -0.13873658921055318 -0.13873658921055318 -0.13873658921055318 -0.13873658921055318 -0.13873658921055318 -0.13873658921055318 -0.13873658921055318 -0.13873658921055318 -0.13873658921055318 -0.13873658921055318 -0.13873658921055318 -0.13873658921055318 -0.13873658921055318 -0.13873658921055318 -0.13873658921055318 -0.13873658921055318 -0.13873658921055318 -0.13873658921055318 -0.13873658921055318 -0.13873658921055318 -0.13873658921055318 -0.13873658921055318 -0.13873658921055318 -0.13873658921055318 -0.13873658921055318 -0.13873658921055318 -0.13873658921055318 -0.13873658921055318 -0.13873658921055318 -0.13873658921055318 -0.13873658921055318 -0.13873658921055318 -0.13873658921055318 -0.13873658921055318 -0.13044321571823875 -0.10771662051631004 -0.10411635093135119 -0.06026619814920979 -0.0414997747203133 -0.01202090482311622
-0.13443041430399455 -0.13443041430399455 -0.13443041430399455 -0.13443041430399455 -0.13443041430399455 -0.13443041430399455 -0.13443041430399455 -0.13443041430399455 -0.13443041430399455 -0.13443041430399455 -0.13443041430399455 -0.13443041430399455 -0.13443041430399455 -0.13443041430399455 -0.13443041430399455 -0.13443041430399455 -0.13443041430399455 -0.13443041430399455 -0.13443041430399455 -0.13443041430399455 -0.13443041430399455 -0.13443041430399455 -0.13443041430399455 -0.13443041430399455 -0.13443041430399455 -0.13443041430399455 -0.13443041430399455 -0.13443041430399455 -0.13443041430399455 -0.13443041430399455 -0.13443041430399455 -0.13443041430399455 -0.13443041430399455 -0.13443041430399455 -0.13443041430399455 -0.13443041430399455 -0.13443041430399455 -0.13443041430399455 -0.13443041430399455 -0.13443041430399455 -0.13443041430399455 -0.13443041430399455 -0.13443041430399455 -0.13443041430399455 -0.13443041430399455 -0.13443041430399455 -0.13443041430399455 -0.13443041430399455 -0.13443041430399455 -0.13443041430399455 -0.13443041430399455 -0.13443041430399455 -0.13443041430399455 -0.13443041430399455 -0.13443041430399455 -0.13443041430399455 -0.13443041430399455 -0.13443041430399455 -0.13443041430399455 -0.13443041430399455 -0.13443041430399455 -0.13443041430399455 -0.13443041430399455 -0.13443041430399455 -0.13443041430399455 -0.13443041430399455 -0.13443041430399455 -0.13443041430399455 -0.13443041430399455 -0.13443041430399455 -0.13443041430399455 -0.13443041430399455 -0.13443041430399455 -0.13443041430399455 -0.13443041430399455 -0.13443041430399455 -0.13443041430399455 -0.13443041430399455 -0.13443041430399455 -0.13443041430399455 -0.13443041430399455 -0.13443041430399455 -0.13443041430399455 -0.13443041430399455 -0.13443041430399455 -0.13044321571823875 -0.10771662051631004 -0.10411635093135119 -0.06026619814920979 -0.0414997747203133 -0.01202090482311622
-0.13325424613285716 -0.13325424613285716 -0.13325424613285716 -0.13325424613285716 -0.13325424613285716 -0.13325424613285716 -0.13325424613285716 -0.13325424613285716 -0.13325424613285716 -0.13325424613285716 -0.13325424613285716 -0.13325424613285716 -0.13325424613285716 -0.13325424613285716 -0.13325424613285716 -0.13325424613285716 -0.13325424613285716 -0.13325424613285716 -0.13325424613285716 -0.13325424613285716 -0.13325424613285716 -0.13325424613285716 -0.13325424613285716 -0.13325424613285716 -0.13325424613285716 -0.13325424613285716 -0.13325424613285716 -0.13325424613285716 -0.13325424613285716 -0.13325424613285716 -0.13325424613285716 -0.13325424613285716 -0.13325424613285716 -0.13325424613285716 -0.13325424613285716 -0.13325424613285716 -0.13325424613285716 -0.13325424613285716 -0.13325424613285716 -0.13325424613285716 -0.13325424613285716 -0.13325424613285716 -0.13325424613285716 -0.13325424613285716 -0.13325424613285716 -0.13325424613285716 -0.13325424613285716 -0.13325424613285716 -0.13325424613285716 -0.13325424613285716 -0.13325424613285716 -0.13325424613285716 -0.13325424613285716 -0.13325424613285716 -0.13325424613285716 -0.13325424613285716 -0.13325424613285716 -0.13325424613285716 -0.13325424613285716 -0.13325424613285716 -0.13325424613285716 -0.13325424613285716 -0.13325424613285716 -0.13325424613285716 -0.13325424613285716 -0.13325424613285716 -0.13325424613285716 -0.13325424613285716 -0.13325424613285716 -0.13325424613285716 -0.13325424613285716 -0.13325424613285716 -0.13325424613285716 -0.13325424613285716 -0.13325424613285716 -0.13325424613285716 -0.13325424613285716 -0.13325424613285716 -0.13325424613285716 -0.13325424613285716 -0.13325424613285716 -0.13325424613285716 -0.13325424613285716 -0.13325424613285716 -0.13325424613285716 -0.13044321571823875 -0.10771662051631004 -0.10411635093135119 -0.06026619814920979 -0.0414997747203133 -0.01202090482311622
-0.12984346538380673 -0.12984346538380673 -0.12984346538380673 -0.12984346538380673 -0.12984346538380673 -0.12984346538380673 -0.12984346538380673 -0.12984346538380673 -0.12984346538380673 -0.12984346538380673 -0.12984346538380673 -0.12984346538380673 -0.12984346538380673 -0.12984346538380673 -0.12984346538380673 -0.12984346538380673 -0.12984346538380673 -0.12984346538380673 -0.12984346538380673 -0.12984346538380673 -0.12984346538380673 -0.12984346538380673 -0.12984346538380673 -0.12984346538380673 -0.12984346538380673 -0.12984346538380673 -0.12984346538380673 -0.12984346538380673 -0.12984346538380673 -0.12984346538380673 -0.12984346538380673 -0.12984346538380673 -0.12984346538380673 -0.12984346538380673 -0.12984346538380673 -0.12984346538380673 -0.12984346538380673 -0.12984346538380673 -0.12984346538380673 -0.12984346538380673 -0.12984346538380673 -0.12984346538380673 -0.12984346538380673 -0.12984346538380673 -0.12984346538380673 -0.12984346538380673 -0.12984346538380673 -0.12984346538380673 -0.12984346538380673 -0.12984346538380673 -0.12984346538380673 -0.12984346538380673 -0.12984346538380673 -0.12984346538380673 -0.12984346538380673 -0.12984346538380673 -0.12984346538380673 -0.12984346538380673 -0.12984346538380673 -0.12984346538380673 -0.12984346538380673 -0.12984346538380673 -0.12984346538380673 -0.12984346538380673 -0.12984346538380673 -0.12984346538380673 -0.12984346538380673 -0.12984346538380673 -0.12984346538380673 -0.12984346538380673 -0.12984346538380673 -0.12984346538380673 -0.12984346538380673 -0.12984346538380673 -0.12984346538380673 -0.12984346538380673 -0.12984346538380673 -0.12984346538380673 -0.12984346538380673 -0.12984346538380673 -0.12984346538380673 -0.12984346538380673 -0.12984346538380673 -0.12984346538380673 -0.12984346538380673 -0.12984346538380673 -0.10771662051631004 -0.10411635093135119 -0.06026619814920979 -0.0414997747203133 -0.01202090482311622
-0.10377918474160643 -0.10377918474160643 -0.10377918474160643 -0.10377918474160643 -0.10377918474160643 -0.10377918474160643 -0.10377918474160643 -0.10377918474160643 -0.10377918474160643 -0.10377918474160643 -0.10377918474160643 -0.10377918474160643 -0.10377918474160643 -0.10377918474160643 -0.10377918474160643 -0.10377918474160643 -0.10377918474160643 -0.10377918474160643 -0.10377918474160643 -0.10377918474160643 -0.10377918474160643 -0.10377918474160643 -0.10377918474160643 -0.10377918474160643 -0.10377918474160643 -0.10377918474160643 -0.10377918474160643 -0.10377918474160643 -0.10377918474160643 -0.10377918474160643 -0.10377918474160643 -0.10377918474160643 -0.10377918474160643 -0.10377918474160643 -0.10377918474160643 -0.10377918474160643 -0.10377918474160643 -0.10377918474160643 -0.10377918474160643 -0.10377918474160643 -0.10377918474160643 -0.10377918474160643 -0.10377918474160643 -0.10377918474160643 -0.10377918474160643 -0.10377918474160643 -0.10377918474160643 -0.10377918474160643 -0.10377918474160643 -0.10377918474160643 -0.10377918474160643 -0.10377918474160643 -0.10377918474160643 -0.10377918474160643 -0.10377918474160643 -0.10377918474160643 -0.10377918474160643 -0.10377918474160643 -0.10377918474160643 -0.10377918474160643 -0.10377918474160643 -0.10377918474160643 -0.10377918474160643 -0.10377918474160643 -0.10377918474160643 -0.10377918474160643 -0.10377918474160643 -0.10377918474160643 -0.10377918474160643 -0.10377918474160643 -0.10377918474160643 -0.10377918474160643 -0.10377918474160643 -0.10377918474160643 -0.10377918474160643 -0.10377918474160643 -0.10377918474160643 -0.10377918474160643 -0.10377918474160643 -0.10377918474160643 -0.10377918474160643 -0.10377918474160643 -0.10377918474160643 -0.10377918474160643 -0.10377918474160643 -0.10377918474160643 -0.10377918474160643 -0.10377918474160643 -0.06056129673649381 -0.05442033977323419 -0.01202090482311622
-0.10198119904101341 -0.10198119904101341 -0.10198119904101341 -0.10198119904101341 -0.10198119904101341 -0.10198119904101341 -0.10198119904101341 -0.10198119904101341 -0.10198119904101341 -0.10198119904101341 -0.10198119904101341 -0.10198119904101341 -0.10198119904101341 -0.10198119904101341 -0.10198119904101341 -0.10198119904101341 -0.10198119904101341 -0.10198119904101341 -0.10198119904101341 -0.10198119904101341 -0.10198119904101341 -0.10198119904101341 -0.10198119904101341 -0.10198119904101341 -0.10198119904101341 -0.10198119904101341 -0.10198119904101341 -0.10198119904101341 -0.10198119904101341 -0.10198119904101341 -0.10198119904101341 -0.10198119904101341 -0.10198119904101341 -0.10198119904101341 -0.10198119904101341 -0.10198119904101341 -0.10198119904101341 -0.10198119904101341 -0.10198119904101341 -0.10198119904101341 -0.10198119904101341 -0.10198119904101341 -0.10198119904101341 -0.10198119904101341 -0.10198119904101341 -0.10198119904101341 -0.10198119904101341 -0.10198119904101341 -0.10198119904101341 -0.10198119904101341 -0.10198119904101341 -0.10198119904101341 -0.10198119904101341 -0.10198119904101341 -0.10198119904101341 -0.10198119904101341 -0.10198119904101341 -0.10198119904101341 -0.10198119904101341 -0.10198119904101341 -0.10198119904101341 -0.10198119904101341 -0.10198119904101341 -0.10198119904101341 -0.10198119904101341 -0.10198119904101341 -0.10198119904101341 -0.10198119904101341 -0.10198119904101341 -0.10198119904101341 -0.10198119904101341 -0.10198119904101341 -0.10198119904101341 -0.10198119904101341 -0.10198119904101341 -0.10198119904101341 -0.10198119904101341 -0.10198119904101341 -0.10198119904101341 -0.10198119904101341 -0.10198119904101341 -0.10198119904101341 -0.10198119904101341 -0.10198119904101341 -0.10198119904101341 -0.10198119904101341 -0.10198119904101341 -0.10198119904101341 -0.06056129673649381 -0.05442033977323419 -0.01202090482311622
-0.10178620794416439 -0.10178620794416439 -0.10178620794416439 -0.10178620794416439 -0.10178620794416439 -0.10178620794416439 -0.10178620794416439 -0.10178620794416439 -0.10178620794416439 -0.10178620794416439 -0.10178620794416439 -0.10178620794416439 -0.10178620794416439 -0.10178620794416439 -0.10178620794416439 -0.10178620794416439 -0.10178620794416439 -0.10178620794416439 -0.10178620794416439 -0.10178620794416439 -0.10178620794416439 -0.10178620794416439 -0.10178620794416439 -0.10178620794416439 -0.10178620794416439 -0.10178620794416439 -0.10178620794416439 -0.10178620794416439 -0.10178620794416439 -0.10178620794416439 -0.10178620794416439 -0.10178620794416439 -0.10178620794416439 -0.10178620794416439 -0.10178620794416439 -0.10178620794416439 -0.10178620794416439 -0.10178620794416439 -0.10178620794416439 -0.10178620794416439 -0.10178620794416439 -0.10178620794416439 -0.10178620794416439 -0.10178620794416439 -0.10178620794416439 -0.10178620794416439 -0.10178620794416439 -0.10178620794416439 -0.10178620794416439 -0.10178620794416439 -0.10178620794416439 -0.10178620794416439 -0.10178620794416439 -0.10178620794416439 -0.10178620794416439 -0.10178620794416439 -0.10178620794416439 -0.10178620794416439 -0.10178620794416439 -0.10178620794416439 -0.10178620794416439 -0.10178620794416439 -0.10178620794416439 -0.10178620794416439 -0.10178620794416439 -0.10178620794416439 -0.10178620794416439 -0.10178620794416439 -0.10178620794416439 -0.10178620794416439 -0.10178620794416439 -0.10178620794416439 -0.10178620794416439 -0.10178620794416439 -0.10178620794416439 -0.10178620794416439 -0.10178620794416439 -0.10178620794416439 -0.10178620794416439 -0.10178620794416439 -0.10178620794416439 -0.10178620794416439 -0.10178620794416439 -0.10178620794416439 -0.10178620794416439 -0.10178620794416439 -0.10178620794416439 -0.10178620794416439 -0.06026619814920979 -0.0414997747203133 -0.01202090482311622
-0.10147577886538113 -0.10147577886538113 -0.10147577886538113 -0.10147577886538113 -0.10147577886538113 -0.10147577886538113 -0.10147577886538113 -0.10147577886538113 -0.10147577886538113 -0.10147577886538113 -0.10147577886538113 -0.10147577886538113 -0.10147577886538113 -0.10147577886538113 -0.10147577886538113 -0.10147577886538113 -0.10147577886538113 -0.10147577886538113 -0.10147577886538113 -0.10147577886538113 -0.10147577886538113 -0.10147577886538113 -0.10147577886538113 -0.10147577886538113 -0.10147577886538113 -0.10147577886538113 -0.10147577886538113 -0.10147577886538113 -0.10147577886538113 -0.10147577886538113 -0.10147577886538113 -0.10147577886538113 -0.10147577886538113 -0.10147577886538113 -0.10147577886538113 -0.10147577886538113 -0.10147577886538113 -0.10147577886538113 -0.10147577886538113 -0.10147577886538113 -0.10147577886538113 -0.10147577886538113 -0.10147577886538113 -0.10147577886538113 -0.10147577886538113 -0.10147577886538113 -0.10147577886538113 -0.10147577886538113 -0.10147577886538113 -0.10147577886538113 -0.10147577886538113 -0.10147577886538113 -0.10147577886538113 -0.10147577886538113 -0.10147577886538113 -0.10147577886538113 -0.10147577886538113 -0.10147577886538113 -0.10147577886538113 -0.10147577886538113 -0.10147577886538113 -0.10147577886538113 -0.10147577886538113 -0.10147577886538113 -0.10147577886538113 -0.10147577886538113 -0.10147577886538113 -0.10147577886538113 -0.10147577886538113 -0.10147577886538113 -0.10147577886538113 -0.10147577886538113 -0.10147577886538113 -0.10147577886538113 -0.10147577886538113 -0.10147577886538113 -0.10147577886538113 -0.10147577886538113 -0.10147577886538113 -0.10147577886538113 -0.10147577886538113 -0.10147577886538113 -0.10147577886538113 -0.10147577886538113 -0.10147577886538113 -0.10147577886538113 -0.10147577886538113 -0.10147577886538113 -0.06026619814920979 -0.05442033977323419 -0.01202090482311622
-0.039424310688882754 -0.039424310688882754 -0.039424310688882754 -0.039424310688882754 -0.039424310688882754 -0.039424310688882754 -0.039424310688882754 -0.039424310688882754 -0.039424310688882754 -0.039424310688882754 -0.039424310688882754 -0.039424310688882754 -0.039424310688882754 -0.039424310688882754 -0.039424310688882754 -0.039424310688882754 -0.039424310688882754 -0.039424310688882754 -0.039424310688882754 -0.039424310688882754 -0.039424310688882754 -0.039424310688882754 -0.039424310688882754 -0.039424310688882754 -0.039424310688882754 -0.039424310688882754 -0.039424310688882754 -0.039424310688882754 -0.039424310688882754 -0.039424310688882754 -0.039424310688882754 -0.039424310688882754 -0.039424310688882754 -0.039424310688882754 -0.039424310688882754 -0.039424310688882754 -0.039424310688882754 -0.039424310688882754 -0.039424310688882754 -0.039424310688882754 -0.039424310688882754 -0.039424310688882754 -0.039424310688882754 -0.039424310688882754 -0.039424310688882754 -0.039424310688882754 -0.039424310688882754 -0.039424310688882754 -0.039424310688882754 -0.039424310688882754 -0.039424310688882754 -0.039424310688882754 -0.039424310688882754 -0.039424310688882754 -0.039424310688882754 -0.039424310688882754 -0.039424310688882754 -0.039424310688882754 -0.039424310688882754 -0.039424310688882754 -0.039424310688882754 -0.039424310688882754 -0.039424310688882754 -0.039424310688882754 -0.039424310688882754 -0.039424310688882754 -0.039424310688882754 -0.039424310688882754 -0.039424310688882754 -0.039424310688882754 -0.039424310688882754 -0.039424310688882754 -0.039424310688882754 -0.039424310688882754 -0.039424310688882754 -0.039424310688882754 -0.039424310688882754 -0.039424310688882754 -0.039424310688882754 -0.039424310688882754 -0.039424310688882754 -0.039424310688882754 -0.039424310688882754 -0.039424310688882754 -0.039424310688882754 -0.039424310688882754 -0.039424310688882754 -0.039424310688882754 -0.039424310688882754 -0.039424310688882754 -0.01202090482311622