-0.8686142089137002 -0.8686142089137002 -0.5801132093453981 -0.5801132093453981 -0.4920997726369036 -0.5801132093453981 -0.4920997726369036 -0.4920997726369036 -0.2810557040078787 -0.3478157657845959 -0.3478157657845959 -0.3478157657845959 -0.3478157657845959 -0.5801132093453981 -0.3478157657845959 -0.3478157657845959 -0.3478157657845959 -0.3478157657845959 -0.3478157657845959 -0.5801132093453981 -0.3478157657845959 -0.4920997726369036 -0.3478157657845959 -0.3478157657845959 -0.3478157657845959 -0.3478157657845959 -0.43078755476491404 -0.43078755476491404 -0.3478157657845959 -0.3742494640628821 -0.19888506729384528 -0.3478157657845959 -0.3478157657845959 -0.41897199989951445 -0.4920997726369036 -0.28743918845284816 -0.4920997726369036 -0.2810557040078787 -0.43078755476491404 -0.43078755476491404 -0.28743918845284816 -0.28743918845284816 -0.43078755476491404 -0.43078755476491404 -0.4920997726369036 -0.4269639815696264 -0.3478157657845959 -0.3478157657845959 -0.43078755476491404 -0.2810557040078787 -0.2810557040078787 -0.43078755476491404 -0.43078755476491404 -0.3478157657845959 -0.2457238361529283 -0.3478157657845959 -0.3478157657845959 -0.19888506729384528 -0.30465158591214453 -0.30465158591214453 -0.22713002994941628 -0.22812406892408477 -0.22713002994941628 -0.22812406892408477 -0.22713002994941628 -0.22812406892408477 -0.22713002994941628 -0.3962309228082263 -0.22812406892408477 -0.2457238361529283 -0.22713002994941628 -0.3478157657845959 -0.22713002994941628 -0.3478157657845959 -0.22812406892408477 -0.2910831897350783 -0.2910831897350783 -0.2910831897350783 -0.28112522574906906 -0.14576873237876967 -0.27120883402619844 -0.22713002994941628 -0.25982577480618435 -0.21409170335795727 -0.1995259280529714 -0.19736164869341716 -0.1821068647573436 -0.17614167262846486 -0.1739098427424842 -0.1627888159462234 -0.1627888159462234 -0.1627888159462234 -0.1627888159462234 -0.13493349044006586 -0.12960204680651732 -0.12190901523893742 -0.12190901523893742 -0.0820882152549233 -0.09868027573317253 -0.03281880387148894 -0.03281880387148894 -0.03281880387148894 -0.03883199429684344 -0.03883199429684344 -0.03928866302395971 -0.03281880387148894 -0.027831361676233755 -0.004454610170621243
-0.4920997726369036 -0.4920997726369036 -0.4920997726369036 -0.4920997726369036 -0.7649922396728339 -0.4920997726369036 -0.7884878829682129 -0.7649922396728339 -0.2810557040078787 -0.3478157657845959 -0.3478157657845959 -0.3478157657845959 -0.3478157657845959 -0.4920997726369036 -0.3478157657845959 -0.3478157657845959 -0.3478157657845959 -0.3478157657845959 -0.3478157657845959 -0.4920997726369036 -0.3478157657845959 -0.5580211394902436 -0.3478157657845959 -0.3478157657845959 -0.3478157657845959 -0.3478157657845959 -0.43078755476491404 -0.43078755476491404 -0.3478157657845959 -0.3742494640628821 -0.19888506729384528 -0.3478157657845959 -0.3478157657845959 -0.41897199989951445 -0.5756144978616394 -0.28743918845284816 -0.49741746920515423 -0.2810557040078787 -0.43078755476491404 -0.43078755476491404 -0.28743918845284816 -0.28743918845284816 -0.43078755476491404 -0.43078755476491404 -0.5273789073686674 -0.4269639815696264 -0.3478157657845959 -0.3478157657845959 -0.43078755476491404 -0.2810557040078787 -0.2810557040078787 -0.43078755476491404 -0.43078755476491404 -0.3478157657845959 -0.2457238361529283 -0.3478157657845959 -0.3478157657845959 -0.19888506729384528 -0.30465158591214453 -0.30465158591214453 -0.22713002994941628 -0.22812406892408477 -0.22713002994941628 -0.22812406892408477 -0.22713002994941628 -0.22812406892408477 -0.22713002994941628 -0.3962309228082263 -0.22812406892408477 -0.2457238361529283 -0.22713002994941628 -0.3478157657845959 -0.22713002994941628 -0.3478157657845959 -0.22812406892408477 -0.2910831897350783 -0.2910831897350783 -0.2910831897350783 -0.28112522574906906 -0.14576873237876967 -0.27120883402619844 -0.22713002994941628 -0.25982577480618435 -0.21409170335795727 -0.1995259280529714 -0.19736164869341716 -0.1821068647573436 -0.17614167262846486 -0.1739098427424842 -0.1627888159462234 -0.1627888159462234 -0.1627888159462234 -0.1627888159462234 -0.13493349044006586 -0.12960204680651732 -0.12190901523893742 -0.12190901523893742 -0.0820882152549233 -0.09868027573317253 -0.03281880387148894 -0.03281880387148894 -0.03281880387148894 -0.03883199429684344 -0.03883199429684344 -0.03928866302395971 -0.03281880387148894 -0.027831361676233755 -0.004454610170621243
-0.4920997726369036 -0.4920997726369036 -0.4920997726369036 -0.4920997726369036 -0.7649922396728339 -0.4920997726369036 -0.7884878829682129 -0.7649922396728339 -0.2810557040078787 -0.3478157657845959 -0.3478157657845959 -0.3478157657845959 -0.3478157657845959 -0.4920997726369036 -0.3478157657845959 -0.3478157657845959 -0.3478157657845959 -0.3478157657845959 -0.3478157657845959 -0.4920997726369036 -0.3478157657845959 -0.5580211394902436 -0.3478157657845959 -0.3478157657845959 -0.3478157657845959 -0.3478157657845959 -0.43078755476491404 -0.43078755476491404 -0.3478157657845959 -0.3742494640628821 -0.19888506729384528 -0.3478157657845959 -0.3478157657845959 -0.41897199989951445 -0.5756144978616394 -0.28743918845284816 -0.49741746920515423 -0.2810557040078787 -0.43078755476491404 -0.43078755476491404 -0.28743918845284816 -0.28743918845284816 -0.43078755476491404 -0.43078755476491404 -0.5273789073686674 -0.4269639815696264 -0.3478157657845959 -0.3478157657845959 -0.43078755476491404 -0.2810557040078787 -0.2810557040078787 -0.43078755476491404 -0.43078755476491404 -0.3478157657845959 -0.2457238361529283 -0.3478157657845959 -0.3478157657845959 -0.19888506729384528 -0.30465158591214453 -0.30465158591214453 -0.22713002994941628 -0.22812406892408477 -0.22713002994941628 -0.22812406892408477 -0.22713002994941628 -0.22812406892408477 -0.22713002994941628 -0.3962309228082263 -0.22812406892408477 -0.2457238361529283 -0.22713002994941628 -0.3478157657845959 -0.22713002994941628 -0.3478157657845959 -0.22812406892408477 -0.2910831897350783 -0.2910831897350783 -0.2910831897350783 -0.28112522574906906 -0.14576873237876967 -0.27120883402619844 -0.22713002994941628 -0.25982577480618435 -0.21409170335795727 -0.1995259280529714 -0.19736164869341716 -0.1821068647573436 -0.17614167262846486 -0.1739098427424842 -0.1627888159462234 -0.1627888159462234 -0.1627888159462234 -0.1627888159462234 -0.13493349044006586 -0.12960204680651732 -0.12190901523893742 -0.12190901523893742 -0.0820882152549233 -0.09868027573317253 -0.03281880387148894 -0.03281880387148894 -0.03281880387148894 -0.03883199429684344 -0.03883199429684344 -0.03928866302395971 -0.03281880387148894 -0.027831361676233755 -0.004454610170621243
-0.3478157657845959 -0.3478157657845959 -0.3478157657845959 -0.3478157657845959 -0.3478157657845959 -0.3478157657845959 -0.3478157657845959 -0.3478157657845959 -0.2810557040078787 -0.5512430657687283 -0.5512430657687283 -0.5512430657687283 -0.716315256552842 -0.3478157657845959 -0.5512430657687283 -0.5512430657687283 -0.5512430657687283 -0.5512430657687283 -0.7040924035113907 -0.3478157657845959 -0.5512430657687283 -0.3478157657845959 -0.5512430657687283 -0.6736135877395865 -0.5512430657687283 -0.6463106917645653 -0.3478157657845959 -0.3478157657845959 -0.6270135704462395 -0.3478157657845959 -0.19888506729384528 -0.571985978082023 -0.5512430657687283 -0.3478157657845959 -0.3478157657845959 -0.28743918845284816 -0.3478157657845959 -0.2810557040078787 -0.3478157657845959 -0.3478157657845959 -0.28743918845284816 -0.28743918845284816 -0.3478157657845959 -0.3478157657845959 -0.3478157657845959 -0.3478157657845959 -0.5012997342240149 -0.49800844271249134 -0.3478157657845959 -0.2810557040078787 -0.2810557040078787 -0.3478157657845959 -0.3478157657845959 -0.4660818445009321 -0.2457238361529283 -0.44006304448803996 -0.45066558551392283 -0.19888506729384528 -0.30465158591214453 -0.30465158591214453 -0.22713002994941628 -0.22812406892408477 -0.22713002994941628 -0.22812406892408477 -0.22713002994941628 -0.22812406892408477 -0.22713002994941628 -0.3478157657845959 -0.22812406892408477 -0.2457238361529283 -0.22713002994941628 -0.36905128704578893 -0.22713002994941628 -0.34978606364198145 -0.22812406892408477 -0.2910831897350783 -0.2910831897350783 -0.2910831897350783 -0.28112522574906906 -0.14576873237876967 -0.27120883402619844 -0.22713002994941628 -0.25982577480618435 -0.21409170335795727 -0.1995259280529714 -0.19736164869341716 -0.1821068647573436 -0.17614167262846486 -0.1739098427424842 -0.1627888159462234 -0.1627888159462234 -0.1627888159462234 -0.1627888159462234 -0.13493349044006586 -0.12960204680651732 -0.12190901523893742 -0.12190901523893742 -0.0820882152549233 -0.09868027573317253 -0.03281880387148894 -0.03281880387148894 -0.03281880387148894 -0.03883199429684344 -0.03883199429684344 -0.03928866302395971 -0.03281880387148894 -0.027831361676233755 -0.004454610170621243
-0.5801132093453981 -0.5801132093453981 -0.5801132093453981 -0.5801132093453981 -0.49741746920515423 -0.5801132093453981 -0.49741746920515423 -0.49741746920515423 -0.2810557040078787 -0.3478157657845959 -0.3478157657845959 -0.3478157657845959 -0.3478157657845959 -0.5801132093453981 -0.3478157657845959 -0.3478157657845959 -0.3478157657845959 -0.3478157657845959 -0.3478157657845959 -0.5801132093453981 -0.3478157657845959 -0.49741746920515423 -0.3478157657845959 -0.3478157657845959 -0.3478157657845959 -0.3478157657845959 -0.43078755476491404 -0.43078755476491404 -0.3478157657845959 -0.3742494640628821 -0.19888506729384528 -0.3478157657845959 -0.3478157657845959 -0.41897199989951445 -0.49741746920515423 -0.28743918845284816 -0.5596905092873998 -0.2810557040078787 -0.43078755476491404 -0.43078755476491404 -0.28743918845284816 -0.28743918845284816 -0.43078755476491404 -0.43078755476491404 -0.49741746920515423 -0.4269639815696264 -0.3478157657845959 -0.3478157657845959 -0.43078755476491404 -0.2810557040078787 -0.2810557040078787 -0.43078755476491404 -0.43078755476491404 -0.3478157657845959 -0.2457238361529283 -0.3478157657845959 -0.3478157657845959 -0.19888506729384528 -0.30465158591214453 -0.30465158591214453 -0.22713002994941628 -0.22812406892408477 -0.22713002994941628 -0.22812406892408477 -0.22713002994941628 -0.22812406892408477 -0.22713002994941628 -0.3962309228082263 -0.22812406892408477 -0.2457238361529283 -0.22713002994941628 -0.3478157657845959 -0.22713002994941628 -0.3478157657845959 -0.22812406892408477 -0.2910831897350783 -0.2910831897350783 -0.2910831897350783 -0.28112522574906906 -0.14576873237876967 -0.27120883402619844 -0.22713002994941628 -0.25982577480618435 -0.21409170335795727 -0.1995259280529714 -0.19736164869341716 -0.1821068647573436 -0.17614167262846486 -0.1739098427424842 -0.1627888159462234 -0.1627888159462234 -0.1627888159462234 -0.1627888159462234 -0.13493349044006586 -0.12960204680651732 -0.12190901523893742 -0.12190901523893742 -0.0820882152549233 -0.09868027573317253 -0.03281880387148894 -0.03281880387148894 -0.03281880387148894 -0.03883199429684344 -0.03883199429684344 -0.03928866302395971 -0.03281880387148894 -0.027831361676233755 -0.004454610170621243
-0.3478157657845959 -0.3478157657845959 -0.3478157657845959 -0.3478157657845959 -0.3478157657845959 -0.3478157657845959 -0.3478157657845959 -0.3478157657845959 -0.2810557040078787 -0.5512430657687283 -0.5512430657687283 -0.5512430657687283 -0.716315256552842 -0.3478157657845959 -0.5512430657687283 -0.5512430657687283 -0.5512430657687283 -0.5512430657687283 -0.7040924035113907 -0.3478157657845959 -0.5512430657687283 -0.3478157657845959 -0.5512430657687283 -0.6736135877395865 -0.5512430657687283 -0.6463106917645653 -0.3478157657845959 -0.3478157657845959 -0.6270135704462395 -0.3478157657845959 -0.19888506729384528 -0.6017555573625897 -0.5512430657687283 -0.3478157657845959 -0.3478157657845959 -0.28743918845284816 -0.3478157657845959 -0.2810557040078787 -0.3478157657845959 -0.3478157657845959 -0.28743918845284816 -0.28743918845284816 -0.3478157657845959 -0.3478157657845959 -0.3478157657845959 -0.3478157657845959 -0.5012997342240149 -0.49800844271249134 -0.3478157657845959 -0.2810557040078787 -0.2810557040078787 -0.3478157657845959 -0.3478157657845959 -0.4660818445009321 -0.2457238361529283 -0.44006304448803996 -0.45066558551392283 -0.19888506729384528 -0.30465158591214453 -0.30465158591214453 -0.22713002994941628 -0.22812406892408477 -0.22713002994941628 -0.22812406892408477 -0.22713002994941628 -0.22812406892408477 -0.22713002994941628 -0.3478157657845959 -0.22812406892408477 -0.2457238361529283 -0.22713002994941628 -0.36905128704578893 -0.22713002994941628 -0.34978606364198145 -0.22812406892408477 -0.2910831897350783 -0.2910831897350783 -0.2910831897350783 -0.28112522574906906 -0.14576873237876967 -0.27120883402619844 -0.22713002994941628 -0.25982577480618435 -0.21409170335795727 -0.1995259280529714 -0.19736164869341716 -0.1821068647573436 -0.17614167262846486 -0.1739098427424842 -0.1627888159462234 -0.1627888159462234 -0.1627888159462234 -0.1627888159462234 -0.13493349044006586 -0.12960204680651732 -0.12190901523893742 -0.12190901523893742 -0.0820882152549233 -0.09868027573317253 -0.03281880387148894 -0.03281880387148894 -0.03281880387148894 -0.03883199429684344 -0.03883199429684344 -0.03928866302395971 -0.03281880387148894 -0.027831361676233755 -0.004454610170621243
-0.3478157657845959 -0.3478157657845959 -0.3478157657845959 -0.3478157657845959 -0.3478157657845959 -0.3478157657845959 -0.3478157657845959 -0.3478157657845959 -0.2810557040078787 -0.7266798630112554 -0.7213440426272602 -0.718064375247919 -0.5512430657687283 -0.3478157657845959 -0.7139518863667355 -0.6727858906535793 -0.7104465901706393 -0.7091298854111346 -0.5512430657687283 -0.3478157657845959 -0.6568867251360341 -0.3478157657845959 -0.6780538015115605 -0.5512430657687283 -0.6116113332488385 -0.5512430657687283 -0.3478157657845959 -0.3478157657845959 -0.5512430657687283 -0.3478157657845959 -0.19888506729384528 -0.5512430657687283 -0.5540045622617185 -0.3478157657845959 -0.3478157657845959 -0.28743918845284816 -0.3478157657845959 -0.2810557040078787 -0.3478157657845959 -0.3478157657845959 -0.28743918845284816 -0.28743918845284816 -0.3478157657845959 -0.3478157657845959 -0.3478157657845959 -0.3478157657845959 -0.4686932544103909 -0.47301892908293836 -0.3478157657845959 -0.2810557040078787 -0.2810557040078787 -0.3478157657845959 -0.3478157657845959 -0.4584190234342771 -0.2457238361529283 -0.44006304448803996 -0.44988319435804547 -0.19888506729384528 -0.30465158591214453 -0.30465158591214453 -0.22713002994941628 -0.22812406892408477 -0.22713002994941628 -0.22812406892408477 -0.22713002994941628 -0.22812406892408477 -0.22713002994941628 -0.3478157657845959 -0.22812406892408477 -0.2457238361529283 -0.22713002994941628 -0.36905128704578893 -0.22713002994941628 -0.34978606364198145 -0.22812406892408477 -0.2910831897350783 -0.2910831897350783 -0.2910831897350783 -0.28112522574906906 -0.14576873237876967 -0.27120883402619844 -0.22713002994941628 -0.25982577480618435 -0.21409170335795727 -0.1995259280529714 -0.19736164869341716 -0.1821068647573436 -0.17614167262846486 -0.1739098427424842 -0.1627888159462234 -0.1627888159462234 -0.1627888159462234 -0.1627888159462234 -0.13493349044006586 -0.12960204680651732 -0.12190901523893742 -0.12190901523893742 -0.0820882152549233 -0.09868027573317253 -0.03281880387148894 -0.03281880387148894 -0.03281880387148894 -0.03883199429684344 -0.03883199429684344 -0.03928866302395971 -0.03281880387148894 -0.027831361676233755 -0.004454610170621243
-0.2810557040078787 -0.2810557040078787 -0.2810557040078787 -0.2810557040078787 -0.2810557040078787 -0.2810557040078787 -0.2810557040078787 -0.2810557040078787 -0.29620029661053593 -0.2810557040078787 -0.2810557040078787 -0.2810557040078787 -0.2810557040078787 -0.2810557040078787 -0.2810557040078787 -0.2810557040078787 -0.2810557040078787 -0.2810557040078787 -0.2810557040078787 -0.2810557040078787 -0.2810557040078787 -0.2810557040078787 -0.2810557040078787 -0.2810557040078787 -0.2810557040078787 -0.2810557040078787 -0.2810557040078787 -0.2810557040078787 -0.2810557040078787 -0.2810557040078787 -0.19888506729384528 -0.2810557040078787 -0.2810557040078787 -0.2810557040078787 -0.2810557040078787 -0.2810557040078787 -0.2810557040078787 -0.3792465840228734 -0.2810557040078787 -0.2810557040078787 -0.2810557040078787 -0.2810557040078787 -0.2810557040078787 -0.2810557040078787 -0.2810557040078787 -0.2810557040078787 -0.2810557040078787 -0.2810557040078787 -0.2810557040078787 -0.4802275605246464 -0.3792465840228734 -0.2810557040078787 -0.2810557040078787 -0.2810557040078787 -0.2457238361529283 -0.2810557040078787 -0.2810557040078787 -0.19888506729384528 -0.2810557040078787 -0.2810557040078787 -0.22713002994941628 -0.22812406892408477 -0.22713002994941628 -0.22812406892408477 -0.22713002994941628 -0.22812406892408477 -0.22713002994941628 -0.2810557040078787 -0.22812406892408477 -0.2457238361529283 -0.22713002994941628 -0.2810557040078787 -0.22713002994941628 -0.2810557040078787 -0.22812406892408477 -0.2810557040078787 -0.2810557040078787 -0.2810557040078787 -0.2810557040078787 -0.14576873237876967 -0.27120883402619844 -0.22713002994941628 -0.25982577480618435 -0.21409170335795727 -0.1995259280529714 -0.19736164869341716 -0.1821068647573436 -0.17614167262846486 -0.1739098427424842 -0.1627888159462234 -0.1627888159462234 -0.1627888159462234 -0.1627888159462234 -0.13493349044006586 -0.12960204680651732 -0.12190901523893742 -0.12190901523893742 -0.0820882152549233 -0.09868027573317253 -0.03281880387148894 -0.03281880387148894 -0.03281880387148894 -0.03883199429684344 -0.03883199429684344 -0.03928866302395971 -0.03281880387148894 -0.027831361676233755 -0.004454610170621243
-0.4920997726369036 -0.4920997726369036 -0.4920997726369036 -0.4920997726369036 -0.4920997726369036 -0.4920997726369036 -0.4920997726369036 -0.4920997726369036 -0.2810557040078787 -0.3478157657845959 -0.3478157657845959 -0.3478157657845959 -0.3478157657845959 -0.4920997726369036 -0.3478157657845959 -0.3478157657845959 -0.3478157657845959 -0.3478157657845959 -0.3478157657845959 -0.4920997726369036 -0.3478157657845959 -0.4920997726369036 -0.3478157657845959 -0.3478157657845959 -0.3478157657845959 -0.3478157657845959 -0.43078755476491404 -0.43078755476491404 -0.3478157657845959 -0.3742494640628821 -0.19888506729384528 -0.3478157657845959 -0.3478157657845959 -0.5786232525038667 -0.4920997726369036 -0.28743918845284816 -0.4920997726369036 -0.2810557040078787 -0.43078755476491404 -0.43078755476491404 -0.28743918845284816 -0.28743918845284816 -0.43078755476491404 -0.43078755476491404 -0.4920997726369036 -0.4269639815696264 -0.3478157657845959 -0.3478157657845959 -0.43078755476491404 -0.2810557040078787 -0.2810557040078787 -0.43078755476491404 -0.43078755476491404 -0.3478157657845959 -0.2457238361529283 -0.3478157657845959 -0.3478157657845959 -0.19888506729384528 -0.30465158591214453 -0.30465158591214453 -0.22713002994941628 -0.22812406892408477 -0.22713002994941628 -0.22812406892408477 -0.22713002994941628 -0.22812406892408477 -0.22713002994941628 -0.3962309228082263 -0.22812406892408477 -0.2457238361529283 -0.22713002994941628 -0.3478157657845959 -0.22713002994941628 -0.3478157657845959 -0.22812406892408477 -0.2910831897350783 -0.2910831897350783 -0.2910831897350783 -0.28112522574906906 -0.14576873237876967 -0.27120883402619844 -0.22713002994941628 -0.25982577480618435 -0.21409170335795727 -0.1995259280529714 -0.19736164869341716 -0.1821068647573436 -0.17614167262846486 -0.1739098427424842 -0.1627888159462234 -0.1627888159462234 -0.1627888159462234 -0.1627888159462234 -0.13493349044006586 -0.12960204680651732 -0.12190901523893742 -0.12190901523893742 -0.0820882152549233 -0.09868027573317253 -0.03281880387148894 -0.03281880387148894 -0.03281880387148894 -0.03883199429684344 -0.03883199429684344 -0.03928866302395971 -0.03281880387148894 -0.027831361676233755 -0.004454610170621243
-0.3478157657845959 -0.3478157657845959 -0.3478157657845959 -0.3478157657845959 -0.3478157657845959 -0.3478157657845959 -0.3478157657845959 -0.3478157657845959 -0.2810557040078787 -0.6731139999153645 -0.6731139999153645 -0.718064375247919 -0.5512430657687283 -0.3478157657845959 -0.6769979277845407 -0.7111744740264266 -0.7104465901706393 -0.7091298854111346 -0.5512430657687283 -0.3478157657845959 -0.6568867251360341 -0.3478157657845959 -0.6780538015115605 -0.5512430657687283 -0.6116113332488385 -0.5512430657687283 -0.3478157657845959 -0.3478157657845959 -0.5512430657687283 -0.3478157657845959 -0.19888506729384528 -0.5512430657687283 -0.5540045622617185 -0.3478157657845959 -0.3478157657845959 -0.28743918845284816 -0.3478157657845959 -0.2810557040078787 -0.3478157657845959 -0.3478157657845959 -0.28743918845284816 -0.28743918845284816 -0.3478157657845959 -0.3478157657845959 -0.3478157657845959 -0.3478157657845959 -0.4686932544103909 -0.47301892908293836 -0.3478157657845959 -0.2810557040078787 -0.2810557040078787 -0.3478157657845959 -0.3478157657845959 -0.4584190234342771 -0.2457238361529283 -0.44006304448803996 -0.44988319435804547 -0.19888506729384528 -0.30465158591214453 -0.30465158591214453 -0.22713002994941628 -0.22812406892408477 -0.22713002994941628 -0.22812406892408477 -0.22713002994941628 -0.22812406892408477 -0.22713002994941628 -0.3478157657845959 -0.22812406892408477 -0.2457238361529283 -0.22713002994941628 -0.36905128704578893 -0.22713002994941628 -0.34978606364198145 -0.22812406892408477 -0.2910831897350783 -0.2910831897350783 -0.2910831897350783 -0.28112522574906906 -0.14576873237876967 -0.27120883402619844 -0.22713002994941628 -0.25982577480618435 -0.21409170335795727 -0.1995259280529714 -0.19736164869341716 -0.1821068647573436 -0.17614167262846486 -0.1739098427424842 -0.1627888159462234 -0.1627888159462234 -0.1627888159462234 -0.1627888159462234 -0.13493349044006586 -0.12960204680651732 -0.12190901523893742 -0.12190901523893742 -0.0820882152549233 -0.09868027573317253 -0.03281880387148894 -0.03281880387148894 -0.03281880387148894 -0.03883199429684344 -0.03883199429684344 -0.03928866302395971 -0.03281880387148894 -0.027831361676233755 -0.004454610170621243
-0.3478157657845959 -0.3478157657845959 -0.3478157657845959 -0.3478157657845959 -0.3478157657845959 -0.3478157657845959 -0.3478157657845959 -0.3478157657845959 -0.2810557040078787 -0.7266798630112554 -0.7213440426272602 -0.718064375247919 -0.571985978082023 -0.3478157657845959 -0.7139518863667355 -0.6727858906535793 -0.6899680092891793 -0.7091298854111346 -0.571985978082023 -0.3478157657845959 -0.6568867251360341 -0.3478157657845959 -0.6780538015115605 -0.571985978082023 -0.6116113332488385 -0.571985978082023 -0.3478157657845959 -0.3478157657845959 -0.571985978082023 -0.3478157657845959 -0.19888506729384528 -0.6017555573625897 -0.582398966773178 -0.3478157657845959 -0.3478157657845959 -0.28743918845284816 -0.3478157657845959 -0.2810557040078787 -0.3478157657845959 -0.3478157657845959 -0.28743918845284816 -0.28743918845284816 -0.3478157657845959 -0.3478157657845959 -0.3478157657845959 -0.3478157657845959 -0.4686932544103909 -0.47301892908293836 -0.3478157657845959 -0.2810557040078787 -0.2810557040078787 -0.3478157657845959 -0.3478157657845959 -0.4584190234342771 -0.2457238361529283 -0.44006304448803996 -0.44988319435804547 -0.19888506729384528 -0.30465158591214453 -0.30465158591214453 -0.22713002994941628 -0.22812406892408477 -0.22713002994941628 -0.22812406892408477 -0.22713002994941628 -0.22812406892408477 -0.22713002994941628 -0.3478157657845959 -0.22812406892408477 -0.2457238361529283 -0.22713002994941628 -0.36905128704578893 -0.22713002994941628 -0.34978606364198145 -0.22812406892408477 -0.2910831897350783 -0.2910831897350783 -0.2910831897350783 -0.28112522574906906 -0.14576873237876967 -0.27120883402619844 -0.22713002994941628 -0.25982577480618435 -0.21409170335795727 -0.1995259280529714 -0.19736164869341716 -0.1821068647573436 -0.17614167262846486 -0.1739098427424842 -0.1627888159462234 -0.1627888159462234 -0.1627888159462234 -0.1627888159462234 -0.13493349044006586 -0.12960204680651732 -0.12190901523893742 -0.12190901523893742 -0.0820882152549233 -0.09868027573317253 -0.03281880387148894 -0.03281880387148894 -0.03281880387148894 -0.03883199429684344 -0.03883199429684344 -0.03928866302395971 -0.03281880387148894 -0.027831361676233755 -0.004454610170621243
-0.3742494640628821 -0.3742494640628821 -0.3742494640628821 -0.3742494640628821 -0.3742494640628821 -0.3742494640628821 -0.3742494640628821 -0.3742494640628821 -0.2810557040078787 -0.5512430657687283 -0.5512430657687283 -0.5512430657687283 -0.716315256552842 -0.3742494640628821 -0.5512430657687283 -0.5512430657687283 -0.5512430657687283 -0.5512430657687283 -0.6836839091151885 -0.3742494640628821 -0.5512430657687283 -0.3742494640628821 -0.5512430657687283 -0.6453408261344615 -0.5512430657687283 -0.6195864612643196 -0.3742494640628821 -0.3742494640628821 -0.5959919044981549 -0.3742494640628821 -0.19888506729384528 -0.571985978082023 -0.5512430657687283 -0.3742494640628821 -0.3742494640628821 -0.28743918845284816 -0.3742494640628821 -0.2810557040078787 -0.3742494640628821 -0.3742494640628821 -0.28743918845284816 -0.28743918845284816 -0.3742494640628821 -0.3742494640628821 -0.3742494640628821 -0.3742494640628821 -0.5012997342240149 -0.49800844271249134 -0.3742494640628821 -0.2810557040078787 -0.2810557040078787 -0.3742494640628821 -0.3742494640628821 -0.4660818445009321 -0.2457238361529283 -0.45166394764185996 -0.45066558551392283 -0.19888506729384528 -0.30465158591214453 -0.30465158591214453 -0.22713002994941628 -0.22812406892408477 -0.22713002994941628 -0.22812406892408477 -0.22713002994941628 -0.22812406892408477 -0.22713002994941628 -0.3742494640628821 -0.22812406892408477 -0.2457238361529283 -0.22713002994941628 -0.3709232509846098 -0.22713002994941628 -0.35348798979355545 -0.22812406892408477 -0.2910831897350783 -0.2910831897350783 -0.2910831897350783 -0.28112522574906906 -0.14576873237876967 -0.27120883402619844 -0.22713002994941628 -0.25982577480618435 -0.21409170335795727 -0.1995259280529714 -0.19736164869341716 -0.1821068647573436 -0.17614167262846486 -0.1739098427424842 -0.1627888159462234 -0.1627888159462234 -0.1627888159462234 -0.1627888159462234 -0.13493349044006586 -0.12960204680651732 -0.12190901523893742 -0.12190901523893742 -0.0820882152549233 -0.09868027573317253 -0.03281880387148894 -0.03281880387148894 -0.03281880387148894 -0.03883199429684344 -0.03883199429684344 -0.03928866302395971 -0.03281880387148894 -0.027831361676233755 -0.004454610170621243
-0.5801132093453981 -0.5801132093453981 -0.716031101904258 -0.716031101904258 -0.4920997726369036 -0.716031101904258 -0.4920997726369036 -0.4920997726369036 -0.2810557040078787 -0.3478157657845959 -0.3478157657845959 -0.3478157657845959 -0.3478157657845959 -0.7140748430381558 -0.3478157657845959 -0.3478157657845959 -0.3478157657845959 -0.3478157657845959 -0.3478157657845959 -0.6526960845015732 -0.3478157657845959 -0.4920997726369036 -0.3478157657845959 -0.3478157657845959 -0.3478157657845959 -0.3478157657845959 -0.43078755476491404 -0.43078755476491404 -0.3478157657845959 -0.3742494640628821 -0.19888506729384528 -0.3478157657845959 -0.3478157657845959 -0.41897199989951445 -0.4920997726369036 -0.28743918845284816 -0.4920997726369036 -0.2810557040078787 -0.43078755476491404 -0.43078755476491404 -0.28743918845284816 -0.28743918845284816 -0.43078755476491404 -0.43078755476491404 -0.4920997726369036 -0.4269639815696264 -0.3478157657845959 -0.3478157657845959 -0.43078755476491404 -0.2810557040078787 -0.2810557040078787 -0.43078755476491404 -0.43078755476491404 -0.3478157657845959 -0.2457238361529283 -0.3478157657845959 -0.3478157657845959 -0.19888506729384528 -0.30465158591214453 -0.30465158591214453 -0.22713002994941628 -0.22812406892408477 -0.22713002994941628 -0.22812406892408477 -0.22713002994941628 -0.22812406892408477 -0.22713002994941628 -0.3962309228082263 -0.22812406892408477 -0.2457238361529283 -0.22713002994941628 -0.3478157657845959 -0.22713002994941628 -0.3478157657845959 -0.22812406892408477 -0.2910831897350783 -0.2910831897350783 -0.2910831897350783 -0.28112522574906906 -0.14576873237876967 -0.27120883402619844 -0.22713002994941628 -0.25982577480618435 -0.21409170335795727 -0.1995259280529714 -0.19736164869341716 -0.1821068647573436 -0.17614167262846486 -0.1739098427424842 -0.1627888159462234 -0.1627888159462234 -0.1627888159462234 -0.1627888159462234 -0.13493349044006586 -0.12960204680651732 -0.12190901523893742 -0.12190901523893742 -0.0820882152549233 -0.09868027573317253 -0.03281880387148894 -0.03281880387148894 -0.03281880387148894 -0.03883199429684344 -0.03883199429684344 -0.03928866302395971 -0.03281880387148894 -0.027831361676233755 -0.004454610170621243
-0.4920997726369036 -0.4920997726369036 -0.4920997726369036 -0.4920997726369036 -0.714820524278058 -0.4920997726369036 -0.5023521700077409 -0.714820524278058 -0.2810557040078787 -0.3478157657845959 -0.3478157657845959 -0.3478157657845959 -0.3478157657845959 -0.4920997726369036 -0.3478157657845959 -0.3478157657845959 -0.3478157657845959 -0.3478157657845959 -0.3478157657845959 -0.4920997726369036 -0.3478157657845959 -0.5023521700077409 -0.3478157657845959 -0.3478157657845959 -0.3478157657845959 -0.3478157657845959 -0.43078755476491404 -0.43078755476491404 -0.3478157657845959 -0.3742494640628821 -0.19888506729384528 -0.3478157657845959 -0.3478157657845959 -0.41897199989951445 -0.5023521700077409 -0.28743918845284816 -0.5596905092873998 -0.2810557040078787 -0.43078755476491404 -0.43078755476491404 -0.28743918845284816 -0.28743918845284816 -0.43078755476491404 -0.43078755476491404 -0.5023521700077409 -0.4269639815696264 -0.3478157657845959 -0.3478157657845959 -0.43078755476491404 -0.2810557040078787 -0.2810557040078787 -0.43078755476491404 -0.43078755476491404 -0.3478157657845959 -0.2457238361529283 -0.3478157657845959 -0.3478157657845959 -0.19888506729384528 -0.30465158591214453 -0.30465158591214453 -0.22713002994941628 -0.22812406892408477 -0.22713002994941628 -0.22812406892408477 -0.22713002994941628 -0.22812406892408477 -0.22713002994941628 -0.3962309228082263 -0.22812406892408477 -0.2457238361529283 -0.22713002994941628 -0.3478157657845959 -0.22713002994941628 -0.3478157657845959 -0.22812406892408477 -0.2910831897350783 -0.2910831897350783 -0.2910831897350783 -0.28112522574906906 -0.14576873237876967 -0.27120883402619844 -0.22713002994941628 -0.25982577480618435 -0.21409170335795727 -0.1995259280529714 -0.19736164869341716 -0.1821068647573436 -0.17614167262846486 -0.1739098427424842 -0.1627888159462234 -0.1627888159462234 -0.1627888159462234 -0.1627888159462234 -0.13493349044006586 -0.12960204680651732 -0.12190901523893742 -0.12190901523893742 -0.0820882152549233 -0.09868027573317253 -0.03281880387148894 -0.03281880387148894 -0.03281880387148894 -0.03883199429684344 -0.03883199429684344 -0.03928866302395971 -0.03281880387148894 -0.027831361676233755 -0.004454610170621243
-0.3478157657845959 -0.3478157657845959 -0.3478157657845959 -0.3478157657845959 -0.3478157657845959 -0.3478157657845959 -0.3478157657845959 -0.3478157657845959 -0.2810557040078787 -0.5512430657687283 -0.5512430657687283 -0.5512430657687283 -0.7063345930316043 -0.3478157657845959 -0.5512430657687283 -0.5512430657687283 -0.5512430657687283 -0.5512430657687283 -0.7040924035113907 -0.3478157657845959 -0.5512430657687283 -0.3478157657845959 -0.5512430657687283 -0.6736135877395865 -0.5512430657687283 -0.6463106917645653 -0.3478157657845959 -0.3478157657845959 -0.5959919044981549 -0.3478157657845959 -0.19888506729384528 -0.571985978082023 -0.5512430657687283 -0.3478157657845959 -0.3478157657845959 -0.28743918845284816 -0.3478157657845959 -0.2810557040078787 -0.3478157657845959 -0.3478157657845959 -0.28743918845284816 -0.28743918845284816 -0.3478157657845959 -0.3478157657845959 -0.3478157657845959 -0.3478157657845959 -0.5012997342240149 -0.49800844271249134 -0.3478157657845959 -0.2810557040078787 -0.2810557040078787 -0.3478157657845959 -0.3478157657845959 -0.4660818445009321 -0.2457238361529283 -0.44006304448803996 -0.45066558551392283 -0.19888506729384528 -0.30465158591214453 -0.30465158591214453 -0.22713002994941628 -0.22812406892408477 -0.22713002994941628 -0.22812406892408477 -0.22713002994941628 -0.22812406892408477 -0.22713002994941628 -0.3478157657845959 -0.22812406892408477 -0.2457238361529283 -0.22713002994941628 -0.36905128704578893 -0.22713002994941628 -0.34978606364198145 -0.22812406892408477 -0.2910831897350783 -0.2910831897350783 -0.2910831897350783 -0.28112522574906906 -0.14576873237876967 -0.27120883402619844 -0.22713002994941628 -0.25982577480618435 -0.21409170335795727 -0.1995259280529714 -0.19736164869341716 -0.1821068647573436 -0.17614167262846486 -0.1739098427424842 -0.1627888159462234 -0.1627888159462234 -0.1627888159462234 -0.1627888159462234 -0.13493349044006586 -0.12960204680651732 -0.12190901523893742 -0.12190901523893742 -0.0820882152549233 -0.09868027573317253 -0.03281880387148894 -0.03281880387148894 -0.03281880387148894 -0.03883199429684344 -0.03883199429684344 -0.03928866302395971 -0.03281880387148894 -0.027831361676233755 -0.004454610170621243
-0.3478157657845959 -0.3478157657845959 -0.3478157657845959 -0.3478157657845959 -0.3478157657845959 -0.3478157657845959 -0.3478157657845959 -0.3478157657845959 -0.2810557040078787 -0.6711989611519501 -0.6711989611519501 -0.6711989611519501 -0.6711989611519501 -0.3478157657845959 -0.6711989611519501 -0.6711989611519501 -0.6711989611519501 -0.6711989611519501 -0.6711989611519501 -0.3478157657845959 -0.6568867251360341 -0.3478157657845959 -0.6711989611519501 -0.6711989611519501 -0.6116113332488385 -0.6463106917645653 -0.3478157657845959 -0.3478157657845959 -0.6270135704462395 -0.3478157657845959 -0.19888506729384528 -0.6017555573625897 -0.582398966773178 -0.3478157657845959 -0.3478157657845959 -0.28743918845284816 -0.3478157657845959 -0.2810557040078787 -0.3478157657845959 -0.3478157657845959 -0.28743918845284816 -0.28743918845284816 -0.3478157657845959 -0.3478157657845959 -0.3478157657845959 -0.3478157657845959 -0.4686932544103909 -0.47301892908293836 -0.3478157657845959 -0.2810557040078787 -0.2810557040078787 -0.3478157657845959 -0.3478157657845959 -0.4584190234342771 -0.2457238361529283 -0.44006304448803996 -0.44988319435804547 -0.19888506729384528 -0.30465158591214453 -0.30465158591214453 -0.22713002994941628 -0.22812406892408477 -0.22713002994941628 -0.22812406892408477 -0.22713002994941628 -0.22812406892408477 -0.22713002994941628 -0.3478157657845959 -0.22812406892408477 -0.2457238361529283 -0.22713002994941628 -0.36905128704578893 -0.22713002994941628 -0.34978606364198145 -0.22812406892408477 -0.2910831897350783 -0.2910831897350783 -0.2910831897350783 -0.28112522574906906 -0.14576873237876967 -0.27120883402619844 -0.22713002994941628 -0.25982577480618435 -0.21409170335795727 -0.1995259280529714 -0.19736164869341716 -0.1821068647573436 -0.17614167262846486 -0.1739098427424842 -0.1627888159462234 -0.1627888159462234 -0.1627888159462234 -0.1627888159462234 -0.13493349044006586 -0.12960204680651732 -0.12190901523893742 -0.12190901523893742 -0.0820882152549233 -0.09868027573317253 -0.03281880387148894 -0.03281880387148894 -0.03281880387148894 -0.03883199429684344 -0.03883199429684344 -0.03928866302395971 -0.03281880387148894 -0.027831361676233755 -0.004454610170621243
-0.3478157657845959 -0.3478157657845959 -0.3478157657845959 -0.3478157657845959 -0.3478157657845959 -0.3478157657845959 -0.3478157657845959 -0.3478157657845959 -0.2810557040078787 -0.6694837912596724 -0.6694837912596724 -0.6694837912596724 -0.6694837912596724 -0.3478157657845959 -0.6694837912596724 -0.6694837912596724 -0.6694837912596724 -0.6694837912596724 -0.6694837912596724 -0.3478157657845959 -0.6568867251360341 -0.3478157657845959 -0.6694837912596724 -0.6694837912596724 -0.6116113332488385 -0.6463106917645653 -0.3478157657845959 -0.3478157657845959 -0.6270135704462395 -0.3478157657845959 -0.19888506729384528 -0.6017555573625897 -0.582398966773178 -0.3478157657845959 -0.3478157657845959 -0.28743918845284816 -0.3478157657845959 -0.2810557040078787 -0.3478157657845959 -0.3478157657845959 -0.28743918845284816 -0.28743918845284816 -0.3478157657845959 -0.3478157657845959 -0.3478157657845959 -0.3478157657845959 -0.4686932544103909 -0.47301892908293836 -0.3478157657845959 -0.2810557040078787 -0.2810557040078787 -0.3478157657845959 -0.3478157657845959 -0.4584190234342771 -0.2457238361529283 -0.44006304448803996 -0.44988319435804547 -0.19888506729384528 -0.30465158591214453 -0.30465158591214453 -0.22713002994941628 -0.22812406892408477 -0.22713002994941628 -0.22812406892408477 -0.22713002994941628 -0.22812406892408477 -0.22713002994941628 -0.3478157657845959 -0.22812406892408477 -0.2457238361529283 -0.22713002994941628 -0.36905128704578893 -0.22713002994941628 -0.34978606364198145 -0.22812406892408477 -0.2910831897350783 -0.2910831897350783 -0.2910831897350783 -0.28112522574906906 -0.14576873237876967 -0.27120883402619844 -0.22713002994941628 -0.25982577480618435 -0.21409170335795727 -0.1995259280529714 -0.19736164869341716 -0.1821068647573436 -0.17614167262846486 -0.1739098427424842 -0.1627888159462234 -0.1627888159462234 -0.1627888159462234 -0.1627888159462234 -0.13493349044006586 -0.12960204680651732 -0.12190901523893742 -0.12190901523893742 -0.0820882152549233 -0.09868027573317253 -0.03281880387148894 -0.03281880387148894 -0.03281880387148894 -0.03883199429684344 -0.03883199429684344 -0.03928866302395971 -0.03281880387148894 -0.027831361676233755 -0.004454610170621243
-0.3478157657845959 -0.3478157657845959 -0.3478157657845959 -0.3478157657845959 -0.3478157657845959 -0.3478157657845959 -0.3478157657845959 -0.3478157657845959 -0.2810557040078787 -0.6116113332488385 -0.6116113332488385 -0.6116113332488385 -0.6626232102312665 -0.3478157657845959 -0.6116113332488385 -0.6116113332488385 -0.6116113332488385 -0.6116113332488385 -0.6626232102312665 -0.3478157657845959 -0.6116113332488385 -0.3478157657845959 -0.6116113332488385 -0.6626232102312665 -0.6116113332488385 -0.6463106917645653 -0.3478157657845959 -0.3478157657845959 -0.6270135704462395 -0.3478157657845959 -0.19888506729384528 -0.6017555573625897 -0.582398966773178 -0.3478157657845959 -0.3478157657845959 -0.28743918845284816 -0.3478157657845959 -0.2810557040078787 -0.3478157657845959 -0.3478157657845959 -0.28743918845284816 -0.28743918845284816 -0.3478157657845959 -0.3478157657845959 -0.3478157657845959 -0.3478157657845959 -0.5012997342240149 -0.49800844271249134 -0.3478157657845959 -0.2810557040078787 -0.2810557040078787 -0.3478157657845959 -0.3478157657845959 -0.4584190234342771 -0.2457238361529283 -0.44006304448803996 -0.45066558551392283 -0.19888506729384528 -0.30465158591214453 -0.30465158591214453 -0.22713002994941628 -0.22812406892408477 -0.22713002994941628 -0.22812406892408477 -0.22713002994941628 -0.22812406892408477 -0.22713002994941628 -0.3478157657845959 -0.22812406892408477 -0.2457238361529283 -0.22713002994941628 -0.36905128704578893 -0.22713002994941628 -0.34978606364198145 -0.22812406892408477 -0.2910831897350783 -0.2910831897350783 -0.2910831897350783 -0.28112522574906906 -0.14576873237876967 -0.27120883402619844 -0.22713002994941628 -0.25982577480618435 -0.21409170335795727 -0.1995259280529714 -0.19736164869341716 -0.1821068647573436 -0.17614167262846486 -0.1739098427424842 -0.1627888159462234 -0.1627888159462234 -0.1627888159462234 -0.1627888159462234 -0.13493349044006586 -0.12960204680651732 -0.12190901523893742 -0.12190901523893742 -0.0820882152549233 -0.09868027573317253 -0.03281880387148894 -0.03281880387148894 -0.03281880387148894 -0.03883199429684344 -0.03883199429684344 -0.03928866302395971 -0.03281880387148894 -0.027831361676233755 -0.004454610170621243
-0.3478157657845959 -0.3478157657845959 -0.3478157657845959 -0.3478157657845959 -0.3478157657845959 -0.3478157657845959 -0.3478157657845959 -0.3478157657845959 -0.2810557040078787 -0.6581672779174851 -0.6581672779174851 -0.6581672779174851 -0.6581672779174851 -0.3478157657845959 -0.6581672779174851 -0.6581672779174851 -0.6581672779174851 -0.6581672779174851 -0.6581672779174851 -0.3478157657845959 -0.6568867251360341 -0.3478157657845959 -0.6581672779174851 -0.6581672779174851 -0.6116113332488385 -0.6463106917645653 -0.3478157657845959 -0.3478157657845959 -0.6270135704462395 -0.3478157657845959 -0.19888506729384528 -0.6017555573625897 -0.582398966773178 -0.3478157657845959 -0.3478157657845959 -0.28743918845284816 -0.3478157657845959 -0.2810557040078787 -0.3478157657845959 -0.3478157657845959 -0.28743918845284816 -0.28743918845284816 -0.3478157657845959 -0.3478157657845959 -0.3478157657845959 -0.3478157657845959 -0.4686932544103909 -0.47301892908293836 -0.3478157657845959 -0.2810557040078787 -0.2810557040078787 -0.3478157657845959 -0.3478157657845959 -0.4584190234342771 -0.2457238361529283 -0.44006304448803996 -0.44988319435804547 -0.19888506729384528 -0.30465158591214453 -0.30465158591214453 -0.22713002994941628 -0.22812406892408477 -0.22713002994941628 -0.22812406892408477 -0.22713002994941628 -0.22812406892408477 -0.22713002994941628 -0.3478157657845959 -0.22812406892408477 -0.2457238361529283 -0.22713002994941628 -0.36905128704578893 -0.22713002994941628 -0.34978606364198145 -0.22812406892408477 -0.2910831897350783 -0.2910831897350783 -0.2910831897350783 -0.28112522574906906 -0.14576873237876967 -0.27120883402619844 -0.22713002994941628 -0.25982577480618435 -0.21409170335795727 -0.1995259280529714 -0.19736164869341716 -0.1821068647573436 -0.17614167262846486 -0.1739098427424842 -0.1627888159462234 -0.1627888159462234 -0.1627888159462234 -0.1627888159462234 -0.13493349044006586 -0.12960204680651732 -0.12190901523893742 -0.12190901523893742 -0.0820882152549233 -0.09868027573317253 -0.03281880387148894 -0.03281880387148894 -0.03281880387148894 -0.03883199429684344 -0.03883199429684344 -0.03928866302395971 -0.03281880387148894 -0.027831361676233755 -0.004454610170621243
-0.3478157657845959 -0.3478157657845959 -0.3478157657845959 -0.3478157657845959 -0.3478157657845959 -0.3478157657845959 -0.3478157657845959 -0.3478157657845959 -0.2810557040078787 -0.6538422091626278 -0.6538422091626278 -0.6538422091626278 -0.5512430657687283 -0.3478157657845959 -0.6538422091626278 -0.6538422091626278 -0.6538422091626278 -0.6538422091626278 -0.5512430657687283 -0.3478157657845959 -0.6538422091626278 -0.3478157657845959 -0.6538422091626278 -0.5512430657687283 -0.6538422091626278 -0.5512430657687283 -0.3478157657845959 -0.3478157657845959 -0.5512430657687283 -0.3478157657845959 -0.19888506729384528 -0.5512430657687283 -0.5540045622617185 -0.3478157657845959 -0.3478157657845959 -0.28743918845284816 -0.3478157657845959 -0.2810557040078787 -0.3478157657845959 -0.3478157657845959 -0.28743918845284816 -0.28743918845284816 -0.3478157657845959 -0.3478157657845959 -0.3478157657845959 -0.3478157657845959 -0.4686932544103909 -0.47301892908293836 -0.3478157657845959 -0.2810557040078787 -0.2810557040078787 -0.3478157657845959 -0.3478157657845959 -0.4584190234342771 -0.2457238361529283 -0.44006304448803996 -0.44988319435804547 -0.19888506729384528 -0.30465158591214453 -0.30465158591214453 -0.22713002994941628 -0.22812406892408477 -0.22713002994941628 -0.22812406892408477 -0.22713002994941628 -0.22812406892408477 -0.22713002994941628 -0.3478157657845959 -0.22812406892408477 -0.2457238361529283 -0.22713002994941628 -0.36905128704578893 -0.22713002994941628 -0.34978606364198145 -0.22812406892408477 -0.2910831897350783 -0.2910831897350783 -0.2910831897350783 -0.28112522574906906 -0.14576873237876967 -0.27120883402619844 -0.22713002994941628 -0.25982577480618435 -0.21409170335795727 -0.1995259280529714 -0.19736164869341716 -0.1821068647573436 -0.17614167262846486 -0.1739098427424842 -0.1627888159462234 -0.1627888159462234 -0.1627888159462234 -0.1627888159462234 -0.13493349044006586 -0.12960204680651732 -0.12190901523893742 -0.12190901523893742 -0.0820882152549233 -0.09868027573317253 -0.03281880387148894 -0.03281880387148894 -0.03281880387148894 -0.03883199429684344 -0.03883199429684344 -0.03928866302395971 -0.03281880387148894 -0.027831361676233755 -0.004454610170621243
-0.2810557040078787 -0.2810557040078787 -0.2810557040078787 -0.2810557040078787 -0.2810557040078787 -0.2810557040078787 -0.2810557040078787 -0.2810557040078787 -0.29620029661053593 -0.2810557040078787 -0.2810557040078787 -0.2810557040078787 -0.2810557040078787 -0.2810557040078787 -0.2810557040078787 -0.2810557040078787 -0.2810557040078787 -0.2810557040078787 -0.2810557040078787 -0.2810557040078787 -0.2810557040078787 -0.2810557040078787 -0.2810557040078787 -0.2810557040078787 -0.2810557040078787 -0.2810557040078787 -0.2810557040078787 -0.2810557040078787 -0.2810557040078787 -0.2810557040078787 -0.19888506729384528 -0.2810557040078787 -0.2810557040078787 -0.2810557040078787 -0.2810557040078787 -0.2810557040078787 -0.2810557040078787 -0.3792465840228734 -0.2810557040078787 -0.2810557040078787 -0.2810557040078787 -0.2810557040078787 -0.2810557040078787 -0.2810557040078787 -0.2810557040078787 -0.2810557040078787 -0.2810557040078787 -0.2810557040078787 -0.2810557040078787 -0.3792465840228734 -0.3792465840228734 -0.2810557040078787 -0.2810557040078787 -0.2810557040078787 -0.2457238361529283 -0.2810557040078787 -0.2810557040078787 -0.19888506729384528 -0.2810557040078787 -0.2810557040078787 -0.22713002994941628 -0.22812406892408477 -0.22713002994941628 -0.22812406892408477 -0.22713002994941628 -0.22812406892408477 -0.22713002994941628 -0.2810557040078787 -0.22812406892408477 -0.2457238361529283 -0.22713002994941628 -0.2810557040078787 -0.22713002994941628 -0.2810557040078787 -0.22812406892408477 -0.2810557040078787 -0.2810557040078787 -0.2810557040078787 -0.2810557040078787 -0.14576873237876967 -0.27120883402619844 -0.22713002994941628 -0.25982577480618435 -0.21409170335795727 -0.1995259280529714 -0.19736164869341716 -0.1821068647573436 -0.17614167262846486 -0.1739098427424842 -0.1627888159462234 -0.1627888159462234 -0.1627888159462234 -0.1627888159462234 -0.13493349044006586 -0.12960204680651732 -0.12190901523893742 -0.12190901523893742 -0.0820882152549233 -0.09868027573317253 -0.03281880387148894 -0.03281880387148894 -0.03281880387148894 -0.03883199429684344 -0.03883199429684344 -0.03928866302395971 -0.03281880387148894 -0.027831361676233755 -0.004454610170621243
-0.19888506729384528 -0.19888506729384528 -0.19888506729384528 -0.19888506729384528 -0.19888506729384528 -0.19888506729384528 -0.19888506729384528 -0.19888506729384528 -0.19888506729384528 -0.19888506729384528 -0.19888506729384528 -0.19888506729384528 -0.19888506729384528 -0.19888506729384528 -0.19888506729384528 -0.19888506729384528 -0.19888506729384528 -0.19888506729384528 -0.19888506729384528 -0.19888506729384528 -0.19888506729384528 -0.19888506729384528 -0.19888506729384528 -0.19888506729384528 -0.19888506729384528 -0.19888506729384528 -0.19888506729384528 -0.19888506729384528 -0.19888506729384528 -0.19888506729384528 -0.6040424442141741 -0.19888506729384528 -0.19888506729384528 -0.19888506729384528 -0.19888506729384528 -0.19888506729384528 -0.19888506729384528 -0.19888506729384528 -0.19888506729384528 -0.19888506729384528 -0.19888506729384528 -0.19888506729384528 -0.19888506729384528 -0.19888506729384528 -0.19888506729384528 -0.19888506729384528 -0.19888506729384528 -0.19888506729384528 -0.19888506729384528 -0.19888506729384528 -0.19888506729384528 -0.19888506729384528 -0.19888506729384528 -0.19888506729384528 -0.19888506729384528 -0.19888506729384528 -0.19888506729384528 -0.44305204545706006 -0.19888506729384528 -0.19888506729384528 -0.19888506729384528 -0.19888506729384528 -0.19888506729384528 -0.19888506729384528 -0.19888506729384528 -0.19888506729384528 -0.19888506729384528 -0.19888506729384528 -0.19888506729384528 -0.19888506729384528 -0.19888506729384528 -0.19888506729384528 -0.19888506729384528 -0.19888506729384528 -0.19888506729384528 -0.19888506729384528 -0.19888506729384528 -0.19888506729384528 -0.19888506729384528 -0.14576873237876967 -0.19888506729384528 -0.19888506729384528 -0.19888506729384528 -0.19888506729384528 -0.19888506729384528 -0.19736164869341716 -0.1821068647573436 -0.17614167262846486 -0.1739098427424842 -0.1627888159462234 -0.1627888159462234 -0.1627888159462234 -0.1627888159462234 -0.13493349044006586 -0.12960204680651732 -0.12190901523893742 -0.12190901523893742 -0.0820882152549233 -0.09868027573317253 -0.03281880387148894 -0.03281880387148894 -0.03281880387148894 -0.03883199429684344 -0.03883199429684344 -0.03928866302395971 -0.03281880387148894 -0.027831361676233755 -0.004454610170621243
-0.4920997726369036 -0.4920997726369036 -0.4920997726369036 -0.4920997726369036 -0.4920997726369036 -0.4920997726369036 -0.4920997726369036 -0.4920997726369036 -0.2810557040078787 -0.3478157657845959 -0.3478157657845959 -0.3478157657845959 -0.3478157657845959 -0.4920997726369036 -0.3478157657845959 -0.3478157657845959 -0.3478157657845959 -0.3478157657845959 -0.3478157657845959 -0.4920997726369036 -0.3478157657845959 -0.4920997726369036 -0.3478157657845959 -0.3478157657845959 -0.3478157657845959 -0.3478157657845959 -0.43078755476491404 -0.43078755476491404 -0.3478157657845959 -0.3742494640628821 -0.19888506729384528 -0.3478157657845959 -0.3478157657845959 -0.41897199989951445 -0.4920997726369036 -0.28743918845284816 -0.4920997726369036 -0.2810557040078787 -0.43078755476491404 -0.43078755476491404 -0.28743918845284816 -0.28743918845284816 -0.43078755476491404 -0.43078755476491404 -0.4920997726369036 -0.4269639815696264 -0.3478157657845959 -0.3478157657845959 -0.43078755476491404 -0.2810557040078787 -0.2810557040078787 -0.43078755476491404 -0.43078755476491404 -0.3478157657845959 -0.2457238361529283 -0.3478157657845959 -0.3478157657845959 -0.19888506729384528 -0.30465158591214453 -0.30465158591214453 -0.22713002994941628 -0.22812406892408477 -0.22713002994941628 -0.22812406892408477 -0.22713002994941628 -0.22812406892408477 -0.22713002994941628 -0.3962309228082263 -0.22812406892408477 -0.2457238361529283 -0.22713002994941628 -0.3478157657845959 -0.22713002994941628 -0.3478157657845959 -0.22812406892408477 -0.2910831897350783 -0.2910831897350783 -0.2910831897350783 -0.28112522574906906 -0.14576873237876967 -0.27120883402619844 -0.22713002994941628 -0.25982577480618435 -0.21409170335795727 -0.1995259280529714 -0.19736164869341716 -0.1821068647573436 -0.17614167262846486 -0.1739098427424842 -0.1627888159462234 -0.1627888159462234 -0.1627888159462234 -0.1627888159462234 -0.13493349044006586 -0.12960204680651732 -0.12190901523893742 -0.12190901523893742 -0.0820882152549233 -0.09868027573317253 -0.03281880387148894 -0.03281880387148894 -0.03281880387148894 -0.03883199429684344 -0.03883199429684344 -0.03928866302395971 -0.03281880387148894 -0.027831361676233755 -0.004454610170621243
-0.27120883402619844 -0.27120883402619844 -0.27120883402619844 -0.27120883402619844 -0.27120883402619844 -0.27120883402619844 -0.27120883402619844 -0.27120883402619844 -0.27120883402619844 -0.27120883402619844 -0.27120883402619844 -0.27120883402619844 -0.27120883402619844 -0.27120883402619844 -0.27120883402619844 -0.27120883402619844 -0.27120883402619844 -0.27120883402619844 -0.27120883402619844 -0.27120883402619844 -0.27120883402619844 -0.27120883402619844 -0.27120883402619844 -0.27120883402619844 -0.27120883402619844 -0.27120883402619844 -0.27120883402619844 -0.27120883402619844 -0.27120883402619844 -0.27120883402619844 -0.19888506729384528 -0.27120883402619844 -0.27120883402619844 -0.27120883402619844 -0.27120883402619844 -0.27120883402619844 -0.27120883402619844 -0.27120883402619844 -0.27120883402619844 -0.27120883402619844 -0.27120883402619844 -0.27120883402619844 -0.27120883402619844 -0.27120883402619844 -0.27120883402619844 -0.27120883402619844 -0.27120883402619844 -0.27120883402619844 -0.27120883402619844 -0.27120883402619844 -0.27120883402619844 -0.27120883402619844 -0.27120883402619844 -0.27120883402619844 -0.2457238361529283 -0.27120883402619844 -0.27120883402619844 -0.19888506729384528 -0.27120883402619844 -0.27120883402619844 -0.22713002994941628 -0.22812406892408477 -0.22713002994941628 -0.22812406892408477 -0.22713002994941628 -0.22812406892408477 -0.22713002994941628 -0.27120883402619844 -0.22812406892408477 -0.2457238361529283 -0.22713002994941628 -0.27120883402619844 -0.22713002994941628 -0.27120883402619844 -0.22812406892408477 -0.27120883402619844 -0.27120883402619844 -0.27120883402619844 -0.27120883402619844 -0.14576873237876967 -0.27120883402619844 -0.22713002994941628 -0.25982577480618435 -0.21409170335795727 -0.1995259280529714 -0.19736164869341716 -0.1821068647573436 -0.17614167262846486 -0.1739098427424842 -0.1627888159462234 -0.1627888159462234 -0.1627888159462234 -0.1627888159462234 -0.13493349044006586 -0.12960204680651732 -0.12190901523893742 -0.12190901523893742 -0.0820882152549233 -0.09868027573317253 -0.03281880387148894 -0.03281880387148894 -0.03281880387148894 -0.03883199429684344 -0.03883199429684344 -0.03928866302395971 -0.03281880387148894 -0.027831361676233755 -0.004454610170621243
-0.4920997726369036 -0.4920997726369036 -0.4920997726369036 -0.4920997726369036 -0.4920997726369036 -0.4920997726369036 -0.4920997726369036 -0.4920997726369036 -0.2810557040078787 -0.3478157657845959 -0.3478157657845959 -0.3478157657845959 -0.3478157657845959 -0.4920997726369036 -0.3478157657845959 -0.3478157657845959 -0.3478157657845959 -0.3478157657845959 -0.3478157657845959 -0.4920997726369036 -0.3478157657845959 -0.4920997726369036 -0.3478157657845959 -0.3478157657845959 -0.3478157657845959 -0.3478157657845959 -0.43078755476491404 -0.43078755476491404 -0.3478157657845959 -0.3742494640628821 -0.19888506729384528 -0.3478157657845959 -0.3478157657845959 -0.41897199989951445 -0.4920997726369036 -0.28743918845284816 -0.4920997726369036 -0.2810557040078787 -0.43078755476491404 -0.43078755476491404 -0.28743918845284816 -0.28743918845284816 -0.43078755476491404 -0.43078755476491404 -0.4920997726369036 -0.4269639815696264 -0.3478157657845959 -0.3478157657845959 -0.43078755476491404 -0.2810557040078787 -0.2810557040078787 -0.43078755476491404 -0.43078755476491404 -0.3478157657845959 -0.2457238361529283 -0.3478157657845959 -0.3478157657845959 -0.19888506729384528 -0.30465158591214453 -0.30465158591214453 -0.22713002994941628 -0.22812406892408477 -0.22713002994941628 -0.22812406892408477 -0.22713002994941628 -0.22812406892408477 -0.22713002994941628 -0.3962309228082263 -0.22812406892408477 -0.2457238361529283 -0.22713002994941628 -0.3478157657845959 -0.22713002994941628 -0.3478157657845959 -0.22812406892408477 -0.2910831897350783 -0.2910831897350783 -0.2910831897350783 -0.28112522574906906 -0.14576873237876967 -0.27120883402619844 -0.22713002994941628 -0.25982577480618435 -0.21409170335795727 -0.1995259280529714 -0.19736164869341716 -0.1821068647573436 -0.17614167262846486 -0.1739098427424842 -0.1627888159462234 -0.1627888159462234 -0.1627888159462234 -0.1627888159462234 -0.13493349044006586 -0.12960204680651732 -0.12190901523893742 -0.12190901523893742 -0.0820882152549233 -0.09868027573317253 -0.03281880387148894 -0.03281880387148894 -0.03281880387148894 -0.03883199429684344 -0.03883199429684344 -0.03928866302395971 -0.03281880387148894 -0.027831361676233755 -0.004454610170621243
-0.2810557040078787 -0.2810557040078787 -0.2810557040078787 -0.2810557040078787 -0.2810557040078787 -0.2810557040078787 -0.2810557040078787 -0.2810557040078787 -0.2810557040078787 -0.2810557040078787 -0.2810557040078787 -0.2810557040078787 -0.2810557040078787 -0.2810557040078787 -0.2810557040078787 -0.2810557040078787 -0.2810557040078787 -0.2810557040078787 -0.2810557040078787 -0.2810557040078787 -0.2810557040078787 -0.2810557040078787 -0.2810557040078787 -0.2810557040078787 -0.2810557040078787 -0.2810557040078787 -0.2810557040078787 -0.2810557040078787 -0.2810557040078787 -0.2810557040078787 -0.19888506729384528 -0.2810557040078787 -0.2810557040078787 -0.2810557040078787 -0.2810557040078787 -0.2810557040078787 -0.2810557040078787 -0.2810557040078787 -0.2810557040078787 -0.2810557040078787 -0.2810557040078787 -0.2810557040078787 -0.2810557040078787 -0.2810557040078787 -0.2810557040078787 -0.2810557040078787 -0.2810557040078787 -0.2810557040078787 -0.2810557040078787 -0.2810557040078787 -0.2810557040078787 -0.2810557040078787 -0.2810557040078787 -0.2810557040078787 -0.2457238361529283 -0.2810557040078787 -0.2810557040078787 -0.19888506729384528 -0.2810557040078787 -0.2810557040078787 -0.22713002994941628 -0.22812406892408477 -0.22713002994941628 -0.22812406892408477 -0.22713002994941628 -0.22812406892408477 -0.22713002994941628 -0.2810557040078787 -0.22812406892408477 -0.2457238361529283 -0.22713002994941628 -0.2810557040078787 -0.22713002994941628 -0.2810557040078787 -0.22812406892408477 -0.2810557040078787 -0.2810557040078787 -0.2810557040078787 -0.2810557040078787 -0.14576873237876967 -0.27120883402619844 -0.22713002994941628 -0.25982577480618435 -0.21409170335795727 -0.1995259280529714 -0.19736164869341716 -0.1821068647573436 -0.17614167262846486 -0.1739098427424842 -0.1627888159462234 -0.1627888159462234 -0.1627888159462234 -0.1627888159462234 -0.13493349044006586 -0.12960204680651732 -0.12190901523893742 -0.12190901523893742 -0.0820882152549233 -0.09868027573317253 -0.03281880387148894 -0.03281880387148894 -0.03281880387148894 -0.03883199429684344 -0.03883199429684344 -0.03928866302395971 -0.03281880387148894 -0.027831361676233755 -0.004454610170621243
-0.43078755476491404 -0.43078755476491404 -0.43078755476491404 -0.43078755476491404 -0.43078755476491404 -0.43078755476491404 -0.43078755476491404 -0.43078755476491404 -0.2810557040078787 -0.3478157657845959 -0.3478157657845959 -0.3478157657845959 -0.3478157657845959 -0.43078755476491404 -0.3478157657845959 -0.3478157657845959 -0.3478157657845959 -0.3478157657845959 -0.3478157657845959 -0.43078755476491404 -0.3478157657845959 -0.43078755476491404 -0.3478157657845959 -0.3478157657845959 -0.3478157657845959 -0.3478157657845959 -0.5780315521662581 -0.5780315521662581 -0.3478157657845959 -0.3742494640628821 -0.19888506729384528 -0.3478157657845959 -0.3478157657845959 -0.41897199989951445 -0.43078755476491404 -0.28743918845284816 -0.43078755476491404 -0.2810557040078787 -0.48491219158481524 -0.48491219158481524 -0.28743918845284816 -0.28743918845284816 -0.5376739638097429 -0.5335514292031845 -0.43078755476491404 -0.4269639815696264 -0.3478157657845959 -0.3478157657845959 -0.48220523252169883 -0.2810557040078787 -0.2810557040078787 -0.4706439755746761 -0.4704588473821374 -0.3478157657845959 -0.2457238361529283 -0.3478157657845959 -0.3478157657845959 -0.19888506729384528 -0.30465158591214453 -0.30465158591214453 -0.22713002994941628 -0.22812406892408477 -0.22713002994941628 -0.22812406892408477 -0.22713002994941628 -0.22812406892408477 -0.22713002994941628 -0.3962309228082263 -0.22812406892408477 -0.2457238361529283 -0.22713002994941628 -0.3478157657845959 -0.22713002994941628 -0.3478157657845959 -0.22812406892408477 -0.2910831897350783 -0.2910831897350783 -0.2910831897350783 -0.28112522574906906 -0.14576873237876967 -0.27120883402619844 -0.22713002994941628 -0.25982577480618435 -0.21409170335795727 -0.1995259280529714 -0.19736164869341716 -0.1821068647573436 -0.17614167262846486 -0.1739098427424842 -0.1627888159462234 -0.1627888159462234 -0.1627888159462234 -0.1627888159462234 -0.13493349044006586 -0.12960204680651732 -0.12190901523893742 -0.12190901523893742 -0.0820882152549233 -0.09868027573317253 -0.03281880387148894 -0.03281880387148894 -0.03281880387148894 -0.03883199429684344 -0.03883199429684344 -0.03928866302395971 -0.03281880387148894 -0.027831361676233755 -0.004454610170621243
-0.43078755476491404 -0.43078755476491404 -0.43078755476491404 -0.43078755476491404 -0.43078755476491404 -0.43078755476491404 -0.43078755476491404 -0.43078755476491404 -0.2810557040078787 -0.3478157657845959 -0.3478157657845959 -0.3478157657845959 -0.3478157657845959 -0.43078755476491404 -0.3478157657845959 -0.3478157657845959 -0.3478157657845959 -0.3478157657845959 -0.3478157657845959 -0.43078755476491404 -0.3478157657845959 -0.43078755476491404 -0.3478157657845959 -0.3478157657845959 -0.3478157657845959 -0.3478157657845959 -0.5464286486199021 -0.5464286486199021 -0.3478157657845959 -0.3742494640628821 -0.19888506729384528 -0.3478157657845959 -0.3478157657845959 -0.41897199989951445 -0.43078755476491404 -0.28743918845284816 -0.43078755476491404 -0.2810557040078787 -0.48491219158481524 -0.48491219158481524 -0.28743918845284816 -0.28743918845284816 -0.5322511782638676 -0.5322511782638676 -0.43078755476491404 -0.4269639815696264 -0.3478157657845959 -0.3478157657845959 -0.48220523252169883 -0.2810557040078787 -0.2810557040078787 -0.4706439755746761 -0.4704588473821374 -0.3478157657845959 -0.2457238361529283 -0.3478157657845959 -0.3478157657845959 -0.19888506729384528 -0.30465158591214453 -0.30465158591214453 -0.22713002994941628 -0.22812406892408477 -0.22713002994941628 -0.22812406892408477 -0.22713002994941628 -0.22812406892408477 -0.22713002994941628 -0.3962309228082263 -0.22812406892408477 -0.2457238361529283 -0.22713002994941628 -0.3478157657845959 -0.22713002994941628 -0.3478157657845959 -0.22812406892408477 -0.2910831897350783 -0.2910831897350783 -0.2910831897350783 -0.28112522574906906 -0.14576873237876967 -0.27120883402619844 -0.22713002994941628 -0.25982577480618435 -0.21409170335795727 -0.1995259280529714 -0.19736164869341716 -0.1821068647573436 -0.17614167262846486 -0.1739098427424842 -0.1627888159462234 -0.1627888159462234 -0.1627888159462234 -0.1627888159462234 -0.13493349044006586 -0.12960204680651732 -0.12190901523893742 -0.12190901523893742 -0.0820882152549233 -0.09868027573317253 -0.03281880387148894 -0.03281880387148894 -0.03281880387148894 -0.03883199429684344 -0.03883199429684344 -0.03928866302395971 -0.03281880387148894 -0.027831361676233755 -0.004454610170621243
-0.4920997726369036 -0.4920997726369036 -0.4920997726369036 -0.4920997726369036 -0.5023521700077409 -0.4920997726369036 -0.5460282046969286 -0.5023521700077409 -0.2810557040078787 -0.4686932544103909 -0.4686932544103909 -0.4686932544103909 -0.4686932544103909 -0.4920997726369036 -0.4686932544103909 -0.4686932544103909 -0.4686932544103909 -0.4686932544103909 -0.4686932544103909 -0.4920997726369036 -0.4686932544103909 -0.5460282046969286 -0.4686932544103909 -0.4686932544103909 -0.4686932544103909 -0.4686932544103909 -0.43078755476491404 -0.43078755476491404 -0.4686932544103909 -0.3742494640628821 -0.19888506729384528 -0.4686932544103909 -0.4686932544103909 -0.41897199989951445 -0.5460282046969286 -0.28743918845284816 -0.49741746920515423 -0.2810557040078787 -0.43078755476491404 -0.43078755476491404 -0.28743918845284816 -0.28743918845284816 -0.43078755476491404 -0.43078755476491404 -0.5212909093920722 -0.4269639815696264 -0.5012997342240149 -0.4686932544103909 -0.43078755476491404 -0.2810557040078787 -0.2810557040078787 -0.43078755476491404 -0.43078755476491404 -0.4660818445009321 -0.2457238361529283 -0.45166394764185996 -0.44988319435804547 -0.19888506729384528 -0.30465158591214453 -0.30465158591214453 -0.22713002994941628 -0.22812406892408477 -0.22713002994941628 -0.22812406892408477 -0.22713002994941628 -0.22812406892408477 -0.22713002994941628 -0.40176332073031623 -0.22812406892408477 -0.2457238361529283 -0.22713002994941628 -0.3709232509846098 -0.22713002994941628 -0.35348798979355545 -0.22812406892408477 -0.2910831897350783 -0.2910831897350783 -0.2910831897350783 -0.28112522574906906 -0.14576873237876967 -0.27120883402619844 -0.22713002994941628 -0.25982577480618435 -0.21409170335795727 -0.1995259280529714 -0.19736164869341716 -0.1821068647573436 -0.17614167262846486 -0.1739098427424842 -0.1627888159462234 -0.1627888159462234 -0.1627888159462234 -0.1627888159462234 -0.13493349044006586 -0.12960204680651732 -0.12190901523893742 -0.12190901523893742 -0.0820882152549233 -0.09868027573317253 -0.03281880387148894 -0.03281880387148894 -0.03281880387148894 -0.03883199429684344 -0.03883199429684344 -0.03928866302395971 -0.03281880387148894 -0.027831361676233755 -0.004454610170621243
-0.43078755476491404 -0.43078755476491404 -0.43078755476491404 -0.43078755476491404 -0.43078755476491404 -0.43078755476491404 -0.43078755476491404 -0.43078755476491404 -0.2810557040078787 -0.3478157657845959 -0.3478157657845959 -0.3478157657845959 -0.3478157657845959 -0.43078755476491404 -0.3478157657845959 -0.3478157657845959 -0.3478157657845959 -0.3478157657845959 -0.3478157657845959 -0.43078755476491404 -0.3478157657845959 -0.43078755476491404 -0.3478157657845959 -0.3478157657845959 -0.3478157657845959 -0.3478157657845959 -0.5275234605962742 -0.5275234605962742 -0.3478157657845959 -0.3742494640628821 -0.19888506729384528 -0.3478157657845959 -0.3478157657845959 -0.41897199989951445 -0.43078755476491404 -0.28743918845284816 -0.43078755476491404 -0.2810557040078787 -0.44114776996581384 -0.44114776996581384 -0.28743918845284816 -0.28743918845284816 -0.44114776996581384 -0.44114776996581384 -0.43078755476491404 -0.4269639815696264 -0.3478157657845959 -0.3478157657845959 -0.44114776996581384 -0.2810557040078787 -0.2810557040078787 -0.44114776996581384 -0.44114776996581384 -0.3478157657845959 -0.2457238361529283 -0.3478157657845959 -0.3478157657845959 -0.19888506729384528 -0.30465158591214453 -0.30465158591214453 -0.22713002994941628 -0.22812406892408477 -0.22713002994941628 -0.22812406892408477 -0.22713002994941628 -0.22812406892408477 -0.22713002994941628 -0.3962309228082263 -0.22812406892408477 -0.2457238361529283 -0.22713002994941628 -0.3478157657845959 -0.22713002994941628 -0.3478157657845959 -0.22812406892408477 -0.2910831897350783 -0.2910831897350783 -0.2910831897350783 -0.28112522574906906 -0.14576873237876967 -0.27120883402619844 -0.22713002994941628 -0.25982577480618435 -0.21409170335795727 -0.1995259280529714 -0.19736164869341716 -0.1821068647573436 -0.17614167262846486 -0.1739098427424842 -0.1627888159462234 -0.1627888159462234 -0.1627888159462234 -0.1627888159462234 -0.13493349044006586 -0.12960204680651732 -0.12190901523893742 -0.12190901523893742 -0.0820882152549233 -0.09868027573317253 -0.03281880387148894 -0.03281880387148894 -0.03281880387148894 -0.03883199429684344 -0.03883199429684344 -0.03928866302395971 -0.03281880387148894 -0.027831361676233755 -0.004454610170621243
-0.43078755476491404 -0.43078755476491404 -0.43078755476491404 -0.43078755476491404 -0.43078755476491404 -0.43078755476491404 -0.43078755476491404 -0.43078755476491404 -0.2810557040078787 -0.3478157657845959 -0.3478157657845959 -0.3478157657845959 -0.3478157657845959 -0.43078755476491404 -0.3478157657845959 -0.3478157657845959 -0.3478157657845959 -0.3478157657845959 -0.3478157657845959 -0.43078755476491404 -0.3478157657845959 -0.43078755476491404 -0.3478157657845959 -0.3478157657845959 -0.3478157657845959 -0.3478157657845959 -0.44114776996581384 -0.44114776996581384 -0.3478157657845959 -0.3742494640628821 -0.19888506729384528 -0.3478157657845959 -0.3478157657845959 -0.41897199989951445 -0.43078755476491404 -0.28743918845284816 -0.43078755476491404 -0.2810557040078787 -0.5218109215193903 -0.5218109215193903 -0.28743918845284816 -0.28743918845284816 -0.5218109215193903 -0.5218109215193903 -0.43078755476491404 -0.4269639815696264 -0.3478157657845959 -0.3478157657845959 -0.48443673562557354 -0.2810557040078787 -0.2810557040078787 -0.4706439755746761 -0.46771039693982036 -0.3478157657845959 -0.2457238361529283 -0.3478157657845959 -0.3478157657845959 -0.19888506729384528 -0.30465158591214453 -0.30465158591214453 -0.22713002994941628 -0.22812406892408477 -0.22713002994941628 -0.22812406892408477 -0.22713002994941628 -0.22812406892408477 -0.22713002994941628 -0.3962309228082263 -0.22812406892408477 -0.2457238361529283 -0.22713002994941628 -0.3478157657845959 -0.22713002994941628 -0.3478157657845959 -0.22812406892408477 -0.2910831897350783 -0.2910831897350783 -0.2910831897350783 -0.28112522574906906 -0.14576873237876967 -0.27120883402619844 -0.22713002994941628 -0.25982577480618435 -0.21409170335795727 -0.1995259280529714 -0.19736164869341716 -0.1821068647573436 -0.17614167262846486 -0.1739098427424842 -0.1627888159462234 -0.1627888159462234 -0.1627888159462234 -0.1627888159462234 -0.13493349044006586 -0.12960204680651732 -0.12190901523893742 -0.12190901523893742 -0.0820882152549233 -0.09868027573317253 -0.03281880387148894 -0.03281880387148894 -0.03281880387148894 -0.03883199429684344 -0.03883199429684344 -0.03928866302395971 -0.03281880387148894 -0.027831361676233755 -0.004454610170621243
-0.2910831897350783 -0.2910831897350783 -0.2910831897350783 -0.2910831897350783 -0.2910831897350783 -0.2910831897350783 -0.2910831897350783 -0.2910831897350783 -0.2810557040078787 -0.2910831897350783 -0.2910831897350783 -0.2910831897350783 -0.2910831897350783 -0.2910831897350783 -0.2910831897350783 -0.2910831897350783 -0.2910831897350783 -0.2910831897350783 -0.2910831897350783 -0.2910831897350783 -0.2910831897350783 -0.2910831897350783 -0.2910831897350783 -0.2910831897350783 -0.2910831897350783 -0.2910831897350783 -0.2910831897350783 -0.2910831897350783 -0.2910831897350783 -0.2910831897350783 -0.19888506729384528 -0.2910831897350783 -0.2910831897350783 -0.2910831897350783 -0.2910831897350783 -0.28743918845284816 -0.2910831897350783 -0.2810557040078787 -0.2910831897350783 -0.2910831897350783 -0.28743918845284816 -0.28743918845284816 -0.2910831897350783 -0.2910831897350783 -0.2910831897350783 -0.2910831897350783 -0.2910831897350783 -0.2910831897350783 -0.2910831897350783 -0.2810557040078787 -0.2810557040078787 -0.2910831897350783 -0.2910831897350783 -0.2910831897350783 -0.2457238361529283 -0.2910831897350783 -0.2910831897350783 -0.19888506729384528 -0.2910831897350783 -0.2910831897350783 -0.22713002994941628 -0.22812406892408477 -0.22713002994941628 -0.22812406892408477 -0.22713002994941628 -0.22812406892408477 -0.22713002994941628 -0.2910831897350783 -0.22812406892408477 -0.2457238361529283 -0.22713002994941628 -0.2910831897350783 -0.22713002994941628 -0.2910831897350783 -0.22812406892408477 -0.2910831897350783 -0.2910831897350783 -0.2910831897350783 -0.28112522574906906 -0.14576873237876967 -0.27120883402619844 -0.22713002994941628 -0.25982577480618435 -0.21409170335795727 -0.1995259280529714 -0.19736164869341716 -0.1821068647573436 -0.17614167262846486 -0.1739098427424842 -0.1627888159462234 -0.1627888159462234 -0.1627888159462234 -0.1627888159462234 -0.13493349044006586 -0.12960204680651732 -0.12190901523893742 -0.12190901523893742 -0.0820882152549233 -0.09868027573317253 -0.03281880387148894 -0.03281880387148894 -0.03281880387148894 -0.03883199429684344 -0.03883199429684344 -0.03928866302395971 -0.03281880387148894 -0.027831361676233755 -0.004454610170621243
-0.49972750819048883 -0.49972750819048883 -0.49972750819048883 -0.49972750819048883 -0.4920997726369036 -0.49972750819048883 -0.4920997726369036 -0.4920997726369036 -0.2810557040078787 -0.3478157657845959 -0.3478157657845959 -0.3478157657845959 -0.3478157657845959 -0.49972750819048883 -0.3478157657845959 -0.3478157657845959 -0.3478157657845959 -0.3478157657845959 -0.3478157657845959 -0.49972750819048883 -0.3478157657845959 -0.4920997726369036 -0.3478157657845959 -0.3478157657845959 -0.3478157657845959 -0.3478157657845959 -0.43078755476491404 -0.43078755476491404 -0.3478157657845959 -0.3742494640628821 -0.19888506729384528 -0.3478157657845959 -0.3478157657845959 -0.41897199989951445 -0.4920997726369036 -0.28743918845284816 -0.4920997726369036 -0.2810557040078787 -0.43078755476491404 -0.43078755476491404 -0.28743918845284816 -0.28743918845284816 -0.43078755476491404 -0.43078755476491404 -0.4920997726369036 -0.4269639815696264 -0.3478157657845959 -0.3478157657845959 -0.43078755476491404 -0.2810557040078787 -0.2810557040078787 -0.43078755476491404 -0.43078755476491404 -0.3478157657845959 -0.2457238361529283 -0.3478157657845959 -0.3478157657845959 -0.19888506729384528 -0.30465158591214453 -0.30465158591214453 -0.22713002994941628 -0.22812406892408477 -0.22713002994941628 -0.22812406892408477 -0.22713002994941628 -0.22812406892408477 -0.22713002994941628 -0.3962309228082263 -0.22812406892408477 -0.2457238361529283 -0.22713002994941628 -0.3478157657845959 -0.22713002994941628 -0.3478157657845959 -0.22812406892408477 -0.2910831897350783 -0.2910831897350783 -0.2910831897350783 -0.28112522574906906 -0.14576873237876967 -0.27120883402619844 -0.22713002994941628 -0.25982577480618435 -0.21409170335795727 -0.1995259280529714 -0.19736164869341716 -0.1821068647573436 -0.17614167262846486 -0.1739098427424842 -0.1627888159462234 -0.1627888159462234 -0.1627888159462234 -0.1627888159462234 -0.13493349044006586 -0.12960204680651732 -0.12190901523893742 -0.12190901523893742 -0.0820882152549233 -0.09868027573317253 -0.03281880387148894 -0.03281880387148894 -0.03281880387148894 -0.03883199429684344 -0.03883199429684344 -0.03928866302395971 -0.03281880387148894 -0.027831361676233755 -0.004454610170621243
-0.49908750345192004 -0.49908750345192004 -0.49908750345192004 -0.49908750345192004 -0.4920997726369036 -0.49908750345192004 -0.4920997726369036 -0.4920997726369036 -0.2810557040078787 -0.3478157657845959 -0.3478157657845959 -0.3478157657845959 -0.3478157657845959 -0.49908750345192004 -0.3478157657845959 -0.3478157657845959 -0.3478157657845959 -0.3478157657845959 -0.3478157657845959 -0.49908750345192004 -0.3478157657845959 -0.4920997726369036 -0.3478157657845959 -0.3478157657845959 -0.3478157657845959 -0.3478157657845959 -0.43078755476491404 -0.43078755476491404 -0.3478157657845959 -0.3742494640628821 -0.19888506729384528 -0.3478157657845959 -0.3478157657845959 -0.41897199989951445 -0.4920997726369036 -0.28743918845284816 -0.4920997726369036 -0.2810557040078787 -0.43078755476491404 -0.43078755476491404 -0.28743918845284816 -0.28743918845284816 -0.43078755476491404 -0.43078755476491404 -0.4920997726369036 -0.4269639815696264 -0.3478157657845959 -0.3478157657845959 -0.43078755476491404 -0.2810557040078787 -0.2810557040078787 -0.43078755476491404 -0.43078755476491404 -0.3478157657845959 -0.2457238361529283 -0.3478157657845959 -0.3478157657845959 -0.19888506729384528 -0.30465158591214453 -0.30465158591214453 -0.22713002994941628 -0.22812406892408477 -0.22713002994941628 -0.22812406892408477 -0.22713002994941628 -0.22812406892408477 -0.22713002994941628 -0.3962309228082263 -0.22812406892408477 -0.2457238361529283 -0.22713002994941628 -0.3478157657845959 -0.22713002994941628 -0.3478157657845959 -0.22812406892408477 -0.2910831897350783 -0.2910831897350783 -0.2910831897350783 -0.28112522574906906 -0.14576873237876967 -0.27120883402619844 -0.22713002994941628 -0.25982577480618435 -0.21409170335795727 -0.1995259280529714 -0.19736164869341716 -0.1821068647573436 -0.17614167262846486 -0.1739098427424842 -0.1627888159462234 -0.1627888159462234 -0.1627888159462234 -0.1627888159462234 -0.13493349044006586 -0.12960204680651732 -0.12190901523893742 -0.12190901523893742 -0.0820882152549233 -0.09868027573317253 -0.03281880387148894 -0.03281880387148894 -0.03281880387148894 -0.03883199429684344 -0.03883199429684344 -0.03928866302395971 -0.03281880387148894 -0.027831361676233755 -0.004454610170621243
-0.4734870602327816 -0.4734870602327816 -0.4734870602327816 -0.4734870602327816 -0.4734870602327816 -0.4734870602327816 -0.4734870602327816 -0.4734870602327816 -0.2810557040078787 -0.3478157657845959 -0.3478157657845959 -0.3478157657845959 -0.3478157657845959 -0.4734870602327816 -0.3478157657845959 -0.3478157657845959 -0.3478157657845959 -0.3478157657845959 -0.3478157657845959 -0.4734870602327816 -0.3478157657845959 -0.4734870602327816 -0.3478157657845959 -0.3478157657845959 -0.3478157657845959 -0.3478157657845959 -0.43078755476491404 -0.43078755476491404 -0.3478157657845959 -0.3742494640628821 -0.19888506729384528 -0.3478157657845959 -0.3478157657845959 -0.41897199989951445 -0.4734870602327816 -0.28743918845284816 -0.4734870602327816 -0.2810557040078787 -0.43078755476491404 -0.43078755476491404 -0.28743918845284816 -0.28743918845284816 -0.43078755476491404 -0.43078755476491404 -0.4734870602327816 -0.4269639815696264 -0.3478157657845959 -0.3478157657845959 -0.43078755476491404 -0.2810557040078787 -0.2810557040078787 -0.43078755476491404 -0.43078755476491404 -0.3478157657845959 -0.2457238361529283 -0.3478157657845959 -0.3478157657845959 -0.19888506729384528 -0.30465158591214453 -0.30465158591214453 -0.22713002994941628 -0.22812406892408477 -0.22713002994941628 -0.22812406892408477 -0.22713002994941628 -0.22812406892408477 -0.22713002994941628 -0.3962309228082263 -0.22812406892408477 -0.2457238361529283 -0.22713002994941628 -0.3478157657845959 -0.22713002994941628 -0.3478157657845959 -0.22812406892408477 -0.2910831897350783 -0.2910831897350783 -0.2910831897350783 -0.28112522574906906 -0.14576873237876967 -0.27120883402619844 -0.22713002994941628 -0.25982577480618435 -0.21409170335795727 -0.1995259280529714 -0.19736164869341716 -0.1821068647573436 -0.17614167262846486 -0.1739098427424842 -0.1627888159462234 -0.1627888159462234 -0.1627888159462234 -0.1627888159462234 -0.13493349044006586 -0.12960204680651732 -0.12190901523893742 -0.12190901523893742 -0.0820882152549233 -0.09868027573317253 -0.03281880387148894 -0.03281880387148894 -0.03281880387148894 -0.03883199429684344 -0.03883199429684344 -0.03928866302395971 -0.03281880387148894 -0.027831361676233755 -0.004454610170621243
-0.28743918845284816 -0.28743918845284816 -0.28743918845284816 -0.28743918845284816 -0.28743918845284816 -0.28743918845284816 -0.28743918845284816 -0.28743918845284816 -0.2810557040078787 -0.28743918845284816 -0.28743918845284816 -0.28743918845284816 -0.28743918845284816 -0.28743918845284816 -0.28743918845284816 -0.28743918845284816 -0.28743918845284816 -0.28743918845284816 -0.28743918845284816 -0.28743918845284816 -0.28743918845284816 -0.28743918845284816 -0.28743918845284816 -0.28743918845284816 -0.28743918845284816 -0.28743918845284816 -0.28743918845284816 -0.28743918845284816 -0.28743918845284816 -0.28743918845284816 -0.19888506729384528 -0.28743918845284816 -0.28743918845284816 -0.28743918845284816 -0.28743918845284816 -0.4582273718976156 -0.28743918845284816 -0.2810557040078787 -0.28743918845284816 -0.28743918845284816 -0.37964173555132447 -0.37964173555132447 -0.28743918845284816 -0.28743918845284816 -0.28743918845284816 -0.28743918845284816 -0.28743918845284816 -0.28743918845284816 -0.28743918845284816 -0.2810557040078787 -0.2810557040078787 -0.28743918845284816 -0.28743918845284816 -0.28743918845284816 -0.2457238361529283 -0.28743918845284816 -0.28743918845284816 -0.19888506729384528 -0.28743918845284816 -0.28743918845284816 -0.22713002994941628 -0.22812406892408477 -0.22713002994941628 -0.22812406892408477 -0.22713002994941628 -0.22812406892408477 -0.22713002994941628 -0.28743918845284816 -0.22812406892408477 -0.2457238361529283 -0.22713002994941628 -0.28743918845284816 -0.22713002994941628 -0.28743918845284816 -0.22812406892408477 -0.28743918845284816 -0.28743918845284816 -0.28743918845284816 -0.28112522574906906 -0.14576873237876967 -0.27120883402619844 -0.22713002994941628 -0.25982577480618435 -0.21409170335795727 -0.1995259280529714 -0.19736164869341716 -0.1821068647573436 -0.17614167262846486 -0.1739098427424842 -0.1627888159462234 -0.1627888159462234 -0.1627888159462234 -0.1627888159462234 -0.13493349044006586 -0.12960204680651732 -0.12190901523893742 -0.12190901523893742 -0.0820882152549233 -0.09868027573317253 -0.03281880387148894 -0.03281880387148894 -0.03281880387148894 -0.03883199429684344 -0.03883199429684344 -0.03928866302395971 -0.03281880387148894 -0.027831361676233755 -0.004454610170621243
-0.19888506729384528 -0.19888506729384528 -0.19888506729384528 -0.19888506729384528 -0.19888506729384528 -0.19888506729384528 -0.19888506729384528 -0.19888506729384528 -0.19888506729384528 -0.19888506729384528 -0.19888506729384528 -0.19888506729384528 -0.19888506729384528 -0.19888506729384528 -0.19888506729384528 -0.19888506729384528 -0.19888506729384528 -0.19888506729384528 -0.19888506729384528 -0.19888506729384528 -0.19888506729384528 -0.19888506729384528 -0.19888506729384528 -0.19888506729384528 -0.19888506729384528 -0.19888506729384528 -0.19888506729384528 -0.19888506729384528 -0.19888506729384528 -0.19888506729384528 -0.4227477864332879 -0.19888506729384528 -0.19888506729384528 -0.19888506729384528 -0.19888506729384528 -0.19888506729384528 -0.19888506729384528 -0.19888506729384528 -0.19888506729384528 -0.19888506729384528 -0.19888506729384528 -0.19888506729384528 -0.19888506729384528 -0.19888506729384528 -0.19888506729384528 -0.19888506729384528 -0.19888506729384528 -0.19888506729384528 -0.19888506729384528 -0.19888506729384528 -0.19888506729384528 -0.19888506729384528 -0.19888506729384528 -0.19888506729384528 -0.19888506729384528 -0.19888506729384528 -0.19888506729384528 -0.4227477864332879 -0.19888506729384528 -0.19888506729384528 -0.19888506729384528 -0.19888506729384528 -0.19888506729384528 -0.19888506729384528 -0.19888506729384528 -0.19888506729384528 -0.19888506729384528 -0.19888506729384528 -0.19888506729384528 -0.19888506729384528 -0.19888506729384528 -0.19888506729384528 -0.19888506729384528 -0.19888506729384528 -0.19888506729384528 -0.19888506729384528 -0.19888506729384528 -0.19888506729384528 -0.19888506729384528 -0.14576873237876967 -0.19888506729384528 -0.19888506729384528 -0.19888506729384528 -0.19888506729384528 -0.19888506729384528 -0.19736164869341716 -0.1821068647573436 -0.17614167262846486 -0.1739098427424842 -0.1627888159462234 -0.1627888159462234 -0.1627888159462234 -0.1627888159462234 -0.13493349044006586 -0.12960204680651732 -0.12190901523893742 -0.12190901523893742 -0.0820882152549233 -0.09868027573317253 -0.03281880387148894 -0.03281880387148894 -0.03281880387148894 -0.03883199429684344 -0.03883199429684344 -0.03928866302395971 -0.03281880387148894 -0.027831361676233755 -0.004454610170621243
-0.22713002994941628 -0.22713002994941628 -0.22713002994941628 -0.22713002994941628 -0.22713002994941628 -0.22713002994941628 -0.22713002994941628 -0.22713002994941628 -0.22713002994941628 -0.22713002994941628 -0.22713002994941628 -0.22713002994941628 -0.22713002994941628 -0.22713002994941628 -0.22713002994941628 -0.22713002994941628 -0.22713002994941628 -0.22713002994941628 -0.22713002994941628 -0.22713002994941628 -0.22713002994941628 -0.22713002994941628 -0.22713002994941628 -0.22713002994941628 -0.22713002994941628 -0.22713002994941628 -0.22713002994941628 -0.22713002994941628 -0.22713002994941628 -0.22713002994941628 -0.19888506729384528 -0.22713002994941628 -0.22713002994941628 -0.22713002994941628 -0.22713002994941628 -0.22713002994941628 -0.22713002994941628 -0.22713002994941628 -0.22713002994941628 -0.22713002994941628 -0.22713002994941628 -0.22713002994941628 -0.22713002994941628 -0.22713002994941628 -0.22713002994941628 -0.22713002994941628 -0.22713002994941628 -0.22713002994941628 -0.22713002994941628 -0.22713002994941628 -0.22713002994941628 -0.22713002994941628 -0.22713002994941628 -0.22713002994941628 -0.22713002994941628 -0.22713002994941628 -0.22713002994941628 -0.19888506729384528 -0.22713002994941628 -0.22713002994941628 -0.4211667761258193 -0.22713002994941628 -0.4211667761258193 -0.22713002994941628 -0.410924601365221 -0.22713002994941628 -0.4025017891118332 -0.22713002994941628 -0.22713002994941628 -0.22713002994941628 -0.372380233184908 -0.22713002994941628 -0.35426041956139315 -0.22713002994941628 -0.22713002994941628 -0.22713002994941628 -0.22713002994941628 -0.22713002994941628 -0.22713002994941628 -0.14576873237876967 -0.22713002994941628 -0.23532284632626882 -0.22713002994941628 -0.21409170335795727 -0.1995259280529714 -0.19736164869341716 -0.1821068647573436 -0.17614167262846486 -0.1739098427424842 -0.1627888159462234 -0.1627888159462234 -0.1627888159462234 -0.1627888159462234 -0.13493349044006586 -0.12960204680651732 -0.12190901523893742 -0.12190901523893742 -0.0820882152549233 -0.09868027573317253 -0.03281880387148894 -0.03281880387148894 -0.03281880387148894 -0.03883199429684344 -0.03883199429684344 -0.03928866302395971 -0.03281880387148894 -0.027831361676233755 -0.004454610170621243
-0.22812406892408477 -0.22812406892408477 -0.22812406892408477 -0.22812406892408477 -0.22812406892408477 -0.22812406892408477 -0.22812406892408477 -0.22812406892408477 -0.22812406892408477 -0.22812406892408477 -0.22812406892408477 -0.22812406892408477 -0.22812406892408477 -0.22812406892408477 -0.22812406892408477 -0.22812406892408477 -0.22812406892408477 -0.22812406892408477 -0.22812406892408477 -0.22812406892408477 -0.22812406892408477 -0.22812406892408477 -0.22812406892408477 -0.22812406892408477 -0.22812406892408477 -0.22812406892408477 -0.22812406892408477 -0.22812406892408477 -0.22812406892408477 -0.22812406892408477 -0.19888506729384528 -0.22812406892408477 -0.22812406892408477 -0.22812406892408477 -0.22812406892408477 -0.22812406892408477 -0.22812406892408477 -0.22812406892408477 -0.22812406892408477 -0.22812406892408477 -0.22812406892408477 -0.22812406892408477 -0.22812406892408477 -0.22812406892408477 -0.22812406892408477 -0.22812406892408477 -0.22812406892408477 -0.22812406892408477 -0.22812406892408477 -0.22812406892408477 -0.22812406892408477 -0.22812406892408477 -0.22812406892408477 -0.22812406892408477 -0.22812406892408477 -0.22812406892408477 -0.22812406892408477 -0.19888506729384528 -0.22812406892408477 -0.22812406892408477 -0.22713002994941628 -0.42092879625573126 -0.22713002994941628 -0.42092879625573126 -0.22713002994941628 -0.4042951963406073 -0.22713002994941628 -0.22812406892408477 -0.4004368183075634 -0.22812406892408477 -0.22713002994941628 -0.22812406892408477 -0.22713002994941628 -0.22812406892408477 -0.34755656262909745 -0.22812406892408477 -0.22812406892408477 -0.22812406892408477 -0.22812406892408477 -0.14576873237876967 -0.22812406892408477 -0.22713002994941628 -0.22812406892408477 -0.21409170335795727 -0.1995259280529714 -0.19736164869341716 -0.1821068647573436 -0.17614167262846486 -0.1739098427424842 -0.1627888159462234 -0.1627888159462234 -0.1627888159462234 -0.1627888159462234 -0.13493349044006586 -0.12960204680651732 -0.12190901523893742 -0.12190901523893742 -0.0820882152549233 -0.09868027573317253 -0.03281880387148894 -0.03281880387148894 -0.03281880387148894 -0.03883199429684344 -0.03883199429684344 -0.03928866302395971 -0.03281880387148894 -0.027831361676233755 -0.004454610170621243
-0.3478157657845959 -0.3478157657845959 -0.3478157657845959 -0.3478157657845959 -0.3478157657845959 -0.3478157657845959 -0.3478157657845959 -0.3478157657845959 -0.2810557040078787 -0.3478157657845959 -0.3478157657845959 -0.3478157657845959 -0.3478157657845959 -0.3478157657845959 -0.3478157657845959 -0.3478157657845959 -0.3478157657845959 -0.3478157657845959 -0.3478157657845959 -0.3478157657845959 -0.3478157657845959 -0.3478157657845959 -0.3478157657845959 -0.3478157657845959 -0.3478157657845959 -0.3478157657845959 -0.3478157657845959 -0.3478157657845959 -0.3478157657845959 -0.3478157657845959 -0.19888506729384528 -0.3478157657845959 -0.3478157657845959 -0.3478157657845959 -0.3478157657845959 -0.28743918845284816 -0.3478157657845959 -0.2810557040078787 -0.3478157657845959 -0.3478157657845959 -0.28743918845284816 -0.28743918845284816 -0.3478157657845959 -0.3478157657845959 -0.3478157657845959 -0.3478157657845959 -0.3478157657845959 -0.3478157657845959 -0.3478157657845959 -0.2810557040078787 -0.2810557040078787 -0.3478157657845959 -0.3478157657845959 -0.3478157657845959 -0.2457238361529283 -0.3478157657845959 -0.3478157657845959 -0.19888506729384528 -0.30465158591214453 -0.30465158591214453 -0.41974675159279706 -0.22812406892408477 -0.41974675159279706 -0.22812406892408477 -0.410924601365221 -0.22812406892408477 -0.4025017891118332 -0.3478157657845959 -0.22812406892408477 -0.2457238361529283 -0.372380233184908 -0.3478157657845959 -0.35426041956139315 -0.3478157657845959 -0.22812406892408477 -0.2910831897350783 -0.2910831897350783 -0.2910831897350783 -0.28112522574906906 -0.14576873237876967 -0.27120883402619844 -0.23532284632626882 -0.25982577480618435 -0.21409170335795727 -0.1995259280529714 -0.19736164869341716 -0.1821068647573436 -0.17614167262846486 -0.1739098427424842 -0.1627888159462234 -0.1627888159462234 -0.1627888159462234 -0.1627888159462234 -0.13493349044006586 -0.12960204680651732 -0.12190901523893742 -0.12190901523893742 -0.0820882152549233 -0.09868027573317253 -0.03281880387148894 -0.03281880387148894 -0.03281880387148894 -0.03883199429684344 -0.03883199429684344 -0.03928866302395971 -0.03281880387148894 -0.027831361676233755 -0.004454610170621243
-0.3478157657845959 -0.3478157657845959 -0.3478157657845959 -0.3478157657845959 -0.3478157657845959 -0.3478157657845959 -0.3478157657845959 -0.3478157657845959 -0.2810557040078787 -0.3478157657845959 -0.3478157657845959 -0.3478157657845959 -0.3478157657845959 -0.3478157657845959 -0.3478157657845959 -0.3478157657845959 -0.3478157657845959 -0.3478157657845959 -0.3478157657845959 -0.3478157657845959 -0.3478157657845959 -0.3478157657845959 -0.3478157657845959 -0.3478157657845959 -0.3478157657845959 -0.3478157657845959 -0.3478157657845959 -0.3478157657845959 -0.3478157657845959 -0.3478157657845959 -0.19888506729384528 -0.3478157657845959 -0.3478157657845959 -0.3478157657845959 -0.3478157657845959 -0.28743918845284816 -0.3478157657845959 -0.2810557040078787 -0.3478157657845959 -0.3478157657845959 -0.28743918845284816 -0.28743918845284816 -0.3478157657845959 -0.3478157657845959 -0.3478157657845959 -0.3478157657845959 -0.3478157657845959 -0.3478157657845959 -0.3478157657845959 -0.2810557040078787 -0.2810557040078787 -0.3478157657845959 -0.3478157657845959 -0.3478157657845959 -0.2457238361529283 -0.3478157657845959 -0.3478157657845959 -0.19888506729384528 -0.30465158591214453 -0.30465158591214453 -0.22713002994941628 -0.4190257629200823 -0.22713002994941628 -0.4190257629200823 -0.22713002994941628 -0.4042951963406073 -0.22713002994941628 -0.3478157657845959 -0.4004368183075634 -0.2457238361529283 -0.22713002994941628 -0.3478157657845959 -0.22713002994941628 -0.3478157657845959 -0.34755656262909745 -0.2910831897350783 -0.2910831897350783 -0.2910831897350783 -0.28112522574906906 -0.14576873237876967 -0.27120883402619844 -0.22713002994941628 -0.25982577480618435 -0.21409170335795727 -0.1995259280529714 -0.19736164869341716 -0.1821068647573436 -0.17614167262846486 -0.1739098427424842 -0.1627888159462234 -0.1627888159462234 -0.1627888159462234 -0.1627888159462234 -0.13493349044006586 -0.12960204680651732 -0.12190901523893742 -0.12190901523893742 -0.0820882152549233 -0.09868027573317253 -0.03281880387148894 -0.03281880387148894 -0.03281880387148894 -0.03883199429684344 -0.03883199429684344 -0.03928866302395971 -0.03281880387148894 -0.027831361676233755 -0.004454610170621243
-0.19736164869341716 -0.19736164869341716 -0.19736164869341716 -0.19736164869341716 -0.19736164869341716 -0.19736164869341716 -0.19736164869341716 -0.19736164869341716 -0.19736164869341716 -0.19736164869341716 -0.19736164869341716 -0.19736164869341716 -0.19736164869341716 -0.19736164869341716 -0.19736164869341716 -0.19736164869341716 -0.19736164869341716 -0.19736164869341716 -0.19736164869341716 -0.19736164869341716 -0.19736164869341716 -0.19736164869341716 -0.19736164869341716 -0.19736164869341716 -0.19736164869341716 -0.19736164869341716 -0.19736164869341716 -0.19736164869341716 -0.19736164869341716 -0.19736164869341716 -0.19736164869341716 -0.19736164869341716 -0.19736164869341716 -0.19736164869341716 -0.19736164869341716 -0.19736164869341716 -0.19736164869341716 -0.19736164869341716 -0.19736164869341716 -0.19736164869341716 -0.19736164869341716 -0.19736164869341716 -0.19736164869341716 -0.19736164869341716 -0.19736164869341716 -0.19736164869341716 -0.19736164869341716 -0.19736164869341716 -0.19736164869341716 -0.19736164869341716 -0.19736164869341716 -0.19736164869341716 -0.19736164869341716 -0.19736164869341716 -0.19736164869341716 -0.19736164869341716 -0.19736164869341716 -0.19736164869341716 -0.19736164869341716 -0.19736164869341716 -0.19736164869341716 -0.19736164869341716 -0.19736164869341716 -0.19736164869341716 -0.19736164869341716 -0.19736164869341716 -0.19736164869341716 -0.19736164869341716 -0.19736164869341716 -0.19736164869341716 -0.19736164869341716 -0.19736164869341716 -0.19736164869341716 -0.19736164869341716 -0.19736164869341716 -0.19736164869341716 -0.19736164869341716 -0.19736164869341716 -0.19736164869341716 -0.14576873237876967 -0.19736164869341716 -0.19736164869341716 -0.19736164869341716 -0.19736164869341716 -0.19736164869341716 -0.19736164869341716 -0.1821068647573436 -0.17614167262846486 -0.1739098427424842 -0.1627888159462234 -0.1627888159462234 -0.1627888159462234 -0.1627888159462234 -0.13493349044006586 -0.12960204680651732 -0.12190901523893742 -0.12190901523893742 -0.0820882152549233 -0.09868027573317253 -0.03281880387148894 -0.03281880387148894 -0.03281880387148894 -0.03883199429684344 -0.03883199429684344 -0.03928866302395971 -0.03281880387148894 -0.027831361676233755 -0.004454610170621243
-0.3478157657845959 -0.3478157657845959 -0.3478157657845959 -0.3478157657845959 -0.3478157657845959 -0.3478157657845959 -0.3478157657845959 -0.3478157657845959 -0.2810557040078787 -0.4086847293727871 -0.4086847293727871 -0.4086847293727871 -0.4086847293727871 -0.3478157657845959 -0.4086847293727871 -0.4086847293727871 -0.4086847293727871 -0.4086847293727871 -0.4086847293727871 -0.3478157657845959 -0.4086847293727871 -0.3478157657845959 -0.4086847293727871 -0.4086847293727871 -0.4086847293727871 -0.4086847293727871 -0.3478157657845959 -0.3478157657845959 -0.4086847293727871 -0.3478157657845959 -0.19888506729384528 -0.4086847293727871 -0.4086847293727871 -0.3478157657845959 -0.3478157657845959 -0.28743918845284816 -0.3478157657845959 -0.2810557040078787 -0.3478157657845959 -0.3478157657845959 -0.28743918845284816 -0.28743918845284816 -0.3478157657845959 -0.3478157657845959 -0.3478157657845959 -0.3478157657845959 -0.4086847293727871 -0.4086847293727871 -0.3478157657845959 -0.2810557040078787 -0.2810557040078787 -0.3478157657845959 -0.3478157657845959 -0.4086847293727871 -0.2457238361529283 -0.4086847293727871 -0.4086847293727871 -0.19888506729384528 -0.30465158591214453 -0.30465158591214453 -0.4086847293727871 -0.309886856261268 -0.4086847293727871 -0.309886856261268 -0.4086847293727871 -0.4042951963406073 -0.4025017891118332 -0.3478157657845959 -0.309886856261268 -0.2457238361529283 -0.372380233184908 -0.36905128704578893 -0.3202034540668203 -0.34978606364198145 -0.309886856261268 -0.2910831897350783 -0.2910831897350783 -0.2910831897350783 -0.28112522574906906 -0.14576873237876967 -0.27120883402619844 -0.23532284632626882 -0.25982577480618435 -0.21409170335795727 -0.1995259280529714 -0.19736164869341716 -0.1821068647573436 -0.17614167262846486 -0.1739098427424842 -0.1627888159462234 -0.1627888159462234 -0.1627888159462234 -0.1627888159462234 -0.13493349044006586 -0.12960204680651732 -0.12190901523893742 -0.12190901523893742 -0.0820882152549233 -0.09868027573317253 -0.03281880387148894 -0.03281880387148894 -0.03281880387148894 -0.03883199429684344 -0.03883199429684344 -0.03928866302395971 -0.03281880387148894 -0.027831361676233755 -0.004454610170621243
-0.3478157657845959 -0.3478157657845959 -0.3478157657845959 -0.3478157657845959 -0.3478157657845959 -0.3478157657845959 -0.3478157657845959 -0.3478157657845959 -0.2810557040078787 -0.4070660725961479 -0.4070660725961479 -0.4070660725961479 -0.4070660725961479 -0.3478157657845959 -0.4070660725961479 -0.4070660725961479 -0.4070660725961479 -0.4070660725961479 -0.4070660725961479 -0.3478157657845959 -0.4070660725961479 -0.3478157657845959 -0.4070660725961479 -0.4070660725961479 -0.4070660725961479 -0.4070660725961479 -0.3478157657845959 -0.3478157657845959 -0.4070660725961479 -0.3478157657845959 -0.19888506729384528 -0.4070660725961479 -0.4070660725961479 -0.3478157657845959 -0.3478157657845959 -0.28743918845284816 -0.3478157657845959 -0.2810557040078787 -0.3478157657845959 -0.3478157657845959 -0.28743918845284816 -0.28743918845284816 -0.3478157657845959 -0.3478157657845959 -0.3478157657845959 -0.3478157657845959 -0.4070660725961479 -0.4070660725961479 -0.3478157657845959 -0.2810557040078787 -0.2810557040078787 -0.3478157657845959 -0.3478157657845959 -0.4070660725961479 -0.2457238361529283 -0.4070660725961479 -0.4070660725961479 -0.19888506729384528 -0.30465158591214453 -0.30465158591214453 -0.3354811527992121 -0.4070660725961479 -0.3354811527992121 -0.4070660725961479 -0.3354811527992121 -0.4042951963406073 -0.3354811527992121 -0.3478157657845959 -0.4004368183075634 -0.2457238361529283 -0.372380233184908 -0.36905128704578893 -0.3202034540668203 -0.34978606364198145 -0.34737701512427543 -0.2910831897350783 -0.2910831897350783 -0.2910831897350783 -0.28112522574906906 -0.14576873237876967 -0.27120883402619844 -0.23532284632626882 -0.25982577480618435 -0.21409170335795727 -0.1995259280529714 -0.19736164869341716 -0.1821068647573436 -0.17614167262846486 -0.1739098427424842 -0.1627888159462234 -0.1627888159462234 -0.1627888159462234 -0.1627888159462234 -0.13493349044006586 -0.12960204680651732 -0.12190901523893742 -0.12190901523893742 -0.0820882152549233 -0.09868027573317253 -0.03281880387148894 -0.03281880387148894 -0.03281880387148894 -0.03883199429684344 -0.03883199429684344 -0.03928866302395971 -0.03281880387148894 -0.027831361676233755 -0.004454610170621243
-0.4042561552061966 -0.4042561552061966 -0.4042561552061966 -0.4042561552061966 -0.4042561552061966 -0.4042561552061966 -0.4042561552061966 -0.4042561552061966 -0.2810557040078787 -0.3478157657845959 -0.3478157657845959 -0.3478157657845959 -0.3478157657845959 -0.4042561552061966 -0.3478157657845959 -0.3478157657845959 -0.3478157657845959 -0.3478157657845959 -0.3478157657845959 -0.4042561552061966 -0.3478157657845959 -0.4042561552061966 -0.3478157657845959 -0.3478157657845959 -0.3478157657845959 -0.3478157657845959 -0.4042561552061966 -0.4042561552061966 -0.3478157657845959 -0.3742494640628821 -0.19888506729384528 -0.3478157657845959 -0.3478157657845959 -0.4042561552061966 -0.4042561552061966 -0.28743918845284816 -0.4042561552061966 -0.2810557040078787 -0.4042561552061966 -0.4042561552061966 -0.28743918845284816 -0.28743918845284816 -0.4042561552061966 -0.4042561552061966 -0.4042561552061966 -0.4042561552061966 -0.3478157657845959 -0.3478157657845959 -0.4042561552061966 -0.2810557040078787 -0.2810557040078787 -0.4042561552061966 -0.4042561552061966 -0.3478157657845959 -0.2457238361529283 -0.3478157657845959 -0.3478157657845959 -0.19888506729384528 -0.30465158591214453 -0.30465158591214453 -0.22713002994941628 -0.22812406892408477 -0.22713002994941628 -0.22812406892408477 -0.22713002994941628 -0.22812406892408477 -0.22713002994941628 -0.3962309228082263 -0.22812406892408477 -0.2457238361529283 -0.22713002994941628 -0.3478157657845959 -0.22713002994941628 -0.3478157657845959 -0.22812406892408477 -0.2910831897350783 -0.2910831897350783 -0.2910831897350783 -0.28112522574906906 -0.14576873237876967 -0.27120883402619844 -0.22713002994941628 -0.25982577480618435 -0.21409170335795727 -0.1995259280529714 -0.19736164869341716 -0.1821068647573436 -0.17614167262846486 -0.1739098427424842 -0.1627888159462234 -0.1627888159462234 -0.1627888159462234 -0.1627888159462234 -0.13493349044006586 -0.12960204680651732 -0.12190901523893742 -0.12190901523893742 -0.0820882152549233 -0.09868027573317253 -0.03281880387148894 -0.03281880387148894 -0.03281880387148894 -0.03883199429684344 -0.03883199429684344 -0.03928866302395971 -0.03281880387148894 -0.027831361676233755 -0.004454610170621243
-0.40126504083978504 -0.40126504083978504 -0.40126504083978504 -0.40126504083978504 -0.40126504083978504 -0.40126504083978504 -0.40126504083978504 -0.40126504083978504 -0.2810557040078787 -0.3478157657845959 -0.3478157657845959 -0.3478157657845959 -0.3478157657845959 -0.40126504083978504 -0.3478157657845959 -0.3478157657845959 -0.3478157657845959 -0.3478157657845959 -0.3478157657845959 -0.40126504083978504 -0.3478157657845959 -0.40126504083978504 -0.3478157657845959 -0.3478157657845959 -0.3478157657845959 -0.3478157657845959 -0.40126504083978504 -0.40126504083978504 -0.3478157657845959 -0.3742494640628821 -0.19888506729384528 -0.3478157657845959 -0.3478157657845959 -0.40126504083978504 -0.40126504083978504 -0.28743918845284816 -0.40126504083978504 -0.2810557040078787 -0.40126504083978504 -0.40126504083978504 -0.28743918845284816 -0.28743918845284816 -0.40126504083978504 -0.40126504083978504 -0.40126504083978504 -0.40126504083978504 -0.3478157657845959 -0.3478157657845959 -0.40126504083978504 -0.2810557040078787 -0.2810557040078787 -0.40126504083978504 -0.40126504083978504 -0.3478157657845959 -0.2457238361529283 -0.3478157657845959 -0.3478157657845959 -0.19888506729384528 -0.30465158591214453 -0.30465158591214453 -0.22713002994941628 -0.22812406892408477 -0.22713002994941628 -0.22812406892408477 -0.22713002994941628 -0.22812406892408477 -0.22713002994941628 -0.3962309228082263 -0.22812406892408477 -0.2457238361529283 -0.22713002994941628 -0.3478157657845959 -0.22713002994941628 -0.3478157657845959 -0.22812406892408477 -0.2910831897350783 -0.2910831897350783 -0.2910831897350783 -0.28112522574906906 -0.14576873237876967 -0.27120883402619844 -0.22713002994941628 -0.25982577480618435 -0.21409170335795727 -0.1995259280529714 -0.19736164869341716 -0.1821068647573436 -0.17614167262846486 -0.1739098427424842 -0.1627888159462234 -0.1627888159462234 -0.1627888159462234 -0.1627888159462234 -0.13493349044006586 -0.12960204680651732 -0.12190901523893742 -0.12190901523893742 -0.0820882152549233 -0.09868027573317253 -0.03281880387148894 -0.03281880387148894 -0.03281880387148894 -0.03883199429684344 -0.03883199429684344 -0.03928866302395971 -0.03281880387148894 -0.027831361676233755 -0.004454610170621243
-0.22812406892408477 -0.22812406892408477 -0.22812406892408477 -0.22812406892408477 -0.22812406892408477 -0.22812406892408477 -0.22812406892408477 -0.22812406892408477 -0.22812406892408477 -0.22812406892408477 -0.22812406892408477 -0.22812406892408477 -0.22812406892408477 -0.22812406892408477 -0.22812406892408477 -0.22812406892408477 -0.22812406892408477 -0.22812406892408477 -0.22812406892408477 -0.22812406892408477 -0.22812406892408477 -0.22812406892408477 -0.22812406892408477 -0.22812406892408477 -0.22812406892408477 -0.22812406892408477 -0.22812406892408477 -0.22812406892408477 -0.22812406892408477 -0.22812406892408477 -0.19888506729384528 -0.22812406892408477 -0.22812406892408477 -0.22812406892408477 -0.22812406892408477 -0.22812406892408477 -0.22812406892408477 -0.22812406892408477 -0.22812406892408477 -0.22812406892408477 -0.22812406892408477 -0.22812406892408477 -0.22812406892408477 -0.22812406892408477 -0.22812406892408477 -0.22812406892408477 -0.22812406892408477 -0.22812406892408477 -0.22812406892408477 -0.22812406892408477 -0.22812406892408477 -0.22812406892408477 -0.22812406892408477 -0.22812406892408477 -0.22812406892408477 -0.22812406892408477 -0.22812406892408477 -0.19888506729384528 -0.22812406892408477 -0.22812406892408477 -0.22713002994941628 -0.39381640570448 -0.22713002994941628 -0.39381640570448 -0.22713002994941628 -0.39381640570448 -0.22713002994941628 -0.22812406892408477 -0.39381640570448 -0.22812406892408477 -0.22713002994941628 -0.22812406892408477 -0.22713002994941628 -0.22812406892408477 -0.34755656262909745 -0.22812406892408477 -0.22812406892408477 -0.22812406892408477 -0.22812406892408477 -0.14576873237876967 -0.22812406892408477 -0.22713002994941628 -0.22812406892408477 -0.21409170335795727 -0.1995259280529714 -0.19736164869341716 -0.1821068647573436 -0.17614167262846486 -0.1739098427424842 -0.1627888159462234 -0.1627888159462234 -0.1627888159462234 -0.1627888159462234 -0.13493349044006586 -0.12960204680651732 -0.12190901523893742 -0.12190901523893742 -0.0820882152549233 -0.09868027573317253 -0.03281880387148894 -0.03281880387148894 -0.03281880387148894 -0.03883199429684344 -0.03883199429684344 -0.03928866302395971 -0.03281880387148894 -0.027831361676233755 -0.004454610170621243
-0.22713002994941628 -0.22713002994941628 -0.22713002994941628 -0.22713002994941628 -0.22713002994941628 -0.22713002994941628 -0.22713002994941628 -0.22713002994941628 -0.22713002994941628 -0.22713002994941628 -0.22713002994941628 -0.22713002994941628 -0.22713002994941628 -0.22713002994941628 -0.22713002994941628 -0.22713002994941628 -0.22713002994941628 -0.22713002994941628 -0.22713002994941628 -0.22713002994941628 -0.22713002994941628 -0.22713002994941628 -0.22713002994941628 -0.22713002994941628 -0.22713002994941628 -0.22713002994941628 -0.22713002994941628 -0.22713002994941628 -0.22713002994941628 -0.22713002994941628 -0.19888506729384528 -0.22713002994941628 -0.22713002994941628 -0.22713002994941628 -0.22713002994941628 -0.22713002994941628 -0.22713002994941628 -0.22713002994941628 -0.22713002994941628 -0.22713002994941628 -0.22713002994941628 -0.22713002994941628 -0.22713002994941628 -0.22713002994941628 -0.22713002994941628 -0.22713002994941628 -0.22713002994941628 -0.22713002994941628 -0.22713002994941628 -0.22713002994941628 -0.22713002994941628 -0.22713002994941628 -0.22713002994941628 -0.22713002994941628 -0.22713002994941628 -0.22713002994941628 -0.22713002994941628 -0.19888506729384528 -0.22713002994941628 -0.22713002994941628 -0.3936585796367618 -0.22713002994941628 -0.3936585796367618 -0.22713002994941628 -0.3936585796367618 -0.22713002994941628 -0.3936585796367618 -0.22713002994941628 -0.22713002994941628 -0.22713002994941628 -0.372380233184908 -0.22713002994941628 -0.35426041956139315 -0.22713002994941628 -0.22713002994941628 -0.22713002994941628 -0.22713002994941628 -0.22713002994941628 -0.22713002994941628 -0.14576873237876967 -0.22713002994941628 -0.2668211944874484 -0.22713002994941628 -0.22391538836037514 -0.20539546159554803 -0.19736164869341716 -0.1821068647573436 -0.17614167262846486 -0.1739098427424842 -0.1627888159462234 -0.1627888159462234 -0.1627888159462234 -0.1627888159462234 -0.13493349044006586 -0.12960204680651732 -0.12190901523893742 -0.12190901523893742 -0.0820882152549233 -0.09868027573317253 -0.03281880387148894 -0.03281880387148894 -0.03281880387148894 -0.03883199429684344 -0.03883199429684344 -0.03928866302395971 -0.03281880387148894 -0.027831361676233755 -0.004454610170621243
-0.38838072249896305 -0.38838072249896305 -0.38838072249896305 -0.38838072249896305 -0.38838072249896305 -0.38838072249896305 -0.38838072249896305 -0.38838072249896305 -0.2810557040078787 -0.3478157657845959 -0.3478157657845959 -0.3478157657845959 -0.3478157657845959 -0.38838072249896305 -0.3478157657845959 -0.3478157657845959 -0.3478157657845959 -0.3478157657845959 -0.3478157657845959 -0.38838072249896305 -0.3478157657845959 -0.38838072249896305 -0.3478157657845959 -0.3478157657845959 -0.3478157657845959 -0.3478157657845959 -0.38838072249896305 -0.38838072249896305 -0.3478157657845959 -0.3742494640628821 -0.19888506729384528 -0.3478157657845959 -0.3478157657845959 -0.38838072249896305 -0.38838072249896305 -0.28743918845284816 -0.38838072249896305 -0.2810557040078787 -0.38838072249896305 -0.38838072249896305 -0.28743918845284816 -0.28743918845284816 -0.38838072249896305 -0.38838072249896305 -0.38838072249896305 -0.38838072249896305 -0.3478157657845959 -0.3478157657845959 -0.38838072249896305 -0.2810557040078787 -0.2810557040078787 -0.38838072249896305 -0.38838072249896305 -0.3478157657845959 -0.2457238361529283 -0.3478157657845959 -0.3478157657845959 -0.19888506729384528 -0.30465158591214453 -0.30465158591214453 -0.22713002994941628 -0.22812406892408477 -0.22713002994941628 -0.22812406892408477 -0.22713002994941628 -0.22812406892408477 -0.22713002994941628 -0.38838072249896305 -0.22812406892408477 -0.2457238361529283 -0.22713002994941628 -0.3478157657845959 -0.22713002994941628 -0.3478157657845959 -0.22812406892408477 -0.2910831897350783 -0.2910831897350783 -0.2910831897350783 -0.28112522574906906 -0.14576873237876967 -0.27120883402619844 -0.22713002994941628 -0.25982577480618435 -0.21409170335795727 -0.1995259280529714 -0.19736164869341716 -0.1821068647573436 -0.17614167262846486 -0.1739098427424842 -0.1627888159462234 -0.1627888159462234 -0.1627888159462234 -0.1627888159462234 -0.13493349044006586 -0.12960204680651732 -0.12190901523893742 -0.12190901523893742 -0.0820882152549233 -0.09868027573317253 -0.03281880387148894 -0.03281880387148894 -0.03281880387148894 -0.03883199429684344 -0.03883199429684344 -0.03928866302395971 -0.03281880387148894 -0.027831361676233755 -0.004454610170621243
-0.3478157657845959 -0.3478157657845959 -0.3478157657845959 -0.3478157657845959 -0.3478157657845959 -0.3478157657845959 -0.3478157657845959 -0.3478157657845959 -0.2810557040078787 -0.37087609797028714 -0.37087609797028714 -0.37087609797028714 -0.37087609797028714 -0.3478157657845959 -0.37087609797028714 -0.37087609797028714 -0.37087609797028714 -0.37087609797028714 -0.37087609797028714 -0.3478157657845959 -0.37087609797028714 -0.3478157657845959 -0.37087609797028714 -0.37087609797028714 -0.37087609797028714 -0.37087609797028714 -0.3478157657845959 -0.3478157657845959 -0.37087609797028714 -0.3478157657845959 -0.19888506729384528 -0.37087609797028714 -0.37087609797028714 -0.3478157657845959 -0.3478157657845959 -0.28743918845284816 -0.3478157657845959 -0.2810557040078787 -0.3478157657845959 -0.3478157657845959 -0.28743918845284816 -0.28743918845284816 -0.3478157657845959 -0.3478157657845959 -0.3478157657845959 -0.3478157657845959 -0.37087609797028714 -0.37087609797028714 -0.3478157657845959 -0.2810557040078787 -0.2810557040078787 -0.3478157657845959 -0.3478157657845959 -0.37087609797028714 -0.2457238361529283 -0.37087609797028714 -0.37087609797028714 -0.19888506729384528 -0.30465158591214453 -0.30465158591214453 -0.37087609797028714 -0.309886856261268 -0.37087609797028714 -0.309886856261268 -0.37087609797028714 -0.37087609797028714 -0.37087609797028714 -0.3478157657845959 -0.309886856261268 -0.2457238361529283 -0.37087609797028714 -0.36905128704578893 -0.3202034540668203 -0.34978606364198145 -0.309886856261268 -0.2910831897350783 -0.2910831897350783 -0.2910831897350783 -0.28112522574906906 -0.14576873237876967 -0.27120883402619844 -0.23532284632626882 -0.25982577480618435 -0.21409170335795727 -0.1995259280529714 -0.19736164869341716 -0.1821068647573436 -0.17614167262846486 -0.1739098427424842 -0.1627888159462234 -0.1627888159462234 -0.1627888159462234 -0.1627888159462234 -0.13493349044006586 -0.12960204680651732 -0.12190901523893742 -0.12190901523893742 -0.0820882152549233 -0.09868027573317253 -0.03281880387148894 -0.03281880387148894 -0.03281880387148894 -0.03883199429684344 -0.03883199429684344 -0.03928866302395971 -0.03281880387148894 -0.027831361676233755 -0.004454610170621243
-0.36831822497864286 -0.36831822497864286 -0.36831822497864286 -0.36831822497864286 -0.36831822497864286 -0.36831822497864286 -0.36831822497864286 -0.36831822497864286 -0.2810557040078787 -0.3478157657845959 -0.3478157657845959 -0.3478157657845959 -0.3478157657845959 -0.36831822497864286 -0.3478157657845959 -0.3478157657845959 -0.3478157657845959 -0.3478157657845959 -0.3478157657845959 -0.36831822497864286 -0.3478157657845959 -0.36831822497864286 -0.3478157657845959 -0.3478157657845959 -0.3478157657845959 -0.3478157657845959 -0.36831822497864286 -0.36831822497864286 -0.3478157657845959 -0.36831822497864286 -0.19888506729384528 -0.3478157657845959 -0.3478157657845959 -0.36831822497864286 -0.36831822497864286 -0.28743918845284816 -0.36831822497864286 -0.2810557040078787 -0.36831822497864286 -0.36831822497864286 -0.28743918845284816 -0.28743918845284816 -0.36831822497864286 -0.36831822497864286 -0.36831822497864286 -0.36831822497864286 -0.3478157657845959 -0.3478157657845959 -0.36831822497864286 -0.2810557040078787 -0.2810557040078787 -0.36831822497864286 -0.36831822497864286 -0.3478157657845959 -0.2457238361529283 -0.3478157657845959 -0.3478157657845959 -0.19888506729384528 -0.30465158591214453 -0.30465158591214453 -0.22713002994941628 -0.22812406892408477 -0.22713002994941628 -0.22812406892408477 -0.22713002994941628 -0.22812406892408477 -0.22713002994941628 -0.36831822497864286 -0.22812406892408477 -0.2457238361529283 -0.22713002994941628 -0.3478157657845959 -0.22713002994941628 -0.3478157657845959 -0.22812406892408477 -0.2910831897350783 -0.2910831897350783 -0.2910831897350783 -0.28112522574906906 -0.14576873237876967 -0.27120883402619844 -0.22713002994941628 -0.25982577480618435 -0.21409170335795727 -0.1995259280529714 -0.19736164869341716 -0.1821068647573436 -0.17614167262846486 -0.1739098427424842 -0.1627888159462234 -0.1627888159462234 -0.1627888159462234 -0.1627888159462234 -0.13493349044006586 -0.12960204680651732 -0.12190901523893742 -0.12190901523893742 -0.0820882152549233 -0.09868027573317253 -0.03281880387148894 -0.03281880387148894 -0.03281880387148894 -0.03883199429684344 -0.03883199429684344 -0.03928866302395971 -0.03281880387148894 -0.027831361676233755 -0.004454610170621243
-0.21409170335795727 -0.21409170335795727 -0.21409170335795727 -0.21409170335795727 -0.21409170335795727 -0.21409170335795727 -0.21409170335795727 -0.21409170335795727 -0.21409170335795727 -0.21409170335795727 -0.21409170335795727 -0.21409170335795727 -0.21409170335795727 -0.21409170335795727 -0.21409170335795727 -0.21409170335795727 -0.21409170335795727 -0.21409170335795727 -0.21409170335795727 -0.21409170335795727 -0.21409170335795727 -0.21409170335795727 -0.21409170335795727 -0.21409170335795727 -0.21409170335795727 -0.21409170335795727 -0.21409170335795727 -0.21409170335795727 -0.21409170335795727 -0.21409170335795727 -0.19888506729384528 -0.21409170335795727 -0.21409170335795727 -0.21409170335795727 -0.21409170335795727 -0.21409170335795727 -0.21409170335795727 -0.21409170335795727 -0.21409170335795727 -0.21409170335795727 -0.21409170335795727 -0.21409170335795727 -0.21409170335795727 -0.21409170335795727 -0.21409170335795727 -0.21409170335795727 -0.21409170335795727 -0.21409170335795727 -0.21409170335795727 -0.21409170335795727 -0.21409170335795727 -0.21409170335795727 -0.21409170335795727 -0.21409170335795727 -0.21409170335795727 -0.21409170335795727 -0.21409170335795727 -0.19888506729384528 -0.21409170335795727 -0.21409170335795727 -0.21409170335795727 -0.21409170335795727 -0.21409170335795727 -0.21409170335795727 -0.21409170335795727 -0.21409170335795727 -0.21409170335795727 -0.21409170335795727 -0.21409170335795727 -0.21409170335795727 -0.21409170335795727 -0.21409170335795727 -0.21409170335795727 -0.21409170335795727 -0.21409170335795727 -0.21409170335795727 -0.21409170335795727 -0.21409170335795727 -0.21409170335795727 -0.14576873237876967 -0.21409170335795727 -0.21409170335795727 -0.21409170335795727 -0.21409170335795727 -0.1995259280529714 -0.19736164869341716 -0.1821068647573436 -0.17614167262846486 -0.1739098427424842 -0.1627888159462234 -0.1627888159462234 -0.1627888159462234 -0.1627888159462234 -0.13493349044006586 -0.12960204680651732 -0.12724186720618957 -0.12637324005550074 -0.0820882152549233 -0.09868027573317253 -0.03281880387148894 -0.03281880387148894 -0.03281880387148894 -0.03883199429684344 -0.03883199429684344 -0.03928866302395971 -0.03281880387148894 -0.027831361676233755 -0.004454610170621243
-0.22713002994941628 -0.22713002994941628 -0.22713002994941628 -0.22713002994941628 -0.22713002994941628 -0.22713002994941628 -0.22713002994941628 -0.22713002994941628 -0.22713002994941628 -0.22713002994941628 -0.22713002994941628 -0.22713002994941628 -0.22713002994941628 -0.22713002994941628 -0.22713002994941628 -0.22713002994941628 -0.22713002994941628 -0.22713002994941628 -0.22713002994941628 -0.22713002994941628 -0.22713002994941628 -0.22713002994941628 -0.22713002994941628 -0.22713002994941628 -0.22713002994941628 -0.22713002994941628 -0.22713002994941628 -0.22713002994941628 -0.22713002994941628 -0.22713002994941628 -0.19888506729384528 -0.22713002994941628 -0.22713002994941628 -0.22713002994941628 -0.22713002994941628 -0.22713002994941628 -0.22713002994941628 -0.22713002994941628 -0.22713002994941628 -0.22713002994941628 -0.22713002994941628 -0.22713002994941628 -0.22713002994941628 -0.22713002994941628 -0.22713002994941628 -0.22713002994941628 -0.22713002994941628 -0.22713002994941628 -0.22713002994941628 -0.22713002994941628 -0.22713002994941628 -0.22713002994941628 -0.22713002994941628 -0.22713002994941628 -0.22713002994941628 -0.22713002994941628 -0.22713002994941628 -0.19888506729384528 -0.22713002994941628 -0.22713002994941628 -0.34878328285985966 -0.22713002994941628 -0.34878328285985966 -0.22713002994941628 -0.34878328285985966 -0.22713002994941628 -0.34878328285985966 -0.22713002994941628 -0.22713002994941628 -0.22713002994941628 -0.3354811527992121 -0.22713002994941628 -0.34878328285985966 -0.22713002994941628 -0.22713002994941628 -0.22713002994941628 -0.22713002994941628 -0.22713002994941628 -0.22713002994941628 -0.14576873237876967 -0.22713002994941628 -0.2668211944874484 -0.22713002994941628 -0.22391538836037514 -0.1995259280529714 -0.19736164869341716 -0.18229079596410133 -0.17614167262846486 -0.1739098427424842 -0.1627888159462234 -0.1627888159462234 -0.1627888159462234 -0.1627888159462234 -0.13493349044006586 -0.12960204680651732 -0.12190901523893742 -0.12190901523893742 -0.0820882152549233 -0.09868027573317253 -0.03281880387148894 -0.03281880387148894 -0.03281880387148894 -0.03883199429684344 -0.03883199429684344 -0.03928866302395971 -0.03281880387148894 -0.027831361676233755 -0.004454610170621243
-0.21409170335795727 -0.21409170335795727 -0.21409170335795727 -0.21409170335795727 -0.21409170335795727 -0.21409170335795727 -0.21409170335795727 -0.21409170335795727 -0.21409170335795727 -0.21409170335795727 -0.21409170335795727 -0.21409170335795727 -0.21409170335795727 -0.21409170335795727 -0.21409170335795727 -0.21409170335795727 -0.21409170335795727 -0.21409170335795727 -0.21409170335795727 -0.21409170335795727 -0.21409170335795727 -0.21409170335795727 -0.21409170335795727 -0.21409170335795727 -0.21409170335795727 -0.21409170335795727 -0.21409170335795727 -0.21409170335795727 -0.21409170335795727 -0.21409170335795727 -0.19888506729384528 -0.21409170335795727 -0.21409170335795727 -0.21409170335795727 -0.21409170335795727 -0.21409170335795727 -0.21409170335795727 -0.21409170335795727 -0.21409170335795727 -0.21409170335795727 -0.21409170335795727 -0.21409170335795727 -0.21409170335795727 -0.21409170335795727 -0.21409170335795727 -0.21409170335795727 -0.21409170335795727 -0.21409170335795727 -0.21409170335795727 -0.21409170335795727 -0.21409170335795727 -0.21409170335795727 -0.21409170335795727 -0.21409170335795727 -0.21409170335795727 -0.21409170335795727 -0.21409170335795727 -0.19888506729384528 -0.21409170335795727 -0.21409170335795727 -0.21409170335795727 -0.21409170335795727 -0.21409170335795727 -0.21409170335795727 -0.21409170335795727 -0.21409170335795727 -0.21409170335795727 -0.21409170335795727 -0.21409170335795727 -0.21409170335795727 -0.21409170335795727 -0.21409170335795727 -0.21409170335795727 -0.21409170335795727 -0.21409170335795727 -0.21409170335795727 -0.21409170335795727 -0.21409170335795727 -0.21409170335795727 -0.14576873237876967 -0.21409170335795727 -0.21409170335795727 -0.21409170335795727 -0.21409170335795727 -0.1995259280529714 -0.19736164869341716 -0.1821068647573436 -0.17614167262846486 -0.1739098427424842 -0.1627888159462234 -0.1627888159462234 -0.1627888159462234 -0.1627888159462234 -0.13493349044006586 -0.12960204680651732 -0.12190901523893742 -0.12190901523893742 -0.0820882152549233 -0.09868027573317253 -0.03281880387148894 -0.03281880387148894 -0.03281880387148894 -0.03883199429684344 -0.03883199429684344 -0.03928866302395971 -0.03281880387148894 -0.027831361676233755 -0.004454610170621243
-0.22812406892408477 -0.22812406892408477 -0.22812406892408477 -0.22812406892408477 -0.22812406892408477 -0.22812406892408477 -0.22812406892408477 -0.22812406892408477 -0.22812406892408477 -0.22812406892408477 -0.22812406892408477 -0.22812406892408477 -0.22812406892408477 -0.22812406892408477 -0.22812406892408477 -0.22812406892408477 -0.22812406892408477 -0.22812406892408477 -0.22812406892408477 -0.22812406892408477 -0.22812406892408477 -0.22812406892408477 -0.22812406892408477 -0.22812406892408477 -0.22812406892408477 -0.22812406892408477 -0.22812406892408477 -0.22812406892408477 -0.22812406892408477 -0.22812406892408477 -0.19888506729384528 -0.22812406892408477 -0.22812406892408477 -0.22812406892408477 -0.22812406892408477 -0.22812406892408477 -0.22812406892408477 -0.22812406892408477 -0.22812406892408477 -0.22812406892408477 -0.22812406892408477 -0.22812406892408477 -0.22812406892408477 -0.22812406892408477 -0.22812406892408477 -0.22812406892408477 -0.22812406892408477 -0.22812406892408477 -0.22812406892408477 -0.22812406892408477 -0.22812406892408477 -0.22812406892408477 -0.22812406892408477 -0.22812406892408477 -0.22812406892408477 -0.22812406892408477 -0.22812406892408477 -0.19888506729384528 -0.22812406892408477 -0.22812406892408477 -0.22713002994941628 -0.3469204620172062 -0.22713002994941628 -0.3469204620172062 -0.22713002994941628 -0.309886856261268 -0.22713002994941628 -0.22812406892408477 -0.3469204620172062 -0.22812406892408477 -0.22713002994941628 -0.22812406892408477 -0.22713002994941628 -0.22812406892408477 -0.3469204620172062 -0.22812406892408477 -0.22812406892408477 -0.22812406892408477 -0.22812406892408477 -0.14576873237876967 -0.22812406892408477 -0.22713002994941628 -0.22812406892408477 -0.21409170335795727 -0.1995259280529714 -0.19736164869341716 -0.1821068647573436 -0.17614167262846486 -0.1739098427424842 -0.1627888159462234 -0.1627888159462234 -0.1627888159462234 -0.1627888159462234 -0.13493349044006586 -0.12960204680651732 -0.12190901523893742 -0.12190901523893742 -0.0820882152549233 -0.09868027573317253 -0.03281880387148894 -0.03281880387148894 -0.03281880387148894 -0.03883199429684344 -0.03883199429684344 -0.03928866302395971 -0.03281880387148894 -0.027831361676233755 -0.004454610170621243
-0.19736164869341716 -0.19736164869341716 -0.19736164869341716 -0.19736164869341716 -0.19736164869341716 -0.19736164869341716 -0.19736164869341716 -0.19736164869341716 -0.19736164869341716 -0.19736164869341716 -0.19736164869341716 -0.19736164869341716 -0.19736164869341716 -0.19736164869341716 -0.19736164869341716 -0.19736164869341716 -0.19736164869341716 -0.19736164869341716 -0.19736164869341716 -0.19736164869341716 -0.19736164869341716 -0.19736164869341716 -0.19736164869341716 -0.19736164869341716 -0.19736164869341716 -0.19736164869341716 -0.19736164869341716 -0.19736164869341716 -0.19736164869341716 -0.19736164869341716 -0.19736164869341716 -0.19736164869341716 -0.19736164869341716 -0.19736164869341716 -0.19736164869341716 -0.19736164869341716 -0.19736164869341716 -0.19736164869341716 -0.19736164869341716 -0.19736164869341716 -0.19736164869341716 -0.19736164869341716 -0.19736164869341716 -0.19736164869341716 -0.19736164869341716 -0.19736164869341716 -0.19736164869341716 -0.19736164869341716 -0.19736164869341716 -0.19736164869341716 -0.19736164869341716 -0.19736164869341716 -0.19736164869341716 -0.19736164869341716 -0.19736164869341716 -0.19736164869341716 -0.19736164869341716 -0.19736164869341716 -0.19736164869341716 -0.19736164869341716 -0.19736164869341716 -0.19736164869341716 -0.19736164869341716 -0.19736164869341716 -0.19736164869341716 -0.19736164869341716 -0.19736164869341716 -0.19736164869341716 -0.19736164869341716 -0.19736164869341716 -0.19736164869341716 -0.19736164869341716 -0.19736164869341716 -0.19736164869341716 -0.19736164869341716 -0.19736164869341716 -0.19736164869341716 -0.19736164869341716 -0.19736164869341716 -0.14576873237876967 -0.19736164869341716 -0.19736164869341716 -0.19736164869341716 -0.19736164869341716 -0.19736164869341716 -0.19736164869341716 -0.1821068647573436 -0.17614167262846486 -0.1739098427424842 -0.1627888159462234 -0.1627888159462234 -0.1627888159462234 -0.1627888159462234 -0.13493349044006586 -0.12960204680651732 -0.12724186720618957 -0.12637324005550074 -0.0820882152549233 -0.09868027573317253 -0.03281880387148894 -0.03281880387148894 -0.03281880387148894 -0.03883199429684344 -0.03883199429684344 -0.03928866302395971 -0.03281880387148894 -0.027831361676233755 -0.004454610170621243
-0.21409170335795727 -0.21409170335795727 -0.21409170335795727 -0.21409170335795727 -0.21409170335795727 -0.21409170335795727 -0.21409170335795727 -0.21409170335795727 -0.21409170335795727 -0.21409170335795727 -0.21409170335795727 -0.21409170335795727 -0.21409170335795727 -0.21409170335795727 -0.21409170335795727 -0.21409170335795727 -0.21409170335795727 -0.21409170335795727 -0.21409170335795727 -0.21409170335795727 -0.21409170335795727 -0.21409170335795727 -0.21409170335795727 -0.21409170335795727 -0.21409170335795727 -0.21409170335795727 -0.21409170335795727 -0.21409170335795727 -0.21409170335795727 -0.21409170335795727 -0.19888506729384528 -0.21409170335795727 -0.21409170335795727 -0.21409170335795727 -0.21409170335795727 -0.21409170335795727 -0.21409170335795727 -0.21409170335795727 -0.21409170335795727 -0.21409170335795727 -0.21409170335795727 -0.21409170335795727 -0.21409170335795727 -0.21409170335795727 -0.21409170335795727 -0.21409170335795727 -0.21409170335795727 -0.21409170335795727 -0.21409170335795727 -0.21409170335795727 -0.21409170335795727 -0.21409170335795727 -0.21409170335795727 -0.21409170335795727 -0.21409170335795727 -0.21409170335795727 -0.21409170335795727 -0.19888506729384528 -0.21409170335795727 -0.21409170335795727 -0.21409170335795727 -0.21409170335795727 -0.21409170335795727 -0.21409170335795727 -0.21409170335795727 -0.21409170335795727 -0.21409170335795727 -0.21409170335795727 -0.21409170335795727 -0.21409170335795727 -0.21409170335795727 -0.21409170335795727 -0.21409170335795727 -0.21409170335795727 -0.21409170335795727 -0.21409170335795727 -0.21409170335795727 -0.21409170335795727 -0.21409170335795727 -0.14576873237876967 -0.21409170335795727 -0.21409170335795727 -0.21409170335795727 -0.21409170335795727 -0.1995259280529714 -0.19736164869341716 -0.1821068647573436 -0.17614167262846486 -0.1739098427424842 -0.1627888159462234 -0.1627888159462234 -0.1627888159462234 -0.1627888159462234 -0.13493349044006586 -0.12960204680651732 -0.12724186720618957 -0.12603520701564488 -0.0820882152549233 -0.09868027573317253 -0.03281880387148894 -0.03281880387148894 -0.03281880387148894 -0.03883199429684344 -0.03883199429684344 -0.03928866302395971 -0.03281880387148894 -0.027831361676233755 -0.004454610170621243
-0.28743918845284816 -0.28743918845284816 -0.28743918845284816 -0.28743918845284816 -0.28743918845284816 -0.28743918845284816 -0.28743918845284816 -0.28743918845284816 -0.2810557040078787 -0.28743918845284816 -0.28743918845284816 -0.28743918845284816 -0.28743918845284816 -0.28743918845284816 -0.28743918845284816 -0.28743918845284816 -0.28743918845284816 -0.28743918845284816 -0.28743918845284816 -0.28743918845284816 -0.28743918845284816 -0.28743918845284816 -0.28743918845284816 -0.28743918845284816 -0.28743918845284816 -0.28743918845284816 -0.28743918845284816 -0.28743918845284816 -0.28743918845284816 -0.28743918845284816 -0.19888506729384528 -0.28743918845284816 -0.28743918845284816 -0.28743918845284816 -0.28743918845284816 -0.28743918845284816 -0.28743918845284816 -0.2810557040078787 -0.28743918845284816 -0.28743918845284816 -0.28743918845284816 -0.28743918845284816 -0.28743918845284816 -0.28743918845284816 -0.28743918845284816 -0.28743918845284816 -0.28743918845284816 -0.28743918845284816 -0.28743918845284816 -0.2810557040078787 -0.2810557040078787 -0.28743918845284816 -0.28743918845284816 -0.28743918845284816 -0.2457238361529283 -0.28743918845284816 -0.28743918845284816 -0.19888506729384528 -0.28743918845284816 -0.28743918845284816 -0.22713002994941628 -0.22812406892408477 -0.22713002994941628 -0.22812406892408477 -0.22713002994941628 -0.22812406892408477 -0.22713002994941628 -0.28743918845284816 -0.22812406892408477 -0.2457238361529283 -0.22713002994941628 -0.28743918845284816 -0.22713002994941628 -0.28743918845284816 -0.22812406892408477 -0.28743918845284816 -0.28743918845284816 -0.28743918845284816 -0.28112522574906906 -0.14576873237876967 -0.27120883402619844 -0.22713002994941628 -0.25982577480618435 -0.21409170335795727 -0.1995259280529714 -0.19736164869341716 -0.1821068647573436 -0.17614167262846486 -0.1739098427424842 -0.1627888159462234 -0.1627888159462234 -0.1627888159462234 -0.1627888159462234 -0.13493349044006586 -0.12960204680651732 -0.12190901523893742 -0.12190901523893742 -0.0820882152549233 -0.09868027573317253 -0.03281880387148894 -0.03281880387148894 -0.03281880387148894 -0.03883199429684344 -0.03883199429684344 -0.03928866302395971 -0.03281880387148894 -0.027831361676233755 -0.004454610170621243
-0.28743918845284816 -0.28743918845284816 -0.28743918845284816 -0.28743918845284816 -0.28743918845284816 -0.28743918845284816 -0.28743918845284816 -0.28743918845284816 -0.2810557040078787 -0.28743918845284816 -0.28743918845284816 -0.28743918845284816 -0.28743918845284816 -0.28743918845284816 -0.28743918845284816 -0.28743918845284816 -0.28743918845284816 -0.28743918845284816 -0.28743918845284816 -0.28743918845284816 -0.28743918845284816 -0.28743918845284816 -0.28743918845284816 -0.28743918845284816 -0.28743918845284816 -0.28743918845284816 -0.28743918845284816 -0.28743918845284816 -0.28743918845284816 -0.28743918845284816 -0.19888506729384528 -0.28743918845284816 -0.28743918845284816 -0.28743918845284816 -0.28743918845284816 -0.32996245312135236 -0.28743918845284816 -0.2810557040078787 -0.28743918845284816 -0.28743918845284816 -0.32996245312135236 -0.32996245312135236 -0.28743918845284816 -0.28743918845284816 -0.28743918845284816 -0.28743918845284816 -0.28743918845284816 -0.28743918845284816 -0.28743918845284816 -0.2810557040078787 -0.2810557040078787 -0.28743918845284816 -0.28743918845284816 -0.28743918845284816 -0.2457238361529283 -0.28743918845284816 -0.28743918845284816 -0.19888506729384528 -0.28743918845284816 -0.28743918845284816 -0.22713002994941628 -0.22812406892408477 -0.22713002994941628 -0.22812406892408477 -0.22713002994941628 -0.22812406892408477 -0.22713002994941628 -0.28743918845284816 -0.22812406892408477 -0.2457238361529283 -0.22713002994941628 -0.28743918845284816 -0.22713002994941628 -0.28743918845284816 -0.22812406892408477 -0.28743918845284816 -0.28743918845284816 -0.28743918845284816 -0.28112522574906906 -0.14576873237876967 -0.27120883402619844 -0.22713002994941628 -0.25982577480618435 -0.21409170335795727 -0.1995259280529714 -0.19736164869341716 -0.1821068647573436 -0.17614167262846486 -0.1739098427424842 -0.1627888159462234 -0.1627888159462234 -0.1627888159462234 -0.1627888159462234 -0.13493349044006586 -0.12960204680651732 -0.12190901523893742 -0.12190901523893742 -0.0820882152549233 -0.09868027573317253 -0.03281880387148894 -0.03281880387148894 -0.03281880387148894 -0.03883199429684344 -0.03883199429684344 -0.03928866302395971 -0.03281880387148894 -0.027831361676233755 -0.004454610170621243
-0.28743918845284816 -0.28743918845284816 -0.28743918845284816 -0.28743918845284816 -0.28743918845284816 -0.28743918845284816 -0.28743918845284816 -0.28743918845284816 -0.2810557040078787 -0.28743918845284816 -0.28743918845284816 -0.28743918845284816 -0.28743918845284816 -0.28743918845284816 -0.28743918845284816 -0.28743918845284816 -0.28743918845284816 -0.28743918845284816 -0.28743918845284816 -0.28743918845284816 -0.28743918845284816 -0.28743918845284816 -0.28743918845284816 -0.28743918845284816 -0.28743918845284816 -0.28743918845284816 -0.28743918845284816 -0.28743918845284816 -0.28743918845284816 -0.28743918845284816 -0.19888506729384528 -0.28743918845284816 -0.28743918845284816 -0.28743918845284816 -0.28743918845284816 -0.32848891270650926 -0.28743918845284816 -0.2810557040078787 -0.28743918845284816 -0.28743918845284816 -0.32848891270650926 -0.32848891270650926 -0.28743918845284816 -0.28743918845284816 -0.28743918845284816 -0.28743918845284816 -0.28743918845284816 -0.28743918845284816 -0.28743918845284816 -0.2810557040078787 -0.2810557040078787 -0.28743918845284816 -0.28743918845284816 -0.28743918845284816 -0.2457238361529283 -0.28743918845284816 -0.28743918845284816 -0.19888506729384528 -0.28743918845284816 -0.28743918845284816 -0.22713002994941628 -0.22812406892408477 -0.22713002994941628 -0.22812406892408477 -0.22713002994941628 -0.22812406892408477 -0.22713002994941628 -0.28743918845284816 -0.22812406892408477 -0.2457238361529283 -0.22713002994941628 -0.28743918845284816 -0.22713002994941628 -0.28743918845284816 -0.22812406892408477 -0.28743918845284816 -0.28743918845284816 -0.28743918845284816 -0.28112522574906906 -0.14576873237876967 -0.27120883402619844 -0.22713002994941628 -0.25982577480618435 -0.21409170335795727 -0.1995259280529714 -0.19736164869341716 -0.1821068647573436 -0.17614167262846486 -0.1739098427424842 -0.1627888159462234 -0.1627888159462234 -0.1627888159462234 -0.1627888159462234 -0.13493349044006586 -0.12960204680651732 -0.12190901523893742 -0.12190901523893742 -0.0820882152549233 -0.09868027573317253 -0.03281880387148894 -0.03281880387148894 -0.03281880387148894 -0.03883199429684344 -0.03883199429684344 -0.03928866302395971 -0.03281880387148894 -0.027831361676233755 -0.004454610170621243
-0.32412616328632143 -0.32412616328632143 -0.32412616328632143 -0.32412616328632143 -0.32412616328632143 -0.32412616328632143 -0.32412616328632143 -0.32412616328632143 -0.2810557040078787 -0.32412616328632143 -0.32412616328632143 -0.32412616328632143 -0.32412616328632143 -0.32412616328632143 -0.32412616328632143 -0.32412616328632143 -0.32412616328632143 -0.32412616328632143 -0.32412616328632143 -0.32412616328632143 -0.32412616328632143 -0.32412616328632143 -0.32412616328632143 -0.32412616328632143 -0.32412616328632143 -0.32412616328632143 -0.32412616328632143 -0.32412616328632143 -0.32412616328632143 -0.32412616328632143 -0.19888506729384528 -0.32412616328632143 -0.32412616328632143 -0.32412616328632143 -0.32412616328632143 -0.28743918845284816 -0.32412616328632143 -0.2810557040078787 -0.32412616328632143 -0.32412616328632143 -0.28743918845284816 -0.28743918845284816 -0.32412616328632143 -0.32412616328632143 -0.32412616328632143 -0.32412616328632143 -0.32412616328632143 -0.32412616328632143 -0.32412616328632143 -0.2810557040078787 -0.2810557040078787 -0.32412616328632143 -0.32412616328632143 -0.32412616328632143 -0.2457238361529283 -0.32412616328632143 -0.32412616328632143 -0.19888506729384528 -0.30465158591214453 -0.30465158591214453 -0.22713002994941628 -0.22812406892408477 -0.22713002994941628 -0.22812406892408477 -0.22713002994941628 -0.22812406892408477 -0.22713002994941628 -0.32412616328632143 -0.22812406892408477 -0.2457238361529283 -0.22713002994941628 -0.32412616328632143 -0.22713002994941628 -0.32412616328632143 -0.22812406892408477 -0.2910831897350783 -0.2910831897350783 -0.2910831897350783 -0.28112522574906906 -0.14576873237876967 -0.27120883402619844 -0.22713002994941628 -0.25982577480618435 -0.21409170335795727 -0.1995259280529714 -0.19736164869341716 -0.1821068647573436 -0.17614167262846486 -0.1739098427424842 -0.1627888159462234 -0.1627888159462234 -0.1627888159462234 -0.1627888159462234 -0.13493349044006586 -0.12960204680651732 -0.12190901523893742 -0.12190901523893742 -0.0820882152549233 -0.09868027573317253 -0.03281880387148894 -0.03281880387148894 -0.03281880387148894 -0.03883199429684344 -0.03883199429684344 -0.03928866302395971 -0.03281880387148894 -0.027831361676233755 -0.004454610170621243
-0.296797156628846 -0.296797156628846 -0.296797156628846 -0.296797156628846 -0.296797156628846 -0.296797156628846 -0.296797156628846 -0.296797156628846 -0.2810557040078787 -0.296797156628846 -0.296797156628846 -0.296797156628846 -0.296797156628846 -0.296797156628846 -0.296797156628846 -0.296797156628846 -0.296797156628846 -0.296797156628846 -0.296797156628846 -0.296797156628846 -0.296797156628846 -0.296797156628846 -0.296797156628846 -0.296797156628846 -0.296797156628846 -0.296797156628846 -0.296797156628846 -0.296797156628846 -0.296797156628846 -0.296797156628846 -0.19888506729384528 -0.296797156628846 -0.296797156628846 -0.296797156628846 -0.296797156628846 -0.28743918845284816 -0.296797156628846 -0.2810557040078787 -0.296797156628846 -0.296797156628846 -0.28743918845284816 -0.28743918845284816 -0.296797156628846 -0.296797156628846 -0.296797156628846 -0.296797156628846 -0.296797156628846 -0.296797156628846 -0.296797156628846 -0.2810557040078787 -0.2810557040078787 -0.296797156628846 -0.296797156628846 -0.296797156628846 -0.2457238361529283 -0.296797156628846 -0.296797156628846 -0.19888506729384528 -0.296797156628846 -0.296797156628846 -0.22713002994941628 -0.22812406892408477 -0.22713002994941628 -0.22812406892408477 -0.22713002994941628 -0.22812406892408477 -0.22713002994941628 -0.296797156628846 -0.22812406892408477 -0.2457238361529283 -0.22713002994941628 -0.296797156628846 -0.22713002994941628 -0.296797156628846 -0.22812406892408477 -0.2910831897350783 -0.2910831897350783 -0.2910831897350783 -0.28112522574906906 -0.14576873237876967 -0.27120883402619844 -0.22713002994941628 -0.25982577480618435 -0.21409170335795727 -0.1995259280529714 -0.19736164869341716 -0.1821068647573436 -0.17614167262846486 -0.1739098427424842 -0.1627888159462234 -0.1627888159462234 -0.1627888159462234 -0.1627888159462234 -0.13493349044006586 -0.12960204680651732 -0.12190901523893742 -0.12190901523893742 -0.0820882152549233 -0.09868027573317253 -0.03281880387148894 -0.03281880387148894 -0.03281880387148894 -0.03883199429684344 -0.03883199429684344 -0.03928866302395971 -0.03281880387148894 -0.027831361676233755 -0.004454610170621243
-0.29544440460518995 -0.29544440460518995 -0.29544440460518995 -0.29544440460518995 -0.29544440460518995 -0.29544440460518995 -0.29544440460518995 -0.29544440460518995 -0.2810557040078787 -0.29544440460518995 -0.29544440460518995 -0.29544440460518995 -0.29544440460518995 -0.29544440460518995 -0.29544440460518995 -0.29544440460518995 -0.29544440460518995 -0.29544440460518995 -0.29544440460518995 -0.29544440460518995 -0.29544440460518995 -0.29544440460518995 -0.29544440460518995 -0.29544440460518995 -0.29544440460518995 -0.29544440460518995 -0.29544440460518995 -0.29544440460518995 -0.29544440460518995 -0.29544440460518995 -0.19888506729384528 -0.29544440460518995 -0.29544440460518995 -0.29544440460518995 -0.29544440460518995 -0.28743918845284816 -0.29544440460518995 -0.2810557040078787 -0.29544440460518995 -0.29544440460518995 -0.28743918845284816 -0.28743918845284816 -0.29544440460518995 -0.29544440460518995 -0.29544440460518995 -0.29544440460518995 -0.29544440460518995 -0.29544440460518995 -0.29544440460518995 -0.2810557040078787 -0.2810557040078787 -0.29544440460518995 -0.29544440460518995 -0.29544440460518995 -0.2457238361529283 -0.29544440460518995 -0.29544440460518995 -0.19888506729384528 -0.29544440460518995 -0.29544440460518995 -0.22713002994941628 -0.22812406892408477 -0.22713002994941628 -0.22812406892408477 -0.22713002994941628 -0.22812406892408477 -0.22713002994941628 -0.29544440460518995 -0.22812406892408477 -0.2457238361529283 -0.22713002994941628 -0.29544440460518995 -0.22713002994941628 -0.29544440460518995 -0.22812406892408477 -0.2910831897350783 -0.2910831897350783 -0.2910831897350783 -0.28112522574906906 -0.14576873237876967 -0.27120883402619844 -0.22713002994941628 -0.25982577480618435 -0.21409170335795727 -0.1995259280529714 -0.19736164869341716 -0.1821068647573436 -0.17614167262846486 -0.1739098427424842 -0.1627888159462234 -0.1627888159462234 -0.1627888159462234 -0.1627888159462234 -0.13493349044006586 -0.12960204680651732 -0.12190901523893742 -0.12190901523893742 -0.0820882152549233 -0.09868027573317253 -0.03281880387148894 -0.03281880387148894 -0.03281880387148894 -0.03883199429684344 -0.03883199429684344 -0.03928866302395971 -0.03281880387148894 -0.027831361676233755 -0.004454610170621243
-0.29166609327536813 -0.29166609327536813 -0.29166609327536813 -0.29166609327536813 -0.29166609327536813 -0.29166609327536813 -0.29166609327536813 -0.29166609327536813 -0.2810557040078787 -0.29166609327536813 -0.29166609327536813 -0.29166609327536813 -0.29166609327536813 -0.29166609327536813 -0.29166609327536813 -0.29166609327536813 -0.29166609327536813 -0.29166609327536813 -0.29166609327536813 -0.29166609327536813 -0.29166609327536813 -0.29166609327536813 -0.29166609327536813 -0.29166609327536813 -0.29166609327536813 -0.29166609327536813 -0.29166609327536813 -0.29166609327536813 -0.29166609327536813 -0.29166609327536813 -0.19888506729384528 -0.29166609327536813 -0.29166609327536813 -0.29166609327536813 -0.29166609327536813 -0.28743918845284816 -0.29166609327536813 -0.2810557040078787 -0.29166609327536813 -0.29166609327536813 -0.28743918845284816 -0.28743918845284816 -0.29166609327536813 -0.29166609327536813 -0.29166609327536813 -0.29166609327536813 -0.29166609327536813 -0.29166609327536813 -0.29166609327536813 -0.2810557040078787 -0.2810557040078787 -0.29166609327536813 -0.29166609327536813 -0.29166609327536813 -0.2457238361529283 -0.29166609327536813 -0.29166609327536813 -0.19888506729384528 -0.29166609327536813 -0.29166609327536813 -0.22713002994941628 -0.22812406892408477 -0.22713002994941628 -0.22812406892408477 -0.22713002994941628 -0.22812406892408477 -0.22713002994941628 -0.29166609327536813 -0.22812406892408477 -0.2457238361529283 -0.22713002994941628 -0.29166609327536813 -0.22713002994941628 -0.29166609327536813 -0.22812406892408477 -0.2910831897350783 -0.2910831897350783 -0.2910831897350783 -0.28112522574906906 -0.14576873237876967 -0.27120883402619844 -0.22713002994941628 -0.25982577480618435 -0.21409170335795727 -0.1995259280529714 -0.19736164869341716 -0.1821068647573436 -0.17614167262846486 -0.1739098427424842 -0.1627888159462234 -0.1627888159462234 -0.1627888159462234 -0.1627888159462234 -0.13493349044006586 -0.12960204680651732 -0.12190901523893742 -0.12190901523893742 -0.0820882152549233 -0.09868027573317253 -0.03281880387148894 -0.03281880387148894 -0.03281880387148894 -0.03883199429684344 -0.03883199429684344 -0.03928866302395971 -0.03281880387148894 -0.027831361676233755 -0.004454610170621243
-0.2906438428184867 -0.2906438428184867 -0.2906438428184867 -0.2906438428184867 -0.2906438428184867 -0.2906438428184867 -0.2906438428184867 -0.2906438428184867 -0.2810557040078787 -0.2906438428184867 -0.2906438428184867 -0.2906438428184867 -0.2906438428184867 -0.2906438428184867 -0.2906438428184867 -0.2906438428184867 -0.2906438428184867 -0.2906438428184867 -0.2906438428184867 -0.2906438428184867 -0.2906438428184867 -0.2906438428184867 -0.2906438428184867 -0.2906438428184867 -0.2906438428184867 -0.2906438428184867 -0.2906438428184867 -0.2906438428184867 -0.2906438428184867 -0.2906438428184867 -0.19888506729384528 -0.2906438428184867 -0.2906438428184867 -0.2906438428184867 -0.2906438428184867 -0.28743918845284816 -0.2906438428184867 -0.2810557040078787 -0.2906438428184867 -0.2906438428184867 -0.28743918845284816 -0.28743918845284816 -0.2906438428184867 -0.2906438428184867 -0.2906438428184867 -0.2906438428184867 -0.2906438428184867 -0.2906438428184867 -0.2906438428184867 -0.2810557040078787 -0.2810557040078787 -0.2906438428184867 -0.2906438428184867 -0.2906438428184867 -0.2457238361529283 -0.2906438428184867 -0.2906438428184867 -0.19888506729384528 -0.2906438428184867 -0.2906438428184867 -0.22713002994941628 -0.22812406892408477 -0.22713002994941628 -0.22812406892408477 -0.22713002994941628 -0.22812406892408477 -0.22713002994941628 -0.2906438428184867 -0.22812406892408477 -0.2457238361529283 -0.22713002994941628 -0.2906438428184867 -0.22713002994941628 -0.2906438428184867 -0.22812406892408477 -0.2906438428184867 -0.2906438428184867 -0.2906438428184867 -0.28112522574906906 -0.14576873237876967 -0.27120883402619844 -0.22713002994941628 -0.25982577480618435 -0.21409170335795727 -0.1995259280529714 -0.19736164869341716 -0.1821068647573436 -0.17614167262846486 -0.1739098427424842 -0.1627888159462234 -0.1627888159462234 -0.1627888159462234 -0.1627888159462234 -0.13493349044006586 -0.12960204680651732 -0.12190901523893742 -0.12190901523893742 -0.0820882152549233 -0.09868027573317253 -0.03281880387148894 -0.03281880387148894 -0.03281880387148894 -0.03883199429684344 -0.03883199429684344 -0.03928866302395971 -0.03281880387148894 -0.027831361676233755 -0.004454610170621243
-0.2788254420387021 -0.2788254420387021 -0.2788254420387021 -0.2788254420387021 -0.2788254420387021 -0.2788254420387021 -0.2788254420387021 -0.2788254420387021 -0.2788254420387021 -0.2788254420387021 -0.2788254420387021 -0.2788254420387021 -0.2788254420387021 -0.2788254420387021 -0.2788254420387021 -0.2788254420387021 -0.2788254420387021 -0.2788254420387021 -0.2788254420387021 -0.2788254420387021 -0.2788254420387021 -0.2788254420387021 -0.2788254420387021 -0.2788254420387021 -0.2788254420387021 -0.2788254420387021 -0.2788254420387021 -0.2788254420387021 -0.2788254420387021 -0.2788254420387021 -0.19888506729384528 -0.2788254420387021 -0.2788254420387021 -0.2788254420387021 -0.2788254420387021 -0.2788254420387021 -0.2788254420387021 -0.2788254420387021 -0.2788254420387021 -0.2788254420387021 -0.2788254420387021 -0.2788254420387021 -0.2788254420387021 -0.2788254420387021 -0.2788254420387021 -0.2788254420387021 -0.2788254420387021 -0.2788254420387021 -0.2788254420387021 -0.2788254420387021 -0.2788254420387021 -0.2788254420387021 -0.2788254420387021 -0.2788254420387021 -0.2457238361529283 -0.2788254420387021 -0.2788254420387021 -0.19888506729384528 -0.2788254420387021 -0.2788254420387021 -0.22713002994941628 -0.22812406892408477 -0.22713002994941628 -0.22812406892408477 -0.22713002994941628 -0.22812406892408477 -0.22713002994941628 -0.2788254420387021 -0.22812406892408477 -0.2457238361529283 -0.22713002994941628 -0.2788254420387021 -0.22713002994941628 -0.2788254420387021 -0.22812406892408477 -0.2788254420387021 -0.2788254420387021 -0.2788254420387021 -0.2788254420387021 -0.14576873237876967 -0.27120883402619844 -0.22713002994941628 -0.25982577480618435 -0.21409170335795727 -0.1995259280529714 -0.19736164869341716 -0.1821068647573436 -0.17614167262846486 -0.1739098427424842 -0.1627888159462234 -0.1627888159462234 -0.1627888159462234 -0.1627888159462234 -0.13493349044006586 -0.12960204680651732 -0.12190901523893742 -0.12190901523893742 -0.0820882152549233 -0.09868027573317253 -0.03281880387148894 -0.03281880387148894 -0.03281880387148894 -0.03883199429684344 -0.03883199429684344 -0.03928866302395971 -0.03281880387148894 -0.027831361676233755 -0.004454610170621243
-0.21409170335795727 -0.21409170335795727 -0.21409170335795727 -0.21409170335795727 -0.21409170335795727 -0.21409170335795727 -0.21409170335795727 -0.21409170335795727 -0.21409170335795727 -0.21409170335795727 -0.21409170335795727 -0.21409170335795727 -0.21409170335795727 -0.21409170335795727 -0.21409170335795727 -0.21409170335795727 -0.21409170335795727 -0.21409170335795727 -0.21409170335795727 -0.21409170335795727 -0.21409170335795727 -0.21409170335795727 -0.21409170335795727 -0.21409170335795727 -0.21409170335795727 -0.21409170335795727 -0.21409170335795727 -0.21409170335795727 -0.21409170335795727 -0.21409170335795727 -0.19888506729384528 -0.21409170335795727 -0.21409170335795727 -0.21409170335795727 -0.21409170335795727 -0.21409170335795727 -0.21409170335795727 -0.21409170335795727 -0.21409170335795727 -0.21409170335795727 -0.21409170335795727 -0.21409170335795727 -0.21409170335795727 -0.21409170335795727 -0.21409170335795727 -0.21409170335795727 -0.21409170335795727 -0.21409170335795727 -0.21409170335795727 -0.21409170335795727 -0.21409170335795727 -0.21409170335795727 -0.21409170335795727 -0.21409170335795727 -0.21409170335795727 -0.21409170335795727 -0.21409170335795727 -0.19888506729384528 -0.21409170335795727 -0.21409170335795727 -0.21409170335795727 -0.21409170335795727 -0.21409170335795727 -0.21409170335795727 -0.21409170335795727 -0.21409170335795727 -0.21409170335795727 -0.21409170335795727 -0.21409170335795727 -0.21409170335795727 -0.21409170335795727 -0.21409170335795727 -0.21409170335795727 -0.21409170335795727 -0.21409170335795727 -0.21409170335795727 -0.21409170335795727 -0.21409170335795727 -0.21409170335795727 -0.14576873237876967 -0.21409170335795727 -0.21409170335795727 -0.21409170335795727 -0.21409170335795727 -0.1995259280529714 -0.19736164869341716 -0.1821068647573436 -0.17614167262846486 -0.1739098427424842 -0.1627888159462234 -0.1627888159462234 -0.1627888159462234 -0.1627888159462234 -0.13493349044006586 -0.12960204680651732 -0.12724186720618957 -0.12603520701564488 -0.0820882152549233 -0.09868027573317253 -0.03281880387148894 -0.03281880387148894 -0.03281880387148894 -0.03883199429684344 -0.03883199429684344 -0.03928866302395971 -0.03281880387148894 -0.027831361676233755 -0.004454610170621243
-0.26887628589446844 -0.26887628589446844 -0.26887628589446844 -0.26887628589446844 -0.26887628589446844 -0.26887628589446844 -0.26887628589446844 -0.26887628589446844 -0.26887628589446844 -0.26887628589446844 -0.26887628589446844 -0.26887628589446844 -0.26887628589446844 -0.26887628589446844 -0.26887628589446844 -0.26887628589446844 -0.26887628589446844 -0.26887628589446844 -0.26887628589446844 -0.26887628589446844 -0.26887628589446844 -0.26887628589446844 -0.26887628589446844 -0.26887628589446844 -0.26887628589446844 -0.26887628589446844 -0.26887628589446844 -0.26887628589446844 -0.26887628589446844 -0.26887628589446844 -0.19888506729384528 -0.26887628589446844 -0.26887628589446844 -0.26887628589446844 -0.26887628589446844 -0.26887628589446844 -0.26887628589446844 -0.26887628589446844 -0.26887628589446844 -0.26887628589446844 -0.26887628589446844 -0.26887628589446844 -0.26887628589446844 -0.26887628589446844 -0.26887628589446844 -0.26887628589446844 -0.26887628589446844 -0.26887628589446844 -0.26887628589446844 -0.26887628589446844 -0.26887628589446844 -0.26887628589446844 -0.26887628589446844 -0.26887628589446844 -0.2457238361529283 -0.26887628589446844 -0.26887628589446844 -0.19888506729384528 -0.26887628589446844 -0.26887628589446844 -0.22713002994941628 -0.22812406892408477 -0.22713002994941628 -0.22812406892408477 -0.22713002994941628 -0.22812406892408477 -0.22713002994941628 -0.26887628589446844 -0.22812406892408477 -0.2457238361529283 -0.22713002994941628 -0.26887628589446844 -0.22713002994941628 -0.26887628589446844 -0.22812406892408477 -0.26887628589446844 -0.26887628589446844 -0.26887628589446844 -0.26887628589446844 -0.14576873237876967 -0.26887628589446844 -0.22713002994941628 -0.25982577480618435 -0.21409170335795727 -0.1995259280529714 -0.19736164869341716 -0.1821068647573436 -0.17614167262846486 -0.1739098427424842 -0.1627888159462234 -0.1627888159462234 -0.1627888159462234 -0.1627888159462234 -0.13493349044006586 -0.12960204680651732 -0.12190901523893742 -0.12190901523893742 -0.0820882152549233 -0.09868027573317253 -0.03281880387148894 -0.03281880387148894 -0.03281880387148894 -0.03883199429684344 -0.03883199429684344 -0.03928866302395971 -0.03281880387148894 -0.027831361676233755 -0.004454610170621243
-0.22713002994941628 -0.22713002994941628 -0.22713002994941628 -0.22713002994941628 -0.22713002994941628 -0.22713002994941628 -0.22713002994941628 -0.22713002994941628 -0.22713002994941628 -0.22713002994941628 -0.22713002994941628 -0.22713002994941628 -0.22713002994941628 -0.22713002994941628 -0.22713002994941628 -0.22713002994941628 -0.22713002994941628 -0.22713002994941628 -0.22713002994941628 -0.22713002994941628 -0.22713002994941628 -0.22713002994941628 -0.22713002994941628 -0.22713002994941628 -0.22713002994941628 -0.22713002994941628 -0.22713002994941628 -0.22713002994941628 -0.22713002994941628 -0.22713002994941628 -0.19888506729384528 -0.22713002994941628 -0.22713002994941628 -0.22713002994941628 -0.22713002994941628 -0.22713002994941628 -0.22713002994941628 -0.22713002994941628 -0.22713002994941628 -0.22713002994941628 -0.22713002994941628 -0.22713002994941628 -0.22713002994941628 -0.22713002994941628 -0.22713002994941628 -0.22713002994941628 -0.22713002994941628 -0.22713002994941628 -0.22713002994941628 -0.22713002994941628 -0.22713002994941628 -0.22713002994941628 -0.22713002994941628 -0.22713002994941628 -0.22713002994941628 -0.22713002994941628 -0.22713002994941628 -0.19888506729384528 -0.22713002994941628 -0.22713002994941628 -0.26496873291905393 -0.22713002994941628 -0.26496873291905393 -0.22713002994941628 -0.26496873291905393 -0.22713002994941628 -0.26496873291905393 -0.22713002994941628 -0.22713002994941628 -0.22713002994941628 -0.26496873291905393 -0.22713002994941628 -0.26496873291905393 -0.22713002994941628 -0.22713002994941628 -0.22713002994941628 -0.22713002994941628 -0.22713002994941628 -0.22713002994941628 -0.14576873237876967 -0.22713002994941628 -0.26496873291905393 -0.22713002994941628 -0.22391538836037514 -0.1995259280529714 -0.19736164869341716 -0.18229079596410133 -0.17614167262846486 -0.1739098427424842 -0.1627888159462234 -0.1627888159462234 -0.1627888159462234 -0.1627888159462234 -0.13493349044006586 -0.12960204680651732 -0.12190901523893742 -0.12190901523893742 -0.0820882152549233 -0.09868027573317253 -0.03281880387148894 -0.03281880387148894 -0.03281880387148894 -0.03883199429684344 -0.03883199429684344 -0.03928866302395971 -0.03281880387148894 -0.027831361676233755 -0.004454610170621243
-0.1627888159462234 -0.1627888159462234 -0.1627888159462234 -0.1627888159462234 -0.1627888159462234 -0.1627888159462234 -0.1627888159462234 -0.1627888159462234 -0.1627888159462234 -0.1627888159462234 -0.1627888159462234 -0.1627888159462234 -0.1627888159462234 -0.1627888159462234 -0.1627888159462234 -0.1627888159462234 -0.1627888159462234 -0.1627888159462234 -0.1627888159462234 -0.1627888159462234 -0.1627888159462234 -0.1627888159462234 -0.1627888159462234 -0.1627888159462234 -0.1627888159462234 -0.1627888159462234 -0.1627888159462234 -0.1627888159462234 -0.1627888159462234 -0.1627888159462234 -0.1627888159462234 -0.1627888159462234 -0.1627888159462234 -0.1627888159462234 -0.1627888159462234 -0.1627888159462234 -0.1627888159462234 -0.1627888159462234 -0.1627888159462234 -0.1627888159462234 -0.1627888159462234 -0.1627888159462234 -0.1627888159462234 -0.1627888159462234 -0.1627888159462234 -0.1627888159462234 -0.1627888159462234 -0.1627888159462234 -0.1627888159462234 -0.1627888159462234 -0.1627888159462234 -0.1627888159462234 -0.1627888159462234 -0.1627888159462234 -0.1627888159462234 -0.1627888159462234 -0.1627888159462234 -0.1627888159462234 -0.1627888159462234 -0.1627888159462234 -0.1627888159462234 -0.1627888159462234 -0.1627888159462234 -0.1627888159462234 -0.1627888159462234 -0.1627888159462234 -0.1627888159462234 -0.1627888159462234 -0.1627888159462234 -0.1627888159462234 -0.1627888159462234 -0.1627888159462234 -0.1627888159462234 -0.1627888159462234 -0.1627888159462234 -0.1627888159462234 -0.1627888159462234 -0.1627888159462234 -0.1627888159462234 -0.24823462070503807 -0.1627888159462234 -0.1627888159462234 -0.1627888159462234 -0.1627888159462234 -0.1627888159462234 -0.1627888159462234 -0.1627888159462234 -0.1627888159462234 -0.1627888159462234 -0.1627888159462234 -0.1627888159462234 -0.1627888159462234 -0.1627888159462234 -0.13493349044006586 -0.12960204680651732 -0.12190901523893742 -0.12190901523893742 -0.0820882152549233 -0.09868027573317253 -0.03281880387148894 -0.03281880387148894 -0.03281880387148894 -0.03883199429684344 -0.03883199429684344 -0.03928866302395971 -0.03281880387148894 -0.027831361676233755 -0.004454610170621243
-0.1739098427424842 -0.1739098427424842 -0.1739098427424842 -0.1739098427424842 -0.1739098427424842 -0.1739098427424842 -0.1739098427424842 -0.1739098427424842 -0.1739098427424842 -0.1739098427424842 -0.1739098427424842 -0.1739098427424842 -0.1739098427424842 -0.1739098427424842 -0.1739098427424842 -0.1739098427424842 -0.1739098427424842 -0.1739098427424842 -0.1739098427424842 -0.1739098427424842 -0.1739098427424842 -0.1739098427424842 -0.1739098427424842 -0.1739098427424842 -0.1739098427424842 -0.1739098427424842 -0.1739098427424842 -0.1739098427424842 -0.1739098427424842 -0.1739098427424842 -0.1739098427424842 -0.1739098427424842 -0.1739098427424842 -0.1739098427424842 -0.1739098427424842 -0.1739098427424842 -0.1739098427424842 -0.1739098427424842 -0.1739098427424842 -0.1739098427424842 -0.1739098427424842 -0.1739098427424842 -0.1739098427424842 -0.1739098427424842 -0.1739098427424842 -0.1739098427424842 -0.1739098427424842 -0.1739098427424842 -0.1739098427424842 -0.1739098427424842 -0.1739098427424842 -0.1739098427424842 -0.1739098427424842 -0.1739098427424842 -0.1739098427424842 -0.1739098427424842 -0.1739098427424842 -0.1739098427424842 -0.1739098427424842 -0.1739098427424842 -0.1739098427424842 -0.1739098427424842 -0.1739098427424842 -0.1739098427424842 -0.1739098427424842 -0.1739098427424842 -0.1739098427424842 -0.1739098427424842 -0.1739098427424842 -0.1739098427424842 -0.1739098427424842 -0.1739098427424842 -0.1739098427424842 -0.1739098427424842 -0.1739098427424842 -0.1739098427424842 -0.1739098427424842 -0.1739098427424842 -0.1739098427424842 -0.24549594132495206 -0.1739098427424842 -0.1739098427424842 -0.1739098427424842 -0.1739098427424842 -0.1739098427424842 -0.1739098427424842 -0.1739098427424842 -0.1739098427424842 -0.1739098427424842 -0.1627888159462234 -0.1627888159462234 -0.1627888159462234 -0.1627888159462234 -0.13493349044006586 -0.12960204680651732 -0.12190901523893742 -0.12190901523893742 -0.0820882152549233 -0.09868027573317253 -0.03281880387148894 -0.03281880387148894 -0.03281880387148894 -0.03883199429684344 -0.03883199429684344 -0.03928866302395971 -0.03281880387148894 -0.027831361676233755 -0.004454610170621243
-0.23260326822315336 -0.23260326822315336 -0.23260326822315336 -0.23260326822315336 -0.23260326822315336 -0.23260326822315336 -0.23260326822315336 -0.23260326822315336 -0.23260326822315336 -0.23260326822315336 -0.23260326822315336 -0.23260326822315336 -0.23260326822315336 -0.23260326822315336 -0.23260326822315336 -0.23260326822315336 -0.23260326822315336 -0.23260326822315336 -0.23260326822315336 -0.23260326822315336 -0.23260326822315336 -0.23260326822315336 -0.23260326822315336 -0.23260326822315336 -0.23260326822315336 -0.23260326822315336 -0.23260326822315336 -0.23260326822315336 -0.23260326822315336 -0.23260326822315336 -0.19888506729384528 -0.23260326822315336 -0.23260326822315336 -0.23260326822315336 -0.23260326822315336 -0.23260326822315336 -0.23260326822315336 -0.23260326822315336 -0.23260326822315336 -0.23260326822315336 -0.23260326822315336 -0.23260326822315336 -0.23260326822315336 -0.23260326822315336 -0.23260326822315336 -0.23260326822315336 -0.23260326822315336 -0.23260326822315336 -0.23260326822315336 -0.23260326822315336 -0.23260326822315336 -0.23260326822315336 -0.23260326822315336 -0.23260326822315336 -0.23260326822315336 -0.23260326822315336 -0.23260326822315336 -0.19888506729384528 -0.23260326822315336 -0.23260326822315336 -0.22713002994941628 -0.22812406892408477 -0.22713002994941628 -0.22812406892408477 -0.22713002994941628 -0.22812406892408477 -0.22713002994941628 -0.23260326822315336 -0.22812406892408477 -0.23260326822315336 -0.22713002994941628 -0.23260326822315336 -0.22713002994941628 -0.23260326822315336 -0.22812406892408477 -0.23260326822315336 -0.23260326822315336 -0.23260326822315336 -0.23260326822315336 -0.14576873237876967 -0.23260326822315336 -0.22713002994941628 -0.23260326822315336 -0.21409170335795727 -0.1995259280529714 -0.19736164869341716 -0.1821068647573436 -0.17614167262846486 -0.1739098427424842 -0.1627888159462234 -0.1627888159462234 -0.1627888159462234 -0.1627888159462234 -0.13493349044006586 -0.12960204680651732 -0.12190901523893742 -0.12190901523893742 -0.0820882152549233 -0.09868027573317253 -0.03281880387148894 -0.03281880387148894 -0.03281880387148894 -0.03883199429684344 -0.03883199429684344 -0.03928866302395971 -0.03281880387148894 -0.027831361676233755 -0.004454610170621243
-0.22853818676386117 -0.22853818676386117 -0.22853818676386117 -0.22853818676386117 -0.22853818676386117 -0.22853818676386117 -0.22853818676386117 -0.22853818676386117 -0.22853818676386117 -0.22853818676386117 -0.22853818676386117 -0.22853818676386117 -0.22853818676386117 -0.22853818676386117 -0.22853818676386117 -0.22853818676386117 -0.22853818676386117 -0.22853818676386117 -0.22853818676386117 -0.22853818676386117 -0.22853818676386117 -0.22853818676386117 -0.22853818676386117 -0.22853818676386117 -0.22853818676386117 -0.22853818676386117 -0.22853818676386117 -0.22853818676386117 -0.22853818676386117 -0.22853818676386117 -0.19888506729384528 -0.22853818676386117 -0.22853818676386117 -0.22853818676386117 -0.22853818676386117 -0.22853818676386117 -0.22853818676386117 -0.22853818676386117 -0.22853818676386117 -0.22853818676386117 -0.22853818676386117 -0.22853818676386117 -0.22853818676386117 -0.22853818676386117 -0.22853818676386117 -0.22853818676386117 -0.22853818676386117 -0.22853818676386117 -0.22853818676386117 -0.22853818676386117 -0.22853818676386117 -0.22853818676386117 -0.22853818676386117 -0.22853818676386117 -0.22853818676386117 -0.22853818676386117 -0.22853818676386117 -0.19888506729384528 -0.22853818676386117 -0.22853818676386117 -0.22713002994941628 -0.22812406892408477 -0.22713002994941628 -0.22812406892408477 -0.22713002994941628 -0.22812406892408477 -0.22713002994941628 -0.22853818676386117 -0.22812406892408477 -0.22853818676386117 -0.22713002994941628 -0.22853818676386117 -0.22713002994941628 -0.22853818676386117 -0.22812406892408477 -0.22853818676386117 -0.22853818676386117 -0.22853818676386117 -0.22853818676386117 -0.14576873237876967 -0.22853818676386117 -0.22713002994941628 -0.22853818676386117 -0.21409170335795727 -0.1995259280529714 -0.19736164869341716 -0.1821068647573436 -0.17614167262846486 -0.1739098427424842 -0.1627888159462234 -0.1627888159462234 -0.1627888159462234 -0.1627888159462234 -0.13493349044006586 -0.12960204680651732 -0.12190901523893742 -0.12190901523893742 -0.0820882152549233 -0.09868027573317253 -0.03281880387148894 -0.03281880387148894 -0.03281880387148894 -0.03883199429684344 -0.03883199429684344 -0.03928866302395971 -0.03281880387148894 -0.027831361676233755 -0.004454610170621243
-0.22780646068909655 -0.22780646068909655 -0.22780646068909655 -0.22780646068909655 -0.22780646068909655 -0.22780646068909655 -0.22780646068909655 -0.22780646068909655 -0.22780646068909655 -0.22780646068909655 -0.22780646068909655 -0.22780646068909655 -0.22780646068909655 -0.22780646068909655 -0.22780646068909655 -0.22780646068909655 -0.22780646068909655 -0.22780646068909655 -0.22780646068909655 -0.22780646068909655 -0.22780646068909655 -0.22780646068909655 -0.22780646068909655 -0.22780646068909655 -0.22780646068909655 -0.22780646068909655 -0.22780646068909655 -0.22780646068909655 -0.22780646068909655 -0.22780646068909655 -0.19888506729384528 -0.22780646068909655 -0.22780646068909655 -0.22780646068909655 -0.22780646068909655 -0.22780646068909655 -0.22780646068909655 -0.22780646068909655 -0.22780646068909655 -0.22780646068909655 -0.22780646068909655 -0.22780646068909655 -0.22780646068909655 -0.22780646068909655 -0.22780646068909655 -0.22780646068909655 -0.22780646068909655 -0.22780646068909655 -0.22780646068909655 -0.22780646068909655 -0.22780646068909655 -0.22780646068909655 -0.22780646068909655 -0.22780646068909655 -0.22780646068909655 -0.22780646068909655 -0.22780646068909655 -0.19888506729384528 -0.22780646068909655 -0.22780646068909655 -0.22713002994941628 -0.22780646068909655 -0.22713002994941628 -0.22780646068909655 -0.22713002994941628 -0.22780646068909655 -0.22713002994941628 -0.22780646068909655 -0.22780646068909655 -0.22780646068909655 -0.22713002994941628 -0.22780646068909655 -0.22713002994941628 -0.22780646068909655 -0.22780646068909655 -0.22780646068909655 -0.22780646068909655 -0.22780646068909655 -0.22780646068909655 -0.14576873237876967 -0.22780646068909655 -0.22713002994941628 -0.22780646068909655 -0.21409170335795727 -0.1995259280529714 -0.19736164869341716 -0.1821068647573436 -0.17614167262846486 -0.1739098427424842 -0.1627888159462234 -0.1627888159462234 -0.1627888159462234 -0.1627888159462234 -0.13493349044006586 -0.12960204680651732 -0.12190901523893742 -0.12190901523893742 -0.0820882152549233 -0.09868027573317253 -0.03281880387148894 -0.03281880387148894 -0.03281880387148894 -0.03883199429684344 -0.03883199429684344 -0.03928866302395971 -0.03281880387148894 -0.027831361676233755 -0.004454610170621243
-0.2230737573825625 -0.2230737573825625 -0.2230737573825625 -0.2230737573825625 -0.2230737573825625 -0.2230737573825625 -0.2230737573825625 -0.2230737573825625 -0.2230737573825625 -0.2230737573825625 -0.2230737573825625 -0.2230737573825625 -0.2230737573825625 -0.2230737573825625 -0.2230737573825625 -0.2230737573825625 -0.2230737573825625 -0.2230737573825625 -0.2230737573825625 -0.2230737573825625 -0.2230737573825625 -0.2230737573825625 -0.2230737573825625 -0.2230737573825625 -0.2230737573825625 -0.2230737573825625 -0.2230737573825625 -0.2230737573825625 -0.2230737573825625 -0.2230737573825625 -0.19888506729384528 -0.2230737573825625 -0.2230737573825625 -0.2230737573825625 -0.2230737573825625 -0.2230737573825625 -0.2230737573825625 -0.2230737573825625 -0.2230737573825625 -0.2230737573825625 -0.2230737573825625 -0.2230737573825625 -0.2230737573825625 -0.2230737573825625 -0.2230737573825625 -0.2230737573825625 -0.2230737573825625 -0.2230737573825625 -0.2230737573825625 -0.2230737573825625 -0.2230737573825625 -0.2230737573825625 -0.2230737573825625 -0.2230737573825625 -0.2230737573825625 -0.2230737573825625 -0.2230737573825625 -0.19888506729384528 -0.2230737573825625 -0.2230737573825625 -0.2230737573825625 -0.2230737573825625 -0.2230737573825625 -0.2230737573825625 -0.2230737573825625 -0.2230737573825625 -0.2230737573825625 -0.2230737573825625 -0.2230737573825625 -0.2230737573825625 -0.2230737573825625 -0.2230737573825625 -0.2230737573825625 -0.2230737573825625 -0.2230737573825625 -0.2230737573825625 -0.2230737573825625 -0.2230737573825625 -0.2230737573825625 -0.14576873237876967 -0.2230737573825625 -0.2230737573825625 -0.2230737573825625 -0.2230737573825625 -0.1995259280529714 -0.19736164869341716 -0.18229079596410133 -0.17614167262846486 -0.1739098427424842 -0.1627888159462234 -0.1627888159462234 -0.1627888159462234 -0.1627888159462234 -0.13493349044006586 -0.12960204680651732 -0.12190901523893742 -0.12190901523893742 -0.0820882152549233 -0.09868027573317253 -0.03281880387148894 -0.03281880387148894 -0.03281880387148894 -0.03883199429684344 -0.03883199429684344 -0.03928866302395971 -0.03281880387148894 -0.027831361676233755 -0.004454610170621243
-0.21762688035622685 -0.21762688035622685 -0.21762688035622685 -0.21762688035622685 -0.21762688035622685 -0.21762688035622685 -0.21762688035622685 -0.21762688035622685 -0.21762688035622685 -0.21762688035622685 -0.21762688035622685 -0.21762688035622685 -0.21762688035622685 -0.21762688035622685 -0.21762688035622685 -0.21762688035622685 -0.21762688035622685 -0.21762688035622685 -0.21762688035622685 -0.21762688035622685 -0.21762688035622685 -0.21762688035622685 -0.21762688035622685 -0.21762688035622685 -0.21762688035622685 -0.21762688035622685 -0.21762688035622685 -0.21762688035622685 -0.21762688035622685 -0.21762688035622685 -0.19888506729384528 -0.21762688035622685 -0.21762688035622685 -0.21762688035622685 -0.21762688035622685 -0.21762688035622685 -0.21762688035622685 -0.21762688035622685 -0.21762688035622685 -0.21762688035622685 -0.21762688035622685 -0.21762688035622685 -0.21762688035622685 -0.21762688035622685 -0.21762688035622685 -0.21762688035622685 -0.21762688035622685 -0.21762688035622685 -0.21762688035622685 -0.21762688035622685 -0.21762688035622685 -0.21762688035622685 -0.21762688035622685 -0.21762688035622685 -0.21762688035622685 -0.21762688035622685 -0.21762688035622685 -0.19888506729384528 -0.21762688035622685 -0.21762688035622685 -0.21762688035622685 -0.21762688035622685 -0.21762688035622685 -0.21762688035622685 -0.21762688035622685 -0.21762688035622685 -0.21762688035622685 -0.21762688035622685 -0.21762688035622685 -0.21762688035622685 -0.21762688035622685 -0.21762688035622685 -0.21762688035622685 -0.21762688035622685 -0.21762688035622685 -0.21762688035622685 -0.21762688035622685 -0.21762688035622685 -0.21762688035622685 -0.14576873237876967 -0.21762688035622685 -0.21762688035622685 -0.21762688035622685 -0.21409170335795727 -0.1995259280529714 -0.19736164869341716 -0.1821068647573436 -0.17614167262846486 -0.1739098427424842 -0.1627888159462234 -0.1627888159462234 -0.1627888159462234 -0.1627888159462234 -0.13493349044006586 -0.12960204680651732 -0.12190901523893742 -0.12190901523893742 -0.0820882152549233 -0.09868027573317253 -0.03281880387148894 -0.03281880387148894 -0.03281880387148894 -0.03883199429684344 -0.03883199429684344 -0.03928866302395971 -0.03281880387148894 -0.027831361676233755 -0.004454610170621243
-0.208944462585473 -0.208944462585473 -0.208944462585473 -0.208944462585473 -0.208944462585473 -0.208944462585473 -0.208944462585473 -0.208944462585473 -0.208944462585473 -0.208944462585473 -0.208944462585473 -0.208944462585473 -0.208944462585473 -0.208944462585473 -0.208944462585473 -0.208944462585473 -0.208944462585473 -0.208944462585473 -0.208944462585473 -0.208944462585473 -0.208944462585473 -0.208944462585473 -0.208944462585473 -0.208944462585473 -0.208944462585473 -0.208944462585473 -0.208944462585473 -0.208944462585473 -0.208944462585473 -0.208944462585473 -0.19888506729384528 -0.208944462585473 -0.208944462585473 -0.208944462585473 -0.208944462585473 -0.208944462585473 -0.208944462585473 -0.208944462585473 -0.208944462585473 -0.208944462585473 -0.208944462585473 -0.208944462585473 -0.208944462585473 -0.208944462585473 -0.208944462585473 -0.208944462585473 -0.208944462585473 -0.208944462585473 -0.208944462585473 -0.208944462585473 -0.208944462585473 -0.208944462585473 -0.208944462585473 -0.208944462585473 -0.208944462585473 -0.208944462585473 -0.208944462585473 -0.19888506729384528 -0.208944462585473 -0.208944462585473 -0.208944462585473 -0.208944462585473 -0.208944462585473 -0.208944462585473 -0.208944462585473 -0.208944462585473 -0.208944462585473 -0.208944462585473 -0.208944462585473 -0.208944462585473 -0.208944462585473 -0.208944462585473 -0.208944462585473 -0.208944462585473 -0.208944462585473 -0.208944462585473 -0.208944462585473 -0.208944462585473 -0.208944462585473 -0.14576873237876967 -0.208944462585473 -0.208944462585473 -0.208944462585473 -0.208944462585473 -0.1995259280529714 -0.19736164869341716 -0.1821068647573436 -0.17614167262846486 -0.1739098427424842 -0.1627888159462234 -0.1627888159462234 -0.1627888159462234 -0.1627888159462234 -0.13493349044006586 -0.12960204680651732 -0.12190901523893742 -0.12190901523893742 -0.0820882152549233 -0.09868027573317253 -0.03281880387148894 -0.03281880387148894 -0.03281880387148894 -0.03883199429684344 -0.03883199429684344 -0.03928866302395971 -0.03281880387148894 -0.027831361676233755 -0.004454610170621243
-0.2085353406314334 -0.2085353406314334 -0.2085353406314334 -0.2085353406314334 -0.2085353406314334 -0.2085353406314334 -0.2085353406314334 -0.2085353406314334 -0.2085353406314334 -0.2085353406314334 -0.2085353406314334 -0.2085353406314334 -0.2085353406314334 -0.2085353406314334 -0.2085353406314334 -0.2085353406314334 -0.2085353406314334 -0.2085353406314334 -0.2085353406314334 -0.2085353406314334 -0.2085353406314334 -0.2085353406314334 -0.2085353406314334 -0.2085353406314334 -0.2085353406314334 -0.2085353406314334 -0.2085353406314334 -0.2085353406314334 -0.2085353406314334 -0.2085353406314334 -0.19888506729384528 -0.2085353406314334 -0.2085353406314334 -0.2085353406314334 -0.2085353406314334 -0.2085353406314334 -0.2085353406314334 -0.2085353406314334 -0.2085353406314334 -0.2085353406314334 -0.2085353406314334 -0.2085353406314334 -0.2085353406314334 -0.2085353406314334 -0.2085353406314334 -0.2085353406314334 -0.2085353406314334 -0.2085353406314334 -0.2085353406314334 -0.2085353406314334 -0.2085353406314334 -0.2085353406314334 -0.2085353406314334 -0.2085353406314334 -0.2085353406314334 -0.2085353406314334 -0.2085353406314334 -0.19888506729384528 -0.2085353406314334 -0.2085353406314334 -0.2085353406314334 -0.2085353406314334 -0.2085353406314334 -0.2085353406314334 -0.2085353406314334 -0.2085353406314334 -0.2085353406314334 -0.2085353406314334 -0.2085353406314334 -0.2085353406314334 -0.2085353406314334 -0.2085353406314334 -0.2085353406314334 -0.2085353406314334 -0.2085353406314334 -0.2085353406314334 -0.2085353406314334 -0.2085353406314334 -0.2085353406314334 -0.14576873237876967 -0.2085353406314334 -0.2085353406314334 -0.2085353406314334 -0.2085353406314334 -0.1995259280529714 -0.19736164869341716 -0.1821068647573436 -0.17614167262846486 -0.1739098427424842 -0.1627888159462234 -0.1627888159462234 -0.1627888159462234 -0.1627888159462234 -0.13493349044006586 -0.12960204680651732 -0.12190901523893742 -0.12190901523893742 -0.0820882152549233 -0.09868027573317253 -0.03281880387148894 -0.03281880387148894 -0.03281880387148894 -0.03883199429684344 -0.03883199429684344 -0.03928866302395971 -0.03281880387148894 -0.027831361676233755 -0.004454610170621243
-0.2066739538550323 -0.2066739538550323 -0.2066739538550323 -0.2066739538550323 -0.2066739538550323 -0.2066739538550323 -0.2066739538550323 -0.2066739538550323 -0.2066739538550323 -0.2066739538550323 -0.2066739538550323 -0.2066739538550323 -0.2066739538550323 -0.2066739538550323 -0.2066739538550323 -0.2066739538550323 -0.2066739538550323 -0.2066739538550323 -0.2066739538550323 -0.2066739538550323 -0.2066739538550323 -0.2066739538550323 -0.2066739538550323 -0.2066739538550323 -0.2066739538550323 -0.2066739538550323 -0.2066739538550323 -0.2066739538550323 -0.2066739538550323 -0.2066739538550323 -0.19888506729384528 -0.2066739538550323 -0.2066739538550323 -0.2066739538550323 -0.2066739538550323 -0.2066739538550323 -0.2066739538550323 -0.2066739538550323 -0.2066739538550323 -0.2066739538550323 -0.2066739538550323 -0.2066739538550323 -0.2066739538550323 -0.2066739538550323 -0.2066739538550323 -0.2066739538550323 -0.2066739538550323 -0.2066739538550323 -0.2066739538550323 -0.2066739538550323 -0.2066739538550323 -0.2066739538550323 -0.2066739538550323 -0.2066739538550323 -0.2066739538550323 -0.2066739538550323 -0.2066739538550323 -0.19888506729384528 -0.2066739538550323 -0.2066739538550323 -0.2066739538550323 -0.2066739538550323 -0.2066739538550323 -0.2066739538550323 -0.2066739538550323 -0.2066739538550323 -0.2066739538550323 -0.2066739538550323 -0.2066739538550323 -0.2066739538550323 -0.2066739538550323 -0.2066739538550323 -0.2066739538550323 -0.2066739538550323 -0.2066739538550323 -0.2066739538550323 -0.2066739538550323 -0.2066739538550323 -0.2066739538550323 -0.14576873237876967 -0.2066739538550323 -0.2066739538550323 -0.2066739538550323 -0.2066739538550323 -0.1995259280529714 -0.19736164869341716 -0.1821068647573436 -0.17614167262846486 -0.1739098427424842 -0.1627888159462234 -0.1627888159462234 -0.1627888159462234 -0.1627888159462234 -0.13493349044006586 -0.12960204680651732 -0.12190901523893742 -0.12190901523893742 -0.0820882152549233 -0.09868027573317253 -0.03281880387148894 -0.03281880387148894 -0.03281880387148894 -0.03883199429684344 -0.03883199429684344 -0.03928866302395971 -0.03281880387148894 -0.027831361676233755 -0.004454610170621243
-0.18695683656828319 -0.18695683656828319 -0.18695683656828319 -0.18695683656828319 -0.18695683656828319 -0.18695683656828319 -0.18695683656828319 -0.18695683656828319 -0.18695683656828319 -0.18695683656828319 -0.18695683656828319 -0.18695683656828319 -0.18695683656828319 -0.18695683656828319 -0.18695683656828319 -0.18695683656828319 -0.18695683656828319 -0.18695683656828319 -0.18695683656828319 -0.18695683656828319 -0.18695683656828319 -0.18695683656828319 -0.18695683656828319 -0.18695683656828319 -0.18695683656828319 -0.18695683656828319 -0.18695683656828319 -0.18695683656828319 -0.18695683656828319 -0.18695683656828319 -0.18695683656828319 -0.18695683656828319 -0.18695683656828319 -0.18695683656828319 -0.18695683656828319 -0.18695683656828319 -0.18695683656828319 -0.18695683656828319 -0.18695683656828319 -0.18695683656828319 -0.18695683656828319 -0.18695683656828319 -0.18695683656828319 -0.18695683656828319 -0.18695683656828319 -0.18695683656828319 -0.18695683656828319 -0.18695683656828319 -0.18695683656828319 -0.18695683656828319 -0.18695683656828319 -0.18695683656828319 -0.18695683656828319 -0.18695683656828319 -0.18695683656828319 -0.18695683656828319 -0.18695683656828319 -0.18695683656828319 -0.18695683656828319 -0.18695683656828319 -0.18695683656828319 -0.18695683656828319 -0.18695683656828319 -0.18695683656828319 -0.18695683656828319 -0.18695683656828319 -0.18695683656828319 -0.18695683656828319 -0.18695683656828319 -0.18695683656828319 -0.18695683656828319 -0.18695683656828319 -0.18695683656828319 -0.18695683656828319 -0.18695683656828319 -0.18695683656828319 -0.18695683656828319 -0.18695683656828319 -0.18695683656828319 -0.14576873237876967 -0.18695683656828319 -0.18695683656828319 -0.18695683656828319 -0.18695683656828319 -0.18695683656828319 -0.18695683656828319 -0.1821068647573436 -0.17614167262846486 -0.1739098427424842 -0.1627888159462234 -0.1627888159462234 -0.1627888159462234 -0.1627888159462234 -0.13493349044006586 -0.12960204680651732 -0.12190901523893742 -0.12190901523893742 -0.0820882152549233 -0.09868027573317253 -0.03281880387148894 -0.03281880387148894 -0.03281880387148894 -0.03883199429684344 -0.03883199429684344 -0.03928866302395971 -0.03281880387148894 -0.027831361676233755 -0.004454610170621243
-0.1627888159462234 -0.1627888159462234 -0.1627888159462234 -0.1627888159462234 -0.1627888159462234 -0.1627888159462234 -0.1627888159462234 -0.1627888159462234 -0.1627888159462234 -0.1627888159462234 -0.1627888159462234 -0.1627888159462234 -0.1627888159462234 -0.1627888159462234 -0.1627888159462234 -0.1627888159462234 -0.1627888159462234 -0.1627888159462234 -0.1627888159462234 -0.1627888159462234 -0.1627888159462234 -0.1627888159462234 -0.1627888159462234 -0.1627888159462234 -0.1627888159462234 -0.1627888159462234 -0.1627888159462234 -0.1627888159462234 -0.1627888159462234 -0.1627888159462234 -0.1627888159462234 -0.1627888159462234 -0.1627888159462234 -0.1627888159462234 -0.1627888159462234 -0.1627888159462234 -0.1627888159462234 -0.1627888159462234 -0.1627888159462234 -0.1627888159462234 -0.1627888159462234 -0.1627888159462234 -0.1627888159462234 -0.1627888159462234 -0.1627888159462234 -0.1627888159462234 -0.1627888159462234 -0.1627888159462234 -0.1627888159462234 -0.1627888159462234 -0.1627888159462234 -0.1627888159462234 -0.1627888159462234 -0.1627888159462234 -0.1627888159462234 -0.1627888159462234 -0.1627888159462234 -0.1627888159462234 -0.1627888159462234 -0.1627888159462234 -0.1627888159462234 -0.1627888159462234 -0.1627888159462234 -0.1627888159462234 -0.1627888159462234 -0.1627888159462234 -0.1627888159462234 -0.1627888159462234 -0.1627888159462234 -0.1627888159462234 -0.1627888159462234 -0.1627888159462234 -0.1627888159462234 -0.1627888159462234 -0.1627888159462234 -0.1627888159462234 -0.1627888159462234 -0.1627888159462234 -0.1627888159462234 -0.17448960457846197 -0.1627888159462234 -0.1627888159462234 -0.1627888159462234 -0.1627888159462234 -0.1627888159462234 -0.1627888159462234 -0.1627888159462234 -0.1627888159462234 -0.1627888159462234 -0.1627888159462234 -0.1627888159462234 -0.1627888159462234 -0.1627888159462234 -0.1484238083410799 -0.12960204680651732 -0.12190901523893742 -0.12190901523893742 -0.0820882152549233 -0.09868027573317253 -0.03281880387148894 -0.03281880387148894 -0.03281880387148894 -0.03883199429684344 -0.03883199429684344 -0.03928866302395971 -0.03281880387148894 -0.027831361676233755 -0.004454610170621243
-0.16250896651943408 -0.16250896651943408 -0.16250896651943408 -0.16250896651943408 -0.16250896651943408 -0.16250896651943408 -0.16250896651943408 -0.16250896651943408 -0.16250896651943408 -0.16250896651943408 -0.16250896651943408 -0.16250896651943408 -0.16250896651943408 -0.16250896651943408 -0.16250896651943408 -0.16250896651943408 -0.16250896651943408 -0.16250896651943408 -0.16250896651943408 -0.16250896651943408 -0.16250896651943408 -0.16250896651943408 -0.16250896651943408 -0.16250896651943408 -0.16250896651943408 -0.16250896651943408 -0.16250896651943408 -0.16250896651943408 -0.16250896651943408 -0.16250896651943408 -0.16250896651943408 -0.16250896651943408 -0.16250896651943408 -0.16250896651943408 -0.16250896651943408 -0.16250896651943408 -0.16250896651943408 -0.16250896651943408 -0.16250896651943408 -0.16250896651943408 -0.16250896651943408 -0.16250896651943408 -0.16250896651943408 -0.16250896651943408 -0.16250896651943408 -0.16250896651943408 -0.16250896651943408 -0.16250896651943408 -0.16250896651943408 -0.16250896651943408 -0.16250896651943408 -0.16250896651943408 -0.16250896651943408 -0.16250896651943408 -0.16250896651943408 -0.16250896651943408 -0.16250896651943408 -0.16250896651943408 -0.16250896651943408 -0.16250896651943408 -0.16250896651943408 -0.16250896651943408 -0.16250896651943408 -0.16250896651943408 -0.16250896651943408 -0.16250896651943408 -0.16250896651943408 -0.16250896651943408 -0.16250896651943408 -0.16250896651943408 -0.16250896651943408 -0.16250896651943408 -0.16250896651943408 -0.16250896651943408 -0.16250896651943408 -0.16250896651943408 -0.16250896651943408 -0.16250896651943408 -0.16250896651943408 -0.14576873237876967 -0.16250896651943408 -0.16250896651943408 -0.16250896651943408 -0.16250896651943408 -0.16250896651943408 -0.16250896651943408 -0.16250896651943408 -0.16250896651943408 -0.16250896651943408 -0.16250896651943408 -0.16250896651943408 -0.16250896651943408 -0.16250896651943408 -0.13493349044006586 -0.12960204680651732 -0.12190901523893742 -0.12190901523893742 -0.0820882152549233 -0.09868027573317253 -0.03281880387148894 -0.03281880387148894 -0.03281880387148894 -0.03883199429684344 -0.03883199429684344 -0.03928866302395971 -0.03281880387148894 -0.027831361676233755 -0.004454610170621243
-0.15721310585349246 -0.15721310585349246 -0.15721310585349246 -0.15721310585349246 -0.15721310585349246 -0.15721310585349246 -0.15721310585349246 -0.15721310585349246 -0.15721310585349246 -0.15721310585349246 -0.15721310585349246 -0.15721310585349246 -0.15721310585349246 -0.15721310585349246 -0.15721310585349246 -0.15721310585349246 -0.15721310585349246 -0.15721310585349246 -0.15721310585349246 -0.15721310585349246 -0.15721310585349246 -0.15721310585349246 -0.15721310585349246 -0.15721310585349246 -0.15721310585349246 -0.15721310585349246 -0.15721310585349246 -0.15721310585349246 -0.15721310585349246 -0.15721310585349246 -0.15721310585349246 -0.15721310585349246 -0.15721310585349246 -0.15721310585349246 -0.15721310585349246 -0.15721310585349246 -0.15721310585349246 -0.15721310585349246 -0.15721310585349246 -0.15721310585349246 -0.15721310585349246 -0.15721310585349246 -0.15721310585349246 -0.15721310585349246 -0.15721310585349246 -0.15721310585349246 -0.15721310585349246 -0.15721310585349246 -0.15721310585349246 -0.15721310585349246 -0.15721310585349246 -0.15721310585349246 -0.15721310585349246 -0.15721310585349246 -0.15721310585349246 -0.15721310585349246 -0.15721310585349246 -0.15721310585349246 -0.15721310585349246 -0.15721310585349246 -0.15721310585349246 -0.15721310585349246 -0.15721310585349246 -0.15721310585349246 -0.15721310585349246 -0.15721310585349246 -0.15721310585349246 -0.15721310585349246 -0.15721310585349246 -0.15721310585349246 -0.15721310585349246 -0.15721310585349246 -0.15721310585349246 -0.15721310585349246 -0.15721310585349246 -0.15721310585349246 -0.15721310585349246 -0.15721310585349246 -0.15721310585349246 -0.14576873237876967 -0.15721310585349246 -0.15721310585349246 -0.15721310585349246 -0.15721310585349246 -0.15721310585349246 -0.15721310585349246 -0.15721310585349246 -0.15721310585349246 -0.15721310585349246 -0.15721310585349246 -0.15721310585349246 -0.15721310585349246 -0.15721310585349246 -0.13493349044006586 -0.12960204680651732 -0.12190901523893742 -0.12190901523893742 -0.0820882152549233 -0.09868027573317253 -0.03281880387148894 -0.03281880387148894 -0.03281880387148894 -0.03883199429684344 -0.03883199429684344 -0.03928866302395971 -0.03281880387148894 -0.027831361676233755 -0.004454610170621243
-0.15569988054133374 -0.15569988054133374 -0.15569988054133374 -0.15569988054133374 -0.15569988054133374 -0.15569988054133374 -0.15569988054133374 -0.15569988054133374 -0.15569988054133374 -0.15569988054133374 -0.15569988054133374 -0.15569988054133374 -0.15569988054133374 -0.15569988054133374 -0.15569988054133374 -0.15569988054133374 -0.15569988054133374 -0.15569988054133374 -0.15569988054133374 -0.15569988054133374 -0.15569988054133374 -0.15569988054133374 -0.15569988054133374 -0.15569988054133374 -0.15569988054133374 -0.15569988054133374 -0.15569988054133374 -0.15569988054133374 -0.15569988054133374 -0.15569988054133374 -0.15569988054133374 -0.15569988054133374 -0.15569988054133374 -0.15569988054133374 -0.15569988054133374 -0.15569988054133374 -0.15569988054133374 -0.15569988054133374 -0.15569988054133374 -0.15569988054133374 -0.15569988054133374 -0.15569988054133374 -0.15569988054133374 -0.15569988054133374 -0.15569988054133374 -0.15569988054133374 -0.15569988054133374 -0.15569988054133374 -0.15569988054133374 -0.15569988054133374 -0.15569988054133374 -0.15569988054133374 -0.15569988054133374 -0.15569988054133374 -0.15569988054133374 -0.15569988054133374 -0.15569988054133374 -0.15569988054133374 -0.15569988054133374 -0.15569988054133374 -0.15569988054133374 -0.15569988054133374 -0.15569988054133374 -0.15569988054133374 -0.15569988054133374 -0.15569988054133374 -0.15569988054133374 -0.15569988054133374 -0.15569988054133374 -0.15569988054133374 -0.15569988054133374 -0.15569988054133374 -0.15569988054133374 -0.15569988054133374 -0.15569988054133374 -0.15569988054133374 -0.15569988054133374 -0.15569988054133374 -0.15569988054133374 -0.14576873237876967 -0.15569988054133374 -0.15569988054133374 -0.15569988054133374 -0.15569988054133374 -0.15569988054133374 -0.15569988054133374 -0.15569988054133374 -0.15569988054133374 -0.15569988054133374 -0.15569988054133374 -0.15569988054133374 -0.15569988054133374 -0.15569988054133374 -0.13493349044006586 -0.12960204680651732 -0.12190901523893742 -0.12190901523893742 -0.0820882152549233 -0.09868027573317253 -0.03281880387148894 -0.03281880387148894 -0.03281880387148894 -0.03883199429684344 -0.03883199429684344 -0.03928866302395971 -0.03281880387148894 -0.027831361676233755 -0.004454610170621243
-0.15228492731225032 -0.15228492731225032 -0.15228492731225032 -0.15228492731225032 -0.15228492731225032 -0.15228492731225032 -0.15228492731225032 -0.15228492731225032 -0.15228492731225032 -0.15228492731225032 -0.15228492731225032 -0.15228492731225032 -0.15228492731225032 -0.15228492731225032 -0.15228492731225032 -0.15228492731225032 -0.15228492731225032 -0.15228492731225032 -0.15228492731225032 -0.15228492731225032 -0.15228492731225032 -0.15228492731225032 -0.15228492731225032 -0.15228492731225032 -0.15228492731225032 -0.15228492731225032 -0.15228492731225032 -0.15228492731225032 -0.15228492731225032 -0.15228492731225032 -0.15228492731225032 -0.15228492731225032 -0.15228492731225032 -0.15228492731225032 -0.15228492731225032 -0.15228492731225032 -0.15228492731225032 -0.15228492731225032 -0.15228492731225032 -0.15228492731225032 -0.15228492731225032 -0.15228492731225032 -0.15228492731225032 -0.15228492731225032 -0.15228492731225032 -0.15228492731225032 -0.15228492731225032 -0.15228492731225032 -0.15228492731225032 -0.15228492731225032 -0.15228492731225032 -0.15228492731225032 -0.15228492731225032 -0.15228492731225032 -0.15228492731225032 -0.15228492731225032 -0.15228492731225032 -0.15228492731225032 -0.15228492731225032 -0.15228492731225032 -0.15228492731225032 -0.15228492731225032 -0.15228492731225032 -0.15228492731225032 -0.15228492731225032 -0.15228492731225032 -0.15228492731225032 -0.15228492731225032 -0.15228492731225032 -0.15228492731225032 -0.15228492731225032 -0.15228492731225032 -0.15228492731225032 -0.15228492731225032 -0.15228492731225032 -0.15228492731225032 -0.15228492731225032 -0.15228492731225032 -0.15228492731225032 -0.14576873237876967 -0.15228492731225032 -0.15228492731225032 -0.15228492731225032 -0.15228492731225032 -0.15228492731225032 -0.15228492731225032 -0.15228492731225032 -0.15228492731225032 -0.15228492731225032 -0.15228492731225032 -0.15228492731225032 -0.15228492731225032 -0.15228492731225032 -0.13493349044006586 -0.12960204680651732 -0.12190901523893742 -0.12190901523893742 -0.0820882152549233 -0.09868027573317253 -0.03281880387148894 -0.03281880387148894 -0.03281880387148894 -0.03883199429684344 -0.03883199429684344 -0.03928866302395971 -0.03281880387148894 -0.027831361676233755 -0.004454610170621243
-0.13071819986332756 -0.13071819986332756 -0.13071819986332756 -0.13071819986332756 -0.13071819986332756 -0.13071819986332756 -0.13071819986332756 -0.13071819986332756 -0.13071819986332756 -0.13071819986332756 -0.13071819986332756 -0.13071819986332756 -0.13071819986332756 -0.13071819986332756 -0.13071819986332756 -0.13071819986332756 -0.13071819986332756 -0.13071819986332756 -0.13071819986332756 -0.13071819986332756 -0.13071819986332756 -0.13071819986332756 -0.13071819986332756 -0.13071819986332756 -0.13071819986332756 -0.13071819986332756 -0.13071819986332756 -0.13071819986332756 -0.13071819986332756 -0.13071819986332756 -0.13071819986332756 -0.13071819986332756 -0.13071819986332756 -0.13071819986332756 -0.13071819986332756 -0.13071819986332756 -0.13071819986332756 -0.13071819986332756 -0.13071819986332756 -0.13071819986332756 -0.13071819986332756 -0.13071819986332756 -0.13071819986332756 -0.13071819986332756 -0.13071819986332756 -0.13071819986332756 -0.13071819986332756 -0.13071819986332756 -0.13071819986332756 -0.13071819986332756 -0.13071819986332756 -0.13071819986332756 -0.13071819986332756 -0.13071819986332756 -0.13071819986332756 -0.13071819986332756 -0.13071819986332756 -0.13071819986332756 -0.13071819986332756 -0.13071819986332756 -0.13071819986332756 -0.13071819986332756 -0.13071819986332756 -0.13071819986332756 -0.13071819986332756 -0.13071819986332756 -0.13071819986332756 -0.13071819986332756 -0.13071819986332756 -0.13071819986332756 -0.13071819986332756 -0.13071819986332756 -0.13071819986332756 -0.13071819986332756 -0.13071819986332756 -0.13071819986332756 -0.13071819986332756 -0.13071819986332756 -0.13071819986332756 -0.13071819986332756 -0.13071819986332756 -0.13071819986332756 -0.13071819986332756 -0.13071819986332756 -0.13071819986332756 -0.13071819986332756 -0.13071819986332756 -0.13071819986332756 -0.13071819986332756 -0.13071819986332756 -0.13071819986332756 -0.13071819986332756 -0.13071819986332756 -0.13071819986332756 -0.12960204680651732 -0.12190901523893742 -0.12190901523893742 -0.0820882152549233 -0.09868027573317253 -0.03281880387148894 -0.03281880387148894 -0.03281880387148894 -0.03883199429684344 -0.03883199429684344 -0.03928866302395971 -0.03281880387148894 -0.027831361676233755 -0.004454610170621243
-0.0820882152549233 -0.0820882152549233 -0.0820882152549233 -0.0820882152549233 -0.0820882152549233 -0.0820882152549233 -0.0820882152549233 -0.0820882152549233 -0.0820882152549233 -0.0820882152549233 -0.0820882152549233 -0.0820882152549233 -0.0820882152549233 -0.0820882152549233 -0.0820882152549233 -0.0820882152549233 -0.0820882152549233 -0.0820882152549233 -0.0820882152549233 -0.0820882152549233 -0.0820882152549233 -0.0820882152549233 -0.0820882152549233 -0.0820882152549233 -0.0820882152549233 -0.0820882152549233 -0.0820882152549233 -0.0820882152549233 -0.0820882152549233 -0.0820882152549233 -0.0820882152549233 -0.0820882152549233 -0.0820882152549233 -0.0820882152549233 -0.0820882152549233 -0.0820882152549233 -0.0820882152549233 -0.0820882152549233 -0.0820882152549233 -0.0820882152549233 -0.0820882152549233 -0.0820882152549233 -0.0820882152549233 -0.0820882152549233 -0.0820882152549233 -0.0820882152549233 -0.0820882152549233 -0.0820882152549233 -0.0820882152549233 -0.0820882152549233 -0.0820882152549233 -0.0820882152549233 -0.0820882152549233 -0.0820882152549233 -0.0820882152549233 -0.0820882152549233 -0.0820882152549233 -0.0820882152549233 -0.0820882152549233 -0.0820882152549233 -0.0820882152549233 -0.0820882152549233 -0.0820882152549233 -0.0820882152549233 -0.0820882152549233 -0.0820882152549233 -0.0820882152549233 -0.0820882152549233 -0.0820882152549233 -0.0820882152549233 -0.0820882152549233 -0.0820882152549233 -0.0820882152549233 -0.0820882152549233 -0.0820882152549233 -0.0820882152549233 -0.0820882152549233 -0.0820882152549233 -0.0820882152549233 -0.0820882152549233 -0.0820882152549233 -0.0820882152549233 -0.0820882152549233 -0.0820882152549233 -0.0820882152549233 -0.0820882152549233 -0.0820882152549233 -0.0820882152549233 -0.0820882152549233 -0.0820882152549233 -0.0820882152549233 -0.0820882152549233 -0.0820882152549233 -0.0820882152549233 -0.0820882152549233 -0.0820882152549233 -0.0820882152549233 -0.0820882152549233 -0.0820882152549233 -0.03281880387148894 -0.03281880387148894 -0.03281880387148894 -0.04181165080132004 -0.041565312002927755 -0.04033068619470229 -0.03281880387148894 -0.027831361676233755 -0.004454610170621243
-0.10482758910161555 -0.10482758910161555 -0.10482758910161555 -0.10482758910161555 -0.10482758910161555 -0.10482758910161555 -0.10482758910161555 -0.10482758910161555 -0.10482758910161555 -0.10482758910161555 -0.10482758910161555 -0.10482758910161555 -0.10482758910161555 -0.10482758910161555 -0.10482758910161555 -0.10482758910161555 -0.10482758910161555 -0.10482758910161555 -0.10482758910161555 -0.10482758910161555 -0.10482758910161555 -0.10482758910161555 -0.10482758910161555 -0.10482758910161555 -0.10482758910161555 -0.10482758910161555 -0.10482758910161555 -0.10482758910161555 -0.10482758910161555 -0.10482758910161555 -0.10482758910161555 -0.10482758910161555 -0.10482758910161555 -0.10482758910161555 -0.10482758910161555 -0.10482758910161555 -0.10482758910161555 -0.10482758910161555 -0.10482758910161555 -0.10482758910161555 -0.10482758910161555 -0.10482758910161555 -0.10482758910161555 -0.10482758910161555 -0.10482758910161555 -0.10482758910161555 -0.10482758910161555 -0.10482758910161555 -0.10482758910161555 -0.10482758910161555 -0.10482758910161555 -0.10482758910161555 -0.10482758910161555 -0.10482758910161555 -0.10482758910161555 -0.10482758910161555 -0.10482758910161555 -0.10482758910161555 -0.10482758910161555 -0.10482758910161555 -0.10482758910161555 -0.10482758910161555 -0.10482758910161555 -0.10482758910161555 -0.10482758910161555 -0.10482758910161555 -0.10482758910161555 -0.10482758910161555 -0.10482758910161555 -0.10482758910161555 -0.10482758910161555 -0.10482758910161555 -0.10482758910161555 -0.10482758910161555 -0.10482758910161555 -0.10482758910161555 -0.10482758910161555 -0.10482758910161555 -0.10482758910161555 -0.10482758910161555 -0.10482758910161555 -0.10482758910161555 -0.10482758910161555 -0.10482758910161555 -0.10482758910161555 -0.10482758910161555 -0.10482758910161555 -0.10482758910161555 -0.10482758910161555 -0.10482758910161555 -0.10482758910161555 -0.10482758910161555 -0.10482758910161555 -0.10482758910161555 -0.10482758910161555 -0.10482758910161555 -0.10482758910161555 -0.0820882152549233 -0.09868027573317253 -0.03281880387148894 -0.03281880387148894 -0.03281880387148894 -0.03883199429684344 -0.03883199429684344 -0.03928866302395971 -0.03281880387148894 -0.027831361676233755 -0.004454610170621243
-0.06056129673649381 -0.06056129673649381 -0.06056129673649381 -0.06056129673649381 -0.06056129673649381 -0.06056129673649381 -0.06056129673649381 -0.06056129673649381 -0.06056129673649381 -0.06056129673649381 -0.06056129673649381 -0.06056129673649381 -0.06056129673649381 -0.06056129673649381 -0.06056129673649381 -0.06056129673649381 -0.06056129673649381 -0.06056129673649381 -0.06056129673649381 -0.06056129673649381 -0.06056129673649381 -0.06056129673649381 -0.06056129673649381 -0.06056129673649381 -0.06056129673649381 -0.06056129673649381 -0.06056129673649381 -0.06056129673649381 -0.06056129673649381 -0.06056129673649381 -0.06056129673649381 -0.06056129673649381 -0.06056129673649381 -0.06056129673649381 -0.06056129673649381 -0.06056129673649381 -0.06056129673649381 -0.06056129673649381 -0.06056129673649381 -0.06056129673649381 -0.06056129673649381 -0.06056129673649381 -0.06056129673649381 -0.06056129673649381 -0.06056129673649381 -0.06056129673649381 -0.06056129673649381 -0.06056129673649381 -0.06056129673649381 -0.06056129673649381 -0.06056129673649381 -0.06056129673649381 -0.06056129673649381 -0.06056129673649381 -0.06056129673649381 -0.06056129673649381 -0.06056129673649381 -0.06056129673649381 -0.06056129673649381 -0.06056129673649381 -0.06056129673649381 -0.06056129673649381 -0.06056129673649381 -0.06056129673649381 -0.06056129673649381 -0.06056129673649381 -0.06056129673649381 -0.06056129673649381 -0.06056129673649381 -0.06056129673649381 -0.06056129673649381 -0.06056129673649381 -0.06056129673649381 -0.06056129673649381 -0.06056129673649381 -0.06056129673649381 -0.06056129673649381 -0.06056129673649381 -0.06056129673649381 -0.06056129673649381 -0.06056129673649381 -0.06056129673649381 -0.06056129673649381 -0.06056129673649381 -0.06056129673649381 -0.06056129673649381 -0.06056129673649381 -0.06056129673649381 -0.06056129673649381 -0.06056129673649381 -0.06056129673649381 -0.06056129673649381 -0.06056129673649381 -0.06056129673649381 -0.06056129673649381 -0.06056129673649381 -0.06056129673649381 -0.06056129673649381 -0.06056129673649381 -0.03281880387148894 -0.03281880387148894 -0.03281880387148894 -0.03883199429684344 -0.03883199429684344 -0.03928866302395971 -0.03281880387148894 -0.027831361676233755 -0.004454610170621243
-0.05442033977323419 -0.05442033977323419 -0.05442033977323419 -0.05442033977323419 -0.05442033977323419 -0.05442033977323419 -0.05442033977323419 -0.05442033977323419 -0.05442033977323419 -0.05442033977323419 -0.05442033977323419 -0.05442033977323419 -0.05442033977323419 -0.05442033977323419 -0.05442033977323419 -0.05442033977323419 -0.05442033977323419 -0.05442033977323419 -0.05442033977323419 -0.05442033977323419 -0.05442033977323419 -0.05442033977323419 -0.05442033977323419 -0.05442033977323419 -0.05442033977323419 -0.05442033977323419 -0.05442033977323419 -0.05442033977323419 -0.05442033977323419 -0.05442033977323419 -0.05442033977323419 -0.05442033977323419 -0.05442033977323419 -0.05442033977323419 -0.05442033977323419 -0.05442033977323419 -0.05442033977323419 -0.05442033977323419 -0.05442033977323419 -0.05442033977323419 -0.05442033977323419 -0.05442033977323419 -0.05442033977323419 -0.05442033977323419 -0.05442033977323419 -0.05442033977323419 -0.05442033977323419 -0.05442033977323419 -0.05442033977323419 -0.05442033977323419 -0.05442033977323419 -0.05442033977323419 -0.05442033977323419 -0.05442033977323419 -0.05442033977323419 -0.05442033977323419 -0.05442033977323419 -0.05442033977323419 -0.05442033977323419 -0.05442033977323419 -0.05442033977323419 -0.05442033977323419 -0.05442033977323419 -0.05442033977323419 -0.05442033977323419 -0.05442033977323419 -0.05442033977323419 -0.05442033977323419 -0.05442033977323419 -0.05442033977323419 -0.05442033977323419 -0.05442033977323419 -0.05442033977323419 -0.05442033977323419 -0.05442033977323419 -0.05442033977323419 -0.05442033977323419 -0.05442033977323419 -0.05442033977323419 -0.05442033977323419 -0.05442033977323419 -0.05442033977323419 -0.05442033977323419 -0.05442033977323419 -0.05442033977323419 -0.05442033977323419 -0.05442033977323419 -0.05442033977323419 -0.05442033977323419 -0.05442033977323419 -0.05442033977323419 -0.05442033977323419 -0.05442033977323419 -0.05442033977323419 -0.05442033977323419 -0.05442033977323419 -0.05442033977323419 -0.05442033977323419 -0.05442033977323419 -0.03281880387148894 -0.03281880387148894 -0.03281880387148894 -0.03883199429684344 -0.03883199429684344 -0.03928866302395971 -0.03281880387148894 -0.027831361676233755 -0.004454610170621243
-0.030588334922563156 -0.030588334922563156 -0.030588334922563156 -0.030588334922563156 -0.030588334922563156 -0.030588334922563156 -0.030588334922563156 -0.030588334922563156 -0.030588334922563156 -0.030588334922563156 -0.030588334922563156 -0.030588334922563156 -0.030588334922563156 -0.030588334922563156 -0.030588334922563156 -0.030588334922563156 -0.030588334922563156 -0.030588334922563156 -0.030588334922563156 -0.030588334922563156 -0.030588334922563156 -0.030588334922563156 -0.030588334922563156 -0.030588334922563156 -0.030588334922563156 -0.030588334922563156 -0.030588334922563156 -0.030588334922563156 -0.030588334922563156 -0.030588334922563156 -0.030588334922563156 -0.030588334922563156 -0.030588334922563156 -0.030588334922563156 -0.030588334922563156 -0.030588334922563156 -0.030588334922563156 -0.030588334922563156 -0.030588334922563156 -0.030588334922563156 -0.030588334922563156 -0.030588334922563156 -0.030588334922563156 -0.030588334922563156 -0.030588334922563156 -0.030588334922563156 -0.030588334922563156 -0.030588334922563156 -0.030588334922563156 -0.030588334922563156 -0.030588334922563156 -0.030588334922563156 -0.030588334922563156 -0.030588334922563156 -0.030588334922563156 -0.030588334922563156 -0.030588334922563156 -0.030588334922563156 -0.030588334922563156 -0.030588334922563156 -0.030588334922563156 -0.030588334922563156 -0.030588334922563156 -0.030588334922563156 -0.030588334922563156 -0.030588334922563156 -0.030588334922563156 -0.030588334922563156 -0.030588334922563156 -0.030588334922563156 -0.030588334922563156 -0.030588334922563156 -0.030588334922563156 -0.030588334922563156 -0.030588334922563156 -0.030588334922563156 -0.030588334922563156 -0.030588334922563156 -0.030588334922563156 -0.030588334922563156 -0.030588334922563156 -0.030588334922563156 -0.030588334922563156 -0.030588334922563156 -0.030588334922563156 -0.030588334922563156 -0.030588334922563156 -0.030588334922563156 -0.030588334922563156 -0.030588334922563156 -0.030588334922563156 -0.030588334922563156 -0.030588334922563156 -0.030588334922563156 -0.030588334922563156 -0.030588334922563156 -0.030588334922563156 -0.030588334922563156 -0.030588334922563156 -0.030588334922563156 -0.030588334922563156 -0.030588334922563156 -0.030588334922563156 -0.030588334922563156 -0.030588334922563156 -0.030588334922563156 -0.027831361676233755 -0.004454610170621243